action_saturation_step_fraction,actuator_rate_limit_episode_mean,applied_control_cost,authority_alpha_mean,block,environment_seed,episode_fingerprint,episode_uid,family,final_error,heading_rmse_deg,max_error,method,model_seed,rmse_3d,scenario_id,solver_deadline_miss_step_fraction,solver_fallback_step_fraction,success_1m,wm_gate_open_fraction
0.11904761904761904,0.0019841269841269845,29.10510400788221,0.0,seen,42001,b1241fdae848ac3785b7789383ea65c5b8f9ee070785e39cc3a74250050555ab,scn1_structured_env42001,structured,0.039453189994183076,7.442884550286704,0.33492464091368973,smc,,0.1502349747595646,1,0.03238095238095238,0.0,1.0,0.0
0.12714285714285714,0.00031746031746031746,30.102774418884646,1.0,seen,42001,b1241fdae848ac3785b7789383ea65c5b8f9ee070785e39cc3a74250050555ab,scn1_structured_env42001,structured,0.012522088903197852,6.915918792023533,0.23502059181602922,mpc,,0.06097785998556561,1,0.024285714285714285,0.0,1.0,0.0
0.11619047619047619,0.0019047619047619048,29.949144644916597,0.5932797619047617,seen,42001,b1241fdae848ac3785b7789383ea65c5b8f9ee070785e39cc3a74250050555ab,scn1_structured_env42001,structured,0.014671208252374671,7.606515087002555,0.2347139359259529,constant_alpha,,0.058106421485071134,1,0.03,0.0,1.0,0.0
0.12095238095238095,0.0019047619047619048,30.000572005290607,0.8928569285890282,seen,42001,b1241fdae848ac3785b7789383ea65c5b8f9ee070785e39cc3a74250050555ab,scn1_structured_env42001,structured,0.013185311867702994,7.462649655395557,0.23523125165958103,sspo,,0.0529404684002144,1,0.018095238095238095,0.0,1.0,0.0
0.12428571428571429,0.0019047619047619048,29.99405800047356,0.8312231054403805,seen,42001,b1241fdae848ac3785b7789383ea65c5b8f9ee070785e39cc3a74250050555ab,scn1_structured_env42001,structured,0.013078755281270884,7.312303832730771,0.23962478661941033,v3_transformer,31000.0,0.05451850866682065,1,0.03142857142857143,0.0,1.0,0.0
0.12380952380952381,0.0019047619047619048,29.99520728493256,0.8456077739917465,seen,42001,b1241fdae848ac3785b7789383ea65c5b8f9ee070785e39cc3a74250050555ab,scn1_structured_env42001,structured,0.012813606237666794,7.310470702650793,0.23629748027085296,v3_transformer,31001.0,0.05394301581544017,1,0.030476190476190476,0.0,1.0,0.0
0.12428571428571429,0.0019047619047619048,29.984380316922298,0.8365163897084367,seen,42001,b1241fdae848ac3785b7789383ea65c5b8f9ee070785e39cc3a74250050555ab,scn1_structured_env42001,structured,0.013216365673515888,7.319800813946673,0.2367645495826047,v3_transformer,31002.0,0.05376312471814885,1,0.023333333333333334,0.0,1.0,0.0
0.12428571428571429,0.0019047619047619048,29.986330128040926,0.8561553827980812,seen,42001,b1241fdae848ac3785b7789383ea65c5b8f9ee070785e39cc3a74250050555ab,scn1_structured_env42001,structured,0.013002157286265806,7.3708380308911154,0.23738548796321837,v3_transformer,31003.0,0.054236434561720386,1,0.019523809523809523,0.0,1.0,0.0
0.12476190476190477,0.0019047619047619048,29.996858248109945,0.8422460904986299,seen,42001,b1241fdae848ac3785b7789383ea65c5b8f9ee070785e39cc3a74250050555ab,scn1_structured_env42001,structured,0.012981901543043928,7.34839824444042,0.2383586465499143,v3_transformer,31004.0,0.054019484579090185,1,0.018095238095238095,0.0,1.0,0.0
0.12428571428571429,0.0019047619047619048,29.99412282449548,0.8301304206413427,seen,42001,b1241fdae848ac3785b7789383ea65c5b8f9ee070785e39cc3a74250050555ab,scn1_structured_env42001,structured,0.01307816831047587,7.308847190161581,0.23963290682717575,wm_hybrid,31000.0,0.054546860098119945,1,0.018095238095238095,0.0,1.0,0.049523809523809526
0.12380952380952381,0.0019047619047619048,29.994388107310588,0.8412260128992859,seen,42001,b1241fdae848ac3785b7789383ea65c5b8f9ee070785e39cc3a74250050555ab,scn1_structured_env42001,structured,0.012715024271637556,7.307865480586578,0.23629806482362967,wm_hybrid,31001.0,0.053982168288072965,1,0.03380952380952381,0.0,1.0,0.049523809523809526
0.12428571428571429,0.0019047619047619048,29.983971456552432,0.8351772244381661,seen,42001,b1241fdae848ac3785b7789383ea65c5b8f9ee070785e39cc3a74250050555ab,scn1_structured_env42001,structured,0.013260274263646636,7.3172495119454775,0.23676557451596594,wm_hybrid,31002.0,0.05380972812341725,1,0.032857142857142856,0.0,1.0,0.049523809523809526
0.12428571428571429,0.0019047619047619048,29.987546508614106,0.8520182309553894,seen,42001,b1241fdae848ac3785b7789383ea65c5b8f9ee070785e39cc3a74250050555ab,scn1_structured_env42001,structured,0.012804220105395689,7.367428912277321,0.23738919362141733,wm_hybrid,31003.0,0.054225080025145575,1,0.019523809523809523,0.0,1.0,0.049523809523809526
0.12523809523809523,0.0019047619047619048,29.995907964673016,0.8405934684014893,seen,42001,b1241fdae848ac3785b7789383ea65c5b8f9ee070785e39cc3a74250050555ab,scn1_structured_env42001,structured,0.01298161773430906,7.344992440850098,0.23836253683707753,wm_hybrid,31004.0,0.054065894008672406,1,0.02238095238095238,0.0,1.0,0.049523809523809526
0.11619047619047619,0.0019047619047619048,29.89173347681649,0.5721611308525447,seen,42001,b1241fdae848ac3785b7789383ea65c5b8f9ee070785e39cc3a74250050555ab,scn1_structured_env42001,structured,0.01417769822768215,7.584714280160574,0.23471508019035803,residual_rl,31000.0,0.05734695487354177,1,0.030476190476190476,0.0,1.0,0.0
0.11619047619047619,0.0019047619047619048,29.898091390802065,0.5532132218475169,seen,42001,b1241fdae848ac3785b7789383ea65c5b8f9ee070785e39cc3a74250050555ab,scn1_structured_env42001,structured,0.015482240694413592,7.586117245913616,0.23471601761253366,residual_rl,31001.0,0.0576621533332712,1,0.02666666666666667,0.0,1.0,0.0
0.11666666666666667,0.0019047619047619048,29.89143062737366,0.5032269525895804,seen,42001,b1241fdae848ac3785b7789383ea65c5b8f9ee070785e39cc3a74250050555ab,scn1_structured_env42001,structured,0.01426870710305626,7.609966488609762,0.2347139359259529,residual_rl,31002.0,0.05901939754625745,1,0.02666666666666667,0.0,1.0,0.0
0.11666666666666667,0.0019047619047619048,29.885850164435936,0.5019039175215546,seen,42001,b1241fdae848ac3785b7789383ea65c5b8f9ee070785e39cc3a74250050555ab,scn1_structured_env42001,structured,0.015577460865365135,7.591148202902575,0.23471591273326778,residual_rl,31003.0,0.05828887428039662,1,0.032857142857142856,0.0,1.0,0.0
0.11666666666666667,0.0019047619047619048,29.927300176764433,0.49710092207207013,seen,42001,b1241fdae848ac3785b7789383ea65c5b8f9ee070785e39cc3a74250050555ab,scn1_structured_env42001,structured,0.015399079232839952,7.595994563930081,0.2347139359259529,residual_rl,31004.0,0.05899411983364822,1,0.024285714285714285,0.0,1.0,0.0
0.11666666666666667,0.0019047619047619048,29.903513044121574,0.5363052508288657,seen,42001,b1241fdae848ac3785b7789383ea65c5b8f9ee070785e39cc3a74250050555ab,scn1_structured_env42001,structured,0.015288956946470079,7.615652680890591,0.2347139359259529,wm_residual_rl,31000.0,0.05865996399727223,1,0.02619047619047619,0.0,1.0,0.0
0.11619047619047619,0.0019047619047619048,29.91894335427717,0.5518939846318615,seen,42001,b1241fdae848ac3785b7789383ea65c5b8f9ee070785e39cc3a74250050555ab,scn1_structured_env42001,structured,0.01546508723001842,7.62983042679886,0.2347139359259529,wm_residual_rl,31001.0,0.05968161303307905,1,0.028095238095238097,0.0,1.0,0.0
0.11666666666666667,0.0019047619047619048,29.910261960458374,0.49046229815303855,seen,42001,b1241fdae848ac3785b7789383ea65c5b8f9ee070785e39cc3a74250050555ab,scn1_structured_env42001,structured,0.015519204936837113,7.634011976460466,0.2347139359259529,wm_residual_rl,31002.0,0.060664877940282094,1,0.03142857142857143,0.0,1.0,0.0
0.11666666666666667,0.0019047619047619048,29.886046345961596,0.48673340493080197,seen,42001,b1241fdae848ac3785b7789383ea65c5b8f9ee070785e39cc3a74250050555ab,scn1_structured_env42001,structured,0.015530476854476184,7.594377779727686,0.23471555905205527,wm_residual_rl,31003.0,0.05859570947598619,1,0.025714285714285714,0.0,1.0,0.0
0.11666666666666667,0.0019047619047619048,29.90370730547159,0.5145547441465058,seen,42001,b1241fdae848ac3785b7789383ea65c5b8f9ee070785e39cc3a74250050555ab,scn1_structured_env42001,structured,0.015503226373952983,7.592616893216687,0.23471517023226526,wm_residual_rl,31004.0,0.05803052509976358,1,0.025714285714285714,0.0,1.0,0.0
0.12095238095238095,0.002380952380952381,29.321832585383778,0.0,seen,42000,e5ef72f0effe150112611d1aafaddc7d2ccf3e3df712eb4db5567b0d828b1615,scn1_structured_env42000,structured,0.03880977607154814,7.4908649278797235,0.35337868024845626,smc,,0.15446036173147287,1,0.024285714285714285,0.0,1.0,0.0
0.12761904761904763,0.0002380952380952381,30.167328956774053,1.0,seen,42000,e5ef72f0effe150112611d1aafaddc7d2ccf3e3df712eb4db5567b0d828b1615,scn1_structured_env42000,structured,0.013085204486663985,6.822667400933807,0.27561460375986524,mpc,,0.06713839576284897,1,0.024761904761904763,0.0,1.0,0.0
0.11857142857142858,0.0023015873015873015,30.06647287109262,0.5932797619047617,seen,42000,e5ef72f0effe150112611d1aafaddc7d2ccf3e3df712eb4db5567b0d828b1615,scn1_structured_env42000,structured,0.014596540473280918,7.598859648166998,0.28120105469496476,constant_alpha,,0.06466055491615681,1,0.02666666666666667,0.0,1.0,0.0
0.12428571428571429,0.0023015873015873015,30.126811874596225,0.8926061736429183,seen,42000,e5ef72f0effe150112611d1aafaddc7d2ccf3e3df712eb4db5567b0d828b1615,scn1_structured_env42000,structured,0.012588575886125558,7.460658947952119,0.28186501304556644,sspo,,0.060432649600482106,1,0.028095238095238097,0.0,1.0,0.0
0.12761904761904763,0.0023015873015873015,30.137003755599967,0.8300274413225347,seen,42000,e5ef72f0effe150112611d1aafaddc7d2ccf3e3df712eb4db5567b0d828b1615,scn1_structured_env42000,structured,0.012723863429019879,7.280854285464509,0.2845985205772393,v3_transformer,31000.0,0.06233629711413799,1,0.03333333333333333,0.0,1.0,0.0
0.1261904761904762,0.0023015873015873015,30.126052756490886,0.8463845872665635,seen,42000,e5ef72f0effe150112611d1aafaddc7d2ccf3e3df712eb4db5567b0d828b1615,scn1_structured_env42000,structured,0.012927181742334867,7.275806519159581,0.2823426132780642,v3_transformer,31001.0,0.06166383457332086,1,0.025238095238095237,0.0,1.0,0.0
0.12761904761904763,0.0023015873015873015,30.119963418570965,0.8323343269521092,seen,42000,e5ef72f0effe150112611d1aafaddc7d2ccf3e3df712eb4db5567b0d828b1615,scn1_structured_env42000,structured,0.013143107248866545,7.286710880497493,0.2834222229653364,v3_transformer,31002.0,0.06168378677561558,1,0.023809523809523808,0.0,1.0,0.0
0.12761904761904763,0.0023015873015873015,30.122343772595052,0.8551981167056233,seen,42000,e5ef72f0effe150112611d1aafaddc7d2ccf3e3df712eb4db5567b0d828b1615,scn1_structured_env42000,structured,0.013152633903193054,7.344737854564893,0.2831032887838848,v3_transformer,31003.0,0.06213979767084632,1,0.02238095238095238,0.0,1.0,0.0
0.12761904761904763,0.0023015873015873015,30.12521965902753,0.8428330276879964,seen,42000,e5ef72f0effe150112611d1aafaddc7d2ccf3e3df712eb4db5567b0d828b1615,scn1_structured_env42000,structured,0.01296475753377201,7.330778714263645,0.2826387787817832,v3_transformer,31004.0,0.06155423077320194,1,0.03,0.0,1.0,0.0
0.12761904761904763,0.0023015873015873015,30.136106829582292,0.8285324695701041,seen,42000,e5ef72f0effe150112611d1aafaddc7d2ccf3e3df712eb4db5567b0d828b1615,scn1_structured_env42000,structured,0.012924489024339599,7.270990752270158,0.2845985205772393,wm_hybrid,31000.0,0.062443047174905994,1,0.02857142857142857,0.0,1.0,0.049523809523809526
0.1261904761904762,0.0023015873015873015,30.124367757426466,0.8434234996997574,seen,42000,e5ef72f0effe150112611d1aafaddc7d2ccf3e3df712eb4db5567b0d828b1615,scn1_structured_env42000,structured,0.012925336020406642,7.272475800435956,0.2823426132780642,wm_hybrid,31001.0,0.06171017038029646,1,0.03666666666666667,0.0,1.0,0.049523809523809526
0.12761904761904763,0.0023015873015873015,30.120056669012865,0.8312112732261886,seen,42000,e5ef72f0effe150112611d1aafaddc7d2ccf3e3df712eb4db5567b0d828b1615,scn1_structured_env42000,structured,0.013141066595202602,7.283662406355504,0.2834222229653364,wm_hybrid,31002.0,0.06172937666770176,1,0.028095238095238097,0.0,1.0,0.049523809523809526
0.12761904761904763,0.0023015873015873015,30.12291171099384,0.8524488521953448,seen,42000,e5ef72f0effe150112611d1aafaddc7d2ccf3e3df712eb4db5567b0d828b1615,scn1_structured_env42000,structured,0.013149840638661836,7.3387323397515125,0.2831032887838848,wm_hybrid,31003.0,0.062182018891221755,1,0.02761904761904762,0.0,1.0,0.049523809523809526
0.12761904761904763,0.0023015873015873015,30.125202835205865,0.8416312407048208,seen,42000,e5ef72f0effe150112611d1aafaddc7d2ccf3e3df712eb4db5567b0d828b1615,scn1_structured_env42000,structured,0.012962992516396767,7.327756555799025,0.2826387787817832,wm_hybrid,31004.0,0.061583117080260846,1,0.02238095238095238,0.0,1.0,0.049523809523809526
0.11761904761904762,0.0023015873015873015,30.011416563840978,0.5718548598372435,seen,42000,e5ef72f0effe150112611d1aafaddc7d2ccf3e3df712eb4db5567b0d828b1615,scn1_structured_env42000,structured,0.014026246476347313,7.575567788323321,0.28120105469496476,residual_rl,31000.0,0.06391504840609563,1,0.02666666666666667,0.0,1.0,0.0
0.11904761904761904,0.0023015873015873015,30.01970557961561,0.5528150387475593,seen,42000,e5ef72f0effe150112611d1aafaddc7d2ccf3e3df712eb4db5567b0d828b1615,scn1_structured_env42000,structured,0.01528514005102719,7.576559387854028,0.28120105469496476,residual_rl,31001.0,0.06419253413029274,1,0.037142857142857144,0.0,1.0,0.0
0.11904761904761904,0.0023015873015873015,30.00747616333522,0.5029304787431181,seen,42000,e5ef72f0effe150112611d1aafaddc7d2ccf3e3df712eb4db5567b0d828b1615,scn1_structured_env42000,structured,0.014154283975124887,7.600775341250064,0.28120105469496476,residual_rl,31002.0,0.06541676147352612,1,0.032857142857142856,0.0,1.0,0.0
0.11904761904761904,0.0023015873015873015,30.008004872568545,0.5017955911639205,seen,42000,e5ef72f0effe150112611d1aafaddc7d2ccf3e3df712eb4db5567b0d828b1615,scn1_structured_env42000,structured,0.015370090633489913,7.581532875489248,0.28120105469496476,residual_rl,31003.0,0.06474365391940679,1,0.03190476190476191,0.0,1.0,0.0
0.11904761904761904,0.0023015873015873015,30.044329871089072,0.4970131733918457,seen,42000,e5ef72f0effe150112611d1aafaddc7d2ccf3e3df712eb4db5567b0d828b1615,scn1_structured_env42000,structured,0.015339477845542208,7.58837006046081,0.28120105469496476,residual_rl,31004.0,0.0654834332908085,1,0.028095238095238097,0.0,1.0,0.0
0.11904761904761904,0.0023015873015873015,30.026807850157976,0.5374501528181047,seen,42000,e5ef72f0effe150112611d1aafaddc7d2ccf3e3df712eb4db5567b0d828b1615,scn1_structured_env42000,structured,0.015135262770319357,7.6092878199188805,0.28120105469496476,wm_residual_rl,31000.0,0.06525846734855204,1,0.03238095238095238,0.0,1.0,0.0
0.11857142857142858,0.0023015873015873015,30.032493580713616,0.5509361970775756,seen,42000,e5ef72f0effe150112611d1aafaddc7d2ccf3e3df712eb4db5567b0d828b1615,scn1_structured_env42000,structured,0.01537261429118176,7.622829029908992,0.28120105469496476,wm_residual_rl,31001.0,0.06604931185297969,1,0.03619047619047619,0.0,1.0,0.0
0.11904761904761904,0.0023015873015873015,30.024485883920104,0.48985859361390977,seen,42000,e5ef72f0effe150112611d1aafaddc7d2ccf3e3df712eb4db5567b0d828b1615,scn1_structured_env42000,structured,0.015373691959752267,7.625484687493974,0.28120105469496476,wm_residual_rl,31002.0,0.06681023587868568,1,0.03380952380952381,0.0,1.0,0.0
0.11904761904761904,0.0023015873015873015,30.00749244864216,0.4865949164346093,seen,42000,e5ef72f0effe150112611d1aafaddc7d2ccf3e3df712eb4db5567b0d828b1615,scn1_structured_env42000,structured,0.015350377997329539,7.584600117912439,0.28120105469496476,wm_residual_rl,31003.0,0.06502193038096614,1,0.025238095238095237,0.0,1.0,0.0
0.11904761904761904,0.0023015873015873015,30.024645029814412,0.514265701542167,seen,42000,e5ef72f0effe150112611d1aafaddc7d2ccf3e3df712eb4db5567b0d828b1615,scn1_structured_env42000,structured,0.015346722866700453,7.5830136553979965,0.28120105469496476,wm_residual_rl,31004.0,0.06453709709073954,1,0.02,0.0,1.0,0.0
0.11857142857142858,0.0016666666666666666,28.969032228930182,0.0,seen,42002,3dcb9d8538fbe3561d3ad2ee7ca21ace7927444f064638859839942ec81c8eb2,scn1_structured_env42002,structured,0.03932369159250972,7.407230727244848,0.31124522719648334,smc,,0.14629724557786197,1,0.03142857142857143,0.0,1.0,0.0
0.1280952380952381,0.0002380952380952381,30.020422441733935,1.0,seen,42002,3dcb9d8538fbe3561d3ad2ee7ca21ace7927444f064638859839942ec81c8eb2,scn1_structured_env42002,structured,0.012516331060159104,6.913509353185459,0.2241788457113037,mpc,,0.05848707667159384,1,0.024761904761904763,0.0,1.0,0.0
0.11619047619047619,0.001587301587301587,29.857579731579953,0.5932797619047617,seen,42002,3dcb9d8538fbe3561d3ad2ee7ca21ace7927444f064638859839942ec81c8eb2,scn1_structured_env42002,structured,0.01462487494272544,7.562345612221004,0.18549162115699758,constant_alpha,,0.05301326338004726,1,0.030476190476190476,0.0,1.0,0.0
0.12238095238095238,0.001587301587301587,29.915692766766853,0.8934073378091217,seen,42002,3dcb9d8538fbe3561d3ad2ee7ca21ace7927444f064638859839942ec81c8eb2,scn1_structured_env42002,structured,0.013214574261094377,7.424796080526466,0.18554040859452522,sspo,,0.04690280023159828,1,0.024761904761904763,0.0,1.0,0.0
0.1261904761904762,0.001587301587301587,29.90185753085398,0.8331089297763146,seen,42002,3dcb9d8538fbe3561d3ad2ee7ca21ace7927444f064638859839942ec81c8eb2,scn1_structured_env42002,structured,0.012729372429655344,7.3342478851136566,0.18796882423936373,v3_transformer,31000.0,0.046781076199832,1,0.035238095238095235,0.0,1.0,0.0
0.12523809523809523,0.001587301587301587,29.89708963373396,0.8392339584123687,seen,42002,3dcb9d8538fbe3561d3ad2ee7ca21ace7927444f064638859839942ec81c8eb2,scn1_structured_env42002,structured,0.012856719093781863,7.3501679088316,0.18612525427557022,v3_transformer,31001.0,0.046693270799148416,1,0.023333333333333334,0.0,1.0,0.0
0.12571428571428572,0.001587301587301587,29.891746385944508,0.8367474736698809,seen,42002,3dcb9d8538fbe3561d3ad2ee7ca21ace7927444f064638859839942ec81c8eb2,scn1_structured_env42002,structured,0.013368475043752612,7.316301877028093,0.18729509263214364,v3_transformer,31002.0,0.04692273760592236,1,0.025714285714285714,0.0,1.0,0.0
0.1261904761904762,0.001587301587301587,29.890322637522868,0.8542657512647721,seen,42002,3dcb9d8538fbe3561d3ad2ee7ca21ace7927444f064638859839942ec81c8eb2,scn1_structured_env42002,structured,0.01321254377021146,7.356770680451425,0.18671547691803364,v3_transformer,31003.0,0.04700216879077964,1,0.02238095238095238,0.0,1.0,0.0
0.12571428571428572,0.001587301587301587,29.906629036364354,0.8440237242264809,seen,42002,3dcb9d8538fbe3561d3ad2ee7ca21ace7927444f064638859839942ec81c8eb2,scn1_structured_env42002,structured,0.012997577130978818,7.320354321593815,0.1881988102780853,v3_transformer,31004.0,0.046717440022669796,1,0.025238095238095237,0.0,1.0,0.0
0.1261904761904762,0.001587301587301587,29.90029980180565,0.8325397403779328,seen,42002,3dcb9d8538fbe3561d3ad2ee7ca21ace7927444f064638859839942ec81c8eb2,scn1_structured_env42002,structured,0.012758017059397449,7.331539865736299,0.18797619392349874,wm_hybrid,31000.0,0.046794470722489344,1,0.02666666666666667,0.0,1.0,0.049523809523809526
0.12523809523809523,0.001587301587301587,29.89630928501948,0.8367830937805095,seen,42002,3dcb9d8538fbe3561d3ad2ee7ca21ace7927444f064638859839942ec81c8eb2,scn1_structured_env42002,structured,0.012848322661854206,7.346212551118299,0.18612703750074377,wm_hybrid,31001.0,0.0467195945397404,1,0.03619047619047619,0.0,1.0,0.049523809523809526
0.12571428571428572,0.001587301587301587,29.89246433979867,0.8350441538097171,seen,42002,3dcb9d8538fbe3561d3ad2ee7ca21ace7927444f064638859839942ec81c8eb2,scn1_structured_env42002,structured,0.013263225068877688,7.313838231251811,0.18730050237340282,wm_hybrid,31002.0,0.04692842628035619,1,0.029047619047619048,0.0,1.0,0.049523809523809526
0.1261904761904762,0.001587301587301587,29.892563372523117,0.8518824580432307,seen,42002,3dcb9d8538fbe3561d3ad2ee7ca21ace7927444f064638859839942ec81c8eb2,scn1_structured_env42002,structured,0.012964864350670829,7.356045358074876,0.18672069933089577,wm_hybrid,31003.0,0.046944536243106495,1,0.02619047619047619,0.0,1.0,0.049523809523809526
0.12571428571428572,0.001587301587301587,29.90559796454723,0.8418958692892101,seen,42002,3dcb9d8538fbe3561d3ad2ee7ca21ace7927444f064638859839942ec81c8eb2,scn1_structured_env42002,structured,0.012715593876027331,7.324936503968082,0.18821152646310843,wm_hybrid,31004.0,0.04671543185529573,1,0.025714285714285714,0.0,1.0,0.049523809523809526
0.11666666666666667,0.001587301587301587,29.802482915974323,0.5719786017624037,seen,42002,3dcb9d8538fbe3561d3ad2ee7ca21ace7927444f064638859839942ec81c8eb2,scn1_structured_env42002,structured,0.014055259972758121,7.540747522478441,0.1855018104522792,residual_rl,31000.0,0.05199740328842523,1,0.02619047619047619,0.0,1.0,0.0
0.11571428571428571,0.001587301587301587,29.810021140106446,0.5530219405852653,seen,42002,3dcb9d8538fbe3561d3ad2ee7ca21ace7927444f064638859839942ec81c8eb2,scn1_structured_env42002,structured,0.01542662694706799,7.5421196543689435,0.18550532152516563,residual_rl,31001.0,0.0523307742706731,1,0.029523809523809525,0.0,1.0,0.0
0.11571428571428571,0.001587301587301587,29.80477356376047,0.5037457753666753,seen,42002,3dcb9d8538fbe3561d3ad2ee7ca21ace7927444f064638859839942ec81c8eb2,scn1_structured_env42002,structured,0.014148459868309074,7.567957980237172,0.18549162115699758,residual_rl,31002.0,0.0541183373046189,1,0.030476190476190476,0.0,1.0,0.0
0.11571428571428571,0.001587301587301587,29.79787460598818,0.5015563604400163,seen,42002,3dcb9d8538fbe3561d3ad2ee7ca21ace7927444f064638859839942ec81c8eb2,scn1_structured_env42002,structured,0.015479892392488382,7.5468034617196595,0.18550511800202338,residual_rl,31003.0,0.052994091098641276,1,0.03190476190476191,0.0,1.0,0.0
0.11571428571428571,0.001587301587301587,29.83575275005328,0.49696722489437845,seen,42002,3dcb9d8538fbe3561d3ad2ee7ca21ace7927444f064638859839942ec81c8eb2,scn1_structured_env42002,structured,0.015362853584979215,7.552109522167232,0.18549162115699758,residual_rl,31004.0,0.053952098615116885,1,0.02761904761904762,0.0,1.0,0.0
0.11571428571428571,0.001587301587301587,29.813173845601064,0.5351237856269225,seen,42002,3dcb9d8538fbe3561d3ad2ee7ca21ace7927444f064638859839942ec81c8eb2,scn1_structured_env42002,structured,0.015165561543139838,7.569061488200874,0.1854965569264841,wm_residual_rl,31000.0,0.05333372215241438,1,0.03380952380952381,0.0,1.0,0.0
0.11523809523809524,0.001587301587301587,29.82983210311597,0.5523025619216989,seen,42002,3dcb9d8538fbe3561d3ad2ee7ca21ace7927444f064638859839942ec81c8eb2,scn1_structured_env42002,structured,0.015436358756088788,7.585180572527291,0.18549162115699758,wm_residual_rl,31001.0,0.05475888208655172,1,0.029047619047619048,0.0,1.0,0.0
0.11571428571428571,0.001587301587301587,29.8297834689192,0.49106264090598534,seen,42002,3dcb9d8538fbe3561d3ad2ee7ca21ace7927444f064638859839942ec81c8eb2,scn1_structured_env42002,structured,0.015393742345614208,7.588043381532927,0.18549162115699758,wm_residual_rl,31002.0,0.05587477153882372,1,0.030476190476190476,0.0,1.0,0.0
0.11714285714285715,0.001587301587301587,29.797609192318916,0.4865585964899782,seen,42002,3dcb9d8538fbe3561d3ad2ee7ca21ace7927444f064638859839942ec81c8eb2,scn1_structured_env42002,structured,0.015440655876956344,7.5498759001825935,0.1855040274134639,wm_residual_rl,31003.0,0.05332266326242626,1,0.02761904761904762,0.0,1.0,0.0
0.11571428571428571,0.001587301587301587,29.814493555832684,0.5138760544840008,seen,42002,3dcb9d8538fbe3561d3ad2ee7ca21ace7927444f064638859839942ec81c8eb2,scn1_structured_env42002,structured,0.015425617110872461,7.548186968915041,0.18550207962252596,wm_residual_rl,31004.0,0.05274985174257319,1,0.032857142857142856,0.0,1.0,0.0
0.11666666666666667,0.0019047619047619048,29.04468256385856,0.0,seen,42003,cbc0baa0dcd379748508ca91a0c24a3e06f148cc2e275bd24162ede3dbae5acb,scn1_structured_env42003,structured,0.0388168775602094,7.4236517858162445,0.33085121620578867,smc,,0.14933424563503506,1,0.02857142857142857,0.0,1.0,0.0
0.12857142857142856,0.00031746031746031746,30.09360429648529,1.0,seen,42003,cbc0baa0dcd379748508ca91a0c24a3e06f148cc2e275bd24162ede3dbae5acb,scn1_structured_env42003,structured,0.01259127688963369,6.954296647770086,0.22454117432151646,mpc,,0.05923169485041888,1,0.03142857142857143,0.0,1.0,0.0
0.11476190476190476,0.0019047619047619048,29.924022846985025,0.5932797619047617,seen,42003,cbc0baa0dcd379748508ca91a0c24a3e06f148cc2e275bd24162ede3dbae5acb,scn1_structured_env42003,structured,0.014530622747660572,7.606973845731827,0.22467894925238216,constant_alpha,,0.0565694109788829,1,0.023809523809523808,0.0,1.0,0.0
0.12285714285714286,0.0019047619047619048,29.968365164539797,0.8945194436107444,seen,42003,cbc0baa0dcd379748508ca91a0c24a3e06f148cc2e275bd24162ede3dbae5acb,scn1_structured_env42003,structured,0.013085271859586139,7.465727888865268,0.22512920129195224,sspo,,0.05132503703804065,1,0.02142857142857143,0.0,1.0,0.0
0.12571428571428572,0.0019047619047619048,29.95730018331777,0.8345137345393496,seen,42003,cbc0baa0dcd379748508ca91a0c24a3e06f148cc2e275bd24162ede3dbae5acb,scn1_structured_env42003,structured,0.013227952969687382,7.320993999207349,0.22960415974858447,v3_transformer,31000.0,0.05267455062399295,1,0.029523809523809525,0.0,1.0,0.0
0.12523809523809523,0.0019047619047619048,29.95606662390518,0.8446757774324521,seen,42003,cbc0baa0dcd379748508ca91a0c24a3e06f148cc2e275bd24162ede3dbae5acb,scn1_structured_env42003,structured,0.01328770055002989,7.327019831986385,0.22595051689030987,v3_transformer,31001.0,0.0520595631863304,1,0.030476190476190476,0.0,1.0,0.0
0.12571428571428572,0.0019047619047619048,29.949188481547452,0.8369716763097681,seen,42003,cbc0baa0dcd379748508ca91a0c24a3e06f148cc2e275bd24162ede3dbae5acb,scn1_structured_env42003,structured,0.013261130357446874,7.3372229927284796,0.22596535424532202,v3_transformer,31002.0,0.05174936490643542,1,0.03333333333333333,0.0,1.0,0.0
0.12571428571428572,0.0019047619047619048,29.947630833721604,0.8542426568369594,seen,42003,cbc0baa0dcd379748508ca91a0c24a3e06f148cc2e275bd24162ede3dbae5acb,scn1_structured_env42003,structured,0.013273581185197737,7.381721430861224,0.22657649188352585,v3_transformer,31003.0,0.05227819443831094,1,0.023809523809523808,0.0,1.0,0.0
0.12523809523809523,0.0019047619047619048,29.962810126698443,0.843258207326752,seen,42003,cbc0baa0dcd379748508ca91a0c24a3e06f148cc2e275bd24162ede3dbae5acb,scn1_structured_env42003,structured,0.012916192723930632,7.360072060669478,0.2279580349952583,v3_transformer,31004.0,0.052026037877095005,1,0.03142857142857143,0.0,1.0,0.0
0.12523809523809523,0.0019047619047619048,29.957296370157,0.8328519908644441,seen,42003,cbc0baa0dcd379748508ca91a0c24a3e06f148cc2e275bd24162ede3dbae5acb,scn1_structured_env42003,structured,0.013229013798833317,7.317203638519153,0.22961473303645802,wm_hybrid,31000.0,0.052702690488031445,1,0.02761904761904762,0.0,1.0,0.049523809523809526
0.12476190476190477,0.0019047619047619048,29.954847090241167,0.8420925022143622,seen,42003,cbc0baa0dcd379748508ca91a0c24a3e06f148cc2e275bd24162ede3dbae5acb,scn1_structured_env42003,structured,0.013291764435816103,7.323995399039247,0.22595078892240833,wm_hybrid,31001.0,0.05210281319759393,1,0.032857142857142856,0.0,1.0,0.049523809523809526
0.12476190476190477,0.0019047619047619048,29.94970229507252,0.8355004765605035,seen,42003,cbc0baa0dcd379748508ca91a0c24a3e06f148cc2e275bd24162ede3dbae5acb,scn1_structured_env42003,structured,0.013200161852275554,7.336435550468443,0.22596619366979256,wm_hybrid,31002.0,0.051766335605346825,1,0.03190476190476191,0.0,1.0,0.049523809523809526
0.12523809523809523,0.0019047619047619048,29.947495302334264,0.8513808884047884,seen,42003,cbc0baa0dcd379748508ca91a0c24a3e06f148cc2e275bd24162ede3dbae5acb,scn1_structured_env42003,structured,0.013318304334425792,7.378015791107457,0.22657770789496076,wm_hybrid,31003.0,0.052316533534665324,1,0.018095238095238095,0.0,1.0,0.049523809523809526
0.12523809523809523,0.0019047619047619048,29.96126042396536,0.8413284483708213,seen,42003,cbc0baa0dcd379748508ca91a0c24a3e06f148cc2e275bd24162ede3dbae5acb,scn1_structured_env42003,structured,0.012746287415626927,7.361538377888773,0.22796235868433531,wm_hybrid,31004.0,0.052045601828393406,1,0.02857142857142857,0.0,1.0,0.049523809523809526
0.11476190476190476,0.0019047619047619048,29.85968199438585,0.5719963601974534,seen,42003,cbc0baa0dcd379748508ca91a0c24a3e06f148cc2e275bd24162ede3dbae5acb,scn1_structured_env42003,structured,0.014316873026445884,7.587610434320983,0.2246802972220394,residual_rl,31000.0,0.05597343032586019,1,0.025238095238095237,0.0,1.0,0.0
0.11476190476190476,0.0019047619047619048,29.873067441956128,0.5531579971351186,seen,42003,cbc0baa0dcd379748508ca91a0c24a3e06f148cc2e275bd24162ede3dbae5acb,scn1_structured_env42003,structured,0.015459366266944576,7.587264418618257,0.22468140503592418,residual_rl,31001.0,0.05617171529359989,1,0.037142857142857144,0.0,1.0,0.0
0.11571428571428571,0.0019047619047619048,29.856127812368975,0.5031524066035009,seen,42003,cbc0baa0dcd379748508ca91a0c24a3e06f148cc2e275bd24162ede3dbae5acb,scn1_structured_env42003,structured,0.014559518227698284,7.615905550979137,0.22467894925238216,residual_rl,31002.0,0.057927428406574964,1,0.02619047619047619,0.0,1.0,0.0
0.11571428571428571,0.0019047619047619048,29.860828104506336,0.5017698436462006,seen,42003,cbc0baa0dcd379748508ca91a0c24a3e06f148cc2e275bd24162ede3dbae5acb,scn1_structured_env42003,structured,0.015468991615302092,7.592153316850226,0.22468131996712634,residual_rl,31003.0,0.05679064399624616,1,0.030476190476190476,0.0,1.0,0.0
0.11571428571428571,0.0019047619047619048,29.9041769205202,0.49719423310213673,seen,42003,cbc0baa0dcd379748508ca91a0c24a3e06f148cc2e275bd24162ede3dbae5acb,scn1_structured_env42003,structured,0.01522750685721616,7.595879450425849,0.22467894925238216,residual_rl,31004.0,0.05740798008179842,1,0.03428571428571429,0.0,1.0,0.0
0.11523809523809524,0.0019047619047619048,29.872545829203215,0.5363729730272252,seen,42003,cbc0baa0dcd379748508ca91a0c24a3e06f148cc2e275bd24162ede3dbae5acb,scn1_structured_env42003,structured,0.015374630241684731,7.617789543672032,0.22467894925238216,wm_residual_rl,31000.0,0.05729668078739472,1,0.03380952380952381,0.0,1.0,0.0
0.11476190476190476,0.0019047619047619048,29.887556882991948,0.5515501761896666,seen,42003,cbc0baa0dcd379748508ca91a0c24a3e06f148cc2e275bd24162ede3dbae5acb,scn1_structured_env42003,structured,0.015637054144084263,7.633152517010634,0.22467894925238216,wm_residual_rl,31001.0,0.05843682573605675,1,0.03333333333333333,0.0,1.0,0.0
0.11571428571428571,0.0019047619047619048,29.877019301836537,0.4905171911802421,seen,42003,cbc0baa0dcd379748508ca91a0c24a3e06f148cc2e275bd24162ede3dbae5acb,scn1_structured_env42003,structured,0.015724715122942386,7.638420709093031,0.2246789690473485,wm_residual_rl,31002.0,0.059522505170688036,1,0.0419047619047619,0.0,1.0,0.0
0.11523809523809524,0.0019047619047619048,29.85755511155693,0.48666371382961643,seen,42003,cbc0baa0dcd379748508ca91a0c24a3e06f148cc2e275bd24162ede3dbae5acb,scn1_structured_env42003,structured,0.015541556527100906,7.5964030465128,0.22468099981658127,wm_residual_rl,31003.0,0.05720565483316901,1,0.02142857142857143,0.0,1.0,0.0
0.11571428571428571,0.0019047619047619048,29.87754887732941,0.5143905518322972,seen,42003,cbc0baa0dcd379748508ca91a0c24a3e06f148cc2e275bd24162ede3dbae5acb,scn1_structured_env42003,structured,0.015412525596263557,7.593853547267633,0.22468043712867122,wm_residual_rl,31004.0,0.056548486067261546,1,0.025714285714285714,0.0,1.0,0.0
0.1180952380952381,0.0017460317460317458,29.101600467779036,0.0,seen,42004,8be8b1801fdb13689cc10379c1f034a2145db65a255cd91ce2086bb7ae47dd59,scn1_structured_env42004,structured,0.03851688863216898,7.4382320672051545,0.3399801848461412,smc,,0.15095952442707966,1,0.024285714285714285,0.0,1.0,0.0
0.12761904761904763,0.00031746031746031746,30.11323099956538,1.0,seen,42004,8be8b1801fdb13689cc10379c1f034a2145db65a255cd91ce2086bb7ae47dd59,scn1_structured_env42004,structured,0.012479812773864913,6.930250000808125,0.23210442930842157,mpc,,0.06082817531955408,1,0.02761904761904762,0.0,1.0,0.0
0.11571428571428571,0.0017460317460317458,29.941573413334734,0.5932797619047617,seen,42004,8be8b1801fdb13689cc10379c1f034a2145db65a255cd91ce2086bb7ae47dd59,scn1_structured_env42004,structured,0.014658248327404044,7.615676229436984,0.2406402121640884,constant_alpha,,0.05887276961307497,1,0.01904761904761905,0.0,1.0,0.0
0.12,0.0017460317460317458,29.995241363035813,0.8936108460941082,seen,42004,8be8b1801fdb13689cc10379c1f034a2145db65a255cd91ce2086bb7ae47dd59,scn1_structured_env42004,structured,0.0131186015937224,7.474227983907678,0.2407803284698207,sspo,,0.053725186444614784,1,0.039523809523809524,0.0,1.0,0.0
0.12333333333333334,0.0017460317460317458,29.97903498168827,0.836222216030657,seen,42004,8be8b1801fdb13689cc10379c1f034a2145db65a255cd91ce2086bb7ae47dd59,scn1_structured_env42004,structured,0.01322556721080247,7.348967356849993,0.24386812212644404,v3_transformer,31000.0,0.0549109427911751,1,0.030476190476190476,0.0,1.0,0.0
0.12238095238095238,0.0017460317460317458,29.979979937219106,0.8449727924814974,seen,42004,8be8b1801fdb13689cc10379c1f034a2145db65a255cd91ce2086bb7ae47dd59,scn1_structured_env42004,structured,0.013225874069632552,7.333172040079741,0.24174200395050943,v3_transformer,31001.0,0.054575833822878395,1,0.02619047619047619,0.0,1.0,0.0
0.12333333333333334,0.0017460317460317458,29.97459513171865,0.8385351406638277,seen,42004,8be8b1801fdb13689cc10379c1f034a2145db65a255cd91ce2086bb7ae47dd59,scn1_structured_env42004,structured,0.013091277544931688,7.3540060699135275,0.2411885551747182,v3_transformer,31002.0,0.05392249323229211,1,0.03619047619047619,0.0,1.0,0.0
0.12333333333333334,0.0017460317460317458,29.971650097823144,0.8535889359345584,seen,42004,8be8b1801fdb13689cc10379c1f034a2145db65a255cd91ce2086bb7ae47dd59,scn1_structured_env42004,structured,0.013082597315943828,7.3959032329014445,0.24159773362533005,v3_transformer,31003.0,0.054383324707485414,1,0.01904761904761905,0.0,1.0,0.0
0.12333333333333334,0.0017460317460317458,29.98594689696431,0.8434607690375092,seen,42004,8be8b1801fdb13689cc10379c1f034a2145db65a255cd91ce2086bb7ae47dd59,scn1_structured_env42004,structured,0.013193103906362118,7.362354231648449,0.24308783217033775,v3_transformer,31004.0,0.05452262595104276,1,0.017619047619047618,0.0,1.0,0.0
0.12333333333333334,0.0017460317460317458,29.98074029511731,0.8323165911087974,seen,42004,8be8b1801fdb13689cc10379c1f034a2145db65a255cd91ce2086bb7ae47dd59,scn1_structured_env42004,structured,0.013078446471304551,7.341394381812748,0.24386946980877525,wm_hybrid,31000.0,0.05492242929021586,1,0.023333333333333334,0.0,1.0,0.049523809523809526
0.12238095238095238,0.0017460317460317458,29.978648177251234,0.8415160118627876,seen,42004,8be8b1801fdb13689cc10379c1f034a2145db65a255cd91ce2086bb7ae47dd59,scn1_structured_env42004,structured,0.013225927727056122,7.330320212939429,0.24174200395050943,wm_hybrid,31001.0,0.05462464229276144,1,0.024285714285714285,0.0,1.0,0.049523809523809526
0.12333333333333334,0.0017460317460317458,29.973385239839587,0.8373457125056022,seen,42004,8be8b1801fdb13689cc10379c1f034a2145db65a255cd91ce2086bb7ae47dd59,scn1_structured_env42004,structured,0.013163072865351705,7.353192083645026,0.2411885551747182,wm_hybrid,31002.0,0.05395362225675707,1,0.02,0.0,1.0,0.049523809523809526
0.12333333333333334,0.0017460317460317458,29.97095050496325,0.851594862424509,seen,42004,8be8b1801fdb13689cc10379c1f034a2145db65a255cd91ce2086bb7ae47dd59,scn1_structured_env42004,structured,0.013187809121876773,7.391696239035814,0.24159773362533005,wm_hybrid,31003.0,0.054431457403655265,1,0.02095238095238095,0.0,1.0,0.049523809523809526
0.12380952380952381,0.0017460317460317458,29.985994885088825,0.8415035252552326,seen,42004,8be8b1801fdb13689cc10379c1f034a2145db65a255cd91ce2086bb7ae47dd59,scn1_structured_env42004,structured,0.013138506769244412,7.358544105296668,0.24308880428737725,wm_hybrid,31004.0,0.05455328679581992,1,0.016666666666666666,0.0,1.0,0.049523809523809526
0.11571428571428571,0.0017460317460317458,29.894274910755385,0.5719020204772614,seen,42004,8be8b1801fdb13689cc10379c1f034a2145db65a255cd91ce2086bb7ae47dd59,scn1_structured_env42004,structured,0.013711285830727815,7.590585425516153,0.24064036424763643,residual_rl,31000.0,0.057827014349359766,1,0.024761904761904763,0.0,1.0,0.0
0.11571428571428571,0.0017460317460317458,29.890267518850013,0.5526599332286734,seen,42004,8be8b1801fdb13689cc10379c1f034a2145db65a255cd91ce2086bb7ae47dd59,scn1_structured_env42004,structured,0.01547592015866928,7.595043074614316,0.2406405988575244,residual_rl,31001.0,0.05844851832267664,1,0.025238095238095237,0.0,1.0,0.0
0.11619047619047619,0.0017460317460317458,29.88339564985225,0.5034849125965246,seen,42004,8be8b1801fdb13689cc10379c1f034a2145db65a255cd91ce2086bb7ae47dd59,scn1_structured_env42004,structured,0.014192099134011501,7.620261568762487,0.2406402121640884,residual_rl,31002.0,0.05986242070778448,1,0.030952380952380953,0.0,1.0,0.0
0.11619047619047619,0.0017460317460317458,29.87801674983442,0.5020541195224578,seen,42004,8be8b1801fdb13689cc10379c1f034a2145db65a255cd91ce2086bb7ae47dd59,scn1_structured_env42004,structured,0.015480833590792695,7.600135260406781,0.24064057511678197,residual_rl,31003.0,0.05907537851230455,1,0.03142857142857143,0.0,1.0,0.0
0.11619047619047619,0.0017460317460317458,29.919095805371164,0.4971989553270533,seen,42004,8be8b1801fdb13689cc10379c1f034a2145db65a255cd91ce2086bb7ae47dd59,scn1_structured_env42004,structured,0.015358382721531134,7.60542147790111,0.2406402121640884,residual_rl,31004.0,0.059766281472136765,1,0.03,0.0,1.0,0.0
0.11619047619047619,0.0017460317460317458,29.89680595944059,0.5365753475116645,seen,42004,8be8b1801fdb13689cc10379c1f034a2145db65a255cd91ce2086bb7ae47dd59,scn1_structured_env42004,structured,0.015155269578313126,7.624284972610819,0.2406402121640884,wm_residual_rl,31000.0,0.059375447652868056,1,0.020476190476190478,0.0,1.0,0.0
0.11571428571428571,0.0017460317460317458,29.911937450301593,0.5517770882885682,seen,42004,8be8b1801fdb13689cc10379c1f034a2145db65a255cd91ce2086bb7ae47dd59,scn1_structured_env42004,structured,0.015414651369093561,7.639470938552684,0.2406402121640884,wm_residual_rl,31001.0,0.06049568621208493,1,0.028095238095238097,0.0,1.0,0.0
0.11619047619047619,0.0017460317460317458,29.908823840315982,0.49056156282027,seen,42004,8be8b1801fdb13689cc10379c1f034a2145db65a255cd91ce2086bb7ae47dd59,scn1_structured_env42004,structured,0.015274620643189265,7.640609321609897,0.2406402121640884,wm_residual_rl,31002.0,0.061227867471538515,1,0.01904761904761905,0.0,1.0,0.0
0.11619047619047619,0.0017460317460317458,29.884447304902316,0.486406907383208,seen,42004,8be8b1801fdb13689cc10379c1f034a2145db65a255cd91ce2086bb7ae47dd59,scn1_structured_env42004,structured,0.015211825111722638,7.600798603684529,0.24064045382623345,wm_residual_rl,31003.0,0.05915251991901757,1,0.023809523809523808,0.0,1.0,0.0
0.11619047619047619,0.0017460317460317458,29.902773944154433,0.5141447423740326,seen,42004,8be8b1801fdb13689cc10379c1f034a2145db65a255cd91ce2086bb7ae47dd59,scn1_structured_env42004,structured,0.015135147574092591,7.598749942982382,0.24064040603875195,wm_residual_rl,31004.0,0.058578221073955244,1,0.02238095238095238,0.0,1.0,0.0
0.11857142857142858,0.0020634920634920633,29.063242100894723,0.0,seen,42005,d289121809a39d3e60af93a0f798d406df5ca9436fb548f1870db01c11485320,scn1_structured_env42005,structured,0.03906900906289577,7.418769314945474,0.3219864039467369,smc,,0.14800728810657418,1,0.03380952380952381,0.0,1.0,0.0
0.1280952380952381,0.0002380952380952381,30.06365502984974,1.0,seen,42005,d289121809a39d3e60af93a0f798d406df5ca9436fb548f1870db01c11485320,scn1_structured_env42005,structured,0.013097214155215786,6.885073502332283,0.23442210148316198,mpc,,0.06059584670934186,1,0.03142857142857143,0.0,1.0,0.0
0.11523809523809524,0.0019047619047619048,29.916950400222788,0.5932797619047617,seen,42005,d289121809a39d3e60af93a0f798d406df5ca9436fb548f1870db01c11485320,scn1_structured_env42005,structured,0.01501647331449786,7.574783638850193,0.20980270977195012,constant_alpha,,0.055643412768611726,1,0.023333333333333334,0.0,1.0,0.0
0.12238095238095238,0.0019047619047619048,29.973720268762072,0.8925368676371906,seen,42005,d289121809a39d3e60af93a0f798d406df5ca9436fb548f1870db01c11485320,scn1_structured_env42005,structured,0.013364409154822494,7.436364702987521,0.2102784882157496,sspo,,0.04977510210512995,1,0.03238095238095238,0.0,1.0,0.0
0.1261904761904762,0.0019047619047619048,29.96777599662022,0.8436864979476765,seen,42005,d289121809a39d3e60af93a0f798d406df5ca9436fb548f1870db01c11485320,scn1_structured_env42005,structured,0.013366754155952617,7.317639590782439,0.2145688823034071,v3_transformer,31000.0,0.05083983243194684,1,0.043333333333333335,0.0,1.0,0.0
0.12571428571428572,0.0019047619047619048,29.967382907454287,0.847120302800143,seen,42005,d289121809a39d3e60af93a0f798d406df5ca9436fb548f1870db01c11485320,scn1_structured_env42005,structured,0.013361663727010881,7.312313281704311,0.2116378275038624,v3_transformer,31001.0,0.05035806087466288,1,0.03190476190476191,0.0,1.0,0.0
0.12571428571428572,0.0019047619047619048,29.968897326456503,0.836571298733088,seen,42005,d289121809a39d3e60af93a0f798d406df5ca9436fb548f1870db01c11485320,scn1_structured_env42005,structured,0.013364934856089543,7.280441714401108,0.21414797753825296,v3_transformer,31002.0,0.050946318423011165,1,0.029523809523809525,0.0,1.0,0.0
0.12571428571428572,0.0019047619047619048,29.963734924057313,0.8545199125527707,seen,42005,d289121809a39d3e60af93a0f798d406df5ca9436fb548f1870db01c11485320,scn1_structured_env42005,structured,0.013353246173517583,7.337559904269171,0.21320782531077684,v3_transformer,31003.0,0.05100794642508203,1,0.027142857142857142,0.0,1.0,0.0
0.1261904761904762,0.0019047619047619048,29.97359650118688,0.8409798181590422,seen,42005,d289121809a39d3e60af93a0f798d406df5ca9436fb548f1870db01c11485320,scn1_structured_env42005,structured,0.01336959435697873,7.309141285900666,0.21464585526475838,v3_transformer,31004.0,0.050757592987149686,1,0.02095238095238095,0.0,1.0,0.0
0.1261904761904762,0.0019047619047619048,29.967766681278956,0.841780217319824,seen,42005,d289121809a39d3e60af93a0f798d406df5ca9436fb548f1870db01c11485320,scn1_structured_env42005,structured,0.013363507334610574,7.31309625291209,0.2145862201918928,wm_hybrid,31000.0,0.050863449549516306,1,0.024761904761904763,0.0,1.0,0.049523809523809526
0.12571428571428572,0.0019047619047619048,29.96644819029128,0.8441577619249416,seen,42005,d289121809a39d3e60af93a0f798d406df5ca9436fb548f1870db01c11485320,scn1_structured_env42005,structured,0.013357323525334499,7.309746450264602,0.21164060086530626,wm_hybrid,31001.0,0.05039764933811894,1,0.025714285714285714,0.0,1.0,0.049523809523809526
0.12571428571428572,0.0019047619047619048,29.968803921037452,0.8351600787212571,seen,42005,d289121809a39d3e60af93a0f798d406df5ca9436fb548f1870db01c11485320,scn1_structured_env42005,structured,0.0133625141773997,7.277741706885255,0.2141661032279265,wm_hybrid,31002.0,0.05098351204242254,1,0.029523809523809525,0.0,1.0,0.049523809523809526
0.12571428571428572,0.0019047619047619048,29.963766847546214,0.8511949658995887,seen,42005,d289121809a39d3e60af93a0f798d406df5ca9436fb548f1870db01c11485320,scn1_structured_env42005,structured,0.013351714063130567,7.332086197441218,0.2132174076199793,wm_hybrid,31003.0,0.05102451258197173,1,0.021904761904761906,0.0,1.0,0.049523809523809526
0.1261904761904762,0.0019047619047619048,29.97326218465145,0.8391947619381612,seen,42005,d289121809a39d3e60af93a0f798d406df5ca9436fb548f1870db01c11485320,scn1_structured_env42005,structured,0.01336552024015563,7.305930029155186,0.21466462899533145,wm_hybrid,31004.0,0.05078900009978479,1,0.017619047619047618,0.0,1.0,0.049523809523809526
0.11476190476190476,0.0019047619047619048,29.86219699659486,0.5720735531777642,seen,42005,d289121809a39d3e60af93a0f798d406df5ca9436fb548f1870db01c11485320,scn1_structured_env42005,structured,0.014378550764555059,7.5522147089064315,0.20980523538895363,residual_rl,31000.0,0.05467526776905488,1,0.02619047619047619,0.0,1.0,0.0
0.11476190476190476,0.0019047619047619048,29.87030475164512,0.5530092714742868,seen,42005,d289121809a39d3e60af93a0f798d406df5ca9436fb548f1870db01c11485320,scn1_structured_env42005,structured,0.015828822649629586,7.553300497254316,0.20980659346649172,residual_rl,31001.0,0.054974584013586396,1,0.018571428571428572,0.0,1.0,0.0
0.11523809523809524,0.0019047619047619048,29.86003002440617,0.5037305791926185,seen,42005,d289121809a39d3e60af93a0f798d406df5ca9436fb548f1870db01c11485320,scn1_structured_env42005,structured,0.014454678621590137,7.579714060924583,0.20980270977195012,residual_rl,31002.0,0.05664463978754734,1,0.04047619047619048,0.0,1.0,0.0
0.11523809523809524,0.0019047619047619048,29.858026881983303,0.5020946083398796,seen,42005,d289121809a39d3e60af93a0f798d406df5ca9436fb548f1870db01c11485320,scn1_structured_env42005,structured,0.015782847397110594,7.558354091012682,0.2098064576082602,residual_rl,31003.0,0.05563168771401056,1,0.02857142857142857,0.0,1.0,0.0
0.11523809523809524,0.0019047619047619048,29.893549811832646,0.49702681007107785,seen,42005,d289121809a39d3e60af93a0f798d406df5ca9436fb548f1870db01c11485320,scn1_structured_env42005,structured,0.015747287631025692,7.565172345072314,0.20980270977195012,residual_rl,31004.0,0.05661719044844679,1,0.02761904761904762,0.0,1.0,0.0
0.11523809523809524,0.0019047619047619048,29.87297715290571,0.5363182976319784,seen,42005,d289121809a39d3e60af93a0f798d406df5ca9436fb548f1870db01c11485320,scn1_structured_env42005,structured,0.015551834208787679,7.582669721338366,0.20980293702948996,wm_residual_rl,31000.0,0.05605372879014832,1,0.01904761904761905,0.0,1.0,0.0
0.11476190476190476,0.0019047619047619048,29.885412431070183,0.5510979258840004,seen,42005,d289121809a39d3e60af93a0f798d406df5ca9436fb548f1870db01c11485320,scn1_structured_env42005,structured,0.015814792002345843,7.598746154367871,0.20980270977195012,wm_residual_rl,31001.0,0.05734673543975521,1,0.02095238095238095,0.0,1.0,0.0
0.11523809523809524,0.0019047619047619048,29.884372189864553,0.49083507894929274,seen,42005,d289121809a39d3e60af93a0f798d406df5ca9436fb548f1870db01c11485320,scn1_structured_env42005,structured,0.015778027099347967,7.6020054716894085,0.20980270977195012,wm_residual_rl,31002.0,0.0584364235202329,1,0.025238095238095237,0.0,1.0,0.0
0.11571428571428571,0.0019047619047619048,29.857447364036407,0.4867316754820329,seen,42005,d289121809a39d3e60af93a0f798d406df5ca9436fb548f1870db01c11485320,scn1_structured_env42005,structured,0.01575408112538346,7.561636492562507,0.20980609045724846,wm_residual_rl,31003.0,0.055968007759994186,1,0.029047619047619048,0.0,1.0,0.0
0.11523809523809524,0.0019047619047619048,29.87475002126377,0.5143883804717169,seen,42005,d289121809a39d3e60af93a0f798d406df5ca9436fb548f1870db01c11485320,scn1_structured_env42005,structured,0.015755425855323465,7.559848765202222,0.20980526426512058,wm_residual_rl,31004.0,0.05540245437691456,1,0.02857142857142857,0.0,1.0,0.0
0.11714285714285715,0.0019047619047619048,29.124389150000194,0.0,seen,42006,5b87863a6880226e82c5c6e3274593b3b7b3696efe93b09a1646720b97bdb43c,scn1_structured_env42006,structured,0.03853749078343161,7.447186573750217,0.3270666907804758,smc,,0.1490782181762223,1,0.03190476190476191,0.0,1.0,0.0
0.12714285714285714,0.00047619047619047614,30.074379654921632,1.0,seen,42006,5b87863a6880226e82c5c6e3274593b3b7b3696efe93b09a1646720b97bdb43c,scn1_structured_env42006,structured,0.012849262654125474,6.8121550262693304,0.2483547923588692,mpc,,0.06311754111882219,1,0.02666666666666667,0.0,1.0,0.0
0.11523809523809524,0.0019047619047619048,29.92746964880405,0.5932797619047617,seen,42006,5b87863a6880226e82c5c6e3274593b3b7b3696efe93b09a1646720b97bdb43c,scn1_structured_env42006,structured,0.014719635214166433,7.556745484650533,0.22030476539920382,constant_alpha,,0.05787872443324433,1,0.025714285714285714,0.0,1.0,0.0
0.12142857142857143,0.0019047619047619048,29.998415696384527,0.8925633095592698,seen,42006,5b87863a6880226e82c5c6e3274593b3b7b3696efe93b09a1646720b97bdb43c,scn1_structured_env42006,structured,0.013213673692419499,7.414985805430665,0.22033308859896542,sspo,,0.05193873919394387,1,0.03333333333333333,0.0,1.0,0.0
0.12476190476190477,0.0019047619047619048,29.981125333698767,0.8318274952202304,seen,42006,5b87863a6880226e82c5c6e3274593b3b7b3696efe93b09a1646720b97bdb43c,scn1_structured_env42006,structured,0.013224646107194383,7.325705132539076,0.22183146777755114,v3_transformer,31000.0,0.05231077446769025,1,0.04,0.0,1.0,0.0
0.12476190476190477,0.0019047619047619048,29.982883109142985,0.8394439586661999,seen,42006,5b87863a6880226e82c5c6e3274593b3b7b3696efe93b09a1646720b97bdb43c,scn1_structured_env42006,structured,0.013227521240998472,7.320403903838791,0.2211369811682674,v3_transformer,31001.0,0.052337023619230656,1,0.03,0.0,1.0,0.0
0.12476190476190477,0.0019047619047619048,29.983277495754546,0.8351025234541106,seen,42006,5b87863a6880226e82c5c6e3274593b3b7b3696efe93b09a1646720b97bdb43c,scn1_structured_env42006,structured,0.01321728236204434,7.290494368188505,0.22236509678295366,v3_transformer,31002.0,0.0527365520121963,1,0.02619047619047619,0.0,1.0,0.0
0.12476190476190477,0.0019047619047619048,29.976808916131404,0.8519815128177379,seen,42006,5b87863a6880226e82c5c6e3274593b3b7b3696efe93b09a1646720b97bdb43c,scn1_structured_env42006,structured,0.013214229283892627,7.331970565104466,0.22140957176248918,v3_transformer,31003.0,0.05249403762974051,1,0.02761904761904762,0.0,1.0,0.0
0.12523809523809523,0.0019047619047619048,29.992571614408632,0.8422939516011485,seen,42006,5b87863a6880226e82c5c6e3274593b3b7b3696efe93b09a1646720b97bdb43c,scn1_structured_env42006,structured,0.013220479922999332,7.309174612414244,0.22358301576839293,v3_transformer,31004.0,0.05274875031395411,1,0.020476190476190478,0.0,1.0,0.0
0.12476190476190477,0.0019047619047619048,29.982423429472373,0.8313634032135759,seen,42006,5b87863a6880226e82c5c6e3274593b3b7b3696efe93b09a1646720b97bdb43c,scn1_structured_env42006,structured,0.013219078549382446,7.330134610144458,0.2223811253557484,wm_hybrid,31000.0,0.05244893046574164,1,0.019523809523809523,0.0,1.0,0.049523809523809526
0.12476190476190477,0.0019047619047619048,29.983537473566503,0.8385408391011386,seen,42006,5b87863a6880226e82c5c6e3274593b3b7b3696efe93b09a1646720b97bdb43c,scn1_structured_env42006,structured,0.013220535125673121,7.325641239363285,0.2217454159777214,wm_hybrid,31001.0,0.05246352833889887,1,0.021904761904761906,0.0,1.0,0.049523809523809526
0.12476190476190477,0.0019047619047619048,29.985156791079106,0.8339360534411495,seen,42006,5b87863a6880226e82c5c6e3274593b3b7b3696efe93b09a1646720b97bdb43c,scn1_structured_env42006,structured,0.01321389431037293,7.293196372101869,0.2229673736793788,wm_hybrid,31002.0,0.05289782380847793,1,0.02619047619047619,0.0,1.0,0.049523809523809526
0.12476190476190477,0.0019047619047619048,29.97856585700287,0.8500943269163551,seen,42006,5b87863a6880226e82c5c6e3274593b3b7b3696efe93b09a1646720b97bdb43c,scn1_structured_env42006,structured,0.013210737662321777,7.335869226641215,0.22200700666664988,wm_hybrid,31003.0,0.052629898546971934,1,0.024761904761904763,0.0,1.0,0.049523809523809526
0.12523809523809523,0.0019047619047619048,29.99335830892423,0.8398564379145905,seen,42006,5b87863a6880226e82c5c6e3274593b3b7b3696efe93b09a1646720b97bdb43c,scn1_structured_env42006,structured,0.0132163910331852,7.3063083113139315,0.2237901939241031,wm_hybrid,31004.0,0.052798527084499225,1,0.020476190476190478,0.0,1.0,0.049523809523809526
0.11476190476190476,0.0019047619047619048,29.87097832851899,0.5716355908388947,seen,42006,5b87863a6880226e82c5c6e3274593b3b7b3696efe93b09a1646720b97bdb43c,scn1_structured_env42006,structured,0.014186129328231404,7.534394432415927,0.22030564633654648,residual_rl,31000.0,0.05690195139218616,1,0.02095238095238095,0.0,1.0,0.0
0.11476190476190476,0.0019047619047619048,29.880017598423137,0.5523000490846292,seen,42006,5b87863a6880226e82c5c6e3274593b3b7b3696efe93b09a1646720b97bdb43c,scn1_structured_env42006,structured,0.015389410114971082,7.535735966770971,0.22030611042348916,residual_rl,31001.0,0.05721221470370523,1,0.02666666666666667,0.0,1.0,0.0
0.11523809523809524,0.0019047619047619048,29.873062705861102,0.5042968018183083,seen,42006,5b87863a6880226e82c5c6e3274593b3b7b3696efe93b09a1646720b97bdb43c,scn1_structured_env42006,structured,0.014288171614830744,7.565908087032481,0.22030476539920382,residual_rl,31002.0,0.059152196539664345,1,0.029523809523809525,0.0,1.0,0.0
0.11523809523809524,0.0019047619047619048,29.867849643136385,0.5025609135971759,seen,42006,5b87863a6880226e82c5c6e3274593b3b7b3696efe93b09a1646720b97bdb43c,scn1_structured_env42006,structured,0.015401319214676563,7.541321244084576,0.2203060585740428,residual_rl,31003.0,0.05788614196933047,1,0.032857142857142856,0.0,1.0,0.0
0.11523809523809524,0.0019047619047619048,29.903141632830483,0.4965513242571373,seen,42006,5b87863a6880226e82c5c6e3274593b3b7b3696efe93b09a1646720b97bdb43c,scn1_structured_env42006,structured,0.015366193630065732,7.5482852535966956,0.22030476539920382,residual_rl,31004.0,0.058908724390183076,1,0.027142857142857142,0.0,1.0,0.0
0.11523809523809524,0.0019047619047619048,29.88428250981391,0.5380712879643738,seen,42006,5b87863a6880226e82c5c6e3274593b3b7b3696efe93b09a1646720b97bdb43c,scn1_structured_env42006,structured,0.015192555869843962,7.566147720245494,0.22030477383018254,wm_residual_rl,31000.0,0.05835072691014994,1,0.029047619047619048,0.0,1.0,0.0
0.11476190476190476,0.0019047619047619048,29.89666349395361,0.5493894269051824,seen,42006,5b87863a6880226e82c5c6e3274593b3b7b3696efe93b09a1646720b97bdb43c,scn1_structured_env42006,structured,0.015416828712044939,7.5830783255852126,0.22030476539920382,wm_residual_rl,31001.0,0.059782100253564535,1,0.02095238095238095,0.0,1.0,0.0
0.11523809523809524,0.0019047619047619048,29.896794218995073,0.49100039015600955,seen,42006,5b87863a6880226e82c5c6e3274593b3b7b3696efe93b09a1646720b97bdb43c,scn1_structured_env42006,structured,0.015394070082412009,7.586164596298302,0.22030476539920382,wm_residual_rl,31002.0,0.06085897412469385,1,0.02,0.0,1.0,0.0
0.11571428571428571,0.0019047619047619048,29.86736546930422,0.4867602850691955,seen,42006,5b87863a6880226e82c5c6e3274593b3b7b3696efe93b09a1646720b97bdb43c,scn1_structured_env42006,structured,0.015372852110286587,7.5455422853419325,0.2203057087479767,wm_residual_rl,31003.0,0.05825625335455283,1,0.02619047619047619,0.0,1.0,0.0
0.11523809523809524,0.0019047619047619048,29.885674563609445,0.5147819153219013,seen,42006,5b87863a6880226e82c5c6e3274593b3b7b3696efe93b09a1646720b97bdb43c,scn1_structured_env42006,structured,0.015373771870848938,7.5425558067906895,0.22030569552635443,wm_residual_rl,31004.0,0.05763635667552723,1,0.030476190476190476,0.0,1.0,0.0
0.11761904761904762,0.001587301587301587,28.9488954905053,0.0,seen,42007,dc2fa4f5710db1010b378b68ec6a36e7d10215a2dbf5b1d237a4be0aab13ea00,scn1_structured_env42007,structured,0.03902171019093693,7.415654346847808,0.3214794768935681,smc,,0.1475435670917703,1,0.02666666666666667,0.0,1.0,0.0
0.1280952380952381,0.00039682539682539677,30.074049934952896,1.0,seen,42007,dc2fa4f5710db1010b378b68ec6a36e7d10215a2dbf5b1d237a4be0aab13ea00,scn1_structured_env42007,structured,0.013115293433589852,6.980096843315323,0.21304536143655167,mpc,,0.057410824891176944,1,0.02238095238095238,0.0,1.0,0.0
0.11523809523809524,0.001587301587301587,29.870106415807797,0.5932797619047617,seen,42007,dc2fa4f5710db1010b378b68ec6a36e7d10215a2dbf5b1d237a4be0aab13ea00,scn1_structured_env42007,structured,0.014387561347538122,7.604482432590481,0.2008830452658263,constant_alpha,,0.053964037538538956,1,0.03333333333333333,0.0,1.0,0.0
0.1219047619047619,0.001587301587301587,29.9205352937306,0.893497504424851,seen,42007,dc2fa4f5710db1010b378b68ec6a36e7d10215a2dbf5b1d237a4be0aab13ea00,scn1_structured_env42007,structured,0.013166551866257755,7.467460399379666,0.20088779193325,sspo,,0.04848214570697338,1,0.03571428571428571,0.0,1.0,0.0
0.12571428571428572,0.001587301587301587,29.89188269777448,0.8399523695631151,seen,42007,dc2fa4f5710db1010b378b68ec6a36e7d10215a2dbf5b1d237a4be0aab13ea00,scn1_structured_env42007,structured,0.013311819167281868,7.387365535432427,0.20242573972501168,v3_transformer,31000.0,0.04864563063908295,1,0.045714285714285714,0.0,1.0,0.0
0.12523809523809523,0.001587301587301587,29.896640392065812,0.835768266174817,seen,42007,dc2fa4f5710db1010b378b68ec6a36e7d10215a2dbf5b1d237a4be0aab13ea00,scn1_structured_env42007,structured,0.013253663331800714,7.394418822420834,0.20109676648518318,v3_transformer,31001.0,0.04850783841619766,1,0.03,0.0,1.0,0.0
0.12523809523809523,0.001587301587301587,29.89206878017864,0.8379089229889559,seen,42007,dc2fa4f5710db1010b378b68ec6a36e7d10215a2dbf5b1d237a4be0aab13ea00,scn1_structured_env42007,structured,0.013506515544797084,7.380405666397685,0.20091246056471093,v3_transformer,31002.0,0.04829722434402366,1,0.03761904761904762,0.0,1.0,0.0
0.12571428571428572,0.001587301587301587,29.8918609825368,0.8542163116470769,seen,42007,dc2fa4f5710db1010b378b68ec6a36e7d10215a2dbf5b1d237a4be0aab13ea00,scn1_structured_env42007,structured,0.013388085477701647,7.412148756630276,0.20104326223399058,v3_transformer,31003.0,0.04837279283136381,1,0.024285714285714285,0.0,1.0,0.0
0.12571428571428572,0.001587301587301587,29.915069488519887,0.8500080225966988,seen,42007,dc2fa4f5710db1010b378b68ec6a36e7d10215a2dbf5b1d237a4be0aab13ea00,scn1_structured_env42007,structured,0.01331545478417931,7.388841244933852,0.20134769255530802,v3_transformer,31004.0,0.048239660688358374,1,0.024285714285714285,0.0,1.0,0.0
0.12571428571428572,0.001587301587301587,29.891473044824323,0.8394427567894612,seen,42007,dc2fa4f5710db1010b378b68ec6a36e7d10215a2dbf5b1d237a4be0aab13ea00,scn1_structured_env42007,structured,0.013297942513176605,7.385918460815965,0.20242818019682593,wm_hybrid,31000.0,0.04864741645392173,1,0.024285714285714285,0.0,1.0,0.049523809523809526
0.12523809523809523,0.001587301587301587,29.894866149585777,0.8343914839781855,seen,42007,dc2fa4f5710db1010b378b68ec6a36e7d10215a2dbf5b1d237a4be0aab13ea00,scn1_structured_env42007,structured,0.01322476890157226,7.393559267173805,0.20109697068701465,wm_hybrid,31001.0,0.04852959319465192,1,0.019523809523809523,0.0,1.0,0.049523809523809526
0.12571428571428572,0.001587301587301587,29.891950722963433,0.8369549769270853,seen,42007,dc2fa4f5710db1010b378b68ec6a36e7d10215a2dbf5b1d237a4be0aab13ea00,scn1_structured_env42007,structured,0.013497007629953657,7.378831011355088,0.20091246056471093,wm_hybrid,31002.0,0.048295066231304314,1,0.021904761904761906,0.0,1.0,0.049523809523809526
0.12571428571428572,0.001587301587301587,29.891477965225395,0.8526376353371344,seen,42007,dc2fa4f5710db1010b378b68ec6a36e7d10215a2dbf5b1d237a4be0aab13ea00,scn1_structured_env42007,structured,0.01337732356982102,7.410674536876999,0.20104441364692396,wm_hybrid,31003.0,0.04838312906734295,1,0.02,0.0,1.0,0.049523809523809526
0.12571428571428572,0.001587301587301587,29.913558745308855,0.8480573072526011,seen,42007,dc2fa4f5710db1010b378b68ec6a36e7d10215a2dbf5b1d237a4be0aab13ea00,scn1_structured_env42007,structured,0.013301962492490386,7.385887771152348,0.20134857887762855,wm_hybrid,31004.0,0.04823166125703146,1,0.017619047619047618,0.0,1.0,0.049523809523809526
0.11523809523809524,0.001587301587301587,29.80008997678856,0.5720639643009814,seen,42007,dc2fa4f5710db1010b378b68ec6a36e7d10215a2dbf5b1d237a4be0aab13ea00,scn1_structured_env42007,structured,0.014392546610869947,7.587929747721909,0.20088756303667307,residual_rl,31000.0,0.05350718375362628,1,0.024761904761904763,0.0,1.0,0.0
0.11476190476190476,0.001587301587301587,29.813884007189063,0.5529472206319458,seen,42007,dc2fa4f5710db1010b378b68ec6a36e7d10215a2dbf5b1d237a4be0aab13ea00,scn1_structured_env42007,structured,0.015565058236764151,7.587606363741671,0.2008901856339692,residual_rl,31001.0,0.05369771443611565,1,0.025238095238095237,0.0,1.0,0.0
0.11619047619047619,0.001587301587301587,29.819848118346663,0.5040531151517085,seen,42007,dc2fa4f5710db1010b378b68ec6a36e7d10215a2dbf5b1d237a4be0aab13ea00,scn1_structured_env42007,structured,0.013858054735461313,7.609164236505642,0.2008830452658263,residual_rl,31002.0,0.05499970596529172,1,0.03,0.0,1.0,0.0
0.11523809523809524,0.001587301587301587,29.80216649868152,0.5018938544802319,seen,42007,dc2fa4f5710db1010b378b68ec6a36e7d10215a2dbf5b1d237a4be0aab13ea00,scn1_structured_env42007,structured,0.015504122632114417,7.59240748664624,0.200890061535699,residual_rl,31003.0,0.054350761268309136,1,0.021904761904761906,0.0,1.0,0.0
0.11619047619047619,0.001587301587301587,29.8512380801609,0.49696704908192674,seen,42007,dc2fa4f5710db1010b378b68ec6a36e7d10215a2dbf5b1d237a4be0aab13ea00,scn1_structured_env42007,structured,0.015069745365855935,7.5927331475295325,0.2008830452658263,residual_rl,31004.0,0.054779976747843885,1,0.023333333333333334,0.0,1.0,0.0
0.11523809523809524,0.001587301587301587,29.811240887695586,0.5370449069192902,seen,42007,dc2fa4f5710db1010b378b68ec6a36e7d10215a2dbf5b1d237a4be0aab13ea00,scn1_structured_env42007,structured,0.0155625203498896,7.61810689416269,0.20088349191100718,wm_residual_rl,31000.0,0.05492112199875177,1,0.02142857142857143,0.0,1.0,0.0
0.11523809523809524,0.001587301587301587,29.84711225931893,0.5548015218331428,seen,42007,dc2fa4f5710db1010b378b68ec6a36e7d10215a2dbf5b1d237a4be0aab13ea00,scn1_structured_env42007,structured,0.015158690877070153,7.626219532508511,0.2008830452658263,wm_residual_rl,31001.0,0.055558189538061686,1,0.020476190476190478,0.0,1.0,0.0
0.11619047619047619,0.001587301587301587,29.84465048538537,0.4910268237554102,seen,42007,dc2fa4f5710db1010b378b68ec6a36e7d10215a2dbf5b1d237a4be0aab13ea00,scn1_structured_env42007,structured,0.015101642690627234,7.6275655247469425,0.2008830452658263,wm_residual_rl,31002.0,0.05651222742315813,1,0.020476190476190478,0.0,1.0,0.0
0.11619047619047619,0.001587301587301587,29.802762115197407,0.486661155051352,seen,42007,dc2fa4f5710db1010b378b68ec6a36e7d10215a2dbf5b1d237a4be0aab13ea00,scn1_structured_env42007,structured,0.015426432393458596,7.59508451598927,0.2008891714172565,wm_residual_rl,31003.0,0.05463932882166501,1,0.023809523809523808,0.0,1.0,0.0
0.11523809523809524,0.001587301587301587,29.813634242821685,0.5151142937678528,seen,42007,dc2fa4f5710db1010b378b68ec6a36e7d10215a2dbf5b1d237a4be0aab13ea00,scn1_structured_env42007,structured,0.015720773887019115,7.596154350298445,0.2008880430096405,wm_residual_rl,31004.0,0.05430328828301419,1,0.02619047619047619,0.0,1.0,0.0
0.11857142857142858,0.0017460317460317458,29.01279959254659,0.0,seen,42008,ae1203ca2718e1b72fb024cefa7f98f5250f4afe77066e07f67e16a6530eb34a,scn1_structured_env42008,structured,0.03929218711578773,7.40881563117421,0.320616828694196,smc,,0.147570895579198,1,0.029523809523809525,0.0,1.0,0.0
0.12714285714285714,0.0002380952380952381,30.058979566206464,1.0,seen,42008,ae1203ca2718e1b72fb024cefa7f98f5250f4afe77066e07f67e16a6530eb34a,scn1_structured_env42008,structured,0.013470731532322323,6.915517114535902,0.22630971994731192,mpc,,0.05941822305799272,1,0.030476190476190476,0.0,1.0,0.0
0.11523809523809524,0.0016666666666666668,29.881721741075317,0.5932797619047617,seen,42008,ae1203ca2718e1b72fb024cefa7f98f5250f4afe77066e07f67e16a6530eb34a,scn1_structured_env42008,structured,0.015255093928547719,7.585139675278827,0.20445060035952997,constant_alpha,,0.05510746083782386,1,0.03,0.0,1.0,0.0
0.12142857142857143,0.0016666666666666668,29.94656940313627,0.8927385521214884,seen,42008,ae1203ca2718e1b72fb024cefa7f98f5250f4afe77066e07f67e16a6530eb34a,scn1_structured_env42008,structured,0.013592842583660815,7.4378472299833165,0.2045570865097251,sspo,,0.04888403853255332,1,0.02095238095238095,0.0,1.0,0.0
0.12476190476190477,0.0016666666666666668,29.927632151675763,0.845650237683474,seen,42008,ae1203ca2718e1b72fb024cefa7f98f5250f4afe77066e07f67e16a6530eb34a,scn1_structured_env42008,structured,0.013627898445627696,7.347238263184505,0.2082213119851448,v3_transformer,31000.0,0.04960361076202824,1,0.025238095238095237,0.0,1.0,0.0
0.12476190476190477,0.0016666666666666668,29.926980780991627,0.851198803202501,seen,42008,ae1203ca2718e1b72fb024cefa7f98f5250f4afe77066e07f67e16a6530eb34a,scn1_structured_env42008,structured,0.013620572620815908,7.341040965008085,0.20550069050470693,v3_transformer,31001.0,0.04913145714768439,1,0.02095238095238095,0.0,1.0,0.0
0.12428571428571429,0.0016666666666666668,29.923882331292024,0.8378959408126303,seen,42008,ae1203ca2718e1b72fb024cefa7f98f5250f4afe77066e07f67e16a6530eb34a,scn1_structured_env42008,structured,0.013619260665446645,7.31811468010504,0.20669119223186969,v3_transformer,31002.0,0.049379974765477876,1,0.02761904761904762,0.0,1.0,0.0
0.12428571428571429,0.0016666666666666668,29.92174497428785,0.8556866037680019,seen,42008,ae1203ca2718e1b72fb024cefa7f98f5250f4afe77066e07f67e16a6530eb34a,scn1_structured_env42008,structured,0.013611453163422799,7.362615398367465,0.2062133171853745,v3_transformer,31003.0,0.049559165124422884,1,0.02238095238095238,0.0,1.0,0.0
0.12476190476190477,0.0016666666666666668,29.936724964982417,0.8428921357486849,seen,42008,ae1203ca2718e1b72fb024cefa7f98f5250f4afe77066e07f67e16a6530eb34a,scn1_structured_env42008,structured,0.013627559144526138,7.325046570589391,0.20792994679094434,v3_transformer,31004.0,0.04941763711402958,1,0.023809523809523808,0.0,1.0,0.0
0.12476190476190477,0.0016666666666666668,29.92744124051921,0.8438090028924856,seen,42008,ae1203ca2718e1b72fb024cefa7f98f5250f4afe77066e07f67e16a6530eb34a,scn1_structured_env42008,structured,0.01362211223060875,7.344447744642403,0.20823284569763975,wm_hybrid,31000.0,0.049624222289962945,1,0.030952380952380953,0.0,1.0,0.049523809523809526
0.12476190476190477,0.0016666666666666668,29.925867061208766,0.849097361036262,seen,42008,ae1203ca2718e1b72fb024cefa7f98f5250f4afe77066e07f67e16a6530eb34a,scn1_structured_env42008,structured,0.01361718151925288,7.338750452900433,0.20550213321957744,wm_hybrid,31001.0,0.04916309991155184,1,0.027142857142857142,0.0,1.0,0.049523809523809526
0.12428571428571429,0.0016666666666666668,29.92377398389364,0.8368692459177184,seen,42008,ae1203ca2718e1b72fb024cefa7f98f5250f4afe77066e07f67e16a6530eb34a,scn1_structured_env42008,structured,0.01361691549718814,7.316198982424646,0.20669551342769565,wm_hybrid,31002.0,0.04939476288894611,1,0.019523809523809523,0.0,1.0,0.049523809523809526
0.12476190476190477,0.0016666666666666668,29.921667051305423,0.8533338459225734,seen,42008,ae1203ca2718e1b72fb024cefa7f98f5250f4afe77066e07f67e16a6530eb34a,scn1_structured_env42008,structured,0.01360646301259015,7.36039664421348,0.20621865467645334,wm_hybrid,31003.0,0.049577019103417316,1,0.016666666666666666,0.0,1.0,0.049523809523809526
0.12476190476190477,0.0016666666666666668,29.936232826737104,0.8408651422387075,seen,42008,ae1203ca2718e1b72fb024cefa7f98f5250f4afe77066e07f67e16a6530eb34a,scn1_structured_env42008,structured,0.013624392921827478,7.32127307514416,0.20794098512665288,wm_hybrid,31004.0,0.049435841727900984,1,0.024761904761904763,0.0,1.0,0.049523809523809526
0.11523809523809524,0.0016666666666666668,29.82343034203698,0.571719444289023,seen,42008,ae1203ca2718e1b72fb024cefa7f98f5250f4afe77066e07f67e16a6530eb34a,scn1_structured_env42008,structured,0.014658072038596946,7.562629360602578,0.2044589227737283,residual_rl,31000.0,0.05419513210515795,1,0.011428571428571429,0.0,1.0,0.0
0.11523809523809524,0.0016666666666666668,29.83290481450433,0.5525275435599108,seen,42008,ae1203ca2718e1b72fb024cefa7f98f5250f4afe77066e07f67e16a6530eb34a,scn1_structured_env42008,structured,0.015974265214760208,7.56395188104184,0.2044624471467994,residual_rl,31001.0,0.054524607527796747,1,0.021904761904761906,0.0,1.0,0.0
0.11571428571428571,0.0016666666666666668,29.823715355419555,0.5043071363856841,seen,42008,ae1203ca2718e1b72fb024cefa7f98f5250f4afe77066e07f67e16a6530eb34a,scn1_structured_env42008,structured,0.014776825495393626,7.5935084696805255,0.20445060035952997,residual_rl,31002.0,0.05640630402275309,1,0.02,0.0,1.0,0.0
0.11571428571428571,0.0016666666666666668,29.820246424251902,0.5026378368549014,seen,42008,ae1203ca2718e1b72fb024cefa7f98f5250f4afe77066e07f67e16a6530eb34a,scn1_structured_env42008,structured,0.016039332168521526,7.56978883821605,0.20446219371732657,residual_rl,31003.0,0.0552493824246452,1,0.014761904761904763,0.0,1.0,0.0
0.11571428571428571,0.0016666666666666668,29.856296700433315,0.49697603431562376,seen,42008,ae1203ca2718e1b72fb024cefa7f98f5250f4afe77066e07f67e16a6530eb34a,scn1_structured_env42008,structured,0.01600081495744919,7.576778297344664,0.20445060035952997,residual_rl,31004.0,0.05620861554925551,1,0.010476190476190476,0.0,1.0,0.0
0.11571428571428571,0.0016666666666666668,29.836894789520695,0.537895208571249,seen,42008,ae1203ca2718e1b72fb024cefa7f98f5250f4afe77066e07f67e16a6530eb34a,scn1_structured_env42008,structured,0.01581447983909164,7.593516650000278,0.20445276477201693,wm_residual_rl,31000.0,0.0556044490074946,1,0.01619047619047619,0.0,1.0,0.0
0.11523809523809524,0.0016666666666666668,29.849240973614144,0.5500811172100034,seen,42008,ae1203ca2718e1b72fb024cefa7f98f5250f4afe77066e07f67e16a6530eb34a,scn1_structured_env42008,structured,0.01605601637821769,7.610977604760035,0.20445060035952997,wm_residual_rl,31001.0,0.05705303282241763,1,0.02,0.0,1.0,0.0
0.11571428571428571,0.0016666666666666668,29.847851137960262,0.4909330126109285,seen,42008,ae1203ca2718e1b72fb024cefa7f98f5250f4afe77066e07f67e16a6530eb34a,scn1_structured_env42008,structured,0.016034895849236504,7.61447481121828,0.20445060035952997,wm_residual_rl,31002.0,0.058176510321437065,1,0.025238095238095237,0.0,1.0,0.0
0.11571428571428571,0.0016666666666666668,29.819936641686162,0.4865878643147004,seen,42008,ae1203ca2718e1b72fb024cefa7f98f5250f4afe77066e07f67e16a6530eb34a,scn1_structured_env42008,structured,0.01601469322864829,7.57393504330878,0.20446112811910935,wm_residual_rl,31003.0,0.05564952323561531,1,0.024761904761904763,0.0,1.0,0.0
0.11571428571428571,0.0016666666666666668,29.83879432104126,0.5152766573877268,seen,42008,ae1203ca2718e1b72fb024cefa7f98f5250f4afe77066e07f67e16a6530eb34a,scn1_structured_env42008,structured,0.016008783316194132,7.571049800892601,0.20445926247501506,wm_residual_rl,31004.0,0.05497012290830426,1,0.023809523809523808,0.0,1.0,0.0
0.11857142857142858,0.002142857142857143,29.175017039052165,0.0,seen,42010,f981d01df7c0dbfb8f6fab1b5df27420e9a76602a07bffba7018d2f4ddf7481a,scn1_structured_env42010,structured,0.0398141452432748,7.457550922839702,0.347562834997443,smc,,0.15228451684781066,1,0.03380952380952381,0.0,1.0,0.0
0.12857142857142856,0.00039682539682539677,30.13872553315111,1.0,seen,42010,f981d01df7c0dbfb8f6fab1b5df27420e9a76602a07bffba7018d2f4ddf7481a,scn1_structured_env42010,structured,0.012989820986493343,6.882652119508231,0.24524465201401774,mpc,,0.06282686255966112,1,0.034761904761904765,0.0,1.0,0.0
0.11523809523809524,0.0020634920634920633,29.981420241764322,0.5932797619047617,seen,42010,f981d01df7c0dbfb8f6fab1b5df27420e9a76602a07bffba7018d2f4ddf7481a,scn1_structured_env42010,structured,0.015185258568416599,7.613061038671197,0.25899557240537435,constant_alpha,,0.06124414916428705,1,0.03428571428571429,0.0,1.0,0.0
0.12142857142857143,0.0020634920634920633,30.034348820045672,0.8929856726333641,seen,42010,f981d01df7c0dbfb8f6fab1b5df27420e9a76602a07bffba7018d2f4ddf7481a,scn1_structured_env42010,structured,0.01379625679709506,7.4700073314128455,0.2594429845881179,sspo,,0.056428448851615784,1,0.02238095238095238,0.0,1.0,0.0
0.12523809523809523,0.0020634920634920633,30.028005130850826,0.829792577924819,seen,42010,f981d01df7c0dbfb8f6fab1b5df27420e9a76602a07bffba7018d2f4ddf7481a,scn1_structured_env42010,structured,0.01344809483372697,7.325067913994247,0.2625518080729657,v3_transformer,31000.0,0.05790500568452123,1,0.021904761904761906,0.0,1.0,0.0
0.12380952380952381,0.0020634920634920633,30.0275784579709,0.8345482583154421,seen,42010,f981d01df7c0dbfb8f6fab1b5df27420e9a76602a07bffba7018d2f4ddf7481a,scn1_structured_env42010,structured,0.013729826806603966,7.292297833415015,0.2603032710889024,v3_transformer,31001.0,0.05784823381047347,1,0.023809523809523808,0.0,1.0,0.0
0.12523809523809523,0.0020634920634920633,30.015559537238833,0.8355150161761417,seen,42010,f981d01df7c0dbfb8f6fab1b5df27420e9a76602a07bffba7018d2f4ddf7481a,scn1_structured_env42010,structured,0.013529300383703577,7.336480404700957,0.25984329759172486,v3_transformer,31002.0,0.05692286616873575,1,0.02142857142857143,0.0,1.0,0.0
0.12523809523809523,0.0020634920634920633,30.01485949228397,0.852750996684301,seen,42010,f981d01df7c0dbfb8f6fab1b5df27420e9a76602a07bffba7018d2f4ddf7481a,scn1_structured_env42010,structured,0.013576690672463984,7.38573925177054,0.26048515262544014,v3_transformer,31003.0,0.05746287625836783,1,0.023809523809523808,0.0,1.0,0.0
0.12523809523809523,0.0020634920634920633,30.02782970028758,0.8405270800390489,seen,42010,f981d01df7c0dbfb8f6fab1b5df27420e9a76602a07bffba7018d2f4ddf7481a,scn1_structured_env42010,structured,0.013253600583347016,7.353252277538278,0.2615858276433266,v3_transformer,31004.0,0.05759780555099422,1,0.02666666666666667,0.0,1.0,0.0
0.12523809523809523,0.0020634920634920633,30.02776032052142,0.8289856227385192,seen,42010,f981d01df7c0dbfb8f6fab1b5df27420e9a76602a07bffba7018d2f4ddf7481a,scn1_structured_env42010,structured,0.013413534700761204,7.321265966132303,0.2625529784004985,wm_hybrid,31000.0,0.0579423134764919,1,0.08095238095238096,0.0,1.0,0.049523809523809526
0.12380952380952381,0.0020634920634920633,30.026781817553662,0.831671609028926,seen,42010,f981d01df7c0dbfb8f6fab1b5df27420e9a76602a07bffba7018d2f4ddf7481a,scn1_structured_env42010,structured,0.013710815909528813,7.289792432580632,0.2603032710889024,wm_hybrid,31001.0,0.05789214770845901,1,0.09047619047619047,0.0,1.0,0.049523809523809526
0.12523809523809523,0.0020634920634920633,30.01546213551,0.8337907156941078,seen,42010,f981d01df7c0dbfb8f6fab1b5df27420e9a76602a07bffba7018d2f4ddf7481a,scn1_structured_env42010,structured,0.013508044473501749,7.334829561458326,0.25984329759172486,wm_hybrid,31002.0,0.0569614127651029,1,0.08904761904761904,0.0,1.0,0.049523809523809526
0.12523809523809523,0.0020634920634920633,30.01491823308994,0.8502768619697262,seen,42010,f981d01df7c0dbfb8f6fab1b5df27420e9a76602a07bffba7018d2f4ddf7481a,scn1_structured_env42010,structured,0.013547540538674066,7.382658480532994,0.26048515262544014,wm_hybrid,31003.0,0.057499445427328086,1,0.10428571428571429,0.0,1.0,0.049523809523809526
0.12523809523809523,0.0020634920634920633,30.02745016661258,0.8390424149566161,seen,42010,f981d01df7c0dbfb8f6fab1b5df27420e9a76602a07bffba7018d2f4ddf7481a,scn1_structured_env42010,structured,0.013230040479930217,7.349236443612815,0.2615858276433266,wm_hybrid,31004.0,0.0576305675226817,1,0.08761904761904762,0.0,1.0,0.049523809523809526
0.11476190476190476,0.0020634920634920633,29.92506458337318,0.572085724078383,seen,42010,f981d01df7c0dbfb8f6fab1b5df27420e9a76602a07bffba7018d2f4ddf7481a,scn1_structured_env42010,structured,0.014524231669124737,7.5905070971827495,0.25899571415557654,residual_rl,31000.0,0.06048848154293042,1,0.06428571428571428,0.0,1.0,0.0
0.11523809523809524,0.0020634920634920633,29.932970736312537,0.5529656909078795,seen,42010,f981d01df7c0dbfb8f6fab1b5df27420e9a76602a07bffba7018d2f4ddf7481a,scn1_structured_env42010,structured,0.01598319551549023,7.59133894509,0.25899593704077084,residual_rl,31001.0,0.060770971120849615,1,0.09952380952380953,0.0,1.0,0.0
0.11571428571428571,0.0020634920634920633,29.92303878838518,0.5032485042708214,seen,42010,f981d01df7c0dbfb8f6fab1b5df27420e9a76602a07bffba7018d2f4ddf7481a,scn1_structured_env42010,structured,0.014702941950009919,7.616797156230679,0.25899557240537435,residual_rl,31002.0,0.06214781085819278,1,0.08238095238095237,0.0,1.0,0.0
0.11571428571428571,0.0020634920634920633,29.92084155323494,0.5017967766733833,seen,42010,f981d01df7c0dbfb8f6fab1b5df27420e9a76602a07bffba7018d2f4ddf7481a,scn1_structured_env42010,structured,0.016026359609868934,7.596371986949693,0.25899590970331793,residual_rl,31003.0,0.061352971373515794,1,0.13,0.0,1.0,0.0
0.11571428571428571,0.0020634920634920633,29.958739166916004,0.4970401756210848,seen,42010,f981d01df7c0dbfb8f6fab1b5df27420e9a76602a07bffba7018d2f4ddf7481a,scn1_structured_env42010,structured,0.015988546868560327,7.602715206479977,0.25899557240537435,residual_rl,31004.0,0.062090983342438046,1,0.06523809523809523,0.0,1.0,0.0
0.11571428571428571,0.0020634920634920633,29.93825276694432,0.5368917468927141,seen,42010,f981d01df7c0dbfb8f6fab1b5df27420e9a76602a07bffba7018d2f4ddf7481a,scn1_structured_env42010,structured,0.015773477693187665,7.622418596071934,0.25899557240537435,wm_residual_rl,31000.0,0.061796257246488746,1,0.0919047619047619,0.0,1.0,0.0
0.11476190476190476,0.0020634920634920633,29.95153717911253,0.5518980801830546,seen,42010,f981d01df7c0dbfb8f6fab1b5df27420e9a76602a07bffba7018d2f4ddf7481a,scn1_structured_env42010,structured,0.016051546823295473,7.636780228300066,0.25899557240537435,wm_residual_rl,31001.0,0.06278983629080187,1,0.13523809523809524,0.0,1.0,0.0
0.11571428571428571,0.0020634920634920633,29.94388399568502,0.49040189785122484,seen,42010,f981d01df7c0dbfb8f6fab1b5df27420e9a76602a07bffba7018d2f4ddf7481a,scn1_structured_env42010,structured,0.01603182999743372,7.639679555984558,0.25899557240537435,wm_residual_rl,31002.0,0.06361446566757684,1,0.08523809523809524,0.0,1.0,0.0
0.11571428571428571,0.0020634920634920633,29.92031342658661,0.48659354785268716,seen,42010,f981d01df7c0dbfb8f6fab1b5df27420e9a76602a07bffba7018d2f4ddf7481a,scn1_structured_env42010,structured,0.016008816885081614,7.5996894412956495,0.2589957748347325,wm_residual_rl,31003.0,0.061648990124847314,1,0.1019047619047619,0.0,1.0,0.0
0.11571428571428571,0.0020634920634920633,29.937441597077488,0.5147017733179392,seen,42010,f981d01df7c0dbfb8f6fab1b5df27420e9a76602a07bffba7018d2f4ddf7481a,scn1_structured_env42010,structured,0.01600004631114865,7.598071477133268,0.25899575304046774,wm_residual_rl,31004.0,0.06113279265960113,1,0.07809523809523809,0.0,1.0,0.0
0.11761904761904762,0.001984126984126984,29.014167521638914,0.0,seen,42009,819a8b836048608cf15b4b857dea3639788891e7ca615072dfa4557e8095f840,scn1_structured_env42009,structured,0.038249498212300226,7.400885744171897,0.3184551566773105,smc,,0.14752057004909794,1,0.029047619047619048,0.0,1.0,0.0
0.12904761904761905,0.0002380952380952381,30.063043991542983,1.0,seen,42009,819a8b836048608cf15b4b857dea3639788891e7ca615072dfa4557e8095f840,scn1_structured_env42009,structured,0.012526623861041317,6.956339212162129,0.2238461978752289,mpc,,0.05871385657322452,1,0.03333333333333333,0.0,1.0,0.0
0.11523809523809524,0.001984126984126984,29.89972256565002,0.5932797619047617,seen,42009,819a8b836048608cf15b4b857dea3639788891e7ca615072dfa4557e8095f840,scn1_structured_env42009,structured,0.014924596511343122,7.587511837765588,0.2025175379171577,constant_alpha,,0.054503893226416376,1,0.047619047619047616,0.0,1.0,0.0
0.12333333333333334,0.001984126984126984,29.954647073744987,0.8922619326606396,seen,42009,819a8b836048608cf15b4b857dea3639788891e7ca615072dfa4557e8095f840,scn1_structured_env42009,structured,0.013353908748776486,7.440201732131601,0.20283124832519006,sspo,,0.048480881817665064,1,0.02619047619047619,0.0,1.0,0.0
0.12761904761904763,0.001984126984126984,29.94524014724553,0.8450827127610662,seen,42009,819a8b836048608cf15b4b857dea3639788891e7ca615072dfa4557e8095f840,scn1_structured_env42009,structured,0.013340125288691735,7.301373504786963,0.20691814573184933,v3_transformer,31000.0,0.049629865567484506,1,0.023809523809523808,0.0,1.0,0.0
0.12571428571428572,0.001984126984126984,29.94750193118147,0.8493605437521569,seen,42009,819a8b836048608cf15b4b857dea3639788891e7ca615072dfa4557e8095f840,scn1_structured_env42009,structured,0.013157674573622644,7.312401761349955,0.20412070229787133,v3_transformer,31001.0,0.049065403852701396,1,0.021904761904761906,0.0,1.0,0.0
0.12666666666666668,0.001984126984126984,29.946875462325863,0.8381024597002474,seen,42009,819a8b836048608cf15b4b857dea3639788891e7ca615072dfa4557e8095f840,scn1_structured_env42009,structured,0.013176432500426412,7.276550481664553,0.20666229834788155,v3_transformer,31002.0,0.04967758192456078,1,0.02666666666666667,0.0,1.0,0.0
0.12666666666666668,0.001984126984126984,29.945591927617162,0.85657647099757,seen,42009,819a8b836048608cf15b4b857dea3639788891e7ca615072dfa4557e8095f840,scn1_structured_env42009,structured,0.013094850569790942,7.342126209321753,0.20644503457084998,v3_transformer,31003.0,0.049889431336239846,1,0.02142857142857143,0.0,1.0,0.0
0.12761904761904763,0.001984126984126984,29.950053991406712,0.8451856906563466,seen,42009,819a8b836048608cf15b4b857dea3639788891e7ca615072dfa4557e8095f840,scn1_structured_env42009,structured,0.01289443428096981,7.327504192853543,0.20496682541622924,v3_transformer,31004.0,0.04890981113283582,1,0.02238095238095238,0.0,1.0,0.0
0.12714285714285714,0.001984126984126984,29.946496867593243,0.843590348293848,seen,42009,819a8b836048608cf15b4b857dea3639788891e7ca615072dfa4557e8095f840,scn1_structured_env42009,structured,0.013213322779949362,7.2999760484536065,0.20693326538073026,wm_hybrid,31000.0,0.049628573852926794,1,0.08952380952380952,0.0,1.0,0.049523809523809526
0.12571428571428572,0.001984126984126984,29.945609499856033,0.8472303341431241,seen,42009,819a8b836048608cf15b4b857dea3639788891e7ca615072dfa4557e8095f840,scn1_structured_env42009,structured,0.013159969013695325,7.309509359620061,0.2041241103354239,wm_hybrid,31001.0,0.049108034036647104,1,0.08428571428571428,0.0,1.0,0.049523809523809526
0.12666666666666668,0.001984126984126984,29.947106823680166,0.8368662640020424,seen,42009,819a8b836048608cf15b4b857dea3639788891e7ca615072dfa4557e8095f840,scn1_structured_env42009,structured,0.013170201627654903,7.273653640743103,0.2066886919130649,wm_hybrid,31002.0,0.04971695555366525,1,0.06571428571428571,0.0,1.0,0.049523809523809526
0.12714285714285714,0.001984126984126984,29.945410528543107,0.8541580769734033,seen,42009,819a8b836048608cf15b4b857dea3639788891e7ca615072dfa4557e8095f840,scn1_structured_env42009,structured,0.013120392769447105,7.33762578836363,0.20646044457362786,wm_hybrid,31003.0,0.049908056772865354,1,0.12238095238095238,0.0,1.0,0.049523809523809526
0.12761904761904763,0.001984126984126984,29.9488374484508,0.8426143743113397,seen,42009,819a8b836048608cf15b4b857dea3639788891e7ca615072dfa4557e8095f840,scn1_structured_env42009,structured,0.01289610086881808,7.323920034925517,0.2049721060973357,wm_hybrid,31004.0,0.04895144888042422,1,0.07666666666666666,0.0,1.0,0.049523809523809526
0.11476190476190476,0.001984126984126984,29.844136699574392,0.57189254471671,seen,42009,819a8b836048608cf15b4b857dea3639788891e7ca615072dfa4557e8095f840,scn1_structured_env42009,structured,0.014342500352255073,7.565221784547687,0.2025217640947444,residual_rl,31000.0,0.053622746848787595,1,0.08333333333333333,0.0,1.0,0.0
0.11476190476190476,0.001984126984126984,29.85208860840001,0.5529306458027453,seen,42009,819a8b836048608cf15b4b857dea3639788891e7ca615072dfa4557e8095f840,scn1_structured_env42009,structured,0.015653188647386244,7.565808958756343,0.20252415836761997,residual_rl,31001.0,0.05391316565702516,1,0.1019047619047619,0.0,1.0,0.0
0.11523809523809524,0.001984126984126984,29.839487854223044,0.5031726363001761,seen,42009,819a8b836048608cf15b4b857dea3639788891e7ca615072dfa4557e8095f840,scn1_structured_env42009,structured,0.014467874315997657,7.592258976388649,0.20251759908388997,residual_rl,31002.0,0.05554248210326136,1,0.08761904761904762,0.0,1.0,0.0
0.11523809523809524,0.001984126984126984,29.83936834271006,0.5021714143271547,seen,42009,819a8b836048608cf15b4b857dea3639788891e7ca615072dfa4557e8095f840,scn1_structured_env42009,structured,0.015667371761387,7.5711907276654795,0.20252383148067457,residual_rl,31003.0,0.05460923863683101,1,0.12095238095238095,0.0,1.0,0.0
0.11523809523809524,0.001984126984126984,29.874793118427533,0.49718542797710413,seen,42009,819a8b836048608cf15b4b857dea3639788891e7ca615072dfa4557e8095f840,scn1_structured_env42009,structured,0.01562951285870576,7.578368824279986,0.2025175379171577,residual_rl,31004.0,0.05554464086285847,1,0.09380952380952381,0.0,1.0,0.0
0.11523809523809524,0.001984126984126984,29.854953690266303,0.5367443335257314,seen,42009,819a8b836048608cf15b4b857dea3639788891e7ca615072dfa4557e8095f840,scn1_structured_env42009,structured,0.0154542316136606,7.59461567451052,0.20251840495757265,wm_residual_rl,31000.0,0.054940543466044614,1,0.12380952380952381,0.0,1.0,0.0
0.11476190476190476,0.001984126984126984,29.863971971832626,0.5504256986541796,seen,42009,819a8b836048608cf15b4b857dea3639788891e7ca615072dfa4557e8095f840,scn1_structured_env42009,structured,0.0156874889996961,7.611472098888687,0.2025177000586105,wm_residual_rl,31001.0,0.05619389828007694,1,0.11428571428571428,0.0,1.0,0.0
0.11523809523809524,0.001984126984126984,29.860331573662435,0.490448493541016,seen,42009,819a8b836048608cf15b4b857dea3639788891e7ca615072dfa4557e8095f840,scn1_structured_env42009,structured,0.01565616562915858,7.615495290179078,0.20251897357452073,wm_residual_rl,31002.0,0.05726940779814609,1,0.07142857142857142,0.0,1.0,0.0
0.11571428571428571,0.001984126984126984,29.838642103788544,0.4867857323781565,seen,42009,819a8b836048608cf15b4b857dea3639788891e7ca615072dfa4557e8095f840,scn1_structured_env42009,structured,0.01563835548899722,7.574695020398008,0.20252346129675666,wm_residual_rl,31003.0,0.05495758670513006,1,0.11190476190476191,0.0,1.0,0.0
0.11523809523809524,0.001984126984126984,29.856969021953947,0.5147650631336269,seen,42009,819a8b836048608cf15b4b857dea3639788891e7ca615072dfa4557e8095f840,scn1_structured_env42009,structured,0.015636154791430792,7.573015159093709,0.20252172906404733,wm_residual_rl,31004.0,0.0543520883888515,1,0.0838095238095238,0.0,1.0,0.0
0.11761904761904762,0.0017460317460317458,29.047561297509038,0.0,seen,42011,ff0c6ed344d1d3f58fadc8641ebaec3657a210fa0bd1cfadb1b1f05c372ac9e1,scn1_structured_env42011,structured,0.039670724196614215,7.438349966637754,0.33536572365968254,smc,,0.15007648879950766,1,0.037142857142857144,0.0,1.0,0.0
0.1280952380952381,0.0002380952380952381,30.106916812769338,1.0,seen,42011,ff0c6ed344d1d3f58fadc8641ebaec3657a210fa0bd1cfadb1b1f05c372ac9e1,scn1_structured_env42011,structured,0.01261926516106296,6.938319900244047,0.2245000483559644,mpc,,0.05956273698279406,1,0.03619047619047619,0.0,1.0,0.0
0.11571428571428571,0.0017460317460317458,29.913509781966823,0.5932797619047617,seen,42011,ff0c6ed344d1d3f58fadc8641ebaec3657a210fa0bd1cfadb1b1f05c372ac9e1,scn1_structured_env42011,structured,0.015137005259961802,7.612631940919442,0.23075318651579413,constant_alpha,,0.057763409090793146,1,0.037142857142857144,0.0,1.0,0.0
0.1219047619047619,0.0017460317460317458,29.971666925333594,0.8936498359518029,seen,42011,ff0c6ed344d1d3f58fadc8641ebaec3657a210fa0bd1cfadb1b1f05c372ac9e1,scn1_structured_env42011,structured,0.013264256240903457,7.471148178842246,0.23077302325591803,sspo,,0.05237960031060727,1,0.029523809523809525,0.0,1.0,0.0
0.12523809523809523,0.0017460317460317458,29.947133598874053,0.8334979959007397,seen,42011,ff0c6ed344d1d3f58fadc8641ebaec3657a210fa0bd1cfadb1b1f05c372ac9e1,scn1_structured_env42011,structured,0.013119251933950443,7.358294395415178,0.23288476798191912,v3_transformer,31000.0,0.053039377842896925,1,0.03190476190476191,0.0,1.0,0.0
0.12428571428571429,0.0017460317460317458,29.948960047859227,0.8338755666305689,seen,42011,ff0c6ed344d1d3f58fadc8641ebaec3657a210fa0bd1cfadb1b1f05c372ac9e1,scn1_structured_env42011,structured,0.013091881221244626,7.349595142426557,0.23125724463056224,v3_transformer,31001.0,0.05271845920090489,1,0.025238095238095237,0.0,1.0,0.0
0.12523809523809523,0.0017460317460317458,29.943689143061846,0.836422127429224,seen,42011,ff0c6ed344d1d3f58fadc8641ebaec3657a210fa0bd1cfadb1b1f05c372ac9e1,scn1_structured_env42011,structured,0.013204927115208775,7.370388299495838,0.2308456569341957,v3_transformer,31002.0,0.05235127155284552,1,0.020476190476190478,0.0,1.0,0.0
0.12523809523809523,0.0017460317460317458,29.94040585620644,0.85306029523622,seen,42011,ff0c6ed344d1d3f58fadc8641ebaec3657a210fa0bd1cfadb1b1f05c372ac9e1,scn1_structured_env42011,structured,0.013350533269582241,7.402681922521495,0.2310261997318425,v3_transformer,31003.0,0.05255724334245495,1,0.025714285714285714,0.0,1.0,0.0
0.12571428571428572,0.0017460317460317458,29.951570751376302,0.8463494155386198,seen,42011,ff0c6ed344d1d3f58fadc8641ebaec3657a210fa0bd1cfadb1b1f05c372ac9e1,scn1_structured_env42011,structured,0.013264189447245363,7.377768290076939,0.23185983192924758,v3_transformer,31004.0,0.05258957838789845,1,0.02238095238095238,0.0,1.0,0.0
0.12476190476190477,0.0017460317460317458,29.946192940349803,0.8327411414274959,seen,42011,ff0c6ed344d1d3f58fadc8641ebaec3657a210fa0bd1cfadb1b1f05c372ac9e1,scn1_structured_env42011,structured,0.013198369673470779,7.3552021583612675,0.2328858060063361,wm_hybrid,31000.0,0.05308630495404441,1,0.08142857142857143,0.0,1.0,0.049523809523809526
0.12380952380952381,0.0017460317460317458,29.946048918761807,0.832204727556037,seen,42011,ff0c6ed344d1d3f58fadc8641ebaec3657a210fa0bd1cfadb1b1f05c372ac9e1,scn1_structured_env42011,structured,0.013303209003186335,7.3481561316756245,0.23125724463056224,wm_hybrid,31001.0,0.05279470363236283,1,0.08047619047619048,0.0,1.0,0.049523809523809526
0.12428571428571429,0.0017460317460317458,29.944158685188878,0.8352531367289356,seen,42011,ff0c6ed344d1d3f58fadc8641ebaec3657a210fa0bd1cfadb1b1f05c372ac9e1,scn1_structured_env42011,structured,0.013150965179297366,7.370122770794443,0.2308456569341957,wm_hybrid,31002.0,0.05236389725114856,1,0.08428571428571428,0.0,1.0,0.049523809523809526
0.12476190476190477,0.0017460317460317458,29.942349991917776,0.8509993690932638,seen,42011,ff0c6ed344d1d3f58fadc8641ebaec3657a210fa0bd1cfadb1b1f05c372ac9e1,scn1_structured_env42011,structured,0.013123275316367198,7.400356570703995,0.2310261997318425,wm_hybrid,31003.0,0.052537964195546044,1,0.06523809523809523,0.0,1.0,0.049523809523809526
0.12476190476190477,0.0017460317460317458,29.950583932475194,0.8441638539530104,seen,42011,ff0c6ed344d1d3f58fadc8641ebaec3657a210fa0bd1cfadb1b1f05c372ac9e1,scn1_structured_env42011,structured,0.013335642505789462,7.372182755408704,0.23185983192924758,wm_hybrid,31004.0,0.05261936575168939,1,0.03,0.0,1.0,0.049523809523809526
0.11619047619047619,0.0017460317460317458,29.862363277009166,0.5722649055755871,seen,42011,ff0c6ed344d1d3f58fadc8641ebaec3657a210fa0bd1cfadb1b1f05c372ac9e1,scn1_structured_env42011,structured,0.014246655306335424,7.58942563939961,0.23075437894555256,residual_rl,31000.0,0.05682664555266031,1,0.09428571428571429,0.0,1.0,0.0
0.11571428571428571,0.0017460317460317458,29.86881573601562,0.5531551472385053,seen,42011,ff0c6ed344d1d3f58fadc8641ebaec3657a210fa0bd1cfadb1b1f05c372ac9e1,scn1_structured_env42011,structured,0.015662569197972865,7.590824591933771,0.23075547775247154,residual_rl,31001.0,0.05717219634887319,1,0.04619047619047619,0.0,1.0,0.0
0.11619047619047619,0.0017460317460317458,29.85664077847947,0.5036927603732995,seen,42011,ff0c6ed344d1d3f58fadc8641ebaec3657a210fa0bd1cfadb1b1f05c372ac9e1,scn1_structured_env42011,structured,0.014683545337399245,7.619290911903894,0.23075318651579413,residual_rl,31002.0,0.05891038624814428,1,0.09,0.0,1.0,0.0
0.11619047619047619,0.0017460317460317458,29.856604626535468,0.5016559262258733,seen,42011,ff0c6ed344d1d3f58fadc8641ebaec3657a210fa0bd1cfadb1b1f05c372ac9e1,scn1_structured_env42011,structured,0.015796022889288972,7.595499399050743,0.23075538484444338,residual_rl,31003.0,0.05776122692225924,1,0.09857142857142857,0.0,1.0,0.0
0.11619047619047619,0.0017460317460317458,29.89031501387106,0.4968741395110968,seen,42011,ff0c6ed344d1d3f58fadc8641ebaec3657a210fa0bd1cfadb1b1f05c372ac9e1,scn1_structured_env42011,structured,0.01596557244902972,7.602894770783915,0.23075318651579413,residual_rl,31004.0,0.0586995766802305,1,0.0919047619047619,0.0,1.0,0.0
0.11571428571428571,0.0017460317460317458,29.869968340528228,0.5370576777478251,seen,42011,ff0c6ed344d1d3f58fadc8641ebaec3657a210fa0bd1cfadb1b1f05c372ac9e1,scn1_structured_env42011,structured,0.01567469228234754,7.620644242566174,0.23075318651579413,wm_residual_rl,31000.0,0.058246953284586206,1,0.06476190476190476,0.0,1.0,0.0
0.11523809523809524,0.0017460317460317458,29.88503567270962,0.5511293276217376,seen,42011,ff0c6ed344d1d3f58fadc8641ebaec3657a210fa0bd1cfadb1b1f05c372ac9e1,scn1_structured_env42011,structured,0.01602367594993128,7.637006824120247,0.23075318651579413,wm_residual_rl,31001.0,0.059496502841964435,1,0.11904761904761904,0.0,1.0,0.0
0.11619047619047619,0.0017460317460317458,29.87929105537745,0.4907353827920304,seen,42011,ff0c6ed344d1d3f58fadc8641ebaec3657a210fa0bd1cfadb1b1f05c372ac9e1,scn1_structured_env42011,structured,0.016012528761639357,7.639624932281215,0.23075318651579413,wm_residual_rl,31002.0,0.06041921035375921,1,0.07666666666666666,0.0,1.0,0.0
0.11666666666666667,0.0017460317460317458,29.858595539416548,0.48657477824501616,seen,42011,ff0c6ed344d1d3f58fadc8641ebaec3657a210fa0bd1cfadb1b1f05c372ac9e1,scn1_structured_env42011,structured,0.01567671314932793,7.597576844007202,0.2307548362547081,wm_residual_rl,31003.0,0.057985950641447286,1,0.01,0.0,1.0,0.0
0.11619047619047619,0.0017460317460317458,29.874975509523356,0.5143592536000728,seen,42011,ff0c6ed344d1d3f58fadc8641ebaec3657a210fa0bd1cfadb1b1f05c372ac9e1,scn1_structured_env42011,structured,0.015668964129620926,7.5964439454453005,0.23075460080774193,wm_residual_rl,31004.0,0.057472434050949824,1,0.03571428571428571,0.0,1.0,0.0
0.11714285714285715,0.0020634920634920633,29.04083655825907,0.0,seen,42012,5e5a899ab4362cdbfad73f9e86cc1ef0bd49129eeb415f7651700a7e5b6203a6,scn1_structured_env42012,structured,0.038811813047534366,7.406678433222216,0.3293473775137795,smc,,0.14958004876315326,1,0.024761904761904763,0.0,1.0,0.0
0.12761904761904763,7.936507936507937e-05,30.093700986651402,1.0,seen,42012,5e5a899ab4362cdbfad73f9e86cc1ef0bd49129eeb415f7651700a7e5b6203a6,scn1_structured_env42012,structured,0.012780790766640581,6.970720498649344,0.22151766995508762,mpc,,0.059301373354957575,1,0.034761904761904765,0.0,1.0,0.0
0.11571428571428571,0.0020634920634920633,29.925064411249824,0.5932797619047617,seen,42012,5e5a899ab4362cdbfad73f9e86cc1ef0bd49129eeb415f7651700a7e5b6203a6,scn1_structured_env42012,structured,0.014504807272471758,7.6068218612424525,0.22708170948025164,constant_alpha,,0.057070650218036784,1,0.028095238095238097,0.0,1.0,0.0
0.12238095238095238,0.0020634920634920633,29.97230251320076,0.8920109168643268,seen,42012,5e5a899ab4362cdbfad73f9e86cc1ef0bd49129eeb415f7651700a7e5b6203a6,scn1_structured_env42012,structured,0.0127243639842173,7.455298716264297,0.22769076388286827,sspo,,0.05170224300131624,1,0.023809523809523808,0.0,1.0,0.0
0.12523809523809523,0.0020634920634920633,29.965411163403587,0.8326311797358787,seen,42012,5e5a899ab4362cdbfad73f9e86cc1ef0bd49129eeb415f7651700a7e5b6203a6,scn1_structured_env42012,structured,0.013090328390014876,7.281032965669682,0.23241259240291864,v3_transformer,31000.0,0.053581846385466536,1,0.027142857142857142,0.0,1.0,0.0
0.12523809523809523,0.0020634920634920633,29.968261091636606,0.8476364776051458,seen,42012,5e5a899ab4362cdbfad73f9e86cc1ef0bd49129eeb415f7651700a7e5b6203a6,scn1_structured_env42012,structured,0.012638729011595455,7.296661621632996,0.22857903446788083,v3_transformer,31001.0,0.05274247166224433,1,0.011428571428571429,0.0,1.0,0.0
0.12571428571428572,0.0020634920634920633,29.960678979304284,0.8375289351482845,seen,42012,5e5a899ab4362cdbfad73f9e86cc1ef0bd49129eeb415f7651700a7e5b6203a6,scn1_structured_env42012,structured,0.01243002922819773,7.318586222913813,0.22883377042255426,v3_transformer,31002.0,0.052295737569757375,1,0.021904761904761906,0.0,1.0,0.0
0.12523809523809523,0.0020634920634920633,29.960258386892985,0.8554290622171181,seen,42012,5e5a899ab4362cdbfad73f9e86cc1ef0bd49129eeb415f7651700a7e5b6203a6,scn1_structured_env42012,structured,0.0129209898485696,7.3614191667893865,0.2305207755793629,v3_transformer,31003.0,0.053252542506341836,1,0.012857142857142857,0.0,1.0,0.0
0.12380952380952381,0.0020634920634920633,29.96657031143391,0.8428749891332522,seen,42012,5e5a899ab4362cdbfad73f9e86cc1ef0bd49129eeb415f7651700a7e5b6203a6,scn1_structured_env42012,structured,0.013038062101074813,7.339107046266199,0.2292661554848132,v3_transformer,31004.0,0.052434158732910525,1,0.012857142857142857,0.0,1.0,0.0
0.12523809523809523,0.0020634920634920633,29.964641272513894,0.8313519208471482,seen,42012,5e5a899ab4362cdbfad73f9e86cc1ef0bd49129eeb415f7651700a7e5b6203a6,scn1_structured_env42012,structured,0.01308294683950948,7.278674705108456,0.2324078868801249,wm_hybrid,31000.0,0.05360013707728196,1,0.02142857142857143,0.0,1.0,0.049523809523809526
0.12523809523809523,0.0020634920634920633,29.966731256154432,0.8443505028629702,seen,42012,5e5a899ab4362cdbfad73f9e86cc1ef0bd49129eeb415f7651700a7e5b6203a6,scn1_structured_env42012,structured,0.012631355317210718,7.29265949124625,0.22857992422104684,wm_hybrid,31001.0,0.05280082918968861,1,0.03333333333333333,0.0,1.0,0.049523809523809526
0.12523809523809523,0.0020634920634920633,29.960264023504116,0.8361466169260404,seen,42012,5e5a899ab4362cdbfad73f9e86cc1ef0bd49129eeb415f7651700a7e5b6203a6,scn1_structured_env42012,structured,0.012530080121428097,7.313971663877178,0.2288351546148776,wm_hybrid,31002.0,0.052364195337814876,1,0.01619047619047619,0.0,1.0,0.049523809523809526
0.12523809523809523,0.0020634920634920633,29.960182406031937,0.8527164419369371,seen,42012,5e5a899ab4362cdbfad73f9e86cc1ef0bd49129eeb415f7651700a7e5b6203a6,scn1_structured_env42012,structured,0.01291363061700157,7.356448454220343,0.23052621870399992,wm_hybrid,31003.0,0.053277480744123154,1,0.01,0.0,1.0,0.049523809523809526
0.12380952380952381,0.0020634920634920633,29.965809086853795,0.8411222486222022,seen,42012,5e5a899ab4362cdbfad73f9e86cc1ef0bd49129eeb415f7651700a7e5b6203a6,scn1_structured_env42012,structured,0.013032043947819899,7.335794277410489,0.22926721638331626,wm_hybrid,31004.0,0.05246849128584318,1,0.015714285714285715,0.0,1.0,0.049523809523809526
0.11523809523809524,0.0020634920634920633,29.86699531063019,0.5719075394938998,seen,42012,5e5a899ab4362cdbfad73f9e86cc1ef0bd49129eeb415f7651700a7e5b6203a6,scn1_structured_env42012,structured,0.014013107974940812,7.584738515325376,0.22708323728105193,residual_rl,31000.0,0.056336246455047125,1,0.023333333333333334,0.0,1.0,0.0
0.11619047619047619,0.0020634920634920633,29.87495343978175,0.5527331444393413,seen,42012,5e5a899ab4362cdbfad73f9e86cc1ef0bd49129eeb415f7651700a7e5b6203a6,scn1_structured_env42012,structured,0.015245740650854154,7.585908825999878,0.22708441645050323,residual_rl,31001.0,0.056674913288215695,1,0.015238095238095238,0.0,1.0,0.0
0.11619047619047619,0.0020634920634920633,29.8651512950521,0.5029303732302275,seen,42012,5e5a899ab4362cdbfad73f9e86cc1ef0bd49129eeb415f7651700a7e5b6203a6,scn1_structured_env42012,structured,0.014096959645070444,7.610318146913522,0.22708170948025164,residual_rl,31002.0,0.058061310687556864,1,0.029523809523809525,0.0,1.0,0.0
0.11619047619047619,0.0020634920634920633,29.86262537858268,0.5020193862137603,seen,42012,5e5a899ab4362cdbfad73f9e86cc1ef0bd49129eeb415f7651700a7e5b6203a6,scn1_structured_env42012,structured,0.015288460779861048,7.59131690090336,0.22708430114299502,residual_rl,31003.0,0.05732686299132924,1,0.03190476190476191,0.0,1.0,0.0
0.11619047619047619,0.0020634920634920633,29.90143273675387,0.49685084315456174,seen,42012,5e5a899ab4362cdbfad73f9e86cc1ef0bd49129eeb415f7651700a7e5b6203a6,scn1_structured_env42012,structured,0.015168189959076558,7.59719697039182,0.22708170948025164,residual_rl,31004.0,0.05804998446465148,1,0.01904761904761905,0.0,1.0,0.0
0.11619047619047619,0.0020634920634920633,29.880535383500487,0.5367448945508799,seen,42012,5e5a899ab4362cdbfad73f9e86cc1ef0bd49129eeb415f7651700a7e5b6203a6,scn1_structured_env42012,structured,0.015009868625955249,7.615222185009815,0.22708170948025164,wm_residual_rl,31000.0,0.05762076843890661,1,0.04285714285714286,0.0,1.0,0.0
0.11571428571428571,0.0020634920634920633,29.891527750728493,0.5508943925237895,seen,42012,5e5a899ab4362cdbfad73f9e86cc1ef0bd49129eeb415f7651700a7e5b6203a6,scn1_structured_env42012,structured,0.015246033849779852,7.63061368431469,0.22708170948025164,wm_residual_rl,31001.0,0.05869791118441658,1,0.022857142857142857,0.0,1.0,0.0
0.11619047619047619,0.0020634920634920633,29.881176678561143,0.490122474286288,seen,42012,5e5a899ab4362cdbfad73f9e86cc1ef0bd49129eeb415f7651700a7e5b6203a6,scn1_structured_env42012,structured,0.015233644084002315,7.634362543363241,0.22708220352076142,wm_residual_rl,31002.0,0.05961187492189359,1,0.035238095238095235,0.0,1.0,0.0
0.11619047619047619,0.0020634920634920633,29.862420771307267,0.4865098107958831,seen,42012,5e5a899ab4362cdbfad73f9e86cc1ef0bd49129eeb415f7651700a7e5b6203a6,scn1_structured_env42012,structured,0.015249644803831017,7.59485660047412,0.22708407660828564,wm_residual_rl,31003.0,0.05766395726463437,1,0.02666666666666667,0.0,1.0,0.0
0.11619047619047619,0.0020634920634920633,29.880433763422058,0.5146538202932187,seen,42012,5e5a899ab4362cdbfad73f9e86cc1ef0bd49129eeb415f7651700a7e5b6203a6,scn1_structured_env42012,structured,0.015234376403397192,7.592769387632362,0.2270833106281947,wm_residual_rl,31004.0,0.05706522854682796,1,0.022857142857142857,0.0,1.0,0.0
0.11666666666666667,0.0020634920634920633,29.07086495979792,0.0,seen,42015,483afed6b39ab1bdadf1d055d5095720dc5d069978c41818841d062b1799e047,scn1_structured_env42015,structured,0.03938664956498573,7.430245772736705,0.31363755292563056,smc,,0.14711915146319687,1,0.029047619047619048,0.0,1.0,0.0
0.12761904761904763,0.00031746031746031746,30.034129165913754,1.0,seen,42015,483afed6b39ab1bdadf1d055d5095720dc5d069978c41818841d062b1799e047,scn1_structured_env42015,structured,0.01255773580849012,6.818103496630548,0.24591314308487341,mpc,,0.06217972101534154,1,0.03238095238095238,0.0,1.0,0.0
0.11476190476190476,0.0020634920634920633,29.905104569475697,0.5932797619047617,seen,42015,483afed6b39ab1bdadf1d055d5095720dc5d069978c41818841d062b1799e047,scn1_structured_env42015,structured,0.01499375829069936,7.532929772771935,0.19856746366394257,constant_alpha,,0.05540246272697849,1,0.024285714285714285,0.0,1.0,0.0
0.1219047619047619,0.0020634920634920633,29.96952609546279,0.8933993899618273,seen,42015,483afed6b39ab1bdadf1d055d5095720dc5d069978c41818841d062b1799e047,scn1_structured_env42015,structured,0.01325521847899372,7.396364808461442,0.19867855554380884,sspo,,0.049127876794367864,1,0.02761904761904762,0.0,1.0,0.0
0.12428571428571429,0.0020634920634920633,29.965760002117396,0.8418144592075469,seen,42015,483afed6b39ab1bdadf1d055d5095720dc5d069978c41818841d062b1799e047,scn1_structured_env42015,structured,0.013246081164455898,7.309690945961417,0.20128074322378933,v3_transformer,31000.0,0.049558668077400725,1,0.018571428571428572,0.0,1.0,0.0
0.12333333333333334,0.0020634920634920633,29.963063314706197,0.8458406536114974,seen,42015,483afed6b39ab1bdadf1d055d5095720dc5d069978c41818841d062b1799e047,scn1_structured_env42015,structured,0.013207625525883396,7.3162067276878435,0.19968184900984365,v3_transformer,31001.0,0.04924575989676056,1,0.015714285714285715,0.0,1.0,0.0
0.12428571428571429,0.0020634920634920633,29.979476245449828,0.8341146364430511,seen,42015,483afed6b39ab1bdadf1d055d5095720dc5d069978c41818841d062b1799e047,scn1_structured_env42015,structured,0.013234932219368015,7.247567506334568,0.20369117089927097,v3_transformer,31002.0,0.0505525615834137,1,0.015238095238095238,0.0,1.0,0.0
0.12428571428571429,0.0020634920634920633,29.96296025387037,0.8556981752333231,seen,42015,483afed6b39ab1bdadf1d055d5095720dc5d069978c41818841d062b1799e047,scn1_structured_env42015,structured,0.013282867187912677,7.298509439481673,0.20051298424662345,v3_transformer,31003.0,0.04976161957385938,1,0.015714285714285715,0.0,1.0,0.0
0.12380952380952381,0.0020634920634920633,29.982685355084836,0.8418528110346649,seen,42015,483afed6b39ab1bdadf1d055d5095720dc5d069978c41818841d062b1799e047,scn1_structured_env42015,structured,0.013254206037947676,7.278588764352658,0.2039243141167369,v3_transformer,31004.0,0.049949177627170355,1,0.011904761904761904,0.0,1.0,0.0
0.12428571428571429,0.0020634920634920633,29.966199478206,0.8406298904849243,seen,42015,483afed6b39ab1bdadf1d055d5095720dc5d069978c41818841d062b1799e047,scn1_structured_env42015,structured,0.013190208351319994,7.317587223647032,0.2016660163596939,wm_hybrid,31000.0,0.049633679824378316,1,0.02619047619047619,0.0,1.0,0.049523809523809526
0.12380952380952381,0.0020634920634920633,29.963195228211784,0.8442938277827939,seen,42015,483afed6b39ab1bdadf1d055d5095720dc5d069978c41818841d062b1799e047,scn1_structured_env42015,structured,0.013273528995646136,7.3171173415498245,0.20019599138071864,wm_hybrid,31001.0,0.049347697109967587,1,0.024761904761904763,0.0,1.0,0.049523809523809526
0.12428571428571429,0.0020634920634920633,29.981035770296003,0.8328740670911122,seen,42015,483afed6b39ab1bdadf1d055d5095720dc5d069978c41818841d062b1799e047,scn1_structured_env42015,structured,0.013239147177838697,7.2427872641705635,0.20401886005546088,wm_hybrid,31002.0,0.0506671186030022,1,0.011428571428571429,0.0,1.0,0.049523809523809526
0.12428571428571429,0.0020634920634920633,29.96633917053511,0.8516803541332241,seen,42015,483afed6b39ab1bdadf1d055d5095720dc5d069978c41818841d062b1799e047,scn1_structured_env42015,structured,0.012944113229822791,7.303756850850386,0.20099134209057976,wm_hybrid,31003.0,0.04983219144457953,1,0.015238095238095238,0.0,1.0,0.049523809523809526
0.12380952380952381,0.0020634920634920633,29.983933139671162,0.8404835616966801,seen,42015,483afed6b39ab1bdadf1d055d5095720dc5d069978c41818841d062b1799e047,scn1_structured_env42015,structured,0.01271389938091034,7.290370123905899,0.2040223947508308,wm_hybrid,31004.0,0.04992064075833736,1,0.01904761904761905,0.0,1.0,0.049523809523809526
0.11619047619047619,0.0020634920634920633,29.853976626409754,0.5722919090947172,seen,42015,483afed6b39ab1bdadf1d055d5095720dc5d069978c41818841d062b1799e047,scn1_structured_env42015,structured,0.01425180823221852,7.509357072921372,0.1985658166358002,residual_rl,31000.0,0.05420313526844882,1,0.017142857142857144,0.0,1.0,0.0
0.11476190476190476,0.0020634920634920633,29.862474754406502,0.5530299873176739,seen,42015,483afed6b39ab1bdadf1d055d5095720dc5d069978c41818841d062b1799e047,scn1_structured_env42015,structured,0.015622411160179827,7.511073520683137,0.19856562929998614,residual_rl,31001.0,0.054515474818481735,1,0.04,0.0,1.0,0.0
0.11523809523809524,0.0020634920634920633,29.85082629289576,0.5041134791267621,seen,42015,483afed6b39ab1bdadf1d055d5095720dc5d069978c41818841d062b1799e047,scn1_structured_env42015,structured,0.014503184210205133,7.54048574024476,0.19856746366394257,residual_rl,31002.0,0.0565245953967119,1,0.020476190476190478,0.0,1.0,0.0
0.11523809523809524,0.0020634920634920633,29.851369399881122,0.5018171146593844,seen,42015,483afed6b39ab1bdadf1d055d5095720dc5d069978c41818841d062b1799e047,scn1_structured_env42015,structured,0.015642111324320255,7.515405130474457,0.19856565542258403,residual_rl,31003.0,0.05511181228608882,1,0.023333333333333334,0.0,1.0,0.0
0.11523809523809524,0.0020634920634920633,29.88099270343563,0.4971188581971953,seen,42015,483afed6b39ab1bdadf1d055d5095720dc5d069978c41818841d062b1799e047,scn1_structured_env42015,structured,0.015762977966366068,7.523778066581673,0.19856746366394257,residual_rl,31004.0,0.056369089720137516,1,0.035238095238095235,0.0,1.0,0.0
0.11523809523809524,0.0020634920634920633,29.863099154793222,0.5363489723651927,seen,42015,483afed6b39ab1bdadf1d055d5095720dc5d069978c41818841d062b1799e047,scn1_structured_env42015,structured,0.015501858517776971,7.540530129238426,0.19856678367546654,wm_residual_rl,31000.0,0.05569268076709057,1,0.01619047619047619,0.0,1.0,0.0
0.11428571428571428,0.0020634920634920633,29.87378543945468,0.5515229121137191,seen,42015,483afed6b39ab1bdadf1d055d5095720dc5d069978c41818841d062b1799e047,scn1_structured_env42015,structured,0.015832576120561492,7.557262036182911,0.19856746366394257,wm_residual_rl,31001.0,0.05718975435993581,1,0.04285714285714286,0.0,1.0,0.0
0.11523809523809524,0.0020634920634920633,29.874606709998776,0.49097961466023704,seen,42015,483afed6b39ab1bdadf1d055d5095720dc5d069978c41818841d062b1799e047,scn1_structured_env42015,structured,0.01579829685169745,7.561146951800218,0.19856746366394257,wm_residual_rl,31002.0,0.05835764440382083,1,0.01904761904761905,0.0,1.0,0.0
0.11571428571428571,0.0020634920634920633,29.848614163211042,0.48675609291912436,seen,42015,483afed6b39ab1bdadf1d055d5095720dc5d069978c41818841d062b1799e047,scn1_structured_env42015,structured,0.015694807516057726,7.519355014230043,0.19856577256916974,wm_residual_rl,31003.0,0.05552304896476331,1,0.018571428571428572,0.0,1.0,0.0
0.11523809523809524,0.0020634920634920633,29.86642490278567,0.5142206585201464,seen,42015,483afed6b39ab1bdadf1d055d5095720dc5d069978c41818841d062b1799e047,scn1_structured_env42015,structured,0.015666637906763054,7.517130628239099,0.1985658094934793,wm_residual_rl,31004.0,0.054954213783294015,1,0.027142857142857142,0.0,1.0,0.0
0.11619047619047619,0.0017460317460317462,29.096944215072657,0.0,seen,42013,25852ec77589cf7f95339c7a34538a06039a0a917a0a57ccc18b64df1b79efe3,scn1_structured_env42013,structured,0.03856972261099044,7.428314616758687,0.3522125773346285,smc,,0.1534079712666867,1,0.12428571428571429,0.0,1.0,0.0
0.12714285714285714,7.936507936507937e-05,30.153547165995604,1.0,seen,42013,25852ec77589cf7f95339c7a34538a06039a0a917a0a57ccc18b64df1b79efe3,scn1_structured_env42013,structured,0.01234290055650607,7.0065908861810025,0.2261120949101521,mpc,,0.062197795824808,1,0.1019047619047619,0.0,1.0,0.0
0.11666666666666667,0.0017460317460317462,29.96207620672095,0.5932797619047617,seen,42013,25852ec77589cf7f95339c7a34538a06039a0a917a0a57ccc18b64df1b79efe3,scn1_structured_env42013,structured,0.014221713673232148,7.644969278531638,0.27107131649579597,constant_alpha,,0.062106119017538534,1,0.14,0.0,1.0,0.0
0.12095238095238095,0.0017460317460317462,29.99686051823078,0.8923075764846157,seen,42013,25852ec77589cf7f95339c7a34538a06039a0a917a0a57ccc18b64df1b79efe3,scn1_structured_env42013,structured,0.01269662575188445,7.489555577197269,0.27178758928288277,sspo,,0.05811762536027265,1,0.14476190476190476,0.0,1.0,0.0
0.12476190476190477,0.0017460317460317462,29.995855384157135,0.8250969856155401,seen,42013,25852ec77589cf7f95339c7a34538a06039a0a917a0a57ccc18b64df1b79efe3,scn1_structured_env42013,structured,0.01282175308897499,7.276337961575124,0.27658927846230397,v3_transformer,31000.0,0.06079469881592436,1,0.11571428571428571,0.0,1.0,0.0
0.12428571428571429,0.0017460317460317462,29.991959344068164,0.831929809314563,seen,42013,25852ec77589cf7f95339c7a34538a06039a0a917a0a57ccc18b64df1b79efe3,scn1_structured_env42013,structured,0.012801608896821167,7.2894387807317695,0.27208720533106284,v3_transformer,31001.0,0.05968795806623068,1,0.10285714285714286,0.0,1.0,0.0
0.12476190476190477,0.0017460317460317462,29.986401074901114,0.8372109881809081,seen,42013,25852ec77589cf7f95339c7a34538a06039a0a917a0a57ccc18b64df1b79efe3,scn1_structured_env42013,structured,0.012819102488406507,7.375080649528641,0.2710846672198707,v3_transformer,31002.0,0.05790141487139085,1,0.03857142857142857,0.0,1.0,0.0
0.12476190476190477,0.0017460317460317462,29.98029907154674,0.8543427212906021,seen,42013,25852ec77589cf7f95339c7a34538a06039a0a917a0a57ccc18b64df1b79efe3,scn1_structured_env42013,structured,0.012874353881505202,7.42105707145264,0.2715042293860454,v3_transformer,31003.0,0.058544784446606137,1,0.07714285714285714,0.0,1.0,0.0
0.12476190476190477,0.0017460317460317462,29.99146221906639,0.8414812542160992,seen,42013,25852ec77589cf7f95339c7a34538a06039a0a917a0a57ccc18b64df1b79efe3,scn1_structured_env42013,structured,0.012930733608478392,7.378686511348297,0.27284862560605466,v3_transformer,31004.0,0.058996448965910935,1,0.04,0.0,1.0,0.0
0.12476190476190477,0.0017460317460317462,29.99423108137104,0.8236755783589418,seen,42013,25852ec77589cf7f95339c7a34538a06039a0a917a0a57ccc18b64df1b79efe3,scn1_structured_env42013,structured,0.012933021049846708,7.2754453710588605,0.27658927846230397,wm_hybrid,31000.0,0.0608261010992716,1,0.06666666666666667,0.0,1.0,0.049523809523809526
0.12428571428571429,0.0017460317460317462,29.990505326494088,0.8298650533284893,seen,42013,25852ec77589cf7f95339c7a34538a06039a0a917a0a57ccc18b64df1b79efe3,scn1_structured_env42013,structured,0.012796879593374432,7.288249560765709,0.27208720533106284,wm_hybrid,31001.0,0.05970660963827715,1,0.05857142857142857,0.0,1.0,0.049523809523809526
0.12476190476190477,0.0017460317460317462,29.98555059458715,0.8364763569264383,seen,42013,25852ec77589cf7f95339c7a34538a06039a0a917a0a57ccc18b64df1b79efe3,scn1_structured_env42013,structured,0.012904815645822736,7.370916812695458,0.2710846672198707,wm_hybrid,31002.0,0.057933735217645346,1,0.07333333333333333,0.0,1.0,0.049523809523809526
0.12476190476190477,0.0017460317460317462,29.980102670539683,0.8528051976799339,seen,42013,25852ec77589cf7f95339c7a34538a06039a0a917a0a57ccc18b64df1b79efe3,scn1_structured_env42013,structured,0.012894386786379067,7.417523649670005,0.2715042293860454,wm_hybrid,31003.0,0.058568968325002364,1,0.03619047619047619,0.0,1.0,0.049523809523809526
0.12476190476190477,0.0017460317460317462,29.99071417831586,0.8396831723835682,seen,42013,25852ec77589cf7f95339c7a34538a06039a0a917a0a57ccc18b64df1b79efe3,scn1_structured_env42013,structured,0.0129315612935068,7.376879319831087,0.27284862560605466,wm_hybrid,31004.0,0.059010453616758274,1,0.04904761904761905,0.0,1.0,0.049523809523809526
0.11666666666666667,0.0017460317460317462,29.903859244499134,0.5721712927244677,seen,42013,25852ec77589cf7f95339c7a34538a06039a0a917a0a57ccc18b64df1b79efe3,scn1_structured_env42013,structured,0.013711598262770465,7.62337172562654,0.27107131649579597,residual_rl,31000.0,0.061573192361850194,1,0.06952380952380953,0.0,1.0,0.0
0.11619047619047619,0.0017460317460317462,29.909473796745658,0.5528242891731859,seen,42013,25852ec77589cf7f95339c7a34538a06039a0a917a0a57ccc18b64df1b79efe3,scn1_structured_env42013,structured,0.01504728149781141,7.624756341554047,0.27107131649579597,residual_rl,31001.0,0.061909978329123094,1,0.09428571428571429,0.0,1.0,0.0
0.11666666666666667,0.0017460317460317462,29.898695616821996,0.5026917865261498,seen,42013,25852ec77589cf7f95339c7a34538a06039a0a917a0a57ccc18b64df1b79efe3,scn1_structured_env42013,structured,0.013923499880121626,7.648226067685568,0.27107131649579597,residual_rl,31002.0,0.06307896543937272,1,0.06523809523809523,0.0,1.0,0.0
0.11666666666666667,0.0017460317460317462,29.896303087511516,0.5016766765410815,seen,42013,25852ec77589cf7f95339c7a34538a06039a0a917a0a57ccc18b64df1b79efe3,scn1_structured_env42013,structured,0.015123149756319882,7.62981875595017,0.27107131649579597,residual_rl,31003.0,0.06251459882071188,1,0.08952380952380952,0.0,1.0,0.0
0.11666666666666667,0.0017460317460317462,29.940208770417332,0.49686528024104637,seen,42013,25852ec77589cf7f95339c7a34538a06039a0a917a0a57ccc18b64df1b79efe3,scn1_structured_env42013,structured,0.014907390508210359,7.633133640808883,0.27107131649579597,residual_rl,31004.0,0.06285548639990217,1,0.1061904761904762,0.0,1.0,0.0
0.11666666666666667,0.0017460317460317462,29.91387393967213,0.5370108485061851,seen,42013,25852ec77589cf7f95339c7a34538a06039a0a917a0a57ccc18b64df1b79efe3,scn1_structured_env42013,structured,0.014942336558295615,7.656336168720877,0.27107131649579597,wm_residual_rl,31000.0,0.0628826796445981,1,0.11714285714285715,0.0,1.0,0.0
0.11571428571428571,0.0017460317460317462,29.92824877515081,0.552334734241736,seen,42013,25852ec77589cf7f95339c7a34538a06039a0a917a0a57ccc18b64df1b79efe3,scn1_structured_env42013,structured,0.015121822806753905,7.669135045823072,0.27107131649579597,wm_residual_rl,31001.0,0.0636526992588308,1,0.10285714285714286,0.0,1.0,0.0
0.11666666666666667,0.0017460317460317462,29.906466684593315,0.48937662850911173,seen,42013,25852ec77589cf7f95339c7a34538a06039a0a917a0a57ccc18b64df1b79efe3,scn1_structured_env42013,structured,0.015174174022122377,7.670831013368975,0.27107131649579597,wm_residual_rl,31002.0,0.0643594360994673,1,0.05238095238095238,0.0,1.0,0.0
0.11761904761904762,0.0017460317460317462,29.89923930781375,0.48663940979611864,seen,42013,25852ec77589cf7f95339c7a34538a06039a0a917a0a57ccc18b64df1b79efe3,scn1_structured_env42013,structured,0.014982821960701947,7.631783565473932,0.27107131649579597,wm_residual_rl,31003.0,0.06267673291090661,1,0.04619047619047619,0.0,1.0,0.0
0.11666666666666667,0.0017460317460317462,29.91400948798243,0.5146713693588507,seen,42013,25852ec77589cf7f95339c7a34538a06039a0a917a0a57ccc18b64df1b79efe3,scn1_structured_env42013,structured,0.015061574566438793,7.63191092197061,0.27107131649579597,wm_residual_rl,31004.0,0.06225317192205541,1,0.05238095238095238,0.0,1.0,0.0
0.12,0.0020634920634920633,29.264714077205085,0.0,seen,42014,21ed632be027fd8321ee7d937801ef9a49405203deddd32f233475e5882adb84,scn1_structured_env42014,structured,0.039036636601195884,7.486175211426145,0.3505113039551216,smc,,0.15310562007804884,1,0.15,0.0,1.0,0.0
0.1280952380952381,0.0002380952380952381,30.143995768881965,1.0,seen,42014,21ed632be027fd8321ee7d937801ef9a49405203deddd32f233475e5882adb84,scn1_structured_env42014,structured,0.013298246810679995,6.812717024843847,0.26508957299478286,mpc,,0.06567588328094673,1,0.1442857142857143,0.0,1.0,0.0
0.11714285714285715,0.001984126984126984,30.01587575855006,0.5932797619047617,seen,42014,21ed632be027fd8321ee7d937801ef9a49405203deddd32f233475e5882adb84,scn1_structured_env42014,structured,0.014528125519237472,7.589960635842748,0.2646912085430073,constant_alpha,,0.06258619795971745,1,0.1219047619047619,0.0,1.0,0.0
0.12285714285714286,0.001984126984126984,30.077420438988284,0.8941839290254616,seen,42014,21ed632be027fd8321ee7d937801ef9a49405203deddd32f233475e5882adb84,scn1_structured_env42014,structured,0.01300621275053444,7.453920792906903,0.2649241899411663,sspo,,0.057752332088657286,1,0.13095238095238096,0.0,1.0,0.0
0.1261904761904762,0.001984126984126984,30.072700501416705,0.8297543693352822,seen,42014,21ed632be027fd8321ee7d937801ef9a49405203deddd32f233475e5882adb84,scn1_structured_env42014,structured,0.013133528253773417,7.328485084504307,0.2673093741634845,v3_transformer,31000.0,0.059070324342592774,1,0.1419047619047619,0.0,1.0,0.0
0.12476190476190477,0.001984126984126984,30.07735016924581,0.835351940250832,seen,42014,21ed632be027fd8321ee7d937801ef9a49405203deddd32f233475e5882adb84,scn1_structured_env42014,structured,0.012936403492419124,7.282620124079477,0.2659563341542187,v3_transformer,31001.0,0.059122733388479655,1,0.09857142857142857,0.0,1.0,0.0
0.1261904761904762,0.001984126984126984,30.06583204997462,0.832471481244517,seen,42014,21ed632be027fd8321ee7d937801ef9a49405203deddd32f233475e5882adb84,scn1_structured_env42014,structured,0.01298970604345816,7.3134615195914,0.2665171758135675,v3_transformer,31002.0,0.05883600709472354,1,0.06761904761904762,0.0,1.0,0.0
0.1261904761904762,0.001984126984126984,30.062733008342292,0.8511840877340929,seen,42014,21ed632be027fd8321ee7d937801ef9a49405203deddd32f233475e5882adb84,scn1_structured_env42014,structured,0.013164570365087055,7.352210705887376,0.2659340977977965,v3_transformer,31003.0,0.058905417605957584,1,0.047142857142857146,0.0,1.0,0.0
0.12666666666666668,0.001984126984126984,30.075354684622425,0.8401491247030503,seen,42014,21ed632be027fd8321ee7d937801ef9a49405203deddd32f233475e5882adb84,scn1_structured_env42014,structured,0.013166096140730119,7.316503441105207,0.26726252367955095,v3_transformer,31004.0,0.059248171811432444,1,0.060476190476190475,0.0,1.0,0.0
0.1261904761904762,0.001984126984126984,30.072852846266105,0.8286822872957041,seen,42014,21ed632be027fd8321ee7d937801ef9a49405203deddd32f233475e5882adb84,scn1_structured_env42014,structured,0.013142142598363112,7.324902231157698,0.2673093741634845,wm_hybrid,31000.0,0.05911341443364345,1,0.06952380952380953,0.0,1.0,0.049523809523809526
0.12476190476190477,0.001984126984126984,30.07566180678017,0.8328188789706904,seen,42014,21ed632be027fd8321ee7d937801ef9a49405203deddd32f233475e5882adb84,scn1_structured_env42014,structured,0.01293566872448532,7.279685139221126,0.2659563341542187,wm_hybrid,31001.0,0.05917491529239667,1,0.07238095238095238,0.0,1.0,0.049523809523809526
0.1261904761904762,0.001984126984126984,30.06599459849579,0.8313243414493999,seen,42014,21ed632be027fd8321ee7d937801ef9a49405203deddd32f233475e5882adb84,scn1_structured_env42014,structured,0.012988859868465296,7.3109861639504805,0.2665171758135675,wm_hybrid,31002.0,0.058888287120255345,1,0.07428571428571429,0.0,1.0,0.049523809523809526
0.1261904761904762,0.001984126984126984,30.062936389416013,0.8486376029192229,seen,42014,21ed632be027fd8321ee7d937801ef9a49405203deddd32f233475e5882adb84,scn1_structured_env42014,structured,0.013172490225126518,7.349004675854356,0.2659340977977965,wm_hybrid,31003.0,0.058939961501443476,1,0.034761904761904765,0.0,1.0,0.049523809523809526
0.12666666666666668,0.001984126984126984,30.075211382073366,0.8381034265357238,seen,42014,21ed632be027fd8321ee7d937801ef9a49405203deddd32f233475e5882adb84,scn1_structured_env42014,structured,0.013173328338692593,7.313549207553968,0.26726252367955095,wm_hybrid,31004.0,0.05929067593739178,1,0.05380952380952381,0.0,1.0,0.049523809523809526
0.11761904761904762,0.001984126984126984,29.96001714710831,0.5719928666774071,seen,42014,21ed632be027fd8321ee7d937801ef9a49405203deddd32f233475e5882adb84,scn1_structured_env42014,structured,0.013956956571746936,7.567342265678337,0.2646912835704851,residual_rl,31000.0,0.06179306918834372,1,0.07857142857142857,0.0,1.0,0.0
0.11714285714285715,0.001984126984126984,29.968291206932953,0.5527194082298382,seen,42014,21ed632be027fd8321ee7d937801ef9a49405203deddd32f233475e5882adb84,scn1_structured_env42014,structured,0.015231444536124978,7.568128783703369,0.2646914089568478,residual_rl,31001.0,0.062055167347042244,1,0.09523809523809523,0.0,1.0,0.0
0.11714285714285715,0.001984126984126984,29.95918737077305,0.503313464526576,seen,42014,21ed632be027fd8321ee7d937801ef9a49405203deddd32f233475e5882adb84,scn1_structured_env42014,structured,0.014068522526233387,7.594531377828791,0.2646912085430073,residual_rl,31002.0,0.06350332879065289,1,0.060476190476190475,0.0,1.0,0.0
0.11714285714285715,0.001984126984126984,29.956276501786192,0.5018834368440354,seen,42014,21ed632be027fd8321ee7d937801ef9a49405203deddd32f233475e5882adb84,scn1_structured_env42014,structured,0.015238900992450068,7.573380699570145,0.26469139004829256,residual_rl,31003.0,0.06262947667218374,1,0.08238095238095237,0.0,1.0,0.0
0.11714285714285715,0.001984126984126984,29.99401991192589,0.4969127529033854,seen,42014,21ed632be027fd8321ee7d937801ef9a49405203deddd32f233475e5882adb84,scn1_structured_env42014,structured,0.015191605414583064,7.579659305557553,0.2646912085430073,residual_rl,31004.0,0.06342950932219035,1,0.09380952380952381,0.0,1.0,0.0
0.11714285714285715,0.001984126984126984,29.97399089737551,0.537218862771791,seen,42014,21ed632be027fd8321ee7d937801ef9a49405203deddd32f233475e5882adb84,scn1_structured_env42014,structured,0.014996649501694326,7.599736915825684,0.2646912085430073,wm_residual_rl,31000.0,0.06313615259762635,1,0.15761904761904763,0.0,1.0,0.0
0.11666666666666667,0.001984126984126984,29.986491031523737,0.5512771017787507,seen,42014,21ed632be027fd8321ee7d937801ef9a49405203deddd32f233475e5882adb84,scn1_structured_env42014,structured,0.015272226572973151,7.6144541951617475,0.2646912085430073,wm_residual_rl,31001.0,0.06416207217155957,1,0.10333333333333333,0.0,1.0,0.0
0.11714285714285715,0.001984126984126984,29.982848342733224,0.49069197037241324,seen,42014,21ed632be027fd8321ee7d937801ef9a49405203deddd32f233475e5882adb84,scn1_structured_env42014,structured,0.015216904325714584,7.617048763253455,0.2646912085430073,wm_residual_rl,31002.0,0.06504572860282712,1,0.0680952380952381,0.0,1.0,0.0
0.11761904761904762,0.001984126984126984,29.95598855385286,0.4866922339797603,seen,42014,21ed632be027fd8321ee7d937801ef9a49405203deddd32f233475e5882adb84,scn1_structured_env42014,structured,0.015200647206301925,7.576640768884073,0.26469125517860465,wm_residual_rl,31003.0,0.06292955767190973,1,0.04666666666666667,0.0,1.0,0.0
0.11714285714285715,0.001984126984126984,29.972982659004874,0.51452005821405,seen,42014,21ed632be027fd8321ee7d937801ef9a49405203deddd32f233475e5882adb84,scn1_structured_env42014,structured,0.015195206373443819,7.574856833362544,0.2646913049448723,wm_residual_rl,31004.0,0.0624163642840451,1,0.03857142857142857,0.0,1.0,0.0
0.11666666666666667,0.002142857142857143,29.20776637864703,0.0,seen,42016,bdadc83d024a38e6611472a25c7fb141928ab413f839a456cfe5e1f3de4e9920,scn1_structured_env42016,structured,0.03970673160814212,7.463764049866606,0.3387363646353326,smc,,0.15112477571434296,1,0.022857142857142857,0.0,1.0,0.0
0.12666666666666668,0.0002380952380952381,30.11285203448338,1.0,seen,42016,bdadc83d024a38e6611472a25c7fb141928ab413f839a456cfe5e1f3de4e9920,scn1_structured_env42016,structured,0.012904703015908332,6.818279925799606,0.25716268790991653,mpc,,0.06442234585162687,1,0.02142857142857143,0.0,1.0,0.0
0.11571428571428571,0.002142857142857143,29.995412784126522,0.5932797619047617,seen,42016,bdadc83d024a38e6611472a25c7fb141928ab413f839a456cfe5e1f3de4e9920,scn1_structured_env42016,structured,0.014465255871790228,7.5754949034325625,0.24474645431382383,constant_alpha,,0.06005349957757662,1,0.01380952380952381,0.0,1.0,0.0
0.12047619047619047,0.002142857142857143,30.050367283932246,0.892311587500567,seen,42016,bdadc83d024a38e6611472a25c7fb141928ab413f839a456cfe5e1f3de4e9920,scn1_structured_env42016,structured,0.013385904604769376,7.440913816947394,0.2450476593014637,sspo,,0.054950700908799964,1,0.017619047619047618,0.0,1.0,0.0
0.12333333333333334,0.002142857142857143,30.04661885867955,0.8324875865868279,seen,42016,bdadc83d024a38e6611472a25c7fb141928ab413f839a456cfe5e1f3de4e9920,scn1_structured_env42016,structured,0.013301239766949961,7.322098256640119,0.24757867685025597,v3_transformer,31000.0,0.056087879173467595,1,0.012380952380952381,0.0,1.0,0.0
0.12333333333333334,0.002142857142857143,30.046021028311944,0.8471247916842294,seen,42016,bdadc83d024a38e6611472a25c7fb141928ab413f839a456cfe5e1f3de4e9920,scn1_structured_env42016,structured,0.01354035817219658,7.299397707111906,0.2465216138479566,v3_transformer,31001.0,0.05605122978545975,1,0.01904761904761905,0.0,1.0,0.0
0.12333333333333334,0.002142857142857143,30.04711625387215,0.8349660159007588,seen,42016,bdadc83d024a38e6611472a25c7fb141928ab413f839a456cfe5e1f3de4e9920,scn1_structured_env42016,structured,0.013183060365535685,7.293373030559601,0.24753169364387018,v3_transformer,31002.0,0.05622456732025942,1,0.016666666666666666,0.0,1.0,0.0
0.12380952380952381,0.002142857142857143,30.040352007530203,0.8542511920569732,seen,42016,bdadc83d024a38e6611472a25c7fb141928ab413f839a456cfe5e1f3de4e9920,scn1_structured_env42016,structured,0.013421006471153046,7.342175943796739,0.24696761480642157,v3_transformer,31003.0,0.05629873015798869,1,0.012857142857142857,0.0,1.0,0.0
0.12333333333333334,0.002142857142857143,30.05209826000183,0.8409024952242661,seen,42016,bdadc83d024a38e6611472a25c7fb141928ab413f839a456cfe5e1f3de4e9920,scn1_structured_env42016,structured,0.01362313132678678,7.306599276612191,0.24847935377593122,v3_transformer,31004.0,0.0565194539502257,1,0.014285714285714285,0.0,1.0,0.0
0.12333333333333334,0.002142857142857143,30.046723265498148,0.8320412234945849,seen,42016,bdadc83d024a38e6611472a25c7fb141928ab413f839a456cfe5e1f3de4e9920,scn1_structured_env42016,structured,0.013278502305329497,7.31878447081324,0.247580673978397,wm_hybrid,31000.0,0.056109382788321095,1,0.017142857142857144,0.0,1.0,0.049523809523809526
0.12333333333333334,0.002142857142857143,30.045476750371055,0.8453386300888919,seen,42016,bdadc83d024a38e6611472a25c7fb141928ab413f839a456cfe5e1f3de4e9920,scn1_structured_env42016,structured,0.013523641734755705,7.296368981703908,0.24652186035871512,wm_hybrid,31001.0,0.056085442347945706,1,0.024761904761904763,0.0,1.0,0.049523809523809526
0.12333333333333334,0.002142857142857143,30.047219984732884,0.8337111687249477,seen,42016,bdadc83d024a38e6611472a25c7fb141928ab413f839a456cfe5e1f3de4e9920,scn1_structured_env42016,structured,0.013181195237055863,7.289865986620424,0.24753427585168203,wm_hybrid,31002.0,0.056271437793414446,1,0.02666666666666667,0.0,1.0,0.049523809523809526
0.12380952380952381,0.002142857142857143,30.04012132986538,0.8522745440266641,seen,42016,bdadc83d024a38e6611472a25c7fb141928ab413f839a456cfe5e1f3de4e9920,scn1_structured_env42016,structured,0.013419636336945833,7.338430590586309,0.24696794394717525,wm_hybrid,31003.0,0.05632688845242258,1,0.03190476190476191,0.0,1.0,0.049523809523809526
0.12333333333333334,0.002142857142857143,30.05236200692033,0.8391188450150259,seen,42016,bdadc83d024a38e6611472a25c7fb141928ab413f839a456cfe5e1f3de4e9920,scn1_structured_env42016,structured,0.013607625806476464,7.302983268233462,0.24848555993982158,wm_hybrid,31004.0,0.0565661710529399,1,0.01904761904761905,0.0,1.0,0.049523809523809526
0.11619047619047619,0.002142857142857143,29.94215489000547,0.5723205435615275,seen,42016,bdadc83d024a38e6611472a25c7fb141928ab413f839a456cfe5e1f3de4e9920,scn1_structured_env42016,structured,0.01384128126761887,7.552721841032314,0.24474694777930686,residual_rl,31000.0,0.05910448814814701,1,0.02761904761904762,0.0,1.0,0.0
0.11571428571428571,0.002142857142857143,29.950364256646296,0.5536990776523297,seen,42016,bdadc83d024a38e6611472a25c7fb141928ab413f839a456cfe5e1f3de4e9920,scn1_structured_env42016,structured,0.015174969194191555,7.554141851768415,0.2447473939000382,residual_rl,31001.0,0.05940943253084851,1,0.04,0.0,1.0,0.0
0.11571428571428571,0.002142857142857143,29.9417673941718,0.5035880811052786,seen,42016,bdadc83d024a38e6611472a25c7fb141928ab413f839a456cfe5e1f3de4e9920,scn1_structured_env42016,structured,0.013962125139514458,7.579394381810852,0.24474645431382383,residual_rl,31002.0,0.060891281052462935,1,0.035238095238095235,0.0,1.0,0.0
0.11571428571428571,0.002142857142857143,29.938761447803227,0.5013583679845636,seen,42016,bdadc83d024a38e6611472a25c7fb141928ab413f839a456cfe5e1f3de4e9920,scn1_structured_env42016,structured,0.015181389309046162,7.558491106545885,0.2447473299675539,residual_rl,31003.0,0.05996318501462146,1,0.029047619047619048,0.0,1.0,0.0
0.11571428571428571,0.002142857142857143,29.975696721201057,0.4971761572579571,seen,42016,bdadc83d024a38e6611472a25c7fb141928ab413f839a456cfe5e1f3de4e9920,scn1_structured_env42016,structured,0.015156911614031779,7.564773280421565,0.24474645431382383,residual_rl,31004.0,0.06086203306305766,1,0.03380952380952381,0.0,1.0,0.0
0.11523809523809524,0.002142857142857143,29.95405158488576,0.5357571467816064,seen,42016,bdadc83d024a38e6611472a25c7fb141928ab413f839a456cfe5e1f3de4e9920,scn1_structured_env42016,structured,0.014963577301824309,7.584078251174426,0.24474645431382383,wm_residual_rl,31000.0,0.06048478623011359,1,0.030952380952380953,0.0,1.0,0.0
0.11523809523809524,0.002142857142857143,29.968015922606238,0.553433828614497,seen,42016,bdadc83d024a38e6611472a25c7fb141928ab413f839a456cfe5e1f3de4e9920,scn1_structured_env42016,structured,0.015242802466166489,7.598626264857528,0.24474645431382383,wm_residual_rl,31001.0,0.061551147711744844,1,0.017142857142857144,0.0,1.0,0.0
0.11571428571428571,0.002142857142857143,29.96584062606393,0.49077834286441785,seen,42016,bdadc83d024a38e6611472a25c7fb141928ab413f839a456cfe5e1f3de4e9920,scn1_structured_env42016,structured,0.015185305870141143,7.601133638006634,0.24474645431382383,wm_residual_rl,31002.0,0.062489134130852636,1,0.017142857142857144,0.0,1.0,0.0
0.11619047619047619,0.002142857142857143,29.938620540845832,0.48660227158608554,seen,42016,bdadc83d024a38e6611472a25c7fb141928ab413f839a456cfe5e1f3de4e9920,scn1_structured_env42016,structured,0.015154991727326688,7.56106866291544,0.24474697938724907,wm_residual_rl,31003.0,0.06023390168044502,1,0.015714285714285715,0.0,1.0,0.0
0.11571428571428571,0.002142857142857143,29.954348457759135,0.5137340062104654,seen,42016,bdadc83d024a38e6611472a25c7fb141928ab413f839a456cfe5e1f3de4e9920,scn1_structured_env42016,structured,0.015152799225476427,7.5599568321281625,0.2447469933649453,wm_residual_rl,31004.0,0.05977348586193243,1,0.017142857142857144,0.0,1.0,0.0
0.12095238095238095,0.0020634920634920633,29.310465830679746,0.0,seen,42017,4cf930ea803f22648c16962beae271763569c4c71dad0a943782275e82513f4e,scn1_structured_env42017,structured,0.03954968233763686,7.524687150842961,0.3599476891258986,smc,,0.15490667648222564,1,0.011428571428571429,0.0,1.0,0.0
0.12904761904761905,0.0002380952380952381,30.170873503272105,1.0,seen,42017,4cf930ea803f22648c16962beae271763569c4c71dad0a943782275e82513f4e,scn1_structured_env42017,structured,0.013425413924540353,6.803003397404069,0.27983409599606074,mpc,,0.0674948947580849,1,0.02142857142857143,0.0,1.0,0.0
0.11904761904761904,0.001984126984126984,30.045159033083518,0.5932797619047617,seen,42017,4cf930ea803f22648c16962beae271763569c4c71dad0a943782275e82513f4e,scn1_structured_env42017,structured,0.014811610710311288,7.619025920571274,0.2822149334712293,constant_alpha,,0.06510233711194945,1,0.018571428571428572,0.0,1.0,0.0
0.12523809523809523,0.001984126984126984,30.103070601923946,0.8936425546997093,seen,42017,4cf930ea803f22648c16962beae271763569c4c71dad0a943782275e82513f4e,scn1_structured_env42017,structured,0.013384437496593,7.484022064749386,0.2822592869495903,sspo,,0.06054300448857242,1,0.004285714285714286,0.0,1.0,0.0
0.13,0.001984126984126984,30.090933146490748,0.8318314119494261,seen,42017,4cf930ea803f22648c16962beae271763569c4c71dad0a943782275e82513f4e,scn1_structured_env42017,structured,0.01327883562394637,7.375233247545866,0.28372906829180006,v3_transformer,31000.0,0.061493423312184076,1,0.015714285714285715,0.0,1.0,0.0
0.12857142857142856,0.001984126984126984,30.094030736266998,0.8299014302390813,seen,42017,4cf930ea803f22648c16962beae271763569c4c71dad0a943782275e82513f4e,scn1_structured_env42017,structured,0.013383093570370722,7.315068697478405,0.28299054701883686,v3_transformer,31001.0,0.06189884993957955,1,0.010952380952380953,0.0,1.0,0.0
0.13,0.001984126984126984,30.084078616041587,0.8332780446489648,seen,42017,4cf930ea803f22648c16962beae271763569c4c71dad0a943782275e82513f4e,scn1_structured_env42017,structured,0.013173857401527942,7.353848271874271,0.2832538571462788,v3_transformer,31002.0,0.061360291096479364,1,0.012857142857142857,0.0,1.0,0.0
0.1295238095238095,0.001984126984126984,30.083282847793708,0.8505092465939554,seen,42017,4cf930ea803f22648c16962beae271763569c4c71dad0a943782275e82513f4e,scn1_structured_env42017,structured,0.013167998799420494,7.392784376077607,0.28289587947402955,v3_transformer,31003.0,0.06140024885333754,1,0.024285714285714285,0.0,1.0,0.0
0.12857142857142856,0.001984126984126984,30.094884763019156,0.8415213010520005,seen,42017,4cf930ea803f22648c16962beae271763569c4c71dad0a943782275e82513f4e,scn1_structured_env42017,structured,0.013156304784437132,7.371904182970618,0.2837788538622597,v3_transformer,31004.0,0.06187658727753283,1,0.014761904761904763,0.0,1.0,0.0
0.13,0.001984126984126984,30.09070494446216,0.8311571513847048,seen,42017,4cf930ea803f22648c16962beae271763569c4c71dad0a943782275e82513f4e,scn1_structured_env42017,structured,0.013273207561505978,7.372020936649207,0.28372906829180006,wm_hybrid,31000.0,0.061523960242523,1,0.03,0.0,1.0,0.049523809523809526
0.12857142857142856,0.001984126984126984,30.094039391132657,0.8280358596641388,seen,42017,4cf930ea803f22648c16962beae271763569c4c71dad0a943782275e82513f4e,scn1_structured_env42017,structured,0.013377158578451452,7.312091985712693,0.28299054701883686,wm_hybrid,31001.0,0.0619382862086355,1,0.025714285714285714,0.0,1.0,0.049523809523809526
0.13,0.001984126984126984,30.08409136032708,0.832068579031893,seen,42017,4cf930ea803f22648c16962beae271763569c4c71dad0a943782275e82513f4e,scn1_structured_env42017,structured,0.013135278658437735,7.352411137774055,0.2832538571462788,wm_hybrid,31002.0,0.06138011815791874,1,0.03190476190476191,0.0,1.0,0.049523809523809526
0.1295238095238095,0.001984126984126984,30.083153449565103,0.8478557432604833,seen,42017,4cf930ea803f22648c16962beae271763569c4c71dad0a943782275e82513f4e,scn1_structured_env42017,structured,0.013163751612213042,7.390669666969811,0.28289587947402955,wm_hybrid,31003.0,0.0614350491787668,1,0.032857142857142856,0.0,1.0,0.049523809523809526
0.12857142857142856,0.001984126984126984,30.094371927287,0.8393518825540779,seen,42017,4cf930ea803f22648c16962beae271763569c4c71dad0a943782275e82513f4e,scn1_structured_env42017,structured,0.013140307810025977,7.36760462407022,0.2837788538622597,wm_hybrid,31004.0,0.061909302815370895,1,0.04476190476190476,0.0,1.0,0.049523809523809526
0.11857142857142858,0.001984126984126984,29.98218254711136,0.5724168806374835,seen,42017,4cf930ea803f22648c16962beae271763569c4c71dad0a943782275e82513f4e,scn1_structured_env42017,structured,0.014504224785351452,7.598445406286184,0.2822149334712293,residual_rl,31000.0,0.06451181601133495,1,0.023809523809523808,0.0,1.0,0.0
0.1180952380952381,0.001984126984126984,29.997202077024728,0.5532265629961426,seen,42017,4cf930ea803f22648c16962beae271763569c4c71dad0a943782275e82513f4e,scn1_structured_env42017,structured,0.015587703592326013,7.597039275263595,0.2822149334712293,residual_rl,31001.0,0.06463182655594515,1,0.029047619047619048,0.0,1.0,0.0
0.11857142857142858,0.001984126984126984,29.98732199514664,0.5033479272234544,seen,42017,4cf930ea803f22648c16962beae271763569c4c71dad0a943782275e82513f4e,scn1_structured_env42017,structured,0.014458637209395294,7.624273238997965,0.2822149334712293,residual_rl,31002.0,0.06604655393586085,1,0.025238095238095237,0.0,1.0,0.0
0.11904761904761904,0.001984126984126984,29.987231677110923,0.5013990819081577,seen,42017,4cf930ea803f22648c16962beae271763569c4c71dad0a943782275e82513f4e,scn1_structured_env42017,structured,0.015530941853454924,7.601150323762938,0.2822149334712293,residual_rl,31003.0,0.0651089240996931,1,0.021904761904761906,0.0,1.0,0.0
0.11904761904761904,0.001984126984126984,30.024911418158776,0.4970349320097635,seen,42017,4cf930ea803f22648c16962beae271763569c4c71dad0a943782275e82513f4e,scn1_structured_env42017,structured,0.01554384135976566,7.6079887647763496,0.2822149334712293,residual_rl,31004.0,0.06587156198743128,1,0.023809523809523808,0.0,1.0,0.0
0.11857142857142858,0.001984126984126984,30.000912820589743,0.537645248888333,seen,42017,4cf930ea803f22648c16962beae271763569c4c71dad0a943782275e82513f4e,scn1_structured_env42017,structured,0.015501652223515235,7.6306373792091495,0.2822149334712293,wm_residual_rl,31000.0,0.06576531133341466,1,0.021904761904761906,0.0,1.0,0.0
0.1180952380952381,0.001984126984126984,30.017263373690582,0.5525061126229454,seen,42017,4cf930ea803f22648c16962beae271763569c4c71dad0a943782275e82513f4e,scn1_structured_env42017,structured,0.015647882475782915,7.643460766479181,0.2822149334712293,wm_residual_rl,31001.0,0.06660903564653574,1,0.02238095238095238,0.0,1.0,0.0
0.11904761904761904,0.001984126984126984,30.011274085184205,0.4905518346413829,seen,42017,4cf930ea803f22648c16962beae271763569c4c71dad0a943782275e82513f4e,scn1_structured_env42017,structured,0.015621961776565971,7.645715643283117,0.2822149334712293,wm_residual_rl,31002.0,0.06741695579265919,1,0.015714285714285715,0.0,1.0,0.0
0.12,0.001984126984126984,29.984765100520416,0.486686360681318,seen,42017,4cf930ea803f22648c16962beae271763569c4c71dad0a943782275e82513f4e,scn1_structured_env42017,structured,0.01560015877499706,7.604965188962682,0.2822149334712293,wm_residual_rl,31003.0,0.06544519349231408,1,0.023809523809523808,0.0,1.0,0.0
0.11857142857142858,0.001984126984126984,29.999864932157916,0.5146519428246166,seen,42017,4cf930ea803f22648c16962beae271763569c4c71dad0a943782275e82513f4e,scn1_structured_env42017,structured,0.015656234882686724,7.604087203585544,0.2822149334712293,wm_residual_rl,31004.0,0.06501305409014194,1,0.02095238095238095,0.0,1.0,0.0
0.11952380952380952,0.001587301587301587,28.931495271248014,0.0,seen,42018,6b4782f8aafccd0ff7f7165a6ff35fe4e830baffd04cfc98359a1e1861a7beea,scn1_structured_env42018,structured,0.039631301940825,7.398822255658354,0.3160857239575557,smc,,0.14668979772204901,1,0.05047619047619047,0.0,1.0,0.0
0.12714285714285714,0.00031746031746031746,30.050717705848967,1.0,seen,42018,6b4782f8aafccd0ff7f7165a6ff35fe4e830baffd04cfc98359a1e1861a7beea,scn1_structured_env42018,structured,0.012567698139999918,6.980455315433838,0.21311634012151273,mpc,,0.056741501472331056,1,0.12523809523809523,0.0,1.0,0.0
0.11476190476190476,0.001587301587301587,29.85138634518422,0.5932797619047617,seen,42018,6b4782f8aafccd0ff7f7165a6ff35fe4e830baffd04cfc98359a1e1861a7beea,scn1_structured_env42018,structured,0.014942147298514792,7.59859513380934,0.1924314096438271,constant_alpha,,0.0532822664936871,1,0.016666666666666666,0.0,1.0,0.0
0.12142857142857143,0.001587301587301587,29.909374181256872,0.892903179357669,seen,42018,6b4782f8aafccd0ff7f7165a6ff35fe4e830baffd04cfc98359a1e1861a7beea,scn1_structured_env42018,structured,0.013377031848672843,7.454169614193078,0.1924653308693902,sspo,,0.0471809427192375,1,0.043333333333333335,0.0,1.0,0.0
0.12523809523809523,0.001587301587301587,29.884388610568468,0.8450404534234529,seen,42018,6b4782f8aafccd0ff7f7165a6ff35fe4e830baffd04cfc98359a1e1861a7beea,scn1_structured_env42018,structured,0.013338616334020949,7.374611332077442,0.19518263404755204,v3_transformer,31000.0,0.04751748859175776,1,0.07904761904761905,0.0,1.0,0.0
0.12476190476190477,0.001587301587301587,29.887914339226363,0.8375544649109519,seen,42018,6b4782f8aafccd0ff7f7165a6ff35fe4e830baffd04cfc98359a1e1861a7beea,scn1_structured_env42018,structured,0.013214651248671274,7.377672311391093,0.19291939316423426,v3_transformer,31001.0,0.047258569393579176,1,0.09523809523809523,0.0,1.0,0.0
0.12523809523809523,0.001587301587301587,29.88583641623713,0.8375207755783863,seen,42018,6b4782f8aafccd0ff7f7165a6ff35fe4e830baffd04cfc98359a1e1861a7beea,scn1_structured_env42018,structured,0.013087372738367018,7.364485911926942,0.1927089072436896,v3_transformer,31002.0,0.04706441667920538,1,0.09,0.0,1.0,0.0
0.12523809523809523,0.001587301587301587,29.881725882315983,0.8539423071555763,seen,42018,6b4782f8aafccd0ff7f7165a6ff35fe4e830baffd04cfc98359a1e1861a7beea,scn1_structured_env42018,structured,0.013336263390142706,7.39815229576715,0.19297818696699143,v3_transformer,31003.0,0.04734652694285723,1,0.07333333333333333,0.0,1.0,0.0
0.12523809523809523,0.001587301587301587,29.900406168995,0.8468743502730456,seen,42018,6b4782f8aafccd0ff7f7165a6ff35fe4e830baffd04cfc98359a1e1861a7beea,scn1_structured_env42018,structured,0.013370264000679854,7.358637577941427,0.19362355639650775,v3_transformer,31004.0,0.047028009327553154,1,0.07333333333333333,0.0,1.0,0.0
0.12523809523809523,0.001587301587301587,29.884198356193764,0.8435422690728952,seen,42018,6b4782f8aafccd0ff7f7165a6ff35fe4e830baffd04cfc98359a1e1861a7beea,scn1_structured_env42018,structured,0.013329519311881066,7.37268322337709,0.19518980566845565,wm_hybrid,31000.0,0.04754098521943108,1,0.0761904761904762,0.0,1.0,0.049523809523809526
0.12476190476190477,0.001587301587301587,29.886980645198186,0.8364971444998464,seen,42018,6b4782f8aafccd0ff7f7165a6ff35fe4e830baffd04cfc98359a1e1861a7beea,scn1_structured_env42018,structured,0.013202888280625016,7.376005610211063,0.19292030309405536,wm_hybrid,31001.0,0.047268401745782826,1,0.08190476190476191,0.0,1.0,0.049523809523809526
0.12523809523809523,0.001587301587301587,29.885556621401015,0.8365754724629488,seen,42018,6b4782f8aafccd0ff7f7165a6ff35fe4e830baffd04cfc98359a1e1861a7beea,scn1_structured_env42018,structured,0.013085016763439709,7.362897728879458,0.19270918812224025,wm_hybrid,31002.0,0.04706867463582402,1,0.07142857142857142,0.0,1.0,0.049523809523809526
0.12523809523809523,0.001587301587301587,29.88191527500874,0.852180921483224,seen,42018,6b4782f8aafccd0ff7f7165a6ff35fe4e830baffd04cfc98359a1e1861a7beea,scn1_structured_env42018,structured,0.013331031639840608,7.396191276346828,0.19298211521788905,wm_hybrid,31003.0,0.047367301911386155,1,0.12523809523809523,0.0,1.0,0.049523809523809526
0.12523809523809523,0.001587301587301587,29.900616168612757,0.8450146501056051,seen,42018,6b4782f8aafccd0ff7f7165a6ff35fe4e830baffd04cfc98359a1e1861a7beea,scn1_structured_env42018,structured,0.013178283379397854,7.361969829183205,0.19362752700401883,wm_hybrid,31004.0,0.04703549525519528,1,0.25,0.0,1.0,0.049523809523809526
0.11571428571428571,0.001587301587301587,29.79464321824319,0.572118709365287,seen,42018,6b4782f8aafccd0ff7f7165a6ff35fe4e830baffd04cfc98359a1e1861a7beea,scn1_structured_env42018,structured,0.01434361643307297,7.577085095530188,0.19244444988549655,residual_rl,31000.0,0.05238977493018009,1,0.16142857142857142,0.0,1.0,0.0
0.11428571428571428,0.001587301587301587,29.80224654779619,0.5525191964458238,seen,42018,6b4782f8aafccd0ff7f7165a6ff35fe4e830baffd04cfc98359a1e1861a7beea,scn1_structured_env42018,structured,0.01568165164771428,7.578488143162663,0.1924491987089784,residual_rl,31001.0,0.05274669141229049,1,0.10904761904761905,0.0,1.0,0.0
0.11523809523809524,0.001587301587301587,29.795475770856367,0.503721548080577,seen,42018,6b4782f8aafccd0ff7f7165a6ff35fe4e830baffd04cfc98359a1e1861a7beea,scn1_structured_env42018,structured,0.014506516695186189,7.60536671806767,0.1924314096438271,residual_rl,31002.0,0.05453469855064201,1,0.10428571428571429,0.0,1.0,0.0
0.11523809523809524,0.001587301587301587,29.789901544603637,0.5019923192740077,seen,42018,6b4782f8aafccd0ff7f7165a6ff35fe4e830baffd04cfc98359a1e1861a7beea,scn1_structured_env42018,structured,0.015741153357228102,7.583678652613096,0.19244902548555734,residual_rl,31003.0,0.053441258629614255,1,0.060476190476190475,0.0,1.0,0.0
0.11523809523809524,0.001587301587301587,29.827626940973843,0.4969161998728087,seen,42018,6b4782f8aafccd0ff7f7165a6ff35fe4e830baffd04cfc98359a1e1861a7beea,scn1_structured_env42018,structured,0.015671164113645056,7.589246657606904,0.1924314096438271,residual_rl,31004.0,0.05431726203144183,1,0.10285714285714286,0.0,1.0,0.0
0.11523809523809524,0.001587301587301587,29.806504868743975,0.536297402116158,seen,42018,6b4782f8aafccd0ff7f7165a6ff35fe4e830baffd04cfc98359a1e1861a7beea,scn1_structured_env42018,structured,0.01546482818118797,7.6059202504893495,0.19243722904099267,wm_residual_rl,31000.0,0.05371677038259567,1,0.08761904761904762,0.0,1.0,0.0
0.11428571428571428,0.001587301587301587,29.822075120588636,0.5509904221676422,seen,42018,6b4782f8aafccd0ff7f7165a6ff35fe4e830baffd04cfc98359a1e1861a7beea,scn1_structured_env42018,structured,0.01574026200685318,7.6226616524182855,0.1924314096438271,wm_residual_rl,31001.0,0.055157552078996815,1,0.06571428571428571,0.0,1.0,0.0
0.11523809523809524,0.001587301587301587,29.819870785613794,0.4909875119310852,seen,42018,6b4782f8aafccd0ff7f7165a6ff35fe4e830baffd04cfc98359a1e1861a7beea,scn1_structured_env42018,structured,0.015701489757248315,7.625533765107255,0.1924314096438271,wm_residual_rl,31002.0,0.05622068584609408,1,0.043333333333333335,0.0,1.0,0.0
0.11619047619047619,0.001587301587301587,29.78961117131056,0.4866892274552697,seen,42018,6b4782f8aafccd0ff7f7165a6ff35fe4e830baffd04cfc98359a1e1861a7beea,scn1_structured_env42018,structured,0.015706550922303452,7.587163504938685,0.19244787074717756,wm_residual_rl,31003.0,0.05379293576493753,1,0.05095238095238095,0.0,1.0,0.0
0.11523809523809524,0.001587301587301587,29.807906484275218,0.514809618038799,seen,42018,6b4782f8aafccd0ff7f7165a6ff35fe4e830baffd04cfc98359a1e1861a7beea,scn1_structured_env42018,structured,0.015690930199548103,7.585037781788248,0.1924451234695171,wm_residual_rl,31004.0,0.05316068594034543,1,0.10428571428571429,0.0,1.0,0.0
0.11714285714285715,0.0019047619047619048,29.060350970340295,0.0,seen,42019,184da0ee13d7dd8b4510708d1358505aacb49b1579ce07e71483b5615ddf5cba,scn1_structured_env42019,structured,0.039825019792236654,7.428009267722697,0.31881355452624716,smc,,0.14756004166539713,1,0.06380952380952382,0.0,1.0,0.0
0.12761904761904763,0.0002380952380952381,30.052270651457103,1.0,seen,42019,184da0ee13d7dd8b4510708d1358505aacb49b1579ce07e71483b5615ddf5cba,scn1_structured_env42019,structured,0.012700830910071865,6.8440105672566345,0.23893008834759447,mpc,,0.06132079820796564,1,0.1219047619047619,0.0,1.0,0.0
0.11523809523809524,0.0019047619047619048,29.906733477778722,0.5932797619047617,seen,42019,184da0ee13d7dd8b4510708d1358505aacb49b1579ce07e71483b5615ddf5cba,scn1_structured_env42019,structured,0.014968073464530033,7.553144734617559,0.20373968609706272,constant_alpha,,0.05536854439209264,1,0.02761904761904762,0.0,1.0,0.0
0.12095238095238095,0.0019047619047619048,29.967797058000265,0.89305523703727,seen,42019,184da0ee13d7dd8b4510708d1358505aacb49b1579ce07e71483b5615ddf5cba,scn1_structured_env42019,structured,0.013109487403758573,7.4176739645090315,0.2038082479074363,sspo,,0.04948055005890894,1,0.07095238095238095,0.0,1.0,0.0
0.12428571428571429,0.0019047619047619048,29.95450413932097,0.8385087496095338,seen,42019,184da0ee13d7dd8b4510708d1358505aacb49b1579ce07e71483b5615ddf5cba,scn1_structured_env42019,structured,0.013502144374455355,7.3331671962581915,0.20632977917339138,v3_transformer,31000.0,0.04972173106602825,1,0.05142857142857143,0.0,1.0,0.0
0.12428571428571429,0.0019047619047619048,29.955487154663434,0.8422026034040864,seen,42019,184da0ee13d7dd8b4510708d1358505aacb49b1579ce07e71483b5615ddf5cba,scn1_structured_env42019,structured,0.013479880468621098,7.321878636839472,0.20467163223571816,v3_transformer,31001.0,0.0494744977070465,1,0.08333333333333333,0.0,1.0,0.0
0.12428571428571429,0.0019047619047619048,29.958295137273186,0.8348259037726291,seen,42019,184da0ee13d7dd8b4510708d1358505aacb49b1579ce07e71483b5615ddf5cba,scn1_structured_env42019,structured,0.013156751503978657,7.29173577372232,0.20679115456127276,v3_transformer,31002.0,0.04999029178550934,1,0.0919047619047619,0.0,1.0,0.0
0.12428571428571429,0.0019047619047619048,29.949438744380362,0.8519875562543655,seen,42019,184da0ee13d7dd8b4510708d1358505aacb49b1579ce07e71483b5615ddf5cba,scn1_structured_env42019,structured,0.013437487402353553,7.332543495118652,0.20532164200488673,v3_transformer,31003.0,0.04980156916778185,1,0.05857142857142857,0.0,1.0,0.0
0.12428571428571429,0.0019047619047619048,29.966597115940186,0.8422648265248591,seen,42019,184da0ee13d7dd8b4510708d1358505aacb49b1579ce07e71483b5615ddf5cba,scn1_structured_env42019,structured,0.013181566554873117,7.3085705852505205,0.20765817063122793,v3_transformer,31004.0,0.04978899666107973,1,0.08047619047619048,0.0,1.0,0.0
0.12428571428571429,0.0019047619047619048,29.956700820417023,0.8363940336883378,seen,42019,184da0ee13d7dd8b4510708d1358505aacb49b1579ce07e71483b5615ddf5cba,scn1_structured_env42019,structured,0.013217241074018305,7.334315634984204,0.20693546474017252,wm_hybrid,31000.0,0.049797862687528255,1,0.056666666666666664,0.0,1.0,0.049523809523809526
0.12428571428571429,0.0019047619047619048,29.95580017003548,0.8393855552923264,seen,42019,184da0ee13d7dd8b4510708d1358505aacb49b1579ce07e71483b5615ddf5cba,scn1_structured_env42019,structured,0.013226113800810577,7.328470710574643,0.20544063887659308,wm_hybrid,31001.0,0.04958389407055101,1,0.08523809523809524,0.0,1.0,0.049523809523809526
0.12428571428571429,0.0019047619047619048,29.95924777398188,0.8337452411836432,seen,42019,184da0ee13d7dd8b4510708d1358505aacb49b1579ce07e71483b5615ddf5cba,scn1_structured_env42019,structured,0.013171614425521038,7.294729703795261,0.2074751333631037,wm_hybrid,31002.0,0.050150400951651665,1,0.1019047619047619,0.0,1.0,0.049523809523809526
0.12428571428571429,0.0019047619047619048,29.952497940284474,0.8495440653114028,seen,42019,184da0ee13d7dd8b4510708d1358505aacb49b1579ce07e71483b5615ddf5cba,scn1_structured_env42019,structured,0.013157902067740207,7.335376067648057,0.20603780453132312,wm_hybrid,31003.0,0.04989332257657406,1,0.12047619047619047,0.0,1.0,0.049523809523809526
0.12476190476190477,0.0019047619047619048,29.96594214862617,0.8403556012079413,seen,42019,184da0ee13d7dd8b4510708d1358505aacb49b1579ce07e71483b5615ddf5cba,scn1_structured_env42019,structured,0.013286614297201902,7.307020789925229,0.20796525296969468,wm_hybrid,31004.0,0.04986768624731297,1,0.28523809523809524,0.0,1.0,0.049523809523809526
0.11523809523809524,0.0019047619047619048,29.850873120039598,0.572013902520942,seen,42019,184da0ee13d7dd8b4510708d1358505aacb49b1579ce07e71483b5615ddf5cba,scn1_structured_env42019,structured,0.01440691428533183,7.530610526819616,0.2037419728225707,residual_rl,31000.0,0.0543436843979407,1,0.11761904761904762,0.0,1.0,0.0
0.11523809523809524,0.0019047619047619048,29.860038172963552,0.5532130115133077,seen,42019,184da0ee13d7dd8b4510708d1358505aacb49b1579ce07e71483b5615ddf5cba,scn1_structured_env42019,structured,0.01578355196199008,7.532059165416563,0.20374339207818482,residual_rl,31001.0,0.054654979720974925,1,0.1442857142857143,0.0,1.0,0.0
0.11571428571428571,0.0019047619047619048,29.85314917832461,0.5042536760782522,seen,42019,184da0ee13d7dd8b4510708d1358505aacb49b1579ce07e71483b5615ddf5cba,scn1_structured_env42019,structured,0.014441650604337304,7.560056370303166,0.20373968609706272,residual_rl,31002.0,0.056473070918658774,1,0.05476190476190476,0.0,1.0,0.0
0.11571428571428571,0.0019047619047619048,29.84786409000302,0.5020571860572715,seen,42019,184da0ee13d7dd8b4510708d1358505aacb49b1579ce07e71483b5615ddf5cba,scn1_structured_env42019,structured,0.01576722366125141,7.536986642731943,0.20374326400935736,residual_rl,31003.0,0.05530477133692193,1,0.08428571428571428,0.0,1.0,0.0
0.11571428571428571,0.0019047619047619048,29.883928968441023,0.49710338186780473,seen,42019,184da0ee13d7dd8b4510708d1358505aacb49b1579ce07e71483b5615ddf5cba,scn1_structured_env42019,structured,0.015685739754253015,7.543245194260175,0.20373968609706272,residual_rl,31004.0,0.05630188403798133,1,0.10047619047619048,0.0,1.0,0.0
0.11476190476190476,0.0019047619047619048,29.862841158990392,0.5365197020589912,seen,42019,184da0ee13d7dd8b4510708d1358505aacb49b1579ce07e71483b5615ddf5cba,scn1_structured_env42019,structured,0.015524849955582122,7.561201365422717,0.2037400522024655,wm_residual_rl,31000.0,0.05574283530765778,1,0.06619047619047619,0.0,1.0,0.0
0.11523809523809524,0.0019047619047619048,29.877903689971472,0.5522286043733816,seen,42019,184da0ee13d7dd8b4510708d1358505aacb49b1579ce07e71483b5615ddf5cba,scn1_structured_env42019,structured,0.015760632645580742,7.577011414646991,0.20373968609706272,wm_residual_rl,31001.0,0.057120436484189276,1,0.05142857142857143,0.0,1.0,0.0
0.11571428571428571,0.0019047619047619048,29.87800241599261,0.49101492361689497,seen,42019,184da0ee13d7dd8b4510708d1358505aacb49b1579ce07e71483b5615ddf5cba,scn1_structured_env42019,structured,0.015717955151678783,7.57994429618514,0.20373968609706272,wm_residual_rl,31002.0,0.05821121028284529,1,0.06142857142857143,0.0,1.0,0.0
0.11523809523809524,0.0019047619047619048,29.847650099290224,0.4865865742963634,seen,42019,184da0ee13d7dd8b4510708d1358505aacb49b1579ce07e71483b5615ddf5cba,scn1_structured_env42019,structured,0.015733685619429817,7.540249670651034,0.20374260834504107,wm_residual_rl,31003.0,0.05563614086286512,1,0.04666666666666667,0.0,1.0,0.0
0.11571428571428571,0.0019047619047619048,29.864312657946783,0.5144486053558395,seen,42019,184da0ee13d7dd8b4510708d1358505aacb49b1579ce07e71483b5615ddf5cba,scn1_structured_env42019,structured,0.015745884422879,7.538540904032064,0.20374207513682777,wm_residual_rl,31004.0,0.05509037726796326,1,0.09571428571428571,0.0,1.0,0.0
0.19095238095238096,0.0016666666666666668,38.197436211407386,0.0,seen,42000,2acc8744f743ca803a3f03078b0628709236c0987140571d923237ab47f74382,scn2_structured_env42000,structured,0.3096388490446296,7.203801049152526,0.3987126159149275,smc,,0.1561921963190642,2,0.02095238095238095,0.0,1.0,0.0
0.2580952380952381,0.00031746031746031746,39.49311369546714,1.0,seen,42000,2acc8744f743ca803a3f03078b0628709236c0987140571d923237ab47f74382,scn2_structured_env42000,structured,0.25413979879705684,6.948848533366578,0.27610504916697637,mpc,,0.07154244443588464,2,0.016666666666666666,0.0,1.0,0.0
0.2138095238095238,0.0016666666666666668,39.167408826099454,0.5932797619047617,seen,42000,2acc8744f743ca803a3f03078b0628709236c0987140571d923237ab47f74382,scn2_structured_env42000,structured,0.2544652793242067,7.4547857361224255,0.28702601246204057,constant_alpha,,0.072061355857116,2,0.011428571428571429,0.0,1.0,0.0
0.2480952380952381,0.0016666666666666668,39.32566022644184,0.8891005275238403,seen,42000,2acc8744f743ca803a3f03078b0628709236c0987140571d923237ab47f74382,scn2_structured_env42000,structured,0.2537998138804873,7.179293044074229,0.2893893680186437,sspo,,0.06660743293847862,2,0.11238095238095239,0.0,1.0,0.0
0.25,0.0016666666666666668,39.3749014709099,0.8412520214454348,seen,42000,2acc8744f743ca803a3f03078b0628709236c0987140571d923237ab47f74382,scn2_structured_env42000,structured,0.2548217863888937,6.899163385023483,0.29082123972571705,v3_transformer,31000.0,0.06767916564101017,2,0.017619047619047618,0.0,1.0,0.0
0.24857142857142858,0.0016666666666666668,39.333358937550926,0.8534779731911172,seen,42000,2acc8744f743ca803a3f03078b0628709236c0987140571d923237ab47f74382,scn2_structured_env42000,structured,0.2547953529922247,7.016775318393286,0.28816425375060783,v3_transformer,31001.0,0.06614384608600762,2,0.024285714285714285,0.0,1.0,0.0
0.24952380952380954,0.0016666666666666668,39.35776289747344,0.8417114052745486,seen,42000,2acc8744f743ca803a3f03078b0628709236c0987140571d923237ab47f74382,scn2_structured_env42000,structured,0.254515429778459,6.911638003431599,0.28840063378800207,v3_transformer,31002.0,0.06676711160386897,2,0.020476190476190478,0.0,1.0,0.0
0.24761904761904763,0.0016666666666666668,39.34743155824804,0.8669009594645102,seen,42000,2acc8744f743ca803a3f03078b0628709236c0987140571d923237ab47f74382,scn2_structured_env42000,structured,0.25422489300219075,6.954045886374148,0.28906598704017,v3_transformer,31003.0,0.06717984516498557,2,0.022857142857142857,0.0,1.0,0.0
0.2480952380952381,0.0016666666666666668,39.35285530367437,0.8526628474869731,seen,42000,2acc8744f743ca803a3f03078b0628709236c0987140571d923237ab47f74382,scn2_structured_env42000,structured,0.2541044340195111,6.938738463801412,0.2884680045990156,v3_transformer,31004.0,0.06668324869646845,2,0.012857142857142857,0.0,1.0,0.0
0.25,0.0016666666666666668,39.37599478582634,0.8401757202530169,seen,42000,2acc8744f743ca803a3f03078b0628709236c0987140571d923237ab47f74382,scn2_structured_env42000,structured,0.25481805891731363,6.889181491315517,0.29082123972571705,wm_hybrid,31000.0,0.06774992926252188,2,0.018095238095238095,0.0,1.0,0.049523809523809526
0.24857142857142858,0.0016666666666666668,39.334516923271856,0.8500254604272457,seen,42000,2acc8744f743ca803a3f03078b0628709236c0987140571d923237ab47f74382,scn2_structured_env42000,structured,0.2546918870597069,7.011255824329181,0.2883993508332341,wm_hybrid,31001.0,0.06626138757403295,2,0.017142857142857144,0.0,1.0,0.049523809523809526
0.24952380952380954,0.0016666666666666668,39.361741393339955,0.8405238659485053,seen,42000,2acc8744f743ca803a3f03078b0628709236c0987140571d923237ab47f74382,scn2_structured_env42000,structured,0.2543985593336766,6.8980348927711805,0.2888055946101688,wm_hybrid,31002.0,0.0669909719882166,2,0.018571428571428572,0.0,1.0,0.049523809523809526
0.24952380952380954,0.0016666666666666668,39.349555099315346,0.864461316043555,seen,42000,2acc8744f743ca803a3f03078b0628709236c0987140571d923237ab47f74382,scn2_structured_env42000,structured,0.2543619397475152,6.938759822481344,0.28930918609439676,wm_hybrid,31003.0,0.0673049189007855,2,0.015714285714285715,0.0,1.0,0.049523809523809526
0.24904761904761905,0.0016666666666666668,39.35579494448517,0.8491731160484488,seen,42000,2acc8744f743ca803a3f03078b0628709236c0987140571d923237ab47f74382,scn2_structured_env42000,structured,0.2541263217265779,6.9196212423316945,0.28877081715696146,wm_hybrid,31004.0,0.0668937731727996,2,0.014285714285714285,0.0,1.0,0.049523809523809526
0.21571428571428572,0.0016666666666666668,39.13009779202174,0.5813675047428665,seen,42000,2acc8744f743ca803a3f03078b0628709236c0987140571d923237ab47f74382,scn2_structured_env42000,structured,0.2545110073564568,7.443435835828596,0.28702601246204057,residual_rl,31000.0,0.0717609514817446,2,0.02238095238095238,0.0,1.0,0.0
0.20666666666666667,0.0016666666666666668,39.09416584166926,0.5644705932412926,seen,42000,2acc8744f743ca803a3f03078b0628709236c0987140571d923237ab47f74382,scn2_structured_env42000,structured,0.2561224103386102,7.437405383964676,0.28702601246204057,residual_rl,31001.0,0.0717632961573235,2,0.01904761904761905,0.0,1.0,0.0
0.20666666666666667,0.0016666666666666668,39.06643483018312,0.5212344762295777,seen,42000,2acc8744f743ca803a3f03078b0628709236c0987140571d923237ab47f74382,scn2_structured_env42000,structured,0.2554853409895162,7.480096635949673,0.28702601246204057,residual_rl,31002.0,0.07367544775458633,2,0.014761904761904763,0.0,1.0,0.0
0.20666666666666667,0.0016666666666666668,39.10270474422306,0.559382084171711,seen,42000,2acc8744f743ca803a3f03078b0628709236c0987140571d923237ab47f74382,scn2_structured_env42000,structured,0.25604071597510314,7.436349547458944,0.28702601246204057,residual_rl,31003.0,0.07178494402951067,2,0.01904761904761905,0.0,1.0,0.0
0.20857142857142857,0.0016666666666666668,39.062180020570935,0.507419366446611,seen,42000,2acc8744f743ca803a3f03078b0628709236c0987140571d923237ab47f74382,scn2_structured_env42000,structured,0.2555553027415969,7.450426290328307,0.28702601246204057,residual_rl,31004.0,0.07275505892894561,2,0.015238095238095238,0.0,1.0,0.0
0.20952380952380953,0.0016666666666666668,39.13275437585437,0.579879806026741,seen,42000,2acc8744f743ca803a3f03078b0628709236c0987140571d923237ab47f74382,scn2_structured_env42000,structured,0.255531194964756,7.471376809553692,0.28702601246204057,wm_residual_rl,31000.0,0.07261165892661557,2,0.020476190476190478,0.0,1.0,0.0
0.2138095238095238,0.0016666666666666668,39.1231139508987,0.5633371267522511,seen,42000,2acc8744f743ca803a3f03078b0628709236c0987140571d923237ab47f74382,scn2_structured_env42000,structured,0.2548959678037733,7.480247054358149,0.28702601246204057,wm_residual_rl,31001.0,0.0735522606724476,2,0.016666666666666666,0.0,1.0,0.0
0.20666666666666667,0.0016666666666666668,39.031478525095054,0.48208678624009055,seen,42000,2acc8744f743ca803a3f03078b0628709236c0987140571d923237ab47f74382,scn2_structured_env42000,structured,0.25516098967271184,7.460018370661188,0.28702601246204057,wm_residual_rl,31002.0,0.07282856712484716,2,0.011904761904761904,0.0,1.0,0.0
0.21333333333333335,0.0016666666666666668,39.089777132874445,0.539120410506764,seen,42000,2acc8744f743ca803a3f03078b0628709236c0987140571d923237ab47f74382,scn2_structured_env42000,structured,0.2546605567554045,7.443935977989725,0.28702601246204057,wm_residual_rl,31003.0,0.07207063076578583,2,0.02666666666666667,0.0,1.0,0.0
0.20904761904761904,0.0016666666666666668,39.09955718909942,0.5380991981918701,seen,42000,2acc8744f743ca803a3f03078b0628709236c0987140571d923237ab47f74382,scn2_structured_env42000,structured,0.2552449131775781,7.442626044951299,0.28702601246204057,wm_residual_rl,31004.0,0.07197625807062387,2,0.024285714285714285,0.0,1.0,0.0
0.1880952380952381,0.001349206349206349,38.00005239830276,0.0,seen,42001,76b9e2ea61f30f2250184727f266677f53bbd76516b5adeef49d0b5b7d436b80,scn2_structured_env42001,structured,0.3089880017143799,7.158211044886143,0.377724542198644,smc,,0.15165358668482298,2,0.014761904761904763,0.0,1.0,0.0
0.25666666666666665,0.00031746031746031746,39.42364826527416,1.0,seen,42001,76b9e2ea61f30f2250184727f266677f53bbd76516b5adeef49d0b5b7d436b80,scn2_structured_env42001,structured,0.25328999019030096,7.036135783808327,0.25328999019030096,mpc,,0.06619268131508847,2,0.10476190476190476,0.0,1.0,0.0
0.20761904761904762,0.001349206349206349,39.035452740424184,0.5932797619047617,seen,42001,76b9e2ea61f30f2250184727f266677f53bbd76516b5adeef49d0b5b7d436b80,scn2_structured_env42001,structured,0.25368361703486614,7.489817451579001,0.25368361703486614,constant_alpha,,0.06671449803330745,2,0.01,0.0,1.0,0.0
0.24714285714285714,0.001349206349206349,39.224099056981316,0.8870828509852547,seen,42001,76b9e2ea61f30f2250184727f266677f53bbd76516b5adeef49d0b5b7d436b80,scn2_structured_env42001,structured,0.2532778750078958,7.232267558799251,0.2532778750078958,sspo,,0.06006124855135426,2,0.023333333333333334,0.0,1.0,0.0
0.24666666666666667,0.001349206349206349,39.257682909366416,0.8378261346033977,seen,42001,76b9e2ea61f30f2250184727f266677f53bbd76516b5adeef49d0b5b7d436b80,scn2_structured_env42001,structured,0.25379294894694876,6.97740648034024,0.25379294894694876,v3_transformer,31000.0,0.06082529479806968,2,0.016666666666666666,0.0,1.0,0.0
0.24619047619047618,0.001349206349206349,39.234486111877196,0.8449442253289167,seen,42001,76b9e2ea61f30f2250184727f266677f53bbd76516b5adeef49d0b5b7d436b80,scn2_structured_env42001,structured,0.25389208463983387,7.063823255709048,0.25389208463983387,v3_transformer,31001.0,0.05966933765819628,2,0.023333333333333334,0.0,1.0,0.0
0.24619047619047618,0.001349206349206349,39.24547727144016,0.8387380347823677,seen,42001,76b9e2ea61f30f2250184727f266677f53bbd76516b5adeef49d0b5b7d436b80,scn2_structured_env42001,structured,0.25381883657227683,6.986654058020584,0.25381883657227683,v3_transformer,31002.0,0.06016119998169104,2,0.01619047619047619,0.0,1.0,0.0
0.24666666666666667,0.001349206349206349,39.23217377843745,0.8641079151660216,seen,42001,76b9e2ea61f30f2250184727f266677f53bbd76516b5adeef49d0b5b7d436b80,scn2_structured_env42001,structured,0.25369415044691357,7.026089377095995,0.25369415044691357,v3_transformer,31003.0,0.06052654454360102,2,0.02,0.0,1.0,0.0
0.24666666666666667,0.001349206349206349,39.24605994402684,0.8484815966245696,seen,42001,76b9e2ea61f30f2250184727f266677f53bbd76516b5adeef49d0b5b7d436b80,scn2_structured_env42001,structured,0.2536548165390312,6.977971534412062,0.2536548165390312,v3_transformer,31004.0,0.06044151281060571,2,0.013333333333333334,0.0,1.0,0.0
0.24666666666666667,0.001349206349206349,39.25811004563843,0.8366852198081255,seen,42001,76b9e2ea61f30f2250184727f266677f53bbd76516b5adeef49d0b5b7d436b80,scn2_structured_env42001,structured,0.2537847356705025,6.962784095299432,0.2537847356705025,wm_hybrid,31000.0,0.06095768302829695,2,0.015714285714285715,0.0,1.0,0.049523809523809526
0.24619047619047618,0.001349206349206349,39.23456785420087,0.8428141370363427,seen,42001,76b9e2ea61f30f2250184727f266677f53bbd76516b5adeef49d0b5b7d436b80,scn2_structured_env42001,structured,0.2538841233681074,7.055728986986495,0.2538841233681074,wm_hybrid,31001.0,0.059828478643900014,2,0.022857142857142857,0.0,1.0,0.049523809523809526
0.24619047619047618,0.001349206349206349,39.24675018208807,0.8375568732727124,seen,42001,76b9e2ea61f30f2250184727f266677f53bbd76516b5adeef49d0b5b7d436b80,scn2_structured_env42001,structured,0.25381219098908986,6.9735502034834616,0.25381219098908986,wm_hybrid,31002.0,0.06038479086395144,2,0.01619047619047619,0.0,1.0,0.049523809523809526
0.24666666666666667,0.001349206349206349,39.233473470337834,0.8618882993198271,seen,42001,76b9e2ea61f30f2250184727f266677f53bbd76516b5adeef49d0b5b7d436b80,scn2_structured_env42001,structured,0.2536848385385643,7.013746474385773,0.2536848385385643,wm_hybrid,31003.0,0.06067698918062674,2,0.02142857142857143,0.0,1.0,0.049523809523809526
0.24666666666666667,0.001349206349206349,39.24762751426215,0.8458033862967547,seen,42001,76b9e2ea61f30f2250184727f266677f53bbd76516b5adeef49d0b5b7d436b80,scn2_structured_env42001,structured,0.2536466046640635,6.961781286824749,0.2536466046640635,wm_hybrid,31004.0,0.06063997746687213,2,0.015714285714285715,0.0,1.0,0.049523809523809526
0.21,0.001349206349206349,38.99750951442108,0.5799223349773708,seen,42001,76b9e2ea61f30f2250184727f266677f53bbd76516b5adeef49d0b5b7d436b80,scn2_structured_env42001,structured,0.2537451380809683,7.477916399107271,0.2537451380809683,residual_rl,31000.0,0.06642991413960497,2,0.011904761904761904,0.0,1.0,0.0
0.20142857142857143,0.001349206349206349,38.96179038667952,0.5641526020704347,seen,42001,76b9e2ea61f30f2250184727f266677f53bbd76516b5adeef49d0b5b7d436b80,scn2_structured_env42001,structured,0.2554586897330979,7.470859136087842,0.2554586897330979,residual_rl,31001.0,0.06635051450318558,2,0.018095238095238095,0.0,1.0,0.0
0.19952380952380952,0.001349206349206349,38.9284644870376,0.5221229484562794,seen,42001,76b9e2ea61f30f2250184727f266677f53bbd76516b5adeef49d0b5b7d436b80,scn2_structured_env42001,structured,0.2545241984794791,7.519402850802802,0.2545241984794791,residual_rl,31002.0,0.06862328590881388,2,0.017142857142857144,0.0,1.0,0.0
0.20047619047619047,0.001349206349206349,38.972853689564985,0.5603970138458282,seen,42001,76b9e2ea61f30f2250184727f266677f53bbd76516b5adeef49d0b5b7d436b80,scn2_structured_env42001,structured,0.2552117638634709,7.46987054180396,0.2552117638634709,residual_rl,31003.0,0.06635292358295775,2,0.023809523809523808,0.0,1.0,0.0
0.2019047619047619,0.001349206349206349,38.925378237103224,0.5078075155579991,seen,42001,76b9e2ea61f30f2250184727f266677f53bbd76516b5adeef49d0b5b7d436b80,scn2_structured_env42001,structured,0.25484726537153807,7.486541457937213,0.25484726537153807,residual_rl,31004.0,0.06761670710100823,2,0.01380952380952381,0.0,1.0,0.0
0.20285714285714285,0.001349206349206349,39.000744852702034,0.5806158815304637,seen,42001,76b9e2ea61f30f2250184727f266677f53bbd76516b5adeef49d0b5b7d436b80,scn2_structured_env42001,structured,0.25463019353154515,7.504891983076172,0.25463019353154515,wm_residual_rl,31000.0,0.06707720073137713,2,0.01619047619047619,0.0,1.0,0.0
0.20904761904761904,0.001349206349206349,38.99172930296583,0.5622048529207517,seen,42001,76b9e2ea61f30f2250184727f266677f53bbd76516b5adeef49d0b5b7d436b80,scn2_structured_env42001,structured,0.25394516198804745,7.517145679379492,0.25394516198804745,wm_residual_rl,31001.0,0.06841007409510327,2,0.015714285714285715,0.0,1.0,0.0
0.19952380952380952,0.001349206349206349,38.89038127911301,0.48221958853498187,seen,42001,76b9e2ea61f30f2250184727f266677f53bbd76516b5adeef49d0b5b7d436b80,scn2_structured_env42001,structured,0.2541834555200996,7.501516716624525,0.2541834555200996,wm_residual_rl,31002.0,0.06785505351891646,2,0.025238095238095237,0.0,1.0,0.0
0.20809523809523808,0.001349206349206349,38.95095673444796,0.5387751645524032,seen,42001,76b9e2ea61f30f2250184727f266677f53bbd76516b5adeef49d0b5b7d436b80,scn2_structured_env42001,structured,0.25374325507680906,7.480744950094091,0.25374325507680906,wm_residual_rl,31003.0,0.06689978827941208,2,0.023333333333333334,0.0,1.0,0.0
0.20285714285714285,0.001349206349206349,38.96946709785923,0.5390866693286464,seen,42001,76b9e2ea61f30f2250184727f266677f53bbd76516b5adeef49d0b5b7d436b80,scn2_structured_env42001,structured,0.25443026364115484,7.477086249584956,0.25443026364115484,wm_residual_rl,31004.0,0.06662546957659672,2,0.023333333333333334,0.0,1.0,0.0
0.19047619047619047,0.0010317460317460316,37.80712488658349,0.0,seen,42002,8ede066040175e5ec60e5ec0d3fa92bffde3bc961d89090f199868077a6f3759,scn2_structured_env42002,structured,0.3138893085556954,7.129156569355929,0.35397094265530354,smc,,0.14769461308377982,2,0.019523809523809523,0.0,1.0,0.0
0.2561904761904762,0.00015873015873015873,39.28737363215715,1.0,seen,42002,8ede066040175e5ec60e5ec0d3fa92bffde3bc961d89090f199868077a6f3759,scn2_structured_env42002,structured,0.25509811464796484,7.012891678182502,0.25509811464796484,mpc,,0.0639451475712137,2,0.02,0.0,1.0,0.0
0.20333333333333334,0.0010317460317460316,38.907949499795556,0.5932797619047617,seen,42002,8ede066040175e5ec60e5ec0d3fa92bffde3bc961d89090f199868077a6f3759,scn2_structured_env42002,structured,0.25540690447222963,7.453779340018945,0.25540690447222963,constant_alpha,,0.06278917466577612,2,0.012857142857142857,0.0,1.0,0.0
0.24761904761904763,0.0010317460317460316,39.09728991913168,0.8901477348410427,seen,42002,8ede066040175e5ec60e5ec0d3fa92bffde3bc961d89090f199868077a6f3759,scn2_structured_env42002,structured,0.25499963998610337,7.2349082086615395,0.25499963998610337,sspo,,0.05443639818936911,2,0.019523809523809523,0.0,1.0,0.0
0.24619047619047618,0.0010317460317460316,39.12405343082071,0.8426937602962113,seen,42002,8ede066040175e5ec60e5ec0d3fa92bffde3bc961d89090f199868077a6f3759,scn2_structured_env42002,structured,0.25559351512498574,7.022986252435608,0.25559351512498574,v3_transformer,31000.0,0.054768347209298955,2,0.010952380952380953,0.0,1.0,0.0
0.24714285714285714,0.0010317460317460316,39.09914798148272,0.849859168822904,seen,42002,8ede066040175e5ec60e5ec0d3fa92bffde3bc961d89090f199868077a6f3759,scn2_structured_env42002,structured,0.25552182624713304,7.149763231140038,0.25552182624713304,v3_transformer,31001.0,0.05359629669706485,2,0.02,0.0,1.0,0.0
0.24904761904761905,0.0010317460317460316,39.10684663280397,0.8443762781286331,seen,42002,8ede066040175e5ec60e5ec0d3fa92bffde3bc961d89090f199868077a6f3759,scn2_structured_env42002,structured,0.25548519002396464,6.962314863106539,0.25548519002396464,v3_transformer,31002.0,0.05522090994227634,2,0.012857142857142857,0.0,1.0,0.0
0.2480952380952381,0.0010317460317460316,39.09267973927757,0.8696341306227078,seen,42002,8ede066040175e5ec60e5ec0d3fa92bffde3bc961d89090f199868077a6f3759,scn2_structured_env42002,structured,0.2555229675915428,7.055351983133171,0.2555229675915428,v3_transformer,31003.0,0.054479852626280405,2,0.014285714285714285,0.0,1.0,0.0
0.24666666666666667,0.0010317460317460316,39.106923101416434,0.854485216557641,seen,42002,8ede066040175e5ec60e5ec0d3fa92bffde3bc961d89090f199868077a6f3759,scn2_structured_env42002,structured,0.255453287045869,7.0435301645965165,0.255453287045869,v3_transformer,31004.0,0.054160150843011845,2,0.013333333333333334,0.0,1.0,0.0
0.24904761904761905,0.0010317460317460316,39.118158039295245,0.8417364857521248,seen,42002,8ede066040175e5ec60e5ec0d3fa92bffde3bc961d89090f199868077a6f3759,scn2_structured_env42002,structured,0.2555842472692223,7.00832559130384,0.2555842472692223,wm_hybrid,31000.0,0.0551145461598777,2,0.018571428571428572,0.0,1.0,0.049523809523809526
0.24761904761904763,0.0010317460317460316,39.099655030250645,0.8464870442258303,seen,42002,8ede066040175e5ec60e5ec0d3fa92bffde3bc961d89090f199868077a6f3759,scn2_structured_env42002,structured,0.2554976593575596,7.133539254622235,0.2554976593575596,wm_hybrid,31001.0,0.053664844980119406,2,0.016666666666666666,0.0,1.0,0.049523809523809526
0.2480952380952381,0.0010317460317460316,39.1155566407794,0.840001411787364,seen,42002,8ede066040175e5ec60e5ec0d3fa92bffde3bc961d89090f199868077a6f3759,scn2_structured_env42002,structured,0.2553122978742979,6.956164445668399,0.2553122978742979,wm_hybrid,31002.0,0.05511701546087008,2,0.017619047619047618,0.0,1.0,0.049523809523809526
0.24619047619047618,0.0010317460317460316,39.097817616703026,0.8659525513581319,seen,42002,8ede066040175e5ec60e5ec0d3fa92bffde3bc961d89090f199868077a6f3759,scn2_structured_env42002,structured,0.2553743705638313,7.061922234496291,0.2553743705638313,wm_hybrid,31003.0,0.054416801898123215,2,0.02,0.0,1.0,0.049523809523809526
0.24619047619047618,0.0010317460317460316,39.10641401858294,0.8528021379880091,seen,42002,8ede066040175e5ec60e5ec0d3fa92bffde3bc961d89090f199868077a6f3759,scn2_structured_env42002,structured,0.25545726698400295,7.042342611058485,0.25545726698400295,wm_hybrid,31004.0,0.054277169299787625,2,0.017619047619047618,0.0,1.0,0.049523809523809526
0.2057142857142857,0.0010317460317460316,38.879787523954704,0.5833673023528634,seen,42002,8ede066040175e5ec60e5ec0d3fa92bffde3bc961d89090f199868077a6f3759,scn2_structured_env42002,structured,0.25539556915140016,7.439125460748005,0.25539556915140016,residual_rl,31000.0,0.06226316561161457,2,0.02,0.0,1.0,0.0
0.19428571428571428,0.0010317460317460316,38.81041910174195,0.5636743285316834,seen,42002,8ede066040175e5ec60e5ec0d3fa92bffde3bc961d89090f199868077a6f3759,scn2_structured_env42002,structured,0.25465933595123474,7.444885350169403,0.25465933595123474,residual_rl,31001.0,0.06274344199601697,2,0.018095238095238095,0.0,1.0,0.0
0.19380952380952382,0.0010317460317460316,38.805585610227034,0.5216230958296931,seen,42002,8ede066040175e5ec60e5ec0d3fa92bffde3bc961d89090f199868077a6f3759,scn2_structured_env42002,structured,0.2563594407950115,7.485766974931392,0.2563594407950115,residual_rl,31002.0,0.06491172636686995,2,0.01619047619047619,0.0,1.0,0.0
0.19428571428571428,0.0010317460317460316,38.830283773653534,0.5591589336127046,seen,42002,8ede066040175e5ec60e5ec0d3fa92bffde3bc961d89090f199868077a6f3759,scn2_structured_env42002,structured,0.2568604170920936,7.438724007689065,0.2568604170920936,residual_rl,31003.0,0.06252113013427175,2,0.01619047619047619,0.0,1.0,0.0
0.19428571428571428,0.0010317460317460316,38.802371588866485,0.5062008467326807,seen,42002,8ede066040175e5ec60e5ec0d3fa92bffde3bc961d89090f199868077a6f3759,scn2_structured_env42002,structured,0.25625883572867414,7.448236541813313,0.25625883572867414,residual_rl,31004.0,0.06351822989263063,2,0.017619047619047618,0.0,1.0,0.0
0.1980952380952381,0.0010317460317460316,38.86222675864591,0.5796542882564973,seen,42002,8ede066040175e5ec60e5ec0d3fa92bffde3bc961d89090f199868077a6f3759,scn2_structured_env42002,structured,0.25640658594230076,7.469131042108086,0.25640658594230076,wm_residual_rl,31000.0,0.0630265334324851,2,0.024285714285714285,0.0,1.0,0.0
0.20714285714285716,0.0010317460317460316,38.88021674826959,0.5702008194800998,seen,42002,8ede066040175e5ec60e5ec0d3fa92bffde3bc961d89090f199868077a6f3759,scn2_structured_env42002,structured,0.25581504404509275,7.480316618100629,0.25581504404509275,wm_residual_rl,31001.0,0.06454233882528783,2,0.01380952380952381,0.0,1.0,0.0
0.19380952380952382,0.0010317460317460316,38.77596426927252,0.4846854476594947,seen,42002,8ede066040175e5ec60e5ec0d3fa92bffde3bc961d89090f199868077a6f3759,scn2_structured_env42002,structured,0.25611595567887113,7.466761020988874,0.25611595567887113,wm_residual_rl,31002.0,0.06390338108241635,2,0.02857142857142857,0.0,1.0,0.0
0.20142857142857143,0.0010317460317460316,38.83299866364532,0.5378551221536132,seen,42002,8ede066040175e5ec60e5ec0d3fa92bffde3bc961d89090f199868077a6f3759,scn2_structured_env42002,structured,0.25561266104704894,7.439283962745838,0.25561266104704894,wm_residual_rl,31003.0,0.06258348745170002,2,0.02095238095238095,0.0,1.0,0.0
0.1961904761904762,0.0010317460317460316,38.836849902057004,0.5390182695849094,seen,42002,8ede066040175e5ec60e5ec0d3fa92bffde3bc961d89090f199868077a6f3759,scn2_structured_env42002,structured,0.25603861567993563,7.441534682210939,0.25603861567993563,wm_residual_rl,31004.0,0.06253605644524757,2,0.01380952380952381,0.0,1.0,0.0
0.19238095238095237,0.0014285714285714286,37.95435127435911,0.0,seen,42003,5b1cda6648d13c5e3b4bfea25de392f23776bb70b6b4cc657946a81682172183,scn2_structured_env42003,structured,0.31583331121642094,7.1518072427589585,0.37229987551279553,smc,,0.15069409378165322,2,0.029523809523809525,0.0,1.0,0.0
0.25761904761904764,0.0004761904761904762,39.3975892828997,1.0,seen,42003,5b1cda6648d13c5e3b4bfea25de392f23776bb70b6b4cc657946a81682172183,scn2_structured_env42003,structured,0.2547680030883003,7.0751144146224885,0.2547680030883003,mpc,,0.06545247051508268,2,0.021904761904761906,0.0,1.0,0.0
0.21095238095238095,0.0014285714285714286,39.04454627079348,0.5932797619047617,seen,42003,5b1cda6648d13c5e3b4bfea25de392f23776bb70b6b4cc657946a81682172183,scn2_structured_env42003,structured,0.2543129893077672,7.499269163108059,0.2543129893077672,constant_alpha,,0.0649267643936616,2,0.02,0.0,1.0,0.0
0.2480952380952381,0.0014285714285714286,39.19274025979913,0.8895769367732784,seen,42003,5b1cda6648d13c5e3b4bfea25de392f23776bb70b6b4cc657946a81682172183,scn2_structured_env42003,structured,0.25434953453550707,7.266054519407027,0.25434953453550707,sspo,,0.058305867724171914,2,0.019523809523809523,0.0,1.0,0.0
0.24761904761904763,0.0014285714285714286,39.21611143740298,0.840040960021171,seen,42003,5b1cda6648d13c5e3b4bfea25de392f23776bb70b6b4cc657946a81682172183,scn2_structured_env42003,structured,0.2548040474931992,7.021362205664721,0.2548040474931992,v3_transformer,31000.0,0.05872081733352769,2,0.02095238095238095,0.0,1.0,0.0
0.24714285714285714,0.0014285714285714286,39.202924477256815,0.8486887479623647,seen,42003,5b1cda6648d13c5e3b4bfea25de392f23776bb70b6b4cc657946a81682172183,scn2_structured_env42003,structured,0.2547069040483102,7.1085297684011515,0.2547069040483102,v3_transformer,31001.0,0.05772763930296761,2,0.018571428571428572,0.0,1.0,0.0
0.24761904761904763,0.0014285714285714286,39.206955076908244,0.8433600375264663,seen,42003,5b1cda6648d13c5e3b4bfea25de392f23776bb70b6b4cc657946a81682172183,scn2_structured_env42003,structured,0.2550581491535567,7.057750950467354,0.2550581491535567,v3_transformer,31002.0,0.05799768416120308,2,0.01619047619047619,0.0,1.0,0.0
0.24666666666666667,0.0014285714285714286,39.19613827017864,0.8694870954220277,seen,42003,5b1cda6648d13c5e3b4bfea25de392f23776bb70b6b4cc657946a81682172183,scn2_structured_env42003,structured,0.2548806464954946,7.096601117198287,0.2548806464954946,v3_transformer,31003.0,0.05826344711112291,2,0.018095238095238095,0.0,1.0,0.0
0.24714285714285714,0.0014285714285714286,39.21144042649271,0.8535090568043151,seen,42003,5b1cda6648d13c5e3b4bfea25de392f23776bb70b6b4cc657946a81682172183,scn2_structured_env42003,structured,0.25443465038187046,7.031363755693209,0.25443465038187046,v3_transformer,31004.0,0.058382862374226185,2,0.01619047619047619,0.0,1.0,0.0
0.24666666666666667,0.0014285714285714286,39.216820541482505,0.8391797830685038,seen,42003,5b1cda6648d13c5e3b4bfea25de392f23776bb70b6b4cc657946a81682172183,scn2_structured_env42003,structured,0.25479877027346043,7.013970638857424,0.25479877027346043,wm_hybrid,31000.0,0.05876706493861895,2,0.022857142857142857,0.0,1.0,0.049523809523809526
0.24714285714285714,0.0014285714285714286,39.203218045093585,0.8463674682463763,seen,42003,5b1cda6648d13c5e3b4bfea25de392f23776bb70b6b4cc657946a81682172183,scn2_structured_env42003,structured,0.25471265322708797,7.10651236547436,0.25471265322708797,wm_hybrid,31001.0,0.05774431218076215,2,0.02142857142857143,0.0,1.0,0.049523809523809526
0.24761904761904763,0.0014285714285714286,39.20794048931253,0.8415600896685438,seen,42003,5b1cda6648d13c5e3b4bfea25de392f23776bb70b6b4cc657946a81682172183,scn2_structured_env42003,structured,0.2550523920421312,7.053057701565135,0.2550523920421312,wm_hybrid,31002.0,0.05802600363401165,2,0.01904761904761905,0.0,1.0,0.049523809523809526
0.24666666666666667,0.0014285714285714286,39.196666753726916,0.8672969326882564,seen,42003,5b1cda6648d13c5e3b4bfea25de392f23776bb70b6b4cc657946a81682172183,scn2_structured_env42003,structured,0.2548740155439561,7.093122215726047,0.2548740155439561,wm_hybrid,31003.0,0.058275832499753245,2,0.017619047619047618,0.0,1.0,0.049523809523809526
0.24714285714285714,0.0014285714285714286,39.21235996989341,0.8512415634362778,seen,42003,5b1cda6648d13c5e3b4bfea25de392f23776bb70b6b4cc657946a81682172183,scn2_structured_env42003,structured,0.25442851280469525,7.023141355521042,0.25442851280469525,wm_hybrid,31004.0,0.058435004841515814,2,0.01904761904761905,0.0,1.0,0.049523809523809526
0.2138095238095238,0.0014285714285714286,39.00913393930296,0.5817820162275114,seen,42003,5b1cda6648d13c5e3b4bfea25de392f23776bb70b6b4cc657946a81682172183,scn2_structured_env42003,structured,0.25435904829502365,7.4868563471191365,0.25435904829502365,residual_rl,31000.0,0.06461656619733076,2,0.027142857142857142,0.0,1.0,0.0
0.20714285714285716,0.0014285714285714286,38.974314586961725,0.5647278153078669,seen,42003,5b1cda6648d13c5e3b4bfea25de392f23776bb70b6b4cc657946a81682172183,scn2_structured_env42003,structured,0.2557937054031171,7.481208201884127,0.2557937054031171,residual_rl,31001.0,0.06464286872229341,2,0.024285714285714285,0.0,1.0,0.0
0.2057142857142857,0.0014285714285714286,38.94838728453946,0.5221364483446795,seen,42003,5b1cda6648d13c5e3b4bfea25de392f23776bb70b6b4cc657946a81682172183,scn2_structured_env42003,structured,0.2551954800399437,7.5255837815248166,0.2551954800399437,residual_rl,31002.0,0.06671398085359902,2,0.020476190476190478,0.0,1.0,0.0
0.20666666666666667,0.0014285714285714286,38.98077871363213,0.5590311025636402,seen,42003,5b1cda6648d13c5e3b4bfea25de392f23776bb70b6b4cc657946a81682172183,scn2_structured_env42003,structured,0.25589953679710054,7.480399125014101,0.25589953679710054,residual_rl,31003.0,0.0646855394901332,2,0.02095238095238095,0.0,1.0,0.0
0.20666666666666667,0.0014285714285714286,38.94581259893048,0.5080586554270288,seen,42003,5b1cda6648d13c5e3b4bfea25de392f23776bb70b6b4cc657946a81682172183,scn2_structured_env42003,structured,0.255269184231239,7.492101745839578,0.255269184231239,residual_rl,31004.0,0.0657245390051098,2,0.01619047619047619,0.0,1.0,0.0
0.20714285714285716,0.0014285714285714286,39.00473614138714,0.579071389828674,seen,42003,5b1cda6648d13c5e3b4bfea25de392f23776bb70b6b4cc657946a81682172183,scn2_structured_env42003,structured,0.2553589725439109,7.513460750171165,0.2553589725439109,wm_residual_rl,31000.0,0.06528890943534074,2,0.018095238095238095,0.0,1.0,0.0
0.2123809523809524,0.0014285714285714286,39.003007881086,0.5645634511472241,seen,42003,5b1cda6648d13c5e3b4bfea25de392f23776bb70b6b4cc657946a81682172183,scn2_structured_env42003,structured,0.25462957062241914,7.5245329294919,0.25462957062241914,wm_residual_rl,31001.0,0.06650867276398424,2,0.01904761904761905,0.0,1.0,0.0
0.2057142857142857,0.0014285714285714286,38.91357601077363,0.4830430080443737,seen,42003,5b1cda6648d13c5e3b4bfea25de392f23776bb70b6b4cc657946a81682172183,scn2_structured_env42003,structured,0.2548927551954615,7.507271834393348,0.2548927551954615,wm_residual_rl,31002.0,0.06591115836695242,2,0.02142857142857143,0.0,1.0,0.0
0.2123809523809524,0.0014285714285714286,38.96952231102005,0.5393895692993789,seen,42003,5b1cda6648d13c5e3b4bfea25de392f23776bb70b6b4cc657946a81682172183,scn2_structured_env42003,structured,0.2543838334612916,7.487389770327424,0.2543838334612916,wm_residual_rl,31003.0,0.06494789598544522,2,0.014285714285714285,0.0,1.0,0.0
0.20761904761904762,0.0014285714285714286,38.97906630217445,0.5381680244838721,seen,42003,5b1cda6648d13c5e3b4bfea25de392f23776bb70b6b4cc657946a81682172183,scn2_structured_env42003,structured,0.2549492103908987,7.486547046962954,0.2549492103908987,wm_residual_rl,31004.0,0.0648711818266852,2,0.014285714285714285,0.0,1.0,0.0
0.19095238095238096,0.0011904761904761906,38.01564102023568,0.0,seen,42004,a6bccddb39539cfe4e2c979db30bf80368ecef8c9efc02dbd388223e26c8d9f2,scn2_structured_env42004,structured,0.31477643529692667,7.166858035527354,0.38152865977259276,smc,,0.1524679875865773,2,0.01904761904761905,0.0,1.0,0.0
0.25952380952380955,0.0002380952380952381,39.43194256404371,1.0,seen,42004,a6bccddb39539cfe4e2c979db30bf80368ecef8c9efc02dbd388223e26c8d9f2,scn2_structured_env42004,structured,0.25494948844296805,7.049482904017232,0.25494948844296805,mpc,,0.06695756068290594,2,0.019523809523809523,0.0,1.0,0.0
0.21428571428571427,0.0011904761904761906,39.077097175403296,0.5932797619047617,seen,42004,a6bccddb39539cfe4e2c979db30bf80368ecef8c9efc02dbd388223e26c8d9f2,scn2_structured_env42004,structured,0.25465806395886015,7.499639591639536,0.25465806395886015,constant_alpha,,0.06662267030666993,2,0.01904761904761905,0.0,1.0,0.0
0.25,0.0011904761904761906,39.214080743011166,0.8898817779948386,seen,42004,a6bccddb39539cfe4e2c979db30bf80368ecef8c9efc02dbd388223e26c8d9f2,scn2_structured_env42004,structured,0.2545718760670021,7.272950416814361,0.2545718760670021,sspo,,0.060539176493592556,2,0.016666666666666666,0.0,1.0,0.0
0.25047619047619046,0.0011904761904761906,39.239736422862045,0.8401507576393008,seen,42004,a6bccddb39539cfe4e2c979db30bf80368ecef8c9efc02dbd388223e26c8d9f2,scn2_structured_env42004,structured,0.2548258844089452,7.022528086657293,0.2548258844089452,v3_transformer,31000.0,0.0611050631359913,2,0.012380952380952381,0.0,1.0,0.0
0.25,0.0011904761904761906,39.22456885713439,0.8500661828973057,seen,42004,a6bccddb39539cfe4e2c979db30bf80368ecef8c9efc02dbd388223e26c8d9f2,scn2_structured_env42004,structured,0.2550607104731023,7.110474650617062,0.2550607104731023,v3_transformer,31001.0,0.06006729935642627,2,0.010952380952380953,0.0,1.0,0.0
0.25,0.0011904761904761906,39.228678221038976,0.8434565650411291,seen,42004,a6bccddb39539cfe4e2c979db30bf80368ecef8c9efc02dbd388223e26c8d9f2,scn2_structured_env42004,structured,0.25456473878282126,7.054457946106026,0.25456473878282126,v3_transformer,31002.0,0.06051030309512319,2,0.011428571428571429,0.0,1.0,0.0
0.25,0.0011904761904761906,39.21635579042868,0.8678949577710403,seen,42004,a6bccddb39539cfe4e2c979db30bf80368ecef8c9efc02dbd388223e26c8d9f2,scn2_structured_env42004,structured,0.2546612651647055,7.110296873327522,0.2546612651647055,v3_transformer,31003.0,0.06046069499981262,2,0.011428571428571429,0.0,1.0,0.0
0.25047619047619046,0.0011904761904761906,39.23516788446001,0.8553638839327788,seen,42004,a6bccddb39539cfe4e2c979db30bf80368ecef8c9efc02dbd388223e26c8d9f2,scn2_structured_env42004,structured,0.2545817102989349,7.018174978734282,0.2545817102989349,v3_transformer,31004.0,0.06087021751705581,2,0.016666666666666666,0.0,1.0,0.0
0.2509523809523809,0.0011904761904761906,39.23984017112234,0.8388513765410273,seen,42004,a6bccddb39539cfe4e2c979db30bf80368ecef8c9efc02dbd388223e26c8d9f2,scn2_structured_env42004,structured,0.2549106289005503,7.012582334098491,0.2549106289005503,wm_hybrid,31000.0,0.061164061940498664,2,0.018095238095238095,0.0,1.0,0.049523809523809526
0.24952380952380954,0.0011904761904761906,39.22466966279649,0.8486028152451679,seen,42004,a6bccddb39539cfe4e2c979db30bf80368ecef8c9efc02dbd388223e26c8d9f2,scn2_structured_env42004,structured,0.25507993194913525,7.108351757528933,0.25507993194913525,wm_hybrid,31001.0,0.060077218400826055,2,0.020476190476190478,0.0,1.0,0.049523809523809526
0.25047619047619046,0.0011904761904761906,39.228892755350564,0.8421966354934506,seen,42004,a6bccddb39539cfe4e2c979db30bf80368ecef8c9efc02dbd388223e26c8d9f2,scn2_structured_env42004,structured,0.25459257612476793,7.050490537384592,0.25459257612476793,wm_hybrid,31002.0,0.060532655746925665,2,0.023809523809523808,0.0,1.0,0.049523809523809526
0.25047619047619046,0.0011904761904761906,39.21681229015074,0.8659400142798837,seen,42004,a6bccddb39539cfe4e2c979db30bf80368ecef8c9efc02dbd388223e26c8d9f2,scn2_structured_env42004,structured,0.25465688393850844,7.106730250495826,0.25465688393850844,wm_hybrid,31003.0,0.06047414355890816,2,0.012857142857142857,0.0,1.0,0.049523809523809526
0.24952380952380954,0.0011904761904761906,39.23431103121103,0.8543690662018579,seen,42004,a6bccddb39539cfe4e2c979db30bf80368ecef8c9efc02dbd388223e26c8d9f2,scn2_structured_env42004,structured,0.25511206083077453,7.013507546528426,0.25511206083077453,wm_hybrid,31004.0,0.06091896706906494,2,0.017619047619047618,0.0,1.0,0.049523809523809526
0.21571428571428572,0.0011904761904761906,39.03658280980415,0.5821652181046713,seen,42004,a6bccddb39539cfe4e2c979db30bf80368ecef8c9efc02dbd388223e26c8d9f2,scn2_structured_env42004,structured,0.254435508972708,7.488831319008001,0.254435508972708,residual_rl,31000.0,0.06635336518720128,2,0.017142857142857144,0.0,1.0,0.0
0.21,0.0011904761904761906,39.000792242486554,0.5645790363817504,seen,42004,a6bccddb39539cfe4e2c979db30bf80368ecef8c9efc02dbd388223e26c8d9f2,scn2_structured_env42004,structured,0.25614121234957427,7.483203307319369,0.25614121234957427,residual_rl,31001.0,0.06639477513220675,2,0.018571428571428572,0.0,1.0,0.0
0.21,0.0011904761904761906,38.98460809902117,0.5221382262963372,seen,42004,a6bccddb39539cfe4e2c979db30bf80368ecef8c9efc02dbd388223e26c8d9f2,scn2_structured_env42004,structured,0.25567942892492046,7.52500227311062,0.25567942892492046,residual_rl,31002.0,0.0683423548070062,2,0.021904761904761906,0.0,1.0,0.0
0.20952380952380953,0.0011904761904761906,39.007903770208216,0.5587130344428214,seen,42004,a6bccddb39539cfe4e2c979db30bf80368ecef8c9efc02dbd388223e26c8d9f2,scn2_structured_env42004,structured,0.2561861669102927,7.482433040807949,0.2561861669102927,residual_rl,31003.0,0.06643024335540425,2,0.010952380952380953,0.0,1.0,0.0
0.21095238095238095,0.0011904761904761906,38.97921321561096,0.5075038476241048,seen,42004,a6bccddb39539cfe4e2c979db30bf80368ecef8c9efc02dbd388223e26c8d9f2,scn2_structured_env42004,structured,0.2556641911767893,7.49150471211095,0.2556641911767893,residual_rl,31004.0,0.0673423801964281,2,0.01619047619047619,0.0,1.0,0.0
0.21047619047619048,0.0011904761904761906,39.03461703522731,0.5783442998444925,seen,42004,a6bccddb39539cfe4e2c979db30bf80368ecef8c9efc02dbd388223e26c8d9f2,scn2_structured_env42004,structured,0.25599845728911647,7.5136421658800625,0.25599845728911647,wm_residual_rl,31000.0,0.06701554294762839,2,0.023809523809523808,0.0,1.0,0.0
0.21571428571428572,0.0011904761904761906,39.03605380185514,0.5649655346302551,seen,42004,a6bccddb39539cfe4e2c979db30bf80368ecef8c9efc02dbd388223e26c8d9f2,scn2_structured_env42004,structured,0.25511451124511464,7.524295264580335,0.25511451124511464,wm_residual_rl,31001.0,0.06814662151657992,2,0.017619047619047618,0.0,1.0,0.0
0.20904761904761904,0.0011904761904761906,38.942881668242684,0.48303551582911886,seen,42004,a6bccddb39539cfe4e2c979db30bf80368ecef8c9efc02dbd388223e26c8d9f2,scn2_structured_env42004,structured,0.2552594321562259,7.507454542252766,0.2552594321562259,wm_residual_rl,31002.0,0.06756227450282479,2,0.01380952380952381,0.0,1.0,0.0
0.21095238095238095,0.0011904761904761906,38.997258558258366,0.5400578213173172,seen,42004,a6bccddb39539cfe4e2c979db30bf80368ecef8c9efc02dbd388223e26c8d9f2,scn2_structured_env42004,structured,0.25470504010435774,7.4886184253313415,0.25470504010435774,wm_residual_rl,31003.0,0.06665748509061949,2,0.02142857142857143,0.0,1.0,0.0
0.21095238095238095,0.0011904761904761906,39.00588363708868,0.5380670750150942,seen,42004,a6bccddb39539cfe4e2c979db30bf80368ecef8c9efc02dbd388223e26c8d9f2,scn2_structured_env42004,structured,0.25533687808313055,7.488257442936298,0.25533687808313055,wm_residual_rl,31004.0,0.06660419489636313,2,0.01619047619047619,0.0,1.0,0.0
0.19285714285714287,0.0012698412698412698,37.92323849684128,0.0,seen,42005,95a4f3063905398510553557b1f42a695213fff360c5993a20fe19bee779f932,scn2_structured_env42005,structured,0.30550011457749715,7.148984372781305,0.3668668536046419,smc,,0.14953604341559967,2,0.01619047619047619,0.0,1.0,0.0
0.26142857142857145,0.00015873015873015873,39.338096058602936,1.0,seen,42005,95a4f3063905398510553557b1f42a695213fff360c5993a20fe19bee779f932,scn2_structured_env42005,structured,0.2549282618307192,6.995484980931563,0.2549282618307192,mpc,,0.06626314885386464,2,0.02,0.0,1.0,0.0
0.21142857142857144,0.0012698412698412698,39.037812066180685,0.5932797619047617,seen,42005,95a4f3063905398510553557b1f42a695213fff360c5993a20fe19bee779f932,scn2_structured_env42005,structured,0.25513519073350177,7.455894713483446,0.25513519073350177,constant_alpha,,0.06431213802745912,2,0.01904761904761905,0.0,1.0,0.0
0.24952380952380954,0.0012698412698412698,39.17321154149237,0.8887072105787489,seen,42005,95a4f3063905398510553557b1f42a695213fff360c5993a20fe19bee779f932,scn2_structured_env42005,structured,0.2542018520073807,7.210855975305172,0.2542018520073807,sspo,,0.057333544987702774,2,0.013333333333333334,0.0,1.0,0.0
0.24952380952380954,0.0012698412698412698,39.2175610441705,0.8421203569661063,seen,42005,95a4f3063905398510553557b1f42a695213fff360c5993a20fe19bee779f932,scn2_structured_env42005,structured,0.2548154530009072,6.9560445375261235,0.2548154530009072,v3_transformer,31000.0,0.05820760756268575,2,0.022857142857142857,0.0,1.0,0.0
0.24952380952380954,0.0012698412698412698,39.17734503930469,0.8524768250411278,seen,42005,95a4f3063905398510553557b1f42a695213fff360c5993a20fe19bee779f932,scn2_structured_env42005,structured,0.2549724762614588,7.081843615946226,0.2549724762614588,v3_transformer,31001.0,0.0566387038193471,2,0.010952380952380953,0.0,1.0,0.0
0.24904761904761905,0.0012698412698412698,39.20515947672941,0.8424775022386835,seen,42005,95a4f3063905398510553557b1f42a695213fff360c5993a20fe19bee779f932,scn2_structured_env42005,structured,0.25463179574155403,6.927057115177569,0.25463179574155403,v3_transformer,31002.0,0.0578578939899544,2,0.01619047619047619,0.0,1.0,0.0
0.24857142857142858,0.0012698412698412698,39.185372958812636,0.8677053426273659,seen,42005,95a4f3063905398510553557b1f42a695213fff360c5993a20fe19bee779f932,scn2_structured_env42005,structured,0.25474508233208565,6.986154244946346,0.25474508233208565,v3_transformer,31003.0,0.057864955900307734,2,0.014285714285714285,0.0,1.0,0.0
0.24952380952380954,0.0012698412698412698,39.19322674313476,0.8558355410544194,seen,42005,95a4f3063905398510553557b1f42a695213fff360c5993a20fe19bee779f932,scn2_structured_env42005,structured,0.2546198271751039,6.977367720944856,0.2546198271751039,v3_transformer,31004.0,0.057639282488491136,2,0.019523809523809523,0.0,1.0,0.0
0.25,0.0012698412698412698,39.21645956554564,0.8409233495045311,seen,42005,95a4f3063905398510553557b1f42a695213fff360c5993a20fe19bee779f932,scn2_structured_env42005,structured,0.2548007361282805,6.937683676122576,0.2548007361282805,wm_hybrid,31000.0,0.05835847627753509,2,0.016666666666666666,0.0,1.0,0.049523809523809526
0.24904761904761905,0.0012698412698412698,39.177605243502505,0.8491141641858035,seen,42005,95a4f3063905398510553557b1f42a695213fff360c5993a20fe19bee779f932,scn2_structured_env42005,structured,0.25486101237382497,7.073523251951012,0.25486101237382497,wm_hybrid,31001.0,0.056821139632048163,2,0.01904761904761905,0.0,1.0,0.049523809523809526
0.25047619047619046,0.0012698412698412698,39.20997656284064,0.8412652675400797,seen,42005,95a4f3063905398510553557b1f42a695213fff360c5993a20fe19bee779f932,scn2_structured_env42005,structured,0.2548044291170288,6.9201712006443525,0.2548044291170288,wm_hybrid,31002.0,0.05803033013466752,2,0.01,0.0,1.0,0.049523809523809526
0.25,0.0012698412698412698,39.18713028920688,0.8651142690329485,seen,42005,95a4f3063905398510553557b1f42a695213fff360c5993a20fe19bee779f932,scn2_structured_env42005,structured,0.25488654824334533,6.9688022192808345,0.25488654824334533,wm_hybrid,31003.0,0.05808965507799681,2,0.018571428571428572,0.0,1.0,0.049523809523809526
0.24904761904761905,0.0012698412698412698,39.19582301454408,0.8527229119564275,seen,42005,95a4f3063905398510553557b1f42a695213fff360c5993a20fe19bee779f932,scn2_structured_env42005,structured,0.2545192185887583,6.959699481083105,0.2545192185887583,wm_hybrid,31004.0,0.05785826039268584,2,0.019523809523809523,0.0,1.0,0.049523809523809526
0.21333333333333335,0.0012698412698412698,39.000275574996856,0.5821597301834445,seen,42005,95a4f3063905398510553557b1f42a695213fff360c5993a20fe19bee779f932,scn2_structured_env42005,structured,0.2550937144169593,7.444102947331434,0.2550937144169593,residual_rl,31000.0,0.06391797265510601,2,0.021904761904761906,0.0,1.0,0.0
0.20857142857142857,0.0012698412698412698,38.96605584187088,0.5649502361819684,seen,42005,95a4f3063905398510553557b1f42a695213fff360c5993a20fe19bee779f932,scn2_structured_env42005,structured,0.2565835638478025,7.439264787527098,0.2565835638478025,residual_rl,31001.0,0.06399404241828172,2,0.018571428571428572,0.0,1.0,0.0
0.20857142857142857,0.0012698412698412698,38.948629669771016,0.5220737786641984,seen,42005,95a4f3063905398510553557b1f42a695213fff360c5993a20fe19bee779f932,scn2_structured_env42005,structured,0.2561153626116421,7.480031904898758,0.2561153626116421,residual_rl,31002.0,0.06603865348727078,2,0.01904761904761905,0.0,1.0,0.0
0.20857142857142857,0.0012698412698412698,38.97196034027566,0.5579053670806352,seen,42005,95a4f3063905398510553557b1f42a695213fff360c5993a20fe19bee779f932,scn2_structured_env42005,structured,0.2566237041028921,7.438451484150399,0.2566237041028921,residual_rl,31003.0,0.06403496628822783,2,0.01904761904761905,0.0,1.0,0.0
0.21047619047619048,0.0012698412698412698,38.94502609431281,0.5076782894976167,seen,42005,95a4f3063905398510553557b1f42a695213fff360c5993a20fe19bee779f932,scn2_structured_env42005,structured,0.2560841121848967,7.446837529801201,0.2560841121848967,residual_rl,31004.0,0.06501127744756666,2,0.016666666666666666,0.0,1.0,0.0
0.20952380952380953,0.0012698412698412698,38.99656624412192,0.5778292879113939,seen,42005,95a4f3063905398510553557b1f42a695213fff360c5993a20fe19bee779f932,scn2_structured_env42005,structured,0.2561658211826366,7.469296224333738,0.2561658211826366,wm_residual_rl,31000.0,0.06463757087043172,2,0.010476190476190476,0.0,1.0,0.0
0.21285714285714286,0.0012698412698412698,38.99731565744487,0.5661558898146233,seen,42005,95a4f3063905398510553557b1f42a695213fff360c5993a20fe19bee779f932,scn2_structured_env42005,structured,0.2555437207792949,7.480109880125714,0.2555437207792949,wm_residual_rl,31001.0,0.06587247315697184,2,0.01904761904761905,0.0,1.0,0.0
0.20761904761904762,0.0012698412698412698,38.912689776353396,0.4836288163472686,seen,42005,95a4f3063905398510553557b1f42a695213fff360c5993a20fe19bee779f932,scn2_structured_env42005,structured,0.2557404824960647,7.463357188602272,0.2557404824960647,wm_residual_rl,31002.0,0.0651773348072812,2,0.02,0.0,1.0,0.0
0.21333333333333335,0.0012698412698412698,38.96568584752896,0.5404098820094163,seen,42005,95a4f3063905398510553557b1f42a695213fff360c5993a20fe19bee779f932,scn2_structured_env42005,structured,0.2552113784405858,7.443184577233596,0.2552113784405858,wm_residual_rl,31003.0,0.06414427488197072,2,0.022857142857142857,0.0,1.0,0.0
0.20952380952380953,0.0012698412698412698,38.96972689197658,0.5377245959905594,seen,42005,95a4f3063905398510553557b1f42a695213fff360c5993a20fe19bee779f932,scn2_structured_env42005,structured,0.2557548467885751,7.4436576550475655,0.2557548467885751,wm_residual_rl,31004.0,0.06420014092045995,2,0.013333333333333334,0.0,1.0,0.0
0.19333333333333333,0.001111111111111111,37.94062348815295,0.0,seen,42006,dd12ec908229f0a4d465e81cb86dee068616c4d6640b934f18cc340079d8c840,scn2_structured_env42006,structured,0.3093452478861955,7.174828940545155,0.371259754786136,smc,,0.15127970386787346,2,0.019523809523809523,0.0,1.0,0.0
0.26095238095238094,0.00031746031746031746,39.347818898905274,1.0,seen,42006,dd12ec908229f0a4d465e81cb86dee068616c4d6640b934f18cc340079d8c840,scn2_structured_env42006,structured,0.2548114485489106,6.92482975464587,0.2548114485489106,mpc,,0.06735912417209634,2,0.017142857142857144,0.0,1.0,0.0
0.2119047619047619,0.001111111111111111,39.02706675247554,0.5932797619047617,seen,42006,dd12ec908229f0a4d465e81cb86dee068616c4d6640b934f18cc340079d8c840,scn2_structured_env42006,structured,0.25484288178107994,7.433784430475065,0.25484288178107994,constant_alpha,,0.06631593965950969,2,0.013333333333333334,0.0,1.0,0.0
0.25142857142857145,0.001111111111111111,39.16085946094814,0.8891770535239435,seen,42006,dd12ec908229f0a4d465e81cb86dee068616c4d6640b934f18cc340079d8c840,scn2_structured_env42006,structured,0.254434040728923,7.2147429858455645,0.254434040728923,sspo,,0.05956354802827025,2,0.015238095238095238,0.0,1.0,0.0
0.2523809523809524,0.001111111111111111,39.19713938002433,0.8389572145284302,seen,42006,dd12ec908229f0a4d465e81cb86dee068616c4d6640b934f18cc340079d8c840,scn2_structured_env42006,structured,0.25465757891112745,6.958840289906259,0.25465757891112745,v3_transformer,31000.0,0.06050624006118282,2,0.014761904761904763,0.0,1.0,0.0
0.25285714285714284,0.001111111111111111,39.1722695018133,0.848718593285882,seen,42006,dd12ec908229f0a4d465e81cb86dee068616c4d6640b934f18cc340079d8c840,scn2_structured_env42006,structured,0.25458904748695593,7.075027591138603,0.25458904748695593,v3_transformer,31001.0,0.059033778000642065,2,0.018095238095238095,0.0,1.0,0.0
0.2523809523809524,0.001111111111111111,39.19354658158407,0.8404363429737357,seen,42006,dd12ec908229f0a4d465e81cb86dee068616c4d6640b934f18cc340079d8c840,scn2_structured_env42006,structured,0.2545984331152499,6.909834510476901,0.2545984331152499,v3_transformer,31002.0,0.06085442628446065,2,0.017619047619047618,0.0,1.0,0.0
0.2523809523809524,0.001111111111111111,39.17344704512549,0.863859643493693,seen,42006,dd12ec908229f0a4d465e81cb86dee068616c4d6640b934f18cc340079d8c840,scn2_structured_env42006,structured,0.2545513750354871,6.990555427151678,0.2545513750354871,v3_transformer,31003.0,0.06006476306043466,2,0.01904761904761905,0.0,1.0,0.0
0.25333333333333335,0.001111111111111111,39.18065786657143,0.8540916089857347,seen,42006,dd12ec908229f0a4d465e81cb86dee068616c4d6640b934f18cc340079d8c840,scn2_structured_env42006,structured,0.2542617171115535,6.983117869153297,0.2542617171115535,v3_transformer,31004.0,0.06021411742758621,2,0.023333333333333334,0.0,1.0,0.0
0.25333333333333335,0.001111111111111111,39.19800477463277,0.8380145241259926,seen,42006,dd12ec908229f0a4d465e81cb86dee068616c4d6640b934f18cc340079d8c840,scn2_structured_env42006,structured,0.2546609651896754,6.948917636558934,0.2546609651896754,wm_hybrid,31000.0,0.060554498914997035,2,0.015238095238095238,0.0,1.0,0.049523809523809526
0.2538095238095238,0.001111111111111111,39.171841403239746,0.8469332391633483,seen,42006,dd12ec908229f0a4d465e81cb86dee068616c4d6640b934f18cc340079d8c840,scn2_structured_env42006,structured,0.25457388876064885,7.0733503563881195,0.25457388876064885,wm_hybrid,31001.0,0.059141748258215804,2,0.013333333333333334,0.0,1.0,0.049523809523809526
0.25333333333333335,0.001111111111111111,39.19544824025635,0.8395701501289314,seen,42006,dd12ec908229f0a4d465e81cb86dee068616c4d6640b934f18cc340079d8c840,scn2_structured_env42006,structured,0.2545914753442932,6.901010212450997,0.2545914753442932,wm_hybrid,31002.0,0.060924266262889964,2,0.018095238095238095,0.0,1.0,0.049523809523809526
0.25333333333333335,0.001111111111111111,39.174535163275785,0.8617079873062948,seen,42006,dd12ec908229f0a4d465e81cb86dee068616c4d6640b934f18cc340079d8c840,scn2_structured_env42006,structured,0.2545559220801841,6.983604761329934,0.2545559220801841,wm_hybrid,31003.0,0.060191540930724506,2,0.019523809523809523,0.0,1.0,0.049523809523809526
0.25333333333333335,0.001111111111111111,39.18153673808212,0.8522258776830293,seen,42006,dd12ec908229f0a4d465e81cb86dee068616c4d6640b934f18cc340079d8c840,scn2_structured_env42006,structured,0.25441307846943895,6.973944185157305,0.25441307846943895,wm_hybrid,31004.0,0.06026706538527515,2,0.018571428571428572,0.0,1.0,0.049523809523809526
0.21333333333333335,0.001111111111111111,38.972891871717444,0.5812494679744586,seen,42006,dd12ec908229f0a4d465e81cb86dee068616c4d6640b934f18cc340079d8c840,scn2_structured_env42006,structured,0.25431810797354004,7.425830710657693,0.25431810797354004,residual_rl,31000.0,0.06600231869092169,2,0.017142857142857144,0.0,1.0,0.0
0.20714285714285716,0.001111111111111111,38.948132960640955,0.5647084175057024,seen,42006,dd12ec908229f0a4d465e81cb86dee068616c4d6640b934f18cc340079d8c840,scn2_structured_env42006,structured,0.2560350561790263,7.420111360896059,0.2560350561790263,residual_rl,31001.0,0.06596708955391668,2,0.020476190476190478,0.0,1.0,0.0
0.20666666666666667,0.001111111111111111,38.940984556811394,0.5215824294238033,seen,42006,dd12ec908229f0a4d465e81cb86dee068616c4d6640b934f18cc340079d8c840,scn2_structured_env42006,structured,0.2557705886767433,7.4588477490020395,0.2557705886767433,residual_rl,31002.0,0.06806808363654392,2,0.02095238095238095,0.0,1.0,0.0
0.2057142857142857,0.001111111111111111,38.9544279759919,0.5583589738127939,seen,42006,dd12ec908229f0a4d465e81cb86dee068616c4d6640b934f18cc340079d8c840,scn2_structured_env42006,structured,0.25618436197155825,7.419182283129317,0.25618436197155825,residual_rl,31003.0,0.06601084840967655,2,0.010476190476190476,0.0,1.0,0.0
0.20714285714285716,0.001111111111111111,38.93423320900336,0.5071338212673324,seen,42006,dd12ec908229f0a4d465e81cb86dee068616c4d6640b934f18cc340079d8c840,scn2_structured_env42006,structured,0.2557134321287079,7.425122537680569,0.2557134321287079,residual_rl,31004.0,0.06696281668322848,2,0.015238095238095238,0.0,1.0,0.0
0.20809523809523808,0.001111111111111111,38.989346853470686,0.5776394721306702,seen,42006,dd12ec908229f0a4d465e81cb86dee068616c4d6640b934f18cc340079d8c840,scn2_structured_env42006,structured,0.25600691184621077,7.447585439172223,0.25600691184621077,wm_residual_rl,31000.0,0.06658047315260932,2,0.01380952380952381,0.0,1.0,0.0
0.21285714285714286,0.001111111111111111,38.98829514132591,0.56539610208927,seen,42006,dd12ec908229f0a4d465e81cb86dee068616c4d6640b934f18cc340079d8c840,scn2_structured_env42006,structured,0.25523013825970026,7.458346546513338,0.25523013825970026,wm_residual_rl,31001.0,0.06787627091673942,2,0.01380952380952381,0.0,1.0,0.0
0.2061904761904762,0.001111111111111111,38.90092100352028,0.4837895570596475,seen,42006,dd12ec908229f0a4d465e81cb86dee068616c4d6640b934f18cc340079d8c840,scn2_structured_env42006,structured,0.25536456523575235,7.44468302415297,0.25536456523575235,wm_residual_rl,31002.0,0.06720770566851297,2,0.010476190476190476,0.0,1.0,0.0
0.21095238095238095,0.001111111111111111,38.94531024460131,0.5397944278249066,seen,42006,dd12ec908229f0a4d465e81cb86dee068616c4d6640b934f18cc340079d8c840,scn2_structured_env42006,structured,0.25470570985459934,7.424858654931291,0.25470570985459934,wm_residual_rl,31003.0,0.06621263432114705,2,0.010476190476190476,0.0,1.0,0.0
0.2057142857142857,0.001111111111111111,38.94767648034455,0.5378223372579847,seen,42006,dd12ec908229f0a4d465e81cb86dee068616c4d6640b934f18cc340079d8c840,scn2_structured_env42006,structured,0.25513174622005796,7.425306280812344,0.25513174622005796,wm_residual_rl,31004.0,0.06622021767796293,2,0.017142857142857144,0.0,1.0,0.0
0.19,0.0010317460317460316,37.84266134722404,0.0,seen,42007,a91e9fbf9e95305485424e7f48eae5e8b956e25a2c1d63120852684d8c46403a,scn2_structured_env42007,structured,0.3173070325077735,7.142932604375437,0.3595391622342725,smc,,0.1487399104143495,2,0.02,0.0,1.0,0.0
0.2561904761904762,0.00031746031746031746,39.37785287081348,1.0,seen,42007,a91e9fbf9e95305485424e7f48eae5e8b956e25a2c1d63120852684d8c46403a,scn2_structured_env42007,structured,0.2541568071843066,7.100637695398502,0.2541568071843066,mpc,,0.06229832258504806,2,0.014761904761904763,0.0,1.0,0.0
0.21428571428571427,0.0010317460317460316,38.99295214576721,0.5932797619047617,seen,42007,a91e9fbf9e95305485424e7f48eae5e8b956e25a2c1d63120852684d8c46403a,scn2_structured_env42007,structured,0.25512861701060735,7.5065551447491945,0.25512861701060735,constant_alpha,,0.06283721235643237,2,0.017619047619047618,0.0,1.0,0.0
0.24904761904761905,0.0010317460317460316,39.132711943988234,0.8888122973392625,seen,42007,a91e9fbf9e95305485424e7f48eae5e8b956e25a2c1d63120852684d8c46403a,scn2_structured_env42007,structured,0.254200617975131,7.305935310848597,0.254200617975131,sspo,,0.055517842939630815,2,0.009047619047619047,0.0,1.0,0.0
0.24904761904761905,0.0010317460317460316,39.137748890081376,0.8409156872443355,seen,42007,a91e9fbf9e95305485424e7f48eae5e8b956e25a2c1d63120852684d8c46403a,scn2_structured_env42007,structured,0.25484684095893945,7.1420708727625,0.25484684095893945,v3_transformer,31000.0,0.05570202472900263,2,0.012380952380952381,0.0,1.0,0.0
0.24666666666666667,0.0010317460317460316,39.13301354720962,0.8476311410418267,seen,42007,a91e9fbf9e95305485424e7f48eae5e8b956e25a2c1d63120852684d8c46403a,scn2_structured_env42007,structured,0.2549260856849202,7.230295533245001,0.2549260856849202,v3_transformer,31001.0,0.05494401709507832,2,0.017142857142857144,0.0,1.0,0.0
0.25047619047619046,0.0010317460317460316,39.13281471722754,0.8487514773793804,seen,42007,a91e9fbf9e95305485424e7f48eae5e8b956e25a2c1d63120852684d8c46403a,scn2_structured_env42007,structured,0.2550898035409873,7.193801883740624,0.2550898035409873,v3_transformer,31002.0,0.05446099159092725,2,0.02142857142857143,0.0,1.0,0.0
0.24857142857142858,0.0010317460317460316,39.12326099490378,0.869599645295642,seen,42007,a91e9fbf9e95305485424e7f48eae5e8b956e25a2c1d63120852684d8c46403a,scn2_structured_env42007,structured,0.25537728534953086,7.234288745751957,0.25537728534953086,v3_transformer,31003.0,0.05465395279201807,2,0.011904761904761904,0.0,1.0,0.0
0.24904761904761905,0.0010317460317460316,39.12725565186489,0.8576947664667254,seen,42007,a91e9fbf9e95305485424e7f48eae5e8b956e25a2c1d63120852684d8c46403a,scn2_structured_env42007,structured,0.2546356208136502,7.1768200493865155,0.2546356208136502,v3_transformer,31004.0,0.054937898093249025,2,0.018571428571428572,0.0,1.0,0.0
0.24904761904761905,0.0010317460317460316,39.137755797058986,0.8397964145903604,seen,42007,a91e9fbf9e95305485424e7f48eae5e8b956e25a2c1d63120852684d8c46403a,scn2_structured_env42007,structured,0.25484053353304864,7.139176876479295,0.25484053353304864,wm_hybrid,31000.0,0.055719697351157886,2,0.015238095238095238,0.0,1.0,0.049523809523809526
0.24714285714285714,0.0010317460317460316,39.13286945179682,0.8460998463852172,seen,42007,a91e9fbf9e95305485424e7f48eae5e8b956e25a2c1d63120852684d8c46403a,scn2_structured_env42007,structured,0.25492159263639197,7.229235563604189,0.25492159263639197,wm_hybrid,31001.0,0.054948859058061066,2,0.01380952380952381,0.0,1.0,0.049523809523809526
0.25,0.0010317460317460316,39.133022136995514,0.8475207671822262,seen,42007,a91e9fbf9e95305485424e7f48eae5e8b956e25a2c1d63120852684d8c46403a,scn2_structured_env42007,structured,0.2550781834411885,7.1923465296745785,0.2550781834411885,wm_hybrid,31002.0,0.05446307652860644,2,0.012380952380952381,0.0,1.0,0.049523809523809526
0.24857142857142858,0.0010317460317460316,39.12346734947559,0.8673053842635442,seen,42007,a91e9fbf9e95305485424e7f48eae5e8b956e25a2c1d63120852684d8c46403a,scn2_structured_env42007,structured,0.2553755653980664,7.232255578289764,0.2553755653980664,wm_hybrid,31003.0,0.054661056769357654,2,0.01619047619047619,0.0,1.0,0.049523809523809526
0.24904761904761905,0.0010317460317460316,39.1273748143424,0.8550332920943166,seen,42007,a91e9fbf9e95305485424e7f48eae5e8b956e25a2c1d63120852684d8c46403a,scn2_structured_env42007,structured,0.25463056155391595,7.173245189170714,0.25463056155391595,wm_hybrid,31004.0,0.05495892817362013,2,0.024285714285714285,0.0,1.0,0.049523809523809526
0.21761904761904763,0.0010317460317460316,38.959991369824586,0.582035345705872,seen,42007,a91e9fbf9e95305485424e7f48eae5e8b956e25a2c1d63120852684d8c46403a,scn2_structured_env42007,structured,0.25523498409636647,7.494026722352046,0.25523498409636647,residual_rl,31000.0,0.0625055205308595,2,0.016666666666666666,0.0,1.0,0.0
0.2119047619047619,0.0010317460317460316,38.92540209645345,0.5647219268806719,seen,42007,a91e9fbf9e95305485424e7f48eae5e8b956e25a2c1d63120852684d8c46403a,scn2_structured_env42007,structured,0.256620652929129,7.489212233449522,0.256620652929129,residual_rl,31001.0,0.06258480014511969,2,0.018095238095238095,0.0,1.0,0.0
0.21142857142857144,0.0010317460317460316,38.902962789852374,0.522648242319164,seen,42007,a91e9fbf9e95305485424e7f48eae5e8b956e25a2c1d63120852684d8c46403a,scn2_structured_env42007,structured,0.25602345068054133,7.532955405587902,0.25602345068054133,residual_rl,31002.0,0.0646762082988564,2,0.01619047619047619,0.0,1.0,0.0
0.2123809523809524,0.0010317460317460316,38.932104634696664,0.5582553188944505,seen,42007,a91e9fbf9e95305485424e7f48eae5e8b956e25a2c1d63120852684d8c46403a,scn2_structured_env42007,structured,0.25679404542436973,7.488243850853621,0.25679404542436973,residual_rl,31003.0,0.06262528139149226,2,0.012857142857142857,0.0,1.0,0.0
0.2119047619047619,0.0010317460317460316,38.899532016061755,0.5077014209147865,seen,42007,a91e9fbf9e95305485424e7f48eae5e8b956e25a2c1d63120852684d8c46403a,scn2_structured_env42007,structured,0.2560215367145562,7.498092500891792,0.2560215367145562,residual_rl,31004.0,0.06365425764293124,2,0.016666666666666666,0.0,1.0,0.0
0.2123809523809524,0.0010317460317460316,38.95191659293289,0.5782353341011892,seen,42007,a91e9fbf9e95305485424e7f48eae5e8b956e25a2c1d63120852684d8c46403a,scn2_structured_env42007,structured,0.256000877792349,7.519218996652952,0.256000877792349,wm_residual_rl,31000.0,0.06312791786275013,2,0.018095238095238095,0.0,1.0,0.0
0.21666666666666667,0.0010317460317460316,38.95330490331769,0.5658018949024268,seen,42007,a91e9fbf9e95305485424e7f48eae5e8b956e25a2c1d63120852684d8c46403a,scn2_structured_env42007,structured,0.2554380233517074,7.531511639403479,0.2554380233517074,wm_residual_rl,31001.0,0.06443060286050614,2,0.02142857142857143,0.0,1.0,0.0
0.21095238095238095,0.0010317460317460316,38.8733214736657,0.48405555906259984,seen,42007,a91e9fbf9e95305485424e7f48eae5e8b956e25a2c1d63120852684d8c46403a,scn2_structured_env42007,structured,0.25579700480898615,7.5157183940300225,0.25579700480898615,wm_residual_rl,31002.0,0.06388638433964175,2,0.007619047619047619,0.0,1.0,0.0
0.21666666666666667,0.0010317460317460316,38.92437204987157,0.5400043970520807,seen,42007,a91e9fbf9e95305485424e7f48eae5e8b956e25a2c1d63120852684d8c46403a,scn2_structured_env42007,structured,0.2552702631318879,7.49334555755685,0.2552702631318879,wm_residual_rl,31003.0,0.06276031734494793,2,0.014761904761904763,0.0,1.0,0.0
0.21285714285714286,0.0010317460317460316,38.93108399342999,0.5380300883290359,seen,42007,a91e9fbf9e95305485424e7f48eae5e8b956e25a2c1d63120852684d8c46403a,scn2_structured_env42007,structured,0.2558067506588674,7.493736359013578,0.2558067506588674,wm_residual_rl,31004.0,0.06278016267943229,2,0.016666666666666666,0.0,1.0,0.0
0.19380952380952382,0.001111111111111111,37.886057269401505,0.0,seen,42008,3497435da3b6d22dad6380643d0ce9729e8f64978f2bd2d99dd2a65ec1153829,scn2_structured_env42008,structured,0.30561165925157396,7.144392217025247,0.36328991345713274,smc,,0.14887507058207178,2,0.018571428571428572,0.0,1.0,0.0
0.2604761904761905,0.00015873015873015873,39.358523927887425,1.0,seen,42008,3497435da3b6d22dad6380643d0ce9729e8f64978f2bd2d99dd2a65ec1153829,scn2_structured_env42008,structured,0.252987422425761,7.03075973052009,0.252987422425761,mpc,,0.06420265589940986,2,0.011904761904761904,0.0,1.0,0.0
0.2057142857142857,0.001111111111111111,38.96143572408378,0.5932797619047617,seen,42008,3497435da3b6d22dad6380643d0ce9729e8f64978f2bd2d99dd2a65ec1153829,scn2_structured_env42008,structured,0.25304508335505194,7.480534840775937,0.25304508335505194,constant_alpha,,0.06408074522973553,2,0.010952380952380953,0.0,1.0,0.0
0.2523809523809524,0.001111111111111111,39.156979078751576,0.8864662382849953,seen,42008,3497435da3b6d22dad6380643d0ce9729e8f64978f2bd2d99dd2a65ec1153829,scn2_structured_env42008,structured,0.2528081523074069,7.242432187889988,0.2528081523074069,sspo,,0.056514765191812436,2,0.019523809523809523,0.0,1.0,0.0
0.2538095238095238,0.001111111111111111,39.179463327101516,0.8369828367755624,seen,42008,3497435da3b6d22dad6380643d0ce9729e8f64978f2bd2d99dd2a65ec1153829,scn2_structured_env42008,structured,0.25344218018974307,7.011240730719267,0.25344218018974307,v3_transformer,31000.0,0.057125271070821784,2,0.013333333333333334,0.0,1.0,0.0
0.25047619047619046,0.001111111111111111,39.15997441599439,0.8450464584019537,seen,42008,3497435da3b6d22dad6380643d0ce9729e8f64978f2bd2d99dd2a65ec1153829,scn2_structured_env42008,structured,0.25344926305106247,7.1259441531145225,0.25344926305106247,v3_transformer,31001.0,0.05585420206862371,2,0.015714285714285715,0.0,1.0,0.0
0.25,0.001111111111111111,39.1683701610969,0.8391905824198004,seen,42008,3497435da3b6d22dad6380643d0ce9729e8f64978f2bd2d99dd2a65ec1153829,scn2_structured_env42008,structured,0.25344850022951204,6.993932313777052,0.25344850022951204,v3_transformer,31002.0,0.05689362580420503,2,0.012857142857142857,0.0,1.0,0.0
0.24857142857142858,0.001111111111111111,39.15580800927423,0.8637691644028044,seen,42008,3497435da3b6d22dad6380643d0ce9729e8f64978f2bd2d99dd2a65ec1153829,scn2_structured_env42008,structured,0.25335955360497703,7.05939884838108,0.25335955360497703,v3_transformer,31003.0,0.05665332606564712,2,0.011904761904761904,0.0,1.0,0.0
0.2519047619047619,0.001111111111111111,39.16646928900719,0.8489165410091242,seen,42008,3497435da3b6d22dad6380643d0ce9729e8f64978f2bd2d99dd2a65ec1153829,scn2_structured_env42008,structured,0.2532479173309729,7.023282946015799,0.2532479173309729,v3_transformer,31004.0,0.056661517307055986,2,0.015714285714285715,0.0,1.0,0.0
0.25333333333333335,0.001111111111111111,39.18004308490599,0.835615446260251,seen,42008,3497435da3b6d22dad6380643d0ce9729e8f64978f2bd2d99dd2a65ec1153829,scn2_structured_env42008,structured,0.25346248188069515,7.000150405631492,0.25346248188069515,wm_hybrid,31000.0,0.0572810490333419,2,0.017619047619047618,0.0,1.0,0.049523809523809526
0.25047619047619046,0.001111111111111111,39.15843881774437,0.8423434701534359,seen,42008,3497435da3b6d22dad6380643d0ce9729e8f64978f2bd2d99dd2a65ec1153829,scn2_structured_env42008,structured,0.2534886415640537,7.12092734154879,0.2534886415640537,wm_hybrid,31001.0,0.05603379001396551,2,0.01904761904761905,0.0,1.0,0.049523809523809526
0.25,0.001111111111111111,39.170796520338264,0.8371266357464667,seen,42008,3497435da3b6d22dad6380643d0ce9729e8f64978f2bd2d99dd2a65ec1153829,scn2_structured_env42008,structured,0.2534396323269486,6.976387936197161,0.2534396323269486,wm_hybrid,31002.0,0.05719318457884853,2,0.02238095238095238,0.0,1.0,0.049523809523809526
0.24904761904761905,0.001111111111111111,39.15531346495554,0.861427034330256,seen,42008,3497435da3b6d22dad6380643d0ce9729e8f64978f2bd2d99dd2a65ec1153829,scn2_structured_env42008,structured,0.25337650240782306,7.0523226549130245,0.25337650240782306,wm_hybrid,31003.0,0.05683121130281532,2,0.023333333333333334,0.0,1.0,0.049523809523809526
0.2519047619047619,0.001111111111111111,39.1657641191288,0.8461419474657965,seen,42008,3497435da3b6d22dad6380643d0ce9729e8f64978f2bd2d99dd2a65ec1153829,scn2_structured_env42008,structured,0.2533195784105411,7.017386019877853,0.2533195784105411,wm_hybrid,31004.0,0.05686910642324186,2,0.01,0.0,1.0,0.049523809523809526
0.20904761904761904,0.001111111111111111,38.92466012990897,0.5795101476778033,seen,42008,3497435da3b6d22dad6380643d0ce9729e8f64978f2bd2d99dd2a65ec1153829,scn2_structured_env42008,structured,0.2528117522375625,7.4680269840707965,0.2528117522375625,residual_rl,31000.0,0.06370865211331098,2,0.01619047619047619,0.0,1.0,0.0
0.20333333333333334,0.001111111111111111,38.88690422316523,0.5643562440285825,seen,42008,3497435da3b6d22dad6380643d0ce9729e8f64978f2bd2d99dd2a65ec1153829,scn2_structured_env42008,structured,0.25492169088681016,7.460721277923551,0.25492169088681016,residual_rl,31001.0,0.06364089599037798,2,0.01904761904761905,0.0,1.0,0.0
0.20333333333333334,0.001111111111111111,38.852397842627845,0.5224978121412271,seen,42008,3497435da3b6d22dad6380643d0ce9729e8f64978f2bd2d99dd2a65ec1153829,scn2_structured_env42008,structured,0.25395759330720385,7.511132043291028,0.25395759330720385,residual_rl,31002.0,0.06612529810033771,2,0.02095238095238095,0.0,1.0,0.0
0.20333333333333334,0.001111111111111111,38.89615455774145,0.5605274050990008,seen,42008,3497435da3b6d22dad6380643d0ce9729e8f64978f2bd2d99dd2a65ec1153829,scn2_structured_env42008,structured,0.2548254473568021,7.459739196726771,0.2548254473568021,residual_rl,31003.0,0.06365499608239512,2,0.015238095238095238,0.0,1.0,0.0
0.2038095238095238,0.001111111111111111,38.849212067066844,0.507992101680369,seen,42008,3497435da3b6d22dad6380643d0ce9729e8f64978f2bd2d99dd2a65ec1153829,scn2_structured_env42008,structured,0.25433990494516906,7.476585853267401,0.25433990494516906,residual_rl,31004.0,0.06503098456831082,2,0.018095238095238095,0.0,1.0,0.0
0.2038095238095238,0.001111111111111111,38.92199983528729,0.5800189306824305,seen,42008,3497435da3b6d22dad6380643d0ce9729e8f64978f2bd2d99dd2a65ec1153829,scn2_structured_env42008,structured,0.2543715950327997,7.493724132378775,0.2543715950327997,wm_residual_rl,31000.0,0.06435466180783259,2,0.014761904761904763,0.0,1.0,0.0
0.21,0.001111111111111111,38.915540505653276,0.5616460219169975,seen,42008,3497435da3b6d22dad6380643d0ce9729e8f64978f2bd2d99dd2a65ec1153829,scn2_structured_env42008,structured,0.25339480995451585,7.508089167652478,0.25339480995451585,wm_residual_rl,31001.0,0.06586926666982046,2,0.014761904761904763,0.0,1.0,0.0
0.20333333333333334,0.001111111111111111,38.84821712067251,0.4842824553523699,seen,42008,3497435da3b6d22dad6380643d0ce9729e8f64978f2bd2d99dd2a65ec1153829,scn2_structured_env42008,structured,0.25590147910268235,7.48140220944433,0.25590147910268235,wm_residual_rl,31002.0,0.0646796667679539,2,0.025238095238095237,0.0,1.0,0.0
0.21095238095238095,0.001111111111111111,38.907999523243426,0.5388372390036019,seen,42008,3497435da3b6d22dad6380643d0ce9729e8f64978f2bd2d99dd2a65ec1153829,scn2_structured_env42008,structured,0.255301221637445,7.457660669360867,0.255301221637445,wm_residual_rl,31003.0,0.06352215017680991,2,0.024285714285714285,0.0,1.0,0.0
0.20476190476190476,0.001111111111111111,38.8946902075103,0.539354207036703,seen,42008,3497435da3b6d22dad6380643d0ce9729e8f64978f2bd2d99dd2a65ec1153829,scn2_structured_env42008,structured,0.2539265235023973,7.467253541519353,0.2539265235023973,wm_residual_rl,31004.0,0.06394822747248481,2,0.009047619047619047,0.0,1.0,0.0
0.19380952380952382,0.0014285714285714286,37.90026538152605,0.0,seen,42009,8e1a8a096b1b6e52a69c5037d9fac291992743ce54fcb205817334ba895ba40c,scn2_structured_env42009,structured,0.3093311317014818,7.129661580431841,0.36310785740663093,smc,,0.1487062301674179,2,0.01619047619047619,0.0,1.0,0.0
0.2604761904761905,0.00015873015873015873,39.361147116614596,1.0,seen,42009,8e1a8a096b1b6e52a69c5037d9fac291992743ce54fcb205817334ba895ba40c,scn2_structured_env42009,structured,0.25410737846841297,7.0710567068510235,0.25410737846841297,mpc,,0.06359208357758124,2,0.021904761904761906,0.0,1.0,0.0
0.21,0.0014285714285714286,39.03418679062395,0.5932797619047617,seen,42009,8e1a8a096b1b6e52a69c5037d9fac291992743ce54fcb205817334ba895ba40c,scn2_structured_env42009,structured,0.25476221819257233,7.484100987756055,0.25476221819257233,constant_alpha,,0.06313143960905673,2,0.01619047619047619,0.0,1.0,0.0
0.2523809523809524,0.0014285714285714286,39.17273378330463,0.8889563760472644,seen,42009,8e1a8a096b1b6e52a69c5037d9fac291992743ce54fcb205817334ba895ba40c,scn2_structured_env42009,structured,0.2538864377102415,7.2442507336900706,0.2538864377102415,sspo,,0.0558555985353136,2,0.018095238095238095,0.0,1.0,0.0
0.25285714285714284,0.0014285714285714286,39.196557396758166,0.8428856626709961,seen,42009,8e1a8a096b1b6e52a69c5037d9fac291992743ce54fcb205817334ba895ba40c,scn2_structured_env42009,structured,0.25482315203483163,7.007285178304358,0.25482315203483163,v3_transformer,31000.0,0.05612911897756003,2,0.013333333333333334,0.0,1.0,0.0
0.25047619047619046,0.0014285714285714286,39.173639569945784,0.8601437509855036,seen,42009,8e1a8a096b1b6e52a69c5037d9fac291992743ce54fcb205817334ba895ba40c,scn2_structured_env42009,structured,0.25443191662013476,7.127811831125928,0.25443191662013476,v3_transformer,31001.0,0.05512256045917034,2,0.008095238095238095,0.0,1.0,0.0
0.2519047619047619,0.0014285714285714286,39.195793951391074,0.8408128646254833,seen,42009,8e1a8a096b1b6e52a69c5037d9fac291992743ce54fcb205817334ba895ba40c,scn2_structured_env42009,structured,0.2543640328146232,6.977377131411453,0.2543640328146232,v3_transformer,31002.0,0.05606281637300745,2,0.017619047619047618,0.0,1.0,0.0
0.25047619047619046,0.0014285714285714286,39.17999775141568,0.8695108750862105,seen,42009,8e1a8a096b1b6e52a69c5037d9fac291992743ce54fcb205817334ba895ba40c,scn2_structured_env42009,structured,0.25433506329412525,7.056777981216826,0.25433506329412525,v3_transformer,31003.0,0.05601841635843249,2,0.015714285714285715,0.0,1.0,0.0
0.25047619047619046,0.0014285714285714286,39.18407746113678,0.857272445170051,seen,42009,8e1a8a096b1b6e52a69c5037d9fac291992743ce54fcb205817334ba895ba40c,scn2_structured_env42009,structured,0.2541882978585053,7.084643860697265,0.2541882978585053,v3_transformer,31004.0,0.05550860149361801,2,0.015714285714285715,0.0,1.0,0.0
0.2523809523809524,0.0014285714285714286,39.19807996721786,0.8404595523915522,seen,42009,8e1a8a096b1b6e52a69c5037d9fac291992743ce54fcb205817334ba895ba40c,scn2_structured_env42009,structured,0.25465143886271296,6.986748396334158,0.25465143886271296,wm_hybrid,31000.0,0.05636851850450013,2,0.021904761904761906,0.0,1.0,0.049523809523809526
0.25047619047619046,0.0014285714285714286,39.17256492654636,0.8566893921364012,seen,42009,8e1a8a096b1b6e52a69c5037d9fac291992743ce54fcb205817334ba895ba40c,scn2_structured_env42009,structured,0.25443235396954456,7.120401081664671,0.25443235396954456,wm_hybrid,31001.0,0.05529820649186429,2,0.017142857142857144,0.0,1.0,0.049523809523809526
0.2519047619047619,0.0014285714285714286,39.198421038140125,0.8398907428303686,seen,42009,8e1a8a096b1b6e52a69c5037d9fac291992743ce54fcb205817334ba895ba40c,scn2_structured_env42009,structured,0.2544393490025655,6.9620769799757465,0.2544393490025655,wm_hybrid,31002.0,0.05632676734748448,2,0.01619047619047619,0.0,1.0,0.049523809523809526
0.2509523809523809,0.0014285714285714286,39.17837690588108,0.8678368433565402,seen,42009,8e1a8a096b1b6e52a69c5037d9fac291992743ce54fcb205817334ba895ba40c,scn2_structured_env42009,structured,0.25504954514410194,7.043560012470319,0.25504954514410194,wm_hybrid,31003.0,0.05617122824672025,2,0.01619047619047619,0.0,1.0,0.049523809523809526
0.25142857142857145,0.0014285714285714286,39.181880994497135,0.8551900290597823,seen,42009,8e1a8a096b1b6e52a69c5037d9fac291992743ce54fcb205817334ba895ba40c,scn2_structured_env42009,structured,0.25465208734657657,7.074289316261473,0.25465208734657657,wm_hybrid,31004.0,0.055669493255780425,2,0.02238095238095238,0.0,1.0,0.049523809523809526
0.2138095238095238,0.0014285714285714286,39.00125620776208,0.581955958652853,seen,42009,8e1a8a096b1b6e52a69c5037d9fac291992743ce54fcb205817334ba895ba40c,scn2_structured_env42009,structured,0.25470848838697746,7.471413608431887,0.25470848838697746,residual_rl,31000.0,0.0627503877652667,2,0.019523809523809523,0.0,1.0,0.0
0.20714285714285716,0.0014285714285714286,38.96690326779253,0.5648675270136431,seen,42009,8e1a8a096b1b6e52a69c5037d9fac291992743ce54fcb205817334ba895ba40c,scn2_structured_env42009,structured,0.2561622772061245,7.4667500288203685,0.2561622772061245,residual_rl,31001.0,0.06284168851777579,2,0.02142857142857143,0.0,1.0,0.0
0.20666666666666667,0.0014285714285714286,38.94213575403368,0.5220340709897201,seen,42009,8e1a8a096b1b6e52a69c5037d9fac291992743ce54fcb205817334ba895ba40c,scn2_structured_env42009,structured,0.2556203314890891,7.5087199455066305,0.2556203314890891,residual_rl,31002.0,0.06486603286147041,2,0.017619047619047618,0.0,1.0,0.0
0.20666666666666667,0.0014285714285714286,38.97203624580392,0.5580566246761635,seen,42009,8e1a8a096b1b6e52a69c5037d9fac291992743ce54fcb205817334ba895ba40c,scn2_structured_env42009,structured,0.25636398488097173,7.466057274089317,0.25636398488097173,residual_rl,31003.0,0.06289901204137074,2,0.015714285714285715,0.0,1.0,0.0
0.20714285714285716,0.0014285714285714286,38.9418174947036,0.5078251527146386,seen,42009,8e1a8a096b1b6e52a69c5037d9fac291992743ce54fcb205817334ba895ba40c,scn2_structured_env42009,structured,0.255630412344951,7.476358900008333,0.255630412344951,residual_rl,31004.0,0.0639464114911946,2,0.020476190476190478,0.0,1.0,0.0
0.20714285714285716,0.0014285714285714286,38.99365955697045,0.5782968653790831,seen,42009,8e1a8a096b1b6e52a69c5037d9fac291992743ce54fcb205817334ba895ba40c,scn2_structured_env42009,structured,0.2558376689908725,7.498097250799193,0.2558376689908725,wm_residual_rl,31000.0,0.06348794384158692,2,0.022857142857142857,0.0,1.0,0.0
0.21285714285714286,0.0014285714285714286,38.99313426862164,0.5651662061905893,seen,42009,8e1a8a096b1b6e52a69c5037d9fac291992743ce54fcb205817334ba895ba40c,scn2_structured_env42009,structured,0.25508875394089026,7.508626240233795,0.25508875394089026,wm_residual_rl,31001.0,0.06470476764354995,2,0.01904761904761905,0.0,1.0,0.0
0.20666666666666667,0.0014285714285714286,38.91101533704622,0.4833189733134378,seen,42009,8e1a8a096b1b6e52a69c5037d9fac291992743ce54fcb205817334ba895ba40c,scn2_structured_env42009,structured,0.2553550138090507,7.490945987694536,0.2553550138090507,wm_residual_rl,31002.0,0.06402169579567123,2,0.013333333333333334,0.0,1.0,0.0
0.21142857142857144,0.0014285714285714286,38.964555741430544,0.5399842695192845,seen,42009,8e1a8a096b1b6e52a69c5037d9fac291992743ce54fcb205817334ba895ba40c,scn2_structured_env42009,structured,0.2548315979387117,7.4712629194220925,0.2548315979387117,wm_residual_rl,31003.0,0.06304602074494589,2,0.01380952380952381,0.0,1.0,0.0
0.2061904761904762,0.0014285714285714286,38.971184144013755,0.5380001185383761,seen,42009,8e1a8a096b1b6e52a69c5037d9fac291992743ce54fcb205817334ba895ba40c,scn2_structured_env42009,structured,0.25539209220563847,7.471429971019441,0.25539209220563847,wm_residual_rl,31004.0,0.06305558568179358,2,0.011904761904761904,0.0,1.0,0.0
0.19,0.0014285714285714286,38.07770651135132,0.0,seen,42010,f222c570eac5ac430b98e81452e8d37f5ee63f14155803e3abca16e60e881c5b,scn2_structured_env42010,structured,0.3195337718536763,7.197809633746232,0.38856657550734397,smc,,0.154152390747765,2,0.01619047619047619,0.0,1.0,0.0
0.2619047619047619,0.00015873015873015873,39.473078013708,1.0,seen,42010,f222c570eac5ac430b98e81452e8d37f5ee63f14155803e3abca16e60e881c5b,scn2_structured_env42010,structured,0.25370352629117165,7.012496989635837,0.25370352629117165,mpc,,0.06793862855942412,2,0.023333333333333334,0.0,1.0,0.0
0.20761904761904762,0.0014285714285714286,39.076045084793286,0.5932797619047617,seen,42010,f222c570eac5ac430b98e81452e8d37f5ee63f14155803e3abca16e60e881c5b,scn2_structured_env42010,structured,0.2535360669220193,7.488378014973236,0.2627612819153348,constant_alpha,,0.06919890665597038,2,0.011428571428571429,0.0,1.0,0.0
0.2519047619047619,0.0014285714285714286,39.25983934385907,0.8876168249312091,seen,42010,f222c570eac5ac430b98e81452e8d37f5ee63f14155803e3abca16e60e881c5b,scn2_structured_env42010,structured,0.253510392775531,7.239300541677394,0.26552786773907255,sspo,,0.06320204054086967,2,0.015238095238095238,0.0,1.0,0.0
0.2523809523809524,0.0014285714285714286,39.29011104539993,0.8366728763053722,seen,42010,f222c570eac5ac430b98e81452e8d37f5ee63f14155803e3abca16e60e881c5b,scn2_structured_env42010,structured,0.25390388792714375,6.979214968517875,0.2668447606583079,v3_transformer,31000.0,0.06401861641382366,2,0.018095238095238095,0.0,1.0,0.0
0.2519047619047619,0.0014285714285714286,39.27611260122604,0.8436986122509076,seen,42010,f222c570eac5ac430b98e81452e8d37f5ee63f14155803e3abca16e60e881c5b,scn2_structured_env42010,structured,0.2540347030532728,7.0515389868245535,0.2644613654810387,v3_transformer,31001.0,0.06299893563823103,2,0.016666666666666666,0.0,1.0,0.0
0.2519047619047619,0.0014285714285714286,39.27868235340425,0.8387774470644469,seen,42010,f222c570eac5ac430b98e81452e8d37f5ee63f14155803e3abca16e60e881c5b,scn2_structured_env42010,structured,0.25401291781819624,7.004667443527934,0.26442065297727607,v3_transformer,31002.0,0.06334922837571817,2,0.014761904761904763,0.0,1.0,0.0
0.2519047619047619,0.0014285714285714286,39.265142839555715,0.8643440162564805,seen,42010,f222c570eac5ac430b98e81452e8d37f5ee63f14155803e3abca16e60e881c5b,scn2_structured_env42010,structured,0.25386276976902733,7.053676106712114,0.26510319289945267,v3_transformer,31003.0,0.06345938238815703,2,0.01380952380952381,0.0,1.0,0.0
0.2519047619047619,0.0014285714285714286,39.286689180860776,0.8465918397750116,seen,42010,f222c570eac5ac430b98e81452e8d37f5ee63f14155803e3abca16e60e881c5b,scn2_structured_env42010,structured,0.25381695294796147,6.957526483735012,0.2658871038177612,v3_transformer,31004.0,0.06389550430808018,2,0.023809523809523808,0.0,1.0,0.0
0.25285714285714284,0.0014285714285714286,39.290899091281354,0.8350515658202217,seen,42010,f222c570eac5ac430b98e81452e8d37f5ee63f14155803e3abca16e60e881c5b,scn2_structured_env42010,structured,0.2539431630985948,6.971737262600354,0.2668447606583079,wm_hybrid,31000.0,0.06408357088136299,2,0.015714285714285715,0.0,1.0,0.049523809523809526
0.2519047619047619,0.0014285714285714286,39.27548503678292,0.8419164342658335,seen,42010,f222c570eac5ac430b98e81452e8d37f5ee63f14155803e3abca16e60e881c5b,scn2_structured_env42010,structured,0.2540773645894906,7.047186003334887,0.2648783158359429,wm_hybrid,31001.0,0.06313691254504948,2,0.01619047619047619,0.0,1.0,0.049523809523809526
0.2523809523809524,0.0014285714285714286,39.278779102503805,0.8374514923010483,seen,42010,f222c570eac5ac430b98e81452e8d37f5ee63f14155803e3abca16e60e881c5b,scn2_structured_env42010,structured,0.2540070721793331,6.997098770172797,0.26488046671750537,wm_hybrid,31002.0,0.06352312867010178,2,0.01904761904761905,0.0,1.0,0.049523809523809526
0.2519047619047619,0.0014285714285714286,39.26503293426539,0.8620655245706733,seen,42010,f222c570eac5ac430b98e81452e8d37f5ee63f14155803e3abca16e60e881c5b,scn2_structured_env42010,structured,0.2538873145622892,7.047878256613216,0.2655421934351178,wm_hybrid,31003.0,0.06361078312627858,2,0.02095238095238095,0.0,1.0,0.049523809523809526
0.2523809523809524,0.0014285714285714286,39.28819159101994,0.8435802660304641,seen,42010,f222c570eac5ac430b98e81452e8d37f5ee63f14155803e3abca16e60e881c5b,scn2_structured_env42010,structured,0.25384758715161276,6.943092654371756,0.2662570941202743,wm_hybrid,31004.0,0.06410187014998775,2,0.016666666666666666,0.0,1.0,0.049523809523809526
0.21047619047619048,0.0014285714285714286,39.036761760809654,0.5800394842970473,seen,42010,f222c570eac5ac430b98e81452e8d37f5ee63f14155803e3abca16e60e881c5b,scn2_structured_env42010,structured,0.25359118791188756,7.476087750647748,0.2627612819153348,residual_rl,31000.0,0.06893561679756645,2,0.02238095238095238,0.0,1.0,0.0
0.20142857142857143,0.0014285714285714286,39.000303874605834,0.5643327371118427,seen,42010,f222c570eac5ac430b98e81452e8d37f5ee63f14155803e3abca16e60e881c5b,scn2_structured_env42010,structured,0.2555102068698769,7.468739052441609,0.2627612819153348,residual_rl,31001.0,0.06886567341917128,2,0.017142857142857144,0.0,1.0,0.0
0.20047619047619047,0.0014285714285714286,38.968142933177425,0.5223271241014211,seen,42010,f222c570eac5ac430b98e81452e8d37f5ee63f14155803e3abca16e60e881c5b,scn2_structured_env42010,structured,0.2545636123834116,7.517905591757475,0.2627612819153348,residual_rl,31002.0,0.07105509923362417,2,0.018095238095238095,0.0,1.0,0.0
0.20095238095238097,0.0014285714285714286,39.011167437282076,0.5603931286188576,seen,42010,f222c570eac5ac430b98e81452e8d37f5ee63f14155803e3abca16e60e881c5b,scn2_structured_env42010,structured,0.2551940771337104,7.467923537827231,0.2627612819153348,residual_rl,31003.0,0.06886526944434637,2,0.02238095238095238,0.0,1.0,0.0
0.20095238095238097,0.0014285714285714286,38.96320297551433,0.508138234208671,seen,42010,f222c570eac5ac430b98e81452e8d37f5ee63f14155803e3abca16e60e881c5b,scn2_structured_env42010,structured,0.2549070882379196,7.484919543418601,0.2627612819153348,residual_rl,31004.0,0.07003605030198112,2,0.02095238095238095,0.0,1.0,0.0
0.20095238095238097,0.0014285714285714286,39.04178284327431,0.5808322071321427,seen,42010,f222c570eac5ac430b98e81452e8d37f5ee63f14155803e3abca16e60e881c5b,scn2_structured_env42010,structured,0.2545042412421369,7.503450114894023,0.2627612819153348,wm_residual_rl,31000.0,0.06959870916145268,2,0.016666666666666666,0.0,1.0,0.0
0.20952380952380953,0.0014285714285714286,39.03132487037842,0.5623099639763323,seen,42010,f222c570eac5ac430b98e81452e8d37f5ee63f14155803e3abca16e60e881c5b,scn2_structured_env42010,structured,0.2539924750236456,7.515798884224339,0.2627612819153348,wm_residual_rl,31001.0,0.07085596239302938,2,0.014761904761904763,0.0,1.0,0.0
0.2,0.0014285714285714286,38.92889291847374,0.48205318360593763,seen,42010,f222c570eac5ac430b98e81452e8d37f5ee63f14155803e3abca16e60e881c5b,scn2_structured_env42010,structured,0.25422209457762796,7.498858827559387,0.2627612819153348,wm_residual_rl,31002.0,0.0702942651472737,2,0.009047619047619047,0.0,1.0,0.0
0.20476190476190476,0.0014285714285714286,38.99074832151803,0.5390198606115565,seen,42010,f222c570eac5ac430b98e81452e8d37f5ee63f14155803e3abca16e60e881c5b,scn2_structured_env42010,structured,0.25376207802412637,7.47906782289573,0.2627612819153348,wm_residual_rl,31003.0,0.06939884191851321,2,0.016666666666666666,0.0,1.0,0.0
0.20047619047619047,0.0014285714285714286,39.007686493199074,0.5391713299625824,seen,42010,f222c570eac5ac430b98e81452e8d37f5ee63f14155803e3abca16e60e881c5b,scn2_structured_env42010,structured,0.25449478697437045,7.475348903131355,0.2627612819153348,wm_residual_rl,31004.0,0.06912949264653107,2,0.014285714285714285,0.0,1.0,0.0
0.18666666666666668,0.0012698412698412698,37.948526425325646,0.0,seen,42011,4d4f8a33029f5e4e5c00a7216b4fbcfb6cce67370dc6f071a6cc8ae5761924e4,scn2_structured_env42011,structured,0.3135032717063697,7.164617636896787,0.3746339928491394,smc,,0.15144029942996898,2,0.016666666666666666,0.0,1.0,0.0
0.26095238095238094,0.0002380952380952381,39.4168179533936,1.0,seen,42011,4d4f8a33029f5e4e5c00a7216b4fbcfb6cce67370dc6f071a6cc8ae5761924e4,scn2_structured_env42011,structured,0.2551903427859016,7.061461089682966,0.2551903427859016,mpc,,0.0657821257930413,2,0.027142857142857142,0.0,1.0,0.0
0.21476190476190476,0.0012698412698412698,39.05868138235767,0.5932797619047617,seen,42011,4d4f8a33029f5e4e5c00a7216b4fbcfb6cce67370dc6f071a6cc8ae5761924e4,scn2_structured_env42011,structured,0.2551300993163567,7.502281632324058,0.2551300993163567,constant_alpha,,0.06556663848331837,2,0.01380952380952381,0.0,1.0,0.0
0.25,0.0012698412698412698,39.18625868211019,0.8892651032542735,seen,42011,4d4f8a33029f5e4e5c00a7216b4fbcfb6cce67370dc6f071a6cc8ae5761924e4,scn2_structured_env42011,structured,0.25440453332737245,7.288219504434819,0.25440453332737245,sspo,,0.059186027585144164,2,0.008571428571428572,0.0,1.0,0.0
0.24904761904761905,0.0012698412698412698,39.203779266019396,0.8396704879284956,seen,42011,4d4f8a33029f5e4e5c00a7216b4fbcfb6cce67370dc6f071a6cc8ae5761924e4,scn2_structured_env42011,structured,0.2549531388425535,7.065517159330832,0.2549531388425535,v3_transformer,31000.0,0.05975691973170033,2,0.011904761904761904,0.0,1.0,0.0
0.24428571428571427,0.0012698412698412698,39.190208148660794,0.8496489743933626,seen,42011,4d4f8a33029f5e4e5c00a7216b4fbcfb6cce67370dc6f071a6cc8ae5761924e4,scn2_structured_env42011,structured,0.2554444073432518,7.169627015394733,0.2554444073432518,v3_transformer,31001.0,0.05858594501850736,2,0.008095238095238095,0.0,1.0,0.0
0.24571428571428572,0.0012698412698412698,39.18894801959427,0.8457472578095273,seen,42011,4d4f8a33029f5e4e5c00a7216b4fbcfb6cce67370dc6f071a6cc8ae5761924e4,scn2_structured_env42011,structured,0.2550920399828669,7.133030031699607,0.2550920399828669,v3_transformer,31002.0,0.058748265795967564,2,0.01380952380952381,0.0,1.0,0.0
0.2423809523809524,0.0012698412698412698,39.18132507136226,0.8690797898320597,seen,42011,4d4f8a33029f5e4e5c00a7216b4fbcfb6cce67370dc6f071a6cc8ae5761924e4,scn2_structured_env42011,structured,0.25553210590553344,7.186135439232685,0.25553210590553344,v3_transformer,31003.0,0.05855258695816615,2,0.024285714285714285,0.0,1.0,0.0
0.24904761904761905,0.0012698412698412698,39.193558481455455,0.855988161066288,seen,42011,4d4f8a33029f5e4e5c00a7216b4fbcfb6cce67370dc6f071a6cc8ae5761924e4,scn2_structured_env42011,structured,0.2547044878106186,7.087770563594905,0.2547044878106186,v3_transformer,31004.0,0.05929796214257626,2,0.029523809523809525,0.0,1.0,0.0
0.24714285714285714,0.0012698412698412698,39.20356577351169,0.8393482877749746,seen,42011,4d4f8a33029f5e4e5c00a7216b4fbcfb6cce67370dc6f071a6cc8ae5761924e4,scn2_structured_env42011,structured,0.2551500539167213,7.059632188224794,0.2551500539167213,wm_hybrid,31000.0,0.05979461305329782,2,0.012380952380952381,0.0,1.0,0.049523809523809526
0.24857142857142858,0.0012698412698412698,39.19231515367394,0.846521173425646,seen,42011,4d4f8a33029f5e4e5c00a7216b4fbcfb6cce67370dc6f071a6cc8ae5761924e4,scn2_structured_env42011,structured,0.2549381280271712,7.164220898571536,0.2549381280271712,wm_hybrid,31001.0,0.05861304258645774,2,0.017142857142857144,0.0,1.0,0.049523809523809526
0.24571428571428572,0.0012698412698412698,39.188728960558485,0.845008619993813,seen,42011,4d4f8a33029f5e4e5c00a7216b4fbcfb6cce67370dc6f071a6cc8ae5761924e4,scn2_structured_env42011,structured,0.25508820428666473,7.131430261892077,0.25508820428666473,wm_hybrid,31002.0,0.05875179777325202,2,0.01619047619047619,0.0,1.0,0.049523809523809526
0.2423809523809524,0.0012698412698412698,39.18138449634251,0.8672515184669609,seen,42011,4d4f8a33029f5e4e5c00a7216b4fbcfb6cce67370dc6f071a6cc8ae5761924e4,scn2_structured_env42011,structured,0.25552767674332105,7.184171134935259,0.25552767674332105,wm_hybrid,31003.0,0.058558686068049835,2,0.023809523809523808,0.0,1.0,0.049523809523809526
0.24857142857142858,0.0012698412698412698,39.19388927407258,0.8538432642738352,seen,42011,4d4f8a33029f5e4e5c00a7216b4fbcfb6cce67370dc6f071a6cc8ae5761924e4,scn2_structured_env42011,structured,0.2547578966405326,7.082049360011847,0.2547578966405326,wm_hybrid,31004.0,0.059332168982856995,2,0.014285714285714285,0.0,1.0,0.049523809523809526
0.21571428571428572,0.0012698412698412698,39.00902473767931,0.5818455895300784,seen,42011,4d4f8a33029f5e4e5c00a7216b4fbcfb6cce67370dc6f071a6cc8ae5761924e4,scn2_structured_env42011,structured,0.2547451493086896,7.491664020560138,0.2547451493086896,residual_rl,31000.0,0.06536315780434541,2,0.014761904761904763,0.0,1.0,0.0
0.21142857142857144,0.0012698412698412698,38.96805405544489,0.5646093994679141,seen,42011,4d4f8a33029f5e4e5c00a7216b4fbcfb6cce67370dc6f071a6cc8ae5761924e4,scn2_structured_env42011,structured,0.2561252002277882,7.487007972448535,0.2561252002277882,residual_rl,31001.0,0.06546882620395365,2,0.014285714285714285,0.0,1.0,0.0
0.21333333333333335,0.0012698412698412698,38.97113849701106,0.5220741656328202,seen,42011,4d4f8a33029f5e4e5c00a7216b4fbcfb6cce67370dc6f071a6cc8ae5761924e4,scn2_structured_env42011,structured,0.2559920745384469,7.527428439218314,0.2559920745384469,residual_rl,31002.0,0.06727628821420471,2,0.015238095238095238,0.0,1.0,0.0
0.21142857142857144,0.0012698412698412698,38.97546212999193,0.5591215035479343,seen,42011,4d4f8a33029f5e4e5c00a7216b4fbcfb6cce67370dc6f071a6cc8ae5761924e4,scn2_structured_env42011,structured,0.25617079815923965,7.486379766037269,0.25617079815923965,residual_rl,31003.0,0.06549960297861038,2,0.023333333333333334,0.0,1.0,0.0
0.21333333333333335,0.0012698412698412698,38.96512268948321,0.5073385405926374,seen,42011,4d4f8a33029f5e4e5c00a7216b4fbcfb6cce67370dc6f071a6cc8ae5761924e4,scn2_structured_env42011,structured,0.2559692430092546,7.492862531239533,0.2559692430092546,residual_rl,31004.0,0.06626644993067587,2,0.025714285714285714,0.0,1.0,0.0
0.21285714285714286,0.0012698412698412698,39.01689395846074,0.5780101592759715,seen,42011,4d4f8a33029f5e4e5c00a7216b4fbcfb6cce67370dc6f071a6cc8ae5761924e4,scn2_structured_env42011,structured,0.2561256001856492,7.515570459142383,0.2561256001856492,wm_residual_rl,31000.0,0.0659172387329214,2,0.007619047619047619,0.0,1.0,0.0
0.21666666666666667,0.0012698412698412698,39.01939991467799,0.5653779029505345,seen,42011,4d4f8a33029f5e4e5c00a7216b4fbcfb6cce67370dc6f071a6cc8ae5761924e4,scn2_structured_env42011,structured,0.25543982472157867,7.526774443406331,0.25543982472157867,wm_residual_rl,31001.0,0.0670739846970137,2,0.012857142857142857,0.0,1.0,0.0
0.21142857142857144,0.0012698412698412698,38.91470672204468,0.4832931157207521,seen,42011,4d4f8a33029f5e4e5c00a7216b4fbcfb6cce67370dc6f071a6cc8ae5761924e4,scn2_structured_env42011,structured,0.2552668218934455,7.5123907295350145,0.2552668218934455,wm_residual_rl,31002.0,0.06668585883446662,2,0.013333333333333334,0.0,1.0,0.0
0.21333333333333335,0.0012698412698412698,38.968767476164494,0.5394096223654649,seen,42011,4d4f8a33029f5e4e5c00a7216b4fbcfb6cce67370dc6f071a6cc8ae5761924e4,scn2_structured_env42011,structured,0.25475698254482954,7.4929545248744045,0.25475698254482954,wm_residual_rl,31003.0,0.06575575208673554,2,0.01619047619047619,0.0,1.0,0.0
0.21047619047619048,0.0012698412698412698,38.975557621861476,0.5381529958855436,seen,42011,4d4f8a33029f5e4e5c00a7216b4fbcfb6cce67370dc6f071a6cc8ae5761924e4,scn2_structured_env42011,structured,0.2552501945773047,7.492054279726745,0.2552501945773047,wm_residual_rl,31004.0,0.06566458729753132,2,0.014761904761904763,0.0,1.0,0.0
0.19095238095238096,0.001587301587301587,37.95811558099307,0.0,seen,42012,b75b67281a3c5754b1fc4ef8b1a41dd66103dd6726a08054e85af0e03a726df9,scn2_structured_env42012,structured,0.31036658651218324,7.140446235188394,0.3717809606023229,smc,,0.15033849673221059,2,0.014285714285714285,0.0,1.0,0.0
0.25523809523809526,0.00031746031746031746,39.41117793867551,1.0,seen,42012,b75b67281a3c5754b1fc4ef8b1a41dd66103dd6726a08054e85af0e03a726df9,scn2_structured_env42012,structured,0.2550994091630456,7.098422092903683,0.2550994091630456,mpc,,0.06397317664636924,2,0.017142857142857144,0.0,1.0,0.0
0.20952380952380953,0.001587301587301587,39.04440333705945,0.5932797619047617,seen,42012,b75b67281a3c5754b1fc4ef8b1a41dd66103dd6726a08054e85af0e03a726df9,scn2_structured_env42012,structured,0.25440185739993676,7.503297387397611,0.25440185739993676,constant_alpha,,0.06506473690829663,2,0.016666666666666666,0.0,1.0,0.0
0.24761904761904763,0.001587301587301587,39.20442244079356,0.8888797141914102,seen,42012,b75b67281a3c5754b1fc4ef8b1a41dd66103dd6726a08054e85af0e03a726df9,scn2_structured_env42012,structured,0.25426351407567527,7.256573929963951,0.25426351407567527,sspo,,0.05824073646049909,2,0.01619047619047619,0.0,1.0,0.0
0.24761904761904763,0.001587301587301587,39.22625181037787,0.8406404670983217,seen,42012,b75b67281a3c5754b1fc4ef8b1a41dd66103dd6726a08054e85af0e03a726df9,scn2_structured_env42012,structured,0.2549373275495614,7.004291950017087,0.2549373275495614,v3_transformer,31000.0,0.05871115037859836,2,0.017142857142857144,0.0,1.0,0.0
0.24666666666666667,0.001587301587301587,39.20941647908344,0.8532919237061505,seen,42012,b75b67281a3c5754b1fc4ef8b1a41dd66103dd6726a08054e85af0e03a726df9,scn2_structured_env42012,structured,0.2548417741018459,7.097137043204651,0.2548417741018459,v3_transformer,31001.0,0.05780426131316595,2,0.012380952380952381,0.0,1.0,0.0
0.24571428571428572,0.001587301587301587,39.219604558886175,0.8429713448379125,seen,42012,b75b67281a3c5754b1fc4ef8b1a41dd66103dd6726a08054e85af0e03a726df9,scn2_structured_env42012,structured,0.2551282716321276,7.0350783925440075,0.2551282716321276,v3_transformer,31002.0,0.05798554172872965,2,0.010476190476190476,0.0,1.0,0.0
0.24714285714285714,0.001587301587301587,39.207835464997956,0.869563182270493,seen,42012,b75b67281a3c5754b1fc4ef8b1a41dd66103dd6726a08054e85af0e03a726df9,scn2_structured_env42012,structured,0.2548977366055725,7.089745434772688,0.2548977366055725,v3_transformer,31003.0,0.058233523565774464,2,0.013333333333333334,0.0,1.0,0.0
0.24619047619047618,0.001587301587301587,39.216993995764746,0.8563374503584096,seen,42012,b75b67281a3c5754b1fc4ef8b1a41dd66103dd6726a08054e85af0e03a726df9,scn2_structured_env42012,structured,0.2547303831377105,7.066483122986135,0.2547303831377105,v3_transformer,31004.0,0.05790819769230717,2,0.010952380952380953,0.0,1.0,0.0
0.24761904761904763,0.001587301587301587,39.22703805593821,0.8393386476396223,seen,42012,b75b67281a3c5754b1fc4ef8b1a41dd66103dd6726a08054e85af0e03a726df9,scn2_structured_env42012,structured,0.2549372949024178,6.995519284860248,0.2549372949024178,wm_hybrid,31000.0,0.05876221199586674,2,0.015238095238095238,0.0,1.0,0.049523809523809526
0.24714285714285714,0.001587301587301587,39.209970054253645,0.8502317177431409,seen,42012,b75b67281a3c5754b1fc4ef8b1a41dd66103dd6726a08054e85af0e03a726df9,scn2_structured_env42012,structured,0.25484357872757396,7.094096292634955,0.25484357872757396,wm_hybrid,31001.0,0.05782943057933663,2,0.01619047619047619,0.0,1.0,0.049523809523809526
0.24571428571428572,0.001587301587301587,39.22059795221386,0.8415508706186449,seen,42012,b75b67281a3c5754b1fc4ef8b1a41dd66103dd6726a08054e85af0e03a726df9,scn2_structured_env42012,structured,0.2551207721935384,7.0308170555529514,0.2551207721935384,wm_hybrid,31002.0,0.05800808188644129,2,0.024761904761904763,0.0,1.0,0.049523809523809526
0.24761904761904763,0.001587301587301587,39.20856849736449,0.8669926660723306,seen,42012,b75b67281a3c5754b1fc4ef8b1a41dd66103dd6726a08054e85af0e03a726df9,scn2_structured_env42012,structured,0.25488891900512145,7.0839579480862644,0.25488891900512145,wm_hybrid,31003.0,0.058245917091857384,2,0.01904761904761905,0.0,1.0,0.049523809523809526
0.24619047619047618,0.001587301587301587,39.21756028617201,0.8543172394786543,seen,42012,b75b67281a3c5754b1fc4ef8b1a41dd66103dd6726a08054e85af0e03a726df9,scn2_structured_env42012,structured,0.2547409085955398,7.061239149064817,0.2547409085955398,wm_hybrid,31004.0,0.05793738983416648,2,0.007619047619047619,0.0,1.0,0.049523809523809526
0.2119047619047619,0.001587301587301587,39.014445749442366,0.5814262857586592,seen,42012,b75b67281a3c5754b1fc4ef8b1a41dd66103dd6726a08054e85af0e03a726df9,scn2_structured_env42012,structured,0.25448651475831224,7.489574921117192,0.25448651475831224,residual_rl,31000.0,0.0647096123239902,2,0.014285714285714285,0.0,1.0,0.0
0.2042857142857143,0.001587301587301587,38.97953455090627,0.5646790476236032,seen,42012,b75b67281a3c5754b1fc4ef8b1a41dd66103dd6726a08054e85af0e03a726df9,scn2_structured_env42012,structured,0.256349345100234,7.48377414784043,0.256349345100234,residual_rl,31001.0,0.06474499469755737,2,0.024285714285714285,0.0,1.0,0.0
0.20095238095238097,0.001587301587301587,38.941980569518755,0.5217038016333706,seen,42012,b75b67281a3c5754b1fc4ef8b1a41dd66103dd6726a08054e85af0e03a726df9,scn2_structured_env42012,structured,0.2555122843669173,7.530287782016108,0.2555122843669173,residual_rl,31002.0,0.06687493914568228,2,0.022857142857142857,0.0,1.0,0.0
0.20333333333333334,0.001587301587301587,38.98749774133417,0.5591455910533948,seen,42012,b75b67281a3c5754b1fc4ef8b1a41dd66103dd6726a08054e85af0e03a726df9,scn2_structured_env42012,structured,0.2560986212732395,7.48305513646333,0.2560986212732395,residual_rl,31003.0,0.06476681462897342,2,0.011904761904761904,0.0,1.0,0.0
0.20238095238095238,0.001587301587301587,38.94109653110011,0.5077992168329708,seen,42012,b75b67281a3c5754b1fc4ef8b1a41dd66103dd6726a08054e85af0e03a726df9,scn2_structured_env42012,structured,0.2556762923301687,7.497692489566387,0.2556762923301687,residual_rl,31004.0,0.06596782609303449,2,0.018571428571428572,0.0,1.0,0.0
0.2042857142857143,0.001587301587301587,39.00475605365624,0.5791994940025138,seen,42012,b75b67281a3c5754b1fc4ef8b1a41dd66103dd6726a08054e85af0e03a726df9,scn2_structured_env42012,structured,0.25559133078122703,7.517984831579914,0.25559133078122703,wm_residual_rl,31000.0,0.0654779792603602,2,0.019523809523809523,0.0,1.0,0.0
0.21047619047619048,0.001587301587301587,38.99957450417943,0.5631583935708858,seen,42012,b75b67281a3c5754b1fc4ef8b1a41dd66103dd6726a08054e85af0e03a726df9,scn2_structured_env42012,structured,0.25491761269360574,7.529212465073977,0.25491761269360574,wm_residual_rl,31001.0,0.06668664665922792,2,0.012380952380952381,0.0,1.0,0.0
0.2019047619047619,0.001587301587301587,38.9161498928353,0.48275540320129234,seen,42012,b75b67281a3c5754b1fc4ef8b1a41dd66103dd6726a08054e85af0e03a726df9,scn2_structured_env42012,structured,0.25539478966182805,7.509720401520042,0.25539478966182805,wm_residual_rl,31002.0,0.0660100973847198,2,0.02,0.0,1.0,0.0
0.2123809523809524,0.001587301587301587,38.98329147901934,0.5395745715434994,seen,42012,b75b67281a3c5754b1fc4ef8b1a41dd66103dd6726a08054e85af0e03a726df9,scn2_structured_env42012,structured,0.25512700486883527,7.488977453195332,0.25512700486883527,wm_residual_rl,31003.0,0.06496495317310404,2,0.025238095238095237,0.0,1.0,0.0
0.2057142857142857,0.001587301587301587,38.992900750633375,0.5381401904603557,seen,42012,b75b67281a3c5754b1fc4ef8b1a41dd66103dd6726a08054e85af0e03a726df9,scn2_structured_env42012,structured,0.2557734193977379,7.488326659700949,0.2557734193977379,wm_residual_rl,31004.0,0.06490286339326233,2,0.01619047619047619,0.0,1.0,0.0
0.19380952380952382,0.001507936507936508,38.08267198204962,0.0,seen,42013,19d25a769a14e547b3486b08fee4da5d6cf225298ec5196cc0777b2f3ad0b9be,scn2_structured_env42013,structured,0.3057332183506214,7.18530064789423,0.39067041865668334,smc,,0.15399843219091028,2,0.022857142857142857,0.0,1.0,0.0
0.26476190476190475,7.936507936507937e-05,39.53354564699284,1.0,seen,42013,19d25a769a14e547b3486b08fee4da5d6cf225298ec5196cc0777b2f3ad0b9be,scn2_structured_env42013,structured,0.2530556364619208,7.158169342679702,0.2530556364619208,mpc,,0.06679208122468587,2,0.016666666666666666,0.0,1.0,0.0
0.21,0.001507936507936508,39.10171025051114,0.5932797619047617,seen,42013,19d25a769a14e547b3486b08fee4da5d6cf225298ec5196cc0777b2f3ad0b9be,scn2_structured_env42013,structured,0.25369966148619155,7.5753673583443275,0.2647296642402221,constant_alpha,,0.06923712381394839,2,0.018095238095238095,0.0,1.0,0.0
0.25333333333333335,0.001507936507936508,39.27503209735445,0.888982004367211,seen,42013,19d25a769a14e547b3486b08fee4da5d6cf225298ec5196cc0777b2f3ad0b9be,scn2_structured_env42013,structured,0.25329303576372225,7.331517968233312,0.2672568769533295,sspo,,0.06352048571652648,2,0.010952380952380953,0.0,1.0,0.0
0.2523809523809524,0.001507936507936508,39.29556608408652,0.8355116533291154,seen,42013,19d25a769a14e547b3486b08fee4da5d6cf225298ec5196cc0777b2f3ad0b9be,scn2_structured_env42013,structured,0.25377355949522057,7.075810267566829,0.2673766657123641,v3_transformer,31000.0,0.06403192883820778,2,0.013333333333333334,0.0,1.0,0.0
0.2519047619047619,0.001507936507936508,39.286659257446416,0.845512785531032,seen,42013,19d25a769a14e547b3486b08fee4da5d6cf225298ec5196cc0777b2f3ad0b9be,scn2_structured_env42013,structured,0.2538146756458353,7.123822456151909,0.26697073329996257,v3_transformer,31001.0,0.06361613722715775,2,0.01619047619047619,0.0,1.0,0.0
0.2523809523809524,0.001507936507936508,39.282096163076375,0.8432977646110619,seen,42013,19d25a769a14e547b3486b08fee4da5d6cf225298ec5196cc0777b2f3ad0b9be,scn2_structured_env42013,structured,0.25373073822310477,7.194910273546721,0.26511111712231805,v3_transformer,31002.0,0.06271137782558238,2,0.016666666666666666,0.0,1.0,0.0
0.2523809523809524,0.001507936507936508,39.272781936199664,0.8669848164053892,seen,42013,19d25a769a14e547b3486b08fee4da5d6cf225298ec5196cc0777b2f3ad0b9be,scn2_structured_env42013,structured,0.2537486681135444,7.24385415747288,0.2651511937748038,v3_transformer,31003.0,0.06276158196374286,2,0.014761904761904763,0.0,1.0,0.0
0.2523809523809524,0.001507936507936508,39.29169779330947,0.8515407269300245,seen,42013,19d25a769a14e547b3486b08fee4da5d6cf225298ec5196cc0777b2f3ad0b9be,scn2_structured_env42013,structured,0.2535540935628214,7.103185811940789,0.26632347575202225,v3_transformer,31004.0,0.06353061584657524,2,0.01380952380952381,0.0,1.0,0.0
0.2523809523809524,0.001507936507936508,39.29795861202195,0.8330122314379371,seen,42013,19d25a769a14e547b3486b08fee4da5d6cf225298ec5196cc0777b2f3ad0b9be,scn2_structured_env42013,structured,0.25379185622896866,7.060328574915245,0.2673766657123641,wm_hybrid,31000.0,0.06415660365991623,2,0.016666666666666666,0.0,1.0,0.049523809523809526
0.2519047619047619,0.001507936507936508,39.286755823497145,0.8432318294188244,seen,42013,19d25a769a14e547b3486b08fee4da5d6cf225298ec5196cc0777b2f3ad0b9be,scn2_structured_env42013,structured,0.2538321695965911,7.1205772361757536,0.26697073329996257,wm_hybrid,31001.0,0.06365348894411489,2,0.013333333333333334,0.0,1.0,0.049523809523809526
0.2523809523809524,0.001507936507936508,39.28175979258114,0.8415967883972242,seen,42013,19d25a769a14e547b3486b08fee4da5d6cf225298ec5196cc0777b2f3ad0b9be,scn2_structured_env42013,structured,0.25380050929310677,7.1929816392647945,0.26511111712231805,wm_hybrid,31002.0,0.06272601333912405,2,0.01619047619047619,0.0,1.0,0.049523809523809526
0.2523809523809524,0.001507936507936508,39.27287602690708,0.8648376300844021,seen,42013,19d25a769a14e547b3486b08fee4da5d6cf225298ec5196cc0777b2f3ad0b9be,scn2_structured_env42013,structured,0.2537433173302179,7.242087903480234,0.2651511937748038,wm_hybrid,31003.0,0.06277321184965169,2,0.01619047619047619,0.0,1.0,0.049523809523809526
0.25285714285714284,0.001507936507936508,39.29176565766479,0.8482124703519544,seen,42013,19d25a769a14e547b3486b08fee4da5d6cf225298ec5196cc0777b2f3ad0b9be,scn2_structured_env42013,structured,0.2536227827638857,7.0966410416417505,0.26632347575202225,wm_hybrid,31004.0,0.0635795086513011,2,0.01904761904761905,0.0,1.0,0.049523809523809526
0.21285714285714286,0.001507936507936508,39.06299918751325,0.5806220071438984,seen,42013,19d25a769a14e547b3486b08fee4da5d6cf225298ec5196cc0777b2f3ad0b9be,scn2_structured_env42013,structured,0.2537955469351999,7.5629188492920765,0.2647296642402221,residual_rl,31000.0,0.06909378455850629,2,0.018571428571428572,0.0,1.0,0.0
0.20142857142857143,0.001507936507936508,39.02740984527499,0.5642928001119739,seen,42013,19d25a769a14e547b3486b08fee4da5d6cf225298ec5196cc0777b2f3ad0b9be,scn2_structured_env42013,structured,0.2554353797894714,7.555737219457716,0.2647296642402221,residual_rl,31001.0,0.0690508192902312,2,0.009523809523809525,0.0,1.0,0.0
0.20095238095238097,0.001507936507936508,38.99526907180475,0.5220202540988585,seen,42013,19d25a769a14e547b3486b08fee4da5d6cf225298ec5196cc0777b2f3ad0b9be,scn2_structured_env42013,structured,0.2545859258345821,7.604299055853871,0.2647296642402221,residual_rl,31002.0,0.07101045084397241,2,0.015714285714285715,0.0,1.0,0.0
0.20095238095238097,0.001507936507936508,39.03761702034003,0.5602538595998781,seen,42013,19d25a769a14e547b3486b08fee4da5d6cf225298ec5196cc0777b2f3ad0b9be,scn2_structured_env42013,structured,0.2552696242467629,7.5549181253872115,0.2647296642402221,residual_rl,31003.0,0.06906050278898933,2,0.017142857142857144,0.0,1.0,0.0
0.20142857142857143,0.001507936507936508,38.99109624321408,0.5075674673614369,seen,42013,19d25a769a14e547b3486b08fee4da5d6cf225298ec5196cc0777b2f3ad0b9be,scn2_structured_env42013,structured,0.25489519059528465,7.571037396691111,0.2647296642402221,residual_rl,31004.0,0.07011236491976602,2,0.015238095238095238,0.0,1.0,0.0
0.2042857142857143,0.001507936507936508,39.06567105552369,0.5806158719309845,seen,42013,19d25a769a14e547b3486b08fee4da5d6cf225298ec5196cc0777b2f3ad0b9be,scn2_structured_env42013,structured,0.25473700864555715,7.591122229666948,0.2647296642402221,wm_residual_rl,31000.0,0.06969744148357733,2,0.02,0.0,1.0,0.0
0.21142857142857144,0.001507936507936508,39.057735391371594,0.5626697820711963,seen,42013,19d25a769a14e547b3486b08fee4da5d6cf225298ec5196cc0777b2f3ad0b9be,scn2_structured_env42013,structured,0.2540140244027461,7.602453391487972,0.2647296642402221,wm_residual_rl,31001.0,0.07080635255177518,2,0.024285714285714285,0.0,1.0,0.0
0.20095238095238097,0.001507936507936508,38.95757820172856,0.48190595010286125,seen,42013,19d25a769a14e547b3486b08fee4da5d6cf225298ec5196cc0777b2f3ad0b9be,scn2_structured_env42013,structured,0.25427794384647906,7.582882519612902,0.2647296642402221,wm_residual_rl,31002.0,0.07034350473013434,2,0.018571428571428572,0.0,1.0,0.0
0.21047619047619048,0.001507936507936508,39.01692212330054,0.5387185560857395,seen,42013,19d25a769a14e547b3486b08fee4da5d6cf225298ec5196cc0777b2f3ad0b9be,scn2_structured_env42013,structured,0.25379446263881805,7.565655194464974,0.2647296642402221,wm_residual_rl,31003.0,0.06954454491964264,2,0.015714285714285715,0.0,1.0,0.0
0.20333333333333334,0.001507936507936508,39.0349586686028,0.5390396394569354,seen,42013,19d25a769a14e547b3486b08fee4da5d6cf225298ec5196cc0777b2f3ad0b9be,scn2_structured_env42013,structured,0.25446928853412676,7.56175402104471,0.2647296642402221,wm_residual_rl,31004.0,0.06929563779750243,2,0.013333333333333334,0.0,1.0,0.0
0.19333333333333333,0.0012698412698412698,38.11384198047184,0.0,seen,42014,00b339a870b56673a920b214cbe90543aeeb11763da3e9bc4d2f00c56ac35f41,scn2_structured_env42014,structured,0.3245090343621121,7.219728276831536,0.3937884259965902,smc,,0.15575633294446337,2,0.018095238095238095,0.0,1.0,0.0
0.25952380952380955,7.936507936507937e-05,39.462382924699064,1.0,seen,42014,00b339a870b56673a920b214cbe90543aeeb11763da3e9bc4d2f00c56ac35f41,scn2_structured_env42014,structured,0.2533674372071035,6.935949094497921,0.26477609503859484,mpc,,0.0703859023541993,2,0.014761904761904763,0.0,1.0,0.0
0.20761904761904762,0.0012698412698412698,39.08139311659959,0.5932797619047617,seen,42014,00b339a870b56673a920b214cbe90543aeeb11763da3e9bc4d2f00c56ac35f41,scn2_structured_env42014,structured,0.2532490946574343,7.466850666355123,0.27348812209319207,constant_alpha,,0.07090976371691228,2,0.016666666666666666,0.0,1.0,0.0
0.24857142857142858,0.0012698412698412698,39.2712900710023,0.8877856862468704,seen,42014,00b339a870b56673a920b214cbe90543aeeb11763da3e9bc4d2f00c56ac35f41,scn2_structured_env42014,structured,0.25333257948616617,7.211984827234428,0.2755878674849638,sspo,,0.06484805404193446,2,0.01904761904761905,0.0,1.0,0.0
0.2480952380952381,0.0012698412698412698,39.30845051705911,0.8353421136693372,seen,42014,00b339a870b56673a920b214cbe90543aeeb11763da3e9bc4d2f00c56ac35f41,scn2_structured_env42014,structured,0.25381418532996336,6.942574599296958,0.27698046390462083,v3_transformer,31000.0,0.06590968822670212,2,0.014285714285714285,0.0,1.0,0.0
0.24761904761904763,0.0012698412698412698,39.29149095291005,0.8434789860377871,seen,42014,00b339a870b56673a920b214cbe90543aeeb11763da3e9bc4d2f00c56ac35f41,scn2_structured_env42014,structured,0.2538263360043025,7.015981213866127,0.2748564177385053,v3_transformer,31001.0,0.06478746941753123,2,0.015238095238095238,0.0,1.0,0.0
0.24761904761904763,0.0012698412698412698,39.300657748627565,0.8393903369687037,seen,42014,00b339a870b56673a920b214cbe90543aeeb11763da3e9bc4d2f00c56ac35f41,scn2_structured_env42014,structured,0.2537559065904198,6.929880683260398,0.2754794789043939,v3_transformer,31002.0,0.0656833522749776,2,0.011428571428571429,0.0,1.0,0.0
0.24666666666666667,0.0012698412698412698,39.28505345161385,0.860775343830503,seen,42014,00b339a870b56673a920b214cbe90543aeeb11763da3e9bc4d2f00c56ac35f41,scn2_structured_env42014,structured,0.25371958113864124,6.988958866573827,0.2757144694706742,v3_transformer,31003.0,0.06551081453561053,2,0.015714285714285715,0.0,1.0,0.0
0.24761904761904763,0.0012698412698412698,39.30618203607478,0.8469247845234833,seen,42014,00b339a870b56673a920b214cbe90543aeeb11763da3e9bc4d2f00c56ac35f41,scn2_structured_env42014,structured,0.2535758209271644,6.907801203553821,0.27648810018997666,v3_transformer,31004.0,0.06596393206186645,2,0.012380952380952381,0.0,1.0,0.0
0.24857142857142858,0.0012698412698412698,39.30944737348614,0.8335968511639993,seen,42014,00b339a870b56673a920b214cbe90543aeeb11763da3e9bc4d2f00c56ac35f41,scn2_structured_env42014,structured,0.2538106764389636,6.935105229459797,0.27698046390462083,wm_hybrid,31000.0,0.0659834032070974,2,0.01619047619047619,0.0,1.0,0.049523809523809526
0.2480952380952381,0.0012698412698412698,39.29172285172905,0.8420701831607291,seen,42014,00b339a870b56673a920b214cbe90543aeeb11763da3e9bc4d2f00c56ac35f41,scn2_structured_env42014,structured,0.25382208623434366,7.011326521562338,0.2750969566505669,wm_hybrid,31001.0,0.06488922883128505,2,0.012857142857142857,0.0,1.0,0.049523809523809526
0.2480952380952381,0.0012698412698412698,39.30341106696112,0.8379039923046946,seen,42014,00b339a870b56673a920b214cbe90543aeeb11763da3e9bc4d2f00c56ac35f41,scn2_structured_env42014,structured,0.25375348708350015,6.915714476133707,0.2758646519237342,wm_hybrid,31002.0,0.06590453980473733,2,0.014761904761904763,0.0,1.0,0.049523809523809526
0.24714285714285714,0.0012698412698412698,39.28623773985353,0.8580696635864565,seen,42014,00b339a870b56673a920b214cbe90543aeeb11763da3e9bc4d2f00c56ac35f41,scn2_structured_env42014,structured,0.2537152815535364,6.981661637258673,0.2759583976624252,wm_hybrid,31003.0,0.06562818616385202,2,0.02142857142857143,0.0,1.0,0.049523809523809526
0.2480952380952381,0.0012698412698412698,39.30801498611059,0.8439695834511746,seen,42014,00b339a870b56673a920b214cbe90543aeeb11763da3e9bc4d2f00c56ac35f41,scn2_structured_env42014,structured,0.2535722195910657,6.8962520908036495,0.27648810018997666,wm_hybrid,31004.0,0.06605915393385936,2,0.021904761904761906,0.0,1.0,0.049523809523809526
0.21,0.0012698412698412698,39.04233015105031,0.5793635112049595,seen,42014,00b339a870b56673a920b214cbe90543aeeb11763da3e9bc4d2f00c56ac35f41,scn2_structured_env42014,structured,0.2532804082735028,7.4565031386867675,0.27348812209319207,residual_rl,31000.0,0.07061303380273502,2,0.018095238095238095,0.0,1.0,0.0
0.20285714285714285,0.0012698412698412698,39.005320917067394,0.5641002191975979,seen,42014,00b339a870b56673a920b214cbe90543aeeb11763da3e9bc4d2f00c56ac35f41,scn2_structured_env42014,structured,0.25503768907109386,7.448862490645883,0.27348812209319207,residual_rl,31001.0,0.07051576099898141,2,0.015238095238095238,0.0,1.0,0.0
0.20238095238095238,0.0012698412698412698,38.974647786717256,0.5217790674868961,seen,42014,00b339a870b56673a920b214cbe90543aeeb11763da3e9bc4d2f00c56ac35f41,scn2_structured_env42014,structured,0.2540857006749302,7.497031929502347,0.27348812209319207,residual_rl,31002.0,0.07279087331447631,2,0.02142857142857143,0.0,1.0,0.0
0.20238095238095238,0.0012698412698412698,39.014756768668725,0.5603852270424312,seen,42014,00b339a870b56673a920b214cbe90543aeeb11763da3e9bc4d2f00c56ac35f41,scn2_structured_env42014,structured,0.255020506841646,7.448075832541177,0.27348812209319207,residual_rl,31003.0,0.07053517658752377,2,0.020476190476190478,0.0,1.0,0.0
0.20285714285714285,0.0012698412698412698,38.96775483789641,0.5075891965945577,seen,42014,00b339a870b56673a920b214cbe90543aeeb11763da3e9bc4d2f00c56ac35f41,scn2_structured_env42014,structured,0.2544657739543537,7.4643074642757545,0.27348812209319207,residual_rl,31004.0,0.07171154471135543,2,0.017619047619047618,0.0,1.0,0.0
0.20333333333333334,0.0012698412698412698,39.048782165961455,0.5809046749480338,seen,42014,00b339a870b56673a920b214cbe90543aeeb11763da3e9bc4d2f00c56ac35f41,scn2_structured_env42014,structured,0.25417563837943974,7.482374812353208,0.27348812209319207,wm_residual_rl,31000.0,0.07132795982739501,2,0.023809523809523808,0.0,1.0,0.0
0.21047619047619048,0.0012698412698412698,39.038768241892335,0.5612912733074663,seen,42014,00b339a870b56673a920b214cbe90543aeeb11763da3e9bc4d2f00c56ac35f41,scn2_structured_env42014,structured,0.25351574932753124,7.494712387023499,0.27348812209319207,wm_residual_rl,31001.0,0.07258706900091791,2,0.010952380952380953,0.0,1.0,0.0
0.20238095238095238,0.0012698412698412698,38.93468598096057,0.4820831577740505,seen,42014,00b339a870b56673a920b214cbe90543aeeb11763da3e9bc4d2f00c56ac35f41,scn2_structured_env42014,structured,0.2537459053129503,7.479540388934577,0.27348812209319207,wm_residual_rl,31002.0,0.07196384103559803,2,0.015714285714285715,0.0,1.0,0.0
0.2061904761904762,0.0012698412698412698,38.99513142618554,0.5385540676450752,seen,42014,00b339a870b56673a920b214cbe90543aeeb11763da3e9bc4d2f00c56ac35f41,scn2_structured_env42014,structured,0.25326537974214874,7.458865649110133,0.27348812209319207,wm_residual_rl,31003.0,0.07106391098785195,2,0.01904761904761905,0.0,1.0,0.0
0.20285714285714285,0.0012698412698412698,39.0137079487194,0.5392665290189353,seen,42014,00b339a870b56673a920b214cbe90543aeeb11763da3e9bc4d2f00c56ac35f41,scn2_structured_env42014,structured,0.25403133058775823,7.4553283403871715,0.27348812209319207,wm_residual_rl,31004.0,0.07077742431588323,2,0.014761904761904763,0.0,1.0,0.0
0.19095238095238096,0.00126984126984127,37.86759941710762,0.0,seen,42015,9064d2f15d472051bc0060b9b51d684eb1850c7c89f4ecc6242c579c6e190240,scn2_structured_env42015,structured,0.3117066840224624,7.161360372792143,0.3606681002681354,smc,,0.14928493419273195,2,0.023809523809523808,0.0,1.0,0.0
0.25523809523809526,0.0,39.286220324011566,1.0,seen,42015,9064d2f15d472051bc0060b9b51d684eb1850c7c89f4ecc6242c579c6e190240,scn2_structured_env42015,structured,0.25430505403903747,6.921738229917586,0.25430505403903747,mpc,,0.06652658778147624,2,0.02,0.0,1.0,0.0
0.20333333333333334,0.00126984126984127,38.94012457420926,0.5932797619047617,seen,42015,9064d2f15d472051bc0060b9b51d684eb1850c7c89f4ecc6242c579c6e190240,scn2_structured_env42015,structured,0.2532111816728408,7.431257503404535,0.2532111816728408,constant_alpha,,0.06508131636429651,2,0.007619047619047619,0.0,1.0,0.0
0.24904761904761905,0.00126984126984127,39.131369721874954,0.8883810947824434,seen,42015,9064d2f15d472051bc0060b9b51d684eb1850c7c89f4ecc6242c579c6e190240,scn2_structured_env42015,structured,0.2539299292221359,7.186315756366257,0.2539299292221359,sspo,,0.05716459175303129,2,0.014285714285714285,0.0,1.0,0.0
0.24857142857142858,0.00126984126984127,39.189661923906364,0.8375454584871987,seen,42015,9064d2f15d472051bc0060b9b51d684eb1850c7c89f4ecc6242c579c6e190240,scn2_structured_env42015,structured,0.2537628675774467,6.918054336006516,0.2537628675774467,v3_transformer,31000.0,0.05846494362021017,2,0.01,0.0,1.0,0.0
0.24761904761904763,0.00126984126984127,39.1410402103379,0.8469424990067124,seen,42015,9064d2f15d472051bc0060b9b51d684eb1850c7c89f4ecc6242c579c6e190240,scn2_structured_env42015,structured,0.2537768045407158,7.063144689784565,0.2537768045407158,v3_transformer,31001.0,0.05664603231044514,2,0.017619047619047618,0.0,1.0,0.0
0.24904761904761905,0.00126984126984127,39.19360655858602,0.8400272060692344,seen,42015,9064d2f15d472051bc0060b9b51d684eb1850c7c89f4ecc6242c579c6e190240,scn2_structured_env42015,structured,0.25444838489640603,6.873425528282803,0.25444838489640603,v3_transformer,31002.0,0.05862282161691463,2,0.013333333333333334,0.0,1.0,0.0
0.24571428571428572,0.00126984126984127,39.14677363850531,0.8655104516265865,seen,42015,9064d2f15d472051bc0060b9b51d684eb1850c7c89f4ecc6242c579c6e190240,scn2_structured_env42015,structured,0.25479305748348113,6.94400454688233,0.25479305748348113,v3_transformer,31003.0,0.05784954206582865,2,0.014761904761904763,0.0,1.0,0.0
0.24714285714285714,0.00126984126984127,39.15616467815205,0.8503199398816721,seen,42015,9064d2f15d472051bc0060b9b51d684eb1850c7c89f4ecc6242c579c6e190240,scn2_structured_env42015,structured,0.2535632095972555,6.968115984682612,0.2535632095972555,v3_transformer,31004.0,0.05801771513250574,2,0.012857142857142857,0.0,1.0,0.0
0.24857142857142858,0.00126984126984127,39.18879493265071,0.8361292194483269,seen,42015,9064d2f15d472051bc0060b9b51d684eb1850c7c89f4ecc6242c579c6e190240,scn2_structured_env42015,structured,0.2538046792395565,6.904323366561762,0.2538046792395565,wm_hybrid,31000.0,0.05856540272762744,2,0.010476190476190476,0.0,1.0,0.049523809523809526
0.24904761904761905,0.00126984126984127,39.13679524177071,0.8469821808634052,seen,42015,9064d2f15d472051bc0060b9b51d684eb1850c7c89f4ecc6242c579c6e190240,scn2_structured_env42015,structured,0.25458336547364163,7.06305700205866,0.25458336547364163,wm_hybrid,31001.0,0.05659859313306464,2,0.02,0.0,1.0,0.049523809523809526
0.24952380952380954,0.00126984126984127,39.19604690662174,0.8392897636864919,seen,42015,9064d2f15d472051bc0060b9b51d684eb1850c7c89f4ecc6242c579c6e190240,scn2_structured_env42015,structured,0.25443911988383455,6.863090920852571,0.25443911988383455,wm_hybrid,31002.0,0.05876437644927371,2,0.014761904761904763,0.0,1.0,0.049523809523809526
0.24666666666666667,0.00126984126984127,39.152949544314026,0.8599677836012802,seen,42015,9064d2f15d472051bc0060b9b51d684eb1850c7c89f4ecc6242c579c6e190240,scn2_structured_env42015,structured,0.2538185506208157,6.9210262424415445,0.2538185506208157,wm_hybrid,31003.0,0.058229462333154736,2,0.024761904761904763,0.0,1.0,0.049523809523809526
0.24714285714285714,0.00126984126984127,39.15774703033392,0.8473002290495221,seen,42015,9064d2f15d472051bc0060b9b51d684eb1850c7c89f4ecc6242c579c6e190240,scn2_structured_env42015,structured,0.25357147478625264,6.952013322070557,0.25357147478625264,wm_hybrid,31004.0,0.05809051008294458,2,0.01904761904761905,0.0,1.0,0.049523809523809526
0.20666666666666667,0.00126984126984127,38.90245894503427,0.5796286634874438,seen,42015,9064d2f15d472051bc0060b9b51d684eb1850c7c89f4ecc6242c579c6e190240,scn2_structured_env42015,structured,0.25320237688652325,7.4198172677392416,0.25320237688652325,residual_rl,31000.0,0.06458848531853467,2,0.015714285714285715,0.0,1.0,0.0
0.19714285714285715,0.00126984126984127,38.86653450968748,0.5643135570671042,seen,42015,9064d2f15d472051bc0060b9b51d684eb1850c7c89f4ecc6242c579c6e190240,scn2_structured_env42015,structured,0.25504372055788116,7.413757974289998,0.25504372055788116,residual_rl,31001.0,0.06454074555746378,2,0.023809523809523808,0.0,1.0,0.0
0.1957142857142857,0.00126984126984127,38.83418391946386,0.5226170915647331,seen,42015,9064d2f15d472051bc0060b9b51d684eb1850c7c89f4ecc6242c579c6e190240,scn2_structured_env42015,structured,0.25413300502607233,7.461714288440253,0.25413300502607233,residual_rl,31002.0,0.06711025397205195,2,0.017142857142857144,0.0,1.0,0.0
0.19666666666666666,0.00126984126984127,38.875936119037554,0.5604706982994366,seen,42015,9064d2f15d472051bc0060b9b51d684eb1850c7c89f4ecc6242c579c6e190240,scn2_structured_env42015,structured,0.25492468944960944,7.412367841364228,0.25492468944960944,residual_rl,31003.0,0.06454996804884852,2,0.02,0.0,1.0,0.0
0.19714285714285715,0.00126984126984127,38.830201912236774,0.5079857125676344,seen,42015,9064d2f15d472051bc0060b9b51d684eb1850c7c89f4ecc6242c579c6e190240,scn2_structured_env42015,structured,0.254468591463583,7.427869006824695,0.254468591463583,residual_rl,31004.0,0.06595416027275444,2,0.024285714285714285,0.0,1.0,0.0
0.1976190476190476,0.00126984126984127,38.90333315906888,0.580001092171319,seen,42015,9064d2f15d472051bc0060b9b51d684eb1850c7c89f4ecc6242c579c6e190240,scn2_structured_env42015,structured,0.2542959973015748,7.445854783343835,0.2542959973015748,wm_residual_rl,31000.0,0.06529920899848349,2,0.02,0.0,1.0,0.0
0.20714285714285716,0.00126984126984127,38.89574883984787,0.561910103277904,seen,42015,9064d2f15d472051bc0060b9b51d684eb1850c7c89f4ecc6242c579c6e190240,scn2_structured_env42015,structured,0.25354860644667626,7.4591658060954815,0.25354860644667626,wm_residual_rl,31001.0,0.06687759998756931,2,0.015714285714285715,0.0,1.0,0.0
0.1961904761904762,0.00126984126984127,38.798683427596636,0.48315475001026104,seen,42015,9064d2f15d472051bc0060b9b51d684eb1850c7c89f4ecc6242c579c6e190240,scn2_structured_env42015,structured,0.2537955004467736,7.448698573214891,0.2537955004467736,wm_residual_rl,31002.0,0.0663521088633484,2,0.012857142857142857,0.0,1.0,0.0
0.20523809523809525,0.00126984126984127,38.85741997447604,0.5390037359011464,seen,42015,9064d2f15d472051bc0060b9b51d684eb1850c7c89f4ecc6242c579c6e190240,scn2_structured_env42015,structured,0.25330226790508586,7.422704229322523,0.25330226790508586,wm_residual_rl,31003.0,0.06505743156651211,2,0.016666666666666666,0.0,1.0,0.0
0.1976190476190476,0.00126984126984127,38.874073239802165,0.5392124594086297,seen,42015,9064d2f15d472051bc0060b9b51d684eb1850c7c89f4ecc6242c579c6e190240,scn2_structured_env42015,structured,0.2540401017901326,7.419774080510564,0.2540401017901326,wm_residual_rl,31004.0,0.06482878366808831,2,0.016666666666666666,0.0,1.0,0.0
0.19238095238095237,0.001349206349206349,38.055317359941476,0.0,seen,42016,b2771a4e21554d05ea5f730601da4ff50a4ae9465930e12de2320ed4a7a8bb79,scn2_structured_env42016,structured,0.30379350503000335,7.186875184604807,0.3838091653924981,smc,,0.15304694756151718,2,0.016666666666666666,0.0,1.0,0.0
0.25857142857142856,0.00015873015873015873,39.41415679587454,1.0,seen,42016,b2771a4e21554d05ea5f730601da4ff50a4ae9465930e12de2320ed4a7a8bb79,scn2_structured_env42016,structured,0.25316526499914205,6.931173627728664,0.256541144193179,mpc,,0.06924448429643476,2,0.012380952380952381,0.0,1.0,0.0
0.20714285714285716,0.001349206349206349,39.040692082701774,0.5932797619047617,seen,42016,b2771a4e21554d05ea5f730601da4ff50a4ae9465930e12de2320ed4a7a8bb79,scn2_structured_env42016,structured,0.25339649900336275,7.457479822187112,0.2566665192877637,constant_alpha,,0.06897925567542204,2,0.02142857142857143,0.0,1.0,0.0
0.24857142857142858,0.001349206349206349,39.23992227860132,0.8866246033429636,seen,42016,b2771a4e21554d05ea5f730601da4ff50a4ae9465930e12de2320ed4a7a8bb79,scn2_structured_env42016,structured,0.2530881186028988,7.194958472336591,0.2590746459986904,sspo,,0.062438961357126184,2,0.017619047619047618,0.0,1.0,0.0
0.24904761904761905,0.001349206349206349,39.28443937673341,0.8367435811500801,seen,42016,b2771a4e21554d05ea5f730601da4ff50a4ae9465930e12de2320ed4a7a8bb79,scn2_structured_env42016,structured,0.2537301722455445,6.9298128890667305,0.26058800303828084,v3_transformer,31000.0,0.06350874679723181,2,0.017619047619047618,0.0,1.0,0.0
0.24904761904761905,0.001349206349206349,39.25407725468808,0.8427559560991408,seen,42016,b2771a4e21554d05ea5f730601da4ff50a4ae9465930e12de2320ed4a7a8bb79,scn2_structured_env42016,structured,0.25374754288549234,7.016177059170497,0.2581883597119662,v3_transformer,31001.0,0.06222496786767467,2,0.02238095238095238,0.0,1.0,0.0
0.24904761904761905,0.001349206349206349,39.278611752082874,0.8382403584333561,seen,42016,b2771a4e21554d05ea5f730601da4ff50a4ae9465930e12de2320ed4a7a8bb79,scn2_structured_env42016,structured,0.25364430355306056,6.890960606338918,0.259563857537437,v3_transformer,31002.0,0.06348042995695259,2,0.015714285714285715,0.0,1.0,0.0
0.24857142857142858,0.001349206349206349,39.256175622354384,0.8609826871085814,seen,42016,b2771a4e21554d05ea5f730601da4ff50a4ae9465930e12de2320ed4a7a8bb79,scn2_structured_env42016,structured,0.25357109935845434,6.955099396939106,0.25967369355051007,v3_transformer,31003.0,0.06336008870284081,2,0.024285714285714285,0.0,1.0,0.0
0.24904761904761905,0.001349206349206349,39.2724814267044,0.845956293952981,seen,42016,b2771a4e21554d05ea5f730601da4ff50a4ae9465930e12de2320ed4a7a8bb79,scn2_structured_env42016,structured,0.25346404807548456,6.898653640014076,0.2602833476880522,v3_transformer,31004.0,0.06352112532180952,2,0.020476190476190478,0.0,1.0,0.0
0.24952380952380954,0.001349206349206349,39.285202768165064,0.8357544211163397,seen,42016,b2771a4e21554d05ea5f730601da4ff50a4ae9465930e12de2320ed4a7a8bb79,scn2_structured_env42016,structured,0.2537339649918808,6.919234280973858,0.2605875619501111,wm_hybrid,31000.0,0.06358798215213586,2,0.014761904761904763,0.0,1.0,0.049523809523809526
0.24904761904761905,0.001349206349206349,39.254521090334144,0.8407762782619596,seen,42016,b2771a4e21554d05ea5f730601da4ff50a4ae9465930e12de2320ed4a7a8bb79,scn2_structured_env42016,structured,0.25375066747611585,7.012323818736025,0.25846480762274215,wm_hybrid,31001.0,0.062340525276773195,2,0.027142857142857142,0.0,1.0,0.049523809523809526
0.24904761904761905,0.001349206349206349,39.28298514991896,0.8371208584979078,seen,42016,b2771a4e21554d05ea5f730601da4ff50a4ae9465930e12de2320ed4a7a8bb79,scn2_structured_env42016,structured,0.2536505711019693,6.880721743880807,0.2598521414816328,wm_hybrid,31002.0,0.06365010764021159,2,0.011428571428571429,0.0,1.0,0.049523809523809526
0.24857142857142858,0.001349206349206349,39.25828688903833,0.8583435189074472,seen,42016,b2771a4e21554d05ea5f730601da4ff50a4ae9465930e12de2320ed4a7a8bb79,scn2_structured_env42016,structured,0.25356566898484345,6.942764745140763,0.2599620573706074,wm_hybrid,31003.0,0.06352167808831354,2,0.011904761904761904,0.0,1.0,0.049523809523809526
0.24904761904761905,0.001349206349206349,39.27453597488953,0.8429973869994577,seen,42016,b2771a4e21554d05ea5f730601da4ff50a4ae9465930e12de2320ed4a7a8bb79,scn2_structured_env42016,structured,0.25346182644008114,6.8851555536672056,0.26028296349626245,wm_hybrid,31004.0,0.06362523935103662,2,0.021904761904761906,0.0,1.0,0.049523809523809526
0.20952380952380953,0.001349206349206349,39.02504447482178,0.5837368852233721,seen,42016,b2771a4e21554d05ea5f730601da4ff50a4ae9465930e12de2320ed4a7a8bb79,scn2_structured_env42016,structured,0.2556533164415116,7.437058361226376,0.2566665192877637,residual_rl,31000.0,0.06818873605088105,2,0.015238095238095238,0.0,1.0,0.0
0.2042857142857143,0.001349206349206349,38.96520544905059,0.5642423468773933,seen,42016,b2771a4e21554d05ea5f730601da4ff50a4ae9465930e12de2320ed4a7a8bb79,scn2_structured_env42016,structured,0.255111680767241,7.439755786125299,0.2566666403470589,residual_rl,31001.0,0.06850992526016467,2,0.027142857142857142,0.0,1.0,0.0
0.20285714285714285,0.001349206349206349,38.932974783324966,0.5224943382701568,seen,42016,b2771a4e21554d05ea5f730601da4ff50a4ae9465930e12de2320ed4a7a8bb79,scn2_structured_env42016,structured,0.2541679164679132,7.487681455755487,0.2566665192877637,residual_rl,31002.0,0.07089999406845403,2,0.018571428571428572,0.0,1.0,0.0
0.20285714285714285,0.001349206349206349,38.97385665402415,0.5607710963764133,seen,42016,b2771a4e21554d05ea5f730601da4ff50a4ae9465930e12de2320ed4a7a8bb79,scn2_structured_env42016,structured,0.2552030200005624,7.438493261257641,0.25666662681234986,residual_rl,31003.0,0.06853621065187733,2,0.018571428571428572,0.0,1.0,0.0
0.20285714285714285,0.001349206349206349,38.92699139603222,0.5082828490659579,seen,42016,b2771a4e21554d05ea5f730601da4ff50a4ae9465930e12de2320ed4a7a8bb79,scn2_structured_env42016,structured,0.25453643357211586,7.454561130075394,0.2566665192877637,residual_rl,31004.0,0.0697809467941233,2,0.013333333333333334,0.0,1.0,0.0
0.2038095238095238,0.001349206349206349,39.014093215871036,0.5800821750170352,seen,42016,b2771a4e21554d05ea5f730601da4ff50a4ae9465930e12de2320ed4a7a8bb79,scn2_structured_env42016,structured,0.2563062110270049,7.466656026331737,0.2566665192877637,wm_residual_rl,31000.0,0.06906662515015138,2,0.017619047619047618,0.0,1.0,0.0
0.21,0.001349206349206349,38.996342724281604,0.5618304173646952,seen,42016,b2771a4e21554d05ea5f730601da4ff50a4ae9465930e12de2320ed4a7a8bb79,scn2_structured_env42016,structured,0.25363538060049506,7.485188902663005,0.2566665192877637,wm_residual_rl,31001.0,0.07068852739664383,2,0.009523809523809525,0.0,1.0,0.0
0.2038095238095238,0.001349206349206349,38.92576442026988,0.4837778396562284,seen,42016,b2771a4e21554d05ea5f730601da4ff50a4ae9465930e12de2320ed4a7a8bb79,scn2_structured_env42016,structured,0.25612466830603964,7.4573310727452355,0.2566665500281449,wm_residual_rl,31002.0,0.06939526838175286,2,0.017142857142857144,0.0,1.0,0.0
0.20809523809523808,0.001349206349206349,38.98556662009216,0.5389930702028756,seen,42016,b2771a4e21554d05ea5f730601da4ff50a4ae9465930e12de2320ed4a7a8bb79,scn2_structured_env42016,structured,0.25557053119287976,7.435995992390658,0.2566665192877637,wm_residual_rl,31003.0,0.0684031449195912,2,0.01619047619047619,0.0,1.0,0.0
0.2042857142857143,0.001349206349206349,38.985027858828644,0.5386521507201562,seen,42016,b2771a4e21554d05ea5f730601da4ff50a4ae9465930e12de2320ed4a7a8bb79,scn2_structured_env42016,structured,0.2560328509069612,7.438740968991891,0.2566665775947787,wm_residual_rl,31004.0,0.06842354739077343,2,0.017142857142857144,0.0,1.0,0.0
0.18666666666666668,0.001349206349206349,38.19367203440967,0.0,seen,42017,01a8a87672c1a0af01571d0fc32780b1deffdb2c1de847dc2209b35cb0c4a944,scn2_structured_env42017,structured,0.31275234697647897,7.2296094493461505,0.4029587291668487,smc,,0.15736544721785578,2,0.014285714285714285,0.0,1.0,0.0
0.2571428571428571,0.00031746031746031746,39.50102122046612,1.0,seen,42017,01a8a87672c1a0af01571d0fc32780b1deffdb2c1de847dc2209b35cb0c4a944,scn2_structured_env42017,structured,0.25478530188608584,6.930543387988263,0.28081910709088836,mpc,,0.07168587756324742,2,0.016666666666666666,0.0,1.0,0.0
0.21095238095238095,0.001349206349206349,39.167438125318824,0.5932797619047617,seen,42017,01a8a87672c1a0af01571d0fc32780b1deffdb2c1de847dc2209b35cb0c4a944,scn2_structured_env42017,structured,0.2547910700250228,7.467432222703084,0.29040009165450265,constant_alpha,,0.07236881421172353,2,0.02095238095238095,0.0,1.0,0.0
0.24714285714285714,0.001349206349206349,39.295082469834625,0.8895419801335613,seen,42017,01a8a87672c1a0af01571d0fc32780b1deffdb2c1de847dc2209b35cb0c4a944,scn2_structured_env42017,structured,0.2542724796715988,7.234922219039906,0.2920254895587277,sspo,,0.0672210420562481,2,0.02761904761904762,0.0,1.0,0.0
0.24666666666666667,0.001349206349206349,39.32859960979186,0.8384366785677334,seen,42017,01a8a87672c1a0af01571d0fc32780b1deffdb2c1de847dc2209b35cb0c4a944,scn2_structured_env42017,structured,0.25464441551201145,6.970214002660164,0.29323705275336404,v3_transformer,31000.0,0.06821482973546385,2,0.011428571428571429,0.0,1.0,0.0
0.24761904761904763,0.001349206349206349,39.31422426078955,0.848109407308008,seen,42017,01a8a87672c1a0af01571d0fc32780b1deffdb2c1de847dc2209b35cb0c4a944,scn2_structured_env42017,structured,0.25545291181442636,7.0329944385293395,0.29166740141284037,v3_transformer,31001.0,0.06731742989190012,2,0.02095238095238095,0.0,1.0,0.0
0.24714285714285714,0.001349206349206349,39.32391315174313,0.8414896014098645,seen,42017,01a8a87672c1a0af01571d0fc32780b1deffdb2c1de847dc2209b35cb0c4a944,scn2_structured_env42017,structured,0.25507541457047217,6.957672599264721,0.2919872685648093,v3_transformer,31002.0,0.06798835294946406,2,0.018571428571428572,0.0,1.0,0.0
0.24714285714285714,0.001349206349206349,39.30735960562865,0.8626062639650898,seen,42017,01a8a87672c1a0af01571d0fc32780b1deffdb2c1de847dc2209b35cb0c4a944,scn2_structured_env42017,structured,0.2549265287491277,7.025604447904728,0.2918895448616468,v3_transformer,31003.0,0.06765507193548785,2,0.017619047619047618,0.0,1.0,0.0
0.24619047619047618,0.001349206349206349,39.32795436294035,0.8507473796827177,seen,42017,01a8a87672c1a0af01571d0fc32780b1deffdb2c1de847dc2209b35cb0c4a944,scn2_structured_env42017,structured,0.254483954513205,6.9370148024324,0.29302039056389434,v3_transformer,31004.0,0.06837474568067063,2,0.018095238095238095,0.0,1.0,0.0
0.24714285714285714,0.001349206349206349,39.33037121901005,0.8368807472238204,seen,42017,01a8a87672c1a0af01571d0fc32780b1deffdb2c1de847dc2209b35cb0c4a944,scn2_structured_env42017,structured,0.2546828339119504,6.961202215657208,0.29323705275336404,wm_hybrid,31000.0,0.06828584364031272,2,0.024761904761904763,0.0,1.0,0.049523809523809526
0.2480952380952381,0.001349206349206349,39.31528913219032,0.8456707190480429,seen,42017,01a8a87672c1a0af01571d0fc32780b1deffdb2c1de847dc2209b35cb0c4a944,scn2_structured_env42017,structured,0.25527519833686285,7.027772181930887,0.29184753638451155,wm_hybrid,31001.0,0.06740619909982273,2,0.012857142857142857,0.0,1.0,0.049523809523809526
0.24714285714285714,0.001349206349206349,39.324338735302,0.839299457862193,seen,42017,01a8a87672c1a0af01571d0fc32780b1deffdb2c1de847dc2209b35cb0c4a944,scn2_structured_env42017,structured,0.2547087962806695,6.954121349002292,0.29221814767962223,wm_hybrid,31002.0,0.06812113230437186,2,0.02238095238095238,0.0,1.0,0.049523809523809526
0.24714285714285714,0.001349206349206349,39.30802273314889,0.8595893717107695,seen,42017,01a8a87672c1a0af01571d0fc32780b1deffdb2c1de847dc2209b35cb0c4a944,scn2_structured_env42017,structured,0.2547705624120559,7.023313821576992,0.2920714991559395,wm_hybrid,31003.0,0.06774803922220483,2,0.012857142857142857,0.0,1.0,0.049523809523809526
0.24619047619047618,0.001349206349206349,39.329877362327025,0.8479175100369741,seen,42017,01a8a87672c1a0af01571d0fc32780b1deffdb2c1de847dc2209b35cb0c4a944,scn2_structured_env42017,structured,0.2544779696987799,6.926645040509709,0.29302039056389434,wm_hybrid,31004.0,0.06843723163471338,2,0.018095238095238095,0.0,1.0,0.049523809523809526
0.2123809523809524,0.001349206349206349,39.10256464195025,0.5816331468895788,seen,42017,01a8a87672c1a0af01571d0fc32780b1deffdb2c1de847dc2209b35cb0c4a944,scn2_structured_env42017,structured,0.25392829379391,7.46012930772037,0.29040009165450265,residual_rl,31000.0,0.07228223782935851,2,0.015238095238095238,0.0,1.0,0.0
0.20666666666666667,0.001349206349206349,39.084419619365384,0.5648352349684712,seen,42017,01a8a87672c1a0af01571d0fc32780b1deffdb2c1de847dc2209b35cb0c4a944,scn2_structured_env42017,structured,0.2558440061409367,7.452966526602381,0.29040009165450265,residual_rl,31001.0,0.07216533832025283,2,0.017619047619047618,0.0,1.0,0.0
0.20523809523809525,0.001349206349206349,39.08176006931802,0.521945373308257,seen,42017,01a8a87672c1a0af01571d0fc32780b1deffdb2c1de847dc2209b35cb0c4a944,scn2_structured_env42017,structured,0.2556022649807315,7.491382265175876,0.29040009165450265,residual_rl,31002.0,0.07395054258253703,2,0.015238095238095238,0.0,1.0,0.0
0.20476190476190476,0.001349206349206349,39.088042589308955,0.5587434038490976,seen,42017,01a8a87672c1a0af01571d0fc32780b1deffdb2c1de847dc2209b35cb0c4a944,scn2_structured_env42017,structured,0.25598671201299883,7.45260252522672,0.29040009165450265,residual_rl,31003.0,0.0722266723049637,2,0.014761904761904763,0.0,1.0,0.0
0.2061904761904762,0.001349206349206349,39.07110762858746,0.507394630528058,seen,42017,01a8a87672c1a0af01571d0fc32780b1deffdb2c1de847dc2209b35cb0c4a944,scn2_structured_env42017,structured,0.2555520145481857,7.459634101839388,0.29040009165450265,residual_rl,31004.0,0.0729095636700612,2,0.01380952380952381,0.0,1.0,0.0
0.2057142857142857,0.001349206349206349,39.1291579508645,0.5785847222157132,seen,42017,01a8a87672c1a0af01571d0fc32780b1deffdb2c1de847dc2209b35cb0c4a944,scn2_structured_env42017,structured,0.2558411184401324,7.482405192320519,0.29040009165450265,wm_residual_rl,31000.0,0.07284455299354346,2,0.01619047619047619,0.0,1.0,0.0
0.21285714285714286,0.001349206349206349,39.13016973508461,0.5658724800553838,seen,42017,01a8a87672c1a0af01571d0fc32780b1deffdb2c1de847dc2209b35cb0c4a944,scn2_structured_env42017,structured,0.2550339707878186,7.4915126046162985,0.29040009165450265,wm_residual_rl,31001.0,0.07379581819650399,2,0.01619047619047619,0.0,1.0,0.0
0.2042857142857143,0.001349206349206349,39.01342683409471,0.4826581119333709,seen,42017,01a8a87672c1a0af01571d0fc32780b1deffdb2c1de847dc2209b35cb0c4a944,scn2_structured_env42017,structured,0.25463269737493116,7.476884311695357,0.29040009165450265,wm_residual_rl,31002.0,0.07332684251324886,2,0.021904761904761906,0.0,1.0,0.0
0.21142857142857144,0.001349206349206349,39.08930047244676,0.5405408903391671,seen,42017,01a8a87672c1a0af01571d0fc32780b1deffdb2c1de847dc2209b35cb0c4a944,scn2_structured_env42017,structured,0.25460263366651803,7.455706097715023,0.29040009165450265,wm_residual_rl,31003.0,0.07231924591353463,2,0.015714285714285715,0.0,1.0,0.0
0.20476190476190476,0.001349206349206349,39.07765517453474,0.5380988474623413,seen,42017,01a8a87672c1a0af01571d0fc32780b1deffdb2c1de847dc2209b35cb0c4a944,scn2_structured_env42017,structured,0.2546971105982494,7.458915632468666,0.29040009165450265,wm_residual_rl,31004.0,0.07244206479788542,2,0.015714285714285715,0.0,1.0,0.0
0.19,0.0010317460317460316,37.819142128675914,0.0,seen,42018,4980e941543cc40987c750fec24f247473785f1eaf86b730afb675718e9924d7,scn2_structured_env42018,structured,0.3202483814360085,7.136963749959679,0.35612224846681834,smc,,0.14798734567450159,2,0.02761904761904762,0.0,1.0,0.0
0.26,7.936507936507937e-05,39.34954903040362,1.0,seen,42018,4980e941543cc40987c750fec24f247473785f1eaf86b730afb675718e9924d7,scn2_structured_env42018,structured,0.2540088604391408,7.097838809622822,0.2540088604391408,mpc,,0.061844201296661724,2,0.021904761904761906,0.0,1.0,0.0
0.21142857142857144,0.0010317460317460316,38.969242169480786,0.5932797619047617,seen,42018,4980e941543cc40987c750fec24f247473785f1eaf86b730afb675718e9924d7,scn2_structured_env42018,structured,0.25482222771507035,7.495818206270824,0.25482222771507035,constant_alpha,,0.06197117597492035,2,0.01619047619047619,0.0,1.0,0.0
0.25047619047619046,0.0010317460317460316,39.121178308572375,0.889143008097089,seen,42018,4980e941543cc40987c750fec24f247473785f1eaf86b730afb675718e9924d7,scn2_structured_env42018,structured,0.25415025537015046,7.284037783640698,0.25415025537015046,sspo,,0.054437055191468256,2,0.018571428571428572,0.0,1.0,0.0
0.25,0.0010317460317460316,39.12873192678116,0.8416787253218715,seen,42018,4980e941543cc40987c750fec24f247473785f1eaf86b730afb675718e9924d7,scn2_structured_env42018,structured,0.2553347272416961,7.097538691097582,0.2553347272416961,v3_transformer,31000.0,0.054668430857503274,2,0.017619047619047618,0.0,1.0,0.0
0.25047619047619046,0.0010317460317460316,39.121511126042854,0.8503347811130161,seen,42018,4980e941543cc40987c750fec24f247473785f1eaf86b730afb675718e9924d7,scn2_structured_env42018,structured,0.2549793668086462,7.200627176967932,0.2549793668086462,v3_transformer,31001.0,0.05373449323567017,2,0.017142857142857144,0.0,1.0,0.0
0.25,0.0010317460317460316,39.121469659512634,0.8479984825190857,seen,42018,4980e941543cc40987c750fec24f247473785f1eaf86b730afb675718e9924d7,scn2_structured_env42018,structured,0.25491163795564575,7.138804592591059,0.25491163795564575,v3_transformer,31002.0,0.053708213194882067,2,0.01619047619047619,0.0,1.0,0.0
0.25,0.0010317460317460316,39.11396534015361,0.8695261094634175,seen,42018,4980e941543cc40987c750fec24f247473785f1eaf86b730afb675718e9924d7,scn2_structured_env42018,structured,0.2549512041210413,7.182004689698109,0.2549512041210413,v3_transformer,31003.0,0.0537964899284435,2,0.023333333333333334,0.0,1.0,0.0
0.24952380952380954,0.0010317460317460316,39.11829653255026,0.8562782884604593,seen,42018,4980e941543cc40987c750fec24f247473785f1eaf86b730afb675718e9924d7,scn2_structured_env42018,structured,0.25511503242174516,7.122972895703847,0.25511503242174516,v3_transformer,31004.0,0.054046080281581976,2,0.019523809523809523,0.0,1.0,0.0
0.25,0.0010317460317460316,39.12872467615054,0.8407460218995529,seen,42018,4980e941543cc40987c750fec24f247473785f1eaf86b730afb675718e9924d7,scn2_structured_env42018,structured,0.2553333031032339,7.09181797791465,0.2553333031032339,wm_hybrid,31000.0,0.05469980338658791,2,0.011428571428571429,0.0,1.0,0.049523809523809526
0.25047619047619046,0.0010317460317460316,39.12211011142366,0.8477551685481424,seen,42018,4980e941543cc40987c750fec24f247473785f1eaf86b730afb675718e9924d7,scn2_structured_env42018,structured,0.2549813375621717,7.198040804015295,0.2549813375621717,wm_hybrid,31001.0,0.05374827919885161,2,0.01619047619047619,0.0,1.0,0.049523809523809526
0.25,0.0010317460317460316,39.12161410222394,0.8472198382590167,seen,42018,4980e941543cc40987c750fec24f247473785f1eaf86b730afb675718e9924d7,scn2_structured_env42018,structured,0.2549072816787305,7.137501333097486,0.2549072816787305,wm_hybrid,31002.0,0.05371246908747721,2,0.01,0.0,1.0,0.049523809523809526
0.25,0.0010317460317460316,39.114366167261124,0.8676694749207632,seen,42018,4980e941543cc40987c750fec24f247473785f1eaf86b730afb675718e9924d7,scn2_structured_env42018,structured,0.25494670226360594,7.1797820597741415,0.25494670226360594,wm_hybrid,31003.0,0.053804675077165125,2,0.02666666666666667,0.0,1.0,0.049523809523809526
0.24952380952380954,0.0010317460317460316,39.11882769832638,0.8538694922502236,seen,42018,4980e941543cc40987c750fec24f247473785f1eaf86b730afb675718e9924d7,scn2_structured_env42018,structured,0.25511143618418164,7.117734840111183,0.25511143618418164,wm_hybrid,31004.0,0.05407324986402102,2,0.013333333333333334,0.0,1.0,0.049523809523809526
0.21523809523809523,0.0010317460317460316,38.93447451318719,0.5815456349138484,seen,42018,4980e941543cc40987c750fec24f247473785f1eaf86b730afb675718e9924d7,scn2_structured_env42018,structured,0.25487260934498407,7.482538468857832,0.25487260934498407,residual_rl,31000.0,0.061625119583321,2,0.020476190476190478,0.0,1.0,0.0
0.2061904761904762,0.0010317460317460316,38.89904826190142,0.5647775647313656,seen,42018,4980e941543cc40987c750fec24f247473785f1eaf86b730afb675718e9924d7,scn2_structured_env42018,structured,0.25639741117823184,7.477148715691595,0.25639741117823184,residual_rl,31001.0,0.061676845799453026,2,0.016666666666666666,0.0,1.0,0.0
0.20523809523809525,0.0010317460317460316,38.87268414917908,0.521780527136064,seen,42018,4980e941543cc40987c750fec24f247473785f1eaf86b730afb675718e9924d7,scn2_structured_env42018,structured,0.2558322190186444,7.5228484557696,0.2558322190186444,residual_rl,31002.0,0.06386301758959738,2,0.010952380952380953,0.0,1.0,0.0
0.2057142857142857,0.0010317460317460316,38.90549088115157,0.5588899632773963,seen,42018,4980e941543cc40987c750fec24f247473785f1eaf86b730afb675718e9924d7,scn2_structured_env42018,structured,0.2564586100409477,7.476301405113031,0.2564586100409477,residual_rl,31003.0,0.061713267134781286,2,0.024285714285714285,0.0,1.0,0.0
0.2057142857142857,0.0010317460317460316,38.870902705181706,0.5079415268566908,seen,42018,4980e941543cc40987c750fec24f247473785f1eaf86b730afb675718e9924d7,scn2_structured_env42018,structured,0.2558700101347953,7.487940905482941,0.2558700101347953,residual_rl,31004.0,0.06281758132845185,2,0.017619047619047618,0.0,1.0,0.0
0.20809523809523808,0.0010317460317460316,38.92836899271984,0.5786409662264229,seen,42018,4980e941543cc40987c750fec24f247473785f1eaf86b730afb675718e9924d7,scn2_structured_env42018,structured,0.25572331642046026,7.508303118148279,0.25572331642046026,wm_residual_rl,31000.0,0.06222783379363189,2,0.016666666666666666,0.0,1.0,0.0
0.21285714285714286,0.0010317460317460316,38.92604734856588,0.5641374384612893,seen,42018,4980e941543cc40987c750fec24f247473785f1eaf86b730afb675718e9924d7,scn2_structured_env42018,structured,0.255269451206204,7.521120546879132,0.255269451206204,wm_residual_rl,31001.0,0.0636133937127803,2,0.014285714285714285,0.0,1.0,0.0
0.2057142857142857,0.0010317460317460316,38.83944236207737,0.48368782059001675,seen,42018,4980e941543cc40987c750fec24f247473785f1eaf86b730afb675718e9924d7,scn2_structured_env42018,structured,0.2555296009451805,7.506426928412949,0.2555296009451805,wm_residual_rl,31002.0,0.06313465559340825,2,0.017619047619047618,0.0,1.0,0.0
0.2119047619047619,0.0010317460317460316,38.894466960156976,0.5397646772357595,seen,42018,4980e941543cc40987c750fec24f247473785f1eaf86b730afb675718e9924d7,scn2_structured_env42018,structured,0.25495736708112854,7.483338800829006,0.25495736708112854,wm_residual_rl,31003.0,0.061985357279464734,2,0.01619047619047619,0.0,1.0,0.0
0.20666666666666667,0.0010317460317460316,38.903325125274755,0.5381034400268466,seen,42018,4980e941543cc40987c750fec24f247473785f1eaf86b730afb675718e9924d7,scn2_structured_env42018,structured,0.2555999648625677,7.482525119797419,0.2555999648625677,wm_residual_rl,31004.0,0.06191775155204629,2,0.016666666666666666,0.0,1.0,0.0
0.1957142857142857,0.001111111111111111,37.879335054657226,0.0,seen,42019,41f45cdb2cc7e6c1a914540728a4e10f6ee9c223133f1d98117b52b3b6207540,scn2_structured_env42019,structured,0.3191506506227869,7.1642186732701365,0.3625998293621981,smc,,0.14961066084351088,2,0.02619047619047619,0.0,1.0,0.0
0.2557142857142857,0.00015873015873015873,39.32053722253213,1.0,seen,42019,41f45cdb2cc7e6c1a914540728a4e10f6ee9c223133f1d98117b52b3b6207540,scn2_structured_env42019,structured,0.2547064366717593,6.9579826484719804,0.2547064366717593,mpc,,0.0653169255105577,2,0.020476190476190478,0.0,1.0,0.0
0.21142857142857144,0.001111111111111111,38.97860185724926,0.5932797619047617,seen,42019,41f45cdb2cc7e6c1a914540728a4e10f6ee9c223133f1d98117b52b3b6207540,scn2_structured_env42019,structured,0.25432447955717113,7.4450412913385575,0.25432447955717113,constant_alpha,,0.06453705281273685,2,0.012857142857142857,0.0,1.0,0.0
0.24904761904761905,0.001111111111111111,39.141822119435695,0.8882207837308087,seen,42019,41f45cdb2cc7e6c1a914540728a4e10f6ee9c223133f1d98117b52b3b6207540,scn2_structured_env42019,structured,0.2538522942486583,7.213345381541766,0.2538522942486583,sspo,,0.057098280017087964,2,0.02238095238095238,0.0,1.0,0.0
0.24952380952380954,0.001111111111111111,39.179009966882816,0.8397982251828989,seen,42019,41f45cdb2cc7e6c1a914540728a4e10f6ee9c223133f1d98117b52b3b6207540,scn2_structured_env42019,structured,0.25436303767614404,6.9712082447748855,0.25436303767614404,v3_transformer,31000.0,0.05796376895148695,2,0.02,0.0,1.0,0.0
0.24714285714285714,0.001111111111111111,39.14525348580115,0.8482252111035323,seen,42019,41f45cdb2cc7e6c1a914540728a4e10f6ee9c223133f1d98117b52b3b6207540,scn2_structured_env42019,structured,0.2548663667947482,7.101872128449534,0.2548663667947482,v3_transformer,31001.0,0.05639254169621364,2,0.016666666666666666,0.0,1.0,0.0
0.24761904761904763,0.001111111111111111,39.166889048514406,0.8411898832223343,seen,42019,41f45cdb2cc7e6c1a914540728a4e10f6ee9c223133f1d98117b52b3b6207540,scn2_structured_env42019,structured,0.25473795141480254,6.917252039314394,0.25473795141480254,v3_transformer,31002.0,0.05813234210721064,2,0.015714285714285715,0.0,1.0,0.0
0.2480952380952381,0.001111111111111111,39.14856180680398,0.8666595080333852,seen,42019,41f45cdb2cc7e6c1a914540728a4e10f6ee9c223133f1d98117b52b3b6207540,scn2_structured_env42019,structured,0.25448094905283425,7.002963580801711,0.25448094905283425,v3_transformer,31003.0,0.05743007866357215,2,0.024285714285714285,0.0,1.0,0.0
0.2480952380952381,0.001111111111111111,39.154709261208055,0.8560129068091814,seen,42019,41f45cdb2cc7e6c1a914540728a4e10f6ee9c223133f1d98117b52b3b6207540,scn2_structured_env42019,structured,0.2546894981001308,7.00203493542598,0.2546894981001308,v3_transformer,31004.0,0.05739482365768717,2,0.015714285714285715,0.0,1.0,0.0
0.24904761904761905,0.001111111111111111,39.178313681687186,0.8384172519343892,seen,42019,41f45cdb2cc7e6c1a914540728a4e10f6ee9c223133f1d98117b52b3b6207540,scn2_structured_env42019,structured,0.2544031382025431,6.96023965638928,0.2544031382025431,wm_hybrid,31000.0,0.05802852194156816,2,0.014285714285714285,0.0,1.0,0.049523809523809526
0.24714285714285714,0.001111111111111111,39.14109189089,0.8489641451813739,seen,42019,41f45cdb2cc7e6c1a914540728a4e10f6ee9c223133f1d98117b52b3b6207540,scn2_structured_env42019,structured,0.255650873249711,7.100894128154655,0.255650873249711,wm_hybrid,31001.0,0.05648577749898536,2,0.014285714285714285,0.0,1.0,0.049523809523809526
0.24761904761904763,0.001111111111111111,39.168154196551406,0.8403809691780542,seen,42019,41f45cdb2cc7e6c1a914540728a4e10f6ee9c223133f1d98117b52b3b6207540,scn2_structured_env42019,structured,0.25485379578692835,6.9098917719753885,0.25485379578692835,wm_hybrid,31002.0,0.05818962042575189,2,0.016666666666666666,0.0,1.0,0.049523809523809526
0.24761904761904763,0.001111111111111111,39.14872413016217,0.8645867614362798,seen,42019,41f45cdb2cc7e6c1a914540728a4e10f6ee9c223133f1d98117b52b3b6207540,scn2_structured_env42019,structured,0.2546187009404286,6.996147112422184,0.2546187009404286,wm_hybrid,31003.0,0.05756785115829619,2,0.02,0.0,1.0,0.049523809523809526
0.2480952380952381,0.001111111111111111,39.155988018584864,0.8532394121718386,seen,42019,41f45cdb2cc7e6c1a914540728a4e10f6ee9c223133f1d98117b52b3b6207540,scn2_structured_env42019,structured,0.2546088316459566,6.994131012911693,0.2546088316459566,wm_hybrid,31004.0,0.057533768667837236,2,0.01380952380952381,0.0,1.0,0.049523809523809526
0.21476190476190476,0.001111111111111111,38.944476391824296,0.5816459195341146,seen,42019,41f45cdb2cc7e6c1a914540728a4e10f6ee9c223133f1d98117b52b3b6207540,scn2_structured_env42019,structured,0.2542802465526269,7.432822762730217,0.2542802465526269,residual_rl,31000.0,0.0640513772313415,2,0.014761904761904763,0.0,1.0,0.0
0.20761904761904762,0.001111111111111111,38.90759506559872,0.5647725038708025,seen,42019,41f45cdb2cc7e6c1a914540728a4e10f6ee9c223133f1d98117b52b3b6207540,scn2_structured_env42019,structured,0.25595797623408806,7.427987080448004,0.25595797623408806,residual_rl,31001.0,0.0641003897696163,2,0.014761904761904763,0.0,1.0,0.0
0.20666666666666667,0.001111111111111111,38.881018033983146,0.5227389473086965,seen,42019,41f45cdb2cc7e6c1a914540728a4e10f6ee9c223133f1d98117b52b3b6207540,scn2_structured_env42019,structured,0.25530253675978615,7.472915553248973,0.25530253675978615,residual_rl,31002.0,0.06644788432030566,2,0.012380952380952381,0.0,1.0,0.0
0.20809523809523808,0.001111111111111111,38.915116410315775,0.5593777894582456,seen,42019,41f45cdb2cc7e6c1a914540728a4e10f6ee9c223133f1d98117b52b3b6207540,scn2_structured_env42019,structured,0.2559704756263365,7.427089562344785,0.2559704756263365,residual_rl,31003.0,0.06413228490255368,2,0.01619047619047619,0.0,1.0,0.0
0.20904761904761904,0.001111111111111111,38.877142605430606,0.5081779384617526,seen,42019,41f45cdb2cc7e6c1a914540728a4e10f6ee9c223133f1d98117b52b3b6207540,scn2_structured_env42019,structured,0.2554526180431451,7.438506947754679,0.2554526180431451,residual_rl,31004.0,0.06533740649034156,2,0.014761904761904763,0.0,1.0,0.0
0.21,0.001111111111111111,38.93780552949017,0.5790478478389204,seen,42019,41f45cdb2cc7e6c1a914540728a4e10f6ee9c223133f1d98117b52b3b6207540,scn2_structured_env42019,structured,0.25557822019543935,7.4588354667925145,0.25557822019543935,wm_residual_rl,31000.0,0.06480602392203719,2,0.013333333333333334,0.0,1.0,0.0
0.21428571428571427,0.001111111111111111,38.93614941581963,0.5642040454674495,seen,42019,41f45cdb2cc7e6c1a914540728a4e10f6ee9c223133f1d98117b52b3b6207540,scn2_structured_env42019,structured,0.2547163299565078,7.47111187059683,0.2547163299565078,wm_residual_rl,31001.0,0.06622119910273,2,0.011428571428571429,0.0,1.0,0.0
0.20666666666666667,0.001111111111111111,38.84677191696415,0.48352176365987753,seen,42019,41f45cdb2cc7e6c1a914540728a4e10f6ee9c223133f1d98117b52b3b6207540,scn2_structured_env42019,structured,0.2549897655411166,7.457836704479313,0.2549897655411166,wm_residual_rl,31002.0,0.06563344088214754,2,0.015714285714285715,0.0,1.0,0.0
0.21619047619047618,0.001111111111111111,38.9010073467976,0.5395362216128661,seen,42019,41f45cdb2cc7e6c1a914540728a4e10f6ee9c223133f1d98117b52b3b6207540,scn2_structured_env42019,structured,0.2544626882778309,7.434435857457896,0.2544626882778309,wm_residual_rl,31003.0,0.06445814911088966,2,0.018571428571428572,0.0,1.0,0.0
0.20952380952380953,0.001111111111111111,38.912619898807705,0.5383662510836129,seen,42019,41f45cdb2cc7e6c1a914540728a4e10f6ee9c223133f1d98117b52b3b6207540,scn2_structured_env42019,structured,0.2551018513818421,7.4331413623259,0.2551018513818421,wm_residual_rl,31004.0,0.06435126935393035,2,0.01619047619047619,0.0,1.0,0.0
0.03190476190476191,0.004761904761904762,26.424169249673287,0.0,seen,42000,23528ff73f0ecb06a03b1545713fade22da9036f09c3334ca1f58f7cc4e29b80,scn3_structured_env42000,structured,0.029914001444694,7.235390914061483,0.35337868024845626,smc,,0.1419014833497666,3,0.01380952380952381,0.0,1.0,0.0
0.04476190476190476,0.00039682539682539677,27.255582532746367,1.0,seen,42000,23528ff73f0ecb06a03b1545713fade22da9036f09c3334ca1f58f7cc4e29b80,scn3_structured_env42000,structured,0.013113991591058277,6.782372061790148,0.27561460375986524,mpc,,0.06247497236538445,3,0.015714285714285715,0.0,1.0,0.0
0.034761904761904765,0.004523809523809524,27.091038668280618,0.5932797619047617,seen,42000,23528ff73f0ecb06a03b1545713fade22da9036f09c3334ca1f58f7cc4e29b80,scn3_structured_env42000,structured,0.01461828382619886,7.561163139310833,0.28120105469496476,constant_alpha,,0.05934724406185928,3,0.019523809523809523,0.0,1.0,0.0
0.04047619047619048,0.00246031746031746,27.2085361282502,0.9232749950148778,seen,42000,23528ff73f0ecb06a03b1545713fade22da9036f09c3334ca1f58f7cc4e29b80,scn3_structured_env42000,structured,0.012612106050656456,7.42498076686143,0.28186501304556644,sspo,,0.055072723265686595,3,0.012380952380952381,0.0,1.0,0.0
0.04,0.004444444444444444,27.226604941354477,0.9074775190928653,seen,42000,23528ff73f0ecb06a03b1545713fade22da9036f09c3334ca1f58f7cc4e29b80,scn3_structured_env42000,structured,0.012745158002203862,7.255180294913654,0.2845985205772393,v3_transformer,31000.0,0.056537948893269324,3,0.02142857142857143,0.0,1.0,0.0
0.04,0.004365079365079365,27.214996475549402,0.9214153560113184,seen,42000,23528ff73f0ecb06a03b1545713fade22da9036f09c3334ca1f58f7cc4e29b80,scn3_structured_env42000,structured,0.012963434573540074,7.24747165998531,0.2823426132780642,v3_transformer,31001.0,0.05581951879340999,3,0.023333333333333334,0.0,1.0,0.0
0.04,0.004761904761904762,27.215886954830673,0.9136057006575637,seen,42000,23528ff73f0ecb06a03b1545713fade22da9036f09c3334ca1f58f7cc4e29b80,scn3_structured_env42000,structured,0.013175633712288944,7.2615700167315405,0.2834222229653364,v3_transformer,31002.0,0.055715966294073674,3,0.009047619047619047,0.0,1.0,0.0
0.04,0.004365079365079365,27.219573992106746,0.9346318768965022,seen,42000,23528ff73f0ecb06a03b1545713fade22da9036f09c3334ca1f58f7cc4e29b80,scn3_structured_env42000,structured,0.013177148500756526,7.320199637509594,0.2831032887838848,v3_transformer,31003.0,0.0562884426649347,3,0.012380952380952381,0.0,1.0,0.0
0.04,0.004206349206349206,27.21621116399025,0.9204042080258164,seen,42000,23528ff73f0ecb06a03b1545713fade22da9036f09c3334ca1f58f7cc4e29b80,scn3_structured_env42000,structured,0.01301121258884053,7.3070113769207214,0.2826387787817832,v3_transformer,31004.0,0.05555438321260152,3,0.015238095238095238,0.0,1.0,0.0
0.04,0.004285714285714286,27.229137221919377,0.9063018924316599,seen,42000,23528ff73f0ecb06a03b1545713fade22da9036f09c3334ca1f58f7cc4e29b80,scn3_structured_env42000,structured,0.012946639469381425,7.245914324240732,0.2845985205772393,wm_hybrid,31000.0,0.0566348632087803,3,0.011428571428571429,0.0,1.0,0.04904761904761905
0.04,0.004841269841269841,27.21666678998945,0.9191967361867659,seen,42000,23528ff73f0ecb06a03b1545713fade22da9036f09c3334ca1f58f7cc4e29b80,scn3_structured_env42000,structured,0.012961863281162318,7.243986802747364,0.2823426132780642,wm_hybrid,31001.0,0.055839133533097676,3,0.02619047619047619,0.0,1.0,0.04904761904761905
0.04,0.004841269841269841,27.217074647101114,0.9125312394358852,seen,42000,23528ff73f0ecb06a03b1545713fade22da9036f09c3334ca1f58f7cc4e29b80,scn3_structured_env42000,structured,0.013174073065344197,7.258639305973702,0.2834222229653364,wm_hybrid,31002.0,0.05575818006847788,3,0.018571428571428572,0.0,1.0,0.04904761904761905
0.04,0.004682539682539682,27.220863062452036,0.9323121209153371,seen,42000,23528ff73f0ecb06a03b1545713fade22da9036f09c3334ca1f58f7cc4e29b80,scn3_structured_env42000,structured,0.013175505845970922,7.3142166644757385,0.2831032887838848,wm_hybrid,31003.0,0.05632222994000169,3,0.02238095238095238,0.0,1.0,0.04904761904761905
0.04,0.004206349206349206,27.21679628651129,0.9193183427639716,seen,42000,23528ff73f0ecb06a03b1545713fade22da9036f09c3334ca1f58f7cc4e29b80,scn3_structured_env42000,structured,0.013008299708692491,7.304031090180396,0.2826387787817832,wm_hybrid,31004.0,0.05558152055855565,3,0.01904761904761905,0.0,1.0,0.04904761904761905
0.034761904761904765,0.004523809523809524,27.024832134479876,0.5460497012608807,seen,42000,23528ff73f0ecb06a03b1545713fade22da9036f09c3334ca1f58f7cc4e29b80,scn3_structured_env42000,structured,0.014116552090356829,7.541175921329347,0.28120105469496476,residual_rl,31000.0,0.05885261509891614,3,0.024285714285714285,0.0,1.0,0.0
0.034761904761904765,0.004603174603174603,27.05390824036259,0.550262525006699,seen,42000,23528ff73f0ecb06a03b1545713fade22da9036f09c3334ca1f58f7cc4e29b80,scn3_structured_env42000,structured,0.015336200513109315,7.536105412449781,0.28120105469496476,residual_rl,31001.0,0.058615263808574805,3,0.023809523809523808,0.0,1.0,0.0
0.034761904761904765,0.004682539682539682,27.037287549118602,0.5430435940786542,seen,42000,23528ff73f0ecb06a03b1545713fade22da9036f09c3334ca1f58f7cc4e29b80,scn3_structured_env42000,structured,0.014051208968483388,7.55920930822913,0.28120105469496476,residual_rl,31002.0,0.05951702502401245,3,0.017142857142857144,0.0,1.0,0.0
0.034761904761904765,0.004682539682539682,27.053261882738735,0.5428926863627772,seen,42000,23528ff73f0ecb06a03b1545713fade22da9036f09c3334ca1f58f7cc4e29b80,scn3_structured_env42000,structured,0.01537209598683382,7.5380713566786195,0.28120105469496476,residual_rl,31003.0,0.05877155309924484,3,0.009523809523809525,0.0,1.0,0.0
0.034761904761904765,0.004603174603174603,27.065989493017526,0.5178243849794735,seen,42000,23528ff73f0ecb06a03b1545713fade22da9036f09c3334ca1f58f7cc4e29b80,scn3_structured_env42000,structured,0.01536880496862902,7.545970165085186,0.28120105469496476,residual_rl,31004.0,0.05968215121372563,3,0.02619047619047619,0.0,1.0,0.0
0.034761904761904765,0.004682539682539682,27.044267042257374,0.5681003041300375,seen,42000,23528ff73f0ecb06a03b1545713fade22da9036f09c3334ca1f58f7cc4e29b80,scn3_structured_env42000,structured,0.015254763975168102,7.567625903115002,0.28120105469496476,wm_residual_rl,31000.0,0.05940314193260233,3,0.020476190476190478,0.0,1.0,0.0
0.034761904761904765,0.004682539682539682,27.06274439240756,0.5541972427874059,seen,42000,23528ff73f0ecb06a03b1545713fade22da9036f09c3334ca1f58f7cc4e29b80,scn3_structured_env42000,structured,0.015430476616564735,7.582300751044186,0.28120105469496476,wm_residual_rl,31001.0,0.060740257051159416,3,0.017142857142857144,0.0,1.0,0.0
0.034761904761904765,0.004682539682539682,27.025441204073342,0.4968866186868988,seen,42000,23528ff73f0ecb06a03b1545713fade22da9036f09c3334ca1f58f7cc4e29b80,scn3_structured_env42000,structured,0.015414945517951792,7.586048053981857,0.28120105469496476,wm_residual_rl,31002.0,0.061197220969082346,3,0.022857142857142857,0.0,1.0,0.0
0.034761904761904765,0.004682539682539682,27.00124844758867,0.4862801923828922,seen,42000,23528ff73f0ecb06a03b1545713fade22da9036f09c3334ca1f58f7cc4e29b80,scn3_structured_env42000,structured,0.015393120688077706,7.545996441127651,0.28120105469496476,wm_residual_rl,31003.0,0.059369723212209416,3,0.01904761904761905,0.0,1.0,0.0
0.034761904761904765,0.004603174603174603,27.0425867778991,0.5365839359184518,seen,42000,23528ff73f0ecb06a03b1545713fade22da9036f09c3334ca1f58f7cc4e29b80,scn3_structured_env42000,structured,0.015376669814470053,7.542010055748017,0.28120105469496476,wm_residual_rl,31004.0,0.05863013033550135,3,0.01,0.0,1.0,0.0
0.029523809523809525,0.004365079365079366,26.206724346089885,0.0,seen,42001,dde525932f2f2d084f385f3e7297c4cbefd5d47580e2170c09acb20b12a41501,scn3_structured_env42001,structured,0.03092631703831589,7.17832557425914,0.33492464091368973,smc,,0.13730102202604635,3,0.016666666666666666,0.0,1.0,0.0
0.04428571428571428,0.00039682539682539677,27.186226784631856,1.0,seen,42001,dde525932f2f2d084f385f3e7297c4cbefd5d47580e2170c09acb20b12a41501,scn3_structured_env42001,structured,0.012548951554715226,6.875755407591389,0.23502059181602922,mpc,,0.05576744905398762,3,0.012857142857142857,0.0,1.0,0.0
0.03238095238095238,0.0041269841269841265,26.97592421494209,0.5932797619047617,seen,42001,dde525932f2f2d084f385f3e7297c4cbefd5d47580e2170c09acb20b12a41501,scn3_structured_env42001,structured,0.01469719108859943,7.569523645308383,0.2347139359259529,constant_alpha,,0.05219657645144394,3,0.018095238095238095,0.0,1.0,0.0
0.037142857142857144,0.0020634920634920633,27.084397085296104,0.9240544130034264,seen,42001,dde525932f2f2d084f385f3e7297c4cbefd5d47580e2170c09acb20b12a41501,scn3_structured_env42001,structured,0.013212055871855513,7.427917146550336,0.23523125165958103,sspo,,0.046812964016522206,3,0.017142857142857144,0.0,1.0,0.0
0.037142857142857144,0.003968253968253968,27.090546991594675,0.9095373160564714,seen,42001,dde525932f2f2d084f385f3e7297c4cbefd5d47580e2170c09acb20b12a41501,scn3_structured_env42001,structured,0.013107666383542549,7.288476593787142,0.23962478661941033,v3_transformer,31000.0,0.04781371392086834,3,0.010476190476190476,0.0,1.0,0.0
0.037142857142857144,0.004444444444444444,27.08685182174797,0.9215727013528349,seen,42001,dde525932f2f2d084f385f3e7297c4cbefd5d47580e2170c09acb20b12a41501,scn3_structured_env42001,structured,0.012875489920408144,7.282617217370229,0.23629748027085296,v3_transformer,31001.0,0.04719868451478217,3,0.016666666666666666,0.0,1.0,0.0
0.037142857142857144,0.004444444444444444,27.082605458688903,0.9175855044252323,seen,42001,dde525932f2f2d084f385f3e7297c4cbefd5d47580e2170c09acb20b12a41501,scn3_structured_env42001,structured,0.013248963197185746,7.295510516538501,0.2367645495826047,v3_transformer,31002.0,0.04684662788222977,3,0.018571428571428572,0.0,1.0,0.0
0.037142857142857144,0.004047619047619047,27.082990971227556,0.9344672944972415,seen,42001,dde525932f2f2d084f385f3e7297c4cbefd5d47580e2170c09acb20b12a41501,scn3_structured_env42001,structured,0.01302976895082143,7.3462004266051455,0.23738548796321837,v3_transformer,31003.0,0.04748174379513848,3,0.010952380952380953,0.0,1.0,0.0
0.037142857142857144,0.003968253968253968,27.09034743771641,0.9202658725024642,seen,42001,dde525932f2f2d084f385f3e7297c4cbefd5d47580e2170c09acb20b12a41501,scn3_structured_env42001,structured,0.01303898619085011,7.32512954806753,0.2383586465499143,v3_transformer,31004.0,0.04714751094319325,3,0.015714285714285715,0.0,1.0,0.0
0.037142857142857144,0.004047619047619047,27.090961785490904,0.9085531234399544,seen,42001,dde525932f2f2d084f385f3e7297c4cbefd5d47580e2170c09acb20b12a41501,scn3_structured_env42001,structured,0.013107704591308965,7.285072512865986,0.23963290682717575,wm_hybrid,31000.0,0.047837480286300665,3,0.02095238095238095,0.0,1.0,0.04904761904761905
0.037142857142857144,0.004444444444444444,27.089088303423722,0.9184446380750041,seen,42001,dde525932f2f2d084f385f3e7297c4cbefd5d47580e2170c09acb20b12a41501,scn3_structured_env42001,structured,0.012778395062828383,7.279757270420428,0.23629806482362967,wm_hybrid,31001.0,0.04721049315869644,3,0.011428571428571429,0.0,1.0,0.04904761904761905
0.037142857142857144,0.004444444444444444,27.083522459667556,0.916805952786275,seen,42001,dde525932f2f2d084f385f3e7297c4cbefd5d47580e2170c09acb20b12a41501,scn3_structured_env42001,structured,0.013292515785967154,7.293222773352966,0.23676557451596594,wm_hybrid,31002.0,0.04687929192813743,3,0.023809523809523808,0.0,1.0,0.04904761904761905
0.037142857142857144,0.004444444444444444,27.084200406356164,0.9317755117070152,seen,42001,dde525932f2f2d084f385f3e7297c4cbefd5d47580e2170c09acb20b12a41501,scn3_structured_env42001,structured,0.012829859585823254,7.342457829315414,0.23738919362141733,wm_hybrid,31003.0,0.0474420583360067,3,0.018095238095238095,0.0,1.0,0.04904761904761905
0.037142857142857144,0.003968253968253968,27.090076649535476,0.9188861625693105,seen,42001,dde525932f2f2d084f385f3e7297c4cbefd5d47580e2170c09acb20b12a41501,scn3_structured_env42001,structured,0.01303909935244018,7.321844484774476,0.23836253683707753,wm_hybrid,31004.0,0.047188242561161095,3,0.019523809523809523,0.0,1.0,0.04904761904761905
0.032857142857142856,0.0041269841269841265,26.905115934970162,0.5461275387142523,seen,42001,dde525932f2f2d084f385f3e7297c4cbefd5d47580e2170c09acb20b12a41501,scn3_structured_env42001,structured,0.014267569230945755,7.55107290931522,0.23471508019035803,residual_rl,31000.0,0.05171010904326332,3,0.014285714285714285,0.0,1.0,0.0
0.03238095238095238,0.0041269841269841265,26.933354333918324,0.5504055713194956,seen,42001,dde525932f2f2d084f385f3e7297c4cbefd5d47580e2170c09acb20b12a41501,scn3_structured_env42001,structured,0.015552957115880351,7.546606617818135,0.23471601761253366,residual_rl,31001.0,0.05146743627153985,3,0.014761904761904763,0.0,1.0,0.0
0.03238095238095238,0.004285714285714286,26.92351700324803,0.5435763035430964,seen,42001,dde525932f2f2d084f385f3e7297c4cbefd5d47580e2170c09acb20b12a41501,scn3_structured_env42001,structured,0.01413097791854728,7.569212848521651,0.2347139359259529,residual_rl,31002.0,0.052483589417412276,3,0.02238095238095238,0.0,1.0,0.0
0.03238095238095238,0.0041269841269841265,26.93287511891911,0.5432465196016815,seen,42001,dde525932f2f2d084f385f3e7297c4cbefd5d47580e2170c09acb20b12a41501,scn3_structured_env42001,structured,0.015612042878361156,7.548354624230728,0.23471591273326778,residual_rl,31003.0,0.05164344736233077,3,0.02142857142857143,0.0,1.0,0.0
0.03238095238095238,0.0041269841269841265,26.95153834066785,0.5181578247874749,seen,42001,dde525932f2f2d084f385f3e7297c4cbefd5d47580e2170c09acb20b12a41501,scn3_structured_env42001,structured,0.015458524322575799,7.554429410130807,0.2347139359259529,residual_rl,31004.0,0.052562980372719816,3,0.011904761904761904,0.0,1.0,0.0
0.03238095238095238,0.004285714285714286,26.92239232258529,0.5667556782549824,seen,42001,dde525932f2f2d084f385f3e7297c4cbefd5d47580e2170c09acb20b12a41501,scn3_structured_env42001,structured,0.015431209726726142,7.574733747049074,0.2347139359259529,wm_residual_rl,31000.0,0.052142278018765816,3,0.025238095238095237,0.0,1.0,0.0
0.03238095238095238,0.004285714285714286,26.951206000312506,0.5546270024338457,seen,42001,dde525932f2f2d084f385f3e7297c4cbefd5d47580e2170c09acb20b12a41501,scn3_structured_env42001,structured,0.015519035449217523,7.59025305064088,0.2347139359259529,wm_residual_rl,31001.0,0.05383189327215922,3,0.023333333333333334,0.0,1.0,0.0
0.03238095238095238,0.004285714285714286,26.91284787861403,0.4975011595655535,seen,42001,dde525932f2f2d084f385f3e7297c4cbefd5d47580e2170c09acb20b12a41501,scn3_structured_env42001,structured,0.015573280503808136,7.595380267616093,0.2347139359259529,wm_residual_rl,31002.0,0.05449591792163707,3,0.015238095238095238,0.0,1.0,0.0
0.03238095238095238,0.0041269841269841265,26.880510867318883,0.4862498241330879,seen,42001,dde525932f2f2d084f385f3e7297c4cbefd5d47580e2170c09acb20b12a41501,scn3_structured_env42001,structured,0.01558373629647196,7.55663841745927,0.23471555905205527,wm_residual_rl,31003.0,0.052330935147823276,3,0.023333333333333334,0.0,1.0,0.0
0.03238095238095238,0.0041269841269841265,26.923146934765978,0.5365443370181717,seen,42001,dde525932f2f2d084f385f3e7297c4cbefd5d47580e2170c09acb20b12a41501,scn3_structured_env42001,structured,0.015554449739544179,7.552403332193538,0.23471517023226526,wm_residual_rl,31004.0,0.051456874080098795,3,0.012857142857142857,0.0,1.0,0.0
0.029047619047619048,0.003968253968253968,26.067539726790038,0.0,seen,42002,882a4ded5b49c448e66a766ec33c76408c3a23ec9f3799caca118152f6225cc5,scn3_structured_env42002,structured,0.030760676067895128,7.143364898006571,0.31124522719648334,smc,,0.1329010265228064,3,0.029523809523809525,0.0,1.0,0.0
0.04476190476190476,0.0004761904761904762,27.103277500629147,1.0,seen,42002,882a4ded5b49c448e66a766ec33c76408c3a23ec9f3799caca118152f6225cc5,scn3_structured_env42002,structured,0.012537150551753954,6.873108637763101,0.2241788457113037,mpc,,0.05301856836883554,3,0.021904761904761906,0.0,1.0,0.0
0.03238095238095238,0.003809523809523809,26.88051943087448,0.5932797619047617,seen,42002,882a4ded5b49c448e66a766ec33c76408c3a23ec9f3799caca118152f6225cc5,scn3_structured_env42002,structured,0.014632366098904226,7.524296481718665,0.18549162115699758,constant_alpha,,0.04636902305318743,3,0.009523809523809525,0.0,1.0,0.0
0.03857142857142857,0.001746031746031746,26.998509360446896,0.924159352290913,seen,42002,882a4ded5b49c448e66a766ec33c76408c3a23ec9f3799caca118152f6225cc5,scn3_structured_env42002,structured,0.013234255036598017,7.389488788178108,0.18554040859452522,sspo,,0.0398302887910123,3,0.015238095238095238,0.0,1.0,0.0
0.03857142857142857,0.0036507936507936506,26.98691374702482,0.9097553735644555,seen,42002,882a4ded5b49c448e66a766ec33c76408c3a23ec9f3799caca118152f6225cc5,scn3_structured_env42002,structured,0.012746536564109425,7.308817802794806,0.18796882423936373,v3_transformer,31000.0,0.03875993109320803,3,0.014761904761904763,0.0,1.0,0.0
0.03857142857142857,0.0041269841269841265,26.98631050099094,0.9159435664715015,seen,42002,882a4ded5b49c448e66a766ec33c76408c3a23ec9f3799caca118152f6225cc5,scn3_structured_env42002,structured,0.012888283106112302,7.322170568002282,0.18612525427557022,v3_transformer,31001.0,0.03865456068058243,3,0.014761904761904763,0.0,1.0,0.0
0.0380952380952381,0.0041269841269841265,26.98878305473132,0.9186366005021935,seen,42002,882a4ded5b49c448e66a766ec33c76408c3a23ec9f3799caca118152f6225cc5,scn3_structured_env42002,structured,0.013428373888272227,7.2916473608106775,0.18729509263214364,v3_transformer,31002.0,0.0387089963618449,3,0.014285714285714285,0.0,1.0,0.0
0.03857142857142857,0.0041269841269841265,26.986505418791968,0.9343602656961411,seen,42002,882a4ded5b49c448e66a766ec33c76408c3a23ec9f3799caca118152f6225cc5,scn3_structured_env42002,structured,0.013238663436339514,7.332399342082893,0.18671547691803364,v3_transformer,31003.0,0.03889587298056655,3,0.03190476190476191,0.0,1.0,0.0
0.0380952380952381,0.0038888888888888888,26.993794407560507,0.9223400298480805,seen,42002,882a4ded5b49c448e66a766ec33c76408c3a23ec9f3799caca118152f6225cc5,scn3_structured_env42002,structured,0.013048721317461008,7.296300131333579,0.1881988102780853,v3_transformer,31004.0,0.03845962955501691,3,0.018571428571428572,0.0,1.0,0.0
0.03857142857142857,0.0036507936507936506,26.987865442436423,0.9096822447697718,seen,42002,882a4ded5b49c448e66a766ec33c76408c3a23ec9f3799caca118152f6225cc5,scn3_structured_env42002,structured,0.01278189012838085,7.30615057539751,0.18797619392349874,wm_hybrid,31000.0,0.03875077958700194,3,0.013333333333333334,0.0,1.0,0.04857142857142857
0.03857142857142857,0.0041269841269841265,26.986277514242484,0.9143791248886298,seen,42002,882a4ded5b49c448e66a766ec33c76408c3a23ec9f3799caca118152f6225cc5,scn3_structured_env42002,structured,0.012880591998017579,7.318174731878081,0.18612703750074377,wm_hybrid,31001.0,0.03865801256054993,3,0.015238095238095238,0.0,1.0,0.04857142857142857
0.0380952380952381,0.0041269841269841265,26.989215688186302,0.9175881754421455,seen,42002,882a4ded5b49c448e66a766ec33c76408c3a23ec9f3799caca118152f6225cc5,scn3_structured_env42002,structured,0.013315629649968828,7.289164928341024,0.18730050237340282,wm_hybrid,31002.0,0.03869877234894311,3,0.01619047619047619,0.0,1.0,0.04857142857142857
0.03857142857142857,0.0041269841269841265,26.986837112831346,0.9325652208705617,seen,42002,882a4ded5b49c448e66a766ec33c76408c3a23ec9f3799caca118152f6225cc5,scn3_structured_env42002,structured,0.012990191576700557,7.331042654343069,0.18672069933089577,wm_hybrid,31003.0,0.03883266325343749,3,0.02666666666666667,0.0,1.0,0.04857142857142857
0.0380952380952381,0.0041269841269841265,26.99089106660956,0.920255942107337,seen,42002,882a4ded5b49c448e66a766ec33c76408c3a23ec9f3799caca118152f6225cc5,scn3_structured_env42002,structured,0.012759656785181095,7.300055187954544,0.18821152646310843,wm_hybrid,31004.0,0.038471062569342906,3,0.014761904761904763,0.0,1.0,0.04857142857142857
0.032857142857142856,0.003809523809523809,26.812508311597508,0.5456930158136235,seen,42002,882a4ded5b49c448e66a766ec33c76408c3a23ec9f3799caca118152f6225cc5,scn3_structured_env42002,structured,0.014119187253646632,7.505891119692264,0.1855018104522792,residual_rl,31000.0,0.04560116655989588,3,0.014761904761904763,0.0,1.0,0.0
0.03142857142857143,0.003809523809523809,26.841561835294744,0.5501725854669465,seen,42002,882a4ded5b49c448e66a766ec33c76408c3a23ec9f3799caca118152f6225cc5,scn3_structured_env42002,structured,0.015464138198833119,7.5014736364932375,0.18550532152516563,residual_rl,31001.0,0.045314263096234784,3,0.024761904761904763,0.0,1.0,0.0
0.03142857142857143,0.0038888888888888888,26.832863032892238,0.5439289496382099,seen,42002,882a4ded5b49c448e66a766ec33c76408c3a23ec9f3799caca118152f6225cc5,scn3_structured_env42002,structured,0.014023147863442666,7.526279455361695,0.18549162115699758,residual_rl,31002.0,0.04682810479270562,3,0.014761904761904763,0.0,1.0,0.0
0.03142857142857143,0.003809523809523809,26.84093802258043,0.5427893698593745,seen,42002,882a4ded5b49c448e66a766ec33c76408c3a23ec9f3799caca118152f6225cc5,scn3_structured_env42002,structured,0.015492147160154186,7.503212336344829,0.18550511800202338,residual_rl,31003.0,0.04551334354811228,3,0.023809523809523808,0.0,1.0,0.0
0.03142857142857143,0.003809523809523809,26.856189853095433,0.5180351401470431,seen,42002,882a4ded5b49c448e66a766ec33c76408c3a23ec9f3799caca118152f6225cc5,scn3_structured_env42002,structured,0.015403050887380447,7.509593704711423,0.18549162115699758,residual_rl,31004.0,0.04674926188627394,3,0.030952380952380953,0.0,1.0,0.0
0.03142857142857143,0.003968253968253968,26.829292321044445,0.5659783726909606,seen,42002,882a4ded5b49c448e66a766ec33c76408c3a23ec9f3799caca118152f6225cc5,scn3_structured_env42002,structured,0.015305590387636755,7.527210187866675,0.1854965569264841,wm_residual_rl,31000.0,0.045986164729566195,3,0.009047619047619047,0.0,1.0,0.0
0.03142857142857143,0.003968253968253968,26.858737584947214,0.5545015324103406,seen,42002,882a4ded5b49c448e66a766ec33c76408c3a23ec9f3799caca118152f6225cc5,scn3_structured_env42002,structured,0.015468017723463094,7.544559486408453,0.18549162115699758,wm_residual_rl,31001.0,0.0482414618563054,3,0.017142857142857144,0.0,1.0,0.0
0.03142857142857143,0.003968253968253968,26.830783320267262,0.49854052485263733,seen,42002,882a4ded5b49c448e66a766ec33c76408c3a23ec9f3799caca118152f6225cc5,scn3_structured_env42002,structured,0.015426982505897477,7.54827143012026,0.18549162115699758,wm_residual_rl,31002.0,0.04902099469083739,3,0.02,0.0,1.0,0.0
0.032857142857142856,0.003809523809523809,26.789638864588785,0.48614505279176834,seen,42002,882a4ded5b49c448e66a766ec33c76408c3a23ec9f3799caca118152f6225cc5,scn3_structured_env42002,structured,0.015466637688633123,7.5110645064212616,0.1855040274134639,wm_residual_rl,31003.0,0.0462642360151505,3,0.018095238095238095,0.0,1.0,0.0
0.03142857142857143,0.003809523809523809,26.830690688211973,0.5360332952679253,seen,42002,882a4ded5b49c448e66a766ec33c76408c3a23ec9f3799caca118152f6225cc5,scn3_structured_env42002,structured,0.015447830748208682,7.507013763843981,0.18550207962252596,wm_residual_rl,31004.0,0.04534104052482162,3,0.014285714285714285,0.0,1.0,0.0
0.02761904761904762,0.004285714285714286,26.1494770849209,0.0,seen,42003,88cc4fea4db338f1a882b589a0e439db96d6db51da56edc9622ca74c730c49ba,scn3_structured_env42003,structured,0.03017475382357907,7.164852393826411,0.33085121620578867,smc,,0.13633823753118823,3,0.03380952380952381,0.0,1.0,0.0
0.045714285714285714,0.00039682539682539677,27.17895144228769,1.0,seen,42003,88cc4fea4db338f1a882b589a0e439db96d6db51da56edc9622ca74c730c49ba,scn3_structured_env42003,structured,0.01261372484675161,6.914437641194673,0.22454117432151646,mpc,,0.05386505825643471,3,0.017619047619047618,0.0,1.0,0.0
0.030952380952380953,0.004206349206349206,26.952731096118825,0.5932797619047617,seen,42003,88cc4fea4db338f1a882b589a0e439db96d6db51da56edc9622ca74c730c49ba,scn3_structured_env42003,structured,0.014546756499402503,7.569362336492184,0.22467894925238216,constant_alpha,,0.05041837956962916,3,0.011904761904761904,0.0,1.0,0.0
0.039047619047619046,0.0020634920634920633,27.054271483581296,0.9241863173464029,seen,42003,88cc4fea4db338f1a882b589a0e439db96d6db51da56edc9622ca74c730c49ba,scn3_structured_env42003,structured,0.013086397335608485,7.430808507739087,0.22512920129195224,sspo,,0.044983462703511244,3,0.012380952380952381,0.0,1.0,0.0
0.0380952380952381,0.003968253968253968,27.05515752763572,0.9117340300082298,seen,42003,88cc4fea4db338f1a882b589a0e439db96d6db51da56edc9622ca74c730c49ba,scn3_structured_env42003,structured,0.013254328937528686,7.297587575856289,0.22960415974858447,v3_transformer,31000.0,0.04576672071475768,3,0.02857142857142857,0.0,1.0,0.0
0.0380952380952381,0.004603174603174603,27.05781491101774,0.9230635728744288,seen,42003,88cc4fea4db338f1a882b589a0e439db96d6db51da56edc9622ca74c730c49ba,scn3_structured_env42003,structured,0.013317632556909344,7.300239060273136,0.22595051689030987,v3_transformer,31001.0,0.04503217110221246,3,0.011904761904761904,0.0,1.0,0.0
0.0380952380952381,0.004444444444444444,27.049583995923623,0.9187752879065091,seen,42003,88cc4fea4db338f1a882b589a0e439db96d6db51da56edc9622ca74c730c49ba,scn3_structured_env42003,structured,0.013294148242876697,7.312757041674638,0.22596535424532202,v3_transformer,31002.0,0.044545228643477985,3,0.017619047619047618,0.0,1.0,0.0
0.0380952380952381,0.004603174603174603,27.050180791700267,0.9344242478845108,seen,42003,88cc4fea4db338f1a882b589a0e439db96d6db51da56edc9622ca74c730c49ba,scn3_structured_env42003,structured,0.01328773389056547,7.358116039252201,0.22657649188352585,v3_transformer,31003.0,0.04522703457911289,3,0.028095238095238097,0.0,1.0,0.0
0.03761904761904762,0.004365079365079365,27.056036443354014,0.9212239212805716,seen,42003,88cc4fea4db338f1a882b589a0e439db96d6db51da56edc9622ca74c730c49ba,scn3_structured_env42003,structured,0.012978932858059511,7.336597619349153,0.2279580349952583,v3_transformer,31004.0,0.04491929910619405,3,0.017619047619047618,0.0,1.0,0.0
0.03761904761904762,0.003968253968253968,27.055374151478794,0.9101143483278343,seen,42003,88cc4fea4db338f1a882b589a0e439db96d6db51da56edc9622ca74c730c49ba,scn3_structured_env42003,structured,0.01325629256362047,7.293786467512761,0.22961473303645802,wm_hybrid,31000.0,0.045789886311522525,3,0.013333333333333334,0.0,1.0,0.04904761904761905
0.03761904761904762,0.004603174603174603,27.057654409301012,0.9214846476225268,seen,42003,88cc4fea4db338f1a882b589a0e439db96d6db51da56edc9622ca74c730c49ba,scn3_structured_env42003,structured,0.013326803140939435,7.297185148550358,0.22595078892240833,wm_hybrid,31001.0,0.045048862032810603,3,0.015238095238095238,0.0,1.0,0.04904761904761905
0.037142857142857144,0.004523809523809524,27.05001589517379,0.9176141035403553,seen,42003,88cc4fea4db338f1a882b589a0e439db96d6db51da56edc9622ca74c730c49ba,scn3_structured_env42003,structured,0.013233706382202344,7.311917733066374,0.22596619366979256,wm_hybrid,31002.0,0.04454396258542118,3,0.014285714285714285,0.0,1.0,0.04904761904761905
0.03761904761904762,0.004603174603174603,27.050425962553064,0.9324958371710094,seen,42003,88cc4fea4db338f1a882b589a0e439db96d6db51da56edc9622ca74c730c49ba,scn3_structured_env42003,structured,0.013332708514500644,7.354587356334289,0.22657770789496076,wm_hybrid,31003.0,0.04524135281433787,3,0.020476190476190478,0.0,1.0,0.04904761904761905
0.03761904761904762,0.004444444444444444,27.053271075772074,0.9196994295605676,seen,42003,88cc4fea4db338f1a882b589a0e439db96d6db51da56edc9622ca74c730c49ba,scn3_structured_env42003,structured,0.012802396632422712,7.337715974946527,0.22796235868433531,wm_hybrid,31004.0,0.04494026805407874,3,0.014285714285714285,0.0,1.0,0.04904761904761905
0.030952380952380953,0.004285714285714286,26.873901873223858,0.546200055390716,seen,42003,88cc4fea4db338f1a882b589a0e439db96d6db51da56edc9622ca74c730c49ba,scn3_structured_env42003,structured,0.014398679033402449,7.55381073688819,0.2246802972220394,residual_rl,31000.0,0.05016604455606219,3,0.02238095238095238,0.0,1.0,0.0
0.030952380952380953,0.0041269841269841265,26.908793004638646,0.5504013059574641,seen,42003,88cc4fea4db338f1a882b589a0e439db96d6db51da56edc9622ca74c730c49ba,scn3_structured_env42003,structured,0.015474200518544793,7.547133339154218,0.22468140503592418,residual_rl,31001.0,0.04973384226944718,3,0.016666666666666666,0.0,1.0,0.0
0.030952380952380953,0.004285714285714286,26.88644542438734,0.5434997520831032,seen,42003,88cc4fea4db338f1a882b589a0e439db96d6db51da56edc9622ca74c730c49ba,scn3_structured_env42003,structured,0.014410110393831155,7.574478722365963,0.22467894925238216,residual_rl,31002.0,0.05118664295756361,3,0.014761904761904763,0.0,1.0,0.0
0.030952380952380953,0.004285714285714286,26.907892633978125,0.5428963244467064,seen,42003,88cc4fea4db338f1a882b589a0e439db96d6db51da56edc9622ca74c730c49ba,scn3_structured_env42003,structured,0.015500432266006899,7.549097883874336,0.22468131996712634,residual_rl,31003.0,0.049920388275084555,3,0.023809523809523808,0.0,1.0,0.0
0.030952380952380953,0.0041269841269841265,26.93056326953215,0.518375003128339,seen,42003,88cc4fea4db338f1a882b589a0e439db96d6db51da56edc9622ca74c730c49ba,scn3_structured_env42003,structured,0.015271395063263998,7.554050474950313,0.22467894925238216,residual_rl,31004.0,0.05074696556977957,3,0.023333333333333334,0.0,1.0,0.0
0.030952380952380953,0.004285714285714286,26.8908684357259,0.5670664407830075,seen,42003,88cc4fea4db338f1a882b589a0e439db96d6db51da56edc9622ca74c730c49ba,scn3_structured_env42003,structured,0.015522944047403496,7.57634739422856,0.22467894925238216,wm_residual_rl,31000.0,0.05055513782738084,3,0.012380952380952381,0.0,1.0,0.0
0.030952380952380953,0.004285714285714286,26.919029209374127,0.5547421197546081,seen,42003,88cc4fea4db338f1a882b589a0e439db96d6db51da56edc9622ca74c730c49ba,scn3_structured_env42003,structured,0.01567476712562681,7.593044099409629,0.22467894925238216,wm_residual_rl,31001.0,0.05240470794779002,3,0.011428571428571429,0.0,1.0,0.0
0.030952380952380953,0.004285714285714286,26.87744162717995,0.4976609464218221,seen,42003,88cc4fea4db338f1a882b589a0e439db96d6db51da56edc9622ca74c730c49ba,scn3_structured_env42003,structured,0.01577374012205315,7.599309153055181,0.2246789690473485,wm_residual_rl,31002.0,0.05316768072620597,3,0.013333333333333334,0.0,1.0,0.0
0.030952380952380953,0.004285714285714286,26.8528195323634,0.4861547063862917,seen,42003,88cc4fea4db338f1a882b589a0e439db96d6db51da56edc9622ca74c730c49ba,scn3_structured_env42003,structured,0.015584399282457764,7.558131779533279,0.22468099981658127,wm_residual_rl,31003.0,0.050722720356908765,3,0.024761904761904763,0.0,1.0,0.0
0.030952380952380953,0.0041269841269841265,26.898452951209006,0.5365275243546205,seen,42003,88cc4fea4db338f1a882b589a0e439db96d6db51da56edc9622ca74c730c49ba,scn3_structured_env42003,structured,0.015455485250223859,7.553178580469361,0.22468043712867122,wm_residual_rl,31004.0,0.0497419140837996,3,0.017142857142857144,0.0,1.0,0.0
0.02857142857142857,0.003968253968253968,26.205226241281224,0.0,seen,42004,30fc2ed752ad2db31666c61243240c8de26248f436345bb1b94673bbcfbb3187,scn3_structured_env42004,structured,0.029249980107520494,7.183762070288589,0.3399801848461412,smc,,0.13809271412101148,3,0.020476190476190478,0.0,1.0,0.0
0.04476190476190476,0.00039682539682539677,27.197381573381865,1.0,seen,42004,30fc2ed752ad2db31666c61243240c8de26248f436345bb1b94673bbcfbb3187,scn3_structured_env42004,structured,0.012502536152919666,6.889884252674988,0.23210442930842157,mpc,,0.055585238093660276,3,0.022857142857142857,0.0,1.0,0.0
0.03190476190476191,0.003968253968253968,26.966766297608743,0.5932797619047617,seen,42004,30fc2ed752ad2db31666c61243240c8de26248f436345bb1b94673bbcfbb3187,scn3_structured_env42004,structured,0.014677824747975724,7.578081972450685,0.2406402121640884,constant_alpha,,0.05299794866281375,3,0.02,0.0,1.0,0.0
0.03666666666666667,0.0019047619047619045,27.080657637660856,0.924959809682556,seen,42004,30fc2ed752ad2db31666c61243240c8de26248f436345bb1b94673bbcfbb3187,scn3_structured_env42004,structured,0.013133512531959575,7.439186282105229,0.2407803284698207,sspo,,0.047679699899746235,3,0.012857142857142857,0.0,1.0,0.0
0.03666666666666667,0.003968253968253968,27.077124711718596,0.9157765969704784,seen,42004,30fc2ed752ad2db31666c61243240c8de26248f436345bb1b94673bbcfbb3187,scn3_structured_env42004,structured,0.013250070340831399,7.325276193289561,0.24386812212644404,v3_transformer,31000.0,0.048224718944488876,3,0.02238095238095238,0.0,1.0,0.0
0.03666666666666667,0.004206349206349206,27.07402983945537,0.921948349200419,seen,42004,30fc2ed752ad2db31666c61243240c8de26248f436345bb1b94673bbcfbb3187,scn3_structured_env42004,structured,0.013265456669077701,7.305639377773317,0.24174200395050943,v3_transformer,31001.0,0.04790547020263984,3,0.017619047619047618,0.0,1.0,0.0
0.03666666666666667,0.004285714285714286,27.071344375668115,0.9194286444155345,seen,42004,30fc2ed752ad2db31666c61243240c8de26248f436345bb1b94673bbcfbb3187,scn3_structured_env42004,structured,0.013141792984951202,7.328833995534018,0.2411885551747182,v3_transformer,31002.0,0.047024636303959665,3,0.02095238095238095,0.0,1.0,0.0
0.03666666666666667,0.004285714285714286,27.071156042704107,0.9340532576285963,seen,42004,30fc2ed752ad2db31666c61243240c8de26248f436345bb1b94673bbcfbb3187,scn3_structured_env42004,structured,0.013089499942501111,7.37137056873372,0.24159773362533005,v3_transformer,31003.0,0.04760059217154263,3,0.014761904761904763,0.0,1.0,0.0
0.03619047619047619,0.003968253968253968,27.080615171981947,0.9227248833431736,seen,42004,30fc2ed752ad2db31666c61243240c8de26248f436345bb1b94673bbcfbb3187,scn3_structured_env42004,structured,0.013244687588334815,7.339143705193818,0.24308783217033775,v3_transformer,31004.0,0.04768044554826317,3,0.015238095238095238,0.0,1.0,0.0
0.03666666666666667,0.003968253968253968,27.07731780127519,0.9117280727784083,seen,42004,30fc2ed752ad2db31666c61243240c8de26248f436345bb1b94673bbcfbb3187,scn3_structured_env42004,structured,0.013103785259792394,7.31725240311764,0.24386946980877525,wm_hybrid,31000.0,0.04823779922254778,3,0.02,0.0,1.0,0.04857142857142857
0.03666666666666667,0.004206349206349206,27.073763212209425,0.9199726754211461,seen,42004,30fc2ed752ad2db31666c61243240c8de26248f436345bb1b94673bbcfbb3187,scn3_structured_env42004,structured,0.013265756459336378,7.302814869574576,0.24174200395050943,wm_hybrid,31001.0,0.04791818787823833,3,0.02238095238095238,0.0,1.0,0.04857142857142857
0.03666666666666667,0.004285714285714286,27.071116268744387,0.9187693645645947,seen,42004,30fc2ed752ad2db31666c61243240c8de26248f436345bb1b94673bbcfbb3187,scn3_structured_env42004,structured,0.013214211541717305,7.328297553272383,0.2411885551747182,wm_hybrid,31002.0,0.04704367078132037,3,0.011428571428571429,0.0,1.0,0.04857142857142857
0.03666666666666667,0.004285714285714286,27.07179742687765,0.9326936293478059,seen,42004,30fc2ed752ad2db31666c61243240c8de26248f436345bb1b94673bbcfbb3187,scn3_structured_env42004,structured,0.013197064788253464,7.367515130645749,0.24159773362533005,wm_hybrid,31003.0,0.04763818479130957,3,0.013333333333333334,0.0,1.0,0.04857142857142857
0.03666666666666667,0.003968253968253968,27.080395216879516,0.9210399148060928,seen,42004,30fc2ed752ad2db31666c61243240c8de26248f436345bb1b94673bbcfbb3187,scn3_structured_env42004,structured,0.013189905909318312,7.33518566540203,0.24308880428737725,wm_hybrid,31004.0,0.04770903063120829,3,0.014761904761904763,0.0,1.0,0.04857142857142857
0.032857142857142856,0.003968253968253968,26.91302748281337,0.5468103559152193,seen,42004,30fc2ed752ad2db31666c61243240c8de26248f436345bb1b94673bbcfbb3187,scn3_structured_env42004,structured,0.013779668877553532,7.55552460472206,0.24064036424763643,residual_rl,31000.0,0.052129013794544134,3,0.012380952380952381,0.0,1.0,0.0
0.03190476190476191,0.003968253968253968,26.925151830439106,0.5500998476028124,seen,42004,30fc2ed752ad2db31666c61243240c8de26248f436345bb1b94673bbcfbb3187,scn3_structured_env42004,structured,0.015495574857664242,7.554916143628347,0.2406405988575244,residual_rl,31001.0,0.05229831808298525,3,0.01,0.0,1.0,0.0
0.03190476190476191,0.003968253968253968,26.914824673622604,0.5432899244138527,seen,42004,30fc2ed752ad2db31666c61243240c8de26248f436345bb1b94673bbcfbb3187,scn3_structured_env42004,structured,0.014072937389944298,7.578887016539929,0.2406402121640884,residual_rl,31002.0,0.053380102921474486,3,0.01619047619047619,0.0,1.0,0.0
0.03190476190476191,0.003968253968253968,26.924305379674667,0.5432127797954267,seen,42004,30fc2ed752ad2db31666c61243240c8de26248f436345bb1b94673bbcfbb3187,scn3_structured_env42004,structured,0.015519144934771112,7.5566592619784725,0.24064057511678197,residual_rl,31003.0,0.052475192524360705,3,0.009523809523809525,0.0,1.0,0.0
0.03190476190476191,0.003968253968253968,26.94269725673597,0.518248528438225,seen,42004,30fc2ed752ad2db31666c61243240c8de26248f436345bb1b94673bbcfbb3187,scn3_structured_env42004,structured,0.015418096846895636,7.5631525504127,0.2406402121640884,residual_rl,31004.0,0.05337103217361483,3,0.22,0.0,1.0,0.0
0.03190476190476191,0.0041269841269841265,26.926963518663946,0.5669501725367552,seen,42004,30fc2ed752ad2db31666c61243240c8de26248f436345bb1b94673bbcfbb3187,scn3_structured_env42004,structured,0.015192868992186968,7.62491111017719,0.24252179850997016,wm_residual_rl,31000.0,0.05307789323756146,3,1.0,0.0004761904761904762,1.0,0.0
0.03190476190476191,0.0041269841269841265,26.94357055281775,0.5548463211955703,seen,42004,30fc2ed752ad2db31666c61243240c8de26248f436345bb1b94673bbcfbb3187,scn3_structured_env42004,structured,0.015456713686843959,7.599215731799615,0.2406402121640884,wm_residual_rl,31001.0,0.054679303028490694,3,1.0,0.0,1.0,0.0
0.03190476190476191,0.003174603174603174,26.916061009393452,0.4978666293994468,seen,42004,30fc2ed752ad2db31666c61243240c8de26248f436345bb1b94673bbcfbb3187,scn3_structured_env42004,structured,0.01530814690970297,7.601221391793212,0.2406402121640884,wm_residual_rl,31002.0,0.05507637909777031,3,1.0,0.0038095238095238095,1.0,0.0
0.03190476190476191,0.003968253968253968,26.93784898443139,0.4840035356818811,seen,42004,30fc2ed752ad2db31666c61243240c8de26248f436345bb1b94673bbcfbb3187,scn3_structured_env42004,structured,0.015213852106591059,7.685999203996333,0.2567472452670844,wm_residual_rl,31003.0,0.0550556535566746,3,1.0,0.005238095238095238,1.0,0.0
0.03190476190476191,0.003968253968253968,26.92546188798607,0.5367070099787649,seen,42004,30fc2ed752ad2db31666c61243240c8de26248f436345bb1b94673bbcfbb3187,scn3_structured_env42004,structured,0.015350540356031967,7.603653381946253,0.24252465970359602,wm_residual_rl,31004.0,0.05247034951119543,3,1.0,0.0004761904761904762,1.0,0.0
0.029047619047619048,0.004285714285714286,26.162836410466973,0.0,seen,42005,2538e672c1c75fc08781eb238178e7d8bbc962c10647b67d1b838a46881b37b9,scn3_structured_env42005,structured,0.030756698517445332,7.161136826723475,0.3219864039467369,smc,,0.13491099872847995,3,0.025714285714285714,0.0,1.0,0.0
0.04523809523809524,0.00039682539682539677,27.152073117540954,1.0,seen,42005,2538e672c1c75fc08781eb238178e7d8bbc962c10647b67d1b838a46881b37b9,scn3_structured_env42005,structured,0.013124902288418165,6.845483583033718,0.23442210148316198,mpc,,0.05539150451064218,3,0.015238095238095238,0.0,1.0,0.0
0.03142857142857143,0.004206349206349206,26.9400263159482,0.5932797619047617,seen,42005,2538e672c1c75fc08781eb238178e7d8bbc962c10647b67d1b838a46881b37b9,scn3_structured_env42005,structured,0.015035770006590588,7.537575222611252,0.20980270977195012,constant_alpha,,0.04941832610725229,3,0.018095238095238095,0.0,1.0,0.0
0.03857142857142857,0.0019841269841269845,27.059851314271036,0.9237957142924671,seen,42005,2538e672c1c75fc08781eb238178e7d8bbc962c10647b67d1b838a46881b37b9,scn3_structured_env42005,structured,0.013387590815332709,7.401873148574322,0.2102784882157496,sspo,,0.04323227128939392,3,0.023809523809523808,0.0,1.0,0.0
0.03857142857142857,0.004047619047619047,27.06593584692897,0.9235053641053198,seen,42005,2538e672c1c75fc08781eb238178e7d8bbc962c10647b67d1b838a46881b37b9,scn3_structured_env42005,structured,0.01339365251021403,7.294180621173205,0.2145688823034071,v3_transformer,31000.0,0.04354992521201318,3,0.022857142857142857,0.0,1.0,0.0
0.03857142857142857,0.004603174603174603,27.0652224581245,0.9262131037837225,seen,42005,2538e672c1c75fc08781eb238178e7d8bbc962c10647b67d1b838a46881b37b9,scn3_structured_env42005,structured,0.013413762033558216,7.285277032775809,0.2116378275038624,v3_transformer,31001.0,0.043018110904482515,3,0.015238095238095238,0.0,1.0,0.0
0.03857142857142857,0.004444444444444444,27.066306387841514,0.9173921875237895,seen,42005,2538e672c1c75fc08781eb238178e7d8bbc962c10647b67d1b838a46881b37b9,scn3_structured_env42005,structured,0.013393915559126472,7.255683293762214,0.21414797753825296,v3_transformer,31002.0,0.04361470354285825,3,0.019523809523809523,0.0,1.0,0.0
0.03857142857142857,0.004603174603174603,27.064832164642556,0.934754937734997,seen,42005,2538e672c1c75fc08781eb238178e7d8bbc962c10647b67d1b838a46881b37b9,scn3_structured_env42005,structured,0.013377055619955997,7.313600398873085,0.21320782531077684,v3_transformer,31003.0,0.043743934630258496,3,0.016666666666666666,0.0,1.0,0.0
0.03857142857142857,0.004365079365079365,27.06985645571819,0.9216311376558026,seen,42005,2538e672c1c75fc08781eb238178e7d8bbc962c10647b67d1b838a46881b37b9,scn3_structured_env42005,structured,0.01341280449964763,7.2862826499768145,0.21464585526475838,v3_transformer,31004.0,0.04335842523355396,3,0.02238095238095238,0.0,1.0,0.0
0.03857142857142857,0.004047619047619047,27.066358338507268,0.9218779865425083,seen,42005,2538e672c1c75fc08781eb238178e7d8bbc962c10647b67d1b838a46881b37b9,scn3_structured_env42005,structured,0.013390380098860765,7.289774801212072,0.2145862201918928,wm_hybrid,31000.0,0.04356845796790781,3,0.018571428571428572,0.0,1.0,0.04904761904761905
0.03857142857142857,0.004603174603174603,27.067536339566203,0.9239150752884323,seen,42005,2538e672c1c75fc08781eb238178e7d8bbc962c10647b67d1b838a46881b37b9,scn3_structured_env42005,structured,0.01340881982235504,7.282755118104708,0.21164060086530626,wm_hybrid,31001.0,0.043031564385933994,3,0.018571428571428572,0.0,1.0,0.04904761904761905
0.03857142857142857,0.004523809523809524,27.067175877693053,0.9167475111846435,seen,42005,2538e672c1c75fc08781eb238178e7d8bbc962c10647b67d1b838a46881b37b9,scn3_structured_env42005,structured,0.013390563051129657,7.2532267287092695,0.2141661032279265,wm_hybrid,31002.0,0.043638492998094816,3,0.013333333333333334,0.0,1.0,0.04904761904761905
0.03857142857142857,0.004603174603174603,27.065838990641787,0.9324948138483177,seen,42005,2538e672c1c75fc08781eb238178e7d8bbc962c10647b67d1b838a46881b37b9,scn3_structured_env42005,structured,0.01337456699577597,7.30824857465107,0.2132174076199793,wm_hybrid,31003.0,0.04373749966017314,3,0.019523809523809523,0.0,1.0,0.04904761904761905
0.03857142857142857,0.004365079365079365,27.070290146699428,0.9201040764909412,seen,42005,2538e672c1c75fc08781eb238178e7d8bbc962c10647b67d1b838a46881b37b9,scn3_structured_env42005,structured,0.013408861774315804,7.283243304182368,0.21466462899533145,wm_hybrid,31004.0,0.04338783667439442,3,0.009523809523809525,0.0,1.0,0.04904761904761905
0.03142857142857143,0.004285714285714286,26.873009958116274,0.5463189107975241,seen,42005,2538e672c1c75fc08781eb238178e7d8bbc962c10647b67d1b838a46881b37b9,scn3_structured_env42005,structured,0.01446160095289259,7.518448965820558,0.20980523538895363,residual_rl,31000.0,0.04871180837304647,3,0.009523809523809525,0.0,1.0,0.0
0.030952380952380953,0.0041269841269841265,26.903194060271005,0.5502736869357655,seen,42005,2538e672c1c75fc08781eb238178e7d8bbc962c10647b67d1b838a46881b37b9,scn3_structured_env42005,structured,0.015842104248306652,7.513495973725797,0.20980659346649172,residual_rl,31001.0,0.04840586920175095,3,0.012380952380952381,0.0,1.0,0.0
0.030952380952380953,0.0041269841269841265,26.888617257250782,0.5438033172651653,seen,42005,2538e672c1c75fc08781eb238178e7d8bbc962c10647b67d1b838a46881b37b9,scn3_structured_env42005,structured,0.014361242516989992,7.538643952536241,0.20980270977195012,residual_rl,31002.0,0.04976042154641178,3,0.5361904761904762,0.0,1.0,0.0
0.030952380952380953,0.004285714285714286,26.921881808499947,0.5428490496956528,seen,42005,2538e672c1c75fc08781eb238178e7d8bbc962c10647b67d1b838a46881b37b9,scn3_structured_env42005,structured,0.01588040857388544,7.594284940907171,0.21393750616067173,residual_rl,31003.0,0.04906546802392886,3,1.0,0.0019047619047619048,1.0,0.0
0.030952380952380953,0.004285714285714286,26.91431622919692,0.5177491710239589,seen,42005,2538e672c1c75fc08781eb238178e7d8bbc962c10647b67d1b838a46881b37b9,scn3_structured_env42005,structured,0.01606601799248082,7.571566021231945,0.21133717971488664,residual_rl,31004.0,0.05022241487330485,3,1.0,0.0019047619047619048,1.0,0.0
0.030952380952380953,0.004444444444444444,26.880131527202767,0.5657445741419759,seen,42005,2538e672c1c75fc08781eb238178e7d8bbc962c10647b67d1b838a46881b37b9,scn3_structured_env42005,structured,0.015163602802877462,7.5847300200767105,0.2112896071622918,wm_residual_rl,31000.0,0.049403356078576856,3,1.0,0.0033333333333333335,1.0,0.0
0.030952380952380953,0.004444444444444444,26.908788089277415,0.5535364616387239,seen,42005,2538e672c1c75fc08781eb238178e7d8bbc962c10647b67d1b838a46881b37b9,scn3_structured_env42005,structured,0.01624992692005922,7.605345041280321,0.21128889047037144,wm_residual_rl,31001.0,0.05172872893534098,3,1.0,0.0004761904761904762,1.0,0.0
0.030952380952380953,0.004444444444444444,26.90153222947447,0.49791555668126564,seen,42005,2538e672c1c75fc08781eb238178e7d8bbc962c10647b67d1b838a46881b37b9,scn3_structured_env42005,structured,0.01560748617940635,7.600705422438719,0.2112662554028547,wm_residual_rl,31002.0,0.051719667690918854,3,1.0,0.0004761904761904762,1.0,0.0
0.030952380952380953,0.004365079365079365,26.880079043762443,0.48517193765108724,seen,42005,2538e672c1c75fc08781eb238178e7d8bbc962c10647b67d1b838a46881b37b9,scn3_structured_env42005,structured,0.015260366691795936,7.622120985151785,0.21713596368658852,wm_residual_rl,31003.0,0.049783853857455464,3,1.0,0.002857142857142857,1.0,0.0
0.030952380952380953,0.004365079365079365,26.89062314009464,0.5367287497801916,seen,42005,2538e672c1c75fc08781eb238178e7d8bbc962c10647b67d1b838a46881b37b9,scn3_structured_env42005,structured,0.016090882723556847,7.555613317580202,0.21181115214661916,wm_residual_rl,31004.0,0.04888301043607942,3,1.0,0.0019047619047619048,1.0,0.0
0.028095238095238097,0.0041269841269841265,26.21811213024312,0.0,seen,42006,13e7053421e16d36f8ea0545d12f9a80b2b84bf191bcc0bc8ea43d5a676744bc,scn3_structured_env42006,structured,0.02924985940975308,7.18703027227297,0.3270666907804758,smc,,0.1359070657922153,3,0.018571428571428572,0.0,1.0,0.0
0.04428571428571428,0.0006349206349206349,27.15905365911978,1.0,seen,42006,13e7053421e16d36f8ea0545d12f9a80b2b84bf191bcc0bc8ea43d5a676744bc,scn3_structured_env42006,structured,0.012877766977217561,6.771612117308725,0.2483547923588692,mpc,,0.0581126498860873,3,0.01619047619047619,0.0,1.0,0.0
0.03142857142857143,0.004206349206349206,26.943723165070125,0.5932797619047617,seen,42006,13e7053421e16d36f8ea0545d12f9a80b2b84bf191bcc0bc8ea43d5a676744bc,scn3_structured_env42006,structured,0.014744734442905968,7.518829230350882,0.22030476539920382,constant_alpha,,0.051879071401929884,3,0.02142857142857143,0.0,1.0,0.0
0.03761904761904762,0.0019841269841269845,27.080917108273653,0.9250335846030417,seen,42006,13e7053421e16d36f8ea0545d12f9a80b2b84bf191bcc0bc8ea43d5a676744bc,scn3_structured_env42006,structured,0.01324195843178044,7.380137356361828,0.22033308859896542,sspo,,0.04568702191039138,3,0.014761904761904763,0.0,1.0,0.0
0.037142857142857144,0.0041269841269841265,27.077121363443776,0.9113551030180809,seen,42006,13e7053421e16d36f8ea0545d12f9a80b2b84bf191bcc0bc8ea43d5a676744bc,scn3_structured_env42006,structured,0.013251538729725397,7.302576979182946,0.22183146777755114,v3_transformer,31000.0,0.04517225667380986,3,0.013333333333333334,0.0,1.0,0.0
0.03761904761904762,0.004444444444444444,27.074100243423846,0.9171379108558835,seen,42006,13e7053421e16d36f8ea0545d12f9a80b2b84bf191bcc0bc8ea43d5a676744bc,scn3_structured_env42006,structured,0.013276358153801208,7.293574279233704,0.2211369811682674,v3_transformer,31001.0,0.045267251945087156,3,0.023809523809523808,0.0,1.0,0.0
0.037142857142857144,0.004285714285714286,27.07838918582589,0.9166519052809828,seen,42006,13e7053421e16d36f8ea0545d12f9a80b2b84bf191bcc0bc8ea43d5a676744bc,scn3_structured_env42006,structured,0.013245564641826735,7.265694729686079,0.22236509678295366,v3_transformer,31002.0,0.045580810948257465,3,0.024285714285714285,0.0,1.0,0.0
0.037142857142857144,0.0041269841269841265,27.073582654991878,0.9319249453873721,seen,42006,13e7053421e16d36f8ea0545d12f9a80b2b84bf191bcc0bc8ea43d5a676744bc,scn3_structured_env42006,structured,0.013241688140729626,7.308294213437934,0.22140957176248918,v3_transformer,31003.0,0.045376728867497426,3,0.022857142857142857,0.0,1.0,0.0
0.037142857142857144,0.0041269841269841265,27.08499483746742,0.92203299233939,seen,42006,13e7053421e16d36f8ea0545d12f9a80b2b84bf191bcc0bc8ea43d5a676744bc,scn3_structured_env42006,structured,0.01326902978769565,7.2864147786846285,0.22358301576839293,v3_transformer,31004.0,0.04557297029074323,3,0.015714285714285715,0.0,1.0,0.0
0.037142857142857144,0.0041269841269841265,27.078621448751846,0.9110355243514039,seen,42006,13e7053421e16d36f8ea0545d12f9a80b2b84bf191bcc0bc8ea43d5a676744bc,scn3_structured_env42006,structured,0.013246599258204643,7.307066238903335,0.2223811253557484,wm_hybrid,31000.0,0.0453270023183514,3,0.014285714285714285,0.0,1.0,0.04857142857142857
0.03761904761904762,0.004444444444444444,27.0752299109737,0.9163395231891048,seen,42006,13e7053421e16d36f8ea0545d12f9a80b2b84bf191bcc0bc8ea43d5a676744bc,scn3_structured_env42006,structured,0.013266869003152201,7.298832641490634,0.2217454159777214,wm_hybrid,31001.0,0.045408200265467595,3,0.014285714285714285,0.0,1.0,0.04857142857142857
0.037142857142857144,0.004285714285714286,27.08031901928208,0.9158958902055465,seen,42006,13e7053421e16d36f8ea0545d12f9a80b2b84bf191bcc0bc8ea43d5a676744bc,scn3_structured_env42006,structured,0.013242499800858456,7.268513173294951,0.2229673736793788,wm_hybrid,31002.0,0.0457572866374674,3,0.010476190476190476,0.0,1.0,0.04857142857142857
0.037142857142857144,0.0041269841269841265,27.07505102025301,0.9303807776737849,seen,42006,13e7053421e16d36f8ea0545d12f9a80b2b84bf191bcc0bc8ea43d5a676744bc,scn3_structured_env42006,structured,0.01323871757563097,7.312196537646032,0.22200700666664988,wm_hybrid,31003.0,0.04552803326243395,3,0.011428571428571429,0.0,1.0,0.04857142857142857
0.037142857142857144,0.0041269841269841265,27.085998336313942,0.9196526680609947,seen,42006,13e7053421e16d36f8ea0545d12f9a80b2b84bf191bcc0bc8ea43d5a676744bc,scn3_structured_env42006,structured,0.013260008049097686,7.283577545253519,0.2237901939241031,wm_hybrid,31004.0,0.045630364011900355,3,0.015714285714285715,0.0,1.0,0.04857142857142857
0.03142857142857143,0.004206349206349206,26.874955267569284,0.5456649957933054,seen,42006,13e7053421e16d36f8ea0545d12f9a80b2b84bf191bcc0bc8ea43d5a676744bc,scn3_structured_env42006,structured,0.01428352655503098,7.500393902174531,0.22030564633654648,residual_rl,31000.0,0.05118426028241271,3,0.07333333333333333,0.0,1.0,0.0
0.030952380952380953,0.0041269841269841265,26.9063865334559,0.5499128666187828,seen,42006,13e7053421e16d36f8ea0545d12f9a80b2b84bf191bcc0bc8ea43d5a676744bc,scn3_structured_env42006,structured,0.015405711619458723,7.494972662107848,0.22030611042348916,residual_rl,31001.0,0.050867517763114996,3,0.950952380952381,0.0,1.0,0.0
0.030952380952380953,0.0041269841269841265,26.926828376557406,0.5431400679583296,seen,42006,13e7053421e16d36f8ea0545d12f9a80b2b84bf191bcc0bc8ea43d5a676744bc,scn3_structured_env42006,structured,0.014429185640534466,7.641429862893343,0.2255732331364815,residual_rl,31002.0,0.0531697553372314,3,1.0,0.002380952380952381,1.0,0.0
0.030952380952380953,0.0041269841269841265,27.24222750988571,0.5290824444976306,seen,42006,13e7053421e16d36f8ea0545d12f9a80b2b84bf191bcc0bc8ea43d5a676744bc,scn3_structured_env42006,structured,0.01451308528457286,6.8504007522013,0.30544075169171686,residual_rl,31003.0,0.06395213565111164,3,1.0,0.025714285714285714,1.0,0.0
0.03142857142857143,0.004285714285714286,27.326922576250883,0.48936870137416877,seen,42006,13e7053421e16d36f8ea0545d12f9a80b2b84bf191bcc0bc8ea43d5a676744bc,scn3_structured_env42006,structured,0.014850428881965248,6.654745849367648,0.3223581593446772,residual_rl,31004.0,0.07724039957082753,3,1.0,0.05047619047619047,1.0,0.0
0.03142857142857143,0.0041269841269841265,26.928548257329812,0.5657201612904674,seen,42006,13e7053421e16d36f8ea0545d12f9a80b2b84bf191bcc0bc8ea43d5a676744bc,scn3_structured_env42006,structured,0.014756234917760834,7.588066521573447,0.22214880211072344,wm_residual_rl,31000.0,0.05135160082540828,3,1.0,0.0009523809523809524,1.0,0.0
0.03142857142857143,0.004285714285714286,26.958939634927912,0.5540414620260629,seen,42006,13e7053421e16d36f8ea0545d12f9a80b2b84bf191bcc0bc8ea43d5a676744bc,scn3_structured_env42006,structured,0.014890564542263156,7.604134928353014,0.22214911490571043,wm_residual_rl,31001.0,0.05323630106443992,3,1.0,0.0014285714285714286,1.0,0.0
0.030952380952380953,0.00492063492063492,27.196991481277465,0.46584019879819194,seen,42006,13e7053421e16d36f8ea0545d12f9a80b2b84bf191bcc0bc8ea43d5a676744bc,scn3_structured_env42006,structured,0.015185038831818676,6.623789147808705,0.288444237718068,wm_residual_rl,31002.0,0.06924689383399821,3,1.0,0.03238095238095238,1.0,0.0
0.03142857142857143,0.0041269841269841265,27.04794569039943,0.48016019575608426,seen,42006,13e7053421e16d36f8ea0545d12f9a80b2b84bf191bcc0bc8ea43d5a676744bc,scn3_structured_env42006,structured,0.014890709360968741,7.582952245576368,0.2611162516876492,wm_residual_rl,31003.0,0.05659542366771305,3,1.0,0.012380952380952381,1.0,0.0
0.030952380952380953,0.0041269841269841265,26.888348971818196,0.5370170221383421,seen,42006,13e7053421e16d36f8ea0545d12f9a80b2b84bf191bcc0bc8ea43d5a676744bc,scn3_structured_env42006,structured,0.015624520312896153,7.502654660042528,0.22030387102647112,wm_residual_rl,31004.0,0.051057231572147775,3,1.0,0.0,1.0,0.0
0.029047619047619048,0.003809523809523809,26.04429762342027,0.0,seen,42007,f9b8cc5f63cd27ce917b6202fe0b364f0fd8c8b197cac99e3b1c84a3f35fa3c5,scn3_structured_env42007,structured,0.030071693842992634,7.154424858696154,0.3214794768935681,smc,,0.1343061474613248,3,0.020476190476190478,0.0,1.0,0.0
0.04476190476190476,0.00039682539682539677,27.159833013611934,1.0,seen,42007,f9b8cc5f63cd27ce917b6202fe0b364f0fd8c8b197cac99e3b1c84a3f35fa3c5,scn3_structured_env42007,structured,0.013144982686388498,6.940726338541078,0.21304536143655167,mpc,,0.05187900418343775,3,0.016666666666666666,0.0,1.0,0.0
0.03142857142857143,0.003809523809523809,26.895491710625212,0.5932797619047617,seen,42007,f9b8cc5f63cd27ce917b6202fe0b364f0fd8c8b197cac99e3b1c84a3f35fa3c5,scn3_structured_env42007,structured,0.014412592702937689,7.5666870622779685,0.2008830452658263,constant_alpha,,0.04746476889043332,3,0.02666666666666667,0.0,1.0,0.0
0.0380952380952381,0.001746031746031746,27.003728414685956,0.9249056930791856,seen,42007,f9b8cc5f63cd27ce917b6202fe0b364f0fd8c8b197cac99e3b1c84a3f35fa3c5,scn3_structured_env42007,structured,0.013192290510561373,7.432544097989142,0.20088779193325,sspo,,0.04169189689177574,3,0.01619047619047619,0.0,1.0,0.0
0.0380952380952381,0.00373015873015873,26.986382967847295,0.9181292552287237,seen,42007,f9b8cc5f63cd27ce917b6202fe0b364f0fd8c8b197cac99e3b1c84a3f35fa3c5,scn3_structured_env42007,structured,0.013336072151306591,7.363394793209788,0.20242573972501168,v3_transformer,31000.0,0.04099859857697332,3,0.01380952380952381,0.0,1.0,0.0
0.0380952380952381,0.004206349206349206,26.988108328714652,0.9125197680284067,seen,42007,f9b8cc5f63cd27ce917b6202fe0b364f0fd8c8b197cac99e3b1c84a3f35fa3c5,scn3_structured_env42007,structured,0.013313611280407459,7.366680910607893,0.20109676648518318,v3_transformer,31001.0,0.04084719557956385,3,0.017142857142857144,0.0,1.0,0.0
0.0380952380952381,0.0041269841269841265,26.990233000698822,0.9188676372443237,seen,42007,f9b8cc5f63cd27ce917b6202fe0b364f0fd8c8b197cac99e3b1c84a3f35fa3c5,scn3_structured_env42007,structured,0.013555240722893745,7.355795041212351,0.20091246056471093,v3_transformer,31002.0,0.040464725843518776,3,0.02666666666666667,0.0,1.0,0.0
0.0380952380952381,0.003809523809523809,26.9889695396536,0.9330387321313584,seen,42007,f9b8cc5f63cd27ce917b6202fe0b364f0fd8c8b197cac99e3b1c84a3f35fa3c5,scn3_structured_env42007,structured,0.013415669372150624,7.387884062017607,0.20104326223399058,v3_transformer,31003.0,0.0406523615028175,3,0.018571428571428572,0.0,1.0,0.0
0.03761904761904762,0.0036507936507936506,27.00800946846883,0.9284240616123535,seen,42007,f9b8cc5f63cd27ce917b6202fe0b364f0fd8c8b197cac99e3b1c84a3f35fa3c5,scn3_structured_env42007,structured,0.013419805952896283,7.365687319443486,0.20134769255530802,v3_transformer,31004.0,0.04039761517928832,3,0.01619047619047619,0.0,1.0,0.0
0.0380952380952381,0.00373015873015873,26.986285800878086,0.9177410091727526,seen,42007,f9b8cc5f63cd27ce917b6202fe0b364f0fd8c8b197cac99e3b1c84a3f35fa3c5,scn3_structured_env42007,structured,0.013322873325884846,7.361968596625534,0.20242818019682593,wm_hybrid,31000.0,0.04099717491039604,3,0.016666666666666666,0.0,1.0,0.04857142857142857
0.0380952380952381,0.004206349206349206,26.98717892163428,0.9126029183564498,seen,42007,f9b8cc5f63cd27ce917b6202fe0b364f0fd8c8b197cac99e3b1c84a3f35fa3c5,scn3_structured_env42007,structured,0.01328124056525974,7.3657302720309366,0.20109697068701465,wm_hybrid,31001.0,0.04083688906856554,3,0.012857142857142857,0.0,1.0,0.04857142857142857
0.0380952380952381,0.0041269841269841265,26.990119881949333,0.9183724529190429,seen,42007,f9b8cc5f63cd27ce917b6202fe0b364f0fd8c8b197cac99e3b1c84a3f35fa3c5,scn3_structured_env42007,structured,0.01354545946005098,7.354294536865921,0.20091246056471093,wm_hybrid,31002.0,0.04045503850867792,3,0.01619047619047619,0.0,1.0,0.04857142857142857
0.0380952380952381,0.003809523809523809,26.988650850919143,0.931728513859677,seen,42007,f9b8cc5f63cd27ce917b6202fe0b364f0fd8c8b197cac99e3b1c84a3f35fa3c5,scn3_structured_env42007,structured,0.013408451069088697,7.3864608421727525,0.20104441364692396,wm_hybrid,31003.0,0.04065794078612752,3,0.008095238095238095,0.0,1.0,0.04857142857142857
0.03761904761904762,0.0036507936507936506,27.006856607139635,0.926570638216406,seen,42007,f9b8cc5f63cd27ce917b6202fe0b364f0fd8c8b197cac99e3b1c84a3f35fa3c5,scn3_structured_env42007,structured,0.013393226688333676,7.362765917161997,0.20134857887762855,wm_hybrid,31004.0,0.040385218292882,3,0.009523809523809525,0.0,1.0,0.04904761904761905
0.03142857142857143,0.003809523809523809,26.807115799687544,0.5462774053645045,seen,42007,f9b8cc5f63cd27ce917b6202fe0b364f0fd8c8b197cac99e3b1c84a3f35fa3c5,scn3_structured_env42007,structured,0.014487148321712894,7.554157434523676,0.20088756303667307,residual_rl,31000.0,0.04740127555990034,3,0.3295238095238095,0.0,1.0,0.0
0.030476190476190476,0.003809523809523809,26.843188800546432,0.5503505014787919,seen,42007,f9b8cc5f63cd27ce917b6202fe0b364f0fd8c8b197cac99e3b1c84a3f35fa3c5,scn3_structured_env42007,structured,0.015603013703989138,7.547318461228992,0.2008901856339692,residual_rl,31001.0,0.046907591819780665,3,1.0,0.0,1.0,0.0
0.030476190476190476,0.003809523809523809,26.840546030207367,0.543858403515128,seen,42007,f9b8cc5f63cd27ce917b6202fe0b364f0fd8c8b197cac99e3b1c84a3f35fa3c5,scn3_structured_env42007,structured,0.013625944246914459,7.626497866171042,0.20461177982801973,residual_rl,31002.0,0.048425470599759754,3,1.0,0.0014285714285714286,1.0,0.0
0.03142857142857143,0.003968253968253968,27.113215859428266,0.527320762491454,seen,42007,f9b8cc5f63cd27ce917b6202fe0b364f0fd8c8b197cac99e3b1c84a3f35fa3c5,scn3_structured_env42007,structured,0.015542879970011851,6.49936705843929,0.2925090825902001,residual_rl,31003.0,0.06393655797682911,3,1.0,0.02761904761904762,1.0,0.0
0.030476190476190476,0.003809523809523809,26.877981358026922,0.5147937500146228,seen,42007,f9b8cc5f63cd27ce917b6202fe0b364f0fd8c8b197cac99e3b1c84a3f35fa3c5,scn3_structured_env42007,structured,0.015098740336296813,7.696286036598085,0.22591003635755216,residual_rl,31004.0,0.05142184092832633,3,1.0,0.006666666666666667,1.0,0.0
0.030476190476190476,0.003809523809523809,26.83686447255729,0.5660923330991264,seen,42007,f9b8cc5f63cd27ce917b6202fe0b364f0fd8c8b197cac99e3b1c84a3f35fa3c5,scn3_structured_env42007,structured,0.015404481806198597,7.612314359148792,0.20283641809232397,wm_residual_rl,31000.0,0.04774353190483716,3,1.0,0.0004761904761904762,1.0,0.0
0.030476190476190476,0.003968253968253968,26.900926654120806,0.5531556636067463,seen,42007,f9b8cc5f63cd27ce917b6202fe0b364f0fd8c8b197cac99e3b1c84a3f35fa3c5,scn3_structured_env42007,structured,0.015487432903406517,7.694034889403021,0.2148822780243189,wm_residual_rl,31001.0,0.05050854767991329,3,1.0,0.0033333333333333335,1.0,0.0
0.030476190476190476,0.003968253968253968,26.837847696793972,0.4979850001321239,seen,42007,f9b8cc5f63cd27ce917b6202fe0b364f0fd8c8b197cac99e3b1c84a3f35fa3c5,scn3_structured_env42007,structured,0.015474254907489007,7.6320379772075855,0.2028362115507189,wm_residual_rl,31002.0,0.05036799993520839,3,1.0,0.0004761904761904762,1.0,0.0
0.03142857142857143,0.003809523809523809,26.79720095296761,0.4858380299552127,seen,42007,f9b8cc5f63cd27ce917b6202fe0b364f0fd8c8b197cac99e3b1c84a3f35fa3c5,scn3_structured_env42007,structured,0.01564347341686704,7.614604517260158,0.20461367993024007,wm_residual_rl,31003.0,0.04835458121863756,3,1.0,0.0009523809523809524,1.0,0.0
0.030476190476190476,0.003809523809523809,26.839543718465748,0.5366475204541562,seen,42007,f9b8cc5f63cd27ce917b6202fe0b364f0fd8c8b197cac99e3b1c84a3f35fa3c5,scn3_structured_env42007,structured,0.015498624006163675,7.591993954643107,0.20284152097971805,wm_residual_rl,31004.0,0.04711115227465519,3,1.0,0.0004761904761904762,1.0,0.0
0.029523809523809525,0.003968253968253968,26.11226328415911,0.0,seen,42008,f74c6af2d3cea45b7ecbf157c913a216f5f72ddf4779e87e04b28f5992411c45,scn3_structured_env42008,structured,0.03035331845296774,7.154188221783437,0.320616828694196,smc,,0.1343817843993293,3,1.0,0.03761904761904762,1.0,0.0
0.04476190476190476,0.0019047619047619045,27.133140827618604,0.9995238095238095,seen,42008,f74c6af2d3cea45b7ecbf157c913a216f5f72ddf4779e87e04b28f5992411c45,scn3_structured_env42008,structured,0.012556638325266009,7.123817758354124,0.22573560410930882,mpc,,0.053987891786980095,3,1.0,0.0004761904761904762,1.0,0.0
0.03142857142857143,0.004047619047619047,26.91455284031014,0.5924226190476188,seen,42008,f74c6af2d3cea45b7ecbf157c913a216f5f72ddf4779e87e04b28f5992411c45,scn3_structured_env42008,structured,0.015418235855339673,7.625313521566788,0.2092265006309234,constant_alpha,,0.049215002701022754,3,1.0,0.0014285714285714286,1.0,0.0
0.0380952380952381,0.001984126984126984,27.03791522164144,0.9245891813389636,seen,42008,f74c6af2d3cea45b7ecbf157c913a216f5f72ddf4779e87e04b28f5992411c45,scn3_structured_env42008,structured,0.013366264868160125,7.446976430169102,0.2061593899776777,sspo,,0.042435758722376336,3,1.0,0.0004761904761904762,1.0,0.0
0.03761904761904762,0.003809523809523809,27.030635275657023,0.9230155256556983,seen,42008,f74c6af2d3cea45b7ecbf157c913a216f5f72ddf4779e87e04b28f5992411c45,scn3_structured_env42008,structured,0.013591853974435604,7.368276678132309,0.20967073351855367,v3_transformer,31000.0,0.0423443382685423,3,1.0,0.0004761904761904762,1.0,0.0
0.0380952380952381,0.003809523809523809,27.027841648745586,0.9276389334792763,seen,42008,f74c6af2d3cea45b7ecbf157c913a216f5f72ddf4779e87e04b28f5992411c45,scn3_structured_env42008,structured,0.013610427747369922,7.362570953539492,0.2070860036675264,v3_transformer,31001.0,0.041871409071711,3,1.0,0.0009523809523809524,1.0,0.0
0.03761904761904762,0.0041269841269841265,27.026838540108344,0.9189633415724158,seen,42008,f74c6af2d3cea45b7ecbf157c913a216f5f72ddf4779e87e04b28f5992411c45,scn3_structured_env42008,structured,0.013595016945555207,7.342282875142144,0.20766519756856908,v3_transformer,31002.0,0.04181677259291238,3,1.0,0.0004761904761904762,1.0,0.0
0.03761904761904762,0.003968253968253968,27.02659122000896,0.9347284293237902,seen,42008,f74c6af2d3cea45b7ecbf157c913a216f5f72ddf4779e87e04b28f5992411c45,scn3_structured_env42008,structured,0.013550693331199959,7.387376395291439,0.20758761966587544,v3_transformer,31003.0,0.04223405140874758,3,1.0,0.0004761904761904762,1.0,0.0
0.037142857142857144,0.003968253968253968,27.0491301941526,0.922746579280522,seen,42008,f74c6af2d3cea45b7ecbf157c913a216f5f72ddf4779e87e04b28f5992411c45,scn3_structured_env42008,structured,0.013794926292946402,7.386856622703965,0.21123464039491352,v3_transformer,31004.0,0.042202278128914146,3,1.0,0.0014285714285714286,1.0,0.0
0.03761904761904762,0.003809523809523809,27.03075738956066,0.9218492110204203,seen,42008,f74c6af2d3cea45b7ecbf157c913a216f5f72ddf4779e87e04b28f5992411c45,scn3_structured_env42008,structured,0.01359042138489474,7.365488686647172,0.20968277094312338,wm_hybrid,31000.0,0.042364733158668746,3,1.0,0.0004761904761904762,1.0,0.04857142857142857
0.0380952380952381,0.004206349206349206,27.025967464323067,0.9221125165843191,seen,42008,f74c6af2d3cea45b7ecbf157c913a216f5f72ddf4779e87e04b28f5992411c45,scn3_structured_env42008,structured,0.012962475473835453,7.35623250878671,0.20703554528897591,wm_hybrid,31001.0,0.04176108925559076,3,1.0,0.0004761904761904762,1.0,0.04857142857142857
0.03761904761904762,0.0041269841269841265,27.027009645870265,0.9186448440265742,seen,42008,f74c6af2d3cea45b7ecbf157c913a216f5f72ddf4779e87e04b28f5992411c45,scn3_structured_env42008,structured,0.013589614282296087,7.340218916321189,0.2076694357323552,wm_hybrid,31002.0,0.04181749518197903,3,1.0,0.0004761904761904762,1.0,0.04857142857142857
0.03761904761904762,0.004047619047619047,27.03548392715415,0.9333739015164922,seen,42008,f74c6af2d3cea45b7ecbf157c913a216f5f72ddf4779e87e04b28f5992411c45,scn3_structured_env42008,structured,0.013735388020687569,7.416149420342768,0.2102455587127359,wm_hybrid,31003.0,0.042674208370729015,3,1.0,0.0014285714285714286,1.0,0.04857142857142857
0.03761904761904762,0.003809523809523809,27.03757335373585,0.9215298689434067,seen,42008,f74c6af2d3cea45b7ecbf157c913a216f5f72ddf4779e87e04b28f5992411c45,scn3_structured_env42008,structured,0.013606403792665984,7.349251012427138,0.2089552760207653,wm_hybrid,31004.0,0.04186040472552455,3,1.0,0.0014285714285714286,1.0,0.04857142857142857
0.03190476190476191,0.003968253968253968,26.838043994425192,0.545470453462169,seen,42008,f74c6af2d3cea45b7ecbf157c913a216f5f72ddf4779e87e04b28f5992411c45,scn3_structured_env42008,structured,0.01470502796796345,7.574647621637636,0.20613861011081266,residual_rl,31000.0,0.04833399103380749,3,1.0,0.0004761904761904762,1.0,0.0
0.03142857142857143,0.003968253968253968,26.869496730127377,0.5496482670605088,seen,42008,f74c6af2d3cea45b7ecbf157c913a216f5f72ddf4779e87e04b28f5992411c45,scn3_structured_env42008,structured,0.015938698195072046,7.569324206348962,0.20614052380058628,residual_rl,31001.0,0.048002886459201685,3,1.0,0.0004761904761904762,1.0,0.0
0.03142857142857143,0.003968253968253968,26.855631891005554,0.5438137501471563,seen,42008,f74c6af2d3cea45b7ecbf157c913a216f5f72ddf4779e87e04b28f5992411c45,scn3_structured_env42008,structured,0.01462809355079956,7.596435316359513,0.2061351789037028,residual_rl,31002.0,0.04949235366309248,3,1.0,0.0004761904761904762,1.0,0.0
0.03142857142857143,0.003968253968253968,26.86845083271718,0.5436309349455388,seen,42008,f74c6af2d3cea45b7ecbf157c913a216f5f72ddf4779e87e04b28f5992411c45,scn3_structured_env42008,structured,0.016031164151852836,7.5708571920585275,0.20614038139105312,residual_rl,31003.0,0.04819423051477811,3,1.0,0.0004761904761904762,1.0,0.0
0.03142857142857143,0.003968253968253968,26.887070004189965,0.5178644850716715,seen,42008,f74c6af2d3cea45b7ecbf157c913a216f5f72ddf4779e87e04b28f5992411c45,scn3_structured_env42008,structured,0.015828259054367362,7.574034307555255,0.20609968550836805,residual_rl,31004.0,0.04918205832714949,3,1.0,0.0004761904761904762,1.0,0.0
0.03142857142857143,0.0041269841269841265,26.85457140882956,0.5673025694140541,seen,42008,f74c6af2d3cea45b7ecbf157c913a216f5f72ddf4779e87e04b28f5992411c45,scn3_structured_env42008,structured,0.015887177013009214,7.596815768380312,0.20613556894679497,wm_residual_rl,31000.0,0.04868994296568117,3,1.0,0.0004761904761904762,1.0,0.0
0.03142857142857143,0.0041269841269841265,26.881307915474682,0.5541801162188909,seen,42008,f74c6af2d3cea45b7ecbf157c913a216f5f72ddf4779e87e04b28f5992411c45,scn3_structured_env42008,structured,0.016054906314003987,7.615116639712277,0.2061351789037028,wm_residual_rl,31001.0,0.0508575640160095,3,1.0,0.0004761904761904762,1.0,0.0
0.03142857142857143,0.0041269841269841265,26.84652795974695,0.49689301025109067,seen,42008,f74c6af2d3cea45b7ecbf157c913a216f5f72ddf4779e87e04b28f5992411c45,scn3_structured_env42008,structured,0.01603489091273959,7.6197882998143305,0.2061351789037028,wm_residual_rl,31002.0,0.05163173853560357,3,1.0,0.0004761904761904762,1.0,0.0
0.03142857142857143,0.003968253968253968,26.812375320724893,0.486082753080452,seen,42008,f74c6af2d3cea45b7ecbf157c913a216f5f72ddf4779e87e04b28f5992411c45,scn3_structured_env42008,structured,0.016009207632353258,7.580345943945219,0.20613978350178355,wm_residual_rl,31003.0,0.0490293336388383,3,1.0,0.0004761904761904762,1.0,0.0
0.03142857142857143,0.003968253968253968,26.868303432626625,0.5364744299331178,seen,42008,f74c6af2d3cea45b7ecbf157c913a216f5f72ddf4779e87e04b28f5992411c45,scn3_structured_env42008,structured,0.015658591803009988,7.569259292779562,0.20610353006434373,wm_residual_rl,31004.0,0.04771763151291574,3,1.0,0.0004761904761904762,1.0,0.0
0.02857142857142857,0.004206349206349206,26.115526594024452,0.0,seen,42009,012251b380e12da897d9d8b9820422f8bcae595fe133e148d10fd3e6217d63d2,scn3_structured_env42009,structured,0.029403941030613924,7.137131164102717,0.3184551566773105,smc,,0.13433634214702758,3,1.0,0.0,1.0,0.0
0.04619047619047619,0.0002380952380952381,27.149846106770894,1.0,seen,42009,012251b380e12da897d9d8b9820422f8bcae595fe133e148d10fd3e6217d63d2,scn3_structured_env42009,structured,0.012553011457555838,6.91665867032714,0.2238461978752289,mpc,,0.05331611632502935,3,1.0,0.0,1.0,0.0
0.03142857142857143,0.004206349206349206,26.923281578340948,0.5932797619047617,seen,42009,012251b380e12da897d9d8b9820422f8bcae595fe133e148d10fd3e6217d63d2,scn3_structured_env42009,structured,0.014950934723204464,7.550314877962917,0.2025175379171577,constant_alpha,,0.04815744685647557,3,1.0,0.0,1.0,0.0
0.039523809523809524,0.0020634920634920633,27.042504134296056,0.923894728056579,seen,42009,012251b380e12da897d9d8b9820422f8bcae595fe133e148d10fd3e6217d63d2,scn3_structured_env42009,structured,0.01337706836634083,7.405868860909036,0.20283124832519006,sspo,,0.04177227944857887,3,1.0,0.0,1.0,0.0
0.039523809523809524,0.003968253968253968,27.044093757992542,0.9244608560707833,seen,42009,012251b380e12da897d9d8b9820422f8bcae595fe133e148d10fd3e6217d63d2,scn3_structured_env42009,structured,0.013370890549381292,7.277767323118714,0.20691814573184933,v3_transformer,31000.0,0.04216093390922813,3,1.0,0.0,1.0,0.0
0.039523809523809524,0.004523809523809524,27.04347693052797,0.9274968791100026,seen,42009,012251b380e12da897d9d8b9820422f8bcae595fe133e148d10fd3e6217d63d2,scn3_structured_env42009,structured,0.013213261042070044,7.284785683127604,0.20412070229787133,v3_transformer,31001.0,0.0415313484765495,3,1.0,0.0,1.0,0.0
0.039523809523809524,0.0041269841269841265,27.04491112178828,0.918448026383966,seen,42009,012251b380e12da897d9d8b9820422f8bcae595fe133e148d10fd3e6217d63d2,scn3_structured_env42009,structured,0.013236080172350397,7.251175252576801,0.20666229834788155,v3_transformer,31002.0,0.042144728322298285,3,1.0,0.0,1.0,0.0
0.039523809523809524,0.004285714285714286,27.044108586565084,0.9350225894732943,seen,42009,012251b380e12da897d9d8b9820422f8bcae595fe133e148d10fd3e6217d63d2,scn3_structured_env42009,structured,0.013119575287570894,7.317296074079023,0.20644503457084998,v3_transformer,31003.0,0.042468554934060654,3,1.0,0.0,1.0,0.0
0.039523809523809524,0.003968253968253968,27.04287873312773,0.9241204910026406,seen,42009,012251b380e12da897d9d8b9820422f8bcae595fe133e148d10fd3e6217d63d2,scn3_structured_env42009,structured,0.012979410953730642,7.303553357462088,0.20496682541622924,v3_transformer,31004.0,0.041238625255194915,3,1.0,0.0,1.0,0.0
0.039523809523809524,0.003968253968253968,27.043518470805576,0.9227747181464284,seen,42009,012251b380e12da897d9d8b9820422f8bcae595fe133e148d10fd3e6217d63d2,scn3_structured_env42009,structured,0.013245142648586231,7.275739249542123,0.20693267339283014,wm_hybrid,31000.0,0.042154632812852186,3,1.0,0.0,1.0,0.04857142857142857
0.039523809523809524,0.004523809523809524,27.04296769122625,0.9261624597361162,seen,42009,012251b380e12da897d9d8b9820422f8bcae595fe133e148d10fd3e6217d63d2,scn3_structured_env42009,structured,0.013213515047049,7.2817940195249005,0.2041241103354239,wm_hybrid,31001.0,0.04154770046631869,3,1.0,0.0,1.0,0.04857142857142857
0.039523809523809524,0.0041269841269841265,27.044822132231165,0.917582782754853,seen,42009,012251b380e12da897d9d8b9820422f8bcae595fe133e148d10fd3e6217d63d2,scn3_structured_env42009,structured,0.013220570607129733,7.248294895229475,0.2066881047480973,wm_hybrid,31002.0,0.04216888233396088,3,1.0,0.0,1.0,0.04857142857142857
0.039523809523809524,0.004206349206349206,27.044144817051592,0.9330114822293578,seen,42009,012251b380e12da897d9d8b9820422f8bcae595fe133e148d10fd3e6217d63d2,scn3_structured_env42009,structured,0.013146326647161925,7.312991348133683,0.20646044457362786,wm_hybrid,31003.0,0.042476822821170435,3,1.0,0.0,1.0,0.04857142857142857
0.039523809523809524,0.003968253968253968,27.042420645910585,0.9222853997666072,seen,42009,012251b380e12da897d9d8b9820422f8bcae595fe133e148d10fd3e6217d63d2,scn3_structured_env42009,structured,0.012969770863355781,7.299870707748382,0.2049721060973357,wm_hybrid,31004.0,0.04125341514963752,3,1.0,0.0,1.0,0.04857142857142857
0.03142857142857143,0.004206349206349206,26.854922380908967,0.5462378232258183,seen,42009,012251b380e12da897d9d8b9820422f8bcae595fe133e148d10fd3e6217d63d2,scn3_structured_env42009,structured,0.014436616639635877,7.531556677582701,0.2025217640947444,residual_rl,31000.0,0.04755413799829899,3,1.0,0.0,1.0,0.0
0.030952380952380953,0.004206349206349206,26.886305759208142,0.5501848159800112,seen,42009,012251b380e12da897d9d8b9820422f8bcae595fe133e148d10fd3e6217d63d2,scn3_structured_env42009,structured,0.015680397221859276,7.526010969299914,0.20252415836761997,residual_rl,31001.0,0.04722243087707906,3,1.0,0.0,1.0,0.0
0.030952380952380953,0.004206349206349206,26.869269701013767,0.543394772042387,seen,42009,012251b380e12da897d9d8b9820422f8bcae595fe133e148d10fd3e6217d63d2,scn3_structured_env42009,structured,0.014362806376183814,7.550994813643208,0.20251759908388997,residual_rl,31002.0,0.04850758866684151,3,1.0,0.0,1.0,0.0
0.030952380952380953,0.004206349206349206,26.88512121115028,0.5435383027719103,seen,42009,012251b380e12da897d9d8b9820422f8bcae595fe133e148d10fd3e6217d63d2,scn3_structured_env42009,structured,0.015699780551553726,7.527795321811363,0.20252375997126504,residual_rl,31003.0,0.047423363448885904,3,1.0,0.0004761904761904762,1.0,0.0
0.030952380952380953,0.004206349206349206,26.89612710086624,0.5180965592490324,seen,42009,012251b380e12da897d9d8b9820422f8bcae595fe133e148d10fd3e6217d63d2,scn3_structured_env42009,structured,0.015698996572754573,7.5361416849285625,0.2025175379171577,residual_rl,31004.0,0.048626943326298085,3,1.0,0.0,1.0,0.0
0.030952380952380953,0.004365079365079365,26.87140467924377,0.5674447968979176,seen,42009,012251b380e12da897d9d8b9820422f8bcae595fe133e148d10fd3e6217d63d2,scn3_structured_env42009,structured,0.015588013814741888,7.553232092656246,0.20251840495757265,wm_residual_rl,31000.0,0.04789695099425353,3,1.0,0.0,1.0,0.0
0.030952380952380953,0.004365079365079365,26.893490078252473,0.5541102983281201,seen,42009,012251b380e12da897d9d8b9820422f8bcae595fe133e148d10fd3e6217d63d2,scn3_structured_env42009,structured,0.015741070266364086,7.571471329410075,0.2025177000586105,wm_residual_rl,31001.0,0.049916804369463934,3,1.0,0.0,1.0,0.0
0.030952380952380953,0.004365079365079365,26.85951148928333,0.49729180792530703,seen,42009,012251b380e12da897d9d8b9820422f8bcae595fe133e148d10fd3e6217d63d2,scn3_structured_env42009,structured,0.015710408526090666,7.576578309724829,0.20251897357452073,wm_residual_rl,31002.0,0.0506752642528815,3,1.0,0.0,1.0,0.0
0.03142857142857143,0.004206349206349206,26.831294786698447,0.48647282478052756,seen,42009,012251b380e12da897d9d8b9820422f8bcae595fe133e148d10fd3e6217d63d2,scn3_structured_env42009,structured,0.015686178129251667,7.536800600538325,0.20252346129675666,wm_residual_rl,31003.0,0.048222458148278316,3,1.0,0.0,1.0,0.0
0.030952380952380953,0.004206349206349206,26.87420722142734,0.5368687189464544,seen,42009,012251b380e12da897d9d8b9820422f8bcae595fe133e148d10fd3e6217d63d2,scn3_structured_env42009,structured,0.015682750986857084,7.532363254498747,0.20252172906404733,wm_residual_rl,31004.0,0.047245478873772395,3,1.0,0.0,1.0,0.0
0.029523809523809525,0.004365079365079365,26.275927099533227,0.0,seen,42010,e4ce37204adc9d5f06415a7190b32b2683a3da77c4b1a2d82c2ea758042506f3,scn3_structured_env42010,structured,0.030951411151540285,7.203571492255455,0.347562834997443,smc,,0.1396216449559318,3,1.0,0.0004761904761904762,1.0,0.0
0.045714285714285714,0.00047619047619047614,27.225076224533204,1.0,seen,42010,e4ce37204adc9d5f06415a7190b32b2683a3da77c4b1a2d82c2ea758042506f3,scn3_structured_env42010,structured,0.01301537473650893,6.842412862577817,0.24524465201401774,mpc,,0.0578112020164598,3,1.0,0.0,1.0,0.0
0.03142857142857143,0.004285714285714286,27.01149829019583,0.5929940476190474,seen,42010,e4ce37204adc9d5f06415a7190b32b2683a3da77c4b1a2d82c2ea758042506f3,scn3_structured_env42010,structured,0.015238968825728103,7.615106085272671,0.26081040913078374,constant_alpha,,0.05593909679702149,3,1.0,0.0004761904761904762,1.0,0.0
0.0380952380952381,0.0023015873015873015,27.12018821558163,0.9245008593525483,seen,42010,e4ce37204adc9d5f06415a7190b32b2683a3da77c4b1a2d82c2ea758042506f3,scn3_structured_env42010,structured,0.013809490411318933,7.43557091169868,0.2594429845881179,sspo,,0.05080562066939572,3,1.0,0.0,1.0,0.0
0.0380952380952381,0.004206349206349206,27.123678148236856,0.907907925200629,seen,42010,e4ce37204adc9d5f06415a7190b32b2683a3da77c4b1a2d82c2ea758042506f3,scn3_structured_env42010,structured,0.013463612943093166,7.300821183851018,0.2625518080729657,v3_transformer,31000.0,0.05168151345729723,3,1.0,0.0,1.0,0.0
0.03761904761904762,0.004603174603174603,27.12251639455951,0.9124135286696818,seen,42010,e4ce37204adc9d5f06415a7190b32b2683a3da77c4b1a2d82c2ea758042506f3,scn3_structured_env42010,structured,0.013778939288578328,7.26497064418465,0.2603032710889024,v3_transformer,31001.0,0.05163517008320932,3,1.0,0.0,1.0,0.0
0.0380952380952381,0.004603174603174603,27.11385099637375,0.9161121781207493,seen,42010,e4ce37204adc9d5f06415a7190b32b2683a3da77c4b1a2d82c2ea758042506f3,scn3_structured_env42010,structured,0.013591434816188129,7.311316404602712,0.25984286520997824,v3_transformer,31002.0,0.05047905259421601,3,1.0,0.0,1.0,0.0
0.0380952380952381,0.004603174603174603,27.116722738751115,0.9322787422635354,seen,42010,e4ce37204adc9d5f06415a7190b32b2683a3da77c4b1a2d82c2ea758042506f3,scn3_structured_env42010,structured,0.013772566482652258,7.3567217659504065,0.26048515262544014,v3_transformer,31003.0,0.051164579894452875,3,1.0,0.0009523809523809524,1.0,0.0
0.0380952380952381,0.0041269841269841265,27.128430845591108,0.9192941924385352,seen,42010,e4ce37204adc9d5f06415a7190b32b2683a3da77c4b1a2d82c2ea758042506f3,scn3_structured_env42010,structured,0.013638409707043863,7.361747406669324,0.26302922942217283,v3_transformer,31004.0,0.051515978502934344,3,1.0,0.0004761904761904762,1.0,0.0
0.0380952380952381,0.004206349206349206,27.12404540522678,0.9069497890006124,seen,42010,e4ce37204adc9d5f06415a7190b32b2683a3da77c4b1a2d82c2ea758042506f3,scn3_structured_env42010,structured,0.013434908094160022,7.297019313616262,0.2625529657874635,wm_hybrid,31000.0,0.051713846719854524,3,1.0,0.0,1.0,0.04857142857142857
0.03761904761904762,0.004444444444444444,27.121602217067576,0.9110928703057609,seen,42010,e4ce37204adc9d5f06415a7190b32b2683a3da77c4b1a2d82c2ea758042506f3,scn3_structured_env42010,structured,0.013749359997100528,7.262487488430462,0.2603032710889024,wm_hybrid,31001.0,0.05164935515411771,3,1.0,0.0,1.0,0.04857142857142857
0.0380952380952381,0.004523809523809524,27.113790575087037,0.915849907887722,seen,42010,e4ce37204adc9d5f06415a7190b32b2683a3da77c4b1a2d82c2ea758042506f3,scn3_structured_env42010,structured,0.01356127176414197,7.309873262627865,0.25984329759172486,wm_hybrid,31002.0,0.05049763394277512,3,1.0,0.0,1.0,0.04857142857142857
0.0380952380952381,0.004603174603174603,27.115661908719304,0.9308534689075731,seen,42010,e4ce37204adc9d5f06415a7190b32b2683a3da77c4b1a2d82c2ea758042506f3,scn3_structured_env42010,structured,0.013540187223299334,7.358274294430756,0.26048515262544014,wm_hybrid,31003.0,0.051174367815421944,3,1.0,0.0,1.0,0.04857142857142857
0.0380952380952381,0.004285714285714286,27.121224336408424,0.9170354106709862,seen,42010,e4ce37204adc9d5f06415a7190b32b2683a3da77c4b1a2d82c2ea758042506f3,scn3_structured_env42010,structured,0.01330177581825639,7.325397247248796,0.26158582837429273,wm_hybrid,31004.0,0.05128435487790138,3,1.0,0.0,1.0,0.04857142857142857
0.03142857142857143,0.004285714285714286,26.93733278170512,0.5462558767705064,seen,42010,e4ce37204adc9d5f06415a7190b32b2683a3da77c4b1a2d82c2ea758042506f3,scn3_structured_env42010,structured,0.014611400364422716,7.5564958323049,0.25899571415557654,residual_rl,31000.0,0.05517994933129664,3,1.0,0.0,1.0,0.0
0.03142857142857143,0.004285714285714286,26.972535403927928,0.5499911702831339,seen,42010,e4ce37204adc9d5f06415a7190b32b2683a3da77c4b1a2d82c2ea758042506f3,scn3_structured_env42010,structured,0.016071162665356745,7.591013073233701,0.26081040913078374,residual_rl,31001.0,0.05523608627746331,3,1.0,0.0004761904761904762,1.0,0.0
0.03142857142857143,0.004285714285714286,26.951843659602773,0.5435782742225884,seen,42010,e4ce37204adc9d5f06415a7190b32b2683a3da77c4b1a2d82c2ea758042506f3,scn3_structured_env42010,structured,0.014563617400749882,7.57560406650617,0.25899557240537435,residual_rl,31002.0,0.05598251970439622,3,1.0,0.0,1.0,0.0
0.03142857142857143,0.004285714285714286,26.96560472537442,0.54281741752565,seen,42010,e4ce37204adc9d5f06415a7190b32b2683a3da77c4b1a2d82c2ea758042506f3,scn3_structured_env42010,structured,0.01602871895596218,7.553275723627706,0.25899590970331793,residual_rl,31003.0,0.055095890369930345,3,1.0,0.0,1.0,0.0
0.03142857142857143,0.004285714285714286,26.97992619155357,0.518128024851528,seen,42010,e4ce37204adc9d5f06415a7190b32b2683a3da77c4b1a2d82c2ea758042506f3,scn3_structured_env42010,structured,0.01602759135984475,7.560666223728912,0.2589956228918373,residual_rl,31004.0,0.05601483031667649,3,1.0,0.0,1.0,0.0
0.03142857142857143,0.004285714285714286,26.954572621194185,0.5675333569769143,seen,42010,e4ce37204adc9d5f06415a7190b32b2683a3da77c4b1a2d82c2ea758042506f3,scn3_structured_env42010,structured,0.01591952332271738,7.581083518124091,0.25899562208053123,wm_residual_rl,31000.0,0.05565396355309356,3,1.0,0.0,1.0,0.0
0.03142857142857143,0.004444444444444444,26.98067575956283,0.5552015934855945,seen,42010,e4ce37204adc9d5f06415a7190b32b2683a3da77c4b1a2d82c2ea758042506f3,scn3_structured_env42010,structured,0.016102607158589854,7.5967503949826805,0.25899562208053123,wm_residual_rl,31001.0,0.05726428423527593,3,1.0,0.0,1.0,0.0
0.03142857142857143,0.004444444444444444,26.944722499093047,0.4979420790871583,seen,42010,e4ce37204adc9d5f06415a7190b32b2683a3da77c4b1a2d82c2ea758042506f3,scn3_structured_env42010,structured,0.016074200872848617,7.600527828284155,0.2589955744934591,wm_residual_rl,31002.0,0.057759776999201776,3,1.0,0.0,1.0,0.0
0.03142857142857143,0.004285714285714286,26.91333705058814,0.48620926472698,seen,42010,e4ce37204adc9d5f06415a7190b32b2683a3da77c4b1a2d82c2ea758042506f3,scn3_structured_env42010,structured,0.016050258434800565,7.561526364150768,0.2589957748347325,wm_residual_rl,31003.0,0.05573356824632732,3,1.0,0.0,1.0,0.0
0.03142857142857143,0.004285714285714286,26.9549181885542,0.5368733225557784,seen,42010,e4ce37204adc9d5f06415a7190b32b2683a3da77c4b1a2d82c2ea758042506f3,scn3_structured_env42010,structured,0.016036071320431795,7.557430249639686,0.2589957567397474,wm_residual_rl,31004.0,0.05494044706539023,3,1.0,0.0,1.0,0.0
0.02857142857142857,0.0041269841269841265,26.151615541261265,0.0,seen,42011,5d38b7d708947629dc6219ce672f03aa2eab5b5462ad67d67313e80127260bea,scn3_structured_env42011,structured,0.03104089017573149,7.17662671690481,0.33536572365968254,smc,,0.13698148652335107,3,1.0,0.0004761904761904762,1.0,0.0
0.04523809523809524,0.00039682539682539677,27.191858979409098,1.0,seen,42011,5d38b7d708947629dc6219ce672f03aa2eab5b5462ad67d67313e80127260bea,scn3_structured_env42011,structured,0.012640103318281332,6.898250087105325,0.2245000483559644,mpc,,0.05421852129438803,3,1.0,0.0,1.0,0.0
0.03238095238095238,0.004047619047619047,26.938177320708988,0.5932797619047617,seen,42011,5d38b7d708947629dc6219ce672f03aa2eab5b5462ad67d67313e80127260bea,scn3_structured_env42011,structured,0.015147229333949267,7.575104824788587,0.23075318651579413,constant_alpha,,0.05176295984319235,3,1.0,0.0,1.0,0.0
0.03857142857142857,0.001825396825396825,27.058050843483752,0.9247963207796449,seen,42011,5d38b7d708947629dc6219ce672f03aa2eab5b5462ad67d67313e80127260bea,scn3_structured_env42011,structured,0.013279327374444516,7.436398229760933,0.23077302325591803,sspo,,0.046162153006082576,3,1.0,0.0,1.0,0.0
0.03857142857142857,0.003968253968253968,27.046751450809865,0.9111287695434969,seen,42011,5d38b7d708947629dc6219ce672f03aa2eab5b5462ad67d67313e80127260bea,scn3_structured_env42011,structured,0.013143508831771082,7.334300284378802,0.23288476798191912,v3_transformer,31000.0,0.04610052149724672,3,1.0,0.0,1.0,0.0
0.03857142857142857,0.004285714285714286,27.045307299678143,0.9109972962104776,seen,42011,5d38b7d708947629dc6219ce672f03aa2eab5b5462ad67d67313e80127260bea,scn3_structured_env42011,structured,0.013136622725386621,7.322355027150727,0.23125724463056224,v3_transformer,31001.0,0.045750958158555635,3,1.0,0.0,1.0,0.0
0.03857142857142857,0.004047619047619047,27.045195160360073,0.9175265059735845,seen,42011,5d38b7d708947629dc6219ce672f03aa2eab5b5462ad67d67313e80127260bea,scn3_structured_env42011,structured,0.013230901429384344,7.345607425075656,0.2308456569341957,v3_transformer,31002.0,0.04518287366664817,3,1.0,0.0,1.0,0.0
0.03857142857142857,0.004206349206349206,27.05134053465321,0.9319764275123297,seen,42011,5d38b7d708947629dc6219ce672f03aa2eab5b5462ad67d67313e80127260bea,scn3_structured_env42011,structured,0.013211566317346213,7.421118490406402,0.23290423899758186,v3_transformer,31003.0,0.045807515925641834,3,1.0,0.0019047619047619048,1.0,0.0
0.03857142857142857,0.0041269841269841265,27.051224880884874,0.9257120359243576,seen,42011,5d38b7d708947629dc6219ce672f03aa2eab5b5462ad67d67313e80127260bea,scn3_structured_env42011,structured,0.013314771929221054,7.3548200450414996,0.23185983192924758,v3_transformer,31004.0,0.04545784394860095,3,1.0,0.0,1.0,0.0
0.0380952380952381,0.0038888888888888888,27.046952340893906,0.9106750414435231,seen,42011,5d38b7d708947629dc6219ce672f03aa2eab5b5462ad67d67313e80127260bea,scn3_structured_env42011,structured,0.013223170719971028,7.331439209249513,0.2328858060063361,wm_hybrid,31000.0,0.046137598806065376,3,1.0,0.0,1.0,0.04904761904761905
0.0380952380952381,0.004285714285714286,27.046283128343248,0.9107734003531152,seen,42011,5d38b7d708947629dc6219ce672f03aa2eab5b5462ad67d67313e80127260bea,scn3_structured_env42011,structured,0.013343621566809929,7.321458694643846,0.23125724463056224,wm_hybrid,31001.0,0.045805341460210744,3,1.0,0.0,1.0,0.04904761904761905
0.03761904761904762,0.004285714285714286,27.044576254665163,0.9164951523022143,seen,42011,5d38b7d708947629dc6219ce672f03aa2eab5b5462ad67d67313e80127260bea,scn3_structured_env42011,structured,0.013177422599553842,7.345148771463848,0.23084566273141516,wm_hybrid,31002.0,0.04517990721098746,3,1.0,0.0,1.0,0.04904761904761905
0.0380952380952381,0.004285714285714286,27.042785472113756,0.9300492913289738,seen,42011,5d38b7d708947629dc6219ce672f03aa2eab5b5462ad67d67313e80127260bea,scn3_structured_env42011,structured,0.01313804448395045,7.375984562176922,0.2310261997318425,wm_hybrid,31003.0,0.04546040946425238,3,1.0,0.0,1.0,0.04904761904761905
0.03761904761904762,0.0037301587301587294,27.050763849822907,0.9232645619254848,seen,42011,5d38b7d708947629dc6219ce672f03aa2eab5b5462ad67d67313e80127260bea,scn3_structured_env42011,structured,0.013388346073541993,7.349392981110014,0.23185983192924758,wm_hybrid,31004.0,0.045482775750468836,3,1.0,0.0,1.0,0.04904761904761905
0.032857142857142856,0.004047619047619047,26.877153866918565,0.5462613411650468,seen,42011,5d38b7d708947629dc6219ce672f03aa2eab5b5462ad67d67313e80127260bea,scn3_structured_env42011,structured,0.014319475522983606,7.55480856089629,0.23075437894555256,residual_rl,31000.0,0.05104314342966334,3,1.0,0.0,1.0,0.0
0.03190476190476191,0.003968253968253968,26.907190769796454,0.5500420218840495,seen,42011,5d38b7d708947629dc6219ce672f03aa2eab5b5462ad67d67313e80127260bea,scn3_structured_env42011,structured,0.015836272005502423,7.592714147699223,0.23271172518005698,residual_rl,31001.0,0.051205212384493694,3,1.0,0.0004761904761904762,1.0,0.0
0.03190476190476191,0.0041269841269841265,26.88690961413782,0.5440510495783843,seen,42011,5d38b7d708947629dc6219ce672f03aa2eab5b5462ad67d67313e80127260bea,scn3_structured_env42011,structured,0.01455381243200755,7.5776953592908685,0.23075318651579413,residual_rl,31002.0,0.05227804836974273,3,1.0,0.0,1.0,0.0
0.03190476190476191,0.0041269841269841265,26.90361547163543,0.542755085966316,seen,42011,5d38b7d708947629dc6219ce672f03aa2eab5b5462ad67d67313e80127260bea,scn3_structured_env42011,structured,0.015778913546019367,7.552245554156293,0.23075538484444338,residual_rl,31003.0,0.050997849224424935,3,1.0,0.0,1.0,0.0
0.03190476190476191,0.003968253968253968,26.91250656092141,0.517777495129654,seen,42011,5d38b7d708947629dc6219ce672f03aa2eab5b5462ad67d67313e80127260bea,scn3_structured_env42011,structured,0.015985721877269186,7.560362668879815,0.23075318651579413,residual_rl,31004.0,0.05214480583109253,3,1.0,0.0,1.0,0.0
0.03190476190476191,0.0041269841269841265,26.88795978385342,0.5674109322161293,seen,42011,5d38b7d708947629dc6219ce672f03aa2eab5b5462ad67d67313e80127260bea,scn3_structured_env42011,structured,0.015800632517855535,7.5789950944494615,0.23075318651579413,wm_residual_rl,31000.0,0.05161182044193761,3,1.0,0.0,1.0,0.0
0.03190476190476191,0.0041269841269841265,26.915409752238084,0.5549334941586137,seen,42011,5d38b7d708947629dc6219ce672f03aa2eab5b5462ad67d67313e80127260bea,scn3_structured_env42011,structured,0.01606603386497518,7.596578280777332,0.23075318651579413,wm_residual_rl,31001.0,0.05355000117032578,3,1.0,0.0,1.0,0.0
0.03190476190476191,0.0041269841269841265,26.879785898714346,0.49760125693648943,seen,42011,5d38b7d708947629dc6219ce672f03aa2eab5b5462ad67d67313e80127260bea,scn3_structured_env42011,structured,0.016043753729054897,7.600268255672245,0.23075318651579413,wm_residual_rl,31002.0,0.054152650125578176,3,1.0,0.0,1.0,0.0
0.032857142857142856,0.0041269841269841265,26.855795032667494,0.48608160348471646,seen,42011,5d38b7d708947629dc6219ce672f03aa2eab5b5462ad67d67313e80127260bea,scn3_structured_env42011,structured,0.015707893763468376,7.558888509011729,0.2307548362547081,wm_residual_rl,31003.0,0.05157299322163192,3,1.0,0.0,1.0,0.0
0.03190476190476191,0.003968253968253968,26.89589370422709,0.5365153147880309,seen,42011,5d38b7d708947629dc6219ce672f03aa2eab5b5462ad67d67313e80127260bea,scn3_structured_env42011,structured,0.015696462923553454,7.555583374881496,0.23075460080774193,wm_residual_rl,31004.0,0.05077118276502997,3,1.0,0.0,1.0,0.0
0.02857142857142857,0.004444444444444444,26.13990589808952,0.0,seen,42012,f45538dfc897d669f23b0bde7fb5787b9067ca2db72d4de1b083fc193d42af49,scn3_structured_env42012,structured,0.030038294293409498,7.147746818698304,0.3293473775137795,smc,,0.13644587541775755,3,1.0,0.0,1.0,0.0
0.04523809523809524,0.0002380952380952381,27.18011927122557,1.0,seen,42012,f45538dfc897d669f23b0bde7fb5787b9067ca2db72d4de1b083fc193d42af49,scn3_structured_env42012,structured,0.012815117008338161,6.930933862299506,0.22151766995508762,mpc,,0.05392169476517243,3,1.0,0.0,1.0,0.0
0.03190476190476191,0.004285714285714286,26.945261381694046,0.5932797619047617,seen,42012,f45538dfc897d669f23b0bde7fb5787b9067ca2db72d4de1b083fc193d42af49,scn3_structured_env42012,structured,0.014541921692851489,7.568695038959044,0.22708170948025164,constant_alpha,,0.05092475188343633,3,1.0,0.0,1.0,0.0
0.03857142857142857,0.002222222222222222,27.05486843211439,0.923302868595448,seen,42012,f45538dfc897d669f23b0bde7fb5787b9067ca2db72d4de1b083fc193d42af49,scn3_structured_env42012,structured,0.012749413446813304,7.4198130084883225,0.22769076388286827,sspo,,0.04532840719464925,3,1.0,0.0,1.0,0.0
0.0380952380952381,0.0041269841269841265,27.06621333122514,0.9094607945167237,seen,42012,f45538dfc897d669f23b0bde7fb5787b9067ca2db72d4de1b083fc193d42af49,scn3_structured_env42012,structured,0.013007409268843388,7.292072028538805,0.2340596903298259,v3_transformer,31000.0,0.046958293993767004,3,1.0,0.0004761904761904762,1.0,0.0
0.0380952380952381,0.004603174603174603,27.0593396723345,0.9239075404899042,seen,42012,f45538dfc897d669f23b0bde7fb5787b9067ca2db72d4de1b083fc193d42af49,scn3_structured_env42012,structured,0.012691712690839628,7.267822691493265,0.22857903446788083,v3_transformer,31001.0,0.04574044991282914,3,1.0,0.0,1.0,0.0
0.03857142857142857,0.004603174603174603,27.05052318325269,0.9172847609497095,seen,42012,f45538dfc897d669f23b0bde7fb5787b9067ca2db72d4de1b083fc193d42af49,scn3_structured_env42012,structured,0.012481598113741322,7.291882098397155,0.22883377042255426,v3_transformer,31002.0,0.04515049105896513,3,1.0,0.0,1.0,0.0
0.0380952380952381,0.004603174603174603,27.058584988853138,0.9350504908586381,seen,42012,f45538dfc897d669f23b0bde7fb5787b9067ca2db72d4de1b083fc193d42af49,scn3_structured_env42012,structured,0.012955504525377082,7.336426439233002,0.2305207755793629,v3_transformer,31003.0,0.04627699625543121,3,1.0,0.0,1.0,0.0
0.03619047619047619,0.0041269841269841265,27.06510364162349,0.9219238763761209,seen,42012,f45538dfc897d669f23b0bde7fb5787b9067ca2db72d4de1b083fc193d42af49,scn3_structured_env42012,structured,0.013112958025213249,7.357805517550711,0.23086911719005496,v3_transformer,31004.0,0.045435353471982506,3,1.0,0.0004761904761904762,1.0,0.0
0.0380952380952381,0.0041269841269841265,27.061705996845358,0.9105305191581213,seen,42012,f45538dfc897d669f23b0bde7fb5787b9067ca2db72d4de1b083fc193d42af49,scn3_structured_env42012,structured,0.0131217965831163,7.254904865605705,0.23240799437077225,wm_hybrid,31000.0,0.046668624005418144,3,1.0,0.0,1.0,0.04857142857142857
0.0380952380952381,0.004603174603174603,27.059118730654955,0.9219532381694219,seen,42012,f45538dfc897d669f23b0bde7fb5787b9067ca2db72d4de1b083fc193d42af49,scn3_structured_env42012,structured,0.012684218621197141,7.263713531459978,0.22857992422104684,wm_hybrid,31001.0,0.0457680915350174,3,1.0,0.0,1.0,0.04857142857142857
0.0380952380952381,0.004603174603174603,27.052029597447824,0.9171220978695809,seen,42012,f45538dfc897d669f23b0bde7fb5787b9067ca2db72d4de1b083fc193d42af49,scn3_structured_env42012,structured,0.012581487332274299,7.287701592735261,0.2288351546148776,wm_hybrid,31002.0,0.04517878641645707,3,1.0,0.0,1.0,0.04857142857142857
0.0380952380952381,0.004603174603174603,27.058633008501317,0.933077627246739,seen,42012,f45538dfc897d669f23b0bde7fb5787b9067ca2db72d4de1b083fc193d42af49,scn3_structured_env42012,structured,0.012950630147892911,7.331580157747702,0.23052621870399992,wm_hybrid,31003.0,0.04628426675138958,3,1.0,0.0,1.0,0.04857142857142857
0.03619047619047619,0.0041269841269841265,27.058990534669128,0.9205334635871356,seen,42012,f45538dfc897d669f23b0bde7fb5787b9067ca2db72d4de1b083fc193d42af49,scn3_structured_env42012,structured,0.01308773981785206,7.312658996502252,0.22926721638331626,wm_hybrid,31004.0,0.045233564921193674,3,1.0,0.0,1.0,0.04857142857142857
0.03190476190476191,0.004285714285714286,26.874888420729075,0.5460466398082668,seen,42012,f45538dfc897d669f23b0bde7fb5787b9067ca2db72d4de1b083fc193d42af49,scn3_structured_env42012,structured,0.0141145598480294,7.550257226311021,0.22708323728105193,residual_rl,31000.0,0.05049164026974247,3,1.0,0.0,1.0,0.0
0.03190476190476191,0.004285714285714286,26.904777441845344,0.5501000498135787,seen,42012,f45538dfc897d669f23b0bde7fb5787b9067ca2db72d4de1b083fc193d42af49,scn3_structured_env42012,structured,0.015274380451383412,7.545063424786588,0.22708441645050323,residual_rl,31001.0,0.050218661067412705,3,1.0,0.0,1.0,0.0
0.03190476190476191,0.005,26.945935144377806,0.5367874201139035,seen,42012,f45538dfc897d669f23b0bde7fb5787b9067ca2db72d4de1b083fc193d42af49,scn3_structured_env42012,structured,0.014083586462040483,7.402353313280728,0.2403336884267202,residual_rl,31002.0,0.053212748723021445,3,1.0,0.002380952380952381,1.0,0.0
0.03190476190476191,0.004365079365079365,26.903690557094556,0.5432796902777683,seen,42012,f45538dfc897d669f23b0bde7fb5787b9067ca2db72d4de1b083fc193d42af49,scn3_structured_env42012,structured,0.015368675771808124,7.54702419627781,0.22708430114299502,residual_rl,31003.0,0.05039697477129884,3,1.0,0.0,1.0,0.0
0.03190476190476191,0.004285714285714286,26.918447561498546,0.5177590486323327,seen,42012,f45538dfc897d669f23b0bde7fb5787b9067ca2db72d4de1b083fc193d42af49,scn3_structured_env42012,structured,0.015266117270913083,7.5541536605091695,0.22708174415400573,residual_rl,31004.0,0.05134559939655089,3,1.0,0.0,1.0,0.0
0.03190476190476191,0.004444444444444444,26.893111644103875,0.5669931222649792,seen,42012,f45538dfc897d669f23b0bde7fb5787b9067ca2db72d4de1b083fc193d42af49,scn3_structured_env42012,structured,0.015146911612445867,7.572973458066955,0.22708170948025164,wm_residual_rl,31000.0,0.050827285940325255,3,1.0,0.0,1.0,0.0
0.03190476190476191,0.004444444444444444,26.91740292208262,0.5542737185026165,seen,42012,f45538dfc897d669f23b0bde7fb5787b9067ca2db72d4de1b083fc193d42af49,scn3_structured_env42012,structured,0.015301849218579184,7.589614363168367,0.22708174415400573,wm_residual_rl,31001.0,0.052598519674951494,3,1.0,0.0,1.0,0.0
0.03190476190476191,0.004444444444444444,26.87645260045698,0.4968300572908548,seen,42012,f45538dfc897d669f23b0bde7fb5787b9067ca2db72d4de1b083fc193d42af49,scn3_structured_env42012,structured,0.01530100428840295,7.594497543109987,0.22708220352076142,wm_residual_rl,31002.0,0.05318353488371842,3,1.0,0.0,1.0,0.0
0.03190476190476191,0.004365079365079365,26.850070495138084,0.4861398176615079,seen,42012,f45538dfc897d669f23b0bde7fb5787b9067ca2db72d4de1b083fc193d42af49,scn3_structured_env42012,structured,0.015312124207782848,7.555854812188894,0.22708407660828564,wm_residual_rl,31003.0,0.05114269395309775,3,1.0,0.0,1.0,0.0
0.03190476190476191,0.004285714285714286,26.893485714201088,0.5367810986672842,seen,42012,f45538dfc897d669f23b0bde7fb5787b9067ca2db72d4de1b083fc193d42af49,scn3_structured_env42012,structured,0.015298918995790127,7.551176895544866,0.2270833106281947,wm_residual_rl,31004.0,0.05020930925956204,3,1.0,0.0,1.0,0.0
0.027142857142857142,0.003968253968253968,26.192455794257484,0.0,seen,42013,7193bc181bd28c730fd2b81b99fb81008c90383cac925aee903ad1b4145afc27,scn3_structured_env42013,structured,0.02945871543786174,7.172310537914344,0.3522125773346285,smc,,0.14065687617870512,3,1.0,0.0,1.0,0.0
0.04523809523809524,0.00015873015873015873,27.281789895250522,1.0,seen,42013,7193bc181bd28c730fd2b81b99fb81008c90383cac925aee903ad1b4145afc27,scn3_structured_env42013,structured,0.012382263866575302,6.969100320925191,0.2261120949101521,mpc,,0.05751156484713378,3,1.0,0.0004761904761904762,1.0,0.0
0.03333333333333333,0.003968253968253968,26.987124116020485,0.5932797619047617,seen,42013,7193bc181bd28c730fd2b81b99fb81008c90383cac925aee903ad1b4145afc27,scn3_structured_env42013,structured,0.014244063110022243,7.607530797983715,0.27107131649579597,constant_alpha,,0.05656904233800974,3,1.0,0.0,1.0,0.0
0.03761904761904762,0.0019047619047619048,27.079548583873848,0.9240478753643455,seen,42013,7193bc181bd28c730fd2b81b99fb81008c90383cac925aee903ad1b4145afc27,scn3_structured_env42013,structured,0.012716529922296103,7.454449536351152,0.27178758928288277,sspo,,0.05255595645449224,3,1.0,0.0,1.0,0.0
0.03761904761904762,0.004126984126984127,27.08948881812228,0.9045438225844189,seen,42013,7193bc181bd28c730fd2b81b99fb81008c90383cac925aee903ad1b4145afc27,scn3_structured_env42013,structured,0.0128409957168738,7.251435178776462,0.27658927846230397,v3_transformer,31000.0,0.05481842702582592,3,1.0,0.0,1.0,0.0
0.03761904761904762,0.004285714285714286,27.084115308645615,0.910292959968749,seen,42013,7193bc181bd28c730fd2b81b99fb81008c90383cac925aee903ad1b4145afc27,scn3_structured_env42013,structured,0.012840438230478434,7.26124110347896,0.27208720533106284,v3_transformer,31001.0,0.053619019418689316,3,1.0,0.0,1.0,0.0
0.03761904761904762,0.004285714285714286,27.08067438936404,0.9179912454476908,seen,42013,7193bc181bd28c730fd2b81b99fb81008c90383cac925aee903ad1b4145afc27,scn3_structured_env42013,structured,0.012864249246317355,7.349711122069624,0.2710846672198707,v3_transformer,31002.0,0.05152523236978307,3,1.0,0.0,1.0,0.0
0.03761904761904762,0.004126984126984127,27.075189382293804,0.9339926940324003,seen,42013,7193bc181bd28c730fd2b81b99fb81008c90383cac925aee903ad1b4145afc27,scn3_structured_env42013,structured,0.012869417195236633,7.398325151548002,0.27150311377379316,v3_transformer,31003.0,0.05229822693518043,3,1.0,0.0009523809523809524,1.0,0.0
0.03761904761904762,0.0038888888888888896,27.08473301427126,0.9209655215092859,seen,42013,7193bc181bd28c730fd2b81b99fb81008c90383cac925aee903ad1b4145afc27,scn3_structured_env42013,structured,0.012989606604267966,7.355335020691234,0.27284862560605466,v3_transformer,31004.0,0.05275646373862569,3,1.0,0.0,1.0,0.0
0.03761904761904762,0.003968253968253968,27.089636366742788,0.9030177620512426,seen,42013,7193bc181bd28c730fd2b81b99fb81008c90383cac925aee903ad1b4145afc27,scn3_structured_env42013,structured,0.01295366642925507,7.250868021879146,0.27658927846230397,wm_hybrid,31000.0,0.054849067268760154,3,1.0,0.0,1.0,0.04904761904761905
0.03761904761904762,0.004285714285714286,27.08366049960552,0.9096121435173262,seen,42013,7193bc181bd28c730fd2b81b99fb81008c90383cac925aee903ad1b4145afc27,scn3_structured_env42013,structured,0.012836100525448061,7.260058211715233,0.27208720533106284,wm_hybrid,31001.0,0.05361071143709883,3,1.0,0.0,1.0,0.04904761904761905
0.03761904761904762,0.004285714285714286,27.080871303122336,0.917458074572865,seen,42013,7193bc181bd28c730fd2b81b99fb81008c90383cac925aee903ad1b4145afc27,scn3_structured_env42013,structured,0.012950660459075856,7.345832897130323,0.2710846672198707,wm_hybrid,31002.0,0.05155678226956183,3,1.0,0.0,1.0,0.04904761904761905
0.03761904761904762,0.004126984126984127,27.075510799676472,0.9325178530019329,seen,42013,7193bc181bd28c730fd2b81b99fb81008c90383cac925aee903ad1b4145afc27,scn3_structured_env42013,structured,0.012878248144492576,7.392747621520461,0.2715042293860454,wm_hybrid,31003.0,0.052326463996143456,3,1.0,0.0,1.0,0.04904761904761905
0.03761904761904762,0.0038888888888888896,27.084537702471202,0.9194278320506408,seen,42013,7193bc181bd28c730fd2b81b99fb81008c90383cac925aee903ad1b4145afc27,scn3_structured_env42013,structured,0.01299102286261122,7.353621333683826,0.27284862560605466,wm_hybrid,31004.0,0.052766842968199036,3,1.0,0.0,1.0,0.04904761904761905
0.03380952380952381,0.003968253968253968,26.934831900178793,0.5466346931117518,seen,42013,7193bc181bd28c730fd2b81b99fb81008c90383cac925aee903ad1b4145afc27,scn3_structured_env42013,structured,0.013428684823893077,7.5752486353918345,0.27107131649579597,residual_rl,31000.0,0.055922719923305234,3,1.0,0.0014285714285714286,1.0,0.0
0.03238095238095238,0.003968253968253968,26.94265711571751,0.5501616783585869,seen,42013,7193bc181bd28c730fd2b81b99fb81008c90383cac925aee903ad1b4145afc27,scn3_structured_env42013,structured,0.015082012785846432,7.584797068122672,0.27107131649579597,residual_rl,31001.0,0.05613526205775273,3,1.0,0.0,1.0,0.0
0.03238095238095238,0.003968253968253968,26.927639916185143,0.542973033777706,seen,42013,7193bc181bd28c730fd2b81b99fb81008c90383cac925aee903ad1b4145afc27,scn3_structured_env42013,structured,0.013767795737878832,7.6072067801703,0.27107131649579597,residual_rl,31002.0,0.05697320888068895,3,1.0,0.0,1.0,0.0
0.03238095238095238,0.003968253968253968,26.940254805329744,0.5429519942648141,seen,42013,7193bc181bd28c730fd2b81b99fb81008c90383cac925aee903ad1b4145afc27,scn3_structured_env42013,structured,0.015169184592594833,7.586875097542897,0.27107131649579597,residual_rl,31003.0,0.05633833343042002,3,1.0,0.0,1.0,0.0
0.03238095238095238,0.003968253968253968,26.962552914698662,0.5179209265127974,seen,42013,7193bc181bd28c730fd2b81b99fb81008c90383cac925aee903ad1b4145afc27,scn3_structured_env42013,structured,0.014973307940038828,7.591435468795065,0.27107131649579597,residual_rl,31004.0,0.05683166515307042,3,1.0,0.0,1.0,0.0
0.03238095238095238,0.004126984126984127,26.92929289303681,0.5675982565155899,seen,42013,7193bc181bd28c730fd2b81b99fb81008c90383cac925aee903ad1b4145afc27,scn3_structured_env42013,structured,0.015069303919961594,7.615096744414555,0.27107131649579597,wm_residual_rl,31000.0,0.05681132238996397,3,1.0,0.0,1.0,0.0
0.03238095238095238,0.004126984126984127,26.95724300985049,0.5551776043365566,seen,42013,7193bc181bd28c730fd2b81b99fb81008c90383cac925aee903ad1b4145afc27,scn3_structured_env42013,structured,0.015160126493307387,7.629167588895125,0.27107131649579597,wm_residual_rl,31001.0,0.058165828134139036,3,1.0,0.0,1.0,0.0
0.03238095238095238,0.004126984126984127,26.90505331548654,0.49631710674321083,seen,42013,7193bc181bd28c730fd2b81b99fb81008c90383cac925aee903ad1b4145afc27,scn3_structured_env42013,structured,0.015221236462397822,7.631887985999259,0.27107131649579597,wm_residual_rl,31002.0,0.0585438261538956,3,1.0,0.0004761904761904762,1.0,0.0
0.03333333333333333,0.003968253968253968,26.8935088284179,0.48623013745075727,seen,42013,7193bc181bd28c730fd2b81b99fb81008c90383cac925aee903ad1b4145afc27,scn3_structured_env42013,structured,0.015029340885763715,7.5936145620919016,0.27107131649579597,wm_residual_rl,31003.0,0.05682762619784258,3,1.0,0.0,1.0,0.0
0.03238095238095238,0.003968253968253968,26.93099594258964,0.536911436628632,seen,42013,7193bc181bd28c730fd2b81b99fb81008c90383cac925aee903ad1b4145afc27,scn3_structured_env42013,structured,0.015087374987713866,7.591426539281842,0.27107131649579597,wm_residual_rl,31004.0,0.05614049296763413,3,1.0,0.0,1.0,0.0
0.030476190476190476,0.004444444444444444,26.365200681378155,0.0,seen,42014,f88423d49487e79d378e69899ae018c7d547741b55c4fbe0bd63468a38c0c77d,scn3_structured_env42014,structured,0.029983737031693155,7.230000095286356,0.3505113039551216,smc,,0.1404833733356492,3,1.0,0.0,1.0,0.0
0.04523809523809524,0.00031746031746031746,27.232112639471236,1.0,seen,42014,f88423d49487e79d378e69899ae018c7d547741b55c4fbe0bd63468a38c0c77d,scn3_structured_env42014,structured,0.013321573646617011,6.772552090683898,0.26508957299478286,mpc,,0.06094875046846284,3,1.0,0.0,1.0,0.0
0.03333333333333333,0.004206349206349206,27.039625863164094,0.5932797619047617,seen,42014,f88423d49487e79d378e69899ae018c7d547741b55c4fbe0bd63468a38c0c77d,scn3_structured_env42014,structured,0.014538129963117472,7.552292768860806,0.2646912085430073,constant_alpha,,0.057124810782435885,3,1.0,0.0,1.0,0.0
0.039047619047619046,0.0020634920634920633,27.15979658090699,0.9248755066275328,seen,42014,f88423d49487e79d378e69899ae018c7d547741b55c4fbe0bd63468a38c0c77d,scn3_structured_env42014,structured,0.013028681232860483,7.418653795803309,0.2649241899411663,sspo,,0.0521866156278292,3,1.0,0.0004761904761904762,1.0,0.0
0.03857142857142857,0.004206349206349206,27.195238122363346,0.908377677729979,seen,42014,f88423d49487e79d378e69899ae018c7d547741b55c4fbe0bd63468a38c0c77d,scn3_structured_env42014,structured,0.013208697794789285,7.400684811333472,0.2733660984869059,v3_transformer,31000.0,0.05412538438240646,3,1.0,0.002857142857142857,1.0,0.0
0.03857142857142857,0.004523809523809524,27.16432442203679,0.9117578051573686,seen,42014,f88423d49487e79d378e69899ae018c7d547741b55c4fbe0bd63468a38c0c77d,scn3_structured_env42014,structured,0.012976306639882583,7.254502130721554,0.2659563341542187,v3_transformer,31001.0,0.053014427262862845,3,1.0,0.0,1.0,0.0
0.03857142857142857,0.004206349206349206,27.15799494173477,0.9135888707154349,seen,42014,f88423d49487e79d378e69899ae018c7d547741b55c4fbe0bd63468a38c0c77d,scn3_structured_env42014,structured,0.01303098322636713,7.2879388055857275,0.2665171758135675,v3_transformer,31002.0,0.05256218985918297,3,1.0,0.0,1.0,0.0
0.03857142857142857,0.004047619047619047,27.156153770377482,0.9307145802114969,seen,42014,f88423d49487e79d378e69899ae018c7d547741b55c4fbe0bd63468a38c0c77d,scn3_structured_env42014,structured,0.013194878645563438,7.327661975918772,0.2659340977977965,v3_transformer,31003.0,0.05270522140801529,3,1.0,0.0,1.0,0.0
0.03857142857142857,0.004047619047619047,27.16712540073776,0.9200194304340917,seen,42014,f88423d49487e79d378e69899ae018c7d547741b55c4fbe0bd63468a38c0c77d,scn3_structured_env42014,structured,0.01321784777441634,7.293320122213394,0.26726252367955095,v3_transformer,31004.0,0.053021977771010156,3,1.0,0.0,1.0,0.0
0.03857142857142857,0.004285714285714286,27.170956140524872,0.9085588549567598,seen,42014,f88423d49487e79d378e69899ae018c7d547741b55c4fbe0bd63468a38c0c77d,scn3_structured_env42014,structured,0.01294435363986483,7.349423812209845,0.26854414204870136,wm_hybrid,31000.0,0.05316580817047814,3,1.0,0.0004761904761904762,1.0,0.04857142857142857
0.03857142857142857,0.004285714285714286,27.174875563346806,0.9104200537514401,seen,42014,f88423d49487e79d378e69899ae018c7d547741b55c4fbe0bd63468a38c0c77d,scn3_structured_env42014,structured,0.013078650337532922,7.321916116344874,0.26831228044162003,wm_hybrid,31001.0,0.05357528983562272,3,1.0,0.0009523809523809524,1.0,0.04857142857142857
0.03857142857142857,0.004206349206349206,27.15831798622037,0.9130091657530979,seen,42014,f88423d49487e79d378e69899ae018c7d547741b55c4fbe0bd63468a38c0c77d,scn3_structured_env42014,structured,0.013031162946238085,7.285537097341355,0.2665171758135675,wm_hybrid,31002.0,0.052610773867260034,3,1.0,0.0,1.0,0.04857142857142857
0.03857142857142857,0.004047619047619047,27.15654081921015,0.9290313083775755,seen,42014,f88423d49487e79d378e69899ae018c7d547741b55c4fbe0bd63468a38c0c77d,scn3_structured_env42014,structured,0.013203037736186878,7.324504981161128,0.2659340977977965,wm_hybrid,31003.0,0.0527293563876182,3,1.0,0.0,1.0,0.04857142857142857
0.03857142857142857,0.004047619047619047,27.16750933435329,0.9179666453115799,seen,42014,f88423d49487e79d378e69899ae018c7d547741b55c4fbe0bd63468a38c0c77d,scn3_structured_env42014,structured,0.01322979105191166,7.290411701438973,0.26726252367955095,wm_hybrid,31004.0,0.05306293787411316,3,1.0,0.0,1.0,0.04857142857142857
0.03428571428571429,0.004206349206349206,26.971435619358473,0.546234675893659,seen,42014,f88423d49487e79d378e69899ae018c7d547741b55c4fbe0bd63468a38c0c77d,scn3_structured_env42014,structured,0.014022709846058875,7.533045291013807,0.2646912835704851,residual_rl,31000.0,0.05657902318034498,3,1.0,0.0,1.0,0.0
0.032857142857142856,0.004206349206349206,27.00258980940138,0.5502208762393636,seen,42014,f88423d49487e79d378e69899ae018c7d547741b55c4fbe0bd63468a38c0c77d,scn3_structured_env42014,structured,0.015236121486266515,7.527813734494552,0.2646914194869846,residual_rl,31001.0,0.05632411901076676,3,1.0,0.0,1.0,0.0
0.032857142857142856,0.004444444444444444,26.985317348641292,0.5432747224783007,seen,42014,f88423d49487e79d378e69899ae018c7d547741b55c4fbe0bd63468a38c0c77d,scn3_structured_env42014,structured,0.014340000810161945,7.610913795383767,0.2661209890909518,residual_rl,31002.0,0.05807067983155295,3,1.0,0.0019047619047619048,1.0,0.0
0.032857142857142856,0.004365079365079365,27.001583352972425,0.5432518614625564,seen,42014,f88423d49487e79d378e69899ae018c7d547741b55c4fbe0bd63468a38c0c77d,scn3_structured_env42014,structured,0.01527576044847725,7.5298636711957805,0.26469139004829256,residual_rl,31003.0,0.05648440140911016,3,1.0,0.0,1.0,0.0
0.032857142857142856,0.004206349206349206,27.01501929797884,0.5177991053946427,seen,42014,f88423d49487e79d378e69899ae018c7d547741b55c4fbe0bd63468a38c0c77d,scn3_structured_env42014,structured,0.015235828794333332,7.537247978090817,0.2646912085430073,residual_rl,31004.0,0.05747163862883231,3,1.0,0.0,1.0,0.0
0.032857142857142856,0.004365079365079365,26.989952347625824,0.5667012311004224,seen,42014,f88423d49487e79d378e69899ae018c7d547741b55c4fbe0bd63468a38c0c77d,scn3_structured_env42014,structured,0.014553626038325378,7.557410821965957,0.2646912085430073,wm_residual_rl,31000.0,0.05705915639742488,3,1.0,0.0004761904761904762,1.0,0.0
0.032857142857142856,0.004365079365079365,27.016692319881912,0.5546941528302735,seen,42014,f88423d49487e79d378e69899ae018c7d547741b55c4fbe0bd63468a38c0c77d,scn3_structured_env42014,structured,0.015296178336201975,7.574084905434706,0.2646912085430073,wm_residual_rl,31001.0,0.058734476011541775,3,1.0,0.0,1.0,0.0
0.032857142857142856,0.004365079365079365,26.98332576352214,0.4977289281644744,seen,42014,f88423d49487e79d378e69899ae018c7d547741b55c4fbe0bd63468a38c0c77d,scn3_structured_env42014,structured,0.015250322733453493,7.57771452299377,0.2646912085430073,wm_residual_rl,31002.0,0.05931610643204578,3,1.0,0.0,1.0,0.0
0.03333333333333333,0.004365079365079365,26.94930119826858,0.4863876087488018,seen,42014,f88423d49487e79d378e69899ae018c7d547741b55c4fbe0bd63468a38c0c77d,scn3_structured_env42014,structured,0.015224890430998138,7.538206891990513,0.26469125517860465,wm_residual_rl,31003.0,0.0571262524767785,3,1.0,0.0,1.0,0.0
0.032857142857142856,0.004206349206349206,26.99068754014563,0.5365829307493843,seen,42014,f88423d49487e79d378e69899ae018c7d547741b55c4fbe0bd63468a38c0c77d,scn3_structured_env42014,structured,0.015230316385607387,7.533915624136625,0.2646913049448723,wm_residual_rl,31004.0,0.056338444191068975,3,1.0,0.0,1.0,0.0
0.02761904761904762,0.004444444444444444,26.17418554017448,0.0,seen,42015,7d5d4ff70f4fb12790a3a9e961d969d18bf62a87c0185352ff846dfcffd00573,scn3_structured_env42015,structured,0.030510450312944953,7.170928021100843,0.31363755292563056,smc,,0.13375942495423263,3,1.0,0.0,1.0,0.0
0.04476190476190476,0.00031746031746031746,27.117400960646123,1.0,seen,42015,7d5d4ff70f4fb12790a3a9e961d969d18bf62a87c0185352ff846dfcffd00573,scn3_structured_env42015,structured,0.012582736558884398,6.776950415493673,0.24591314308487341,mpc,,0.05706844933292145,3,1.0,0.0,1.0,0.0
0.030952380952380953,0.004365079365079365,26.92624743028656,0.5932797619047617,seen,42015,7d5d4ff70f4fb12790a3a9e961d969d18bf62a87c0185352ff846dfcffd00573,scn3_structured_env42015,structured,0.015015577432466648,7.494539491404319,0.19856746366394257,constant_alpha,,0.04909972167659464,3,1.0,0.0,1.0,0.0
0.0380952380952381,0.002142857142857143,27.05369742351554,0.9241952796858436,seen,42015,7d5d4ff70f4fb12790a3a9e961d969d18bf62a87c0185352ff846dfcffd00573,scn3_structured_env42015,structured,0.013258153507760677,7.360931396751033,0.19867855554380884,sspo,,0.04244934013570763,3,1.0,0.0,1.0,0.0
0.0380952380952381,0.004206349206349206,27.061629522403127,0.9197766427366971,seen,42015,7d5d4ff70f4fb12790a3a9e961d969d18bf62a87c0185352ff846dfcffd00573,scn3_structured_env42015,structured,0.01327924066808032,7.285069314225485,0.20128074322378933,v3_transformer,31000.0,0.04206439822645189,3,1.0,0.0,1.0,0.0
0.0380952380952381,0.004761904761904762,27.059594439526574,0.9245899110452652,seen,42015,7d5d4ff70f4fb12790a3a9e961d969d18bf62a87c0185352ff846dfcffd00573,scn3_structured_env42015,structured,0.013257313306515783,7.28798899745656,0.19968184900984365,v3_transformer,31001.0,0.041668128973791914,3,1.0,0.0,1.0,0.0
0.0380952380952381,0.004761904761904762,27.07794054687918,0.9156986138418977,seen,42015,7d5d4ff70f4fb12790a3a9e961d969d18bf62a87c0185352ff846dfcffd00573,scn3_structured_env42015,structured,0.013272378607948051,7.221558091135512,0.20369117089927097,v3_transformer,31002.0,0.0430952015727262,3,1.0,0.0,1.0,0.0
0.0380952380952381,0.004761904761904762,27.06278608005037,0.9339920144198981,seen,42015,7d5d4ff70f4fb12790a3a9e961d969d18bf62a87c0185352ff846dfcffd00573,scn3_structured_env42015,structured,0.013302259274121488,7.273230753719241,0.20051298424662345,v3_transformer,31003.0,0.04228148803742371,3,1.0,0.0,1.0,0.0
0.03761904761904762,0.004444444444444444,27.07117596816187,0.9196183576240642,seen,42015,7d5d4ff70f4fb12790a3a9e961d969d18bf62a87c0185352ff846dfcffd00573,scn3_structured_env42015,structured,0.012853296818912814,7.266517842843455,0.20393024682801356,v3_transformer,31004.0,0.04235267158569679,3,1.0,0.0004761904761904762,1.0,0.0
0.0380952380952381,0.0041269841269841265,27.061983962269533,0.9184611745086836,seen,42015,7d5d4ff70f4fb12790a3a9e961d969d18bf62a87c0185352ff846dfcffd00573,scn3_structured_env42015,structured,0.013224520402753216,7.292751342636946,0.2016660163596939,wm_hybrid,31000.0,0.04215148440261621,3,1.0,0.0,1.0,0.04904761904761905
0.0380952380952381,0.004761904761904762,27.061730725402878,0.923468904560819,seen,42015,7d5d4ff70f4fb12790a3a9e961d969d18bf62a87c0185352ff846dfcffd00573,scn3_structured_env42015,structured,0.013330486280875466,7.289103768108183,0.20019599138071864,wm_hybrid,31001.0,0.04176716888142381,3,1.0,0.0,1.0,0.04904761904761905
0.0380952380952381,0.004761904761904762,27.08141371084777,0.9148935962252788,seen,42015,7d5d4ff70f4fb12790a3a9e961d969d18bf62a87c0185352ff846dfcffd00573,scn3_structured_env42015,structured,0.013276758403592388,7.21682936992719,0.20401886005546088,wm_hybrid,31002.0,0.043216819838311556,3,1.0,0.0,1.0,0.04904761904761905
0.0380952380952381,0.004682539682539682,27.06279943753471,0.93155218513012,seen,42015,7d5d4ff70f4fb12790a3a9e961d969d18bf62a87c0185352ff846dfcffd00573,scn3_structured_env42015,structured,0.01295718976601276,7.277668282102525,0.20099134209057976,wm_hybrid,31003.0,0.042313932400762685,3,1.0,0.0,1.0,0.04904761904761905
0.0380952380952381,0.004365079365079365,27.071828420610327,0.9181019197310764,seen,42015,7d5d4ff70f4fb12790a3a9e961d969d18bf62a87c0185352ff846dfcffd00573,scn3_structured_env42015,structured,0.012807900163746215,7.2647644687607045,0.2040223947508308,wm_hybrid,31004.0,0.042394915834849306,3,1.0,0.0,1.0,0.04904761904761905
0.03238095238095238,0.004365079365079365,26.864691094558175,0.5462515582191739,seen,42015,7d5d4ff70f4fb12790a3a9e961d969d18bf62a87c0185352ff846dfcffd00573,scn3_structured_env42015,structured,0.014336135924358569,7.4743480639606625,0.1985658166358002,residual_rl,31000.0,0.048122932670746445,3,1.0,0.0,1.0,0.0
0.030476190476190476,0.004285714285714286,26.894606286096895,0.5503202906746896,seen,42015,7d5d4ff70f4fb12790a3a9e961d969d18bf62a87c0185352ff846dfcffd00573,scn3_structured_env42015,structured,0.015644137688411313,7.469926507569725,0.19856562929998614,residual_rl,31001.0,0.04782725958273536,3,1.0,0.0,1.0,0.0
0.030476190476190476,0.004444444444444444,26.878261619131514,0.5441209445322942,seen,42015,7d5d4ff70f4fb12790a3a9e961d969d18bf62a87c0185352ff846dfcffd00573,scn3_structured_env42015,structured,0.01438932553977896,7.498064939457885,0.19856746366394257,residual_rl,31002.0,0.04956738648535912,3,1.0,0.0,1.0,0.0
0.030476190476190476,0.004285714285714286,26.89490055515058,0.5429096514926258,seen,42015,7d5d4ff70f4fb12790a3a9e961d969d18bf62a87c0185352ff846dfcffd00573,scn3_structured_env42015,structured,0.01568217888571852,7.471181415645098,0.19856565542258403,residual_rl,31003.0,0.04796409309698302,3,1.0,0.0,1.0,0.0
0.030476190476190476,0.004285714285714286,26.90031932934835,0.5182714418919392,seen,42015,7d5d4ff70f4fb12790a3a9e961d969d18bf62a87c0185352ff846dfcffd00573,scn3_structured_env42015,structured,0.015840353368463917,7.480379857579275,0.19856746366394257,residual_rl,31004.0,0.049502763785688006,3,1.0,0.0,1.0,0.0
0.030476190476190476,0.004444444444444444,26.878137305231025,0.566721248633045,seen,42015,7d5d4ff70f4fb12790a3a9e961d969d18bf62a87c0185352ff846dfcffd00573,scn3_structured_env42015,structured,0.015655196615033302,7.498048718653738,0.19856678367546654,wm_residual_rl,31000.0,0.04869598069543266,3,1.0,0.0009523809523809524,1.0,0.0
0.030476190476190476,0.004444444444444444,26.901502189333915,0.5545659813123027,seen,42015,7d5d4ff70f4fb12790a3a9e961d969d18bf62a87c0185352ff846dfcffd00573,scn3_structured_env42015,structured,0.015876644667465217,7.516177456348638,0.19856746366394257,wm_residual_rl,31001.0,0.05098207625184251,3,1.0,0.0,1.0,0.0
0.030476190476190476,0.004444444444444444,26.87241500193045,0.49805704217726315,seen,42015,7d5d4ff70f4fb12790a3a9e961d969d18bf62a87c0185352ff846dfcffd00573,scn3_structured_env42015,structured,0.015848642570214448,7.520963549419403,0.19856746366394257,wm_residual_rl,31002.0,0.05183150222327158,3,1.0,0.0,1.0,0.0
0.03142857142857143,0.004365079365079365,26.840354246753595,0.4863859620024373,seen,42015,7d5d4ff70f4fb12790a3a9e961d969d18bf62a87c0185352ff846dfcffd00573,scn3_structured_env42015,structured,0.015741828845758327,7.4800976205421765,0.19856577256916974,wm_residual_rl,31003.0,0.04878741680395222,3,1.0,0.0,1.0,0.0
0.030476190476190476,0.004285714285714286,26.882383612407295,0.5363816603342921,seen,42015,7d5d4ff70f4fb12790a3a9e961d969d18bf62a87c0185352ff846dfcffd00573,scn3_structured_env42015,structured,0.015704729825056024,7.475317194629718,0.1985658094934793,wm_residual_rl,31004.0,0.047874603706662584,3,1.0,0.0,1.0,0.0
0.02761904761904762,0.004365079365079365,26.306761028829293,0.0,seen,42016,68763dc2d46d75c419ba694839265c21b0cfef1272413257a2fc278afc1123da,scn3_structured_env42016,structured,0.031003674283036787,7.206988963194666,0.3387363646353326,smc,,0.13822360644493648,3,1.0,0.0004761904761904762,1.0,0.0
0.04380952380952381,0.0005555555555555554,27.19839585382742,1.0,seen,42016,68763dc2d46d75c419ba694839265c21b0cfef1272413257a2fc278afc1123da,scn3_structured_env42016,structured,0.012932997365180703,6.777521249678361,0.2571615651161886,mpc,,0.05951045153414884,3,1.0,0.0,1.0,0.0
0.03190476190476191,0.004365079365079365,27.01935085147041,0.5932797619047617,seen,42016,68763dc2d46d75c419ba694839265c21b0cfef1272413257a2fc278afc1123da,scn3_structured_env42016,structured,0.014489138874547215,7.5373050374167425,0.24474645431382383,constant_alpha,,0.054275816709172135,3,1.0,0.0,1.0,0.0
0.03666666666666667,0.002380952380952381,27.13368135849336,0.9245898680145037,seen,42016,68763dc2d46d75c419ba694839265c21b0cfef1272413257a2fc278afc1123da,scn3_structured_env42016,structured,0.013404269821039294,7.406005082905028,0.2450476593014637,sspo,,0.049081430687854005,3,1.0,0.0,1.0,0.0
0.03666666666666667,0.004206349206349206,27.140336375636597,0.9116820954927103,seen,42016,68763dc2d46d75c419ba694839265c21b0cfef1272413257a2fc278afc1123da,scn3_structured_env42016,structured,0.013302775943776305,7.2974707767044755,0.24757862049751356,v3_transformer,31000.0,0.04957004691623674,3,1.0,0.0,1.0,0.0
0.03666666666666667,0.004285714285714286,27.13880934494502,0.9235504910016219,seen,42016,68763dc2d46d75c419ba694839265c21b0cfef1272413257a2fc278afc1123da,scn3_structured_env42016,structured,0.013623711382551558,7.272422153745548,0.24652153602365667,v3_transformer,31001.0,0.04957980937719297,3,1.0,0.0,1.0,0.0
0.03666666666666667,0.004365079365079365,27.138972677743823,0.9148359678465834,seen,42016,68763dc2d46d75c419ba694839265c21b0cfef1272413257a2fc278afc1123da,scn3_structured_env42016,structured,0.013231208488746782,7.267714821077884,0.24753169364387018,v3_transformer,31002.0,0.049659142562674646,3,1.0,0.0,1.0,0.0
0.03666666666666667,0.004206349206349206,27.137099637037792,0.933358550003959,seen,42016,68763dc2d46d75c419ba694839265c21b0cfef1272413257a2fc278afc1123da,scn3_structured_env42016,structured,0.013457460939128831,7.317883877710407,0.24696761480642157,v3_transformer,31003.0,0.04980431884594041,3,1.0,0.0,1.0,0.0
0.03619047619047619,0.003968253968253968,27.147810959371895,0.9202367729902624,seen,42016,68763dc2d46d75c419ba694839265c21b0cfef1272413257a2fc278afc1123da,scn3_structured_env42016,structured,0.013737246880888974,7.284139659382357,0.24847935377593122,v3_transformer,31004.0,0.04993661407216787,3,1.0,0.0,1.0,0.0
0.03666666666666667,0.004206349206349206,27.141149434270666,0.9111754297530696,seen,42016,68763dc2d46d75c419ba694839265c21b0cfef1272413257a2fc278afc1123da,scn3_structured_env42016,structured,0.013291621839510688,7.294168675329228,0.2475804329105166,wm_hybrid,31000.0,0.04959411977305473,3,1.0,0.0,1.0,0.04857142857142857
0.037142857142857144,0.004285714285714286,27.139283012716525,0.9222911270276899,seen,42016,68763dc2d46d75c419ba694839265c21b0cfef1272413257a2fc278afc1123da,scn3_structured_env42016,structured,0.013601217668214326,7.269336265534668,0.24652193859652327,wm_hybrid,31001.0,0.04960304671330308,3,1.0,0.0,1.0,0.04857142857142857
0.03666666666666667,0.0041269841269841265,27.149184209164034,0.9147345270849405,seen,42016,68763dc2d46d75c419ba694839265c21b0cfef1272413257a2fc278afc1123da,scn3_structured_env42016,structured,0.01346600777580452,7.331456757460747,0.24883570348494893,wm_hybrid,31002.0,0.04989923254215137,3,1.0,0.0009523809523809524,1.0,0.04857142857142857
0.03666666666666667,0.004206349206349206,27.137894413422064,0.9318678137874158,seen,42016,68763dc2d46d75c419ba694839265c21b0cfef1272413257a2fc278afc1123da,scn3_structured_env42016,structured,0.013457461434282125,7.314140189993841,0.24696784920540374,wm_hybrid,31003.0,0.04982323740742699,3,1.0,0.0,1.0,0.04857142857142857
0.03666666666666667,0.003968253968253968,27.155134434505932,0.9187639984794013,seen,42016,68763dc2d46d75c419ba694839265c21b0cfef1272413257a2fc278afc1123da,scn3_structured_env42016,structured,0.013702077638223719,7.329255646940957,0.24929087532170263,wm_hybrid,31004.0,0.050096773112142765,3,1.0,0.0004761904761904762,1.0,0.04857142857142857
0.03238095238095238,0.004365079365079365,26.95562103300952,0.5465609277016277,seen,42016,68763dc2d46d75c419ba694839265c21b0cfef1272413257a2fc278afc1123da,scn3_structured_env42016,structured,0.013909783020382514,7.51753963303715,0.24474694777930686,residual_rl,31000.0,0.0535511767026801,3,1.0,0.0,1.0,0.0
0.030952380952380953,0.004365079365079365,26.979136077920735,0.5510076887005881,seen,42016,68763dc2d46d75c419ba694839265c21b0cfef1272413257a2fc278afc1123da,scn3_structured_env42016,structured,0.014926016996137955,7.566244939639277,0.24601405011982394,residual_rl,31001.0,0.05376250008714079,3,1.0,0.0009523809523809524,1.0,0.0
0.03142857142857143,0.004365079365079365,26.97018247000474,0.5434838455156983,seen,42016,68763dc2d46d75c419ba694839265c21b0cfef1272413257a2fc278afc1123da,scn3_structured_env42016,structured,0.013863971782655702,7.53767301095823,0.24474645431382383,residual_rl,31002.0,0.05452550123203864,3,1.0,0.0,1.0,0.0
0.030952380952380953,0.004365079365079365,26.968303119472168,0.5442394361957433,seen,42016,68763dc2d46d75c419ba694839265c21b0cfef1272413257a2fc278afc1123da,scn3_structured_env42016,structured,0.016005003619970527,7.5722806690070845,0.24601403550567671,residual_rl,31003.0,0.05431532736998067,3,1.0,0.0004761904761904762,1.0,0.0
0.030952380952380953,0.004365079365079365,27.012563173862382,0.5171049683616709,seen,42016,68763dc2d46d75c419ba694839265c21b0cfef1272413257a2fc278afc1123da,scn3_structured_env42016,structured,0.01546966203717272,7.615065929344767,0.2482151534195041,residual_rl,31004.0,0.05521076744809887,3,1.0,0.0014285714285714286,1.0,0.0
0.030952380952380953,0.004444444444444444,26.97062619213416,0.5664201782535034,seen,42016,68763dc2d46d75c419ba694839265c21b0cfef1272413257a2fc278afc1123da,scn3_structured_env42016,structured,0.015123168185531392,7.542191408787296,0.24474645431382383,wm_residual_rl,31000.0,0.054125941904569014,3,1.0,0.0,1.0,0.0
0.03142857142857143,0.004523809523809524,26.99752759034606,0.5549341001352991,seen,42016,68763dc2d46d75c419ba694839265c21b0cfef1272413257a2fc278afc1123da,scn3_structured_env42016,structured,0.015288944923429758,7.557914497939129,0.24474640832147834,wm_residual_rl,31001.0,0.0558409077733511,3,1.0,0.0,1.0,0.0
0.03142857142857143,0.004523809523809524,26.96859622171,0.49879462957811765,seen,42016,68763dc2d46d75c419ba694839265c21b0cfef1272413257a2fc278afc1123da,scn3_structured_env42016,structured,0.015236462934355162,7.561140117639241,0.24474645431382383,wm_residual_rl,31002.0,0.05643906881056031,3,1.0,0.0,1.0,0.0
0.03238095238095238,0.004365079365079365,26.947053384978254,0.4856059038453024,seen,42016,68763dc2d46d75c419ba694839265c21b0cfef1272413257a2fc278afc1123da,scn3_structured_env42016,structured,0.015009466069140331,7.5704897948283865,0.2460139494720709,wm_residual_rl,31003.0,0.05425934272790236,3,1.0,0.0014285714285714286,1.0,0.0
0.030952380952380953,0.004365079365079365,26.959361918469696,0.5368121741761837,seen,42016,68763dc2d46d75c419ba694839265c21b0cfef1272413257a2fc278afc1123da,scn3_structured_env42016,structured,0.015924737237426507,7.576138952641685,0.24601395938537024,wm_residual_rl,31004.0,0.05409368912046426,3,1.0,0.0004761904761904762,1.0,0.0
0.03142857142857143,0.004444444444444444,26.411208048430925,0.0,seen,42017,cbc27f74af7d1c5623845f219eadbedd44baa71c120351e085b2f50e64e8cf8a,scn3_structured_env42017,structured,0.031088258888474694,7.270298001858084,0.3599476891258986,smc,,0.1423636036436656,3,1.0,0.0004761904761904762,1.0,0.0
0.04666666666666667,0.0002380952380952381,27.261395912363984,1.0,seen,42017,cbc27f74af7d1c5623845f219eadbedd44baa71c120351e085b2f50e64e8cf8a,scn3_structured_env42017,structured,0.013454100187064003,6.7631259579572065,0.27983409599606074,mpc,,0.06288031410591124,3,1.0,0.0,1.0,0.0
0.035238095238095235,0.004206349206349206,27.06990043395561,0.5932797619047617,seen,42017,cbc27f74af7d1c5623845f219eadbedd44baa71c120351e085b2f50e64e8cf8a,scn3_structured_env42017,structured,0.014826794750764245,7.581513115132165,0.2822149334712293,constant_alpha,,0.059807358584028504,3,1.0,0.0,1.0,0.0
0.0419047619047619,0.001984126984126984,27.190569567796558,0.9251893223339589,seen,42017,cbc27f74af7d1c5623845f219eadbedd44baa71c120351e085b2f50e64e8cf8a,scn3_structured_env42017,structured,0.013405230215207004,7.449596585212111,0.2822592869495903,sspo,,0.05526727103412338,3,1.0,0.0,1.0,0.0
0.04238095238095238,0.004047619047619047,27.189153192793142,0.9099062662869586,seen,42017,cbc27f74af7d1c5623845f219eadbedd44baa71c120351e085b2f50e64e8cf8a,scn3_structured_env42017,structured,0.013447579195371397,7.354444400065589,0.283837588822951,v3_transformer,31000.0,0.05567476426728824,3,1.0,0.0014285714285714286,1.0,0.0
0.04238095238095238,0.004523809523809524,27.19419036238958,0.908550004457215,seen,42017,cbc27f74af7d1c5623845f219eadbedd44baa71c120351e085b2f50e64e8cf8a,scn3_structured_env42017,structured,0.013420281696508284,7.28772482615568,0.28299054701883686,v3_transformer,31001.0,0.056087652853269644,3,1.0,0.0,1.0,0.0
0.04238095238095238,0.004523809523809524,27.182322541840286,0.9136300717262421,seen,42017,cbc27f74af7d1c5623845f219eadbedd44baa71c120351e085b2f50e64e8cf8a,scn3_structured_env42017,structured,0.013225635967115564,7.328277805565771,0.2832538571462788,v3_transformer,31002.0,0.055408212203737824,3,1.0,0.0,1.0,0.0
0.0419047619047619,0.004206349206349206,27.18151406384259,0.928859725857633,seen,42017,cbc27f74af7d1c5623845f219eadbedd44baa71c120351e085b2f50e64e8cf8a,scn3_structured_env42017,structured,0.013183320550556907,7.36799011837582,0.28289587947402955,v3_transformer,31003.0,0.055527247032710524,3,1.0,0.0,1.0,0.0
0.040952380952380955,0.004206349206349206,27.18864801859251,0.9203806184360025,seen,42017,cbc27f74af7d1c5623845f219eadbedd44baa71c120351e085b2f50e64e8cf8a,scn3_structured_env42017,structured,0.013218633006216556,7.348290099050212,0.2837788538622597,v3_transformer,31004.0,0.055951346309502714,3,1.0,0.0,1.0,0.0
0.04238095238095238,0.0041269841269841265,27.189637788178317,0.9090206916021883,seen,42017,cbc27f74af7d1c5623845f219eadbedd44baa71c120351e085b2f50e64e8cf8a,scn3_structured_env42017,structured,0.013291191131077825,7.348214228290273,0.28372906829180006,wm_hybrid,31000.0,0.055669303484632296,3,1.0,0.0,1.0,0.04857142857142857
0.04238095238095238,0.004523809523809524,27.19432807893344,0.9079616440419727,seen,42017,cbc27f74af7d1c5623845f219eadbedd44baa71c120351e085b2f50e64e8cf8a,scn3_structured_env42017,structured,0.013416031694177082,7.284813295147984,0.28299054701883686,wm_hybrid,31001.0,0.056106973493842575,3,1.0,0.0,1.0,0.04857142857142857
0.04238095238095238,0.004523809523809524,27.18239767069532,0.912767179078016,seen,42017,cbc27f74af7d1c5623845f219eadbedd44baa71c120351e085b2f50e64e8cf8a,scn3_structured_env42017,structured,0.013187470006466247,7.3268911907873555,0.2832538571462788,wm_hybrid,31002.0,0.055422999845396455,3,1.0,0.0,1.0,0.04857142857142857
0.0419047619047619,0.004206349206349206,27.181465622569778,0.9267911041977438,seen,42017,cbc27f74af7d1c5623845f219eadbedd44baa71c120351e085b2f50e64e8cf8a,scn3_structured_env42017,structured,0.013188341781009518,7.365934974522483,0.28289587947402955,wm_hybrid,31003.0,0.0555497232707313,3,1.0,0.0,1.0,0.04857142857142857
0.040952380952380955,0.004206349206349206,27.19164144873564,0.9184101210046016,seen,42017,cbc27f74af7d1c5623845f219eadbedd44baa71c120351e085b2f50e64e8cf8a,scn3_structured_env42017,structured,0.013178008275988659,7.344025561423318,0.2837788538622597,wm_hybrid,31004.0,0.055978759075729724,3,1.0,0.0004761904761904762,1.0,0.04857142857142857
0.035238095238095235,0.004206349206349206,26.992117265757653,0.5466084800940031,seen,42017,cbc27f74af7d1c5623845f219eadbedd44baa71c120351e085b2f50e64e8cf8a,scn3_structured_env42017,structured,0.014593208572895694,7.564715606404971,0.2822149334712293,residual_rl,31000.0,0.059508708543786246,3,1.0,0.0,1.0,0.0
0.03428571428571429,0.004365079365079365,27.030221425762477,0.5504786009601529,seen,42017,cbc27f74af7d1c5623845f219eadbedd44baa71c120351e085b2f50e64e8cf8a,scn3_structured_env42017,structured,0.015623390717479941,7.556798004383323,0.2822149334712293,residual_rl,31001.0,0.05907385602487298,3,1.0,0.0,1.0,0.0
0.034761904761904765,0.004365079365079365,27.028193090925072,0.5434331186658391,seen,42017,cbc27f74af7d1c5623845f219eadbedd44baa71c120351e085b2f50e64e8cf8a,scn3_structured_env42017,structured,0.014222424680461847,7.63624524447757,0.2835045639703936,residual_rl,31002.0,0.0603761407571749,3,1.0,0.0004761904761904762,1.0,0.0
0.03428571428571429,0.004365079365079365,27.03177803533997,0.5424453580125649,seen,42017,cbc27f74af7d1c5623845f219eadbedd44baa71c120351e085b2f50e64e8cf8a,scn3_structured_env42017,structured,0.015571926214482907,7.558205461937406,0.2822149334712293,residual_rl,31003.0,0.05917081480657279,3,1.0,0.0,1.0,0.0
0.03428571428571429,0.004365079365079365,27.046822371933185,0.5184280128954927,seen,42017,cbc27f74af7d1c5623845f219eadbedd44baa71c120351e085b2f50e64e8cf8a,scn3_structured_env42017,structured,0.015594648530907878,7.565880947465788,0.2822149334712293,residual_rl,31004.0,0.060090258660869804,3,1.0,0.0,1.0,0.0
0.03428571428571429,0.004365079365079365,27.016517619370635,0.5681616085265146,seen,42017,cbc27f74af7d1c5623845f219eadbedd44baa71c120351e085b2f50e64e8cf8a,scn3_structured_env42017,structured,0.015636716156617506,7.589224773504731,0.2822149334712293,wm_residual_rl,31000.0,0.059942840435842276,3,1.0,0.0,1.0,0.0
0.03428571428571429,0.004365079365079365,27.052764954406175,0.5542014589594194,seen,42017,cbc27f74af7d1c5623845f219eadbedd44baa71c120351e085b2f50e64e8cf8a,scn3_structured_env42017,structured,0.01599714218350277,7.6769347827229035,0.284632929833288,wm_residual_rl,31001.0,0.062004933582301545,3,1.0,0.0019047619047619048,1.0,0.0
0.03428571428571429,0.004365079365079365,27.01234908612486,0.4980328375460721,seen,42017,cbc27f74af7d1c5623845f219eadbedd44baa71c120351e085b2f50e64e8cf8a,scn3_structured_env42017,structured,0.015663216945205012,7.606460352737051,0.2822149334712293,wm_residual_rl,31002.0,0.061834078840998404,3,1.0,0.0,1.0,0.0
0.03571428571428571,0.004365079365079365,26.97832122349303,0.48633148066290893,seen,42017,cbc27f74af7d1c5623845f219eadbedd44baa71c120351e085b2f50e64e8cf8a,scn3_structured_env42017,structured,0.015638127922127182,7.566621555140438,0.2822149334712293,wm_residual_rl,31003.0,0.059813146591573,3,1.0,0.0,1.0,0.0
0.03428571428571429,0.004365079365079365,27.00953351878604,0.5371085131341593,seen,42017,cbc27f74af7d1c5623845f219eadbedd44baa71c120351e085b2f50e64e8cf8a,scn3_structured_env42017,structured,0.015904574612358054,7.569020929128138,0.28223446529172785,wm_residual_rl,31004.0,0.05928610972363757,3,1.0,0.0004761904761904762,1.0,0.0
0.03,0.0038888888888888888,26.03298025342946,0.0,seen,42018,265f306f25e162d97038e419234ae7936e18d7d1e005d062dacccff03f939c8e,scn3_structured_env42018,structured,0.031092909070693227,7.141484262430056,0.3160857239575557,smc,,0.13340704886422797,3,1.0,0.0,1.0,0.0
0.04428571428571428,0.00039682539682539677,27.13458281442561,1.0,seen,42018,265f306f25e162d97038e419234ae7936e18d7d1e005d062dacccff03f939c8e,scn3_structured_env42018,structured,0.01259047517527558,6.940486837559738,0.21311634012151273,mpc,,0.05109161473845132,3,1.0,0.0,1.0,0.0
0.03142857142857143,0.003809523809523809,26.87472565981345,0.5932797619047617,seen,42018,265f306f25e162d97038e419234ae7936e18d7d1e005d062dacccff03f939c8e,scn3_structured_env42018,structured,0.01495796162166804,7.561002325052896,0.1924314096438271,constant_alpha,,0.046712232397388975,3,1.0,0.0,1.0,0.0
0.0380952380952381,0.001587301587301587,26.995658973991123,0.9249648057574674,seen,42018,265f306f25e162d97038e419234ae7936e18d7d1e005d062dacccff03f939c8e,scn3_structured_env42018,structured,0.013388859919175839,7.419348950997602,0.1924653308693902,sspo,,0.0401909584457189,3,1.0,0.0,1.0,0.0
0.0380952380952381,0.0036507936507936506,26.98211876486943,0.9244328891200899,seen,42018,265f306f25e162d97038e419234ae7936e18d7d1e005d062dacccff03f939c8e,scn3_structured_env42018,structured,0.013350895225498333,7.350688237833301,0.19518263404755204,v3_transformer,31000.0,0.03959452010063345,3,1.0,0.0,1.0,0.0
0.0380952380952381,0.0041269841269841265,26.98664461607433,0.9163065974838948,seen,42018,265f306f25e162d97038e419234ae7936e18d7d1e005d062dacccff03f939c8e,scn3_structured_env42018,structured,0.013275383837884536,7.350439814179076,0.19291939316423426,v3_transformer,31001.0,0.03928542963215135,3,1.0,0.0,1.0,0.0
0.0380952380952381,0.0041269841269841265,26.983146675099846,0.918491378774375,seen,42018,265f306f25e162d97038e419234ae7936e18d7d1e005d062dacccff03f939c8e,scn3_structured_env42018,structured,0.013147694218866395,7.339162801286176,0.1927089072436896,v3_transformer,31002.0,0.03895765325241493,3,1.0,0.0,1.0,0.0
0.0380952380952381,0.0041269841269841265,26.982456492037322,0.9339048396042445,seen,42018,265f306f25e162d97038e419234ae7936e18d7d1e005d062dacccff03f939c8e,scn3_structured_env42018,structured,0.01336018851294968,7.373918198688207,0.19297818696699143,v3_transformer,31003.0,0.039366099771470944,3,1.0,0.0,1.0,0.0
0.0380952380952381,0.00373015873015873,26.996498850759945,0.9261080328216085,seen,42018,265f306f25e162d97038e419234ae7936e18d7d1e005d062dacccff03f939c8e,scn3_structured_env42018,structured,0.013455406391247765,7.335564681450562,0.19362355639650775,v3_transformer,31004.0,0.03890775924435778,3,1.0,0.0,1.0,0.0
0.0380952380952381,0.0036507936507936506,26.981740713246626,0.9227748768734357,seen,42018,265f306f25e162d97038e419234ae7936e18d7d1e005d062dacccff03f939c8e,scn3_structured_env42018,structured,0.013343639556498687,7.348801503967826,0.19518980566845565,wm_hybrid,31000.0,0.03961070168172347,3,1.0,0.0,1.0,0.04857142857142857
0.0380952380952381,0.0041269841269841265,26.986112330342223,0.9155794276857255,seen,42018,265f306f25e162d97038e419234ae7936e18d7d1e005d062dacccff03f939c8e,scn3_structured_env42018,structured,0.013259402168048072,7.348714001001617,0.19292030309405536,wm_hybrid,31001.0,0.03928027454153083,3,1.0,0.0,1.0,0.04857142857142857
0.0380952380952381,0.0041269841269841265,26.98300230796589,0.9178086522957083,seen,42018,265f306f25e162d97038e419234ae7936e18d7d1e005d062dacccff03f939c8e,scn3_structured_env42018,structured,0.01314278742360501,7.33762503256027,0.19270918812224025,wm_hybrid,31002.0,0.03895194831031358,3,1.0,0.0,1.0,0.04857142857142857
0.0380952380952381,0.0041269841269841265,26.981547807407118,0.9323163187161074,seen,42018,265f306f25e162d97038e419234ae7936e18d7d1e005d062dacccff03f939c8e,scn3_structured_env42018,structured,0.013354703759604552,7.371945070675519,0.19298211521788905,wm_hybrid,31003.0,0.03936802088836925,3,1.0,0.0,1.0,0.04857142857142857
0.0380952380952381,0.0036507936507936506,26.994857888475146,0.9237935447398526,seen,42018,265f306f25e162d97038e419234ae7936e18d7d1e005d062dacccff03f939c8e,scn3_structured_env42018,structured,0.01325746062532144,7.33844921792847,0.19362752700401883,wm_hybrid,31004.0,0.03890730814822952,3,1.0,0.0,1.0,0.04857142857142857
0.03238095238095238,0.003809523809523809,26.805816276708,0.546181979586459,seen,42018,265f306f25e162d97038e419234ae7936e18d7d1e005d062dacccff03f939c8e,scn3_structured_env42018,structured,0.014431217157862193,7.543010029548541,0.19244444988549655,residual_rl,31000.0,0.04610628978933062,3,1.0,0.0,1.0,0.0
0.030952380952380953,0.003809523809523809,26.83546354948264,0.5501910311168922,seen,42018,265f306f25e162d97038e419234ae7936e18d7d1e005d062dacccff03f939c8e,scn3_structured_env42018,structured,0.015708180689411787,7.53818950134469,0.1924491987089784,residual_rl,31001.0,0.045813169381432026,3,1.0,0.0,1.0,0.0
0.030952380952380953,0.003968253968253968,26.82441547256828,0.5437223136786304,seen,42018,265f306f25e162d97038e419234ae7936e18d7d1e005d062dacccff03f939c8e,scn3_structured_env42018,structured,0.014366351551024916,7.563779369689576,0.1924314096438271,residual_rl,31002.0,0.047292403048493484,3,1.0,0.0,1.0,0.0
0.030952380952380953,0.003809523809523809,26.834339181337192,0.5433925359258537,seen,42018,265f306f25e162d97038e419234ae7936e18d7d1e005d062dacccff03f939c8e,scn3_structured_env42018,structured,0.015778057945265506,7.539985833695247,0.19244902548555734,residual_rl,31003.0,0.04601227703607094,3,1.0,0.0,1.0,0.0
0.030952380952380953,0.003809523809523809,26.84376149920413,0.5180087059137729,seen,42018,265f306f25e162d97038e419234ae7936e18d7d1e005d062dacccff03f939c8e,scn3_structured_env42018,structured,0.014964397588780305,7.544463240403878,0.1924314096438271,residual_rl,31004.0,0.04690490984491441,3,1.0,0.0009523809523809524,1.0,0.0
0.030952380952380953,0.003968253968253968,26.833747071707236,0.5660506661163297,seen,42018,265f306f25e162d97038e419234ae7936e18d7d1e005d062dacccff03f939c8e,scn3_structured_env42018,structured,0.015432892518575011,7.601673551864233,0.19443174980150046,wm_residual_rl,31000.0,0.04647414646622207,3,1.0,0.0004761904761904762,1.0,0.0
0.030952380952380953,0.003968253968253968,26.8513737464063,0.5547334063080365,seen,42018,265f306f25e162d97038e419234ae7936e18d7d1e005d062dacccff03f939c8e,scn3_structured_env42018,structured,0.015780562814983325,7.582148078902242,0.1924314096438271,wm_residual_rl,31001.0,0.048686584637286194,3,1.0,0.0,1.0,0.0
0.030952380952380953,0.003968253968253968,26.81918006969051,0.498065807003233,seen,42018,265f306f25e162d97038e419234ae7936e18d7d1e005d062dacccff03f939c8e,scn3_structured_env42018,structured,0.01573845314110418,7.586170351909073,0.1924314096438271,wm_residual_rl,31002.0,0.04942094563742811,3,1.0,0.0,1.0,0.0
0.03238095238095238,0.003809523809523809,26.781297522355683,0.4863252346017342,seen,42018,265f306f25e162d97038e419234ae7936e18d7d1e005d062dacccff03f939c8e,scn3_structured_env42018,structured,0.015740090523017482,7.548753406344922,0.19244787074717756,wm_residual_rl,31003.0,0.04681323104141333,3,1.0,0.0,1.0,0.0
0.030952380952380953,0.003809523809523809,26.824407583917576,0.5368499372968204,seen,42018,265f306f25e162d97038e419234ae7936e18d7d1e005d062dacccff03f939c8e,scn3_structured_env42018,structured,0.01571910276478615,7.544052778324267,0.1924451234695171,wm_residual_rl,31004.0,0.0458114736103635,3,1.0,0.0,1.0,0.0
0.029047619047619048,0.0041269841269841265,26.164491567294778,0.0,seen,42019,c91a6f9ce02a7a15e06282dc4950e636f2832f593984571267e8241cc0203ec9,scn3_structured_env42019,structured,0.03127958077728276,7.17187589445099,0.31881355452624716,smc,,0.13438452253081684,3,1.0,0.002380952380952381,1.0,0.0
0.04476190476190476,0.0002380952380952381,27.13759590293773,1.0,seen,42019,c91a6f9ce02a7a15e06282dc4950e636f2832f593984571267e8241cc0203ec9,scn3_structured_env42019,structured,0.01284470563197481,6.8029340234667055,0.23893008834759447,mpc,,0.05616037373413581,3,1.0,0.0,1.0,0.0
0.03142857142857143,0.0041269841269841265,26.930133001022064,0.5932797619047617,seen,42019,c91a6f9ce02a7a15e06282dc4950e636f2832f593984571267e8241cc0203ec9,scn3_structured_env42019,structured,0.014984631047211686,7.514830279920866,0.20373968609706272,constant_alpha,,0.049063722325923015,3,1.0,0.0,1.0,0.0
0.037142857142857144,0.0019841269841269845,27.050992327914305,0.9244507948116188,seen,42019,c91a6f9ce02a7a15e06282dc4950e636f2832f593984571267e8241cc0203ec9,scn3_structured_env42019,structured,0.013113541142939177,7.381949250598338,0.2038082479074363,sspo,,0.042808375886371604,3,1.0,0.0,1.0,0.0
0.037142857142857144,0.004047619047619047,27.049749296928034,0.9174861493860749,seen,42019,c91a6f9ce02a7a15e06282dc4950e636f2832f593984571267e8241cc0203ec9,scn3_structured_env42019,structured,0.013462384420183377,7.308837363751164,0.20632977917339138,v3_transformer,31000.0,0.042280808353762904,3,1.0,0.0,1.0,0.0
0.037142857142857144,0.004523809523809524,27.053003677324178,0.9209888029396419,seen,42019,c91a6f9ce02a7a15e06282dc4950e636f2832f593984571267e8241cc0203ec9,scn3_structured_env42019,structured,0.01351663189649676,7.2940482532759905,0.20467163223571816,v3_transformer,31001.0,0.041974024131411346,3,1.0,0.0,1.0,0.0
0.037142857142857144,0.004444444444444444,27.05423143019006,0.9158184443276605,seen,42019,c91a6f9ce02a7a15e06282dc4950e636f2832f593984571267e8241cc0203ec9,scn3_structured_env42019,structured,0.013229881142134066,7.265885764565325,0.20679115456127276,v3_transformer,31002.0,0.04247332137889687,3,1.0,0.0,1.0,0.0
0.037142857142857144,0.004444444444444444,27.05000997148207,0.9331131292592579,seen,42019,c91a6f9ce02a7a15e06282dc4950e636f2832f593984571267e8241cc0203ec9,scn3_structured_env42019,structured,0.013414562636312298,7.307942471965966,0.20532164200488673,v3_transformer,31003.0,0.042297979477763495,3,1.0,0.0,1.0,0.0
0.037142857142857144,0.004444444444444444,27.05576797468929,0.9213743980849787,seen,42019,c91a6f9ce02a7a15e06282dc4950e636f2832f593984571267e8241cc0203ec9,scn3_structured_env42019,structured,0.013241390641283733,7.284113972492159,0.20765817063122793,v3_transformer,31004.0,0.04223541146833401,3,1.0,0.0,1.0,0.0
0.037142857142857144,0.0041269841269841265,27.049919063853896,0.9152664180280932,seen,42019,c91a6f9ce02a7a15e06282dc4950e636f2832f593984571267e8241cc0203ec9,scn3_structured_env42019,structured,0.013183758368695073,7.309355950365345,0.20693546474017252,wm_hybrid,31000.0,0.042364298292847796,3,1.0,0.0,1.0,0.04857142857142857
0.037142857142857144,0.004444444444444444,27.052736047483712,0.9184241105961256,seen,42019,c91a6f9ce02a7a15e06282dc4950e636f2832f593984571267e8241cc0203ec9,scn3_structured_env42019,structured,0.013240388725574818,7.300055815223788,0.20544063887659308,wm_hybrid,31001.0,0.0420855661117396,3,1.0,0.0,1.0,0.04857142857142857
0.037142857142857144,0.004444444444444444,27.055867153930226,0.9155801111162077,seen,42019,c91a6f9ce02a7a15e06282dc4950e636f2832f593984571267e8241cc0203ec9,scn3_structured_env42019,structured,0.013235031659948458,7.269046558386591,0.2074751333631037,wm_hybrid,31002.0,0.04264119463565845,3,1.0,0.0,1.0,0.04857142857142857
0.037142857142857144,0.004444444444444444,27.050569485519972,0.9311963651328963,seen,42019,c91a6f9ce02a7a15e06282dc4950e636f2832f593984571267e8241cc0203ec9,scn3_structured_env42019,structured,0.01313736165783809,7.310048581508804,0.20603780453132312,wm_hybrid,31003.0,0.042385867544409705,3,1.0,0.0,1.0,0.04857142857142857
0.037142857142857144,0.004444444444444444,27.058182672239788,0.9199635731879817,seen,42019,c91a6f9ce02a7a15e06282dc4950e636f2832f593984571267e8241cc0203ec9,scn3_structured_env42019,structured,0.013353629459962416,7.283007695282034,0.20796525296969468,wm_hybrid,31004.0,0.04230403539699639,3,1.0,0.0,1.0,0.04857142857142857
0.03190476190476191,0.0041269841269841265,26.86365526484366,0.5464783023096506,seen,42019,c91a6f9ce02a7a15e06282dc4950e636f2832f593984571267e8241cc0203ec9,scn3_structured_env42019,structured,0.014482155828452284,7.495879062706718,0.2037419728225707,residual_rl,31000.0,0.04830776412463207,3,1.0,0.0,1.0,0.0
0.03142857142857143,0.0041269841269841265,26.89314709954797,0.5503254810769912,seen,42019,c91a6f9ce02a7a15e06282dc4950e636f2832f593984571267e8241cc0203ec9,scn3_structured_env42019,structured,0.015808256689116583,7.491162050256845,0.20374339207818482,residual_rl,31001.0,0.04800285146384279,3,1.0,0.0,1.0,0.0
0.03142857142857143,0.0041269841269841265,26.882441566849465,0.544396028485437,seen,42019,c91a6f9ce02a7a15e06282dc4950e636f2832f593984571267e8241cc0203ec9,scn3_structured_env42019,structured,0.014332554552674296,7.517986104915862,0.20373968609706272,residual_rl,31002.0,0.04953698981871807,3,1.0,0.0,1.0,0.0
0.03142857142857143,0.0041269841269841265,26.89255663438428,0.543216405567588,seen,42019,c91a6f9ce02a7a15e06282dc4950e636f2832f593984571267e8241cc0203ec9,scn3_structured_env42019,structured,0.015794289243492052,7.492878779095409,0.20374326400935736,residual_rl,31003.0,0.04818485551901869,3,1.0,0.0,1.0,0.0
0.03142857142857143,0.0041269841269841265,26.9059729708906,0.5184097653042048,seen,42019,c91a6f9ce02a7a15e06282dc4950e636f2832f593984571267e8241cc0203ec9,scn3_structured_env42019,structured,0.015735625105482456,7.500200274071571,0.20373968609706272,residual_rl,31004.0,0.049441123489944706,3,1.0,0.0,1.0,0.0
0.030952380952380953,0.004285714285714286,26.879486233616944,0.5668684545215095,seen,42019,c91a6f9ce02a7a15e06282dc4950e636f2832f593984571267e8241cc0203ec9,scn3_structured_env42019,structured,0.01567437797555948,7.518941174943129,0.2037400522024655,wm_residual_rl,31000.0,0.04877264084420478,3,1.0,0.0,1.0,0.0
0.03142857142857143,0.004285714285714286,26.908062703429188,0.55499620925774,seen,42019,c91a6f9ce02a7a15e06282dc4950e636f2832f593984571267e8241cc0203ec9,scn3_structured_env42019,structured,0.015807067719015185,7.536042641747067,0.20373968609706272,wm_residual_rl,31001.0,0.050915323078490664,3,1.0,0.0,1.0,0.0
0.03142857142857143,0.004285714285714286,26.879223849323637,0.498503681679189,seen,42019,c91a6f9ce02a7a15e06282dc4950e636f2832f593984571267e8241cc0203ec9,scn3_structured_env42019,structured,0.015764878528653332,7.539888626558808,0.20373968609706272,wm_residual_rl,31002.0,0.05167699540780393,3,1.0,0.0,1.0,0.0
0.03142857142857143,0.0041269841269841265,26.84064819744005,0.4862805432908566,seen,42019,c91a6f9ce02a7a15e06282dc4950e636f2832f593984571267e8241cc0203ec9,scn3_structured_env42019,structured,0.01577432363904826,7.501132176107708,0.20374260834504107,wm_residual_rl,31003.0,0.04892463552180928,3,1.0,0.0,1.0,0.0
0.03142857142857143,0.0041269841269841265,26.881451258905447,0.5365812369827883,seen,42019,c91a6f9ce02a7a15e06282dc4950e636f2832f593984571267e8241cc0203ec9,scn3_structured_env42019,structured,0.015789189746065906,7.4969776265342825,0.20374207513682777,wm_residual_rl,31004.0,0.04805041288588881,3,1.0,0.0,1.0,0.0
0.015238095238095238,0.0018253968253968253,18.308407547376955,0.0,seen,42001,b5482e85531ca737678249d2110798abc95450a7595e7534e61a92e3deebf1b6,scn2_ou_current_env42001,ou_current,0.02956197179822024,7.4320290542678125,0.3455759310613717,smc,,0.16334975479865524,2,0.028095238095238097,0.0,1.0,0.0
0.01380952380952381,0.00015873015873015873,18.098995794935135,1.0,seen,42001,b5482e85531ca737678249d2110798abc95450a7595e7534e61a92e3deebf1b6,scn2_ou_current_env42001,ou_current,0.01396878933477978,6.927144342383821,0.2587733497905289,mpc,,0.05936580835100356,2,0.010476190476190476,0.0,1.0,0.0
0.015238095238095238,0.0016666666666666668,17.938402412413406,0.5932797619047617,seen,42001,b5482e85531ca737678249d2110798abc95450a7595e7534e61a92e3deebf1b6,scn2_ou_current_env42001,ou_current,0.015323667862005706,7.7028577390160535,0.2469663301177945,constant_alpha,,0.05535470512036564,2,0.008571428571428572,0.0,1.0,0.0
0.015238095238095238,0.0016666666666666668,17.977937229022583,0.9470233845369166,seen,42001,b5482e85531ca737678249d2110798abc95450a7595e7534e61a92e3deebf1b6,scn2_ou_current_env42001,ou_current,0.013765494062323205,7.602958893508189,0.24715199120217093,sspo,,0.049730345558329045,2,0.010952380952380953,0.0,1.0,0.0
0.015238095238095238,0.0016666666666666668,18.017256907983317,0.9416033554062743,seen,42001,b5482e85531ca737678249d2110798abc95450a7595e7534e61a92e3deebf1b6,scn2_ou_current_env42001,ou_current,0.013882093581179493,7.505097979088295,0.247914233735492,v3_transformer,31000.0,0.04947855520181651,2,0.009523809523809525,0.0,1.0,0.0
0.015238095238095238,0.0016666666666666668,18.090218936908002,0.9339250297270003,seen,42001,b5482e85531ca737678249d2110798abc95450a7595e7534e61a92e3deebf1b6,scn2_ou_current_env42001,ou_current,0.013755793739969099,7.274814889021394,0.2472729432774595,v3_transformer,31001.0,0.04907242668545549,2,0.01,0.0,1.0,0.0
0.015238095238095238,0.0016666666666666668,18.041625031274,0.9285429013332659,seen,42001,b5482e85531ca737678249d2110798abc95450a7595e7534e61a92e3deebf1b6,scn2_ou_current_env42001,ou_current,0.013753483697452386,7.429345801951566,0.24725648388050597,v3_transformer,31002.0,0.04843123816968793,2,0.015714285714285715,0.0,1.0,0.0
0.015238095238095238,0.0016666666666666668,18.02801274981,0.9371636870761764,seen,42001,b5482e85531ca737678249d2110798abc95450a7595e7534e61a92e3deebf1b6,scn2_ou_current_env42001,ou_current,0.013752632947694035,7.46175388879955,0.24764362188790343,v3_transformer,31003.0,0.049164706632650046,2,0.013333333333333334,0.0,1.0,0.0
0.015238095238095238,0.0016666666666666668,18.04782390116462,0.9077680095605408,seen,42001,b5482e85531ca737678249d2110798abc95450a7595e7534e61a92e3deebf1b6,scn2_ou_current_env42001,ou_current,0.014094271204244228,7.425488621940196,0.24798968322114115,v3_transformer,31004.0,0.04978156525686503,2,0.022857142857142857,0.0,1.0,0.0
0.015238095238095238,0.0016666666666666668,18.019576462345416,0.9404173958268168,seen,42001,b5482e85531ca737678249d2110798abc95450a7595e7534e61a92e3deebf1b6,scn2_ou_current_env42001,ou_current,0.01388995512116753,7.499757252119402,0.24800820000500265,wm_hybrid,31000.0,0.04948612234478675,2,0.02095238095238095,0.0,1.0,0.049523809523809526
0.015238095238095238,0.0016666666666666668,18.0952888316444,0.9319103340906434,seen,42001,b5482e85531ca737678249d2110798abc95450a7595e7534e61a92e3deebf1b6,scn2_ou_current_env42001,ou_current,0.013759297835052413,7.266396805408448,0.24748882537429262,wm_hybrid,31001.0,0.049186860729191574,2,0.015714285714285715,0.0,1.0,0.049523809523809526
0.015238095238095238,0.0016666666666666668,18.043957805199348,0.9271177153761819,seen,42001,b5482e85531ca737678249d2110798abc95450a7595e7534e61a92e3deebf1b6,scn2_ou_current_env42001,ou_current,0.013756654556213744,7.430897487297763,0.24748012924642757,wm_hybrid,31002.0,0.04849707906033601,2,0.023809523809523808,0.0,1.0,0.049523809523809526
0.015238095238095238,0.0016666666666666668,18.02991439874775,0.9358641446734527,seen,42001,b5482e85531ca737678249d2110798abc95450a7595e7534e61a92e3deebf1b6,scn2_ou_current_env42001,ou_current,0.013755576410329375,7.45949900501469,0.2477832599186766,wm_hybrid,31003.0,0.04919916443344084,2,0.024761904761904763,0.0,1.0,0.049523809523809526
0.015238095238095238,0.0016666666666666668,18.049812783814925,0.9087709973885828,seen,42001,b5482e85531ca737678249d2110798abc95450a7595e7534e61a92e3deebf1b6,scn2_ou_current_env42001,ou_current,0.014086501292181926,7.423507002876836,0.24812920146164982,wm_hybrid,31004.0,0.04980722338794464,2,0.01904761904761905,0.0,1.0,0.049523809523809526
0.015238095238095238,0.0016666666666666668,17.904381547982798,0.5468274700184259,seen,42001,b5482e85531ca737678249d2110798abc95450a7595e7534e61a92e3deebf1b6,scn2_ou_current_env42001,ou_current,0.015260116890459242,7.694809406524082,0.24696628999148373,residual_rl,31000.0,0.0550004228417039,2,0.07809523809523809,0.0,1.0,0.0
0.015238095238095238,0.0016666666666666668,17.9249434654121,0.6161176231285489,seen,42001,b5482e85531ca737678249d2110798abc95450a7595e7534e61a92e3deebf1b6,scn2_ou_current_env42001,ou_current,0.015699024446840768,7.680240612473411,0.24696626568296925,residual_rl,31001.0,0.053578980779908386,2,0.054285714285714284,0.0,1.0,0.0
0.015238095238095238,0.0016666666666666668,17.917861520430826,0.5747256558834706,seen,42001,b5482e85531ca737678249d2110798abc95450a7595e7534e61a92e3deebf1b6,scn2_ou_current_env42001,ou_current,0.014871288692609223,7.704379401462931,0.2469663058683302,residual_rl,31002.0,0.05473952809121223,2,0.025238095238095237,0.0,1.0,0.0
0.015238095238095238,0.0016666666666666668,17.905454895369417,0.5550476870873594,seen,42001,b5482e85531ca737678249d2110798abc95450a7595e7534e61a92e3deebf1b6,scn2_ou_current_env42001,ou_current,0.015598999777038006,7.6893626477180534,0.24696627193544085,residual_rl,31003.0,0.05471506734223249,2,0.021904761904761906,0.0,1.0,0.0
0.015238095238095238,0.0016666666666666668,17.93671405950735,0.5069969101536195,seen,42001,b5482e85531ca737678249d2110798abc95450a7595e7534e61a92e3deebf1b6,scn2_ou_current_env42001,ou_current,0.015994814815297527,7.6949380049063825,0.2469663301177945,residual_rl,31004.0,0.05680213320998888,2,0.11476190476190476,0.0,1.0,0.0
0.015238095238095238,0.0016666666666666668,17.92231925872233,0.5951065437991139,seen,42001,b5482e85531ca737678249d2110798abc95450a7595e7534e61a92e3deebf1b6,scn2_ou_current_env42001,ou_current,0.014797971801635511,7.713992520463741,0.2469663301177945,wm_residual_rl,31000.0,0.05600891745272292,2,0.09619047619047619,0.0,1.0,0.0
0.015238095238095238,0.0016666666666666668,17.917019076219034,0.5731241052121084,seen,42001,b5482e85531ca737678249d2110798abc95450a7595e7534e61a92e3deebf1b6,scn2_ou_current_env42001,ou_current,0.015883223283455483,7.724172172042275,0.24696631762828486,wm_residual_rl,31001.0,0.0562253047713162,2,0.07142857142857142,0.0,1.0,0.0
0.015238095238095238,0.0016666666666666668,17.901567123555477,0.5096918996116558,seen,42001,b5482e85531ca737678249d2110798abc95450a7595e7534e61a92e3deebf1b6,scn2_ou_current_env42001,ou_current,0.01522432997100867,7.714582756434796,0.2469663301177945,wm_residual_rl,31002.0,0.056576800643032006,2,0.06476190476190476,0.0,1.0,0.0
0.015238095238095238,0.0016666666666666668,17.917012766421216,0.5123630721695314,seen,42001,b5482e85531ca737678249d2110798abc95450a7595e7534e61a92e3deebf1b6,scn2_ou_current_env42001,ou_current,0.01604705138923725,7.69257228521133,0.2469663301177945,wm_residual_rl,31003.0,0.055307040354764456,2,0.07047619047619047,0.0,1.0,0.0
0.015238095238095238,0.0016666666666666668,17.928507132462027,0.5728616300982079,seen,42001,b5482e85531ca737678249d2110798abc95450a7595e7534e61a92e3deebf1b6,scn2_ou_current_env42001,ou_current,0.016053900720184346,7.685755661377933,0.24696628409357124,wm_residual_rl,31004.0,0.05371349200172207,2,0.04904761904761905,0.0,1.0,0.0
0.018095238095238095,0.0017460317460317458,26.315811136269556,0.0,seen,42003,ca78ec2ae2a2cc0a3248f3433bff946f87dd7abbd82d97502a8a58929c77ec27,scn2_ou_current_env42003,ou_current,0.042657124347804755,7.318195337247196,0.3392776832456867,smc,,0.15799748376610856,2,0.037142857142857144,0.0,1.0,0.0
0.01380952380952381,0.00015873015873015873,27.02937895718448,1.0,seen,42003,ca78ec2ae2a2cc0a3248f3433bff946f87dd7abbd82d97502a8a58929c77ec27,scn2_ou_current_env42003,ou_current,0.013791830255169547,6.966512730610229,0.2430346449035564,mpc,,0.056781563121370886,2,0.0919047619047619,0.0,1.0,0.0
0.016666666666666666,0.001587301587301587,26.828352783810633,0.5932797619047617,seen,42003,ca78ec2ae2a2cc0a3248f3433bff946f87dd7abbd82d97502a8a58929c77ec27,scn2_ou_current_env42003,ou_current,0.014943520283898002,7.714719416575815,0.23495515325717206,constant_alpha,,0.0532237046015759,2,0.07476190476190477,0.0,1.0,0.0
0.016666666666666666,0.001587301587301587,26.944584067797948,0.9477536493573703,seen,42003,ca78ec2ae2a2cc0a3248f3433bff946f87dd7abbd82d97502a8a58929c77ec27,scn2_ou_current_env42003,ou_current,0.013798666252506666,7.630635776980203,0.23516612202084514,sspo,,0.04800958695055119,2,0.05380952380952381,0.0,1.0,0.0
0.017142857142857144,0.001587301587301587,26.977984652588322,0.9333477880038795,seen,42003,ca78ec2ae2a2cc0a3248f3433bff946f87dd7abbd82d97502a8a58929c77ec27,scn2_ou_current_env42003,ou_current,0.014171189128538342,7.542001602137664,0.23601752034495005,v3_transformer,31000.0,0.04742966120309158,2,0.04380952380952381,0.0,1.0,0.0
0.017142857142857144,0.001587301587301587,27.04865262260697,0.9178624775662152,seen,42003,ca78ec2ae2a2cc0a3248f3433bff946f87dd7abbd82d97502a8a58929c77ec27,scn2_ou_current_env42003,ou_current,0.014106960396754704,7.3039458135621445,0.2353075294367968,v3_transformer,31001.0,0.04705557879282623,2,0.08095238095238096,0.0,1.0,0.0
0.016666666666666666,0.001587301587301587,26.999198218277588,0.9207957496252575,seen,42003,ca78ec2ae2a2cc0a3248f3433bff946f87dd7abbd82d97502a8a58929c77ec27,scn2_ou_current_env42003,ou_current,0.01397797678659005,7.4718815919439825,0.23517431645381964,v3_transformer,31002.0,0.04625133446124249,2,0.0761904761904762,0.0,1.0,0.0
0.017142857142857144,0.001587301587301587,26.97931066420377,0.929519354331482,seen,42003,ca78ec2ae2a2cc0a3248f3433bff946f87dd7abbd82d97502a8a58929c77ec27,scn2_ou_current_env42003,ou_current,0.014045400379020006,7.521563107571325,0.23559699581384508,v3_transformer,31003.0,0.047209182984768845,2,0.06619047619047619,0.0,1.0,0.0
0.017142857142857144,0.001587301587301587,26.991596659108474,0.909019812001023,seen,42003,ca78ec2ae2a2cc0a3248f3433bff946f87dd7abbd82d97502a8a58929c77ec27,scn2_ou_current_env42003,ou_current,0.014416774366877098,7.495776957206237,0.2361682026743043,v3_transformer,31004.0,0.04809525317647001,2,0.08666666666666667,0.0,1.0,0.0
0.017142857142857144,0.001587301587301587,26.979636029130276,0.9321913668326146,seen,42003,ca78ec2ae2a2cc0a3248f3433bff946f87dd7abbd82d97502a8a58929c77ec27,scn2_ou_current_env42003,ou_current,0.014165631000550306,7.539771872185334,0.23622811484243128,wm_hybrid,31000.0,0.047449590304944826,2,0.10142857142857142,0.0,1.0,0.04285714285714286
0.017142857142857144,0.001587301587301587,27.052303886248428,0.9160060754664344,seen,42003,ca78ec2ae2a2cc0a3248f3433bff946f87dd7abbd82d97502a8a58929c77ec27,scn2_ou_current_env42003,ou_current,0.014136070674353908,7.3020718793421535,0.23566890441271082,wm_hybrid,31001.0,0.047186211463416075,2,0.09476190476190476,0.0,1.0,0.04238095238095238
0.016666666666666666,0.001587301587301587,26.999525169643476,0.9194183366961586,seen,42003,ca78ec2ae2a2cc0a3248f3433bff946f87dd7abbd82d97502a8a58929c77ec27,scn2_ou_current_env42003,ou_current,0.013937797216426625,7.478778415024316,0.23556236550591575,wm_hybrid,31002.0,0.04634327676572919,2,0.11714285714285715,0.0,1.0,0.04285714285714286
0.017142857142857144,0.001587301587301587,26.980955635033794,0.9285200779622561,seen,42003,ca78ec2ae2a2cc0a3248f3433bff946f87dd7abbd82d97502a8a58929c77ec27,scn2_ou_current_env42003,ou_current,0.014048893279515747,7.523152988116363,0.2358668770250068,wm_hybrid,31003.0,0.047265421034285826,2,0.06904761904761905,0.0,1.0,0.04285714285714286
0.017142857142857144,0.001587301587301587,26.99378953761064,0.9119709405139502,seen,42003,ca78ec2ae2a2cc0a3248f3433bff946f87dd7abbd82d97502a8a58929c77ec27,scn2_ou_current_env42003,ou_current,0.014425693244273617,7.49583916374812,0.23638137585858718,wm_hybrid,31004.0,0.048059208031108254,2,0.10761904761904761,0.0,1.0,0.04285714285714286
0.016666666666666666,0.001587301587301587,26.790019043010588,0.5613268380151263,seen,42003,ca78ec2ae2a2cc0a3248f3433bff946f87dd7abbd82d97502a8a58929c77ec27,scn2_ou_current_env42003,ou_current,0.014941725789728058,7.7006577780421885,0.23495544416923,residual_rl,31000.0,0.05250730992696188,2,0.10809523809523809,0.0,1.0,0.0
0.016666666666666666,0.001587301587301587,26.82340256516811,0.6024719598108512,seen,42003,ca78ec2ae2a2cc0a3248f3433bff946f87dd7abbd82d97502a8a58929c77ec27,scn2_ou_current_env42003,ou_current,0.015571435973476775,7.69260491766293,0.23495584013871829,residual_rl,31001.0,0.05147803983096915,2,0.05619047619047619,0.0,1.0,0.0
0.016666666666666666,0.001587301587301587,26.79955696837502,0.5468510277102898,seen,42003,ca78ec2ae2a2cc0a3248f3433bff946f87dd7abbd82d97502a8a58929c77ec27,scn2_ou_current_env42003,ou_current,0.014880235278484989,7.720167171931343,0.23495523567474316,residual_rl,31002.0,0.05286260080030275,2,0.04523809523809524,0.0,1.0,0.0
0.016666666666666666,0.001587301587301587,26.79118240033771,0.5640162790480505,seen,42003,ca78ec2ae2a2cc0a3248f3433bff946f87dd7abbd82d97502a8a58929c77ec27,scn2_ou_current_env42003,ou_current,0.015100947622931243,7.696117094132758,0.23495574336566977,residual_rl,31003.0,0.05227029291005839,2,0.08333333333333333,0.0,1.0,0.0
0.016666666666666666,0.001587301587301587,26.804567261869057,0.5127085670901953,seen,42003,ca78ec2ae2a2cc0a3248f3433bff946f87dd7abbd82d97502a8a58929c77ec27,scn2_ou_current_env42003,ou_current,0.015457022651424903,7.7027182445649816,0.23495515325717206,residual_rl,31004.0,0.05426228061686448,2,0.10428571428571429,0.0,1.0,0.0
0.016666666666666666,0.001587301587301587,26.796622411119788,0.5860843186161038,seen,42003,ca78ec2ae2a2cc0a3248f3433bff946f87dd7abbd82d97502a8a58929c77ec27,scn2_ou_current_env42003,ou_current,0.014489932468094682,7.724877840601438,0.23495515325717206,wm_residual_rl,31000.0,0.053560707135591086,2,0.0680952380952381,0.0,1.0,0.0
0.016666666666666666,0.001587301587301587,26.779756404118853,0.5470529371553643,seen,42003,ca78ec2ae2a2cc0a3248f3433bff946f87dd7abbd82d97502a8a58929c77ec27,scn2_ou_current_env42003,ou_current,0.015440455889989355,7.736039418952615,0.2349552322194423,wm_residual_rl,31001.0,0.054093096075303215,2,0.1619047619047619,0.0,1.0,0.0
0.016666666666666666,0.001587301587301587,26.766766759319527,0.4967718030064513,seen,42003,ca78ec2ae2a2cc0a3248f3433bff946f87dd7abbd82d97502a8a58929c77ec27,scn2_ou_current_env42003,ou_current,0.01527248797883161,7.718700785613332,0.23495515325717206,wm_residual_rl,31002.0,0.054330386408834606,2,0.10523809523809524,0.0,1.0,0.0
0.016666666666666666,0.001587301587301587,26.802063059947812,0.508123271414226,seen,42003,ca78ec2ae2a2cc0a3248f3433bff946f87dd7abbd82d97502a8a58929c77ec27,scn2_ou_current_env42003,ou_current,0.015505971890559187,7.700159004929889,0.23495515325717206,wm_residual_rl,31003.0,0.05300120691923794,2,0.08142857142857143,0.0,1.0,0.0
0.016666666666666666,0.001587301587301587,26.810030915983898,0.5452219029358308,seen,42003,ca78ec2ae2a2cc0a3248f3433bff946f87dd7abbd82d97502a8a58929c77ec27,scn2_ou_current_env42003,ou_current,0.015666793217898156,7.700078958095658,0.23495553100676278,wm_residual_rl,31004.0,0.05208593425055942,2,0.15285714285714286,0.0,1.0,0.0
0.007142857142857143,0.0017460317460317458,17.521299023689476,0.0,seen,42002,95c1567d11e2d30c88723dff94a78ca4017646a6c59e01508c3ba51de3f9bfa8,scn2_ou_current_env42002,ou_current,0.036397462022221036,7.387360792391692,0.33132724393249724,smc,,0.16297958545067195,2,0.07095238095238095,0.0,1.0,0.0
0.010476190476190476,0.00031746031746031746,17.267295214702553,1.0,seen,42002,95c1567d11e2d30c88723dff94a78ca4017646a6c59e01508c3ba51de3f9bfa8,scn2_ou_current_env42002,ou_current,0.01328455486135973,6.930591863248102,0.2316405832074138,mpc,,0.05440268953714512,2,0.07904761904761905,0.0,1.0,0.0
0.007142857142857143,0.001587301587301587,17.14466426507449,0.5932797619047617,seen,42002,95c1567d11e2d30c88723dff94a78ca4017646a6c59e01508c3ba51de3f9bfa8,scn2_ou_current_env42002,ou_current,0.015090965121242441,7.690454111516403,0.18627279076136957,constant_alpha,,0.04784450627229484,2,0.056666666666666664,0.0,1.0,0.0
0.007142857142857143,0.001587301587301587,17.18072784947248,0.9471734853140783,seen,42002,95c1567d11e2d30c88723dff94a78ca4017646a6c59e01508c3ba51de3f9bfa8,scn2_ou_current_env42002,ou_current,0.013600936499471446,7.603714159712246,0.1864706724510315,sspo,,0.04066091631269062,2,0.05904761904761905,0.0,1.0,0.0
0.007142857142857143,0.001587301587301587,17.230042300350195,0.9417996505753308,seen,42002,95c1567d11e2d30c88723dff94a78ca4017646a6c59e01508c3ba51de3f9bfa8,scn2_ou_current_env42002,ou_current,0.01374279544849459,7.470888516888975,0.18693976206440707,v3_transformer,31000.0,0.04017889446067794,2,0.027142857142857142,0.0,1.0,0.0
0.007142857142857143,0.001587301587301587,17.287392489141194,0.9360301335731815,seen,42002,95c1567d11e2d30c88723dff94a78ca4017646a6c59e01508c3ba51de3f9bfa8,scn2_ou_current_env42002,ou_current,0.013592367848645348,7.283698077518322,0.18644240035929024,v3_transformer,31001.0,0.03938608719502123,2,0.04428571428571428,0.0,1.0,0.0
0.007142857142857143,0.001587301587301587,17.25734512861025,0.931102131118602,seen,42002,95c1567d11e2d30c88723dff94a78ca4017646a6c59e01508c3ba51de3f9bfa8,scn2_ou_current_env42002,ou_current,0.013591437848849872,7.376581581626652,0.18656130035318266,v3_transformer,31002.0,0.03901041785030404,2,0.07380952380952381,0.0,1.0,0.0
0.007142857142857143,0.001587301587301587,17.23603405557956,0.9375200109066022,seen,42002,95c1567d11e2d30c88723dff94a78ca4017646a6c59e01508c3ba51de3f9bfa8,scn2_ou_current_env42002,ou_current,0.013591509149390573,7.426045021337777,0.18648755874528136,v3_transformer,31003.0,0.03939447962626263,2,0.06714285714285714,0.0,1.0,0.0
0.007142857142857143,0.001587301587301587,17.246072203377896,0.9000010428763147,seen,42002,95c1567d11e2d30c88723dff94a78ca4017646a6c59e01508c3ba51de3f9bfa8,scn2_ou_current_env42002,ou_current,0.014106526922795494,7.417888544641839,0.18684565860511682,v3_transformer,31004.0,0.04015468996772364,2,0.08761904761904762,0.0,1.0,0.0
0.007142857142857143,0.001587301587301587,17.23876533932358,0.9406630617206676,seen,42002,95c1567d11e2d30c88723dff94a78ca4017646a6c59e01508c3ba51de3f9bfa8,scn2_ou_current_env42002,ou_current,0.013747371137958764,7.449148122522178,0.18699486482558694,wm_hybrid,31000.0,0.040197005121963905,2,0.08904761904761904,0.0,1.0,0.049523809523809526
0.007142857142857143,0.001587301587301587,17.291704263024013,0.9341253973869241,seen,42002,95c1567d11e2d30c88723dff94a78ca4017646a6c59e01508c3ba51de3f9bfa8,scn2_ou_current_env42002,ou_current,0.013595488711894066,7.2750684389168025,0.18658275819782294,wm_hybrid,31001.0,0.03948268031158274,2,0.09285714285714286,0.0,1.0,0.049523809523809526
0.007142857142857143,0.001587301587301587,17.26056831502153,0.9291585035551634,seen,42002,95c1567d11e2d30c88723dff94a78ca4017646a6c59e01508c3ba51de3f9bfa8,scn2_ou_current_env42002,ou_current,0.01359458248433112,7.374726760391801,0.18675090523275864,wm_hybrid,31002.0,0.03911646651960353,2,0.10714285714285714,0.0,1.0,0.049523809523809526
0.007142857142857143,0.001587301587301587,17.237982993583948,0.9361893175313738,seen,42002,95c1567d11e2d30c88723dff94a78ca4017646a6c59e01508c3ba51de3f9bfa8,scn2_ou_current_env42002,ou_current,0.013594643031879699,7.42525167758018,0.186603712082092,wm_hybrid,31003.0,0.03945011838840461,2,0.10476190476190476,0.0,1.0,0.049523809523809526
0.007142857142857143,0.001587301587301587,17.247724169275223,0.9011635829700517,seen,42002,95c1567d11e2d30c88723dff94a78ca4017646a6c59e01508c3ba51de3f9bfa8,scn2_ou_current_env42002,ou_current,0.0141239488892476,7.415690154613878,0.18690471842143594,wm_hybrid,31004.0,0.04012321001910803,2,0.13,0.0,1.0,0.049523809523809526
0.007142857142857143,0.001587301587301587,17.11264427014209,0.5486369380461157,seen,42002,95c1567d11e2d30c88723dff94a78ca4017646a6c59e01508c3ba51de3f9bfa8,scn2_ou_current_env42002,ou_current,0.014903281375401764,7.684000681916522,0.18627109148126073,residual_rl,31000.0,0.0470671287998055,2,0.10666666666666667,0.0,1.0,0.0
0.007142857142857143,0.001587301587301587,17.13014829773382,0.6211462622091497,seen,42002,95c1567d11e2d30c88723dff94a78ca4017646a6c59e01508c3ba51de3f9bfa8,scn2_ou_current_env42002,ou_current,0.015156788694986554,7.673394337015885,0.1862699017424781,residual_rl,31001.0,0.04557198590839266,2,0.05047619047619047,0.0,1.0,0.0
0.007142857142857143,0.001587301587301587,17.128645616012,0.5738410180516634,seen,42002,95c1567d11e2d30c88723dff94a78ca4017646a6c59e01508c3ba51de3f9bfa8,scn2_ou_current_env42002,ou_current,0.014608758833024482,7.696370073530885,0.18627279076136957,residual_rl,31002.0,0.047615026658396856,2,0.06571428571428571,0.0,1.0,0.0
0.007142857142857143,0.001587301587301587,17.113550980549217,0.5651282950327499,seen,42002,95c1567d11e2d30c88723dff94a78ca4017646a6c59e01508c3ba51de3f9bfa8,scn2_ou_current_env42002,ou_current,0.015125174855199784,7.678627884089365,0.18627017541507881,residual_rl,31003.0,0.04666159570734332,2,0.056666666666666664,0.0,1.0,0.0
0.007142857142857143,0.001587301587301587,17.143470587106684,0.5052537899321337,seen,42002,95c1567d11e2d30c88723dff94a78ca4017646a6c59e01508c3ba51de3f9bfa8,scn2_ou_current_env42002,ou_current,0.015690696215195414,7.68063789672025,0.18627279076136957,residual_rl,31004.0,0.04936763765735117,2,0.12,0.0,1.0,0.0
0.007142857142857143,0.001587301587301587,17.122318093863104,0.6012369382419954,seen,42002,95c1567d11e2d30c88723dff94a78ca4017646a6c59e01508c3ba51de3f9bfa8,scn2_ou_current_env42002,ou_current,0.014548669112488909,7.6999558879043954,0.18627279076136957,wm_residual_rl,31000.0,0.04765156484204181,2,0.08428571428571428,0.0,1.0,0.0
0.007142857142857143,0.001587301587301587,17.126357328474313,0.5800693965007949,seen,42002,95c1567d11e2d30c88723dff94a78ca4017646a6c59e01508c3ba51de3f9bfa8,scn2_ou_current_env42002,ou_current,0.015480476215638687,7.712202256960425,0.1862725735534189,wm_residual_rl,31001.0,0.04896966686703893,2,0.039047619047619046,0.0,1.0,0.0
0.007142857142857143,0.001587301587301587,17.114750623595967,0.5181587712905074,seen,42002,95c1567d11e2d30c88723dff94a78ca4017646a6c59e01508c3ba51de3f9bfa8,scn2_ou_current_env42002,ou_current,0.014796926009489222,7.701828940594712,0.18627279076136957,wm_residual_rl,31002.0,0.049340730072778026,2,0.04619047619047619,0.0,1.0,0.0
0.007142857142857143,0.001587301587301587,17.122962111360934,0.5110294334330783,seen,42002,95c1567d11e2d30c88723dff94a78ca4017646a6c59e01508c3ba51de3f9bfa8,scn2_ou_current_env42002,ou_current,0.015770223547676463,7.68288389341649,0.18627279076136957,wm_residual_rl,31003.0,0.047439263809934934,2,0.12428571428571429,0.0,1.0,0.0
0.007142857142857143,0.001587301587301587,17.136172955245808,0.5950398541191317,seen,42002,95c1567d11e2d30c88723dff94a78ca4017646a6c59e01508c3ba51de3f9bfa8,scn2_ou_current_env42002,ou_current,0.015744606197280592,7.675124741232408,0.18627081803728596,wm_residual_rl,31004.0,0.045566908156233786,2,0.13476190476190475,0.0,1.0,0.0
0.023809523809523808,0.0019841269841269845,18.893424332106544,0.0,seen,42000,3fe4462732af8e0a74d3c6fdcb98c262600359184100ba6659881ef4c63beea4,scn2_ou_current_env42000,ou_current,0.03903319418803624,7.514170587424939,0.3720857754988133,smc,,0.1727663570856779,2,0.08238095238095237,0.0,1.0,0.0
0.015714285714285715,0.00031746031746031746,18.6797018475594,1.0,seen,42000,3fe4462732af8e0a74d3c6fdcb98c262600359184100ba6659881ef4c63beea4,scn2_ou_current_env42000,ou_current,0.013471285295820234,6.821180914427161,0.31399190236734004,mpc,,0.06694050532089675,2,0.07714285714285714,0.0,1.0,0.0
0.016666666666666666,0.0018253968253968253,18.516907567668163,0.5932797619047617,seen,42000,3fe4462732af8e0a74d3c6fdcb98c262600359184100ba6659881ef4c63beea4,scn2_ou_current_env42000,ou_current,0.014484510829317761,7.693750057524936,0.30266232971017853,constant_alpha,,0.0633310124451329,2,0.06904761904761905,0.0,1.0,0.0
0.016666666666666666,0.0018253968253968253,18.547143834001353,0.9450313053635776,seen,42000,3fe4462732af8e0a74d3c6fdcb98c262600359184100ba6659881ef4c63beea4,scn2_ou_current_env42000,ou_current,0.013270881920288493,7.57872712119786,0.30285944076172877,sspo,,0.05954403667603711,2,0.05,0.0,1.0,0.0
0.016666666666666666,0.0018253968253968253,18.603978830586158,0.9389818582178374,seen,42000,3fe4462732af8e0a74d3c6fdcb98c262600359184100ba6659881ef4c63beea4,scn2_ou_current_env42000,ou_current,0.013391471251894353,7.419141774823156,0.3032949465169238,v3_transformer,31000.0,0.05942101937474071,2,0.05476190476190476,0.0,1.0,0.0
0.016666666666666666,0.0018253968253968253,18.63421204425567,0.9345001843121269,seen,42000,3fe4462732af8e0a74d3c6fdcb98c262600359184100ba6659881ef4c63beea4,scn2_ou_current_env42000,ou_current,0.013493710603011251,7.306102113194952,0.30281724549506855,v3_transformer,31001.0,0.05887063327030953,2,0.06666666666666667,0.0,1.0,0.0
0.016666666666666666,0.0018253968253968253,18.623696683457517,0.9225420322484101,seen,42000,3fe4462732af8e0a74d3c6fdcb98c262600359184100ba6659881ef4c63beea4,scn2_ou_current_env42000,ou_current,0.013498788328590437,7.3692805907378345,0.30312881187832386,v3_transformer,31002.0,0.05877961653810726,2,0.10428571428571429,0.0,1.0,0.0
0.016666666666666666,0.0018253968253968253,18.618639935769938,0.9355833998877523,seen,42000,3fe4462732af8e0a74d3c6fdcb98c262600359184100ba6659881ef4c63beea4,scn2_ou_current_env42000,ou_current,0.013281752363324132,7.3736995063103095,0.30322061292889,v3_transformer,31003.0,0.05929157771905896,2,0.06142857142857143,0.0,1.0,0.0
0.016666666666666666,0.0018253968253968253,18.634216437906968,0.9037463238808693,seen,42000,3fe4462732af8e0a74d3c6fdcb98c262600359184100ba6659881ef4c63beea4,scn2_ou_current_env42000,ou_current,0.013857299733978064,7.3387336455355365,0.30313944751867444,v3_transformer,31004.0,0.05955358508691554,2,0.11285714285714285,0.0,1.0,0.0
0.016666666666666666,0.0018253968253968253,18.60665327851939,0.9382015363060728,seen,42000,3fe4462732af8e0a74d3c6fdcb98c262600359184100ba6659881ef4c63beea4,scn2_ou_current_env42000,ou_current,0.013507741289600021,7.415103976280988,0.30335371024255436,wm_hybrid,31000.0,0.05947945287681605,2,0.1180952380952381,0.0,1.0,0.049523809523809526
0.016666666666666666,0.0018253968253968253,18.637263470731586,0.9324653591770188,seen,42000,3fe4462732af8e0a74d3c6fdcb98c262600359184100ba6659881ef4c63beea4,scn2_ou_current_env42000,ou_current,0.013517689335547927,7.301416303899422,0.3029423010783077,wm_hybrid,31001.0,0.05892994705209436,2,0.09619047619047619,0.0,1.0,0.049523809523809526
0.016666666666666666,0.0018253968253968253,18.62544628515694,0.9219258611968215,seen,42000,3fe4462732af8e0a74d3c6fdcb98c262600359184100ba6659881ef4c63beea4,scn2_ou_current_env42000,ou_current,0.013503122037902686,7.367631465412056,0.30319415034380454,wm_hybrid,31002.0,0.05880815819040011,2,0.08190476190476191,0.0,1.0,0.049523809523809526
0.016666666666666666,0.0018253968253968253,18.62127182285517,0.9342762272410133,seen,42000,3fe4462732af8e0a74d3c6fdcb98c262600359184100ba6659881ef4c63beea4,scn2_ou_current_env42000,ou_current,0.01327783926712213,7.370923793033814,0.3033382244572856,wm_hybrid,31003.0,0.0593417909831623,2,0.11904761904761904,0.0,1.0,0.049523809523809526
0.016666666666666666,0.0018253968253968253,18.638113891965403,0.9041278527661885,seen,42000,3fe4462732af8e0a74d3c6fdcb98c262600359184100ba6659881ef4c63beea4,scn2_ou_current_env42000,ou_current,0.01378704266890629,7.331424485041286,0.3032350220664546,wm_hybrid,31004.0,0.05954904321473457,2,0.1061904761904762,0.0,1.0,0.049523809523809526
0.016666666666666666,0.0018253968253968253,18.473625838479787,0.5526171912800636,seen,42000,3fe4462732af8e0a74d3c6fdcb98c262600359184100ba6659881ef4c63beea4,scn2_ou_current_env42000,ou_current,0.014756909385130872,7.684006273879428,0.30266232971017853,residual_rl,31000.0,0.06340913650879788,2,0.07666666666666666,0.0,1.0,0.0
0.016666666666666666,0.0018253968253968253,18.49633161095195,0.6179880399342782,seen,42000,3fe4462732af8e0a74d3c6fdcb98c262600359184100ba6659881ef4c63beea4,scn2_ou_current_env42000,ou_current,0.015007897512089415,7.6712366661512155,0.3026622753910987,residual_rl,31001.0,0.062262715588955304,2,0.07809523809523809,0.0,1.0,0.0
0.016666666666666666,0.0018253968253968253,18.489377917360162,0.5697612752850674,seen,42000,3fe4462732af8e0a74d3c6fdcb98c262600359184100ba6659881ef4c63beea4,scn2_ou_current_env42000,ou_current,0.01440106973880033,7.696888855249495,0.3026623220537755,residual_rl,31002.0,0.0632700374917123,2,0.07523809523809524,0.0,1.0,0.0
0.016666666666666666,0.0018253968253968253,18.478023973822395,0.5605250316273547,seen,42000,3fe4462732af8e0a74d3c6fdcb98c262600359184100ba6659881ef4c63beea4,scn2_ou_current_env42000,ou_current,0.014791916610819134,7.677455332643193,0.3026622890251519,residual_rl,31003.0,0.0629310858507638,2,0.08761904761904762,0.0,1.0,0.0
0.016666666666666666,0.0018253968253968253,18.516182185792527,0.5094111697325177,seen,42000,3fe4462732af8e0a74d3c6fdcb98c262600359184100ba6659881ef4c63beea4,scn2_ou_current_env42000,ou_current,0.015097886837662292,7.679867322430155,0.30266232971017853,residual_rl,31004.0,0.06412871814002996,2,0.06428571428571428,0.0,1.0,0.0
0.016666666666666666,0.0018253968253968253,18.512501412147344,0.59876188884542,seen,42000,3fe4462732af8e0a74d3c6fdcb98c262600359184100ba6659881ef4c63beea4,scn2_ou_current_env42000,ou_current,0.013975257182607755,7.702003518988583,0.30266232971017853,wm_residual_rl,31000.0,0.06407075244520936,2,0.05047619047619047,0.0,1.0,0.0
0.016666666666666666,0.0018253968253968253,18.492084993291538,0.581896282358998,seen,42000,3fe4462732af8e0a74d3c6fdcb98c262600359184100ba6659881ef4c63beea4,scn2_ou_current_env42000,ou_current,0.015107054644291077,7.71003721454257,0.30266232971017853,wm_residual_rl,31001.0,0.06404242806531119,2,0.17047619047619048,0.0,1.0,0.0
0.016666666666666666,0.0018253968253968253,18.472072736219236,0.5116667149160999,seen,42000,3fe4462732af8e0a74d3c6fdcb98c262600359184100ba6659881ef4c63beea4,scn2_ou_current_env42000,ou_current,0.014487368114987529,7.692137363435315,0.30266232971017853,wm_residual_rl,31002.0,0.06402297770504363,2,0.06666666666666667,0.0,1.0,0.0
0.016666666666666666,0.0018253968253968253,18.49183997899695,0.513237862883137,seen,42000,3fe4462732af8e0a74d3c6fdcb98c262600359184100ba6659881ef4c63beea4,scn2_ou_current_env42000,ou_current,0.01535547526871618,7.67984521968789,0.30266232971017853,wm_residual_rl,31003.0,0.06345188233137738,2,0.05523809523809524,0.0,1.0,0.0
0.016666666666666666,0.0018253968253968253,18.49769557841788,0.5817337419614297,seen,42000,3fe4462732af8e0a74d3c6fdcb98c262600359184100ba6659881ef4c63beea4,scn2_ou_current_env42000,ou_current,0.015407274330169177,7.676123545302866,0.3026623075414768,wm_residual_rl,31004.0,0.06230817638280287,2,0.09571428571428571,0.0,1.0,0.0
0.032857142857142856,0.0016666666666666668,19.336222654546773,0.0,seen,42004,6af41c89edc9424737ea52bfb1097054e0ff7acef467a41aa5c7bb31810907dc,scn2_ou_current_env42004,ou_current,0.04235731834671039,7.632214868849274,0.369292837715246,smc,,0.16286160954425863,2,0.055714285714285716,0.0,1.0,0.0
0.01380952380952381,0.00015873015873015873,18.75119050538054,1.0,seen,42004,6af41c89edc9424737ea52bfb1097054e0ff7acef467a41aa5c7bb31810907dc,scn2_ou_current_env42004,ou_current,0.013564367712449385,6.949441184248219,0.2602749339625436,mpc,,0.05926574882117426,2,0.07476190476190477,0.0,1.0,0.0
0.01380952380952381,0.0015079365079365076,18.54635764495789,0.5932797619047617,seen,42004,6af41c89edc9424737ea52bfb1097054e0ff7acef467a41aa5c7bb31810907dc,scn2_ou_current_env42004,ou_current,0.015074430368610565,7.706895690320278,0.250488979988323,constant_alpha,,0.05545900201639918,2,0.10952380952380952,0.0,1.0,0.0
0.013333333333333334,0.0015079365079365076,18.608331992547434,0.9428012563251734,seen,42004,6af41c89edc9424737ea52bfb1097054e0ff7acef467a41aa5c7bb31810907dc,scn2_ou_current_env42004,ou_current,0.013571973843677587,7.606442790289201,0.25069469352528423,sspo,,0.05018266149870633,2,0.10714285714285714,0.0,1.0,0.0
0.013333333333333334,0.0015079365079365076,18.652929118038642,0.9379008836160861,seen,42004,6af41c89edc9424737ea52bfb1097054e0ff7acef467a41aa5c7bb31810907dc,scn2_ou_current_env42004,ou_current,0.013687243016183433,7.525964603873295,0.25149190775970565,v3_transformer,31000.0,0.05020164143261381,2,0.1019047619047619,0.0,1.0,0.0
0.013333333333333334,0.0015079365079365076,18.77654406977184,0.9363059318559424,seen,42004,6af41c89edc9424737ea52bfb1097054e0ff7acef467a41aa5c7bb31810907dc,scn2_ou_current_env42004,ou_current,0.01356776261743961,7.247214104137728,0.2507237063149215,v3_transformer,31001.0,0.05014617089672424,2,0.14238095238095239,0.0,1.0,0.0
0.013333333333333334,0.0015079365079365076,18.673886437945608,0.9297063288625187,seen,42004,6af41c89edc9424737ea52bfb1097054e0ff7acef467a41aa5c7bb31810907dc,scn2_ou_current_env42004,ou_current,0.013681702669896864,7.490348354572734,0.250608012603492,v3_transformer,31002.0,0.04929759687244451,2,0.10666666666666667,0.0,1.0,0.0
0.013333333333333334,0.0015079365079365076,18.646666457444823,0.9382925548893257,seen,42004,6af41c89edc9424737ea52bfb1097054e0ff7acef467a41aa5c7bb31810907dc,scn2_ou_current_env42004,ou_current,0.013611712036914393,7.519284466750998,0.25076648411098545,v3_transformer,31003.0,0.050149537813978316,2,0.11952380952380952,0.0,1.0,0.0
0.013333333333333334,0.0015079365079365076,18.676891743450504,0.8943945645049949,seen,42004,6af41c89edc9424737ea52bfb1097054e0ff7acef467a41aa5c7bb31810907dc,scn2_ou_current_env42004,ou_current,0.013982743022147434,7.46096393924301,0.25130434464848345,v3_transformer,31004.0,0.050770279953585046,2,0.07809523809523809,0.0,1.0,0.0
0.013333333333333334,0.0015079365079365076,18.65402003703045,0.9371900951848585,seen,42004,6af41c89edc9424737ea52bfb1097054e0ff7acef467a41aa5c7bb31810907dc,scn2_ou_current_env42004,ou_current,0.013677681697060563,7.524433496951184,0.25152266336320145,wm_hybrid,31000.0,0.05018995611765193,2,0.12095238095238095,0.0,1.0,0.047619047619047616
0.013333333333333334,0.0015079365079365076,18.782885381947352,0.9349251072402127,seen,42004,6af41c89edc9424737ea52bfb1097054e0ff7acef467a41aa5c7bb31810907dc,scn2_ou_current_env42004,ou_current,0.013648097223805673,7.239011840518314,0.25091762588574706,wm_hybrid,31001.0,0.05027281390519024,2,0.06380952380952382,0.0,1.0,0.047619047619047616
0.013333333333333334,0.0015079365079365076,18.672652503800848,0.9284662799123827,seen,42004,6af41c89edc9424737ea52bfb1097054e0ff7acef467a41aa5c7bb31810907dc,scn2_ou_current_env42004,ou_current,0.013538358521594705,7.49691831950118,0.2508189398886732,wm_hybrid,31002.0,0.0493304867264866,2,0.04476190476190476,0.0,1.0,0.047619047619047616
0.013333333333333334,0.0015079365079365076,18.648743759626072,0.9375047258936452,seen,42004,6af41c89edc9424737ea52bfb1097054e0ff7acef467a41aa5c7bb31810907dc,scn2_ou_current_env42004,ou_current,0.013429369333936344,7.516818902255907,0.2509330215282739,wm_hybrid,31003.0,0.05013836470095455,2,0.014761904761904763,0.0,1.0,0.047619047619047616
0.013333333333333334,0.0015079365079365076,18.68043786541626,0.8967711619828173,seen,42004,6af41c89edc9424737ea52bfb1097054e0ff7acef467a41aa5c7bb31810907dc,scn2_ou_current_env42004,ou_current,0.014020212121447813,7.458114359063778,0.25145799069001795,wm_hybrid,31004.0,0.05079454137020787,2,0.051904761904761905,0.0,1.0,0.047619047619047616
0.01380952380952381,0.0015079365079365076,18.514807042248925,0.5439178242856131,seen,42004,6af41c89edc9424737ea52bfb1097054e0ff7acef467a41aa5c7bb31810907dc,scn2_ou_current_env42004,ou_current,0.01514190967300404,7.700159350549693,0.25048897743759685,residual_rl,31000.0,0.055025966278746875,2,0.05857142857142857,0.0,1.0,0.0
0.01380952380952381,0.0015079365079365076,18.539175900958213,0.6265780961729047,seen,42004,6af41c89edc9424737ea52bfb1097054e0ff7acef467a41aa5c7bb31810907dc,scn2_ou_current_env42004,ou_current,0.01550277155578044,7.688736223725506,0.25048896922640995,residual_rl,31001.0,0.05373584143342112,2,0.039523809523809524,0.0,1.0,0.0
0.01380952380952381,0.0015079365079365076,18.532134817834063,0.5793734452875211,seen,42004,6af41c89edc9424737ea52bfb1097054e0ff7acef467a41aa5c7bb31810907dc,scn2_ou_current_env42004,ou_current,0.014670229692021648,7.703101104424287,0.250488979988323,residual_rl,31002.0,0.05461926924611001,2,0.05523809523809524,0.0,1.0,0.0
0.01380952380952381,0.0015079365079365076,18.52440156391273,0.5592710444986835,seen,42004,6af41c89edc9424737ea52bfb1097054e0ff7acef467a41aa5c7bb31810907dc,scn2_ou_current_env42004,ou_current,0.015498651164564583,7.694228122232757,0.25048897107200596,residual_rl,31003.0,0.05465439544411045,2,0.07333333333333333,0.0,1.0,0.0
0.01380952380952381,0.0015079365079365076,18.55222333514793,0.5132128713154601,seen,42004,6af41c89edc9424737ea52bfb1097054e0ff7acef467a41aa5c7bb31810907dc,scn2_ou_current_env42004,ou_current,0.01568213319076028,7.695438549169924,0.250488979988323,residual_rl,31004.0,0.05669450179127107,2,0.08523809523809524,0.0,1.0,0.0
0.01380952380952381,0.0015079365079365076,18.52495213419354,0.5916127854270345,seen,42004,6af41c89edc9424737ea52bfb1097054e0ff7acef467a41aa5c7bb31810907dc,scn2_ou_current_env42004,ou_current,0.014583584663053017,7.721590662798645,0.250488979988323,wm_residual_rl,31000.0,0.05617762794549471,2,0.06666666666666667,0.0,1.0,0.0
0.01380952380952381,0.0015079365079365076,18.523943293754225,0.573125294052853,seen,42004,6af41c89edc9424737ea52bfb1097054e0ff7acef467a41aa5c7bb31810907dc,scn2_ou_current_env42004,ou_current,0.01571731244958058,7.725294123017305,0.250488979988323,wm_residual_rl,31001.0,0.05613988776598362,2,0.09047619047619047,0.0,1.0,0.0
0.01380952380952381,0.0015079365079365076,18.513097825655215,0.5145438734423403,seen,42004,6af41c89edc9424737ea52bfb1097054e0ff7acef467a41aa5c7bb31810907dc,scn2_ou_current_env42004,ou_current,0.015074994451126172,7.713817221665679,0.250488979988323,wm_residual_rl,31002.0,0.05652666507387543,2,0.08190476190476191,0.0,1.0,0.0
0.01380952380952381,0.0015079365079365076,18.52473146170568,0.5168634578824866,seen,42004,6af41c89edc9424737ea52bfb1097054e0ff7acef467a41aa5c7bb31810907dc,scn2_ou_current_env42004,ou_current,0.015754625774475603,7.697114418938907,0.250488979988323,wm_residual_rl,31003.0,0.0552745963027805,2,0.11952380952380952,0.0,1.0,0.0
0.01380952380952381,0.0015079365079365076,18.53176483501113,0.5678336221602751,seen,42004,6af41c89edc9424737ea52bfb1097054e0ff7acef467a41aa5c7bb31810907dc,scn2_ou_current_env42004,ou_current,0.01581094613236004,7.69464030083073,0.25048897516895796,wm_residual_rl,31004.0,0.05405551136515435,2,0.08761904761904762,0.0,1.0,0.0
0.03571428571428571,0.005555555555555554,19.53487741063022,0.0,seen,42000,fcf38809736bf36990f3b65387b160ee1dd7d145f0e634ac63a9434a3fa2e5de,scn2_colored_noise_env42000,colored_noise,0.040544139922460885,7.7887186066833864,0.38939760056036,smc,,0.1742820002722016,2,0.09142857142857143,0.0,1.0,0.0
0.015238095238095238,0.00039682539682539677,19.136702142539598,1.0,seen,42000,fcf38809736bf36990f3b65387b160ee1dd7d145f0e634ac63a9434a3fa2e5de,scn2_colored_noise_env42000,colored_noise,0.014555506979511214,6.817925910820382,0.3242668254716788,mpc,,0.06851574230637213,2,0.08285714285714285,0.0,1.0,0.0
0.01380952380952381,0.0026190476190476185,18.892849729318527,0.5932797619047617,seen,42000,fcf38809736bf36990f3b65387b160ee1dd7d145f0e634ac63a9434a3fa2e5de,scn2_colored_noise_env42000,colored_noise,0.015737896956762195,7.692815368441404,0.309240597713007,constant_alpha,,0.06554988512797903,2,0.1180952380952381,0.0,1.0,0.0
0.01380952380952381,0.0025396825396825397,19.017865834650916,0.9371956739680491,seen,42000,fcf38809736bf36990f3b65387b160ee1dd7d145f0e634ac63a9434a3fa2e5de,scn2_colored_noise_env42000,colored_noise,0.014481881790315147,7.54090298249391,0.30951091394500896,sspo,,0.06097585152634258,2,0.14523809523809525,0.0,1.0,0.0
0.013333333333333334,0.0025396825396825397,19.082188721708103,0.9278269205486365,seen,42000,fcf38809736bf36990f3b65387b160ee1dd7d145f0e634ac63a9434a3fa2e5de,scn2_colored_noise_env42000,colored_noise,0.014668586067682989,7.392513934448716,0.3098780648357466,v3_transformer,31000.0,0.06091808887260709,2,0.10142857142857142,0.0,1.0,0.0
0.01380952380952381,0.0028571428571428567,19.105735748046637,0.9321146623683733,seen,42000,fcf38809736bf36990f3b65387b160ee1dd7d145f0e634ac63a9434a3fa2e5de,scn2_colored_noise_env42000,colored_noise,0.01450712932319524,7.290386293837161,0.30934397464536034,v3_transformer,31001.0,0.060181088450510886,2,0.1019047619047619,0.0,1.0,0.0
0.01380952380952381,0.002380952380952381,19.075421562929463,0.9274220815186884,seen,42000,fcf38809736bf36990f3b65387b160ee1dd7d145f0e634ac63a9434a3fa2e5de,scn2_colored_noise_env42000,colored_noise,0.014490901054758252,7.381494720067907,0.3096354703175676,v3_transformer,31002.0,0.06012406451100177,2,0.051904761904761905,0.0,1.0,0.0
0.01380952380952381,0.0025396825396825397,19.061997617093326,0.9351085789694638,seen,42000,fcf38809736bf36990f3b65387b160ee1dd7d145f0e634ac63a9434a3fa2e5de,scn2_colored_noise_env42000,colored_noise,0.014522859964717319,7.43466670471085,0.3096093566385502,v3_transformer,31003.0,0.060916209730862814,2,0.0680952380952381,0.0,1.0,0.0
0.01380952380952381,0.0026190476190476185,19.094721682572192,0.8866387945904142,seen,42000,fcf38809736bf36990f3b65387b160ee1dd7d145f0e634ac63a9434a3fa2e5de,scn2_colored_noise_env42000,colored_noise,0.014954828558299736,7.344762880207511,0.30960520717795176,v3_transformer,31004.0,0.06157503496577119,2,0.11523809523809524,0.0,1.0,0.0
0.013333333333333334,0.0025396825396825397,19.08767944855742,0.9265755203939746,seen,42000,fcf38809736bf36990f3b65387b160ee1dd7d145f0e634ac63a9434a3fa2e5de,scn2_colored_noise_env42000,colored_noise,0.014666795603092189,7.377555819151453,0.3098892486782229,wm_hybrid,31000.0,0.060914552059656984,2,0.1261904761904762,0.0,1.0,0.047619047619047616
0.01380952380952381,0.002698412698412698,19.110801646942857,0.9302005495302196,seen,42000,fcf38809736bf36990f3b65387b160ee1dd7d145f0e634ac63a9434a3fa2e5de,scn2_colored_noise_env42000,colored_noise,0.01450801600842922,7.280848133208579,0.30943869219400616,wm_hybrid,31001.0,0.060247236480826756,2,0.05,0.0,1.0,0.047619047619047616
0.01380952380952381,0.002380952380952381,19.079233510211687,0.9267834346845173,seen,42000,fcf38809736bf36990f3b65387b160ee1dd7d145f0e634ac63a9434a3fa2e5de,scn2_colored_noise_env42000,colored_noise,0.014491774274695127,7.374843418272474,0.3096838305371278,wm_hybrid,31002.0,0.06018194862985886,2,0.05952380952380952,0.0,1.0,0.047619047619047616
0.01380952380952381,0.0025396825396825397,19.06474587808221,0.9349028976298748,seen,42000,fcf38809736bf36990f3b65387b160ee1dd7d145f0e634ac63a9434a3fa2e5de,scn2_colored_noise_env42000,colored_noise,0.014523872207769467,7.425332040741847,0.30968094072222124,wm_hybrid,31003.0,0.06089057119950276,2,0.03666666666666667,0.0,1.0,0.047619047619047616
0.013333333333333334,0.00246031746031746,19.099558567625845,0.8902768996984666,seen,42000,fcf38809736bf36990f3b65387b160ee1dd7d145f0e634ac63a9434a3fa2e5de,scn2_colored_noise_env42000,colored_noise,0.014947775835781284,7.3332605922250425,0.3096756211672175,wm_hybrid,31004.0,0.06151081657780978,2,0.12714285714285714,0.0,1.0,0.047619047619047616
0.01380952380952381,0.002222222222222222,18.881355569405322,0.5517043427495523,seen,42000,fcf38809736bf36990f3b65387b160ee1dd7d145f0e634ac63a9434a3fa2e5de,scn2_colored_noise_env42000,colored_noise,0.015039791760891822,7.667281901917267,0.30924066949186574,residual_rl,31000.0,0.06453893010328679,2,0.06619047619047619,0.0,1.0,0.0
0.01380952380952381,0.002698412698412698,18.908139066297846,0.6161753707473148,seen,42000,fcf38809736bf36990f3b65387b160ee1dd7d145f0e634ac63a9434a3fa2e5de,scn2_colored_noise_env42000,colored_noise,0.015511955302770525,7.656369695317054,0.30924076366643344,residual_rl,31001.0,0.06347281860571696,2,0.06095238095238095,0.0,1.0,0.0
0.01380952380952381,0.002698412698412698,18.876936017854554,0.5649750954628351,seen,42000,fcf38809736bf36990f3b65387b160ee1dd7d145f0e634ac63a9434a3fa2e5de,scn2_colored_noise_env42000,colored_noise,0.015397742299271284,7.685942302665978,0.3092407048756302,residual_rl,31002.0,0.06515223976683389,2,0.12761904761904763,0.0,1.0,0.0
0.01380952380952381,0.002222222222222222,18.884560371744087,0.5690809978630732,seen,42000,fcf38809736bf36990f3b65387b160ee1dd7d145f0e634ac63a9434a3fa2e5de,scn2_colored_noise_env42000,colored_noise,0.015257689839186721,7.663665113821666,0.30924073622764975,residual_rl,31003.0,0.06435906907048021,2,0.11190476190476191,0.0,1.0,0.0
0.01380952380952381,0.0028571428571428567,18.902752224265036,0.5110649402316342,seen,42000,fcf38809736bf36990f3b65387b160ee1dd7d145f0e634ac63a9434a3fa2e5de,scn2_colored_noise_env42000,colored_noise,0.01580385902424973,7.672729457707126,0.309240597713007,residual_rl,31004.0,0.06576985371289552,2,0.1438095238095238,0.0,1.0,0.0
0.01380952380952381,0.0021428571428571425,18.900893899595562,0.6082637542663759,seen,42000,fcf38809736bf36990f3b65387b160ee1dd7d145f0e634ac63a9434a3fa2e5de,scn2_colored_noise_env42000,colored_noise,0.014817628954976193,7.697705612996466,0.309240597713007,wm_residual_rl,31000.0,0.06575102076934286,2,0.060476190476190475,0.0,1.0,0.0
0.01380952380952381,0.002301587301587301,18.88462976265539,0.5817757227784848,seen,42000,fcf38809736bf36990f3b65387b160ee1dd7d145f0e634ac63a9434a3fa2e5de,scn2_colored_noise_env42000,colored_noise,0.01571762740266268,7.701841800048412,0.3092406172825439,wm_residual_rl,31001.0,0.06556152502413955,2,0.07523809523809524,0.0,1.0,0.0
0.01380952380952381,0.002301587301587301,18.869770321899427,0.513983773292359,seen,42000,fcf38809736bf36990f3b65387b160ee1dd7d145f0e634ac63a9434a3fa2e5de,scn2_colored_noise_env42000,colored_noise,0.015138794789492864,7.6823806409819415,0.3092406590966031,wm_residual_rl,31002.0,0.06538428441871862,2,0.1380952380952381,0.0,1.0,0.0
0.01380952380952381,0.0028571428571428567,18.87050622539517,0.5146872334095385,seen,42000,fcf38809736bf36990f3b65387b160ee1dd7d145f0e634ac63a9434a3fa2e5de,scn2_colored_noise_env42000,colored_noise,0.01634554778612664,7.6802338595310795,0.309240597713007,wm_residual_rl,31003.0,0.06584897129867218,2,0.10761904761904761,0.0,1.0,0.0
0.01380952380952381,0.0028571428571428567,18.902010486051978,0.5996990634034767,seen,42000,fcf38809736bf36990f3b65387b160ee1dd7d145f0e634ac63a9434a3fa2e5de,scn2_colored_noise_env42000,colored_noise,0.016362343900555368,7.661526479541365,0.30924069993137154,wm_residual_rl,31004.0,0.0638451659958974,2,0.1438095238095238,0.0,1.0,0.0
0.027142857142857142,0.0019047619047619048,18.399318705067394,0.0,seen,42001,edc5f65cc57ecd2cd1e180623a044000f29d268a22c48d0ad55e15cb90e463a4,scn2_colored_noise_env42001,colored_noise,0.03280839635158189,7.497895694157649,0.35955652329955584,smc,,0.16556259988294886,2,0.10952380952380952,0.0,1.0,0.0
0.014761904761904763,0.00015873015873015873,18.0686918790137,1.0,seen,42001,edc5f65cc57ecd2cd1e180623a044000f29d268a22c48d0ad55e15cb90e463a4,scn2_colored_noise_env42001,colored_noise,0.01400539709167016,6.924832616632792,0.261049357246399,mpc,,0.05959697743102139,2,0.060476190476190475,0.0,1.0,0.0
0.015238095238095238,0.0016666666666666668,17.938329264816936,0.5932797619047617,seen,42001,edc5f65cc57ecd2cd1e180623a044000f29d268a22c48d0ad55e15cb90e463a4,scn2_colored_noise_env42001,colored_noise,0.015203906951485175,7.71494380759827,0.2517106245214736,constant_alpha,,0.05590555837688659,2,0.13047619047619047,0.0,1.0,0.0
0.015238095238095238,0.0016666666666666668,17.992144400211536,0.9472343590977479,seen,42001,edc5f65cc57ecd2cd1e180623a044000f29d268a22c48d0ad55e15cb90e463a4,scn2_colored_noise_env42001,colored_noise,0.013632183122832516,7.624720308635133,0.2518775122867998,sspo,,0.050768630696071106,2,0.11333333333333333,0.0,1.0,0.0
0.015238095238095238,0.0016666666666666668,18.03901627902195,0.9386437502943417,seen,42001,edc5f65cc57ecd2cd1e180623a044000f29d268a22c48d0ad55e15cb90e463a4,scn2_colored_noise_env42001,colored_noise,0.013848257448212489,7.517776122529878,0.25248445033724887,v3_transformer,31000.0,0.050537818590122796,2,0.11238095238095239,0.0,1.0,0.0
0.015238095238095238,0.0016666666666666668,18.11743680153685,0.9273321823418308,seen,42001,edc5f65cc57ecd2cd1e180623a044000f29d268a22c48d0ad55e15cb90e463a4,scn2_colored_noise_env42001,colored_noise,0.013634297172826446,7.295029655351072,0.25213341835819214,v3_transformer,31001.0,0.05010201617233549,2,0.1,0.0,1.0,0.0
0.015238095238095238,0.0016666666666666668,18.051866632975052,0.9301692969515027,seen,42001,edc5f65cc57ecd2cd1e180623a044000f29d268a22c48d0ad55e15cb90e463a4,scn2_colored_noise_env42001,colored_noise,0.013759068671660346,7.475120350139789,0.25197026258957794,v3_transformer,31002.0,0.04959065043525869,2,0.13285714285714287,0.0,1.0,0.0
0.015238095238095238,0.0016666666666666668,18.04003721097509,0.9367432222365064,seen,42001,edc5f65cc57ecd2cd1e180623a044000f29d268a22c48d0ad55e15cb90e463a4,scn2_colored_noise_env42001,colored_noise,0.0136936725750592,7.509590144546613,0.2524205386164252,v3_transformer,31003.0,0.05033601598317824,2,0.09761904761904762,0.0,1.0,0.0
0.015238095238095238,0.0016666666666666668,18.063215196315156,0.8814078680723167,seen,42001,edc5f65cc57ecd2cd1e180623a044000f29d268a22c48d0ad55e15cb90e463a4,scn2_colored_noise_env42001,colored_noise,0.01424850728115926,7.460948150215731,0.2528598255300241,v3_transformer,31004.0,0.05165244889521405,2,0.12238095238095238,0.0,1.0,0.0
0.015238095238095238,0.0016666666666666668,18.041273981240323,0.9378884776615577,seen,42001,edc5f65cc57ecd2cd1e180623a044000f29d268a22c48d0ad55e15cb90e463a4,scn2_colored_noise_env42001,colored_noise,0.013879325835904604,7.5188013583048035,0.2527058122824046,wm_hybrid,31000.0,0.05061855049751083,2,0.09380952380952381,0.0,1.0,0.049523809523809526
0.015238095238095238,0.0016666666666666668,18.12354088908071,0.9249826587391075,seen,42001,edc5f65cc57ecd2cd1e180623a044000f29d268a22c48d0ad55e15cb90e463a4,scn2_colored_noise_env42001,colored_noise,0.013624835347312594,7.287384127383786,0.2523944045572674,wm_hybrid,31001.0,0.0502015896563578,2,0.09285714285714286,0.0,1.0,0.049523809523809526
0.015238095238095238,0.0016666666666666668,18.051906515965772,0.9282141445305198,seen,42001,edc5f65cc57ecd2cd1e180623a044000f29d268a22c48d0ad55e15cb90e463a4,scn2_colored_noise_env42001,colored_noise,0.013617805583296927,7.48286469338033,0.25228068019450567,wm_hybrid,31002.0,0.04965255304094049,2,0.03,0.0,1.0,0.049523809523809526
0.015238095238095238,0.0016666666666666668,18.04220623753752,0.9358314926509638,seen,42001,edc5f65cc57ecd2cd1e180623a044000f29d268a22c48d0ad55e15cb90e463a4,scn2_colored_noise_env42001,colored_noise,0.01372120357177947,7.510150823768626,0.25261482660280915,wm_hybrid,31003.0,0.05039564231457635,2,0.07952380952380952,0.0,1.0,0.049523809523809526
0.015238095238095238,0.0016666666666666668,18.067347104352102,0.8817166931049178,seen,42001,edc5f65cc57ecd2cd1e180623a044000f29d268a22c48d0ad55e15cb90e463a4,scn2_colored_noise_env42001,colored_noise,0.01452801809087026,7.4554845067545426,0.25303573587186856,wm_hybrid,31004.0,0.05188314973031556,2,0.08047619047619048,0.0,1.0,0.049523809523809526
0.015238095238095238,0.0016666666666666668,17.90552106624671,0.5484762110588424,seen,42001,edc5f65cc57ecd2cd1e180623a044000f29d268a22c48d0ad55e15cb90e463a4,scn2_colored_noise_env42001,colored_noise,0.01506719633021368,7.7089584954288775,0.2517104869246587,residual_rl,31000.0,0.05551918143747649,2,0.04047619047619048,0.0,1.0,0.0
0.015238095238095238,0.0016666666666666668,17.92743110538263,0.6215834961891057,seen,42001,edc5f65cc57ecd2cd1e180623a044000f29d268a22c48d0ad55e15cb90e463a4,scn2_colored_noise_env42001,colored_noise,0.015396845042224057,7.697053211084863,0.25171049953556934,residual_rl,31001.0,0.054154381253485186,2,0.05714285714285714,0.0,1.0,0.0
0.015238095238095238,0.0016666666666666668,17.917438980586386,0.5817773703996889,seen,42001,edc5f65cc57ecd2cd1e180623a044000f29d268a22c48d0ad55e15cb90e463a4,scn2_colored_noise_env42001,colored_noise,0.014674907108412388,7.71927297881962,0.2517105124916104,residual_rl,31002.0,0.055285130056434734,2,0.11333333333333333,0.0,1.0,0.0
0.015238095238095238,0.0016666666666666668,17.910052436846577,0.5709058312765443,seen,42001,edc5f65cc57ecd2cd1e180623a044000f29d268a22c48d0ad55e15cb90e463a4,scn2_colored_noise_env42001,colored_noise,0.015194802680685711,7.702553867041299,0.25171049334957035,residual_rl,31003.0,0.05509714786283892,2,0.09428571428571429,0.0,1.0,0.0
0.015238095238095238,0.0016666666666666668,17.933813861152778,0.5122305839933831,seen,42001,edc5f65cc57ecd2cd1e180623a044000f29d268a22c48d0ad55e15cb90e463a4,scn2_colored_noise_env42001,colored_noise,0.01571143289596029,7.703249926282464,0.2517106245214736,residual_rl,31004.0,0.05722014033304163,2,0.14047619047619048,0.0,1.0,0.0
0.015238095238095238,0.0016666666666666668,17.92774003087967,0.6055277085161827,seen,42001,edc5f65cc57ecd2cd1e180623a044000f29d268a22c48d0ad55e15cb90e463a4,scn2_colored_noise_env42001,colored_noise,0.014698762330620136,7.725225824230172,0.2517106245214736,wm_residual_rl,31000.0,0.05648901697209082,2,0.11190476190476191,0.0,1.0,0.0
0.015238095238095238,0.0016666666666666668,17.91438459324023,0.5777243184950451,seen,42001,edc5f65cc57ecd2cd1e180623a044000f29d268a22c48d0ad55e15cb90e463a4,scn2_colored_noise_env42001,colored_noise,0.015644224446752543,7.738279194311363,0.2517105307393626,wm_residual_rl,31001.0,0.05667874264525007,2,0.07904761904761905,0.0,1.0,0.0
0.015238095238095238,0.0016666666666666668,17.89972085729883,0.5177231091963488,seen,42001,edc5f65cc57ecd2cd1e180623a044000f29d268a22c48d0ad55e15cb90e463a4,scn2_colored_noise_env42001,colored_noise,0.014939784600777842,7.7213330007888645,0.2517106245214736,wm_residual_rl,31002.0,0.056714357009860605,2,0.15285714285714286,0.0,1.0,0.0
0.015238095238095238,0.0016666666666666668,17.91732326343954,0.5143956678713272,seen,42001,edc5f65cc57ecd2cd1e180623a044000f29d268a22c48d0ad55e15cb90e463a4,scn2_colored_noise_env42001,colored_noise,0.015868328331942575,7.706168575905399,0.2517106245214736,wm_residual_rl,31003.0,0.05584962062649302,2,0.12904761904761905,0.0,1.0,0.0
0.015238095238095238,0.0016666666666666668,17.935685911881357,0.5971174229624625,seen,42001,edc5f65cc57ecd2cd1e180623a044000f29d268a22c48d0ad55e15cb90e463a4,scn2_colored_noise_env42001,colored_noise,0.015914753908914215,7.69853821080495,0.25171047771048277,wm_residual_rl,31004.0,0.05412852413008772,2,0.08333333333333333,0.0,1.0,0.0
0.01380952380952381,0.0018253968253968253,18.467135904032457,0.0,seen,42002,dd6b357036688a6d2efddf5804ce8d3b67c4c3e33b4a75472ff1684ab4026ef9,scn2_colored_noise_env42002,colored_noise,0.03885881680401001,7.426168751880363,0.35196183145017645,smc,,0.16266168677290277,2,0.09476190476190476,0.0,1.0,0.0
0.008571428571428572,0.00015873015873015873,17.975310033229192,1.0,seen,42002,dd6b357036688a6d2efddf5804ce8d3b67c4c3e33b4a75472ff1684ab4026ef9,scn2_colored_noise_env42002,colored_noise,0.01326742894582626,6.930552702018519,0.22855447756937686,mpc,,0.05385230704208901,2,0.1219047619047619,0.0,1.0,0.0
0.0,0.001587301587301587,17.887242726251593,0.5932797619047617,seen,42002,dd6b357036688a6d2efddf5804ce8d3b67c4c3e33b4a75472ff1684ab4026ef9,scn2_colored_noise_env42002,colored_noise,0.015200963005518767,7.56439791665752,0.18829350207234005,constant_alpha,,0.04787887837912411,2,0.1138095238095238,0.0,1.0,0.0
0.0,0.001587301587301587,17.95781150576925,0.9430633473951595,seen,42002,dd6b357036688a6d2efddf5804ce8d3b67c4c3e33b4a75472ff1684ab4026ef9,scn2_colored_noise_env42002,colored_noise,0.013761889274227548,7.47406395777844,0.18925888604781949,sspo,,0.04086128912947512,2,0.12,0.0,1.0,0.0
0.0,0.001587301587301587,18.015422796279886,0.9371714437548959,seen,42002,dd6b357036688a6d2efddf5804ce8d3b67c4c3e33b4a75472ff1684ab4026ef9,scn2_colored_noise_env42002,colored_noise,0.013870433156615125,7.356964965264225,0.19106322807796558,v3_transformer,31000.0,0.04095847487476504,2,0.13904761904761906,0.0,1.0,0.0
0.0,0.001587301587301587,18.03833403675046,0.9367512233701817,seen,42002,dd6b357036688a6d2efddf5804ce8d3b67c4c3e33b4a75472ff1684ab4026ef9,scn2_colored_noise_env42002,colored_noise,0.013773641667418046,7.268989341481614,0.1890290414290587,v3_transformer,31001.0,0.04027444721200217,2,0.10809523809523809,0.0,1.0,0.0
0.0,0.0017460317460317458,18.02496856922071,0.9332192034802685,seen,42002,dd6b357036688a6d2efddf5804ce8d3b67c4c3e33b4a75472ff1684ab4026ef9,scn2_colored_noise_env42002,colored_noise,0.013756796344709585,7.333813890316457,0.19017596879010962,v3_transformer,31002.0,0.04065042947426494,2,0.15476190476190477,0.0,1.0,0.0
0.0,0.001587301587301587,17.99368935559636,0.9392050508251478,seen,42002,dd6b357036688a6d2efddf5804ce8d3b67c4c3e33b4a75472ff1684ab4026ef9,scn2_colored_noise_env42002,colored_noise,0.01376950427905208,7.386261078551191,0.18919296473767971,v3_transformer,31003.0,0.040906093324101056,2,0.13142857142857142,0.0,1.0,0.0
0.0,0.001587301587301587,18.02531362272109,0.8821985254471549,seen,42002,dd6b357036688a6d2efddf5804ce8d3b67c4c3e33b4a75472ff1684ab4026ef9,scn2_colored_noise_env42002,colored_noise,0.014158958014270858,7.332825618939262,0.19104624202582682,v3_transformer,31004.0,0.04197486298492665,2,0.08666666666666667,0.0,1.0,0.0
0.0,0.001587301587301587,18.02016702718014,0.9356092889264824,seen,42002,dd6b357036688a6d2efddf5804ce8d3b67c4c3e33b4a75472ff1684ab4026ef9,scn2_colored_noise_env42002,colored_noise,0.013691464321626892,7.344289020403732,0.1912074346642206,wm_hybrid,31000.0,0.040959024409045905,2,0.10523809523809524,0.0,1.0,0.048095238095238094
0.0,0.001587301587301587,18.0429739439962,0.9350428485942497,seen,42002,dd6b357036688a6d2efddf5804ce8d3b67c4c3e33b4a75472ff1684ab4026ef9,scn2_colored_noise_env42002,colored_noise,0.013778104615032814,7.262629035095552,0.1893854181837518,wm_hybrid,31001.0,0.040348501027164266,2,0.10238095238095238,0.0,1.0,0.04857142857142857
0.0,0.0017460317460317458,18.028799423841782,0.9320254166411965,seen,42002,dd6b357036688a6d2efddf5804ce8d3b67c4c3e33b4a75472ff1684ab4026ef9,scn2_colored_noise_env42002,colored_noise,0.013763010663164564,7.3269538717592475,0.19039425728697834,wm_hybrid,31002.0,0.0407030834430454,2,0.03857142857142857,0.0,1.0,0.048095238095238094
0.0,0.001587301587301587,17.996433414796183,0.938451076362931,seen,42002,dd6b357036688a6d2efddf5804ce8d3b67c4c3e33b4a75472ff1684ab4026ef9,scn2_colored_noise_env42002,colored_noise,0.013771675085010194,7.383943789252065,0.18947617399431796,wm_hybrid,31003.0,0.04093586554419614,2,0.07571428571428572,0.0,1.0,0.04857142857142857
0.0,0.001587301587301587,18.02491409851476,0.8851119933125859,seen,42002,dd6b357036688a6d2efddf5804ce8d3b67c4c3e33b4a75472ff1684ab4026ef9,scn2_colored_noise_env42002,colored_noise,0.013816042822422703,7.327789762365107,0.19110360035248533,wm_hybrid,31004.0,0.04167190277416241,2,0.08428571428571428,0.0,1.0,0.048095238095238094
0.0,0.001587301587301587,17.854819754885547,0.5474867476365592,seen,42002,dd6b357036688a6d2efddf5804ce8d3b67c4c3e33b4a75472ff1684ab4026ef9,scn2_colored_noise_env42002,colored_noise,0.015041623528328147,7.560167897522216,0.18829064627978792,residual_rl,31000.0,0.04718276699293593,2,0.03333333333333333,0.0,1.0,0.0
0.0,0.001587301587301587,17.880917482706558,0.6174387979713063,seen,42002,dd6b357036688a6d2efddf5804ce8d3b67c4c3e33b4a75472ff1684ab4026ef9,scn2_colored_noise_env42002,colored_noise,0.015530018178552324,7.548848396267842,0.18828972283613102,residual_rl,31001.0,0.0456179782747304,2,0.08476190476190476,0.0,1.0,0.0
0.0,0.001587301587301587,17.87459487929071,0.5702260552559697,seen,42002,dd6b357036688a6d2efddf5804ce8d3b67c4c3e33b4a75472ff1684ab4026ef9,scn2_colored_noise_env42002,colored_noise,0.01471757990969287,7.560782131702043,0.18829337107911379,residual_rl,31002.0,0.04769471480385424,2,0.1280952380952381,0.0,1.0,0.0
0.0,0.001587301587301587,17.861016045920593,0.5679281679781399,seen,42002,dd6b357036688a6d2efddf5804ce8d3b67c4c3e33b4a75472ff1684ab4026ef9,scn2_colored_noise_env42002,colored_noise,0.015273400694134964,7.554053835841674,0.18828990766957218,residual_rl,31003.0,0.04669286594264813,2,0.03190476190476191,0.0,1.0,0.0
0.0,0.001587301587301587,17.879281143396465,0.5081985520121813,seen,42002,dd6b357036688a6d2efddf5804ce8d3b67c4c3e33b4a75472ff1684ab4026ef9,scn2_colored_noise_env42002,colored_noise,0.01578787816377378,7.556783337984024,0.18829350207234005,residual_rl,31004.0,0.04937997895281154,2,0.11666666666666667,0.0,1.0,0.0
0.0,0.001587301587301587,17.86635965983674,0.603979237325685,seen,42002,dd6b357036688a6d2efddf5804ce8d3b67c4c3e33b4a75472ff1684ab4026ef9,scn2_colored_noise_env42002,colored_noise,0.014672165221554737,7.579621081047316,0.18829350207234005,wm_residual_rl,31000.0,0.047767141319807,2,0.14523809523809525,0.0,1.0,0.0
0.0,0.001587301587301587,17.872185689991525,0.57745450921792,seen,42002,dd6b357036688a6d2efddf5804ce8d3b67c4c3e33b4a75472ff1684ab4026ef9,scn2_colored_noise_env42002,colored_noise,0.01566629324246744,7.581862153603066,0.18829324753339596,wm_residual_rl,31001.0,0.04921136462047125,2,0.14476190476190476,0.0,1.0,0.0
0.0,0.001587301587301587,17.849411927738775,0.5153221994570208,seen,42002,dd6b357036688a6d2efddf5804ce8d3b67c4c3e33b4a75472ff1684ab4026ef9,scn2_colored_noise_env42002,colored_noise,0.015111485402141609,7.575382707039006,0.18829350207234005,wm_residual_rl,31002.0,0.04919579096701544,2,0.09952380952380953,0.0,1.0,0.0
0.0,0.001587301587301587,17.859645349882143,0.5129172977915214,seen,42002,dd6b357036688a6d2efddf5804ce8d3b67c4c3e33b4a75472ff1684ab4026ef9,scn2_colored_noise_env42002,colored_noise,0.0158602006609701,7.560861637940755,0.1882922250848141,wm_residual_rl,31003.0,0.047522508649213056,2,0.16238095238095238,0.0,1.0,0.0
0.0,0.001587301587301587,17.885612947191444,0.593226322845479,seen,42002,dd6b357036688a6d2efddf5804ce8d3b67c4c3e33b4a75472ff1684ab4026ef9,scn2_colored_noise_env42002,colored_noise,0.015777891032327122,7.549979445849072,0.18829045810684458,wm_residual_rl,31004.0,0.04561043567305012,2,0.1261904761904762,0.0,1.0,0.0
0.03666666666666667,0.004603174603174603,19.249878932994886,0.0,seen,42003,260f93d69f3c93161a7d791c5548463b6f9052f8a4c0be34ff11d3a0766f13b4,scn2_colored_noise_env42003,colored_noise,0.03964130125014996,7.682728819738488,0.3808919641024118,smc,,0.1712389722958829,2,0.03,0.0,1.0,0.0
0.015714285714285715,0.0002380952380952381,18.922859485104823,1.0,seen,42003,260f93d69f3c93161a7d791c5548463b6f9052f8a4c0be34ff11d3a0766f13b4,scn2_colored_noise_env42003,colored_noise,0.013477210975351785,6.956166660872446,0.2473713087555783,mpc,,0.05693340759168589,2,0.022857142857142857,0.0,1.0,0.0
0.016666666666666666,0.0019047619047619045,18.782008797898293,0.5932797619047617,seen,42003,260f93d69f3c93161a7d791c5548463b6f9052f8a4c0be34ff11d3a0766f13b4,scn2_colored_noise_env42003,colored_noise,0.015249179449854284,7.768682209350984,0.24056572153893163,constant_alpha,,0.054498651679193086,2,0.024285714285714285,0.0,1.0,0.0
0.016666666666666666,0.002142857142857143,18.854003169269646,0.9462698131663709,seen,42003,260f93d69f3c93161a7d791c5548463b6f9052f8a4c0be34ff11d3a0766f13b4,scn2_colored_noise_env42003,colored_noise,0.013833741349621,7.670125974242531,0.2409106894630813,sspo,,0.049227674636650905,2,0.02,0.0,1.0,0.0
0.017142857142857144,0.002380952380952381,18.88392865924969,0.9379407662765755,seen,42003,260f93d69f3c93161a7d791c5548463b6f9052f8a4c0be34ff11d3a0766f13b4,scn2_colored_noise_env42003,colored_noise,0.014006439723921538,7.5643267879380245,0.2415998205239745,v3_transformer,31000.0,0.04897967625509873,2,0.023333333333333334,0.0,1.0,0.0
0.017142857142857144,0.002142857142857143,18.94433810131113,0.9272165518024597,seen,42003,260f93d69f3c93161a7d791c5548463b6f9052f8a4c0be34ff11d3a0766f13b4,scn2_colored_noise_env42003,colored_noise,0.013778507663248316,7.377145307486724,0.24078673994908675,v3_transformer,31001.0,0.0483689356695881,2,0.011428571428571429,0.0,1.0,0.0
0.016666666666666666,0.001984126984126984,18.891536509709333,0.9260278859009465,seen,42003,260f93d69f3c93161a7d791c5548463b6f9052f8a4c0be34ff11d3a0766f13b4,scn2_colored_noise_env42003,colored_noise,0.013666659586306503,7.547084564480525,0.24081693556801637,v3_transformer,31002.0,0.04785507434469071,2,0.01,0.0,1.0,0.0
0.017142857142857144,0.0020634920634920633,18.871349097043986,0.9368573820491527,seen,42003,260f93d69f3c93161a7d791c5548463b6f9052f8a4c0be34ff11d3a0766f13b4,scn2_colored_noise_env42003,colored_noise,0.013865820132386806,7.597723111104283,0.2410461102958806,v3_transformer,31003.0,0.04909099679718452,2,0.005714285714285714,0.0,1.0,0.0
0.016666666666666666,0.002222222222222222,18.894425290708604,0.8871163845512974,seen,42003,260f93d69f3c93161a7d791c5548463b6f9052f8a4c0be34ff11d3a0766f13b4,scn2_colored_noise_env42003,colored_noise,0.01424415846490492,7.53035466145212,0.24162475077719778,v3_transformer,31004.0,0.05025433980653341,2,0.010476190476190476,0.0,1.0,0.0
0.017142857142857144,0.002380952380952381,18.88519913091074,0.9365083431042638,seen,42003,260f93d69f3c93161a7d791c5548463b6f9052f8a4c0be34ff11d3a0766f13b4,scn2_colored_noise_env42003,colored_noise,0.01398327049968873,7.561776718634526,0.24181409429015308,wm_hybrid,31000.0,0.049020634895250374,2,0.016666666666666666,0.0,1.0,0.04904761904761905
0.017142857142857144,0.002142857142857143,18.95382714729879,0.9248787922841365,seen,42003,260f93d69f3c93161a7d791c5548463b6f9052f8a4c0be34ff11d3a0766f13b4,scn2_colored_noise_env42003,colored_noise,0.013834145682963168,7.359227339192912,0.2411686550740327,wm_hybrid,31001.0,0.04855446179507554,2,0.021904761904761906,0.0,1.0,0.04904761904761905
0.017142857142857144,0.001984126984126984,18.890303183363834,0.9255857638438205,seen,42003,260f93d69f3c93161a7d791c5548463b6f9052f8a4c0be34ff11d3a0766f13b4,scn2_colored_noise_env42003,colored_noise,0.013660057506500518,7.553834162067202,0.24123271299528448,wm_hybrid,31002.0,0.04797998168798516,2,0.01,0.0,1.0,0.04904761904761905
0.017142857142857144,0.001984126984126984,18.871107166768866,0.9359851362557348,seen,42003,260f93d69f3c93161a7d791c5548463b6f9052f8a4c0be34ff11d3a0766f13b4,scn2_colored_noise_env42003,colored_noise,0.01369659706944213,7.597189154723986,0.24131316897364968,wm_hybrid,31003.0,0.049026921803029165,2,0.015714285714285715,0.0,1.0,0.04904761904761905
0.016666666666666666,0.002222222222222222,18.895766169375456,0.8882561867536621,seen,42003,260f93d69f3c93161a7d791c5548463b6f9052f8a4c0be34ff11d3a0766f13b4,scn2_colored_noise_env42003,colored_noise,0.014248417042899175,7.5299028576898,0.24182011994515,wm_hybrid,31004.0,0.050207125755108765,2,0.030476190476190476,0.0,1.0,0.04904761904761905
0.016666666666666666,0.001984126984126984,18.745012095274582,0.5498434605780338,seen,42003,260f93d69f3c93161a7d791c5548463b6f9052f8a4c0be34ff11d3a0766f13b4,scn2_colored_noise_env42003,colored_noise,0.01514713148815273,7.766364130959419,0.24056557516409235,residual_rl,31000.0,0.05406139787976534,2,0.013333333333333334,0.0,1.0,0.0
0.016666666666666666,0.0020634920634920633,18.77395886205177,0.6155497836288019,seen,42003,260f93d69f3c93161a7d791c5548463b6f9052f8a4c0be34ff11d3a0766f13b4,scn2_colored_noise_env42003,colored_noise,0.01578657750072275,7.754863789139015,0.24056605780383314,residual_rl,31001.0,0.0527455371053656,2,0.023333333333333334,0.0,1.0,0.0
0.016666666666666666,0.002142857142857143,18.76212377768429,0.569695626480361,seen,42003,260f93d69f3c93161a7d791c5548463b6f9052f8a4c0be34ff11d3a0766f13b4,scn2_colored_noise_env42003,colored_noise,0.014796813870630093,7.779041635361056,0.2405656406144573,residual_rl,31002.0,0.0541397619597531,2,0.024761904761904763,0.0,1.0,0.0
0.016666666666666666,0.001984126984126984,18.75216750959233,0.5732148478688078,seen,42003,260f93d69f3c93161a7d791c5548463b6f9052f8a4c0be34ff11d3a0766f13b4,scn2_colored_noise_env42003,colored_noise,0.015178699063647872,7.75932567944317,0.24056596168031888,residual_rl,31003.0,0.05359725541716933,2,0.018571428571428572,0.0,1.0,0.0
0.016666666666666666,0.0018253968253968253,18.76737270689913,0.5115866833943808,seen,42003,260f93d69f3c93161a7d791c5548463b6f9052f8a4c0be34ff11d3a0766f13b4,scn2_colored_noise_env42003,colored_noise,0.015665311167244962,7.7566594227846135,0.24056572153893163,residual_rl,31004.0,0.05582781353444166,2,0.014285714285714285,0.0,1.0,0.0
0.016666666666666666,0.0019047619047619045,18.767910885958,0.6075234390171547,seen,42003,260f93d69f3c93161a7d791c5548463b6f9052f8a4c0be34ff11d3a0766f13b4,scn2_colored_noise_env42003,colored_noise,0.01474867409139803,7.777366367431254,0.24056572153893163,wm_residual_rl,31000.0,0.05476430115866432,2,0.016666666666666666,0.0,1.0,0.0
0.016666666666666666,0.002222222222222222,18.762909662706118,0.5775862940187996,seen,42003,260f93d69f3c93161a7d791c5548463b6f9052f8a4c0be34ff11d3a0766f13b4,scn2_colored_noise_env42003,colored_noise,0.015799065782486754,7.789698362112294,0.24056557910879342,wm_residual_rl,31001.0,0.0554004831459868,2,0.02142857142857143,0.0,1.0,0.0
0.016666666666666666,0.0019047619047619045,18.73628874495707,0.5107925195607032,seen,42003,260f93d69f3c93161a7d791c5548463b6f9052f8a4c0be34ff11d3a0766f13b4,scn2_colored_noise_env42003,colored_noise,0.015053626290200161,7.774899587055214,0.24056555807365998,wm_residual_rl,31002.0,0.05522424632979059,2,0.018095238095238095,0.0,1.0,0.0
0.016666666666666666,0.0019047619047619045,18.756714783347977,0.5128494386527663,seen,42003,260f93d69f3c93161a7d791c5548463b6f9052f8a4c0be34ff11d3a0766f13b4,scn2_colored_noise_env42003,colored_noise,0.015902564061822704,7.763656964783889,0.24056572153893163,wm_residual_rl,31003.0,0.054449798895730345,2,0.017142857142857144,0.0,1.0,0.0
0.016666666666666666,0.001984126984126984,18.77968847392813,0.5960403731049659,seen,42003,260f93d69f3c93161a7d791c5548463b6f9052f8a4c0be34ff11d3a0766f13b4,scn2_colored_noise_env42003,colored_noise,0.01602995731175548,7.757080216927252,0.2405657699786929,wm_residual_rl,31004.0,0.05269378838530321,2,0.02095238095238095,0.0,1.0,0.0
0.054285714285714284,0.0442063492063492,20.508065684574987,0.0,seen,42004,471e0c36356eb7781d7f1af0ac6070a00711c983240d3b55932d9cd7910dd115,scn2_colored_noise_env42004,colored_noise,0.03523760842272584,7.973956425305951,0.4242660112341996,smc,,0.1666345535488597,2,0.08571428571428572,0.0,1.0,0.0
0.014761904761904763,0.0007936507936507935,19.986788584718447,1.0,seen,42004,471e0c36356eb7781d7f1af0ac6070a00711c983240d3b55932d9cd7910dd115,scn2_colored_noise_env42004,colored_noise,0.014841987709400666,6.964627532852707,0.2614793146853913,mpc,,0.05960781038307963,2,0.07380952380952381,0.0,1.0,0.0
0.01619047619047619,0.01698412698412698,19.698045311833308,0.5932797619047617,seen,42004,471e0c36356eb7781d7f1af0ac6070a00711c983240d3b55932d9cd7910dd115,scn2_colored_noise_env42004,colored_noise,0.016049166528257136,7.674512095664573,0.2520856019788296,constant_alpha,,0.056326417372538705,2,0.10380952380952381,0.0,1.0,0.0
0.018095238095238095,0.011190476190476188,19.851832277950727,0.934870214120315,seen,42004,471e0c36356eb7781d7f1af0ac6070a00711c983240d3b55932d9cd7910dd115,scn2_colored_noise_env42004,colored_noise,0.014896507999991869,7.566371788112599,0.25219483141711774,sspo,,0.051614962627174375,2,0.08666666666666667,0.0,1.0,0.0
0.01904761904761905,0.014126984126984125,19.91730429005849,0.9249622224641653,seen,42004,471e0c36356eb7781d7f1af0ac6070a00711c983240d3b55932d9cd7910dd115,scn2_colored_noise_env42004,colored_noise,0.015088388481381507,7.464055315648558,0.25282353433894844,v3_transformer,31000.0,0.051936416092833816,2,0.10714285714285714,0.0,1.0,0.0
0.01904761904761905,0.014206349206349207,19.991193238677425,0.9287442339182382,seen,42004,471e0c36356eb7781d7f1af0ac6070a00711c983240d3b55932d9cd7910dd115,scn2_colored_noise_env42004,colored_noise,0.014988530270513204,7.287167224379123,0.25258153853027054,v3_transformer,31001.0,0.05167112447668222,2,0.034761904761904765,0.0,1.0,0.0
0.01904761904761905,0.0146031746031746,19.872973301034076,0.926566428835534,seen,42004,471e0c36356eb7781d7f1af0ac6070a00711c983240d3b55932d9cd7910dd115,scn2_colored_noise_env42004,colored_noise,0.015045631286643914,7.521740885499611,0.25218309494516267,v3_transformer,31002.0,0.05178418733318417,2,0.08761904761904762,0.0,1.0,0.0
0.01904761904761905,0.013888888888888886,19.861673864205137,0.9247056540243639,seen,42004,471e0c36356eb7781d7f1af0ac6070a00711c983240d3b55932d9cd7910dd115,scn2_colored_noise_env42004,colored_noise,0.014991226543058718,7.550492800618306,0.25232943775775096,v3_transformer,31003.0,0.052361184926857346,2,0.08952380952380952,0.0,1.0,0.0
0.01904761904761905,0.015476190476190477,19.949726295885938,0.9040839495564289,seen,42004,471e0c36356eb7781d7f1af0ac6070a00711c983240d3b55932d9cd7910dd115,scn2_colored_noise_env42004,colored_noise,0.015229614688459054,7.38907574944603,0.25293984592502355,v3_transformer,31004.0,0.05250246081308208,2,0.05095238095238095,0.0,1.0,0.0
0.01904761904761905,0.014126984126984127,19.926484450485333,0.9236917285997854,seen,42004,471e0c36356eb7781d7f1af0ac6070a00711c983240d3b55932d9cd7910dd115,scn2_colored_noise_env42004,colored_noise,0.01512077388375224,7.451658553330898,0.252938616719213,wm_hybrid,31000.0,0.051993204703431994,2,0.06333333333333334,0.0,1.0,0.045714285714285714
0.01904761904761905,0.014206349206349205,19.996861016965934,0.9271421031846859,seen,42004,471e0c36356eb7781d7f1af0ac6070a00711c983240d3b55932d9cd7910dd115,scn2_colored_noise_env42004,colored_noise,0.01499499300516822,7.279604103590625,0.2527491431398472,wm_hybrid,31001.0,0.05173856589633845,2,0.0719047619047619,0.0,1.0,0.04523809523809524
0.01904761904761905,0.01468253968253968,19.8794552121972,0.9262181409677164,seen,42004,471e0c36356eb7781d7f1af0ac6070a00711c983240d3b55932d9cd7910dd115,scn2_colored_noise_env42004,colored_noise,0.015075110248758109,7.519521750094341,0.252455661364043,wm_hybrid,31002.0,0.05180384057289309,2,0.08571428571428572,0.0,1.0,0.04619047619047619
0.01904761904761905,0.013888888888888886,19.866540778335693,0.9253428276610305,seen,42004,471e0c36356eb7781d7f1af0ac6070a00711c983240d3b55932d9cd7910dd115,scn2_colored_noise_env42004,colored_noise,0.014994913393874874,7.548904800362448,0.2525376687493936,wm_hybrid,31003.0,0.052383569727710015,2,0.08190476190476191,0.0,1.0,0.04619047619047619
0.01904761904761905,0.015238095238095238,19.957622985479638,0.9054838035738969,seen,42004,471e0c36356eb7781d7f1af0ac6070a00711c983240d3b55932d9cd7910dd115,scn2_colored_noise_env42004,colored_noise,0.01521979178894898,7.382628945054475,0.2530962045421715,wm_hybrid,31004.0,0.05260518089503066,2,0.09619047619047619,0.0,1.0,0.04523809523809524
0.016666666666666666,0.01888888888888889,19.655101147177575,0.544562017507718,seen,42004,471e0c36356eb7781d7f1af0ac6070a00711c983240d3b55932d9cd7910dd115,scn2_colored_noise_env42004,colored_noise,0.016048414110642988,7.6706239719156875,0.2520856286766511,residual_rl,31000.0,0.056047811138288335,2,0.1061904761904762,0.0,1.0,0.0
0.016666666666666666,0.019365079365079363,19.68960985790513,0.6146929824065215,seen,42004,471e0c36356eb7781d7f1af0ac6070a00711c983240d3b55932d9cd7910dd115,scn2_colored_noise_env42004,colored_noise,0.016562542088044318,7.658552004971714,0.2520856822418633,residual_rl,31001.0,0.05481252553089664,2,0.05476190476190476,0.0,1.0,0.0
0.016666666666666666,0.019126984126984124,19.676969278082296,0.5672439215062949,seen,42004,471e0c36356eb7781d7f1af0ac6070a00711c983240d3b55932d9cd7910dd115,scn2_colored_noise_env42004,colored_noise,0.015925773671072833,7.676879170475551,0.2520856019788296,residual_rl,31002.0,0.05578987758850548,2,0.039523809523809524,0.0,1.0,0.0
0.016666666666666666,0.02023809523809524,19.657709203345213,0.5625513570721961,seen,42004,471e0c36356eb7781d7f1af0ac6070a00711c983240d3b55932d9cd7910dd115,scn2_colored_noise_env42004,colored_noise,0.016286674420500538,7.664525897063569,0.25208566771099034,residual_rl,31003.0,0.05567888276768366,2,0.10904761904761905,0.0,1.0,0.0
0.01619047619047619,0.02,19.688302461009602,0.5097355020471931,seen,42004,471e0c36356eb7781d7f1af0ac6070a00711c983240d3b55932d9cd7910dd115,scn2_colored_noise_env42004,colored_noise,0.016603536907196466,7.6653009406119095,0.2520856019788296,residual_rl,31004.0,0.05761611782519335,2,0.037142857142857144,0.0,1.0,0.0
0.015714285714285715,0.016111111111111107,19.678678149149036,0.6011333148743775,seen,42004,471e0c36356eb7781d7f1af0ac6070a00711c983240d3b55932d9cd7910dd115,scn2_colored_noise_env42004,colored_noise,0.015626575306123516,7.689804396450775,0.2520856019788296,wm_residual_rl,31000.0,0.05699854590506763,2,0.09666666666666666,0.0,1.0,0.0
0.016666666666666666,0.017619047619047618,19.666896716911364,0.5721300651467577,seen,42004,471e0c36356eb7781d7f1af0ac6070a00711c983240d3b55932d9cd7910dd115,scn2_colored_noise_env42004,colored_noise,0.016532743688237057,7.688897593633979,0.2520856019788296,wm_residual_rl,31001.0,0.05698925286584435,2,0.07047619047619047,0.0,1.0,0.0
0.01619047619047619,0.01849206349206349,19.650852229866224,0.5065401150460795,seen,42004,471e0c36356eb7781d7f1af0ac6070a00711c983240d3b55932d9cd7910dd115,scn2_colored_noise_env42004,colored_noise,0.016192579496202484,7.675619729165574,0.2520856019788296,wm_residual_rl,31002.0,0.057366611410627696,2,0.05714285714285714,0.0,1.0,0.0
0.016666666666666666,0.020714285714285713,19.666843025006102,0.5125518136081857,seen,42004,471e0c36356eb7781d7f1af0ac6070a00711c983240d3b55932d9cd7910dd115,scn2_colored_noise_env42004,colored_noise,0.016574325154189818,7.6698802473700365,0.2520856019788296,wm_residual_rl,31003.0,0.05644974275427575,2,0.04047619047619048,0.0,1.0,0.0
0.016666666666666666,0.020476190476190478,19.68573464082544,0.5767943471314276,seen,42004,471e0c36356eb7781d7f1af0ac6070a00711c983240d3b55932d9cd7910dd115,scn2_colored_noise_env42004,colored_noise,0.016573383081969154,7.661854503916176,0.2520856383090138,wm_residual_rl,31004.0,0.05492145583898787,2,0.028095238095238097,0.0,1.0,0.0
0.022857142857142857,0.0017460317460317458,32.00407642395533,0.0,seen,42000,34e1fec0319a60a57bad63243f9df9f4306b3f1ebdc840dc925cf9dc7ab21bd1,scn2_random_freq_amp_env42000,random_freq_amp,0.025333930923957977,7.224568451246721,0.3945869457268125,smc,,0.15462821003900765,2,0.10952380952380952,0.0,1.0,0.0
0.035238095238095235,0.00031746031746031746,33.081928705569716,1.0,seen,42000,34e1fec0319a60a57bad63243f9df9f4306b3f1ebdc840dc925cf9dc7ab21bd1,scn2_random_freq_amp_env42000,random_freq_amp,0.02423755111654732,6.90043106678986,0.2822868870894909,mpc,,0.06335847069523387,2,0.11142857142857143,0.0,1.0,0.0
0.025714285714285714,0.0017460317460317458,32.825866979337945,0.5932797619047617,seen,42000,34e1fec0319a60a57bad63243f9df9f4306b3f1ebdc840dc925cf9dc7ab21bd1,scn2_random_freq_amp_env42000,random_freq_amp,0.024110818870007242,7.42658483658399,0.2858975471459132,constant_alpha,,0.060763690290483,2,0.07809523809523809,0.0,1.0,0.0
0.025714285714285714,0.0017460317460317458,32.93900324902474,0.889365910959671,seen,42000,34e1fec0319a60a57bad63243f9df9f4306b3f1ebdc840dc925cf9dc7ab21bd1,scn2_random_freq_amp_env42000,random_freq_amp,0.02405223031001593,7.1986619804469845,0.28751601612582184,sspo,,0.056841262236683086,2,0.07238095238095238,0.0,1.0,0.0
0.02619047619047619,0.0017460317460317458,33.008179526430915,0.8379452368234613,seen,42000,34e1fec0319a60a57bad63243f9df9f4306b3f1ebdc840dc925cf9dc7ab21bd1,scn2_random_freq_amp_env42000,random_freq_amp,0.02418304720616872,6.917170289197676,0.2887544668122426,v3_transformer,31000.0,0.05766434987725115,2,0.10952380952380952,0.0,1.0,0.0
0.025714285714285714,0.0017460317460317458,32.961621183181144,0.8350388102896356,seen,42000,34e1fec0319a60a57bad63243f9df9f4306b3f1ebdc840dc925cf9dc7ab21bd1,scn2_random_freq_amp_env42000,random_freq_amp,0.02460736396380191,6.996722636181127,0.2865579856362112,v3_transformer,31001.0,0.056147088419306816,2,0.029523809523809525,0.0,1.0,0.0
0.025714285714285714,0.0017460317460317458,32.98167009140212,0.8579816144673946,seen,42000,34e1fec0319a60a57bad63243f9df9f4306b3f1ebdc840dc925cf9dc7ab21bd1,scn2_random_freq_amp_env42000,random_freq_amp,0.024262869855793873,6.899122164571883,0.2873693609044042,v3_transformer,31002.0,0.05698675141955635,2,0.07285714285714286,0.0,1.0,0.0
0.02619047619047619,0.0017460317460317458,32.97145006143396,0.849963407852698,seen,42000,34e1fec0319a60a57bad63243f9df9f4306b3f1ebdc840dc925cf9dc7ab21bd1,scn2_random_freq_amp_env42000,random_freq_amp,0.02439099786064105,6.972332002845986,0.2873516427883098,v3_transformer,31003.0,0.05703773434647809,2,0.08,0.0,1.0,0.0
0.02619047619047619,0.0017460317460317458,32.98225619900934,0.8362217252006372,seen,42000,34e1fec0319a60a57bad63243f9df9f4306b3f1ebdc840dc925cf9dc7ab21bd1,scn2_random_freq_amp_env42000,random_freq_amp,0.024629683973651326,6.934870077427996,0.28702139817066985,v3_transformer,31004.0,0.05675382427695273,2,0.02761904761904762,0.0,1.0,0.0
0.02619047619047619,0.0017460317460317458,33.01145812435016,0.8383532187905288,seen,42000,34e1fec0319a60a57bad63243f9df9f4306b3f1ebdc840dc925cf9dc7ab21bd1,scn2_random_freq_amp_env42000,random_freq_amp,0.024236746984853518,6.90524239768226,0.2887544668122426,wm_hybrid,31000.0,0.05776084556316079,2,0.06619047619047619,0.0,1.0,0.049523809523809526
0.025714285714285714,0.0017460317460317458,32.96324379666423,0.8347127268298207,seen,42000,34e1fec0319a60a57bad63243f9df9f4306b3f1ebdc840dc925cf9dc7ab21bd1,scn2_random_freq_amp_env42000,random_freq_amp,0.024557439748387516,6.988497574129068,0.28680484226704167,wm_hybrid,31001.0,0.05635858596072685,2,0.034761904761904765,0.0,1.0,0.049523809523809526
0.025714285714285714,0.0017460317460317458,32.98448420710444,0.8574596782189218,seen,42000,34e1fec0319a60a57bad63243f9df9f4306b3f1ebdc840dc925cf9dc7ab21bd1,scn2_random_freq_amp_env42000,random_freq_amp,0.024293078620984572,6.889095494599666,0.2875431750733002,wm_hybrid,31002.0,0.05713271142386101,2,0.11428571428571428,0.0,1.0,0.049523809523809526
0.02619047619047619,0.0017460317460317458,32.97522993348694,0.8496437465443835,seen,42000,34e1fec0319a60a57bad63243f9df9f4306b3f1ebdc840dc925cf9dc7ab21bd1,scn2_random_freq_amp_env42000,random_freq_amp,0.02439055828216573,6.956773067057159,0.28752675810618844,wm_hybrid,31003.0,0.05719680916146308,2,0.15047619047619049,0.0,1.0,0.049523809523809526
0.02619047619047619,0.0017460317460317458,32.985064423110764,0.8357614431024359,seen,42000,34e1fec0319a60a57bad63243f9df9f4306b3f1ebdc840dc925cf9dc7ab21bd1,scn2_random_freq_amp_env42000,random_freq_amp,0.024669559687107434,6.918121258097057,0.2872237785455198,wm_hybrid,31004.0,0.05693625673156614,2,0.08619047619047619,0.0,1.0,0.049523809523809526
0.02619047619047619,0.0017460317460317458,32.777506719898895,0.5563336600142976,seen,42000,34e1fec0319a60a57bad63243f9df9f4306b3f1ebdc840dc925cf9dc7ab21bd1,scn2_random_freq_amp_env42000,random_freq_amp,0.023747489928314634,7.41032206141497,0.2858975471459132,residual_rl,31000.0,0.06020032388449078,2,0.08857142857142856,0.0,1.0,0.0
0.02619047619047619,0.0017460317460317458,32.778741862851696,0.5669866801633702,seen,42000,34e1fec0319a60a57bad63243f9df9f4306b3f1ebdc840dc925cf9dc7ab21bd1,scn2_random_freq_amp_env42000,random_freq_amp,0.02401303160221521,7.403400694887903,0.2858975471459132,residual_rl,31001.0,0.05984262200444476,2,0.0419047619047619,0.0,1.0,0.0
0.025238095238095237,0.0017460317460317458,32.76904522634967,0.5227255182749946,seen,42000,34e1fec0319a60a57bad63243f9df9f4306b3f1ebdc840dc925cf9dc7ab21bd1,scn2_random_freq_amp_env42000,random_freq_amp,0.024230681398170563,7.441871237504292,0.2858975471459132,residual_rl,31002.0,0.061930526826514024,2,0.07857142857142857,0.0,1.0,0.0
0.02619047619047619,0.0017460317460317458,32.76991312974432,0.5610098643629551,seen,42000,34e1fec0319a60a57bad63243f9df9f4306b3f1ebdc840dc925cf9dc7ab21bd1,scn2_random_freq_amp_env42000,random_freq_amp,0.02491235016056073,7.404807705784671,0.2858975471459132,residual_rl,31003.0,0.059964971210773724,2,0.10238095238095238,0.0,1.0,0.0
0.02619047619047619,0.0017460317460317458,32.768286690168914,0.5067939413425698,seen,42000,34e1fec0319a60a57bad63243f9df9f4306b3f1ebdc840dc925cf9dc7ab21bd1,scn2_random_freq_amp_env42000,random_freq_amp,0.024367514118628152,7.412265192781885,0.2858975471459132,residual_rl,31004.0,0.061005403469964775,2,0.07952380952380952,0.0,1.0,0.0
0.025714285714285714,0.0017460317460317458,32.800652668121955,0.5741614020114385,seen,42000,34e1fec0319a60a57bad63243f9df9f4306b3f1ebdc840dc925cf9dc7ab21bd1,scn2_random_freq_amp_env42000,random_freq_amp,0.025060842192497997,7.436132420168919,0.2858975471459132,wm_residual_rl,31000.0,0.060860421461788446,2,0.09666666666666666,0.0,1.0,0.0
0.025238095238095237,0.0017460317460317458,32.80478650848755,0.5512614061037692,seen,42000,34e1fec0319a60a57bad63243f9df9f4306b3f1ebdc840dc925cf9dc7ab21bd1,scn2_random_freq_amp_env42000,random_freq_amp,0.02426914866955203,7.4443421921351725,0.2858975471459132,wm_residual_rl,31001.0,0.06197440182466338,2,0.05476190476190476,0.0,1.0,0.0
0.025238095238095237,0.0017460317460317458,32.71746476151579,0.48189065237874157,seen,42000,34e1fec0319a60a57bad63243f9df9f4306b3f1ebdc840dc925cf9dc7ab21bd1,scn2_random_freq_amp_env42000,random_freq_amp,0.02425389722873179,7.427072119441269,0.2858975471459132,wm_residual_rl,31002.0,0.06131868910541465,2,0.04523809523809524,0.0,1.0,0.0
0.02619047619047619,0.0017460317460317458,32.71003417938255,0.51288664279515,seen,42000,34e1fec0319a60a57bad63243f9df9f4306b3f1ebdc840dc925cf9dc7ab21bd1,scn2_random_freq_amp_env42000,random_freq_amp,0.02324639277618617,7.4160786809166925,0.2858975471459132,wm_residual_rl,31003.0,0.06094165189492744,2,0.05523809523809524,0.0,1.0,0.0
0.025238095238095237,0.0017460317460317458,32.77417307685443,0.5250772990843966,seen,42000,34e1fec0319a60a57bad63243f9df9f4306b3f1ebdc840dc925cf9dc7ab21bd1,scn2_random_freq_amp_env42000,random_freq_amp,0.024405567086448924,7.410970787516473,0.2858975471459132,wm_residual_rl,31004.0,0.06024211170531773,2,0.030952380952380953,0.0,1.0,0.0
0.5395238095238095,0.00746031746031746,53.50405098359312,0.0,seen,42001,ebe55606dccb56978863d36b72cbcbab3eb0abc08bd339d49c3d4572e0bc5eb3,scn2_random_freq_amp_env42001,random_freq_amp,1.3695709729684284,20.941573132139276,1.3695709729684284,smc,,0.520709848686637,2,0.06428571428571428,0.0,0.0,0.0
0.4461904761904762,0.00031746031746031746,45.525007898283036,1.0,seen,42001,ebe55606dccb56978863d36b72cbcbab3eb0abc08bd339d49c3d4572e0bc5eb3,scn2_random_freq_amp_env42001,random_freq_amp,1.2193708255061129,8.295297773631436,1.2193708255061129,mpc,,0.2610631650746952,2,0.11285714285714285,0.0,0.0,0.0
0.42238095238095236,0.0012698412698412698,45.334684352374246,0.5932797619047617,seen,42001,ebe55606dccb56978863d36b72cbcbab3eb0abc08bd339d49c3d4572e0bc5eb3,scn2_random_freq_amp_env42001,random_freq_amp,1.2127060501609606,8.63881893168628,1.2127060501609606,constant_alpha,,0.2596882521201148,2,0.1061904761904762,0.0,0.0,0.0
0.42714285714285716,0.0012698412698412698,45.259051996645034,0.7799132762284762,seen,42001,ebe55606dccb56978863d36b72cbcbab3eb0abc08bd339d49c3d4572e0bc5eb3,scn2_random_freq_amp_env42001,random_freq_amp,1.2199598298081131,8.416381709163769,1.2199598298081131,sspo,,0.25961089847462426,2,0.05952380952380952,0.0,0.0,0.0
0.43476190476190474,0.0012698412698412698,44.90064329168098,0.6222683975745217,seen,42001,ebe55606dccb56978863d36b72cbcbab3eb0abc08bd339d49c3d4572e0bc5eb3,scn2_random_freq_amp_env42001,random_freq_amp,1.222112520219554,7.611967237354918,1.222112520219554,v3_transformer,31000.0,0.26944993904737996,2,0.019523809523809523,0.0,0.0,0.0
0.43476190476190474,0.0012698412698412698,44.80517086835853,0.7202972464380141,seen,42001,ebe55606dccb56978863d36b72cbcbab3eb0abc08bd339d49c3d4572e0bc5eb3,scn2_random_freq_amp_env42001,random_freq_amp,1.2206035052300817,7.872715997649695,1.2206035052300817,v3_transformer,31001.0,0.2637222605952018,2,0.07285714285714286,0.0,0.0,0.0
0.42952380952380953,0.0012698412698412698,45.22012977631003,0.731681720139774,seen,42001,ebe55606dccb56978863d36b72cbcbab3eb0abc08bd339d49c3d4572e0bc5eb3,scn2_random_freq_amp_env42001,random_freq_amp,1.2219425957558097,8.12210503865557,1.2219425957558097,v3_transformer,31002.0,0.26076124332127804,2,0.08,0.0,0.0,0.0
0.43238095238095237,0.0012698412698412698,44.9594087328573,0.7441052904607687,seen,42001,ebe55606dccb56978863d36b72cbcbab3eb0abc08bd339d49c3d4572e0bc5eb3,scn2_random_freq_amp_env42001,random_freq_amp,1.2207921356460503,7.917049983450986,1.2207921356460503,v3_transformer,31003.0,0.26204578986508115,2,0.05238095238095238,0.0,0.0,0.0
0.4342857142857143,0.0012698412698412698,44.717296538402984,0.6643688490967391,seen,42001,ebe55606dccb56978863d36b72cbcbab3eb0abc08bd339d49c3d4572e0bc5eb3,scn2_random_freq_amp_env42001,random_freq_amp,1.221949931396893,7.581061130498532,1.221949931396893,v3_transformer,31004.0,0.267195535616564,2,0.09523809523809523,0.0,0.0,0.0
0.43476190476190474,0.0012698412698412698,44.912089596422796,0.6198273108366045,seen,42001,ebe55606dccb56978863d36b72cbcbab3eb0abc08bd339d49c3d4572e0bc5eb3,scn2_random_freq_amp_env42001,random_freq_amp,1.2221248691940187,7.607572479125175,1.2221248691940187,wm_hybrid,31000.0,0.26943241906406357,2,0.08476190476190476,0.0,0.0,0.04285714285714286
0.43476190476190474,0.0012698412698412698,44.810366156336165,0.7178954597729915,seen,42001,ebe55606dccb56978863d36b72cbcbab3eb0abc08bd339d49c3d4572e0bc5eb3,scn2_random_freq_amp_env42001,random_freq_amp,1.2206058995519646,7.870920070167468,1.2206058995519646,wm_hybrid,31001.0,0.2637150135660019,2,0.051904761904761905,0.0,0.0,0.04285714285714286
0.42952380952380953,0.0012698412698412698,45.223218505309106,0.7288308635700036,seen,42001,ebe55606dccb56978863d36b72cbcbab3eb0abc08bd339d49c3d4572e0bc5eb3,scn2_random_freq_amp_env42001,random_freq_amp,1.22195861255923,8.116685808948397,1.22195861255923,wm_hybrid,31002.0,0.260792569773751,2,0.06190476190476191,0.0,0.0,0.04285714285714286
0.43238095238095237,0.0012698412698412698,44.96397150782224,0.7412914928000277,seen,42001,ebe55606dccb56978863d36b72cbcbab3eb0abc08bd339d49c3d4572e0bc5eb3,scn2_random_freq_amp_env42001,random_freq_amp,1.2207910284069212,7.9140093975035875,1.2207910284069212,wm_hybrid,31003.0,0.26205206896631705,2,0.13380952380952382,0.0,0.0,0.04285714285714286
0.4342857142857143,0.0012698412698412698,44.72973455092337,0.6602049280975845,seen,42001,ebe55606dccb56978863d36b72cbcbab3eb0abc08bd339d49c3d4572e0bc5eb3,scn2_random_freq_amp_env42001,random_freq_amp,1.221961079703965,7.576859622876296,1.221961079703965,wm_hybrid,31004.0,0.2671976188803489,2,0.10428571428571429,0.0,0.0,0.04285714285714286
0.42238095238095236,0.0012698412698412698,45.336246071268015,0.5700470896554682,seen,42001,ebe55606dccb56978863d36b72cbcbab3eb0abc08bd339d49c3d4572e0bc5eb3,scn2_random_freq_amp_env42001,random_freq_amp,1.2107940892044666,8.626175542169207,1.2107940892044666,residual_rl,31000.0,0.2596325602798586,2,0.11523809523809524,0.0,0.0,0.0
0.42142857142857143,0.0012698412698412698,45.33998438556744,0.5614277560262425,seen,42001,ebe55606dccb56978863d36b72cbcbab3eb0abc08bd339d49c3d4572e0bc5eb3,scn2_random_freq_amp_env42001,random_freq_amp,1.2114920154134514,8.619560120256457,1.2114920154134514,residual_rl,31001.0,0.2595943316165694,2,0.05285714285714286,0.0,0.0,0.0
0.4185714285714286,0.0012698412698412698,45.34022602953304,0.5101040499856734,seen,42001,ebe55606dccb56978863d36b72cbcbab3eb0abc08bd339d49c3d4572e0bc5eb3,scn2_random_freq_amp_env42001,random_freq_amp,1.2093922404701585,8.65045051818554,1.2093922404701585,residual_rl,31002.0,0.2597164670921296,2,0.09714285714285714,0.0,0.0,0.0
0.42142857142857143,0.0012698412698412698,45.359560966991275,0.5667678447434552,seen,42001,ebe55606dccb56978863d36b72cbcbab3eb0abc08bd339d49c3d4572e0bc5eb3,scn2_random_freq_amp_env42001,random_freq_amp,1.2159915294352832,8.60714729129719,1.2159915294352832,residual_rl,31003.0,0.2604928037427469,2,0.08761904761904762,0.0,0.0,0.0
0.41904761904761906,0.0012698412698412698,45.33217011394319,0.4951632927425442,seen,42001,ebe55606dccb56978863d36b72cbcbab3eb0abc08bd339d49c3d4572e0bc5eb3,scn2_random_freq_amp_env42001,random_freq_amp,1.209208698857662,8.621686773745923,1.209208698857662,residual_rl,31004.0,0.2594469176301778,2,0.06,0.0,0.0,0.0
0.42142857142857143,0.0012698412698412698,45.38274080277359,0.6011871511229638,seen,42001,ebe55606dccb56978863d36b72cbcbab3eb0abc08bd339d49c3d4572e0bc5eb3,scn2_random_freq_amp_env42001,random_freq_amp,1.2146573351845715,8.648211682912965,1.2146573351845715,wm_residual_rl,31000.0,0.2607212380606192,2,0.06857142857142857,0.0,0.0,0.0
0.42095238095238097,0.0012698412698412698,45.37604176382205,0.5880614025313716,seen,42001,ebe55606dccb56978863d36b72cbcbab3eb0abc08bd339d49c3d4572e0bc5eb3,scn2_random_freq_amp_env42001,random_freq_amp,1.209317299807849,8.677152621954901,1.209317299807849,wm_residual_rl,31001.0,0.26009911361429483,2,0.08142857142857143,0.0,0.0,0.0
0.41904761904761906,0.0012698412698412698,45.32693084691517,0.4882648257792514,seen,42001,ebe55606dccb56978863d36b72cbcbab3eb0abc08bd339d49c3d4572e0bc5eb3,scn2_random_freq_amp_env42001,random_freq_amp,1.2106281990415175,8.628734802068147,1.2106281990415175,wm_residual_rl,31002.0,0.2597623245007414,2,0.07714285714285714,0.0,0.0,0.0
0.4185714285714286,0.0012698412698412698,45.29777565919012,0.5195182415641673,seen,42001,ebe55606dccb56978863d36b72cbcbab3eb0abc08bd339d49c3d4572e0bc5eb3,scn2_random_freq_amp_env42001,random_freq_amp,1.2086954787219324,8.610467174155339,1.2086954787219324,wm_residual_rl,31003.0,0.25850262985476724,2,0.0380952380952381,0.0,0.0,0.0
0.42,0.0012698412698412698,45.349704572682406,0.5781363197666078,seen,42001,ebe55606dccb56978863d36b72cbcbab3eb0abc08bd339d49c3d4572e0bc5eb3,scn2_random_freq_amp_env42001,random_freq_amp,1.2148041675520913,8.617823159129076,1.2148041675520913,wm_residual_rl,31004.0,0.2604080474756282,2,0.07142857142857142,0.0,0.0,0.0
0.5614285714285714,0.002698412698412698,53.11707639625927,0.0,seen,42002,b50492c0a17597f49c75edf2080b0ebe9634ce46c131618479ee5a12f928def8,scn2_random_freq_amp_env42002,random_freq_amp,0.03811400063954913,15.518227939418091,1.3578905993895503,smc,,0.6380935077286213,2,0.02761904761904762,0.0,1.0,0.0
0.46190476190476193,0.00039682539682539677,48.365984114404874,1.0,seen,42002,b50492c0a17597f49c75edf2080b0ebe9634ce46c131618479ee5a12f928def8,scn2_random_freq_amp_env42002,random_freq_amp,0.01452867817441446,13.157852991369479,0.653944888417659,mpc,,0.2876563763325789,2,0.005714285714285714,0.0,1.0,0.0
0.44761904761904764,0.0009523809523809524,48.31230886123771,0.5932797619047617,seen,42002,b50492c0a17597f49c75edf2080b0ebe9634ce46c131618479ee5a12f928def8,scn2_random_freq_amp_env42002,random_freq_amp,0.015639421982183047,13.204680809554814,0.6484172757419912,constant_alpha,,0.28624131503541483,2,0.017142857142857144,0.0,1.0,0.0
0.4552380952380952,0.0009523809523809524,48.37136148942802,0.7413107802985688,seen,42002,b50492c0a17597f49c75edf2080b0ebe9634ce46c131618479ee5a12f928def8,scn2_random_freq_amp_env42002,random_freq_amp,0.014568332323067255,12.911510251579989,0.6536219658960536,sspo,,0.2887243564091985,2,0.01904761904761905,0.0,1.0,0.0
0.530952380952381,0.0009523809523809524,46.626424638765094,0.5002041455867733,seen,42002,b50492c0a17597f49c75edf2080b0ebe9634ce46c131618479ee5a12f928def8,scn2_random_freq_amp_env42002,random_freq_amp,0.0151058143843629,8.944081292096651,1.0023098087414526,v3_transformer,31000.0,0.4423732833643828,2,0.011428571428571429,0.0,1.0,0.0
0.5257142857142857,0.0009523809523809524,46.30830902410276,0.5500309959315542,seen,42002,b50492c0a17597f49c75edf2080b0ebe9634ce46c131618479ee5a12f928def8,scn2_random_freq_amp_env42002,random_freq_amp,0.01474116787357265,9.046581491878397,1.008728519276424,v3_transformer,31001.0,0.44006101903806977,2,0.011904761904761904,0.0,1.0,0.0
0.4633333333333333,0.0009523809523809524,48.674230535288316,0.6853759418266385,seen,42002,b50492c0a17597f49c75edf2080b0ebe9634ce46c131618479ee5a12f928def8,scn2_random_freq_amp_env42002,random_freq_amp,0.01473446933973402,12.470408808434604,0.6666472001596868,v3_transformer,31002.0,0.2953991204336796,2,0.010476190476190476,0.0,1.0,0.0
0.5114285714285715,0.0009523809523809524,46.80738624440306,0.6151028817257931,seen,42002,b50492c0a17597f49c75edf2080b0ebe9634ce46c131618479ee5a12f928def8,scn2_random_freq_amp_env42002,random_freq_amp,0.014726409835273546,8.64950119610039,0.9357141682617767,v3_transformer,31003.0,0.4096375621900967,2,0.017619047619047618,0.0,1.0,0.0
0.5371428571428571,0.0009523809523809524,47.176415758993826,0.5315984356771007,seen,42002,b50492c0a17597f49c75edf2080b0ebe9634ce46c131618479ee5a12f928def8,scn2_random_freq_amp_env42002,random_freq_amp,0.015298814895210353,10.169794257883712,1.0336238583094897,v3_transformer,31004.0,0.45375218601956874,2,0.013333333333333334,0.0,1.0,0.0
0.5304761904761904,0.0009523809523809524,46.615940437503724,0.5004819291785291,seen,42002,b50492c0a17597f49c75edf2080b0ebe9634ce46c131618479ee5a12f928def8,scn2_random_freq_amp_env42002,random_freq_amp,0.015144731626502799,8.877665953379699,1.0003162132212837,wm_hybrid,31000.0,0.4415214171464711,2,0.02238095238095238,0.0,1.0,0.049523809523809526
0.5257142857142857,0.0009523809523809524,46.30891177473457,0.5498879838274641,seen,42002,b50492c0a17597f49c75edf2080b0ebe9634ce46c131618479ee5a12f928def8,scn2_random_freq_amp_env42002,random_freq_amp,0.01473078206903426,8.998024782756135,1.0072001905631947,wm_hybrid,31001.0,0.4396765103608232,2,0.02238095238095238,0.0,1.0,0.049523809523809526
0.4633333333333333,0.0009523809523809524,48.650341510417384,0.686961229838941,seen,42002,b50492c0a17597f49c75edf2080b0ebe9634ce46c131618479ee5a12f928def8,scn2_random_freq_amp_env42002,random_freq_amp,0.014733425645323364,12.418314427772112,0.6685976010486392,wm_hybrid,31002.0,0.29692008699814587,2,0.01904761904761905,0.0,1.0,0.049523809523809526
0.5109523809523809,0.0009523809523809524,46.77446873688086,0.6147742869161837,seen,42002,b50492c0a17597f49c75edf2080b0ebe9634ce46c131618479ee5a12f928def8,scn2_random_freq_amp_env42002,random_freq_amp,0.014708176160565923,8.62759024240785,0.9350819517923583,wm_hybrid,31003.0,0.40940710525131613,2,0.024761904761904763,0.0,1.0,0.049523809523809526
0.5371428571428571,0.0009523809523809524,47.18729821098593,0.5317269275986772,seen,42002,b50492c0a17597f49c75edf2080b0ebe9634ce46c131618479ee5a12f928def8,scn2_random_freq_amp_env42002,random_freq_amp,0.015214785954359067,10.121813181567841,1.0310449277665972,wm_hybrid,31004.0,0.4526090947783972,2,0.013333333333333334,0.0,1.0,0.049523809523809526
0.44761904761904764,0.0009523809523809524,48.267053555550454,0.5605966781966103,seen,42002,b50492c0a17597f49c75edf2080b0ebe9634ce46c131618479ee5a12f928def8,scn2_random_freq_amp_env42002,random_freq_amp,0.015613270594695462,13.169516667005817,0.647308889549411,residual_rl,31000.0,0.28627588225199274,2,0.018571428571428572,0.0,1.0,0.0
0.44476190476190475,0.0009523809523809524,48.22067447037722,0.577789468494135,seen,42002,b50492c0a17597f49c75edf2080b0ebe9634ce46c131618479ee5a12f928def8,scn2_random_freq_amp_env42002,random_freq_amp,0.016150117029898364,13.203493604636181,0.6466514525890303,residual_rl,31001.0,0.2854126604003007,2,0.025714285714285714,0.0,1.0,0.0
0.44666666666666666,0.0009523809523809524,48.37829103295957,0.5005813539789038,seen,42002,b50492c0a17597f49c75edf2080b0ebe9634ce46c131618479ee5a12f928def8,scn2_random_freq_amp_env42002,random_freq_amp,0.015482969183495152,13.114516579701005,0.6487152574722372,residual_rl,31002.0,0.28723863540801337,2,0.022857142857142857,0.0,1.0,0.0
0.44666666666666666,0.0009523809523809524,48.364316628456216,0.501938091207102,seen,42002,b50492c0a17597f49c75edf2080b0ebe9634ce46c131618479ee5a12f928def8,scn2_random_freq_amp_env42002,random_freq_amp,0.01579919511272879,13.091329457375286,0.6489360319291203,residual_rl,31003.0,0.28689821830179923,2,0.03333333333333333,0.0,1.0,0.0
0.44666666666666666,0.0009523809523809524,48.36740094287146,0.4917504139262346,seen,42002,b50492c0a17597f49c75edf2080b0ebe9634ce46c131618479ee5a12f928def8,scn2_random_freq_amp_env42002,random_freq_amp,0.016277896903208487,13.098001774662707,0.6488235399264497,residual_rl,31004.0,0.28698800158496035,2,0.025238095238095237,0.0,1.0,0.0
0.4461904761904762,0.0009523809523809524,48.362280228337404,0.5672855210243268,seen,42002,b50492c0a17597f49c75edf2080b0ebe9634ce46c131618479ee5a12f928def8,scn2_random_freq_amp_env42002,random_freq_amp,0.015232589711671652,13.15843069769397,0.6481846953857318,wm_residual_rl,31000.0,0.2867961727644667,2,0.006666666666666667,0.0,1.0,0.0
0.44761904761904764,0.0009523809523809524,48.29285566681453,0.580382775708159,seen,42002,b50492c0a17597f49c75edf2080b0ebe9634ce46c131618479ee5a12f928def8,scn2_random_freq_amp_env42002,random_freq_amp,0.01623157977540557,13.241923531891965,0.6480984677701691,wm_residual_rl,31001.0,0.2866427415118302,2,0.015714285714285715,0.0,1.0,0.0
0.44666666666666666,0.0009523809523809524,48.36183128790289,0.4855572901307406,seen,42002,b50492c0a17597f49c75edf2080b0ebe9634ce46c131618479ee5a12f928def8,scn2_random_freq_amp_env42002,random_freq_amp,0.01619859693073699,13.103040762087794,0.6488023649351594,wm_residual_rl,31002.0,0.286998943418447,2,0.011428571428571429,0.0,1.0,0.0
0.4461904761904762,0.0009523809523809524,48.2999496550758,0.5084285363235651,seen,42002,b50492c0a17597f49c75edf2080b0ebe9634ce46c131618479ee5a12f928def8,scn2_random_freq_amp_env42002,random_freq_amp,0.016184134460029198,13.076769374944886,0.6476634907780184,wm_residual_rl,31003.0,0.2860354111327274,2,0.017619047619047618,0.0,1.0,0.0
0.44666666666666666,0.0009523809523809524,48.38417243437206,0.5031071600773537,seen,42002,b50492c0a17597f49c75edf2080b0ebe9634ce46c131618479ee5a12f928def8,scn2_random_freq_amp_env42002,random_freq_amp,0.01624537244189367,13.109844208004949,0.648946670188629,wm_residual_rl,31004.0,0.2867752317545674,2,0.012857142857142857,0.0,1.0,0.0
0.09285714285714286,0.001349206349206349,33.266940374937896,0.0,seen,42003,773c087cf2ee3d5ceaabfc6a22a5438abaabab8aad3ad396db6e4cf81ae9f958,scn2_random_freq_amp_env42003,random_freq_amp,0.7834624625498003,7.834206326841652,0.7834624625498003,smc,,0.19735364364673072,2,0.14333333333333334,0.0,1.0,0.0
0.10714285714285714,0.0002380952380952381,34.97328489969133,1.0,seen,42003,773c087cf2ee3d5ceaabfc6a22a5438abaabab8aad3ad396db6e4cf81ae9f958,scn2_random_freq_amp_env42003,random_freq_amp,0.5784126596290491,7.094295507629699,0.5784126596290491,mpc,,0.10235875467065128,2,0.16380952380952382,0.0,1.0,0.0
0.09285714285714286,0.001349206349206349,34.5830676457447,0.5932797619047617,seen,42003,773c087cf2ee3d5ceaabfc6a22a5438abaabab8aad3ad396db6e4cf81ae9f958,scn2_random_freq_amp_env42003,random_freq_amp,0.5763706119196698,7.521096902885354,0.5763706119196698,constant_alpha,,0.10093477501343633,2,0.05476190476190476,0.0,1.0,0.0
0.09904761904761905,0.001349206349206349,34.76726097050257,0.9114777312159935,seen,42003,773c087cf2ee3d5ceaabfc6a22a5438abaabab8aad3ad396db6e4cf81ae9f958,scn2_random_freq_amp_env42003,random_freq_amp,0.5788024960070378,7.306187624289602,0.5788024960070378,sspo,,0.09834337724876763,2,0.09476190476190476,0.0,1.0,0.0
0.09904761904761905,0.001349206349206349,34.7955584718932,0.8686189380377998,seen,42003,773c087cf2ee3d5ceaabfc6a22a5438abaabab8aad3ad396db6e4cf81ae9f958,scn2_random_freq_amp_env42003,random_freq_amp,0.5795491345389494,7.062512024242959,0.5795491345389494,v3_transformer,31000.0,0.09852291955147799,2,0.11571428571428571,0.0,1.0,0.0
0.09904761904761905,0.001349206349206349,34.77689641853866,0.8598547566544699,seen,42003,773c087cf2ee3d5ceaabfc6a22a5438abaabab8aad3ad396db6e4cf81ae9f958,scn2_random_freq_amp_env42003,random_freq_amp,0.5795084424218238,7.130912747829667,0.5795084424218238,v3_transformer,31001.0,0.09801413567455476,2,0.08714285714285715,0.0,1.0,0.0
0.09904761904761905,0.001349206349206349,34.78569700853161,0.867151402191749,seen,42003,773c087cf2ee3d5ceaabfc6a22a5438abaabab8aad3ad396db6e4cf81ae9f958,scn2_random_freq_amp_env42003,random_freq_amp,0.5801832523357093,7.086390311251992,0.5801832523357093,v3_transformer,31002.0,0.09819303287055225,2,0.12142857142857143,0.0,1.0,0.0
0.09904761904761905,0.001349206349206349,34.77314079890892,0.8759375595646838,seen,42003,773c087cf2ee3d5ceaabfc6a22a5438abaabab8aad3ad396db6e4cf81ae9f958,scn2_random_freq_amp_env42003,random_freq_amp,0.5793725433090944,7.127987365792899,0.5793725433090944,v3_transformer,31003.0,0.0982702266480914,2,0.035238095238095235,0.0,1.0,0.0
0.09904761904761905,0.001349206349206349,34.7907083261258,0.8500266851758447,seen,42003,773c087cf2ee3d5ceaabfc6a22a5438abaabab8aad3ad396db6e4cf81ae9f958,scn2_random_freq_amp_env42003,random_freq_amp,0.5796276020324513,7.056461602922114,0.5796276020324513,v3_transformer,31004.0,0.09835849561600192,2,0.10333333333333333,0.0,1.0,0.0
0.09904761904761905,0.001349206349206349,34.79580529582607,0.8679344728218744,seen,42003,773c087cf2ee3d5ceaabfc6a22a5438abaabab8aad3ad396db6e4cf81ae9f958,scn2_random_freq_amp_env42003,random_freq_amp,0.5795377455173331,7.054887808232556,0.5795377455173331,wm_hybrid,31000.0,0.09854665473799695,2,0.09333333333333334,0.0,1.0,0.049523809523809526
0.09904761904761905,0.001349206349206349,34.77717024055478,0.8594700616407699,seen,42003,773c087cf2ee3d5ceaabfc6a22a5438abaabab8aad3ad396db6e4cf81ae9f958,scn2_random_freq_amp_env42003,random_freq_amp,0.5794994581516488,7.127405907442985,0.5794994581516488,wm_hybrid,31001.0,0.09802118581804126,2,0.09380952380952381,0.0,1.0,0.049523809523809526
0.09904761904761905,0.001349206349206349,34.78631052191946,0.8662093427971317,seen,42003,773c087cf2ee3d5ceaabfc6a22a5438abaabab8aad3ad396db6e4cf81ae9f958,scn2_random_freq_amp_env42003,random_freq_amp,0.5801723955513757,7.0817263418636625,0.5801723955513757,wm_hybrid,31002.0,0.09820097967684333,2,0.15666666666666668,0.0,1.0,0.049523809523809526
0.09904761904761905,0.001349206349206349,34.77342705426882,0.8749456766696406,seen,42003,773c087cf2ee3d5ceaabfc6a22a5438abaabab8aad3ad396db6e4cf81ae9f958,scn2_random_freq_amp_env42003,random_freq_amp,0.5793843648184862,7.124120809251936,0.5793843648184862,wm_hybrid,31003.0,0.09827565467165979,2,0.09904761904761905,0.0,1.0,0.049523809523809526
0.09904761904761905,0.001349206349206349,34.79134141230631,0.847738565354713,seen,42003,773c087cf2ee3d5ceaabfc6a22a5438abaabab8aad3ad396db6e4cf81ae9f958,scn2_random_freq_amp_env42003,random_freq_amp,0.5796430690565563,7.0490590651474285,0.5796430690565563,wm_hybrid,31004.0,0.09838847816809405,2,0.10666666666666667,0.0,1.0,0.049523809523809526
0.09285714285714286,0.001349206349206349,34.56253631836059,0.594835227400286,seen,42003,773c087cf2ee3d5ceaabfc6a22a5438abaabab8aad3ad396db6e4cf81ae9f958,scn2_random_freq_amp_env42003,random_freq_amp,0.5751997963406486,7.498395020273294,0.5751997963406486,residual_rl,31000.0,0.10009033274027804,2,0.12095238095238095,0.0,1.0,0.0
0.09285714285714286,0.001349206349206349,34.50972329344819,0.557920848317104,seen,42003,773c087cf2ee3d5ceaabfc6a22a5438abaabab8aad3ad396db6e4cf81ae9f958,scn2_random_freq_amp_env42003,random_freq_amp,0.5783210204013993,7.494798616190201,0.5783210204013993,residual_rl,31001.0,0.10080767405008005,2,0.10142857142857142,0.0,1.0,0.0
0.09285714285714286,0.001349206349206349,34.49806876979956,0.5107357806149186,seen,42003,773c087cf2ee3d5ceaabfc6a22a5438abaabab8aad3ad396db6e4cf81ae9f958,scn2_random_freq_amp_env42003,random_freq_amp,0.5758967404956565,7.546507228584297,0.5758967404956565,residual_rl,31002.0,0.10195507458832971,2,0.049523809523809526,0.0,1.0,0.0
0.09285714285714286,0.001349206349206349,34.552695264732485,0.568098290682151,seen,42003,773c087cf2ee3d5ceaabfc6a22a5438abaabab8aad3ad396db6e4cf81ae9f958,scn2_random_freq_amp_env42003,random_freq_amp,0.5778564922506236,7.4899625743156095,0.5778564922506236,residual_rl,31003.0,0.10061408525935979,2,0.045714285714285714,0.0,1.0,0.0
0.09285714285714286,0.001349206349206349,34.489407511396614,0.4987222801117331,seen,42003,773c087cf2ee3d5ceaabfc6a22a5438abaabab8aad3ad396db6e4cf81ae9f958,scn2_random_freq_amp_env42003,random_freq_amp,0.5758120149841963,7.513914729354687,0.5758120149841963,residual_rl,31004.0,0.10123775231732277,2,0.06761904761904762,0.0,1.0,0.0
0.09285714285714286,0.001349206349206349,34.56693088715124,0.6085290481132944,seen,42003,773c087cf2ee3d5ceaabfc6a22a5438abaabab8aad3ad396db6e4cf81ae9f958,scn2_random_freq_amp_env42003,random_freq_amp,0.5785736721313783,7.5283895622433405,0.5785736721313783,wm_residual_rl,31000.0,0.10123727457752846,2,0.06476190476190476,0.0,1.0,0.0
0.09285714285714286,0.001349206349206349,34.53888176449172,0.5659617692022392,seen,42003,773c087cf2ee3d5ceaabfc6a22a5438abaabab8aad3ad396db6e4cf81ae9f958,scn2_random_freq_amp_env42003,random_freq_amp,0.5752732400138251,7.54213471345946,0.5752732400138251,wm_residual_rl,31001.0,0.10153445507245848,2,0.06333333333333334,0.0,1.0,0.0
0.09285714285714286,0.001349206349206349,34.481670862269254,0.48952716611539104,seen,42003,773c087cf2ee3d5ceaabfc6a22a5438abaabab8aad3ad396db6e4cf81ae9f958,scn2_random_freq_amp_env42003,random_freq_amp,0.5767940452117231,7.525163516876135,0.5767940452117231,wm_residual_rl,31002.0,0.10150650733082671,2,0.10523809523809524,0.0,1.0,0.0
0.09285714285714286,0.001349206349206349,34.46236228721676,0.5089769761504723,seen,42003,773c087cf2ee3d5ceaabfc6a22a5438abaabab8aad3ad396db6e4cf81ae9f958,scn2_random_freq_amp_env42003,random_freq_amp,0.5749204380209529,7.5127501215578665,0.5749204380209529,wm_residual_rl,31003.0,0.10076686788848085,2,0.10666666666666667,0.0,1.0,0.0
0.09285714285714286,0.001349206349206349,34.534282837278525,0.5761790775810351,seen,42003,773c087cf2ee3d5ceaabfc6a22a5438abaabab8aad3ad396db6e4cf81ae9f958,scn2_random_freq_amp_env42003,random_freq_amp,0.5780309385428944,7.500976007228395,0.5780309385428944,wm_residual_rl,31004.0,0.10078060352263696,2,0.07285714285714286,0.0,1.0,0.0
0.47,0.0011904761904761904,48.32110562519238,0.0,seen,42004,d9540c4ebac597260af41febf8dd93b31b2797fa7dbe2aa2ab3e4e743a59fa72,scn2_random_freq_amp_env42004,random_freq_amp,1.1081072559313159,12.608110425237282,1.1081072559313159,smc,,0.358069861488243,2,0.09761904761904762,0.0,0.0,0.0
0.4419047619047619,0.00015873015873015873,44.90139662739212,1.0,seen,42004,d9540c4ebac597260af41febf8dd93b31b2797fa7dbe2aa2ab3e4e743a59fa72,scn2_random_freq_amp_env42004,random_freq_amp,0.9244065983657334,8.415080051163814,0.9244065983657334,mpc,,0.20530659298280574,2,0.08523809523809524,0.0,1.0,0.0
0.4166666666666667,0.001111111111111111,44.6174070272135,0.5932797619047617,seen,42004,d9540c4ebac597260af41febf8dd93b31b2797fa7dbe2aa2ab3e4e743a59fa72,scn2_random_freq_amp_env42004,random_freq_amp,0.919802791128807,8.714103690972346,0.919802791128807,constant_alpha,,0.20415503805948032,2,0.05047619047619047,0.0,1.0,0.0
0.4247619047619048,0.001111111111111111,44.568534312074036,0.7973144152225518,seen,42004,d9540c4ebac597260af41febf8dd93b31b2797fa7dbe2aa2ab3e4e743a59fa72,scn2_random_freq_amp_env42004,random_freq_amp,0.9236812264119345,8.486726577636805,0.9236812264119345,sspo,,0.20346844710899334,2,0.1757142857142857,0.0,1.0,0.0
0.43333333333333335,0.001111111111111111,43.857766898716726,0.6594476846387388,seen,42004,d9540c4ebac597260af41febf8dd93b31b2797fa7dbe2aa2ab3e4e743a59fa72,scn2_random_freq_amp_env42004,random_freq_amp,0.9246190606132804,7.554268441403302,0.9246190606132804,v3_transformer,31000.0,0.21443339977599338,2,0.09476190476190476,0.0,1.0,0.0
0.4328571428571429,0.001111111111111111,43.89073376549685,0.7177895054743845,seen,42004,d9540c4ebac597260af41febf8dd93b31b2797fa7dbe2aa2ab3e4e743a59fa72,scn2_random_freq_amp_env42004,random_freq_amp,0.9240062830499614,7.7794257776996005,0.9240062830499614,v3_transformer,31001.0,0.2128230891571685,2,0.08952380952380952,0.0,1.0,0.0
0.4276190476190476,0.001111111111111111,44.49913292586498,0.7397357298990195,seen,42004,d9540c4ebac597260af41febf8dd93b31b2797fa7dbe2aa2ab3e4e743a59fa72,scn2_random_freq_amp_env42004,random_freq_amp,0.9252573481922189,8.138922205926562,0.9252573481922189,v3_transformer,31002.0,0.20510006380808127,2,0.13666666666666666,0.0,1.0,0.0
0.43238095238095237,0.001111111111111111,44.11974779053388,0.7450012529751667,seen,42004,d9540c4ebac597260af41febf8dd93b31b2797fa7dbe2aa2ab3e4e743a59fa72,scn2_random_freq_amp_env42004,random_freq_amp,0.9244292946380014,7.866584075146906,0.9244292946380014,v3_transformer,31003.0,0.20888051412599978,2,0.06523809523809523,0.0,1.0,0.0
0.43238095238095237,0.001111111111111111,43.718839233028746,0.6993109347237074,seen,42004,d9540c4ebac597260af41febf8dd93b31b2797fa7dbe2aa2ab3e4e743a59fa72,scn2_random_freq_amp_env42004,random_freq_amp,0.9245727759782923,7.475121163230589,0.9245727759782923,v3_transformer,31004.0,0.21544117834188595,2,0.08142857142857143,0.0,1.0,0.0
0.4328571428571429,0.001111111111111111,43.86523262384983,0.6576152745419634,seen,42004,d9540c4ebac597260af41febf8dd93b31b2797fa7dbe2aa2ab3e4e743a59fa72,scn2_random_freq_amp_env42004,random_freq_amp,0.9246216170379592,7.5513157161792455,0.9246216170379592,wm_hybrid,31000.0,0.2143878876561838,2,0.07809523809523809,0.0,1.0,0.049523809523809526
0.4328571428571429,0.001111111111111111,43.893537031557024,0.715398881632104,seen,42004,d9540c4ebac597260af41febf8dd93b31b2797fa7dbe2aa2ab3e4e743a59fa72,scn2_random_freq_amp_env42004,random_freq_amp,0.9240105440897082,7.77432698139065,0.9240105440897082,wm_hybrid,31001.0,0.2128409836777977,2,0.13285714285714287,0.0,1.0,0.049523809523809526
0.4276190476190476,0.001111111111111111,44.50160607723361,0.7379599228548768,seen,42004,d9540c4ebac597260af41febf8dd93b31b2797fa7dbe2aa2ab3e4e743a59fa72,scn2_random_freq_amp_env42004,random_freq_amp,0.9252318353425835,8.136316158295969,0.9252318353425835,wm_hybrid,31002.0,0.2051098327629696,2,0.07095238095238095,0.0,1.0,0.049523809523809526
0.43238095238095237,0.001111111111111111,44.128317571879364,0.7430241296556479,seen,42004,d9540c4ebac597260af41febf8dd93b31b2797fa7dbe2aa2ab3e4e743a59fa72,scn2_random_freq_amp_env42004,random_freq_amp,0.9244315788398201,7.870544063512951,0.9244315788398201,wm_hybrid,31003.0,0.20881473575991766,2,0.10047619047619048,0.0,1.0,0.049523809523809526
0.43238095238095237,0.001111111111111111,43.73843418598672,0.6966451655017465,seen,42004,d9540c4ebac597260af41febf8dd93b31b2797fa7dbe2aa2ab3e4e743a59fa72,scn2_random_freq_amp_env42004,random_freq_amp,0.924571700606294,7.480842552361687,0.924571700606294,wm_hybrid,31004.0,0.21529413024976518,2,0.06857142857142857,0.0,1.0,0.049523809523809526
0.4166666666666667,0.001111111111111111,44.599561202380826,0.5750571725026441,seen,42004,d9540c4ebac597260af41febf8dd93b31b2797fa7dbe2aa2ab3e4e743a59fa72,scn2_random_freq_amp_env42004,random_freq_amp,0.9186533478763079,8.687769736907699,0.9186533478763079,residual_rl,31000.0,0.20402640599394584,2,0.08238095238095237,0.0,1.0,0.0
0.4185714285714286,0.001111111111111111,44.60149570032882,0.5734762467380919,seen,42004,d9540c4ebac597260af41febf8dd93b31b2797fa7dbe2aa2ab3e4e743a59fa72,scn2_random_freq_amp_env42004,random_freq_amp,0.9210972577590643,8.686327361441897,0.9210972577590643,residual_rl,31001.0,0.20424349004861397,2,0.039523809523809524,0.0,1.0,0.0
0.4157142857142857,0.001111111111111111,44.59293597442209,0.5176307825332938,seen,42004,d9540c4ebac597260af41febf8dd93b31b2797fa7dbe2aa2ab3e4e743a59fa72,scn2_random_freq_amp_env42004,random_freq_amp,0.9186103346403236,8.711071443304725,0.9186103346403236,residual_rl,31002.0,0.2045082160335294,2,0.07238095238095238,0.0,1.0,0.0
0.4166666666666667,0.001111111111111111,44.63974647749075,0.5599832172214706,seen,42004,d9540c4ebac597260af41febf8dd93b31b2797fa7dbe2aa2ab3e4e743a59fa72,scn2_random_freq_amp_env42004,random_freq_amp,0.9216544720023137,8.66755668311223,0.9216544720023137,residual_rl,31003.0,0.20433513321588112,2,0.06571428571428571,0.0,1.0,0.0
0.4157142857142857,0.001111111111111111,44.57819383932831,0.49591277649887494,seen,42004,d9540c4ebac597260af41febf8dd93b31b2797fa7dbe2aa2ab3e4e743a59fa72,scn2_random_freq_amp_env42004,random_freq_amp,0.9183671506435093,8.68405706687568,0.9183671506435093,residual_rl,31004.0,0.20419742448143488,2,0.030476190476190476,0.0,1.0,0.0
0.4166666666666667,0.001111111111111111,44.654064128738426,0.5948461065404795,seen,42004,d9540c4ebac597260af41febf8dd93b31b2797fa7dbe2aa2ab3e4e743a59fa72,scn2_random_freq_amp_env42004,random_freq_amp,0.922104217126008,8.709509887566318,0.922104217126008,wm_residual_rl,31000.0,0.2049023078211764,2,0.08333333333333333,0.0,1.0,0.0
0.4185714285714286,0.001111111111111111,44.62972007173925,0.5907141769970093,seen,42004,d9540c4ebac597260af41febf8dd93b31b2797fa7dbe2aa2ab3e4e743a59fa72,scn2_random_freq_amp_env42004,random_freq_amp,0.9181458818658211,8.742197835898319,0.9181458818658211,wm_residual_rl,31001.0,0.20481121353713766,2,0.08047619047619048,0.0,1.0,0.0
0.41619047619047617,0.001111111111111111,44.57473811520614,0.4872200800265854,seen,42004,d9540c4ebac597260af41febf8dd93b31b2797fa7dbe2aa2ab3e4e743a59fa72,scn2_random_freq_amp_env42004,random_freq_amp,0.9197907573445602,8.689989932182021,0.9197907573445602,wm_residual_rl,31002.0,0.20448277325463,2,0.10571428571428572,0.0,1.0,0.0
0.4157142857142857,0.001111111111111111,44.533931883297846,0.5214177350116783,seen,42004,d9540c4ebac597260af41febf8dd93b31b2797fa7dbe2aa2ab3e4e743a59fa72,scn2_random_freq_amp_env42004,random_freq_amp,0.9176164107249056,8.673562445629406,0.9176164107249056,wm_residual_rl,31003.0,0.20318886580564618,2,0.12,0.0,1.0,0.0
0.4166666666666667,0.001111111111111111,44.620231540326486,0.5706448656788264,seen,42004,d9540c4ebac597260af41febf8dd93b31b2797fa7dbe2aa2ab3e4e743a59fa72,scn2_random_freq_amp_env42004,random_freq_amp,0.9215673633374841,8.683861330379946,0.9215673633374841,wm_residual_rl,31004.0,0.2045049302775349,2,0.08428571428571428,0.0,1.0,0.0
0.13095238095238096,0.0016666666666666668,36.68463285049599,0.0,seen,42000,265e05d41a0e4ea0c76712eeb2e67fa7920eed14ad20f9e438ae48ffc9b54601,scn2_mass_damping_mismatch_env42000,mass_damping_mismatch,0.2038037312154047,7.073356916747688,0.38020129905363415,smc,,0.14916071770383538,2,0.10047619047619048,0.0,1.0,0.0
0.15714285714285714,0.0002380952380952381,37.7726428098504,1.0,seen,42000,265e05d41a0e4ea0c76712eeb2e67fa7920eed14ad20f9e438ae48ffc9b54601,scn2_mass_damping_mismatch_env42000,mass_damping_mismatch,0.21031681806739835,6.921477339410962,0.2698739468696782,mpc,,0.06728116398563977,2,0.05333333333333334,0.0,1.0,0.0
0.13476190476190475,0.0016666666666666668,37.48775601619919,0.5932797619047617,seen,42000,265e05d41a0e4ea0c76712eeb2e67fa7920eed14ad20f9e438ae48ffc9b54601,scn2_mass_damping_mismatch_env42000,mass_damping_mismatch,0.20875412740856236,7.408032964460712,0.2797113836269157,constant_alpha,,0.06543527987431594,2,0.06619047619047619,0.0,1.0,0.0
0.15,0.0016666666666666668,37.608443431077475,0.8983505112933942,seen,42000,265e05d41a0e4ea0c76712eeb2e67fa7920eed14ad20f9e438ae48ffc9b54601,scn2_mass_damping_mismatch_env42000,mass_damping_mismatch,0.2109591233692628,7.179573949877122,0.28188600003427733,sspo,,0.060934697993130636,2,0.12857142857142856,0.0,1.0,0.0
0.15047619047619049,0.0016666666666666668,37.66421998251485,0.8487206514104151,seen,42000,265e05d41a0e4ea0c76712eeb2e67fa7920eed14ad20f9e438ae48ffc9b54601,scn2_mass_damping_mismatch_env42000,mass_damping_mismatch,0.21067492574032415,6.908831388964507,0.2831645953229669,v3_transformer,31000.0,0.06175475496827595,2,0.06619047619047619,0.0,1.0,0.0
0.14952380952380953,0.0016666666666666668,37.61918739288887,0.8565470106370974,seen,42000,265e05d41a0e4ea0c76712eeb2e67fa7920eed14ad20f9e438ae48ffc9b54601,scn2_mass_damping_mismatch_env42000,mass_damping_mismatch,0.2106947222582972,7.032194101997526,0.2807191724586646,v3_transformer,31001.0,0.06024325711226758,2,0.09904761904761905,0.0,1.0,0.0
0.15,0.0016666666666666668,37.6372809549781,0.864140014520216,seen,42000,265e05d41a0e4ea0c76712eeb2e67fa7920eed14ad20f9e438ae48ffc9b54601,scn2_mass_damping_mismatch_env42000,mass_damping_mismatch,0.21144050638213094,6.910331011996107,0.2808198722295215,v3_transformer,31002.0,0.06063329065334015,2,0.13952380952380952,0.0,1.0,0.0
0.15095238095238095,0.0016666666666666668,37.6330849268141,0.8673296275309009,seen,42000,265e05d41a0e4ea0c76712eeb2e67fa7920eed14ad20f9e438ae48ffc9b54601,scn2_mass_damping_mismatch_env42000,mass_damping_mismatch,0.21099253539074236,6.96945367389157,0.2815091578922482,v3_transformer,31003.0,0.06120192865990427,2,0.07714285714285714,0.0,1.0,0.0
0.15,0.0016666666666666668,37.63016959297178,0.8680238408901912,seen,42000,265e05d41a0e4ea0c76712eeb2e67fa7920eed14ad20f9e438ae48ffc9b54601,scn2_mass_damping_mismatch_env42000,mass_damping_mismatch,0.2114014580003199,6.9822605713405945,0.2809922478546456,v3_transformer,31004.0,0.06058928443469775,2,0.14333333333333334,0.0,1.0,0.0
0.15,0.0016666666666666668,37.66511566729586,0.8479845496729346,seen,42000,265e05d41a0e4ea0c76712eeb2e67fa7920eed14ad20f9e438ae48ffc9b54601,scn2_mass_damping_mismatch_env42000,mass_damping_mismatch,0.21067313190878342,6.895146970099502,0.2831645953229669,wm_hybrid,31000.0,0.06182541134355479,2,0.08095238095238096,0.0,1.0,0.049523809523809526
0.15047619047619049,0.0016666666666666668,37.611781370567755,0.8551158123575275,seen,42000,265e05d41a0e4ea0c76712eeb2e67fa7920eed14ad20f9e438ae48ffc9b54601,scn2_mass_damping_mismatch_env42000,mass_damping_mismatch,0.21196358950005714,7.03026821275741,0.28095754230650116,wm_hybrid,31001.0,0.06024347485740571,2,0.1419047619047619,0.0,1.0,0.049523809523809526
0.15,0.0016666666666666668,37.64060499474812,0.8625254578095376,seen,42000,265e05d41a0e4ea0c76712eeb2e67fa7920eed14ad20f9e438ae48ffc9b54601,scn2_mass_damping_mismatch_env42000,mass_damping_mismatch,0.21133940965436557,6.896015967975815,0.2812237001235338,wm_hybrid,31002.0,0.06088536427978596,2,0.14523809523809525,0.0,1.0,0.049523809523809526
0.15047619047619049,0.0016666666666666668,37.63867362276194,0.8648863780162414,seen,42000,265e05d41a0e4ea0c76712eeb2e67fa7920eed14ad20f9e438ae48ffc9b54601,scn2_mass_damping_mismatch_env42000,mass_damping_mismatch,0.21072379676885367,6.945245018644995,0.2818086548086908,wm_hybrid,31003.0,0.061411905895005864,2,0.07428571428571429,0.0,1.0,0.049523809523809526
0.14904761904761904,0.0016666666666666668,37.63280401911305,0.8652792973695638,seen,42000,265e05d41a0e4ea0c76712eeb2e67fa7920eed14ad20f9e438ae48ffc9b54601,scn2_mass_damping_mismatch_env42000,mass_damping_mismatch,0.2111655892897902,6.965300145496991,0.28126570158389946,wm_hybrid,31004.0,0.060772417689325925,2,0.07238095238095238,0.0,1.0,0.049523809523809526
0.13523809523809524,0.0016666666666666668,37.433820869617286,0.5719062614921088,seen,42000,265e05d41a0e4ea0c76712eeb2e67fa7920eed14ad20f9e438ae48ffc9b54601,scn2_mass_damping_mismatch_env42000,mass_damping_mismatch,0.20792145125021672,7.391975716970623,0.2797113836269157,residual_rl,31000.0,0.0649377263427394,2,0.09952380952380953,0.0,1.0,0.0
0.13904761904761906,0.0016666666666666668,37.45417694655804,0.5649422962744008,seen,42000,265e05d41a0e4ea0c76712eeb2e67fa7920eed14ad20f9e438ae48ffc9b54601,scn2_mass_damping_mismatch_env42000,mass_damping_mismatch,0.209487252978709,7.387341101166944,0.2797113836269157,residual_rl,31001.0,0.06443580353424762,2,0.0761904761904762,0.0,1.0,0.0
0.13666666666666666,0.0016666666666666668,37.4082522686257,0.5197826630663664,seen,42000,265e05d41a0e4ea0c76712eeb2e67fa7920eed14ad20f9e438ae48ffc9b54601,scn2_mass_damping_mismatch_env42000,mass_damping_mismatch,0.2084310043672066,7.430152973705025,0.2797113836269157,residual_rl,31002.0,0.06687470939874587,2,0.05952380952380952,0.0,1.0,0.0
0.13857142857142857,0.0016666666666666668,37.44663810289831,0.5588264556019578,seen,42000,265e05d41a0e4ea0c76712eeb2e67fa7920eed14ad20f9e438ae48ffc9b54601,scn2_mass_damping_mismatch_env42000,mass_damping_mismatch,0.21157839248023777,7.38740796017587,0.2797113836269157,residual_rl,31003.0,0.06467375665851051,2,0.07952380952380952,0.0,1.0,0.0
0.1361904761904762,0.0016666666666666668,37.40753320792967,0.5092393422736149,seen,42000,265e05d41a0e4ea0c76712eeb2e67fa7920eed14ad20f9e438ae48ffc9b54601,scn2_mass_damping_mismatch_env42000,mass_damping_mismatch,0.20825447273655598,7.400818261984977,0.2797113836269157,residual_rl,31004.0,0.06587523977621558,2,0.04285714285714286,0.0,1.0,0.0
0.13714285714285715,0.0016666666666666668,37.46167059121306,0.5765741697271778,seen,42000,265e05d41a0e4ea0c76712eeb2e67fa7920eed14ad20f9e438ae48ffc9b54601,scn2_mass_damping_mismatch_env42000,mass_damping_mismatch,0.21054129161389323,7.4245646518198045,0.2797113836269157,wm_residual_rl,31000.0,0.06583192894866034,2,0.09523809523809523,0.0,1.0,0.0
0.13666666666666666,0.0016666666666666668,37.45463568094813,0.5500122307098204,seen,42000,265e05d41a0e4ea0c76712eeb2e67fa7920eed14ad20f9e438ae48ffc9b54601,scn2_mass_damping_mismatch_env42000,mass_damping_mismatch,0.2078535001450247,7.431339719448335,0.2797113836269157,wm_residual_rl,31001.0,0.06680260688004418,2,0.060476190476190475,0.0,1.0,0.0
0.13714285714285715,0.0016666666666666668,37.400362632453124,0.4823061193936774,seen,42000,265e05d41a0e4ea0c76712eeb2e67fa7920eed14ad20f9e438ae48ffc9b54601,scn2_mass_damping_mismatch_env42000,mass_damping_mismatch,0.20893782069350067,7.40795056297153,0.2797113836269157,wm_residual_rl,31002.0,0.0655372768635542,2,0.12761904761904763,0.0,1.0,0.0
0.14142857142857143,0.0016666666666666668,37.415473627797226,0.5249249401644859,seen,42000,265e05d41a0e4ea0c76712eeb2e67fa7920eed14ad20f9e438ae48ffc9b54601,scn2_mass_damping_mismatch_env42000,mass_damping_mismatch,0.2085084089532922,7.3933460958050095,0.2797113836269157,wm_residual_rl,31003.0,0.06492735341356275,2,0.07285714285714286,0.0,1.0,0.0
0.13523809523809524,0.0016666666666666668,37.43403622119491,0.5380637806102625,seen,42000,265e05d41a0e4ea0c76712eeb2e67fa7920eed14ad20f9e438ae48ffc9b54601,scn2_mass_damping_mismatch_env42000,mass_damping_mismatch,0.20782038561168928,7.395595752911792,0.2797113836269157,wm_residual_rl,31004.0,0.06512213448317737,2,0.07904761904761905,0.0,1.0,0.0
0.2714285714285714,0.001349206349206349,39.0361835208849,0.0,seen,42001,b9f0a2d519e2ad4346589b1560f60776fc9646c7da97534f90539caa32ba4235,scn2_mass_damping_mismatch_env42001,mass_damping_mismatch,0.4336597022636516,7.216108241147651,0.4336597022636516,smc,,0.15277568244763268,2,0.022857142857142857,0.0,1.0,0.0
0.35095238095238096,0.00015873015873015873,40.908327596761495,1.0,seen,42001,b9f0a2d519e2ad4346589b1560f60776fc9646c7da97534f90539caa32ba4235,scn2_mass_damping_mismatch_env42001,mass_damping_mismatch,0.2964004569880847,7.116815517926974,0.2964004569880847,mpc,,0.07596033085663866,2,0.015238095238095238,0.0,1.0,0.0
0.2795238095238095,0.001349206349206349,40.46618566253582,0.5932797619047617,seen,42001,b9f0a2d519e2ad4346589b1560f60776fc9646c7da97534f90539caa32ba4235,scn2_mass_damping_mismatch_env42001,mass_damping_mismatch,0.2984751430390439,7.604062273811531,0.2984751430390439,constant_alpha,,0.07827263288577942,2,0.013333333333333334,0.0,1.0,0.0
0.34,0.001349206349206349,40.68430166205873,0.8588577187909288,seen,42001,b9f0a2d519e2ad4346589b1560f60776fc9646c7da97534f90539caa32ba4235,scn2_mass_damping_mismatch_env42001,mass_damping_mismatch,0.29640649229888544,7.33193774069827,0.29640649229888544,sspo,,0.07047494735554183,2,0.023333333333333334,0.0,1.0,0.0
0.34523809523809523,0.001349206349206349,40.599459061949645,0.7936094555182297,seen,42001,b9f0a2d519e2ad4346589b1560f60776fc9646c7da97534f90539caa32ba4235,scn2_mass_damping_mismatch_env42001,mass_damping_mismatch,0.2971549179152696,7.0281669134123295,0.2971549179152696,v3_transformer,31000.0,0.07260372200070604,2,0.016666666666666666,0.0,1.0,0.0
0.34523809523809523,0.001349206349206349,40.55653290659255,0.7937487971138302,seen,42001,b9f0a2d519e2ad4346589b1560f60776fc9646c7da97534f90539caa32ba4235,scn2_mass_damping_mismatch_env42001,mass_damping_mismatch,0.29726711816490087,7.127814263529803,0.29726711816490087,v3_transformer,31001.0,0.07229990463425695,2,0.016666666666666666,0.0,1.0,0.0
0.3438095238095238,0.001349206349206349,40.61810267832628,0.7971859105382683,seen,42001,b9f0a2d519e2ad4346589b1560f60776fc9646c7da97534f90539caa32ba4235,scn2_mass_damping_mismatch_env42001,mass_damping_mismatch,0.297319472130546,7.0496709946583,0.297319472130546,v3_transformer,31002.0,0.07154406384790776,2,0.02095238095238095,0.0,1.0,0.0
0.3438095238095238,0.001349206349206349,40.59966804716403,0.8229355958444011,seen,42001,b9f0a2d519e2ad4346589b1560f60776fc9646c7da97534f90539caa32ba4235,scn2_mass_damping_mismatch_env42001,mass_damping_mismatch,0.29693004232913095,7.0807744048542185,0.29693004232913095,v3_transformer,31003.0,0.07186294508761286,2,0.024285714285714285,0.0,1.0,0.0
0.34476190476190477,0.001349206349206349,40.57156953263458,0.8092436355339948,seen,42001,b9f0a2d519e2ad4346589b1560f60776fc9646c7da97534f90539caa32ba4235,scn2_mass_damping_mismatch_env42001,mass_damping_mismatch,0.296969325891614,7.0714103709144815,0.296969325891614,v3_transformer,31004.0,0.0726489353845497,2,0.019523809523809523,0.0,1.0,0.0
0.34476190476190477,0.001349206349206349,40.60455795150263,0.7926039458920482,seen,42001,b9f0a2d519e2ad4346589b1560f60776fc9646c7da97534f90539caa32ba4235,scn2_mass_damping_mismatch_env42001,mass_damping_mismatch,0.2971521037614955,7.011951202179129,0.2971521037614955,wm_hybrid,31000.0,0.07277102488968869,2,0.011428571428571429,0.0,1.0,0.049523809523809526
0.34523809523809523,0.001349206349206349,40.56068732509001,0.7920422888793697,seen,42001,b9f0a2d519e2ad4346589b1560f60776fc9646c7da97534f90539caa32ba4235,scn2_mass_damping_mismatch_env42001,mass_damping_mismatch,0.29726802212659925,7.11321917120027,0.29726802212659925,wm_hybrid,31001.0,0.07241289265235053,2,0.016666666666666666,0.0,1.0,0.049523809523809526
0.3438095238095238,0.001349206349206349,40.62104204965266,0.7963052422294427,seen,42001,b9f0a2d519e2ad4346589b1560f60776fc9646c7da97534f90539caa32ba4235,scn2_mass_damping_mismatch_env42001,mass_damping_mismatch,0.2973231881271027,7.0369832303518365,0.2973231881271027,wm_hybrid,31002.0,0.07172180152973368,2,0.02142857142857143,0.0,1.0,0.049523809523809526
0.3433333333333333,0.001349206349206349,40.60300469941003,0.8209372477115184,seen,42001,b9f0a2d519e2ad4346589b1560f60776fc9646c7da97534f90539caa32ba4235,scn2_mass_damping_mismatch_env42001,mass_damping_mismatch,0.29693061710910545,7.0704979634922145,0.29693061710910545,wm_hybrid,31003.0,0.07194300617800543,2,0.024285714285714285,0.0,1.0,0.049523809523809526
0.34476190476190477,0.001349206349206349,40.5751537727312,0.807302207900671,seen,42001,b9f0a2d519e2ad4346589b1560f60776fc9646c7da97534f90539caa32ba4235,scn2_mass_damping_mismatch_env42001,mass_damping_mismatch,0.2969689678139753,7.059708888870467,0.2969689678139753,wm_hybrid,31004.0,0.07273734722126414,2,0.011904761904761904,0.0,1.0,0.049523809523809526
0.2819047619047619,0.001349206349206349,40.42797082667907,0.5767568983255157,seen,42001,b9f0a2d519e2ad4346589b1560f60776fc9646c7da97534f90539caa32ba4235,scn2_mass_damping_mismatch_env42001,mass_damping_mismatch,0.2986387772379326,7.6015000771115915,0.2986387772379326,residual_rl,31000.0,0.07809163704044077,2,0.019523809523809523,0.0,1.0,0.0
0.2776190476190476,0.001349206349206349,40.3833831550107,0.5731129620719045,seen,42001,b9f0a2d519e2ad4346589b1560f60776fc9646c7da97534f90539caa32ba4235,scn2_mass_damping_mismatch_env42001,mass_damping_mismatch,0.3011472744687475,7.588301287454508,0.3011472744687475,residual_rl,31001.0,0.07795668710275809,2,0.02238095238095238,0.0,1.0,0.0
0.2757142857142857,0.001349206349206349,40.34652992471398,0.5216634082623312,seen,42001,b9f0a2d519e2ad4346589b1560f60776fc9646c7da97534f90539caa32ba4235,scn2_mass_damping_mismatch_env42001,mass_damping_mismatch,0.3000047380999742,7.626795204326779,0.3000047380999742,residual_rl,31002.0,0.07979052472079656,2,0.010476190476190476,0.0,1.0,0.0
0.2757142857142857,0.001349206349206349,40.3956501996304,0.5595880192512815,seen,42001,b9f0a2d519e2ad4346589b1560f60776fc9646c7da97534f90539caa32ba4235,scn2_mass_damping_mismatch_env42001,mass_damping_mismatch,0.2996909228168713,7.582359393742316,0.2996909228168713,residual_rl,31003.0,0.0778774139147265,2,0.014285714285714285,0.0,1.0,0.0
0.27666666666666667,0.001349206349206349,40.34167481762315,0.5042404376312676,seen,42001,b9f0a2d519e2ad4346589b1560f60776fc9646c7da97534f90539caa32ba4235,scn2_mass_damping_mismatch_env42001,mass_damping_mismatch,0.3003896655908621,7.597154394720287,0.3003896655908621,residual_rl,31004.0,0.07910624926822321,2,0.011904761904761904,0.0,1.0,0.0
0.2761904761904762,0.001349206349206349,40.42437127145224,0.5838196659963811,seen,42001,b9f0a2d519e2ad4346589b1560f60776fc9646c7da97534f90539caa32ba4235,scn2_mass_damping_mismatch_env42001,mass_damping_mismatch,0.298908387873927,7.616154193479661,0.298908387873927,wm_residual_rl,31000.0,0.0784637641288927,2,0.017619047619047618,0.0,1.0,0.0
0.2814285714285714,0.001349206349206349,40.42188631857977,0.5696182546784466,seen,42001,b9f0a2d519e2ad4346589b1560f60776fc9646c7da97534f90539caa32ba4235,scn2_mass_damping_mismatch_env42001,mass_damping_mismatch,0.2994879447702539,7.630319459571395,0.2994879447702539,wm_residual_rl,31001.0,0.07971823616346779,2,0.02095238095238095,0.0,1.0,0.0
0.2752380952380952,0.001349206349206349,40.30623466478491,0.48173235921204854,seen,42001,b9f0a2d519e2ad4346589b1560f60776fc9646c7da97534f90539caa32ba4235,scn2_mass_damping_mismatch_env42001,mass_damping_mismatch,0.29970295852384865,7.611570851373155,0.29970295852384865,wm_residual_rl,31002.0,0.07918513175695449,2,0.02,0.0,1.0,0.0
0.28,0.001349206349206349,40.40038195943444,0.5460147847149991,seen,42001,b9f0a2d519e2ad4346589b1560f60776fc9646c7da97534f90539caa32ba4235,scn2_mass_damping_mismatch_env42001,mass_damping_mismatch,0.29918693538598323,7.592527468136358,0.29918693538598323,wm_residual_rl,31003.0,0.07811680693548391,2,0.029047619047619048,0.0,1.0,0.0
0.27666666666666667,0.001349206349206349,40.38528334018708,0.5377507197634758,seen,42001,b9f0a2d519e2ad4346589b1560f60776fc9646c7da97534f90539caa32ba4235,scn2_mass_damping_mismatch_env42001,mass_damping_mismatch,0.2999554547719418,7.590527361565597,0.2999554547719418,wm_residual_rl,31004.0,0.07829016421093356,2,0.014285714285714285,0.0,1.0,0.0
0.16238095238095238,0.0014285714285714286,37.53234375531605,0.0,seen,42003,a9bf5a557423edc6137864c279105a39e2885604bf570ce01901a34b16cbdfc4,scn2_mass_damping_mismatch_env42003,mass_damping_mismatch,0.2598201314565571,7.187300476383849,0.38338325848371313,smc,,0.15192849265834085,2,0.023809523809523808,0.0,1.0,0.0
0.21666666666666667,0.00039682539682539677,38.83572954291105,1.0,seen,42003,a9bf5a557423edc6137864c279105a39e2885604bf570ce01901a34b16cbdfc4,scn2_mass_damping_mismatch_env42003,mass_damping_mismatch,0.2374882083849616,7.06468190912866,0.2374882083849616,mpc,,0.06314798216594665,2,0.02761904761904762,0.0,1.0,0.0
0.1738095238095238,0.0014285714285714286,38.50470085638391,0.5932797619047617,seen,42003,a9bf5a557423edc6137864c279105a39e2885604bf570ce01901a34b16cbdfc4,scn2_mass_damping_mismatch_env42003,mass_damping_mismatch,0.2360775001103781,7.472979951855634,0.2360775001103781,constant_alpha,,0.061881288779658185,2,0.018571428571428572,0.0,1.0,0.0
0.21047619047619048,0.0014285714285714286,38.64112990815828,0.9018574376169025,seen,42003,a9bf5a557423edc6137864c279105a39e2885604bf570ce01901a34b16cbdfc4,scn2_mass_damping_mismatch_env42003,mass_damping_mismatch,0.23666614795554541,7.240540577796382,0.23666614795554541,sspo,,0.05593746469413381,2,0.01904761904761905,0.0,1.0,0.0
0.20857142857142857,0.0014285714285714286,38.66905276240316,0.8552016963158615,seen,42003,a9bf5a557423edc6137864c279105a39e2885604bf570ce01901a34b16cbdfc4,scn2_mass_damping_mismatch_env42003,mass_damping_mismatch,0.23722426199533503,7.001072853691153,0.23788614710242476,v3_transformer,31000.0,0.05638628293112974,2,0.023333333333333334,0.0,1.0,0.0
0.20904761904761904,0.0014285714285714286,38.64965666244137,0.8627532770876662,seen,42003,a9bf5a557423edc6137864c279105a39e2885604bf570ce01901a34b16cbdfc4,scn2_mass_damping_mismatch_env42003,mass_damping_mismatch,0.23699271872016897,7.089578586730298,0.23699271872016897,v3_transformer,31001.0,0.05523765291722542,2,0.02761904761904762,0.0,1.0,0.0
0.20952380952380953,0.0014285714285714286,38.65933521154307,0.8586898172444918,seen,42003,a9bf5a557423edc6137864c279105a39e2885604bf570ce01901a34b16cbdfc4,scn2_mass_damping_mismatch_env42003,mass_damping_mismatch,0.23681238140305336,7.030686188050876,0.23681238140305336,v3_transformer,31002.0,0.05566447557108593,2,0.019523809523809523,0.0,1.0,0.0
0.2057142857142857,0.0014285714285714286,38.64625815273874,0.8819339298666756,seen,42003,a9bf5a557423edc6137864c279105a39e2885604bf570ce01901a34b16cbdfc4,scn2_mass_damping_mismatch_env42003,mass_damping_mismatch,0.2377025001931374,7.0755516766155875,0.2377025001931374,v3_transformer,31003.0,0.055986506803485714,2,0.020476190476190478,0.0,1.0,0.0
0.20952380952380953,0.0014285714285714286,38.663024927631405,0.8701368291014853,seen,42003,a9bf5a557423edc6137864c279105a39e2885604bf570ce01901a34b16cbdfc4,scn2_mass_damping_mismatch_env42003,mass_damping_mismatch,0.23699452002097385,6.996116759199699,0.23699452002097385,v3_transformer,31004.0,0.056090247144150694,2,0.013333333333333334,0.0,1.0,0.0
0.20857142857142857,0.0014285714285714286,38.67031216943289,0.8544708396976644,seen,42003,a9bf5a557423edc6137864c279105a39e2885604bf570ce01901a34b16cbdfc4,scn2_mass_damping_mismatch_env42003,mass_damping_mismatch,0.237218897651512,6.99314127680109,0.23788753111675096,wm_hybrid,31000.0,0.05643982989044819,2,0.024285714285714285,0.0,1.0,0.049523809523809526
0.20904761904761904,0.0014285714285714286,38.650177399140105,0.8604839966741112,seen,42003,a9bf5a557423edc6137864c279105a39e2885604bf570ce01901a34b16cbdfc4,scn2_mass_damping_mismatch_env42003,mass_damping_mismatch,0.23702359354655533,7.08673648793832,0.23702359354655533,wm_hybrid,31001.0,0.05525685790651994,2,0.02238095238095238,0.0,1.0,0.049523809523809526
0.20952380952380953,0.0014285714285714286,38.66061855518985,0.8569626113221531,seen,42003,a9bf5a557423edc6137864c279105a39e2885604bf570ce01901a34b16cbdfc4,scn2_mass_damping_mismatch_env42003,mass_damping_mismatch,0.23680721483259182,7.024563920032304,0.23680721483259182,wm_hybrid,31002.0,0.055700341229186524,2,0.011428571428571429,0.0,1.0,0.049523809523809526
0.2057142857142857,0.0014285714285714286,38.64709760243845,0.8798858309300365,seen,42003,a9bf5a557423edc6137864c279105a39e2885604bf570ce01901a34b16cbdfc4,scn2_mass_damping_mismatch_env42003,mass_damping_mismatch,0.23769691444088298,7.071089664697731,0.23769691444088298,wm_hybrid,31003.0,0.05600731459682865,2,0.016666666666666666,0.0,1.0,0.049523809523809526
0.21,0.0014285714285714286,38.66451396871086,0.8671140309617775,seen,42003,a9bf5a557423edc6137864c279105a39e2885604bf570ce01901a34b16cbdfc4,scn2_mass_damping_mismatch_env42003,mass_damping_mismatch,0.23698738602064784,6.9868779627191975,0.23698738602064784,wm_hybrid,31004.0,0.05616063519830811,2,0.01,0.0,1.0,0.049523809523809526
0.1761904761904762,0.0014285714285714286,38.46819061048137,0.5818434791164449,seen,42003,a9bf5a557423edc6137864c279105a39e2885604bf570ce01901a34b16cbdfc4,scn2_mass_damping_mismatch_env42003,mass_damping_mismatch,0.23613505481369942,7.456470295355251,0.23613505481369942,residual_rl,31000.0,0.06142120448477266,2,0.007142857142857143,0.0,1.0,0.0
0.1761904761904762,0.0014285714285714286,38.438975152952054,0.5644885723705317,seen,42003,a9bf5a557423edc6137864c279105a39e2885604bf570ce01901a34b16cbdfc4,scn2_mass_damping_mismatch_env42003,mass_damping_mismatch,0.23729401763222976,7.453490585711119,0.23729401763222976,residual_rl,31001.0,0.061497144971423445,2,0.01380952380952381,0.0,1.0,0.0
0.1761904761904762,0.0014285714285714286,38.41272200018478,0.5219606536085966,seen,42003,a9bf5a557423edc6137864c279105a39e2885604bf570ce01901a34b16cbdfc4,scn2_mass_damping_mismatch_env42003,mass_damping_mismatch,0.23677348573880866,7.500629872031038,0.23677348573880866,residual_rl,31002.0,0.06375628379181866,2,0.021904761904761906,0.0,1.0,0.0
0.1761904761904762,0.0014285714285714286,38.44355353666163,0.5583784278403545,seen,42003,a9bf5a557423edc6137864c279105a39e2885604bf570ce01901a34b16cbdfc4,scn2_mass_damping_mismatch_env42003,mass_damping_mismatch,0.23782787393323557,7.452993989206184,0.23782787393323557,residual_rl,31003.0,0.0615854089920691,2,0.01904761904761905,0.0,1.0,0.0
0.1761904761904762,0.0014285714285714286,38.40984054369284,0.5092073092906972,seen,42003,a9bf5a557423edc6137864c279105a39e2885604bf570ce01901a34b16cbdfc4,scn2_mass_damping_mismatch_env42003,mass_damping_mismatch,0.23685325148556005,7.4656297332282495,0.23685325148556005,residual_rl,31004.0,0.06264738280415193,2,0.02238095238095238,0.0,1.0,0.0
0.1757142857142857,0.0014285714285714286,38.46796829387517,0.5758345054278082,seen,42003,a9bf5a557423edc6137864c279105a39e2885604bf570ce01901a34b16cbdfc4,scn2_mass_damping_mismatch_env42003,mass_damping_mismatch,0.23748246616090843,7.486301215158632,0.23748246616090843,wm_residual_rl,31000.0,0.06223511327485784,2,0.030952380952380953,0.0,1.0,0.0
0.1757142857142857,0.0014285714285714286,38.46858476577978,0.5655423813141051,seen,42003,a9bf5a557423edc6137864c279105a39e2885604bf570ce01901a34b16cbdfc4,scn2_mass_damping_mismatch_env42003,mass_damping_mismatch,0.23617337465041205,7.498758205204844,0.23617337465041205,wm_residual_rl,31001.0,0.06346749477948407,2,0.012857142857142857,0.0,1.0,0.0
0.1757142857142857,0.0014285714285714286,38.378517898813236,0.48331001001469986,seen,42003,a9bf5a557423edc6137864c279105a39e2885604bf570ce01901a34b16cbdfc4,scn2_mass_damping_mismatch_env42003,mass_damping_mismatch,0.23645198954700342,7.480771313887939,0.23645198954700342,wm_residual_rl,31002.0,0.0628873726352301,2,0.01,0.0,1.0,0.0
0.17857142857142858,0.0014285714285714286,38.41743194870542,0.5335884491227098,seen,42003,a9bf5a557423edc6137864c279105a39e2885604bf570ce01901a34b16cbdfc4,scn2_mass_damping_mismatch_env42003,mass_damping_mismatch,0.2359354005191863,7.460903024338351,0.2359354005191863,wm_residual_rl,31003.0,0.061974904940113325,2,0.02238095238095238,0.0,1.0,0.0
0.1761904761904762,0.0014285714285714286,38.44426684385647,0.5382019811262584,seen,42003,a9bf5a557423edc6137864c279105a39e2885604bf570ce01901a34b16cbdfc4,scn2_mass_damping_mismatch_env42003,mass_damping_mismatch,0.23654522279703882,7.458892957928813,0.23654522279703882,wm_residual_rl,31004.0,0.06173307704431747,2,0.022857142857142857,0.0,1.0,0.0
0.13952380952380952,0.0010317460317460316,36.6445720770485,0.0,seen,42002,962c8919c9e8ec36ca756d27256ba89814ad2ed9995d82c682e8ca11c9f0210b,scn2_mass_damping_mismatch_env42002,mass_damping_mismatch,0.18115101547805929,7.243022020403598,0.3773819674165773,smc,,0.150807910081915,2,0.07523809523809524,0.0,1.0,0.0
0.17,0.00015873015873015873,37.81512457909246,1.0,seen,42002,962c8919c9e8ec36ca756d27256ba89814ad2ed9995d82c682e8ca11c9f0210b,scn2_mass_damping_mismatch_env42002,mass_damping_mismatch,0.21001852286176767,6.994704437884424,0.22553499759897136,mpc,,0.05876930041517616,2,0.05095238095238095,0.0,1.0,0.0
0.14666666666666667,0.0010317460317460316,37.48381752932597,0.5932797619047617,seen,42002,962c8919c9e8ec36ca756d27256ba89814ad2ed9995d82c682e8ca11c9f0210b,scn2_mass_damping_mismatch_env42002,mass_damping_mismatch,0.20822107997854286,7.401286126319344,0.20822107997854286,constant_alpha,,0.055876153974741403,2,0.10761904761904761,0.0,1.0,0.0
0.16285714285714287,0.0010317460317460316,37.6282439366032,0.9066190652678624,seen,42002,962c8919c9e8ec36ca756d27256ba89814ad2ed9995d82c682e8ca11c9f0210b,scn2_mass_damping_mismatch_env42002,mass_damping_mismatch,0.2100183016632083,7.180362539497813,0.210170146195091,sspo,,0.04892093683025755,2,0.04,0.0,1.0,0.0
0.16476190476190475,0.0010317460317460316,37.65817676593776,0.8573663773082874,seen,42002,962c8919c9e8ec36ca756d27256ba89814ad2ed9995d82c682e8ca11c9f0210b,scn2_mass_damping_mismatch_env42002,mass_damping_mismatch,0.21025642368122385,6.9738739070348865,0.21241108711152087,v3_transformer,31000.0,0.04951057072529685,2,0.09761904761904762,0.0,1.0,0.0
0.1657142857142857,0.0010317460317460316,37.6345252711819,0.8594539115445659,seen,42002,962c8919c9e8ec36ca756d27256ba89814ad2ed9995d82c682e8ca11c9f0210b,scn2_mass_damping_mismatch_env42002,mass_damping_mismatch,0.20986943536228028,7.115546198241511,0.20986943536228028,v3_transformer,31001.0,0.047923204776115405,2,0.0680952380952381,0.0,1.0,0.0
0.16523809523809524,0.0010317460317460316,37.65568819831764,0.8691718713697884,seen,42002,962c8919c9e8ec36ca756d27256ba89814ad2ed9995d82c682e8ca11c9f0210b,scn2_mass_damping_mismatch_env42002,mass_damping_mismatch,0.20979011284382507,6.921685030540675,0.21320477984180908,v3_transformer,31002.0,0.049812118640000805,2,0.09333333333333334,0.0,1.0,0.0
0.1661904761904762,0.0010317460317460316,37.64029133446138,0.8749074979096075,seen,42002,962c8919c9e8ec36ca756d27256ba89814ad2ed9995d82c682e8ca11c9f0210b,scn2_mass_damping_mismatch_env42002,mass_damping_mismatch,0.20997199449533765,7.0214584942828395,0.21015272598602155,v3_transformer,31003.0,0.048854465153200785,2,0.04857142857142857,0.0,1.0,0.0
0.16523809523809524,0.0010317460317460316,37.645911853809146,0.868895509662462,seen,42002,962c8919c9e8ec36ca756d27256ba89814ad2ed9995d82c682e8ca11c9f0210b,scn2_mass_damping_mismatch_env42002,mass_damping_mismatch,0.20993873066411872,7.008329344997946,0.21226304329562026,v3_transformer,31004.0,0.048875234862749736,2,0.07,0.0,1.0,0.0
0.16476190476190475,0.0010317460317460316,37.65937053095348,0.8565622894184357,seen,42002,962c8919c9e8ec36ca756d27256ba89814ad2ed9995d82c682e8ca11c9f0210b,scn2_mass_damping_mismatch_env42002,mass_damping_mismatch,0.21024464942528837,6.961025885174071,0.21299219165324546,wm_hybrid,31000.0,0.04971522052304044,2,0.03,0.0,1.0,0.049523809523809526
0.1657142857142857,0.0010317460317460316,37.63536239714898,0.8574079395011045,seen,42002,962c8919c9e8ec36ca756d27256ba89814ad2ed9995d82c682e8ca11c9f0210b,scn2_mass_damping_mismatch_env42002,mass_damping_mismatch,0.21006064415955178,7.096770755472784,0.21006064415955178,wm_hybrid,31001.0,0.0479835023202276,2,0.039523809523809524,0.0,1.0,0.049523809523809526
0.16523809523809524,0.0010317460317460316,37.65912749128099,0.8686970115287057,seen,42002,962c8919c9e8ec36ca756d27256ba89814ad2ed9995d82c682e8ca11c9f0210b,scn2_mass_damping_mismatch_env42002,mass_damping_mismatch,0.21000692030461418,6.909711291348989,0.213500840809196,wm_hybrid,31002.0,0.049906257644280194,2,0.02095238095238095,0.0,1.0,0.049523809523809526
0.1661904761904762,0.0010317460317460316,37.640313161862835,0.8736441632801335,seen,42002,962c8919c9e8ec36ca756d27256ba89814ad2ed9995d82c682e8ca11c9f0210b,scn2_mass_damping_mismatch_env42002,mass_damping_mismatch,0.21009366976384392,7.014695150419847,0.21080442647340664,wm_hybrid,31003.0,0.049067506303946774,2,0.05952380952380952,0.0,1.0,0.049523809523809526
0.16523809523809524,0.0010317460317460316,37.64614801791525,0.8671352260665732,seen,42002,962c8919c9e8ec36ca756d27256ba89814ad2ed9995d82c682e8ca11c9f0210b,scn2_mass_damping_mismatch_env42002,mass_damping_mismatch,0.20996873549561987,7.000930424355276,0.21280479024035537,wm_hybrid,31004.0,0.04903995290549067,2,0.08619047619047619,0.0,1.0,0.049523809523809526
0.14809523809523809,0.0010317460317460316,37.45018734332214,0.583626700874334,seen,42002,962c8919c9e8ec36ca756d27256ba89814ad2ed9995d82c682e8ca11c9f0210b,scn2_mass_damping_mismatch_env42002,mass_damping_mismatch,0.20821605002604116,7.375689420401615,0.20821605002604116,residual_rl,31000.0,0.054878270542057205,2,0.07952380952380952,0.0,1.0,0.0
0.14809523809523809,0.0010317460317460316,37.39926886180837,0.5649252006534952,seen,42002,962c8919c9e8ec36ca756d27256ba89814ad2ed9995d82c682e8ca11c9f0210b,scn2_mass_damping_mismatch_env42002,mass_damping_mismatch,0.20815865508318962,7.379997312114591,0.20815865508318962,residual_rl,31001.0,0.0552190476975496,2,0.04476190476190476,0.0,1.0,0.0
0.14761904761904762,0.0010317460317460316,37.377468707227436,0.5208961522252101,seen,42002,962c8919c9e8ec36ca756d27256ba89814ad2ed9995d82c682e8ca11c9f0210b,scn2_mass_damping_mismatch_env42002,mass_damping_mismatch,0.20788797448706214,7.432424496476331,0.20788797448706214,residual_rl,31002.0,0.058176132149899876,2,0.05285714285714286,0.0,1.0,0.0
0.14809523809523809,0.0010317460317460316,37.395900391206084,0.5547988508708166,seen,42002,962c8919c9e8ec36ca756d27256ba89814ad2ed9995d82c682e8ca11c9f0210b,scn2_mass_damping_mismatch_env42002,mass_damping_mismatch,0.20980753194589816,7.380394906203506,0.20980753194589816,residual_rl,31003.0,0.05545856432760681,2,0.04857142857142857,0.0,1.0,0.0
0.1461904761904762,0.0010317460317460316,37.38929489675522,0.5091891279020623,seen,42002,962c8919c9e8ec36ca756d27256ba89814ad2ed9995d82c682e8ca11c9f0210b,scn2_mass_damping_mismatch_env42002,mass_damping_mismatch,0.20805321899632123,7.393435030738624,0.20805321899632123,residual_rl,31004.0,0.056601775344969345,2,0.08428571428571428,0.0,1.0,0.0
0.14714285714285713,0.0010317460317460316,37.44371527126474,0.57193174358178,seen,42002,962c8919c9e8ec36ca756d27256ba89814ad2ed9995d82c682e8ca11c9f0210b,scn2_mass_damping_mismatch_env42002,mass_damping_mismatch,0.2098835826326176,7.411849534630333,0.2098835826326176,wm_residual_rl,31000.0,0.056098482047031384,2,0.1,0.0,1.0,0.0
0.14809523809523809,0.0010317460317460316,37.45286186468384,0.5738744834074534,seen,42002,962c8919c9e8ec36ca756d27256ba89814ad2ed9995d82c682e8ca11c9f0210b,scn2_mass_damping_mismatch_env42002,mass_damping_mismatch,0.20739301612298058,7.425639819702482,0.20739301612298058,wm_residual_rl,31001.0,0.057458626604197365,2,0.06571428571428571,0.0,1.0,0.0
0.14761904761904762,0.0010317460317460316,37.34985840972135,0.48515955886961526,seen,42002,962c8919c9e8ec36ca756d27256ba89814ad2ed9995d82c682e8ca11c9f0210b,scn2_mass_damping_mismatch_env42002,mass_damping_mismatch,0.20759772656269745,7.40999682992824,0.20759772656269745,wm_residual_rl,31002.0,0.05695922162431334,2,0.09476190476190476,0.0,1.0,0.0
0.15,0.0010317460317460316,37.36848334255806,0.5215354411476334,seen,42002,962c8919c9e8ec36ca756d27256ba89814ad2ed9995d82c682e8ca11c9f0210b,scn2_mass_damping_mismatch_env42002,mass_damping_mismatch,0.20741836003159578,7.3874167603097165,0.20741836003159578,wm_residual_rl,31003.0,0.0558520629401517,2,0.11333333333333333,0.0,1.0,0.0
0.14666666666666667,0.0010317460317460316,37.42360120431725,0.5382833154388722,seen,42002,962c8919c9e8ec36ca756d27256ba89814ad2ed9995d82c682e8ca11c9f0210b,scn2_mass_damping_mismatch_env42002,mass_damping_mismatch,0.2079868937382153,7.384656047144696,0.2079868937382153,wm_residual_rl,31004.0,0.0554619374337979,2,0.1,0.0,1.0,0.0
0.34095238095238095,0.0011904761904761906,40.0221806300355,0.0,seen,42004,cce0d1073bf3c550087da316e6456d274b894902ca0933d512520e946a34aedd,scn2_mass_damping_mismatch_env42004,mass_damping_mismatch,0.4917811538741909,7.539796435010133,0.4917811538741909,smc,,0.17026013328415746,2,0.07047619047619047,0.0,1.0,0.0
0.3880952380952381,0.00031746031746031746,42.17977764326299,1.0,seen,42004,cce0d1073bf3c550087da316e6456d274b894902ca0933d512520e946a34aedd,scn2_mass_damping_mismatch_env42004,mass_damping_mismatch,0.3184653366725008,7.307974712013714,0.3184653366725008,mpc,,0.08758096156486167,2,0.05333333333333334,0.0,1.0,0.0
0.31476190476190474,0.0011904761904761906,41.69789672489841,0.5932797619047617,seen,42004,cce0d1073bf3c550087da316e6456d274b894902ca0933d512520e946a34aedd,scn2_mass_damping_mismatch_env42004,mass_damping_mismatch,0.3229817939776072,7.758620215094016,0.3229817939776072,constant_alpha,,0.09072790292283531,2,0.09952380952380953,0.0,1.0,0.0
0.3738095238095238,0.0011904761904761906,41.88025703925239,0.8434069321198543,seen,42004,cce0d1073bf3c550087da316e6456d274b894902ca0933d512520e946a34aedd,scn2_mass_damping_mismatch_env42004,mass_damping_mismatch,0.3186463505373847,7.4585713247336605,0.3186463505373847,sspo,,0.08416239702172178,2,0.03428571428571429,0.0,1.0,0.0
0.37857142857142856,0.0011904761904761906,41.657837903543175,0.7646567914056898,seen,42004,cce0d1073bf3c550087da316e6456d274b894902ca0933d512520e946a34aedd,scn2_mass_damping_mismatch_env42004,mass_damping_mismatch,0.3197826713992812,7.093150560967327,0.3197826713992812,v3_transformer,31000.0,0.08993795088826448,2,0.10523809523809524,0.0,1.0,0.0
0.37952380952380954,0.0011904761904761906,41.60250586659199,0.7645366630492862,seen,42004,cce0d1073bf3c550087da316e6456d274b894902ca0933d512520e946a34aedd,scn2_mass_damping_mismatch_env42004,mass_damping_mismatch,0.3196190265230297,7.181096786603592,0.3196190265230297,v3_transformer,31001.0,0.09104736041833304,2,0.12142857142857143,0.0,1.0,0.0
0.37857142857142856,0.0011904761904761906,41.7523129463118,0.7810677223492367,seen,42004,cce0d1073bf3c550087da316e6456d274b894902ca0933d512520e946a34aedd,scn2_mass_damping_mismatch_env42004,mass_damping_mismatch,0.31923753715729125,7.148104672485877,0.31923753715729125,v3_transformer,31002.0,0.0867753120165784,2,0.0380952380952381,0.0,1.0,0.0
0.3780952380952381,0.0011904761904761906,41.688851929224974,0.796109082793249,seen,42004,cce0d1073bf3c550087da316e6456d274b894902ca0933d512520e946a34aedd,scn2_mass_damping_mismatch_env42004,mass_damping_mismatch,0.3194810634454355,7.1844439328444984,0.3194810634454355,v3_transformer,31003.0,0.08764001917057508,2,0.05142857142857143,0.0,1.0,0.0
0.38,0.0011904761904761906,41.60737226152975,0.7649511993568907,seen,42004,cce0d1073bf3c550087da316e6456d274b894902ca0933d512520e946a34aedd,scn2_mass_damping_mismatch_env42004,mass_damping_mismatch,0.3195433197292901,7.057156291268811,0.3195433197292901,v3_transformer,31004.0,0.09148679177490142,2,0.056666666666666664,0.0,1.0,0.0
0.37857142857142856,0.0011904761904761906,41.674628350519505,0.7654840198024488,seen,42004,cce0d1073bf3c550087da316e6456d274b894902ca0933d512520e946a34aedd,scn2_mass_damping_mismatch_env42004,mass_damping_mismatch,0.31981132995479655,7.086527919529405,0.31981132995479655,wm_hybrid,31000.0,0.08948673489723043,2,0.03857142857142857,0.0,1.0,0.049523809523809526
0.37952380952380954,0.0011904761904761906,41.606738419649695,0.7641796525667458,seen,42004,cce0d1073bf3c550087da316e6456d274b894902ca0933d512520e946a34aedd,scn2_mass_damping_mismatch_env42004,mass_damping_mismatch,0.3196197851869262,7.178414641025102,0.3196197851869262,wm_hybrid,31001.0,0.09091355618583762,2,0.025238095238095237,0.0,1.0,0.049523809523809526
0.3780952380952381,0.0011904761904761906,41.755033760601435,0.7805235018075903,seen,42004,cce0d1073bf3c550087da316e6456d274b894902ca0933d512520e946a34aedd,scn2_mass_damping_mismatch_env42004,mass_damping_mismatch,0.31924268706885417,7.143095548232027,0.31924268706885417,wm_hybrid,31002.0,0.08676627300954982,2,0.037142857142857144,0.0,1.0,0.049523809523809526
0.3780952380952381,0.0011904761904761906,41.692690148490904,0.7946589487332251,seen,42004,cce0d1073bf3c550087da316e6456d274b894902ca0933d512520e946a34aedd,scn2_mass_damping_mismatch_env42004,mass_damping_mismatch,0.31948635823457133,7.181520800736781,0.31948635823457133,wm_hybrid,31003.0,0.08760709416501171,2,0.0719047619047619,0.0,1.0,0.049523809523809526
0.38,0.0011904761904761906,41.61539085874957,0.7631212451857311,seen,42004,cce0d1073bf3c550087da316e6456d274b894902ca0933d512520e946a34aedd,scn2_mass_damping_mismatch_env42004,mass_damping_mismatch,0.31952915238863244,7.047538040629438,0.31952915238863244,wm_hybrid,31004.0,0.09139629418869684,2,0.04428571428571428,0.0,1.0,0.049523809523809526
0.3180952380952381,0.0011904761904761906,41.65152672528877,0.5842465133573556,seen,42004,cce0d1073bf3c550087da316e6456d274b894902ca0933d512520e946a34aedd,scn2_mass_damping_mismatch_env42004,mass_damping_mismatch,0.32284040571348954,7.753045151924256,0.32284040571348954,residual_rl,31000.0,0.09048104011527712,2,0.07904761904761905,0.0,1.0,0.0
0.3161904761904762,0.0011904761904761906,41.60178143098106,0.5813123343730057,seen,42004,cce0d1073bf3c550087da316e6456d274b894902ca0933d512520e946a34aedd,scn2_mass_damping_mismatch_env42004,mass_damping_mismatch,0.326645091772869,7.742121736921733,0.326645091772869,residual_rl,31001.0,0.0906428601784155,2,0.05142857142857143,0.0,1.0,0.0
0.31476190476190474,0.0011904761904761906,41.579443645623016,0.5236744583455396,seen,42004,cce0d1073bf3c550087da316e6456d274b894902ca0933d512520e946a34aedd,scn2_mass_damping_mismatch_env42004,mass_damping_mismatch,0.3255344522817082,7.770633318836775,0.3255344522817082,residual_rl,31002.0,0.09218214880331754,2,0.060476190476190475,0.0,1.0,0.0
0.31523809523809526,0.0011904761904761906,41.61308291857162,0.556237361676026,seen,42004,cce0d1073bf3c550087da316e6456d274b894902ca0933d512520e946a34aedd,scn2_mass_damping_mismatch_env42004,mass_damping_mismatch,0.32324321455200133,7.724700592252686,0.32324321455200133,residual_rl,31003.0,0.0905312173456883,2,0.08904761904761904,0.0,1.0,0.0
0.31476190476190474,0.0011904761904761906,41.566690824265045,0.5042407928959208,seen,42004,cce0d1073bf3c550087da316e6456d274b894902ca0933d512520e946a34aedd,scn2_mass_damping_mismatch_env42004,mass_damping_mismatch,0.32598217628960613,7.73768265267723,0.32598217628960613,residual_rl,31004.0,0.09155712281773146,2,0.07571428571428572,0.0,1.0,0.0
0.31523809523809526,0.0011904761904761906,41.651301639209585,0.5811414677359519,seen,42004,cce0d1073bf3c550087da316e6456d274b894902ca0933d512520e946a34aedd,scn2_mass_damping_mismatch_env42004,mass_damping_mismatch,0.3228130685568058,7.755958967932511,0.3228130685568058,wm_residual_rl,31000.0,0.09091706472656448,2,0.08952380952380952,0.0,1.0,0.0
0.31857142857142856,0.0011904761904761906,41.67134881083157,0.5930047473140884,seen,42004,cce0d1073bf3c550087da316e6456d274b894902ca0933d512520e946a34aedd,scn2_mass_damping_mismatch_env42004,mass_damping_mismatch,0.3250889716486486,7.782661000989935,0.3250889716486486,wm_residual_rl,31001.0,0.09180872814225974,2,0.06190476190476191,0.0,1.0,0.0
0.31476190476190474,0.0011904761904761906,41.52867064534664,0.4830538392962343,seen,42004,cce0d1073bf3c550087da316e6456d274b894902ca0933d512520e946a34aedd,scn2_mass_damping_mismatch_env42004,mass_damping_mismatch,0.3253509773502902,7.7484832528320045,0.3253509773502902,wm_residual_rl,31002.0,0.09161202138450077,2,0.12095238095238095,0.0,1.0,0.0
0.31476190476190474,0.0011904761904761906,41.61519654912613,0.5408960669239586,seen,42004,cce0d1073bf3c550087da316e6456d274b894902ca0933d512520e946a34aedd,scn2_mass_damping_mismatch_env42004,mass_damping_mismatch,0.3246763561726578,7.729165706275427,0.3246763561726578,wm_residual_rl,31003.0,0.09052918159589696,2,0.10714285714285714,0.0,1.0,0.0
0.31476190476190474,0.0011904761904761906,41.59424186258877,0.5379023183135825,seen,42004,cce0d1073bf3c550087da316e6456d274b894902ca0933d512520e946a34aedd,scn2_mass_damping_mismatch_env42004,mass_damping_mismatch,0.32536096599806774,7.732306333897331,0.32536096599806774,wm_residual_rl,31004.0,0.09101108651461037,2,0.05761904761904762,0.0,1.0,0.0
0.03571428571428571,0.004841269841269841,26.948579812605693,0.0,seen,42000,6c39b35f9e4d4d649cc65c8855c9bdbadf8800739b398487d05c4ec43b4b502d,scn3_actuator_delay_noise_env42000,actuator_delay_noise,0.03504191302921881,7.6730426031776675,0.39206570012928754,smc,,0.14786189070149394,3,0.014761904761904763,0.0,1.0,0.0
0.2995238095238095,0.5607142857142857,41.08606230735025,1.0,seen,42000,6c39b35f9e4d4d649cc65c8855c9bdbadf8800739b398487d05c4ec43b4b502d,scn3_actuator_delay_noise_env42000,actuator_delay_noise,0.04448414816221543,8.509866492211726,0.31543721925794577,mpc,,0.1128991512130937,3,0.024285714285714285,0.0,1.0,0.0
0.048095238095238094,0.010317460317460315,29.01577215769884,0.5932797619047617,seen,42000,6c39b35f9e4d4d649cc65c8855c9bdbadf8800739b398487d05c4ec43b4b502d,scn3_actuator_delay_noise_env42000,actuator_delay_noise,0.014608341749200171,7.821637630299836,0.31786631821204187,constant_alpha,,0.0654210722886658,3,0.014761904761904763,0.0,1.0,0.0
0.2671428571428571,0.396031746031746,37.998677967150726,0.8820544771663161,seen,42000,6c39b35f9e4d4d649cc65c8855c9bdbadf8800739b398487d05c4ec43b4b502d,scn3_actuator_delay_noise_env42000,actuator_delay_noise,0.02772637796914766,8.719698244732015,0.3179682500889412,sspo,,0.09460524869662634,3,0.030952380952380953,0.0,1.0,0.0
0.22285714285714286,0.33865079365079365,37.05702266814273,0.8252277246432336,seen,42000,6c39b35f9e4d4d649cc65c8855c9bdbadf8800739b398487d05c4ec43b4b502d,scn3_actuator_delay_noise_env42000,actuator_delay_noise,0.021764334478503053,8.468617564262527,0.31863134393511583,v3_transformer,31000.0,0.0865915384878929,3,0.019523809523809523,0.0,1.0,0.0
0.23904761904761904,0.35365079365079366,37.536839863452286,0.866964789434104,seen,42000,6c39b35f9e4d4d649cc65c8855c9bdbadf8800739b398487d05c4ec43b4b502d,scn3_actuator_delay_noise_env42000,actuator_delay_noise,0.020177650303521623,8.410883562072526,0.3182052500528801,v3_transformer,31001.0,0.0877162120881528,3,0.02,0.0,1.0,0.0
0.23809523809523808,0.3687301587301587,37.94270018771204,0.843819723289353,seen,42000,6c39b35f9e4d4d649cc65c8855c9bdbadf8800739b398487d05c4ec43b4b502d,scn3_actuator_delay_noise_env42000,actuator_delay_noise,0.027831198106743713,8.58285723126311,0.3187030651869204,v3_transformer,31002.0,0.0856727135218945,3,0.024761904761904763,0.0,1.0,0.0
0.24,0.3525396825396825,37.47253003514442,0.872007100039325,seen,42000,6c39b35f9e4d4d649cc65c8855c9bdbadf8800739b398487d05c4ec43b4b502d,scn3_actuator_delay_noise_env42000,actuator_delay_noise,0.017634525938809757,8.448521301299694,0.3186308986376914,v3_transformer,31003.0,0.08643933500680707,3,0.017619047619047618,0.0,1.0,0.0
0.2714285714285714,0.39730158730158727,38.020447566420465,0.8581003989334459,seen,42000,6c39b35f9e4d4d649cc65c8855c9bdbadf8800739b398487d05c4ec43b4b502d,scn3_actuator_delay_noise_env42000,actuator_delay_noise,0.02317901751792931,8.519520921016882,0.31831670105683846,v3_transformer,31004.0,0.09171567105210066,3,0.015714285714285715,0.0,1.0,0.0
0.2257142857142857,0.3287301587301587,36.76791793859276,0.8224168647849389,seen,42000,6c39b35f9e4d4d649cc65c8855c9bdbadf8800739b398487d05c4ec43b4b502d,scn3_actuator_delay_noise_env42000,actuator_delay_noise,0.023738891561909788,8.449003369444956,0.31863134393511583,wm_hybrid,31000.0,0.08588743057625792,3,0.01380952380952381,0.0,1.0,0.048095238095238094
0.23476190476190475,0.35523809523809524,37.27393236562483,0.8609994820556762,seen,42000,6c39b35f9e4d4d649cc65c8855c9bdbadf8800739b398487d05c4ec43b4b502d,scn3_actuator_delay_noise_env42000,actuator_delay_noise,0.021727897921356747,8.393719064125202,0.3182052500528801,wm_hybrid,31001.0,0.08779111671825228,3,0.010476190476190476,0.0,1.0,0.04428571428571428
0.24047619047619048,0.36674603174603176,37.86264753539588,0.8403193620527396,seen,42000,6c39b35f9e4d4d649cc65c8855c9bdbadf8800739b398487d05c4ec43b4b502d,scn3_actuator_delay_noise_env42000,actuator_delay_noise,0.017898498873185988,8.572755005557633,0.3187030651869204,wm_hybrid,31002.0,0.08650657665403394,3,0.011428571428571429,0.0,1.0,0.04666666666666667
0.23666666666666666,0.3546031746031746,37.336574086621695,0.8661765442032874,seen,42000,6c39b35f9e4d4d649cc65c8855c9bdbadf8800739b398487d05c4ec43b4b502d,scn3_actuator_delay_noise_env42000,actuator_delay_noise,0.01723262845524343,8.454686196507378,0.3186308986376914,wm_hybrid,31003.0,0.08844836684672167,3,0.004761904761904762,0.0,1.0,0.04476190476190476
0.27380952380952384,0.3954761904761905,37.93655302618513,0.8553025302819234,seen,42000,6c39b35f9e4d4d649cc65c8855c9bdbadf8800739b398487d05c4ec43b4b502d,scn3_actuator_delay_noise_env42000,actuator_delay_noise,0.03822776749642081,8.519373555107023,0.31831670105683846,wm_hybrid,31004.0,0.0907411193235415,3,0.012380952380952381,0.0,1.0,0.04476190476190476
0.047142857142857146,0.005634920634920634,27.576208173492134,0.535786025640448,seen,42000,6c39b35f9e4d4d649cc65c8855c9bdbadf8800739b398487d05c4ec43b4b502d,scn3_actuator_delay_noise_env42000,actuator_delay_noise,0.014639378425560035,7.751316002099333,0.31786631821204187,residual_rl,31000.0,0.06480054975983793,3,0.007142857142857143,0.0,1.0,0.0
0.040952380952380955,0.009682539682539681,28.06366941054921,0.5388284137336097,seen,42000,6c39b35f9e4d4d649cc65c8855c9bdbadf8800739b398487d05c4ec43b4b502d,scn3_actuator_delay_noise_env42000,actuator_delay_noise,0.015372965943027816,7.792264223765847,0.31786631821204187,residual_rl,31001.0,0.06395601843173375,3,0.017619047619047618,0.0,1.0,0.0
0.040952380952380955,0.007222222222222221,27.846545264057685,0.5283737199673174,seen,42000,6c39b35f9e4d4d649cc65c8855c9bdbadf8800739b398487d05c4ec43b4b502d,scn3_actuator_delay_noise_env42000,actuator_delay_noise,0.014783187573119184,7.766784322013743,0.31786631821204187,residual_rl,31002.0,0.06486968178181607,3,0.014761904761904763,0.0,1.0,0.0
0.040952380952380955,0.006984126984126983,27.811311249480614,0.5219510903762417,seen,42000,6c39b35f9e4d4d649cc65c8855c9bdbadf8800739b398487d05c4ec43b4b502d,scn3_actuator_delay_noise_env42000,actuator_delay_noise,0.015568995703050731,7.748294109269723,0.31786631821204187,residual_rl,31003.0,0.0644111412795224,3,0.01380952380952381,0.0,1.0,0.0
0.040952380952380955,0.0061111111111111106,27.712282728705873,0.5202332083863381,seen,42000,6c39b35f9e4d4d649cc65c8855c9bdbadf8800739b398487d05c4ec43b4b502d,scn3_actuator_delay_noise_env42000,actuator_delay_noise,0.015337255874699723,7.74808877331957,0.31786631821204187,residual_rl,31004.0,0.0652887283174195,3,0.015238095238095238,0.0,1.0,0.0
0.040952380952380955,0.007301587301587301,28.066766150079538,0.5519524109335161,seen,42000,6c39b35f9e4d4d649cc65c8855c9bdbadf8800739b398487d05c4ec43b4b502d,scn3_actuator_delay_noise_env42000,actuator_delay_noise,0.015214140928049185,7.770037454453938,0.31786631821204187,wm_residual_rl,31000.0,0.06497510316787705,3,0.010476190476190476,0.0,1.0,0.0
0.040952380952380955,0.010238095238095239,28.28433777965472,0.5497248290621125,seen,42000,6c39b35f9e4d4d649cc65c8855c9bdbadf8800739b398487d05c4ec43b4b502d,scn3_actuator_delay_noise_env42000,actuator_delay_noise,0.01552318513658202,7.787785130599058,0.31786631821204187,wm_residual_rl,31001.0,0.06573101404028832,3,0.013333333333333334,0.0,1.0,0.0
0.040952380952380955,0.005396825396825396,27.449292062185233,0.49659736010982347,seen,42000,6c39b35f9e4d4d649cc65c8855c9bdbadf8800739b398487d05c4ec43b4b502d,scn3_actuator_delay_noise_env42000,actuator_delay_noise,0.015479243769067352,7.784719827151279,0.31786631821204187,wm_residual_rl,31002.0,0.06645551821957935,3,0.011428571428571429,0.0,1.0,0.0
0.041428571428571426,0.005,27.29736237334256,0.4868484470528381,seen,42000,6c39b35f9e4d4d649cc65c8855c9bdbadf8800739b398487d05c4ec43b4b502d,scn3_actuator_delay_noise_env42000,actuator_delay_noise,0.015449703115964768,7.741599138337771,0.31786631821204187,wm_residual_rl,31003.0,0.0646713937338607,3,0.010476190476190476,0.0,1.0,0.0
0.040952380952380955,0.0067460317460317455,27.6538196198644,0.5270565717384489,seen,42000,6c39b35f9e4d4d649cc65c8855c9bdbadf8800739b398487d05c4ec43b4b502d,scn3_actuator_delay_noise_env42000,actuator_delay_noise,0.015435584219975144,7.751387253987075,0.31786631821204187,wm_residual_rl,31004.0,0.06412267805390237,3,0.017619047619047618,0.0,1.0,0.0
0.03142857142857143,0.004603174603174603,26.72233908806192,0.0,seen,42001,ffa11764f008a70f4ca28274355f1dd01823a5508b6222a3c25585e81d72dca8,scn3_actuator_delay_noise_env42001,actuator_delay_noise,0.02828545984219279,7.48474443028281,0.3736890969359555,smc,,0.14240132077436587,3,0.017142857142857144,0.0,1.0,0.0
0.3376190476190476,0.5472222222222223,41.16760959413447,1.0,seen,42001,ffa11764f008a70f4ca28274355f1dd01823a5508b6222a3c25585e81d72dca8,scn3_actuator_delay_noise_env42001,actuator_delay_noise,0.03090174738787866,8.47318061026945,0.26141716740044624,mpc,,0.1060128139421509,3,0.014285714285714285,0.0,1.0,0.0
0.0419047619047619,0.004047619047619047,28.8118409823956,0.5932797619047617,seen,42001,ffa11764f008a70f4ca28274355f1dd01823a5508b6222a3c25585e81d72dca8,scn3_actuator_delay_noise_env42001,actuator_delay_noise,0.01473690377627361,7.756221215300328,0.2675703581181434,constant_alpha,,0.05696065203364646,3,0.010952380952380953,0.0,1.0,0.0
0.27666666666666667,0.36111111111111105,37.43939854311676,0.8835890461763501,seen,42001,ffa11764f008a70f4ca28274355f1dd01823a5508b6222a3c25585e81d72dca8,scn3_actuator_delay_noise_env42001,actuator_delay_noise,0.03199502406641601,8.596813197930112,0.2680945587737976,sspo,,0.08781408185080572,3,0.015238095238095238,0.0,1.0,0.0
0.23095238095238096,0.275,36.03088957049998,0.8296101564794053,seen,42001,ffa11764f008a70f4ca28274355f1dd01823a5508b6222a3c25585e81d72dca8,scn3_actuator_delay_noise_env42001,actuator_delay_noise,0.03664371606961093,8.300538422983966,0.27110426809616034,v3_transformer,31000.0,0.0783345858153775,3,0.024761904761904763,0.0,1.0,0.0
0.24571428571428572,0.2801587301587301,36.30671049741784,0.8563889664535074,seen,42001,ffa11764f008a70f4ca28274355f1dd01823a5508b6222a3c25585e81d72dca8,scn3_actuator_delay_noise_env42001,actuator_delay_noise,0.0181125579215966,8.252342026321527,0.2683855115868331,v3_transformer,31001.0,0.08074237320835884,3,0.01380952380952381,0.0,1.0,0.0
0.2580952380952381,0.32222222222222224,37.135375371514044,0.8484775281089352,seen,42001,ffa11764f008a70f4ca28274355f1dd01823a5508b6222a3c25585e81d72dca8,scn3_actuator_delay_noise_env42001,actuator_delay_noise,0.025522655670431552,8.43307517345601,0.26925876505610796,v3_transformer,31002.0,0.07695997604821961,3,0.01380952380952381,0.0,1.0,0.0
0.23666666666666666,0.2923015873015873,36.80181560053016,0.8721140651162224,seen,42001,ffa11764f008a70f4ca28274355f1dd01823a5508b6222a3c25585e81d72dca8,scn3_actuator_delay_noise_env42001,actuator_delay_noise,0.029049871344503545,8.346298320247556,0.2694273255935341,v3_transformer,31003.0,0.0798373104726205,3,0.010476190476190476,0.0,1.0,0.0
0.27714285714285714,0.33404761904761904,37.08556218731582,0.8574349599543557,seen,42001,ffa11764f008a70f4ca28274355f1dd01823a5508b6222a3c25585e81d72dca8,scn3_actuator_delay_noise_env42001,actuator_delay_noise,0.027735010007764384,8.396077222413227,0.2700721770155608,v3_transformer,31004.0,0.08371585182856676,3,0.007619047619047619,0.0,1.0,0.0
0.23761904761904762,0.275,36.1368353280054,0.8243834617312099,seen,42001,ffa11764f008a70f4ca28274355f1dd01823a5508b6222a3c25585e81d72dca8,scn3_actuator_delay_noise_env42001,actuator_delay_noise,0.04371778013922093,8.351482663785047,0.27110426809616034,wm_hybrid,31000.0,0.07985431796206496,3,0.012380952380952381,0.0,1.0,0.04619047619047619
0.23904761904761904,0.2786507936507937,36.10732057156376,0.853389738906712,seen,42001,ffa11764f008a70f4ca28274355f1dd01823a5508b6222a3c25585e81d72dca8,scn3_actuator_delay_noise_env42001,actuator_delay_noise,0.020878842114090464,8.229482420443388,0.2683855115868331,wm_hybrid,31001.0,0.08014358217760628,3,0.006666666666666667,0.0,1.0,0.04666666666666667
0.25047619047619046,0.31325396825396823,36.89592378923901,0.8491714203122589,seen,42001,ffa11764f008a70f4ca28274355f1dd01823a5508b6222a3c25585e81d72dca8,scn3_actuator_delay_noise_env42001,actuator_delay_noise,0.02968672776739125,8.442187094274948,0.26925876505610796,wm_hybrid,31002.0,0.07725472743143144,3,0.019523809523809523,0.0,1.0,0.04857142857142857
0.24095238095238095,0.2907936507936508,36.79096453546974,0.8708756690472556,seen,42001,ffa11764f008a70f4ca28274355f1dd01823a5508b6222a3c25585e81d72dca8,scn3_actuator_delay_noise_env42001,actuator_delay_noise,0.030264573412494448,8.316888614493799,0.2694273255935341,wm_hybrid,31003.0,0.08024054849188662,3,0.014285714285714285,0.0,1.0,0.045714285714285714
0.2752380952380952,0.3107142857142857,36.71234641507941,0.853953090931875,seen,42001,ffa11764f008a70f4ca28274355f1dd01823a5508b6222a3c25585e81d72dca8,scn3_actuator_delay_noise_env42001,actuator_delay_noise,0.03569648745291736,8.382105512124967,0.2700721770155608,wm_hybrid,31004.0,0.08400573688351204,3,0.01619047619047619,0.0,1.0,0.04666666666666667
0.04380952380952381,0.004444444444444444,27.490143933181553,0.5332436538539651,seen,42001,ffa11764f008a70f4ca28274355f1dd01823a5508b6222a3c25585e81d72dca8,scn3_actuator_delay_noise_env42001,actuator_delay_noise,0.014497747776875344,7.681741469361688,0.2675703581181434,residual_rl,31000.0,0.056293640087970255,3,0.013333333333333334,0.0,1.0,0.0
0.03571428571428571,0.004682539682539682,27.757258680549512,0.5407067693831522,seen,42001,ffa11764f008a70f4ca28274355f1dd01823a5508b6222a3c25585e81d72dca8,scn3_actuator_delay_noise_env42001,actuator_delay_noise,0.01566441253560918,7.702053723035342,0.2675703581181434,residual_rl,31001.0,0.05568984107156422,3,0.012380952380952381,0.0,1.0,0.0
0.03571428571428571,0.004682539682539682,27.684132890102266,0.5330605705621084,seen,42001,ffa11764f008a70f4ca28274355f1dd01823a5508b6222a3c25585e81d72dca8,scn3_actuator_delay_noise_env42001,actuator_delay_noise,0.01449879488675779,7.6926717148245665,0.2675703581181434,residual_rl,31002.0,0.0568257584429797,3,0.010952380952380953,0.0,1.0,0.0
0.03571428571428571,0.004682539682539682,27.63683180496581,0.5235941391880151,seen,42001,ffa11764f008a70f4ca28274355f1dd01823a5508b6222a3c25585e81d72dca8,scn3_actuator_delay_noise_env42001,actuator_delay_noise,0.015628723917085797,7.671153535994855,0.2675703581181434,residual_rl,31003.0,0.05617025607204807,3,0.016666666666666666,0.0,1.0,0.0
0.03571428571428571,0.004682539682539682,27.39440617067412,0.5211916164255728,seen,42001,ffa11764f008a70f4ca28274355f1dd01823a5508b6222a3c25585e81d72dca8,scn3_actuator_delay_noise_env42001,actuator_delay_noise,0.015499942928665465,7.671990007913668,0.2675703581181434,residual_rl,31004.0,0.05696258384876427,3,0.01380952380952381,0.0,1.0,0.0
0.03571428571428571,0.004682539682539682,27.788517105303384,0.5545909329638263,seen,42001,ffa11764f008a70f4ca28274355f1dd01823a5508b6222a3c25585e81d72dca8,scn3_actuator_delay_noise_env42001,actuator_delay_noise,0.015542878652280741,7.691047965206752,0.2675703581181434,wm_residual_rl,31000.0,0.05653673818940909,3,0.018095238095238095,0.0,1.0,0.0
0.03571428571428571,0.004841269841269841,28.164607577905503,0.5499207561090674,seen,42001,ffa11764f008a70f4ca28274355f1dd01823a5508b6222a3c25585e81d72dca8,scn3_actuator_delay_noise_env42001,actuator_delay_noise,0.01537535346891283,7.709130004941012,0.2675703581181434,wm_residual_rl,31001.0,0.057325911365273347,3,0.009047619047619047,0.0,1.0,0.0
0.03571428571428571,0.004761904761904762,27.363749524483357,0.49782259640692894,seen,42001,ffa11764f008a70f4ca28274355f1dd01823a5508b6222a3c25585e81d72dca8,scn3_actuator_delay_noise_env42001,actuator_delay_noise,0.015187703379151868,7.706730902814368,0.2675703581181434,wm_residual_rl,31002.0,0.05824134152557573,3,0.007142857142857143,0.0,1.0,0.0
0.03571428571428571,0.004682539682539682,27.142579404025575,0.48676972740759206,seen,42001,ffa11764f008a70f4ca28274355f1dd01823a5508b6222a3c25585e81d72dca8,scn3_actuator_delay_noise_env42001,actuator_delay_noise,0.015527854289981257,7.66740674816389,0.2675703581181434,wm_residual_rl,31003.0,0.056530517183350906,3,0.008095238095238095,0.0,1.0,0.0
0.03571428571428571,0.004682539682539682,27.447231393099838,0.52920837403212,seen,42001,ffa11764f008a70f4ca28274355f1dd01823a5508b6222a3c25585e81d72dca8,scn3_actuator_delay_noise_env42001,actuator_delay_noise,0.015541064404810106,7.6743659140443885,0.2675703581181434,wm_residual_rl,31004.0,0.05586302917046917,3,0.009523809523809525,0.0,1.0,0.0
0.02761904761904762,0.004206349206349206,26.306400094472366,0.0,seen,42002,30bf4673ed41f1b195d7b1876724cf07eec3ef84360ce093fef43fb0ff5199de,scn3_actuator_delay_noise_env42002,actuator_delay_noise,0.03518229154534313,7.277227982916938,0.3298193649697232,smc,,0.13531915048531198,3,0.02095238095238095,0.0,1.0,0.0
0.05380952380952381,0.10087301587301588,28.180565989317255,1.0,seen,42002,30bf4673ed41f1b195d7b1876724cf07eec3ef84360ce093fef43fb0ff5199de,scn3_actuator_delay_noise_env42002,actuator_delay_noise,0.012930793698533663,6.962206312941747,0.2327224031027835,mpc,,0.05537441018165596,3,0.024761904761904763,0.0,1.0,0.0
0.032857142857142856,0.0041269841269841265,27.00030228026394,0.5932797619047617,seen,42002,30bf4673ed41f1b195d7b1876724cf07eec3ef84360ce093fef43fb0ff5199de,scn3_actuator_delay_noise_env42002,actuator_delay_noise,0.014816144555754366,7.56071582400418,0.20011614404620054,constant_alpha,,0.047921875102255776,3,0.020476190476190478,0.0,1.0,0.0
0.07809523809523809,0.15174603174603177,28.383394469080272,0.9253988666415471,seen,42002,30bf4673ed41f1b195d7b1876724cf07eec3ef84360ce093fef43fb0ff5199de,scn3_actuator_delay_noise_env42002,actuator_delay_noise,0.012830983052256271,7.4356505758886255,0.2002136856672328,sspo,,0.04234151252076923,3,0.014761904761904763,0.0,1.0,0.0
0.062380952380952384,0.0811111111111111,27.812068209892413,0.9079658138367376,seen,42002,30bf4673ed41f1b195d7b1876724cf07eec3ef84360ce093fef43fb0ff5199de,scn3_actuator_delay_noise_env42002,actuator_delay_noise,0.013022112412505239,7.335853563844865,0.20308631878507177,v3_transformer,31000.0,0.04145914518822287,3,0.016666666666666666,0.0,1.0,0.0
0.048095238095238094,0.06952380952380953,27.719968214707105,0.9163516329716562,seen,42002,30bf4673ed41f1b195d7b1876724cf07eec3ef84360ce093fef43fb0ff5199de,scn3_actuator_delay_noise_env42002,actuator_delay_noise,0.013045672190914286,7.3346151196226,0.2007787264387578,v3_transformer,31001.0,0.040923798253213614,3,0.012380952380952381,0.0,1.0,0.0
0.047619047619047616,0.06833333333333333,27.728735876187322,0.9138727499529837,seen,42002,30bf4673ed41f1b195d7b1876724cf07eec3ef84360ce093fef43fb0ff5199de,scn3_actuator_delay_noise_env42002,actuator_delay_noise,0.012983512774218104,7.321821476208108,0.20291905633225557,v3_transformer,31002.0,0.041357507046083444,3,0.01380952380952381,0.0,1.0,0.0
0.055714285714285716,0.08301587301587302,27.835860611434207,0.9328946235363882,seen,42002,30bf4673ed41f1b195d7b1876724cf07eec3ef84360ce093fef43fb0ff5199de,scn3_actuator_delay_noise_env42002,actuator_delay_noise,0.012948736506316135,7.359368195837476,0.20158811770724083,v3_transformer,31003.0,0.041403568819853076,3,0.008095238095238095,0.0,1.0,0.0
0.04666666666666667,0.061111111111111116,27.666302274755854,0.925283263129154,seen,42002,30bf4673ed41f1b195d7b1876724cf07eec3ef84360ce093fef43fb0ff5199de,scn3_actuator_delay_noise_env42002,actuator_delay_noise,0.012948364933688533,7.343224422551534,0.2038959328054134,v3_transformer,31004.0,0.04119671530251617,3,0.011904761904761904,0.0,1.0,0.0
0.05904761904761905,0.08246031746031746,27.82509266662596,0.9075097493750545,seen,42002,30bf4673ed41f1b195d7b1876724cf07eec3ef84360ce093fef43fb0ff5199de,scn3_actuator_delay_noise_env42002,actuator_delay_noise,0.013061484870235781,7.330975676645452,0.20309205699957195,wm_hybrid,31000.0,0.04140698419220394,3,0.005238095238095238,0.0,1.0,0.04857142857142857
0.04619047619047619,0.06190476190476191,27.67609800407466,0.9155697067638613,seen,42002,30bf4673ed41f1b195d7b1876724cf07eec3ef84360ce093fef43fb0ff5199de,scn3_actuator_delay_noise_env42002,actuator_delay_noise,0.013005974517462939,7.330885094851753,0.20077919223928467,wm_hybrid,31001.0,0.040877818238775274,3,0.007619047619047619,0.0,1.0,0.04857142857142857
0.05619047619047619,0.0784126984126984,27.810027728519508,0.9129583862486135,seen,42002,30bf4673ed41f1b195d7b1876724cf07eec3ef84360ce093fef43fb0ff5199de,scn3_actuator_delay_noise_env42002,actuator_delay_noise,0.01295140161288291,7.319851374150466,0.20292459496654944,wm_hybrid,31002.0,0.041383458384420146,3,0.008095238095238095,0.0,1.0,0.04857142857142857
0.05476190476190476,0.08214285714285714,27.81717426762423,0.9316192854430658,seen,42002,30bf4673ed41f1b195d7b1876724cf07eec3ef84360ce093fef43fb0ff5199de,scn3_actuator_delay_noise_env42002,actuator_delay_noise,0.012924429249327466,7.35547597314018,0.20159034850774954,wm_hybrid,31003.0,0.04136257814535365,3,0.011428571428571429,0.0,1.0,0.04857142857142857
0.04666666666666667,0.06547619047619048,27.70120885377228,0.9238654525059113,seen,42002,30bf4673ed41f1b195d7b1876724cf07eec3ef84360ce093fef43fb0ff5199de,scn3_actuator_delay_noise_env42002,actuator_delay_noise,0.01301013330081719,7.340145683518708,0.2039078823292689,wm_hybrid,31004.0,0.04122567399486567,3,0.010476190476190476,0.0,1.0,0.04857142857142857
0.03428571428571429,0.004047619047619047,26.925109150323127,0.5453438146328812,seen,42002,30bf4673ed41f1b195d7b1876724cf07eec3ef84360ce093fef43fb0ff5199de,scn3_actuator_delay_noise_env42002,actuator_delay_noise,0.01431988562424315,7.540747054135472,0.20011884781679887,residual_rl,31000.0,0.04723356880451137,3,0.011428571428571429,0.0,1.0,0.0
0.03238095238095238,0.0041269841269841265,26.95127911113877,0.5498660745608995,seen,42002,30bf4673ed41f1b195d7b1876724cf07eec3ef84360ce093fef43fb0ff5199de,scn3_actuator_delay_noise_env42002,actuator_delay_noise,0.0156615812140781,7.536243127700903,0.20012033914113161,residual_rl,31001.0,0.04698797419043652,3,0.02238095238095238,0.0,1.0,0.0
0.03238095238095238,0.004206349206349206,26.947877849429425,0.543458667194868,seen,42002,30bf4673ed41f1b195d7b1876724cf07eec3ef84360ce093fef43fb0ff5199de,scn3_actuator_delay_noise_env42002,actuator_delay_noise,0.014205227070267201,7.56306215834379,0.20011614404620054,residual_rl,31002.0,0.04845498791589783,3,0.014761904761904763,0.0,1.0,0.0
0.03238095238095238,0.004206349206349206,26.95339015587626,0.5430571762930552,seen,42002,30bf4673ed41f1b195d7b1876724cf07eec3ef84360ce093fef43fb0ff5199de,scn3_actuator_delay_noise_env42002,actuator_delay_noise,0.015671877875889705,7.537605760487181,0.20012021334960636,residual_rl,31003.0,0.04716068932927552,3,0.013333333333333334,0.0,1.0,0.0
0.03238095238095238,0.004206349206349206,26.978385283336674,0.518403970254254,seen,42002,30bf4673ed41f1b195d7b1876724cf07eec3ef84360ce093fef43fb0ff5199de,scn3_actuator_delay_noise_env42002,actuator_delay_noise,0.015570088785845657,7.546614577730381,0.20011614404620054,residual_rl,31004.0,0.04841005599755829,3,0.013333333333333334,0.0,1.0,0.0
0.03238095238095238,0.004206349206349206,26.940873668644464,0.566440635061069,seen,42002,30bf4673ed41f1b195d7b1876724cf07eec3ef84360ce093fef43fb0ff5199de,scn3_actuator_delay_noise_env42002,actuator_delay_noise,0.015472376218909463,7.563801909588251,0.20011638877689578,wm_residual_rl,31000.0,0.047687855285483007,3,0.01619047619047619,0.0,1.0,0.0
0.03238095238095238,0.004206349206349206,26.978809262656966,0.553012364705412,seen,42002,30bf4673ed41f1b195d7b1876724cf07eec3ef84360ce093fef43fb0ff5199de,scn3_actuator_delay_noise_env42002,actuator_delay_noise,0.015672939726130264,7.582613592071981,0.20011614404620054,wm_residual_rl,31001.0,0.049789122126806716,3,0.018095238095238095,0.0,1.0,0.0
0.03238095238095238,0.004285714285714286,26.94755525439198,0.49783066336965043,seen,42002,30bf4673ed41f1b195d7b1876724cf07eec3ef84360ce093fef43fb0ff5199de,scn3_actuator_delay_noise_env42002,actuator_delay_noise,0.015615496725247492,7.586883343633074,0.20011614404620054,wm_residual_rl,31002.0,0.050555565446226414,3,0.008095238095238095,0.0,1.0,0.0
0.032857142857142856,0.004206349206349206,26.904187619144825,0.4864160770366364,seen,42002,30bf4673ed41f1b195d7b1876724cf07eec3ef84360ce093fef43fb0ff5199de,scn3_actuator_delay_noise_env42002,actuator_delay_noise,0.015657888216041294,7.546593552609814,0.20011957566470023,wm_residual_rl,31003.0,0.047933578108709476,3,0.007142857142857143,0.0,1.0,0.0
0.03238095238095238,0.0041269841269841265,26.940514444208404,0.5360662697265092,seen,42002,30bf4673ed41f1b195d7b1876724cf07eec3ef84360ce093fef43fb0ff5199de,scn3_actuator_delay_noise_env42002,actuator_delay_noise,0.015640939573394574,7.542284250695675,0.20011898686033253,wm_residual_rl,31004.0,0.047034210333604436,3,0.01,0.0,1.0,0.0
0.02761904761904762,0.004444444444444444,26.495267274852594,0.0,seen,42003,4e005b399102d2dde8c96f116897adb0cb5fa02764a284a7b86156825aa39186,scn3_actuator_delay_noise_env42003,actuator_delay_noise,0.028482592916616766,7.36742134316385,0.35863769046601557,smc,,0.13962044987910857,3,0.03238095238095238,0.0,1.0,0.0
0.1976190476190476,0.37476190476190474,33.549243875966766,1.0,seen,42003,4e005b399102d2dde8c96f116897adb0cb5fa02764a284a7b86156825aa39186,scn3_actuator_delay_noise_env42003,actuator_delay_noise,0.018232021807048762,7.329596816965814,0.23767639118808218,mpc,,0.06627675545187163,3,0.02666666666666667,0.0,1.0,0.0
0.03238095238095238,0.004444444444444444,27.12445585384315,0.5932797619047617,seen,42003,4e005b399102d2dde8c96f116897adb0cb5fa02764a284a7b86156825aa39186,scn3_actuator_delay_noise_env42003,actuator_delay_noise,0.014977430801655006,7.650773488350143,0.24869430238655732,constant_alpha,,0.053592053049168746,3,0.014761904761904763,0.0,1.0,0.0
0.1880952380952381,0.3122222222222222,32.38600912774826,0.9180293038498937,seen,42003,4e005b399102d2dde8c96f116897adb0cb5fa02764a284a7b86156825aa39186,scn3_actuator_delay_noise_env42003,actuator_delay_noise,0.017182409922782534,7.74882311614601,0.2493572553286846,sspo,,0.056562078270839124,3,0.021904761904761906,0.0,1.0,0.0
0.17761904761904762,0.26920634920634917,31.922011759879478,0.8753015438094394,seen,42003,4e005b399102d2dde8c96f116897adb0cb5fa02764a284a7b86156825aa39186,scn3_actuator_delay_noise_env42003,actuator_delay_noise,0.01591845447297765,7.583871209146586,0.25279298168707887,v3_transformer,31000.0,0.05666519659767593,3,0.024285714285714285,0.0,1.0,0.0
0.16285714285714287,0.2361904761904762,31.727526858337107,0.8754601976691809,seen,42003,4e005b399102d2dde8c96f116897adb0cb5fa02764a284a7b86156825aa39186,scn3_actuator_delay_noise_env42003,actuator_delay_noise,0.013715906381429971,7.5518241361927085,0.24969155038473825,v3_transformer,31001.0,0.05465743161290754,3,0.024761904761904763,0.0,1.0,0.0
0.18571428571428572,0.281984126984127,32.107955265817665,0.8902795170009239,seen,42003,4e005b399102d2dde8c96f116897adb0cb5fa02764a284a7b86156825aa39186,scn3_actuator_delay_noise_env42003,actuator_delay_noise,0.018842069764197,7.620557811827933,0.250010914046453,v3_transformer,31002.0,0.0552834164812646,3,0.008095238095238095,0.0,1.0,0.0
0.1757142857142857,0.27730158730158727,32.175621396390255,0.907640200187742,seen,42003,4e005b399102d2dde8c96f116897adb0cb5fa02764a284a7b86156825aa39186,scn3_actuator_delay_noise_env42003,actuator_delay_noise,0.015348292645755018,7.653414650091116,0.2506440603842262,v3_transformer,31003.0,0.05517987685740794,3,0.014285714285714285,0.0,1.0,0.0
0.18428571428571427,0.2588095238095238,31.843237751750813,0.8810863642016071,seen,42003,4e005b399102d2dde8c96f116897adb0cb5fa02764a284a7b86156825aa39186,scn3_actuator_delay_noise_env42003,actuator_delay_noise,0.01409270426516861,7.6181389770338,0.25155259739350894,v3_transformer,31004.0,0.05570611670561353,3,0.013333333333333334,0.0,1.0,0.0
0.1761904761904762,0.26825396825396824,31.93626229221649,0.8748442413841556,seen,42003,4e005b399102d2dde8c96f116897adb0cb5fa02764a284a7b86156825aa39186,scn3_actuator_delay_noise_env42003,actuator_delay_noise,0.01464779397548562,7.579172729031502,0.25279220419236875,wm_hybrid,31000.0,0.05668580411309361,3,0.011428571428571429,0.0,1.0,0.04904761904761905
0.16476190476190475,0.2342857142857143,31.727548799710576,0.874178824134951,seen,42003,4e005b399102d2dde8c96f116897adb0cb5fa02764a284a7b86156825aa39186,scn3_actuator_delay_noise_env42003,actuator_delay_noise,0.014016090632255595,7.547852214364012,0.24969155038473825,wm_hybrid,31001.0,0.0548294173723407,3,0.011428571428571429,0.0,1.0,0.04904761904761905
0.18619047619047618,0.2794444444444444,32.118089938989655,0.8898934949500685,seen,42003,4e005b399102d2dde8c96f116897adb0cb5fa02764a284a7b86156825aa39186,scn3_actuator_delay_noise_env42003,actuator_delay_noise,0.015490216455412905,7.614714340471835,0.250010914046453,wm_hybrid,31002.0,0.05530845506658431,3,0.012380952380952381,0.0,1.0,0.04904761904761905
0.1738095238095238,0.27380952380952384,32.23227683423182,0.90930088030925,seen,42003,4e005b399102d2dde8c96f116897adb0cb5fa02764a284a7b86156825aa39186,scn3_actuator_delay_noise_env42003,actuator_delay_noise,0.014124487962696332,7.652240157299181,0.2506440603842262,wm_hybrid,31003.0,0.05489292301831951,3,0.018571428571428572,0.0,1.0,0.04904761904761905
0.18428571428571427,0.2549206349206349,31.800445152606773,0.8802791785192359,seen,42003,4e005b399102d2dde8c96f116897adb0cb5fa02764a284a7b86156825aa39186,scn3_actuator_delay_noise_env42003,actuator_delay_noise,0.014434736464314675,7.610083379288432,0.2515521036774147,wm_hybrid,31004.0,0.055583543161464036,3,0.015714285714285715,0.0,1.0,0.04904761904761905
0.032857142857142856,0.004365079365079365,27.04603723447769,0.5456166988153691,seen,42003,4e005b399102d2dde8c96f116897adb0cb5fa02764a284a7b86156825aa39186,scn3_actuator_delay_noise_env42003,actuator_delay_noise,0.014453757830268785,7.630498466309561,0.24869430238655732,residual_rl,31000.0,0.05314167839081152,3,0.02142857142857143,0.0,1.0,0.0
0.03238095238095238,0.004444444444444444,27.134643621661354,0.5479469211179844,seen,42003,4e005b399102d2dde8c96f116897adb0cb5fa02764a284a7b86156825aa39186,scn3_actuator_delay_noise_env42003,actuator_delay_noise,0.015250250522214386,7.622210609336675,0.24869430238655732,residual_rl,31001.0,0.05254948168797086,3,0.019523809523809523,0.0,1.0,0.0
0.03238095238095238,0.004444444444444444,27.088121844150614,0.5422357565887352,seen,42003,4e005b399102d2dde8c96f116897adb0cb5fa02764a284a7b86156825aa39186,scn3_actuator_delay_noise_env42003,actuator_delay_noise,0.014361511836555416,7.648723459518894,0.24869430238655732,residual_rl,31002.0,0.05398668657099998,3,0.015238095238095238,0.0,1.0,0.0
0.03238095238095238,0.004444444444444444,27.075947660167895,0.5436053776991909,seen,42003,4e005b399102d2dde8c96f116897adb0cb5fa02764a284a7b86156825aa39186,scn3_actuator_delay_noise_env42003,actuator_delay_noise,0.015749463006449856,7.626131881170157,0.24869430238655732,residual_rl,31003.0,0.05305072556265346,3,0.014761904761904763,0.0,1.0,0.0
0.03238095238095238,0.004444444444444444,27.102108223984544,0.5183396878175982,seen,42003,4e005b399102d2dde8c96f116897adb0cb5fa02764a284a7b86156825aa39186,scn3_actuator_delay_noise_env42003,actuator_delay_noise,0.01563751654693951,7.636750876458278,0.24869430238655732,residual_rl,31004.0,0.054065257713286075,3,0.014285714285714285,0.0,1.0,0.0
0.03238095238095238,0.004365079365079365,27.0612460617551,0.5682414416234499,seen,42003,4e005b399102d2dde8c96f116897adb0cb5fa02764a284a7b86156825aa39186,scn3_actuator_delay_noise_env42003,actuator_delay_noise,0.015548136413573983,7.655008221522075,0.24869430238655732,wm_residual_rl,31000.0,0.053651218682599394,3,0.012857142857142857,0.0,1.0,0.0
0.03238095238095238,0.004444444444444444,27.15093795005467,0.55316753374975,seen,42003,4e005b399102d2dde8c96f116897adb0cb5fa02764a284a7b86156825aa39186,scn3_actuator_delay_noise_env42003,actuator_delay_noise,0.015774758681813814,7.672375033336643,0.24869430238655732,wm_residual_rl,31001.0,0.05527766962254844,3,0.006190476190476191,0.0,1.0,0.0
0.03238095238095238,0.004365079365079365,27.053724414965217,0.49710493918057236,seen,42003,4e005b399102d2dde8c96f116897adb0cb5fa02764a284a7b86156825aa39186,scn3_actuator_delay_noise_env42003,actuator_delay_noise,0.015712630196279328,7.676629564519048,0.24869430238655732,wm_residual_rl,31002.0,0.05581055820774944,3,0.007619047619047619,0.0,1.0,0.0
0.032857142857142856,0.004444444444444444,27.025960786225387,0.4867694624126363,seen,42003,4e005b399102d2dde8c96f116897adb0cb5fa02764a284a7b86156825aa39186,scn3_actuator_delay_noise_env42003,actuator_delay_noise,0.015685604029616107,7.635937210204378,0.24869430238655732,wm_residual_rl,31003.0,0.05380411246660229,3,0.012380952380952381,0.0,1.0,0.0
0.03238095238095238,0.004444444444444444,27.059626601540604,0.5371007338241494,seen,42003,4e005b399102d2dde8c96f116897adb0cb5fa02764a284a7b86156825aa39186,scn3_actuator_delay_noise_env42003,actuator_delay_noise,0.015704385622887278,7.631774320253533,0.24869430238655732,wm_residual_rl,31004.0,0.052979069425412924,3,0.01619047619047619,0.0,1.0,0.0
0.030952380952380953,0.004365079365079365,26.719515094032413,0.0,seen,42004,7031254e5c38fea6ed6fb6c7ee32cfd73cbd158a2297c0d71e05e503e0265d98,scn3_actuator_delay_noise_env42004,actuator_delay_noise,0.02969206177988752,7.463567361886744,0.380229456474686,smc,,0.14291891202674,3,0.011428571428571429,0.0,1.0,0.0
0.3376190476190476,0.5484126984126984,41.08349460499092,1.0,seen,42004,7031254e5c38fea6ed6fb6c7ee32cfd73cbd158a2297c0d71e05e503e0265d98,scn3_actuator_delay_noise_env42004,actuator_delay_noise,0.03228729232973601,8.469154254721257,0.2599543572962498,mpc,,0.10658147999537347,3,0.014285714285714285,0.0,1.0,0.0
0.041428571428571426,0.0041269841269841265,28.836112032541006,0.5932797619047617,seen,42004,7031254e5c38fea6ed6fb6c7ee32cfd73cbd158a2297c0d71e05e503e0265d98,scn3_actuator_delay_noise_env42004,actuator_delay_noise,0.014815061546884134,7.7500640781691335,0.27370302035465144,constant_alpha,,0.057788507339848666,3,0.007142857142857143,0.0,1.0,0.0
0.2719047619047619,0.3688095238095238,37.657354058009766,0.8865308442204348,seen,42004,7031254e5c38fea6ed6fb6c7ee32cfd73cbd158a2297c0d71e05e503e0265d98,scn3_actuator_delay_noise_env42004,actuator_delay_noise,0.016881820846714038,8.630761251642966,0.2740228778056188,sspo,,0.08818698556313292,3,0.01,0.0,1.0,0.0
0.24047619047619048,0.30523809523809525,36.7207739385756,0.8329086321607712,seen,42004,7031254e5c38fea6ed6fb6c7ee32cfd73cbd158a2297c0d71e05e503e0265d98,scn3_actuator_delay_noise_env42004,actuator_delay_noise,0.04725138610340511,8.36546549254976,0.2765549468121867,v3_transformer,31000.0,0.07960452358627197,3,0.017142857142857144,0.0,1.0,0.0
0.24619047619047618,0.28817460317460314,36.374972916966215,0.8386914928352027,seen,42004,7031254e5c38fea6ed6fb6c7ee32cfd73cbd158a2297c0d71e05e503e0265d98,scn3_actuator_delay_noise_env42004,actuator_delay_noise,0.027481527836902237,8.228733155709989,0.27420522620970633,v3_transformer,31001.0,0.08277785576912641,3,0.013333333333333334,0.0,1.0,0.0
0.24714285714285714,0.3122222222222222,37.03637414124035,0.848382099320633,seen,42004,7031254e5c38fea6ed6fb6c7ee32cfd73cbd158a2297c0d71e05e503e0265d98,scn3_actuator_delay_noise_env42004,actuator_delay_noise,0.024876797512642698,8.455668737139927,0.2748135815049244,v3_transformer,31002.0,0.077661796307117,3,0.009523809523809525,0.0,1.0,0.0
0.2419047619047619,0.3106349206349206,37.17897182226488,0.8644877246765899,seen,42004,7031254e5c38fea6ed6fb6c7ee32cfd73cbd158a2297c0d71e05e503e0265d98,scn3_actuator_delay_noise_env42004,actuator_delay_noise,0.021135694430791975,8.342558363581796,0.2745288927285268,v3_transformer,31003.0,0.08198972807690581,3,0.014285714285714285,0.0,1.0,0.0
0.26857142857142857,0.3076190476190476,36.57095811792428,0.8613999141358278,seen,42004,7031254e5c38fea6ed6fb6c7ee32cfd73cbd158a2297c0d71e05e503e0265d98,scn3_actuator_delay_noise_env42004,actuator_delay_noise,0.02001641032857037,8.399187901146167,0.2758392689381442,v3_transformer,31004.0,0.08426137463368905,3,0.012857142857142857,0.0,1.0,0.0
0.24047619047619048,0.29055555555555557,36.52892384035834,0.8288929551043208,seen,42004,7031254e5c38fea6ed6fb6c7ee32cfd73cbd158a2297c0d71e05e503e0265d98,scn3_actuator_delay_noise_env42004,actuator_delay_noise,0.03509649599959882,8.365857180060125,0.2765549468121867,wm_hybrid,31000.0,0.0801281798454001,3,0.014285714285714285,0.0,1.0,0.048095238095238094
0.24952380952380954,0.29634920634920636,36.43847086004143,0.835757096379789,seen,42004,7031254e5c38fea6ed6fb6c7ee32cfd73cbd158a2297c0d71e05e503e0265d98,scn3_actuator_delay_noise_env42004,actuator_delay_noise,0.025634895784283428,8.23156223693072,0.27420522620970633,wm_hybrid,31001.0,0.08202083738223342,3,0.017619047619047618,0.0,1.0,0.04619047619047619
0.2519047619047619,0.32198412698412704,37.075654943988546,0.8490128225542374,seen,42004,7031254e5c38fea6ed6fb6c7ee32cfd73cbd158a2297c0d71e05e503e0265d98,scn3_actuator_delay_noise_env42004,actuator_delay_noise,0.028693578602831137,8.443383075501513,0.2748135815049244,wm_hybrid,31002.0,0.07752713961138756,3,0.01619047619047619,0.0,1.0,0.047142857142857146
0.25333333333333335,0.3057936507936508,37.075208437145015,0.8597014383684265,seen,42004,7031254e5c38fea6ed6fb6c7ee32cfd73cbd158a2297c0d71e05e503e0265d98,scn3_actuator_delay_noise_env42004,actuator_delay_noise,0.02753960301610645,8.338787919866702,0.2745288927285268,wm_hybrid,31003.0,0.08262511775425475,3,0.018571428571428572,0.0,1.0,0.04523809523809524
0.28476190476190477,0.3324603174603175,37.13698524572185,0.859022339220098,seen,42004,7031254e5c38fea6ed6fb6c7ee32cfd73cbd158a2297c0d71e05e503e0265d98,scn3_actuator_delay_noise_env42004,actuator_delay_noise,0.018705205751091053,8.414304511120633,0.2758392689381442,wm_hybrid,31004.0,0.08458617762337871,3,0.012380952380952381,0.0,1.0,0.047619047619047616
0.039523809523809524,0.004047619047619047,27.365015286237313,0.5349231909232958,seen,42004,7031254e5c38fea6ed6fb6c7ee32cfd73cbd158a2297c0d71e05e503e0265d98,scn3_actuator_delay_noise_env42004,actuator_delay_noise,0.014438352202581238,7.66738927977294,0.27370302035465144,residual_rl,31000.0,0.057182368710477896,3,0.010476190476190476,0.0,1.0,0.0
0.035238095238095235,0.0044444444444444444,27.927519561853618,0.5385756381352127,seen,42004,7031254e5c38fea6ed6fb6c7ee32cfd73cbd158a2297c0d71e05e503e0265d98,scn3_actuator_delay_noise_env42004,actuator_delay_noise,0.01520124432779696,7.711784372162768,0.27370302035465144,residual_rl,31001.0,0.05640007710561015,3,0.01,0.0,1.0,0.0
0.035238095238095235,0.004285714285714286,27.713474358174828,0.5296644529591196,seen,42004,7031254e5c38fea6ed6fb6c7ee32cfd73cbd158a2297c0d71e05e503e0265d98,scn3_actuator_delay_noise_env42004,actuator_delay_noise,0.014591568376195076,7.688237254809362,0.27370302035465144,residual_rl,31002.0,0.05756954138727774,3,0.018095238095238095,0.0,1.0,0.0
0.035238095238095235,0.004285714285714286,27.65972212921317,0.5221704000803646,seen,42004,7031254e5c38fea6ed6fb6c7ee32cfd73cbd158a2297c0d71e05e503e0265d98,scn3_actuator_delay_noise_env42004,actuator_delay_noise,0.01556230478416702,7.6678082334330675,0.27370302035465144,residual_rl,31003.0,0.05701605805292324,3,0.011904761904761904,0.0,1.0,0.0
0.035238095238095235,0.004285714285714286,27.531273849022327,0.521746420554949,seen,42004,7031254e5c38fea6ed6fb6c7ee32cfd73cbd158a2297c0d71e05e503e0265d98,scn3_actuator_delay_noise_env42004,actuator_delay_noise,0.015403848615213218,7.669088364898177,0.27370302035465144,residual_rl,31004.0,0.05774737520128032,3,0.004285714285714286,0.0,1.0,0.0
0.035238095238095235,0.004285714285714286,27.91588644038654,0.5526215831305121,seen,42004,7031254e5c38fea6ed6fb6c7ee32cfd73cbd158a2297c0d71e05e503e0265d98,scn3_actuator_delay_noise_env42004,actuator_delay_noise,0.015424976391100215,7.689280555607678,0.27370302035465144,wm_residual_rl,31000.0,0.057288762899913165,3,0.014285714285714285,0.0,1.0,0.0
0.035238095238095235,0.004444444444444444,28.102191159772946,0.5501858103694284,seen,42004,7031254e5c38fea6ed6fb6c7ee32cfd73cbd158a2297c0d71e05e503e0265d98,scn3_actuator_delay_noise_env42004,actuator_delay_noise,0.015548231080501103,7.705361346095596,0.27370302035465144,wm_residual_rl,31001.0,0.058417155614233315,3,0.010476190476190476,0.0,1.0,0.0
0.035238095238095235,0.004365079365079365,27.31959754118514,0.49713881881548994,seen,42004,7031254e5c38fea6ed6fb6c7ee32cfd73cbd158a2297c0d71e05e503e0265d98,scn3_actuator_delay_noise_env42004,actuator_delay_noise,0.01549905092542058,7.7069251664884355,0.27370302035465144,wm_residual_rl,31002.0,0.05930329434656982,3,0.014761904761904763,0.0,1.0,0.0
0.03571428571428571,0.004285714285714286,27.151739758792193,0.4867894955219773,seen,42004,7031254e5c38fea6ed6fb6c7ee32cfd73cbd158a2297c0d71e05e503e0265d98,scn3_actuator_delay_noise_env42004,actuator_delay_noise,0.015409283406898969,7.661083550451766,0.27370302035465144,wm_residual_rl,31003.0,0.05727640917256656,3,0.004761904761904762,0.0,1.0,0.0
0.035238095238095235,0.004285714285714286,27.519995618974725,0.5267509749664246,seen,42004,7031254e5c38fea6ed6fb6c7ee32cfd73cbd158a2297c0d71e05e503e0265d98,scn3_actuator_delay_noise_env42004,actuator_delay_noise,0.015391737374693279,7.67093122956803,0.27370302035465144,wm_residual_rl,31004.0,0.05667533479699378,3,0.009523809523809525,0.0,1.0,0.0
0.04666666666666667,0.003492063492063492,21.834037979953184,0.0,unseen,43000,75af54003cdd817b4a99f43bd4cdebcb76278a64c39d7578071621c95212f29d,scn2_ou_current_env43000,ou_current,0.037987569155573706,7.678836810821498,0.37446676665305634,smc,,0.1618626164575669,2,0.007619047619047619,0.0,1.0,0.0
0.018571428571428572,0.0002380952380952381,21.349624228027228,1.0,unseen,43000,75af54003cdd817b4a99f43bd4cdebcb76278a64c39d7578071621c95212f29d,scn2_ou_current_env43000,ou_current,0.013262214644765688,6.849161885677083,0.2986300696790177,mpc,,0.06474026430959737,2,0.017142857142857144,0.0,1.0,0.0
0.021904761904761906,0.001746031746031746,21.201789649803104,0.5932797619047617,unseen,43000,75af54003cdd817b4a99f43bd4cdebcb76278a64c39d7578071621c95212f29d,scn2_ou_current_env43000,ou_current,0.014898426946644828,7.6773702723402275,0.2913813656478573,constant_alpha,,0.06244444523235113,2,0.006190476190476191,0.0,1.0,0.0
0.02238095238095238,0.001746031746031746,21.32050077653832,0.9387409818883,unseen,43000,75af54003cdd817b4a99f43bd4cdebcb76278a64c39d7578071621c95212f29d,scn2_ou_current_env43000,ou_current,0.013416612759886828,7.548286146164518,0.2916313181860606,sspo,,0.057750024827949935,2,0.01,0.0,1.0,0.0
0.02238095238095238,0.0018253968253968253,21.376149468519362,0.928635373928266,unseen,43000,75af54003cdd817b4a99f43bd4cdebcb76278a64c39d7578071621c95212f29d,scn2_ou_current_env43000,ou_current,0.01369587400462799,7.46886012127718,0.29263391032719827,v3_transformer,31000.0,0.058110469227542066,2,0.014285714285714285,0.0,1.0,0.0
0.02238095238095238,0.0019047619047619048,21.445099082866935,0.9226339898180138,unseen,43000,75af54003cdd817b4a99f43bd4cdebcb76278a64c39d7578071621c95212f29d,scn2_ou_current_env43000,ou_current,0.013731319329272157,7.291188954878072,0.29213142433009714,v3_transformer,31001.0,0.057951775071653916,2,0.008571428571428572,0.0,1.0,0.0
0.02238095238095238,0.0019047619047619048,21.34901668815688,0.926233859774044,unseen,43000,75af54003cdd817b4a99f43bd4cdebcb76278a64c39d7578071621c95212f29d,scn2_ou_current_env43000,ou_current,0.013690242856427412,7.499770012308161,0.292061293050837,v3_transformer,31002.0,0.057929282118793085,2,0.010476190476190476,0.0,1.0,0.0
0.02238095238095238,0.001746031746031746,21.36968969242723,0.9310285613575741,unseen,43000,75af54003cdd817b4a99f43bd4cdebcb76278a64c39d7578071621c95212f29d,scn2_ou_current_env43000,ou_current,0.013557558385759417,7.484634501120362,0.292608840948847,v3_transformer,31003.0,0.05849042060747522,2,0.010476190476190476,0.0,1.0,0.0
0.02238095238095238,0.001746031746031746,21.423605725525512,0.9002897241946092,unseen,43000,75af54003cdd817b4a99f43bd4cdebcb76278a64c39d7578071621c95212f29d,scn2_ou_current_env43000,ou_current,0.014041094860108131,7.383640066294129,0.2930562590375623,v3_transformer,31004.0,0.05896723726521491,2,0.008571428571428572,0.0,1.0,0.0
0.02238095238095238,0.0018253968253968253,21.379454767887,0.9277998310536212,unseen,43000,75af54003cdd817b4a99f43bd4cdebcb76278a64c39d7578071621c95212f29d,scn2_ou_current_env43000,ou_current,0.01366529464356706,7.46609266378528,0.29276716576186684,wm_hybrid,31000.0,0.05815845390622244,2,0.011428571428571429,0.0,1.0,0.04666666666666667
0.02238095238095238,0.0019047619047619048,21.450869969752247,0.920680522954356,unseen,43000,75af54003cdd817b4a99f43bd4cdebcb76278a64c39d7578071621c95212f29d,scn2_ou_current_env43000,ou_current,0.013717063866386022,7.285464070853106,0.29235783666074516,wm_hybrid,31001.0,0.05802641321692041,2,0.011904761904761904,0.0,1.0,0.04666666666666667
0.02238095238095238,0.0019047619047619048,21.351015865846,0.925572544349624,unseen,43000,75af54003cdd817b4a99f43bd4cdebcb76278a64c39d7578071621c95212f29d,scn2_ou_current_env43000,ou_current,0.013657470947789949,7.503957152569537,0.2923221889945118,wm_hybrid,31002.0,0.058001360477188055,2,0.012380952380952381,0.0,1.0,0.04666666666666667
0.02238095238095238,0.001746031746031746,21.372708327373292,0.930823757636925,unseen,43000,75af54003cdd817b4a99f43bd4cdebcb76278a64c39d7578071621c95212f29d,scn2_ou_current_env43000,ou_current,0.013544655748452905,7.482957683543802,0.29276875849335143,wm_hybrid,31003.0,0.05853454178905436,2,0.011904761904761904,0.0,1.0,0.04666666666666667
0.02238095238095238,0.001746031746031746,21.42889443612722,0.9032009243639889,unseen,43000,75af54003cdd817b4a99f43bd4cdebcb76278a64c39d7578071621c95212f29d,scn2_ou_current_env43000,ou_current,0.014026373580762938,7.378396060677048,0.29318914182175065,wm_hybrid,31004.0,0.05896148374384725,2,0.008571428571428572,0.0,1.0,0.04666666666666667
0.021904761904761906,0.001746031746031746,21.167481570428016,0.5452033397944873,unseen,43000,75af54003cdd817b4a99f43bd4cdebcb76278a64c39d7578071621c95212f29d,scn2_ou_current_env43000,ou_current,0.014801516561786398,7.665010129066295,0.29138153305727305,residual_rl,31000.0,0.062250492262526096,2,0.01380952380952381,0.0,1.0,0.0
0.021904761904761906,0.001746031746031746,21.202529565734064,0.6036559109654392,unseen,43000,75af54003cdd817b4a99f43bd4cdebcb76278a64c39d7578071621c95212f29d,scn2_ou_current_env43000,ou_current,0.015424224296655437,7.650582944183597,0.29138172805196233,residual_rl,31001.0,0.06112504427432091,2,0.012380952380952381,0.0,1.0,0.0
0.021904761904761906,0.001746031746031746,21.180864131642643,0.5552266621751567,unseen,43000,75af54003cdd817b4a99f43bd4cdebcb76278a64c39d7578071621c95212f29d,scn2_ou_current_env43000,ou_current,0.014693163804023659,7.668952592773866,0.29138161583435057,residual_rl,31002.0,0.06193331617954987,2,0.010952380952380953,0.0,1.0,0.0
0.021904761904761906,0.001746031746031746,21.16873917448238,0.555126919308942,unseen,43000,75af54003cdd817b4a99f43bd4cdebcb76278a64c39d7578071621c95212f29d,scn2_ou_current_env43000,ou_current,0.015143488093776865,7.658716241111437,0.2913816328817322,residual_rl,31003.0,0.061908772493135714,2,0.01904761904761905,0.0,1.0,0.0
0.021904761904761906,0.001746031746031746,21.193394153593673,0.5070368333135559,unseen,43000,75af54003cdd817b4a99f43bd4cdebcb76278a64c39d7578071621c95212f29d,scn2_ou_current_env43000,ou_current,0.015557704573342195,7.670882659046709,0.2913813656478573,residual_rl,31004.0,0.06359352138552705,2,0.012857142857142857,0.0,1.0,0.0
0.021904761904761906,0.001746031746031746,21.189095067320494,0.5966370388407902,unseen,43000,75af54003cdd817b4a99f43bd4cdebcb76278a64c39d7578071621c95212f29d,scn2_ou_current_env43000,ou_current,0.014367147962055108,7.689657781351461,0.2913813656478573,wm_residual_rl,31000.0,0.06333413564725823,2,0.013333333333333334,0.0,1.0,0.0
0.021904761904761906,0.001746031746031746,21.1670072019821,0.5617817509864118,unseen,43000,75af54003cdd817b4a99f43bd4cdebcb76278a64c39d7578071621c95212f29d,scn2_ou_current_env43000,ou_current,0.01552927077979261,7.695222791372548,0.29138137616474646,wm_residual_rl,31001.0,0.06324638584480698,2,0.006666666666666667,0.0,1.0,0.0
0.021904761904761906,0.0016666666666666668,21.156969883538736,0.49443366659277543,unseen,43000,75af54003cdd817b4a99f43bd4cdebcb76278a64c39d7578071621c95212f29d,scn2_ou_current_env43000,ou_current,0.01525294876120481,7.681063918211274,0.2913813656478573,wm_residual_rl,31002.0,0.06335598910357407,2,0.010952380952380953,0.0,1.0,0.0
0.021904761904761906,0.0016666666666666668,21.18014986503362,0.5102670818160626,unseen,43000,75af54003cdd817b4a99f43bd4cdebcb76278a64c39d7578071621c95212f29d,scn2_ou_current_env43000,ou_current,0.015594287079573659,7.665580429484762,0.2913813784108261,wm_residual_rl,31003.0,0.06260661701330245,2,0.005238095238095238,0.0,1.0,0.0
0.021904761904761906,0.001746031746031746,21.195029379763366,0.5652121237583131,unseen,43000,75af54003cdd817b4a99f43bd4cdebcb76278a64c39d7578071621c95212f29d,scn2_ou_current_env43000,ou_current,0.015666467902590752,7.656416461949334,0.2913815513454254,wm_residual_rl,31004.0,0.06117041555965906,2,0.010952380952380953,0.0,1.0,0.0
0.08523809523809524,0.003492063492063492,24.92640359822599,0.0,unseen,43001,f6e5d40a245912cd7ce72ffa0376141ecfe70a83cb722a2034bf6041135a4a5f,scn2_ou_current_env43001,ou_current,0.050273578909364215,8.659615222849421,0.4979711346233993,smc,,0.17632117930049668,2,0.009523809523809525,0.0,1.0,0.0
0.043333333333333335,0.0002380952380952381,24.649064263583742,1.0,unseen,43001,f6e5d40a245912cd7ce72ffa0376141ecfe70a83cb722a2034bf6041135a4a5f,scn2_ou_current_env43001,ou_current,0.014146958146991162,6.808424596583397,0.3175634971928802,mpc,,0.06785263364107263,2,0.007619047619047619,0.0,1.0,0.0
0.0419047619047619,0.0020634920634920633,24.3272609518038,0.5932797619047617,unseen,43001,f6e5d40a245912cd7ce72ffa0376141ecfe70a83cb722a2034bf6041135a4a5f,scn2_ou_current_env43001,ou_current,0.01580383699419319,7.778433538069585,0.3063185353217369,constant_alpha,,0.06621451562122466,2,0.012857142857142857,0.0,1.0,0.0
0.04619047619047619,0.0017460317460317458,24.47542054618708,0.9382140822366754,unseen,43001,f6e5d40a245912cd7ce72ffa0376141ecfe70a83cb722a2034bf6041135a4a5f,scn2_ou_current_env43001,ou_current,0.01431903121063835,7.608258849273018,0.30689567816253166,sspo,,0.06243587350877813,2,0.007619047619047619,0.0,1.0,0.0
0.04380952380952381,0.0017460317460317458,24.557156612159957,0.924922725663173,unseen,43001,f6e5d40a245912cd7ce72ffa0376141ecfe70a83cb722a2034bf6041135a4a5f,scn2_ou_current_env43001,ou_current,0.014419120513444931,7.446577772101184,0.30731776166674735,v3_transformer,31000.0,0.06246793644934764,2,0.009523809523809525,0.0,1.0,0.0
0.043333333333333335,0.001984126984126984,24.61653173567997,0.9225435234278657,unseen,43001,f6e5d40a245912cd7ce72ffa0376141ecfe70a83cb722a2034bf6041135a4a5f,scn2_ou_current_env43001,ou_current,0.014313589268855821,7.317575484293717,0.30658672686907545,v3_transformer,31001.0,0.062127220889670945,2,0.008095238095238095,0.0,1.0,0.0
0.043333333333333335,0.0019047619047619045,24.496862221304056,0.9243746628209435,unseen,43001,f6e5d40a245912cd7ce72ffa0376141ecfe70a83cb722a2034bf6041135a4a5f,scn2_ou_current_env43001,ou_current,0.014314437289765307,7.575668103022323,0.30716896700156576,v3_transformer,31002.0,0.06306548804965602,2,0.008571428571428572,0.0,1.0,0.0
0.043333333333333335,0.0019047619047619045,24.536810648904353,0.923819521674501,unseen,43001,f6e5d40a245912cd7ce72ffa0376141ecfe70a83cb722a2034bf6041135a4a5f,scn2_ou_current_env43001,ou_current,0.014308489525586611,7.486264754261111,0.30694938306111924,v3_transformer,31003.0,0.06288908048390733,2,0.014761904761904763,0.0,1.0,0.0
0.043333333333333335,0.0020634920634920633,24.61627362902478,0.90363274851317,unseen,43001,f6e5d40a245912cd7ce72ffa0376141ecfe70a83cb722a2034bf6041135a4a5f,scn2_ou_current_env43001,ou_current,0.014729691236127525,7.3284872095218,0.30716336451294257,v3_transformer,31004.0,0.06268353563025009,2,0.023809523809523808,0.0,1.0,0.0
0.04380952380952381,0.0017460317460317458,24.563355364428716,0.9239672376846413,unseen,43001,f6e5d40a245912cd7ce72ffa0376141ecfe70a83cb722a2034bf6041135a4a5f,scn2_ou_current_env43001,ou_current,0.014420183804730069,7.437013853057719,0.3073738026445107,wm_hybrid,31000.0,0.06250848230534503,2,0.009523809523809525,0.0,1.0,0.04523809523809524
0.043333333333333335,0.001984126984126984,24.62805170032658,0.9212880707645517,unseen,43001,f6e5d40a245912cd7ce72ffa0376141ecfe70a83cb722a2034bf6041135a4a5f,scn2_ou_current_env43001,ou_current,0.014316434693130485,7.3016193076299025,0.30674133945369264,wm_hybrid,31001.0,0.062178173048407434,2,0.015714285714285715,0.0,1.0,0.04523809523809524
0.043333333333333335,0.0019047619047619045,24.498005082578103,0.9237146589505526,unseen,43001,f6e5d40a245912cd7ce72ffa0376141ecfe70a83cb722a2034bf6041135a4a5f,scn2_ou_current_env43001,ou_current,0.014316556213955653,7.576732416047167,0.307286334660896,wm_hybrid,31002.0,0.06311207719949607,2,0.011904761904761904,0.0,1.0,0.04523809523809524
0.04285714285714286,0.0019047619047619045,24.538740638735323,0.9233455075986099,unseen,43001,f6e5d40a245912cd7ce72ffa0376141ecfe70a83cb722a2034bf6041135a4a5f,scn2_ou_current_env43001,ou_current,0.0143107834855084,7.484528706624232,0.3070234914020833,wm_hybrid,31003.0,0.06291620617991073,2,0.015238095238095238,0.0,1.0,0.04523809523809524
0.04285714285714286,0.0020634920634920633,24.62258036963971,0.9028339148452235,unseen,43001,f6e5d40a245912cd7ce72ffa0376141ecfe70a83cb722a2034bf6041135a4a5f,scn2_ou_current_env43001,ou_current,0.014760693790147664,7.3201932779295165,0.3072852504222106,wm_hybrid,31004.0,0.06274178010245254,2,0.007142857142857143,0.0,1.0,0.04523809523809524
0.04285714285714286,0.0020634920634920633,24.277471428768326,0.5518015475111744,unseen,43001,f6e5d40a245912cd7ce72ffa0376141ecfe70a83cb722a2034bf6041135a4a5f,scn2_ou_current_env43001,ou_current,0.015737109237344497,7.765641002488983,0.3063185867666451,residual_rl,31000.0,0.06605267508473407,2,0.011428571428571429,0.0,1.0,0.0
0.04238095238095238,0.0020634920634920633,24.31012545033449,0.5883108767165166,unseen,43001,f6e5d40a245912cd7ce72ffa0376141ecfe70a83cb722a2034bf6041135a4a5f,scn2_ou_current_env43001,ou_current,0.016198938630150247,7.753601933927177,0.3063190801906557,residual_rl,31001.0,0.06517367828240539,2,0.012857142857142857,0.0,1.0,0.0
0.04238095238095238,0.0020634920634920633,24.295838636861653,0.5329034296033812,unseen,43001,f6e5d40a245912cd7ce72ffa0376141ecfe70a83cb722a2034bf6041135a4a5f,scn2_ou_current_env43001,ou_current,0.015273404257609988,7.77175249399024,0.3063185627278383,residual_rl,31002.0,0.06603350155422308,2,0.012857142857142857,0.0,1.0,0.0
0.04238095238095238,0.0020634920634920633,24.27353576607885,0.5288540157184792,unseen,43001,f6e5d40a245912cd7ce72ffa0376141ecfe70a83cb722a2034bf6041135a4a5f,scn2_ou_current_env43001,ou_current,0.016099374324572157,7.763853405962547,0.30631897090038746,residual_rl,31003.0,0.06614826870216614,2,0.01,0.0,1.0,0.0
0.0419047619047619,0.0020634920634920633,24.313084216453696,0.5037700113834825,unseen,43001,f6e5d40a245912cd7ce72ffa0376141ecfe70a83cb722a2034bf6041135a4a5f,scn2_ou_current_env43001,ou_current,0.01641741337028442,7.776120000291324,0.3063185353217369,residual_rl,31004.0,0.06745156854971424,2,0.014285714285714285,0.0,1.0,0.0
0.0419047619047619,0.0019047619047619045,24.298825905350323,0.5723384103345717,unseen,43001,f6e5d40a245912cd7ce72ffa0376141ecfe70a83cb722a2034bf6041135a4a5f,scn2_ou_current_env43001,ou_current,0.015419123928921894,7.794617735535871,0.3063185353217369,wm_residual_rl,31000.0,0.06732289647486454,2,0.006666666666666667,0.0,1.0,0.0
0.04238095238095238,0.0020634920634920633,24.288166703609242,0.5552001623344834,unseen,43001,f6e5d40a245912cd7ce72ffa0376141ecfe70a83cb722a2034bf6041135a4a5f,scn2_ou_current_env43001,ou_current,0.016313850604051643,7.788090894897831,0.30631845580585537,wm_residual_rl,31001.0,0.06673910313401014,2,0.009047619047619047,0.0,1.0,0.0
0.04238095238095238,0.0020634920634920633,24.259142350086226,0.4879063643332035,unseen,43001,f6e5d40a245912cd7ce72ffa0376141ecfe70a83cb722a2034bf6041135a4a5f,scn2_ou_current_env43001,ou_current,0.01577502294259209,7.783420662875719,0.30631854233516204,wm_residual_rl,31002.0,0.06720065407078107,2,0.007619047619047619,0.0,1.0,0.0
0.0419047619047619,0.0020634920634920633,24.30512346877942,0.5035584500396347,unseen,43001,f6e5d40a245912cd7ce72ffa0376141ecfe70a83cb722a2034bf6041135a4a5f,scn2_ou_current_env43001,ou_current,0.016480931548569062,7.769998856267262,0.3063185353217369,wm_residual_rl,31003.0,0.06675541773741807,2,0.009523809523809525,0.0,1.0,0.0
0.04238095238095238,0.0020634920634920633,24.28983219364278,0.5250557499539763,unseen,43001,f6e5d40a245912cd7ce72ffa0376141ecfe70a83cb722a2034bf6041135a4a5f,scn2_ou_current_env43001,ou_current,0.016504007070973995,7.767300799403986,0.3063188117463195,wm_residual_rl,31004.0,0.06584352715622599,2,0.014761904761904763,0.0,1.0,0.0
0.06333333333333334,0.003492063492063492,25.9565974470931,0.0,unseen,43002,76bf817696c641b8115c2dc2312b06187b41544795ae0af946265b1a9ce3d899,scn2_ou_current_env43002,ou_current,0.040541227255493986,8.21091994653668,0.41973634062861487,smc,,0.171072726857886,2,0.01,0.0,1.0,0.0
0.017619047619047618,0.00039682539682539677,25.551855462835192,1.0,unseen,43002,76bf817696c641b8115c2dc2312b06187b41544795ae0af946265b1a9ce3d899,scn2_ou_current_env43002,ou_current,0.01453522159070615,6.760557759403574,0.3157846683861461,mpc,,0.06724386890946776,2,0.011904761904761904,0.0,1.0,0.0
0.01904761904761905,0.0019047619047619048,25.307418273230173,0.5932797619047617,unseen,43002,76bf817696c641b8115c2dc2312b06187b41544795ae0af946265b1a9ce3d899,scn2_ou_current_env43002,ou_current,0.01582622263069017,7.7473781497195695,0.29283510863790924,constant_alpha,,0.06316290167683904,2,0.011428571428571429,0.0,1.0,0.0
0.01904761904761905,0.0019047619047619048,25.498542130866735,0.937951824716208,unseen,43002,76bf817696c641b8115c2dc2312b06187b41544795ae0af946265b1a9ce3d899,scn2_ou_current_env43002,ou_current,0.014657125685177241,7.622970477725653,0.2927652056903615,sspo,,0.05796918938302412,2,0.007619047619047619,0.0,1.0,0.0
0.01904761904761905,0.0019047619047619048,25.574868698974246,0.9223934581700922,unseen,43002,76bf817696c641b8115c2dc2312b06187b41544795ae0af946265b1a9ce3d899,scn2_ou_current_env43002,ou_current,0.015018322829447104,7.488907114669469,0.29289452294853413,v3_transformer,31000.0,0.057914886819341566,2,0.011904761904761904,0.0,1.0,0.0
0.019523809523809523,0.0019047619047619048,25.672800607209947,0.920692682916777,unseen,43002,76bf817696c641b8115c2dc2312b06187b41544795ae0af946265b1a9ce3d899,scn2_ou_current_env43002,ou_current,0.015009511709899096,7.28008460584744,0.29270381127070955,v3_transformer,31001.0,0.058052063809882516,2,0.009047619047619047,0.0,1.0,0.0
0.01904761904761905,0.0019047619047619048,25.57602685363161,0.920396094422301,unseen,43002,76bf817696c641b8115c2dc2312b06187b41544795ae0af946265b1a9ce3d899,scn2_ou_current_env43002,ou_current,0.014957415676223716,7.488491558565085,0.29280188024955395,v3_transformer,31002.0,0.05821835233695751,2,0.011904761904761904,0.0,1.0,0.0
0.019523809523809523,0.0019047619047619048,25.586320538248437,0.9213684893267229,unseen,43002,76bf817696c641b8115c2dc2312b06187b41544795ae0af946265b1a9ce3d899,scn2_ou_current_env43002,ou_current,0.01497097722895035,7.459017114373232,0.29271123096122925,v3_transformer,31003.0,0.05867114267617407,2,0.011428571428571429,0.0,1.0,0.0
0.01904761904761905,0.0019047619047619048,25.625449637657507,0.8935483159685559,unseen,43002,76bf817696c641b8115c2dc2312b06187b41544795ae0af946265b1a9ce3d899,scn2_ou_current_env43002,ou_current,0.015260706909280714,7.382187452664438,0.29283628909503834,v3_transformer,31004.0,0.05889392773033804,2,0.017619047619047618,0.0,1.0,0.0
0.01904761904761905,0.0019047619047619048,25.580401690138924,0.9216761772749147,unseen,43002,76bf817696c641b8115c2dc2312b06187b41544795ae0af946265b1a9ce3d899,scn2_ou_current_env43002,ou_current,0.01500370906656793,7.475943008017917,0.29289452294853413,wm_hybrid,31000.0,0.057948701014312445,2,0.015714285714285715,0.0,1.0,0.04285714285714286
0.019523809523809523,0.0019047619047619048,25.683993094569146,0.9186565966363007,unseen,43002,76bf817696c641b8115c2dc2312b06187b41544795ae0af946265b1a9ce3d899,scn2_ou_current_env43002,ou_current,0.015008282067535617,7.2632138105534425,0.2927280687505949,wm_hybrid,31001.0,0.05809319035421884,2,0.012380952380952381,0.0,1.0,0.04238095238095238
0.01904761904761905,0.0019047619047619048,25.581422945172385,0.9199836504940998,unseen,43002,76bf817696c641b8115c2dc2312b06187b41544795ae0af946265b1a9ce3d899,scn2_ou_current_env43002,ou_current,0.014955061450979754,7.481967079818051,0.2928327822377082,wm_hybrid,31002.0,0.05829630573696545,2,0.01619047619047619,0.0,1.0,0.04285714285714286
0.019523809523809523,0.0019047619047619048,25.592391017733373,0.9206397117522391,unseen,43002,76bf817696c641b8115c2dc2312b06187b41544795ae0af946265b1a9ce3d899,scn2_ou_current_env43002,ou_current,0.01497155500961694,7.451366925553854,0.2927375913068385,wm_hybrid,31003.0,0.0587460262871075,2,0.007142857142857143,0.0,1.0,0.04285714285714286
0.01904761904761905,0.0019047619047619048,25.634067464169192,0.8956081881754443,unseen,43002,76bf817696c641b8115c2dc2312b06187b41544795ae0af946265b1a9ce3d899,scn2_ou_current_env43002,ou_current,0.015256717717722513,7.368376507067437,0.29283628909503834,wm_hybrid,31004.0,0.05886772277718943,2,0.009523809523809525,0.0,1.0,0.04238095238095238
0.01904761904761905,0.0019047619047619048,25.25790308791742,0.5500007256124338,unseen,43002,76bf817696c641b8115c2dc2312b06187b41544795ae0af946265b1a9ce3d899,scn2_ou_current_env43002,ou_current,0.015884523815934214,7.7415997612398435,0.2928349245617429,residual_rl,31000.0,0.06269305732335836,2,0.01,0.0,1.0,0.0
0.019523809523809523,0.0019047619047619048,25.305367029787853,0.5908845956298964,unseen,43002,76bf817696c641b8115c2dc2312b06187b41544795ae0af946265b1a9ce3d899,scn2_ou_current_env43002,ou_current,0.016404872984931432,7.727542581960165,0.29283422274586446,residual_rl,31001.0,0.06164792832113257,2,0.010952380952380953,0.0,1.0,0.0
0.019523809523809523,0.0019841269841269845,25.28122639382581,0.54037344211418,unseen,43002,76bf817696c641b8115c2dc2312b06187b41544795ae0af946265b1a9ce3d899,scn2_ou_current_env43002,ou_current,0.016000641319753112,7.744409356825169,0.29283510863790924,residual_rl,31002.0,0.0625793772681719,2,0.013333333333333334,0.0,1.0,0.0
0.019523809523809523,0.0019047619047619048,25.266300721843027,0.5589995875698304,unseen,43002,76bf817696c641b8115c2dc2312b06187b41544795ae0af946265b1a9ce3d899,scn2_ou_current_env43002,ou_current,0.016219632667589575,7.733712384529646,0.2928343723424794,residual_rl,31003.0,0.06227532519337191,2,0.012857142857142857,0.0,1.0,0.0
0.019523809523809523,0.0019047619047619048,25.278009880964223,0.5042694249176843,unseen,43002,76bf817696c641b8115c2dc2312b06187b41544795ae0af946265b1a9ce3d899,scn2_ou_current_env43002,ou_current,0.016421669269628576,7.742022203551715,0.29283510863790924,residual_rl,31004.0,0.06458146770898399,2,0.008571428571428572,0.0,1.0,0.0
0.01904761904761905,0.0019047619047619048,25.28166276553085,0.6007648181065878,unseen,43002,76bf817696c641b8115c2dc2312b06187b41544795ae0af946265b1a9ce3d899,scn2_ou_current_env43002,ou_current,0.015372239636696613,7.759943595945309,0.29283510863790924,wm_residual_rl,31000.0,0.06390459130295464,2,0.006190476190476191,0.0,1.0,0.0
0.019523809523809523,0.0019047619047619048,25.263573028199243,0.5481344815398842,unseen,43002,76bf817696c641b8115c2dc2312b06187b41544795ae0af946265b1a9ce3d899,scn2_ou_current_env43002,ou_current,0.01645386038170079,7.761406641441169,0.29283510863790924,wm_residual_rl,31001.0,0.06376775357059122,2,0.005238095238095238,0.0,1.0,0.0
0.019523809523809523,0.0019047619047619048,25.241905040583962,0.4937640194333744,unseen,43002,76bf817696c641b8115c2dc2312b06187b41544795ae0af946265b1a9ce3d899,scn2_ou_current_env43002,ou_current,0.016348979540337243,7.757391533764611,0.29283510863790924,wm_residual_rl,31002.0,0.0644527146532252,2,0.009047619047619047,0.0,1.0,0.0
0.019523809523809523,0.0019841269841269845,25.272219476492094,0.5044123838977788,unseen,43002,76bf817696c641b8115c2dc2312b06187b41544795ae0af946265b1a9ce3d899,scn2_ou_current_env43002,ou_current,0.016289395637521326,7.740726173268118,0.29283510863790924,wm_residual_rl,31003.0,0.0633332024626832,2,0.012380952380952381,0.0,1.0,0.0
0.019523809523809523,0.0019047619047619048,25.306563676146112,0.5651253905477079,unseen,43002,76bf817696c641b8115c2dc2312b06187b41544795ae0af946265b1a9ce3d899,scn2_ou_current_env43002,ou_current,0.016511943315347166,7.732995497890324,0.29283462600539634,wm_residual_rl,31004.0,0.06166805115755868,2,0.006190476190476191,0.0,1.0,0.0
0.017142857142857144,0.0034126984126984124,21.189719326545,0.0,unseen,43003,2cb67192b52879f7c42f66fc7b8357afa4e0a5809f27234fc2fd8640ecbc0ad5,scn2_ou_current_env43003,ou_current,0.030230061135100447,7.520723494051689,0.3508379804961069,smc,,0.16418454328241258,2,0.012380952380952381,0.0,1.0,0.0
0.015238095238095238,0.0004761904761904762,21.69597839732685,1.0,unseen,43003,2cb67192b52879f7c42f66fc7b8357afa4e0a5809f27234fc2fd8640ecbc0ad5,scn2_ou_current_env43003,ou_current,0.013806708562379453,6.827231016940136,0.2984368727156224,mpc,,0.06439080929913199,2,0.011904761904761904,0.0,1.0,0.0
0.012380952380952381,0.001587301587301587,21.313539126403093,0.5932797619047617,unseen,43003,2cb67192b52879f7c42f66fc7b8357afa4e0a5809f27234fc2fd8640ecbc0ad5,scn2_ou_current_env43003,ou_current,0.015135742873675294,7.739874100189735,0.28035865200207244,constant_alpha,,0.06087311014095525,2,0.007619047619047619,0.0,1.0,0.0
0.012380952380952381,0.001587301587301587,21.364116952033815,0.9246431676377822,unseen,43003,2cb67192b52879f7c42f66fc7b8357afa4e0a5809f27234fc2fd8640ecbc0ad5,scn2_ou_current_env43003,ou_current,0.013555644653340911,7.562376041668107,0.28031078008475274,sspo,,0.055575422517834996,2,0.012380952380952381,0.0,1.0,0.0
0.012380952380952381,0.0016666666666666668,21.403267504690486,0.9204034891123235,unseen,43003,2cb67192b52879f7c42f66fc7b8357afa4e0a5809f27234fc2fd8640ecbc0ad5,scn2_ou_current_env43003,ou_current,0.01358122155334559,7.4056116777606205,0.2802706096140985,v3_transformer,31000.0,0.05522178113713741,2,0.01,0.0,1.0,0.0
0.012380952380952381,0.001984126984126984,21.483974551744524,0.9288490141029824,unseen,43003,2cb67192b52879f7c42f66fc7b8357afa4e0a5809f27234fc2fd8640ecbc0ad5,scn2_ou_current_env43003,ou_current,0.01356481293332286,7.190183889567006,0.28021284398731733,v3_transformer,31001.0,0.0552192863753381,2,0.012857142857142857,0.0,1.0,0.0
0.012380952380952381,0.0016666666666666668,21.416447148667682,0.9199857881916681,unseen,43003,2cb67192b52879f7c42f66fc7b8357afa4e0a5809f27234fc2fd8640ecbc0ad5,scn2_ou_current_env43003,ou_current,0.013573167690884883,7.324521648155331,0.2802232363938785,v3_transformer,31002.0,0.05468619940456733,2,0.013333333333333334,0.0,1.0,0.0
0.012380952380952381,0.0018253968253968253,21.417219420855982,0.9311713935246354,unseen,43003,2cb67192b52879f7c42f66fc7b8357afa4e0a5809f27234fc2fd8640ecbc0ad5,scn2_ou_current_env43003,ou_current,0.013563483320022884,7.3577814121988485,0.28021780803089824,v3_transformer,31003.0,0.054935529412423766,2,0.012857142857142857,0.0,1.0,0.0
0.012380952380952381,0.0018253968253968253,21.43252258173458,0.9195416005943181,unseen,43003,2cb67192b52879f7c42f66fc7b8357afa4e0a5809f27234fc2fd8640ecbc0ad5,scn2_ou_current_env43003,ou_current,0.013676036085461895,7.304971147347666,0.2802546160455324,v3_transformer,31004.0,0.05505190612658767,2,0.011904761904761904,0.0,1.0,0.0
0.012380952380952381,0.0016666666666666668,21.415821689204382,0.917486935809991,unseen,43003,2cb67192b52879f7c42f66fc7b8357afa4e0a5809f27234fc2fd8640ecbc0ad5,scn2_ou_current_env43003,ou_current,0.013574255327881531,7.3778959531105235,0.2802706096140985,wm_hybrid,31000.0,0.055341637978172285,2,0.019523809523809523,0.0,1.0,0.04666666666666667
0.012380952380952381,0.001984126984126984,21.489438143441163,0.9274646418189,unseen,43003,2cb67192b52879f7c42f66fc7b8357afa4e0a5809f27234fc2fd8640ecbc0ad5,scn2_ou_current_env43003,ou_current,0.013561533567660298,7.176398382793004,0.2802296879181049,wm_hybrid,31001.0,0.05530175509555179,2,0.010476190476190476,0.0,1.0,0.04666666666666667
0.012380952380952381,0.0016666666666666668,21.41952661170034,0.9196142803252312,unseen,43003,2cb67192b52879f7c42f66fc7b8357afa4e0a5809f27234fc2fd8640ecbc0ad5,scn2_ou_current_env43003,ou_current,0.013566476061709557,7.316818369520324,0.2802429589041123,wm_hybrid,31002.0,0.0547102141229688,2,0.012857142857142857,0.0,1.0,0.04666666666666667
0.012380952380952381,0.0018253968253968253,21.41973959882218,0.9308204744076048,unseen,43003,2cb67192b52879f7c42f66fc7b8357afa4e0a5809f27234fc2fd8640ecbc0ad5,scn2_ou_current_env43003,ou_current,0.013559661509759909,7.351868770818235,0.2802321223895094,wm_hybrid,31003.0,0.054962493394353926,2,0.014761904761904763,0.0,1.0,0.04666666666666667
0.012380952380952381,0.0018253968253968253,21.43520432222078,0.918391024125522,unseen,43003,2cb67192b52879f7c42f66fc7b8357afa4e0a5809f27234fc2fd8640ecbc0ad5,scn2_ou_current_env43003,ou_current,0.013664866488568357,7.295349733894521,0.2802632760717925,wm_hybrid,31004.0,0.055069141881001295,2,0.011904761904761904,0.0,1.0,0.04666666666666667
0.012380952380952381,0.001587301587301587,21.257467377231904,0.5514549445744853,unseen,43003,2cb67192b52879f7c42f66fc7b8357afa4e0a5809f27234fc2fd8640ecbc0ad5,scn2_ou_current_env43003,ou_current,0.014827628345460498,7.723590147028609,0.28035854230351864,residual_rl,31000.0,0.06040275387096487,2,0.016666666666666666,0.0,1.0,0.0
0.012380952380952381,0.001587301587301587,21.286228398263574,0.6008742389384653,unseen,43003,2cb67192b52879f7c42f66fc7b8357afa4e0a5809f27234fc2fd8640ecbc0ad5,scn2_ou_current_env43003,ou_current,0.015829820669253387,7.708580123771424,0.2803578865600131,residual_rl,31001.0,0.05936089106159307,2,0.004285714285714286,0.0,1.0,0.0
0.012380952380952381,0.001587301587301587,21.299998697601353,0.5559566609862707,unseen,43003,2cb67192b52879f7c42f66fc7b8357afa4e0a5809f27234fc2fd8640ecbc0ad5,scn2_ou_current_env43003,ou_current,0.014611434755338337,7.738972697941352,0.28035865200207244,residual_rl,31002.0,0.060780741259110704,2,0.01,0.0,1.0,0.0
0.012380952380952381,0.001587301587301587,21.26943777617972,0.5461751273919303,unseen,43003,2cb67192b52879f7c42f66fc7b8357afa4e0a5809f27234fc2fd8640ecbc0ad5,scn2_ou_current_env43003,ou_current,0.015764835384210352,7.716023242764084,0.28035800584422726,residual_rl,31003.0,0.06006296284859059,2,0.006190476190476191,0.0,1.0,0.0
0.012380952380952381,0.001587301587301587,21.29983443483403,0.5125998206081628,unseen,43003,2cb67192b52879f7c42f66fc7b8357afa4e0a5809f27234fc2fd8640ecbc0ad5,scn2_ou_current_env43003,ou_current,0.01574171849768623,7.729481717300489,0.28035865200207244,residual_rl,31004.0,0.06183021535196003,2,0.009523809523809525,0.0,1.0,0.0
0.012380952380952381,0.001587301587301587,21.29923850794199,0.5873259591831963,unseen,43003,2cb67192b52879f7c42f66fc7b8357afa4e0a5809f27234fc2fd8640ecbc0ad5,scn2_ou_current_env43003,ou_current,0.015227622912324507,7.75011951549035,0.28035865200207244,wm_residual_rl,31000.0,0.06158055807281531,2,0.01619047619047619,0.0,1.0,0.0
0.012380952380952381,0.001587301587301587,21.302727987666508,0.5521806188589539,unseen,43003,2cb67192b52879f7c42f66fc7b8357afa4e0a5809f27234fc2fd8640ecbc0ad5,scn2_ou_current_env43003,ou_current,0.01586099000009039,7.75670926941906,0.28035865200207244,wm_residual_rl,31001.0,0.06190508263519481,2,0.011904761904761904,0.0,1.0,0.0
0.012380952380952381,0.001587301587301587,21.259110854043474,0.4982416591046452,unseen,43003,2cb67192b52879f7c42f66fc7b8357afa4e0a5809f27234fc2fd8640ecbc0ad5,scn2_ou_current_env43003,ou_current,0.015616018344597573,7.752738996258501,0.28035865200207244,wm_residual_rl,31002.0,0.06209610820013259,2,0.015238095238095238,0.0,1.0,0.0
0.012380952380952381,0.001587301587301587,21.28665775790958,0.5146975983172003,unseen,43003,2cb67192b52879f7c42f66fc7b8357afa4e0a5809f27234fc2fd8640ecbc0ad5,scn2_ou_current_env43003,ou_current,0.015834940368391618,7.722680015054722,0.28035865200207244,wm_residual_rl,31003.0,0.06093011106821896,2,0.011428571428571429,0.0,1.0,0.0
0.012380952380952381,0.001587301587301587,21.281061042527046,0.5535366307030073,unseen,43003,2cb67192b52879f7c42f66fc7b8357afa4e0a5809f27234fc2fd8640ecbc0ad5,scn2_ou_current_env43003,ou_current,0.015882473228420745,7.715979516395445,0.2803582268997813,wm_residual_rl,31004.0,0.059667218520632684,2,0.014761904761904763,0.0,1.0,0.0
0.030476190476190476,0.002777777777777778,23.53494583231304,0.0,unseen,43004,b0237517bf96d403c0c43dc40a8400624b3c7fc83a48e12f22d7cbeb2f576667,scn2_ou_current_env43004,ou_current,0.030888213747829952,7.232814849589116,0.311398155480292,smc,,0.15092122232152538,2,0.009047619047619047,0.0,1.0,0.0
0.03761904761904762,0.00015873015873015873,23.518507457677362,1.0,unseen,43004,b0237517bf96d403c0c43dc40a8400624b3c7fc83a48e12f22d7cbeb2f576667,scn2_ou_current_env43004,ou_current,0.013598963231768173,6.872922246173318,0.2560845466202193,mpc,,0.05978012447642412,2,0.010952380952380953,0.0,1.0,0.0
0.030476190476190476,0.001984126984126984,23.340604704870408,0.5932797619047617,unseen,43004,b0237517bf96d403c0c43dc40a8400624b3c7fc83a48e12f22d7cbeb2f576667,scn2_ou_current_env43004,ou_current,0.015123167305033637,7.547425153338771,0.23794831887819545,constant_alpha,,0.054258149485608954,2,0.016666666666666666,0.0,1.0,0.0
0.030952380952380953,0.001984126984126984,23.425225244333532,0.9398285927137267,unseen,43004,b0237517bf96d403c0c43dc40a8400624b3c7fc83a48e12f22d7cbeb2f576667,scn2_ou_current_env43004,ou_current,0.013647232853770537,7.416627398025289,0.23841148416921096,sspo,,0.048564725908259276,2,0.013333333333333334,0.0,1.0,0.0
0.030952380952380953,0.001984126984126984,23.477246155550333,0.9295105920267069,unseen,43004,b0237517bf96d403c0c43dc40a8400624b3c7fc83a48e12f22d7cbeb2f576667,scn2_ou_current_env43004,ou_current,0.014087150446478234,7.291942960355521,0.23978994504142748,v3_transformer,31000.0,0.048570961298222984,2,0.012857142857142857,0.0,1.0,0.0
0.030952380952380953,0.001984126984126984,23.500596165095768,0.934341340745117,unseen,43004,b0237517bf96d403c0c43dc40a8400624b3c7fc83a48e12f22d7cbeb2f576667,scn2_ou_current_env43004,ou_current,0.01386522407011408,7.237232345647445,0.2382715680098782,v3_transformer,31001.0,0.04815213858642218,2,0.018095238095238095,0.0,1.0,0.0
0.030952380952380953,0.001984126984126984,23.488509101120563,0.9222003503898303,unseen,43004,b0237517bf96d403c0c43dc40a8400624b3c7fc83a48e12f22d7cbeb2f576667,scn2_ou_current_env43004,ou_current,0.013786002532394537,7.254702158151969,0.2394842206259069,v3_transformer,31002.0,0.04828376850972831,2,0.013333333333333334,0.0,1.0,0.0
0.030952380952380953,0.001984126984126984,23.47634180944111,0.9360343997616419,unseen,43004,b0237517bf96d403c0c43dc40a8400624b3c7fc83a48e12f22d7cbeb2f576667,scn2_ou_current_env43004,ou_current,0.013881415879671417,7.298938528743538,0.23876681373894387,v3_transformer,31003.0,0.04848388604435163,2,0.017142857142857144,0.0,1.0,0.0
0.030952380952380953,0.001984126984126984,23.48758586952445,0.9066671211585835,unseen,43004,b0237517bf96d403c0c43dc40a8400624b3c7fc83a48e12f22d7cbeb2f576667,scn2_ou_current_env43004,ou_current,0.014422480798414114,7.256721364140606,0.23903125397501793,v3_transformer,31004.0,0.04865084871379095,2,0.010952380952380953,0.0,1.0,0.0
0.030952380952380953,0.001984126984126984,23.48440242936264,0.9283061127184665,unseen,43004,b0237517bf96d403c0c43dc40a8400624b3c7fc83a48e12f22d7cbeb2f576667,scn2_ou_current_env43004,ou_current,0.01415048393376631,7.27349906151903,0.2397941138615316,wm_hybrid,31000.0,0.04863037577782965,2,0.013333333333333334,0.0,1.0,0.04619047619047619
0.030952380952380953,0.001984126984126984,23.50283456395565,0.9330252632192761,unseen,43004,b0237517bf96d403c0c43dc40a8400624b3c7fc83a48e12f22d7cbeb2f576667,scn2_ou_current_env43004,ou_current,0.013902301775427988,7.234359558470114,0.23853353165161142,wm_hybrid,31001.0,0.04828245264498589,2,0.011428571428571429,0.0,1.0,0.04619047619047619
0.030952380952380953,0.001984126984126984,23.490777564657165,0.9212343401689237,unseen,43004,b0237517bf96d403c0c43dc40a8400624b3c7fc83a48e12f22d7cbeb2f576667,scn2_ou_current_env43004,ou_current,0.0138554522024716,7.252017507300013,0.23948483235983406,wm_hybrid,31002.0,0.04831393286694662,2,0.009523809523809525,0.0,1.0,0.04619047619047619
0.030952380952380953,0.001984126984126984,23.478799292647548,0.9357435145131427,unseen,43004,b0237517bf96d403c0c43dc40a8400624b3c7fc83a48e12f22d7cbeb2f576667,scn2_ou_current_env43004,ou_current,0.013973345526351127,7.297251214049093,0.23898717738013844,wm_hybrid,31003.0,0.048587263360662915,2,0.008095238095238095,0.0,1.0,0.04619047619047619
0.030952380952380953,0.001984126984126984,23.489045387559663,0.9062268677899705,unseen,43004,b0237517bf96d403c0c43dc40a8400624b3c7fc83a48e12f22d7cbeb2f576667,scn2_ou_current_env43004,ou_current,0.014438008567968725,7.254686014979151,0.23917613660089967,wm_hybrid,31004.0,0.04870401089481049,2,0.007142857142857143,0.0,1.0,0.04619047619047619
0.030476190476190476,0.001984126984126984,23.31092137376449,0.5441763861901305,unseen,43004,b0237517bf96d403c0c43dc40a8400624b3c7fc83a48e12f22d7cbeb2f576667,scn2_ou_current_env43004,ou_current,0.014983000141926427,7.527233841896543,0.23794831887819545,residual_rl,31000.0,0.05363498073607002,2,0.006190476190476191,0.0,1.0,0.0
0.030476190476190476,0.001984126984126984,23.336227429251917,0.5938175964196097,unseen,43004,b0237517bf96d403c0c43dc40a8400624b3c7fc83a48e12f22d7cbeb2f576667,scn2_ou_current_env43004,ou_current,0.015566886040468542,7.515985655806038,0.23794831887819545,residual_rl,31001.0,0.052538857655767796,2,0.009523809523809525,0.0,1.0,0.0
0.030476190476190476,0.001984126984126984,23.31903526360635,0.5521302195138215,unseen,43004,b0237517bf96d403c0c43dc40a8400624b3c7fc83a48e12f22d7cbeb2f576667,scn2_ou_current_env43004,ou_current,0.014843533193290152,7.535506510325678,0.23794831887819545,residual_rl,31002.0,0.053659251806853624,2,0.012380952380952381,0.0,1.0,0.0
0.030476190476190476,0.001984126984126984,23.30490551314654,0.5473787052228217,unseen,43004,b0237517bf96d403c0c43dc40a8400624b3c7fc83a48e12f22d7cbeb2f576667,scn2_ou_current_env43004,ou_current,0.01502114723714717,7.523081422571746,0.23794831887819545,residual_rl,31003.0,0.05339355441836807,2,0.010476190476190476,0.0,1.0,0.0
0.030476190476190476,0.001984126984126984,23.334110397826045,0.5127927475747652,unseen,43004,b0237517bf96d403c0c43dc40a8400624b3c7fc83a48e12f22d7cbeb2f576667,scn2_ou_current_env43004,ou_current,0.015697158271205876,7.538699328231312,0.23794831887819545,residual_rl,31004.0,0.0550198014470426,2,0.015238095238095238,0.0,1.0,0.0
0.030476190476190476,0.001984126984126984,23.31330523093146,0.5822500054150033,unseen,43004,b0237517bf96d403c0c43dc40a8400624b3c7fc83a48e12f22d7cbeb2f576667,scn2_ou_current_env43004,ou_current,0.014633485321964021,7.553449728918322,0.23794831887819545,wm_residual_rl,31000.0,0.05442229170412927,2,0.011904761904761904,0.0,1.0,0.0
0.030476190476190476,0.001984126984126984,23.323981866232334,0.5534352851791147,unseen,43004,b0237517bf96d403c0c43dc40a8400624b3c7fc83a48e12f22d7cbeb2f576667,scn2_ou_current_env43004,ou_current,0.01564942167345568,7.56319757605783,0.23794831887819545,wm_residual_rl,31001.0,0.05539258482924167,2,0.010952380952380953,0.0,1.0,0.0
0.030476190476190476,0.001984126984126984,23.307719512103482,0.5019145155303371,unseen,43004,b0237517bf96d403c0c43dc40a8400624b3c7fc83a48e12f22d7cbeb2f576667,scn2_ou_current_env43004,ou_current,0.015153140226196096,7.566886425680839,0.23794831887819545,wm_residual_rl,31002.0,0.056231209967854454,2,0.01619047619047619,0.0,1.0,0.0
0.03,0.0020634920634920633,23.311469892250017,0.5095029526747772,unseen,43004,b0237517bf96d403c0c43dc40a8400624b3c7fc83a48e12f22d7cbeb2f576667,scn2_ou_current_env43004,ou_current,0.015772795881949506,7.5281093656523375,0.23794831887819545,wm_residual_rl,31003.0,0.05384650415900444,2,0.012857142857142857,0.0,1.0,0.0
0.030476190476190476,0.001984126984126984,23.32639615059201,0.553748312240773,unseen,43004,b0237517bf96d403c0c43dc40a8400624b3c7fc83a48e12f22d7cbeb2f576667,scn2_ou_current_env43004,ou_current,0.015756152288953128,7.521694402952753,0.23794831887819545,wm_residual_rl,31004.0,0.052785588770989954,2,0.017619047619047618,0.0,1.0,0.0
0.10809523809523809,0.014841269841269841,26.117500189144295,0.0,unseen,43000,492cef811cc3c9a48c8b36bc5b2f83178ae79852ad18b44d23143a7e93cb549e,scn2_colored_noise_env43000,colored_noise,0.030797936827203675,9.006983696769462,0.5223633509827283,smc,,0.18952708457980524,2,0.009523809523809525,0.0,1.0,0.0
0.054285714285714284,0.0004761904761904762,25.30622314014522,1.0,unseen,43000,492cef811cc3c9a48c8b36bc5b2f83178ae79852ad18b44d23143a7e93cb549e,scn2_colored_noise_env43000,colored_noise,0.020419836409567512,6.8504391725330205,0.3098052146432978,mpc,,0.06700244777855333,2,0.012380952380952381,0.0,1.0,0.0
0.05761904761904762,0.003015873015873016,25.21541016905274,0.5932797619047617,unseen,43000,492cef811cc3c9a48c8b36bc5b2f83178ae79852ad18b44d23143a7e93cb549e,scn2_colored_noise_env43000,colored_noise,0.02043070524625974,7.708048636421875,0.3023377147750185,constant_alpha,,0.06570655500445582,2,0.011904761904761904,0.0,1.0,0.0
0.06476190476190476,0.0038888888888888888,25.38124446441761,0.9289306475055082,unseen,43000,492cef811cc3c9a48c8b36bc5b2f83178ae79852ad18b44d23143a7e93cb549e,scn2_colored_noise_env43000,colored_noise,0.02061141097259828,7.592911657552779,0.30293077620198017,sspo,,0.0628010013054534,2,0.011428571428571429,0.0,1.0,0.0
0.06523809523809523,0.004285714285714285,25.49652419848876,0.9179632124093249,unseen,43000,492cef811cc3c9a48c8b36bc5b2f83178ae79852ad18b44d23143a7e93cb549e,scn2_colored_noise_env43000,colored_noise,0.020458322672613934,7.476660851290225,0.3045022184485194,v3_transformer,31000.0,0.06335331584997123,2,0.010476190476190476,0.0,1.0,0.0
0.06857142857142857,0.004285714285714286,25.530368855579155,0.9081432910710776,unseen,43000,492cef811cc3c9a48c8b36bc5b2f83178ae79852ad18b44d23143a7e93cb549e,scn2_colored_noise_env43000,colored_noise,0.0207917736482854,7.391620349786338,0.30395866732290533,v3_transformer,31001.0,0.06312704022855696,2,0.015714285714285715,0.0,1.0,0.0
0.06428571428571428,0.003253968253968254,25.41923745062703,0.9226953762881454,unseen,43000,492cef811cc3c9a48c8b36bc5b2f83178ae79852ad18b44d23143a7e93cb549e,scn2_colored_noise_env43000,colored_noise,0.020456723067695384,7.590516688006578,0.3035958670929866,v3_transformer,31002.0,0.06372897322050682,2,0.014761904761904763,0.0,1.0,0.0
0.06476190476190476,0.003253968253968254,25.451296874060418,0.9244538221859234,unseen,43000,492cef811cc3c9a48c8b36bc5b2f83178ae79852ad18b44d23143a7e93cb549e,scn2_colored_noise_env43000,colored_noise,0.0203225825495439,7.548321289278892,0.30445860394868873,v3_transformer,31003.0,0.0639141768274267,2,0.01619047619047619,0.0,1.0,0.0
0.06619047619047619,0.003968253968253968,25.583199961726734,0.8961613252510066,unseen,43000,492cef811cc3c9a48c8b36bc5b2f83178ae79852ad18b44d23143a7e93cb549e,scn2_colored_noise_env43000,colored_noise,0.020441477037845292,7.366709122771032,0.30552187256613356,v3_transformer,31004.0,0.0642704661914108,2,0.009047619047619047,0.0,1.0,0.0
0.06523809523809523,0.004047619047619047,25.50327641164723,0.917759926752874,unseen,43000,492cef811cc3c9a48c8b36bc5b2f83178ae79852ad18b44d23143a7e93cb549e,scn2_colored_noise_env43000,colored_noise,0.020458049489533926,7.467057518546968,0.3045022184485194,wm_hybrid,31000.0,0.06338610191871613,2,0.018571428571428572,0.0,1.0,0.04047619047619048
0.06857142857142857,0.004285714285714286,25.533245095857232,0.9082823524146332,unseen,43000,492cef811cc3c9a48c8b36bc5b2f83178ae79852ad18b44d23143a7e93cb549e,scn2_colored_noise_env43000,colored_noise,0.02076411217791344,7.387533792575777,0.30395866732290533,wm_hybrid,31001.0,0.06310741443015655,2,0.01619047619047619,0.0,1.0,0.04047619047619048
0.06428571428571428,0.003253968253968254,25.421007201877174,0.9231357451478878,unseen,43000,492cef811cc3c9a48c8b36bc5b2f83178ae79852ad18b44d23143a7e93cb549e,scn2_colored_noise_env43000,colored_noise,0.020414353793010844,7.588217210751565,0.3035958670929866,wm_hybrid,31002.0,0.06372607722524612,2,0.013333333333333334,0.0,1.0,0.040952380952380955
0.06476190476190476,0.0035714285714285713,25.45936123729634,0.9240748722378288,unseen,43000,492cef811cc3c9a48c8b36bc5b2f83178ae79852ad18b44d23143a7e93cb549e,scn2_colored_noise_env43000,colored_noise,0.020291254748048944,7.537725005536679,0.30445860394868873,wm_hybrid,31003.0,0.06391032225434352,2,0.009523809523809525,0.0,1.0,0.04047619047619048
0.06666666666666667,0.004285714285714286,25.593989175450716,0.8974037846254007,unseen,43000,492cef811cc3c9a48c8b36bc5b2f83178ae79852ad18b44d23143a7e93cb549e,scn2_colored_noise_env43000,colored_noise,0.02040926163627806,7.3526141443133435,0.30552187256613356,wm_hybrid,31004.0,0.0642677663100453,2,0.010952380952380953,0.0,1.0,0.04047619047619048
0.05904761904761905,0.0029365079365079364,25.183537167215356,0.5394114482467988,unseen,43000,492cef811cc3c9a48c8b36bc5b2f83178ae79852ad18b44d23143a7e93cb549e,scn2_colored_noise_env43000,colored_noise,0.02058145878952505,7.71001804881833,0.30235330800721166,residual_rl,31000.0,0.06567315482942779,2,0.007142857142857143,0.0,1.0,0.0
0.05904761904761905,0.003571428571428571,25.226832591538823,0.6019772173046494,unseen,43000,492cef811cc3c9a48c8b36bc5b2f83178ae79852ad18b44d23143a7e93cb549e,scn2_colored_noise_env43000,colored_noise,0.020847510484666525,7.699648404045821,0.302358714334372,residual_rl,31001.0,0.06473389587660852,2,0.009047619047619047,0.0,1.0,0.0
0.05857142857142857,0.003571428571428571,25.19030094360633,0.5611498585663423,unseen,43000,492cef811cc3c9a48c8b36bc5b2f83178ae79852ad18b44d23143a7e93cb549e,scn2_colored_noise_env43000,colored_noise,0.020533114094653804,7.707241410778991,0.3023568790160443,residual_rl,31002.0,0.06514402100116128,2,0.005714285714285714,0.0,1.0,0.0
0.05904761904761905,0.003571428571428571,25.207364680940536,0.5706959916841614,unseen,43000,492cef811cc3c9a48c8b36bc5b2f83178ae79852ad18b44d23143a7e93cb549e,scn2_colored_noise_env43000,colored_noise,0.020621123454173027,7.701150908434021,0.30235441395662593,residual_rl,31003.0,0.06521249918708484,2,0.011428571428571429,0.0,1.0,0.0
0.05761904761904762,0.003809523809523809,25.203328674449214,0.516967585445912,unseen,43000,492cef811cc3c9a48c8b36bc5b2f83178ae79852ad18b44d23143a7e93cb549e,scn2_colored_noise_env43000,colored_noise,0.020570995223738914,7.704034339649916,0.3023377147750185,residual_rl,31004.0,0.06657094908709818,2,0.011428571428571429,0.0,1.0,0.0
0.05857142857142857,0.002619047619047619,25.209305142341808,0.5989289654926441,unseen,43000,492cef811cc3c9a48c8b36bc5b2f83178ae79852ad18b44d23143a7e93cb549e,scn2_colored_noise_env43000,colored_noise,0.02076483210994086,7.719966685640523,0.3023377147750185,wm_residual_rl,31000.0,0.06650223010016959,2,0.008571428571428572,0.0,1.0,0.0
0.05857142857142857,0.0032539682539682543,25.173301897017136,0.5638681805674878,unseen,43000,492cef811cc3c9a48c8b36bc5b2f83178ae79852ad18b44d23143a7e93cb549e,scn2_colored_noise_env43000,colored_noise,0.020512213543159435,7.720858930739851,0.30234229534213564,wm_residual_rl,31001.0,0.06617260590173121,2,0.012857142857142857,0.0,1.0,0.0
0.05857142857142857,0.0034126984126984124,25.167070971198257,0.49707442592144335,unseen,43000,492cef811cc3c9a48c8b36bc5b2f83178ae79852ad18b44d23143a7e93cb549e,scn2_colored_noise_env43000,colored_noise,0.020487668941252174,7.7104740247222905,0.30233953454571444,wm_residual_rl,31002.0,0.06616930945257209,2,0.010952380952380953,0.0,1.0,0.0
0.05761904761904762,0.003650793650793651,25.18448148501587,0.5202043929384351,unseen,43000,492cef811cc3c9a48c8b36bc5b2f83178ae79852ad18b44d23143a7e93cb549e,scn2_colored_noise_env43000,colored_noise,0.020200197384730074,7.7118054672006355,0.3023473663979307,wm_residual_rl,31003.0,0.06606758165389195,2,0.02,0.0,1.0,0.0
0.05904761904761905,0.003571428571428571,25.200745848623345,0.576681797562973,unseen,43000,492cef811cc3c9a48c8b36bc5b2f83178ae79852ad18b44d23143a7e93cb549e,scn2_colored_noise_env43000,colored_noise,0.020637940280851343,7.701907087662069,0.30235382949807293,wm_residual_rl,31004.0,0.06471198805692098,2,0.011904761904761904,0.0,1.0,0.0
0.10428571428571429,0.0047619047619047615,25.64191125227832,0.0,unseen,43001,850016d327a47863eaf258e16b2113920863557b50a5a7e994120c9565b17bc9,scn2_colored_noise_env43001,colored_noise,0.048792127953926866,9.842375073402048,0.6395760820220772,smc,,0.21519943745624853,2,0.010476190476190476,0.0,1.0,0.0
0.032857142857142856,7.936507936507937e-05,24.960192469178327,1.0,unseen,43001,850016d327a47863eaf258e16b2113920863557b50a5a7e994120c9565b17bc9,scn2_colored_noise_env43001,colored_noise,0.014270437207785935,6.8188731805643075,0.3243902337968871,mpc,,0.07000728175556498,2,0.01380952380952381,0.0,1.0,0.0
0.04380952380952381,0.0017460317460317458,24.657045366064715,0.5932797619047617,unseen,43001,850016d327a47863eaf258e16b2113920863557b50a5a7e994120c9565b17bc9,scn2_colored_noise_env43001,colored_noise,0.01531953427734329,7.866453414673606,0.3101477991617695,constant_alpha,,0.06923114146590295,2,0.010952380952380953,0.0,1.0,0.0
0.04047619047619048,0.0017460317460317458,24.904021108710705,0.9277464334441917,unseen,43001,850016d327a47863eaf258e16b2113920863557b50a5a7e994120c9565b17bc9,scn2_colored_noise_env43001,colored_noise,0.013823626275915405,7.603311344146366,0.3106669465657313,sspo,,0.06666123751996164,2,0.01,0.0,1.0,0.0
0.037142857142857144,0.0017460317460317458,25.04181191699147,0.9163418298832751,unseen,43001,850016d327a47863eaf258e16b2113920863557b50a5a7e994120c9565b17bc9,scn2_colored_noise_env43001,colored_noise,0.013884272355003958,7.420110325012209,0.31094233338586175,v3_transformer,31000.0,0.06654506525367891,2,0.011904761904761904,0.0,1.0,0.0
0.03857142857142857,0.0017460317460317458,25.110611818350012,0.9233767253059776,unseen,43001,850016d327a47863eaf258e16b2113920863557b50a5a7e994120c9565b17bc9,scn2_colored_noise_env43001,colored_noise,0.013803520584199702,7.323521676628152,0.3102790499553355,v3_transformer,31001.0,0.06591421247280826,2,0.008095238095238095,0.0,1.0,0.0
0.04047619047619048,0.0017460317460317458,24.908402225911768,0.9274109210763366,unseen,43001,850016d327a47863eaf258e16b2113920863557b50a5a7e994120c9565b17bc9,scn2_colored_noise_env43001,colored_noise,0.013801808186319108,7.609307720357014,0.3108448694916977,v3_transformer,31002.0,0.06726777005195538,2,0.010476190476190476,0.0,1.0,0.0
0.0380952380952381,0.0017460317460317458,24.97325965982824,0.9172331336969348,unseen,43001,850016d327a47863eaf258e16b2113920863557b50a5a7e994120c9565b17bc9,scn2_colored_noise_env43001,colored_noise,0.013802018584037313,7.499368254686718,0.31063230896587324,v3_transformer,31003.0,0.06742138151835515,2,0.007619047619047619,0.0,1.0,0.0
0.034761904761904765,0.0019047619047619048,25.072168932890236,0.888224932426827,unseen,43001,850016d327a47863eaf258e16b2113920863557b50a5a7e994120c9565b17bc9,scn2_colored_noise_env43001,colored_noise,0.014106619589541692,7.356858039190456,0.31069947341426835,v3_transformer,31004.0,0.06689144574790316,2,0.01619047619047619,0.0,1.0,0.0
0.03666666666666667,0.0017460317460317458,25.044283053916512,0.9163020625790209,unseen,43001,850016d327a47863eaf258e16b2113920863557b50a5a7e994120c9565b17bc9,scn2_colored_noise_env43001,colored_noise,0.013884790553428778,7.416736270446986,0.3109731099602899,wm_hybrid,31000.0,0.06657263814941095,2,0.014285714285714285,0.0,1.0,0.047142857142857146
0.040952380952380955,0.0017460317460317458,25.131604367679092,0.922887946586315,unseen,43001,850016d327a47863eaf258e16b2113920863557b50a5a7e994120c9565b17bc9,scn2_colored_noise_env43001,colored_noise,0.013806461707444307,7.302298118049577,0.3104207783323325,wm_hybrid,31001.0,0.06595497852593686,2,0.010952380952380953,0.0,1.0,0.047142857142857146
0.04047619047619048,0.0017460317460317458,24.909935863441074,0.9276578987884524,unseen,43001,850016d327a47863eaf258e16b2113920863557b50a5a7e994120c9565b17bc9,scn2_colored_noise_env43001,colored_noise,0.01380429763785041,7.610373423983247,0.3109538358472106,wm_hybrid,31002.0,0.06729776581556156,2,0.015714285714285715,0.0,1.0,0.047619047619047616
0.0380952380952381,0.0017460317460317458,24.975729680049813,0.9182565745152469,unseen,43001,850016d327a47863eaf258e16b2113920863557b50a5a7e994120c9565b17bc9,scn2_colored_noise_env43001,colored_noise,0.013804703468669171,7.498651666637617,0.3107002584773885,wm_hybrid,31003.0,0.06744158907061433,2,0.011428571428571429,0.0,1.0,0.047619047619047616
0.035238095238095235,0.0019047619047619048,25.084285636683916,0.890255230421629,unseen,43001,850016d327a47863eaf258e16b2113920863557b50a5a7e994120c9565b17bc9,scn2_colored_noise_env43001,colored_noise,0.0141170060507775,7.346034832153759,0.31083107078913097,wm_hybrid,31004.0,0.06689678287112259,2,0.010476190476190476,0.0,1.0,0.047142857142857146
0.043333333333333335,0.0017460317460317458,24.60396912736217,0.5515558461925849,unseen,43001,850016d327a47863eaf258e16b2113920863557b50a5a7e994120c9565b17bc9,scn2_colored_noise_env43001,colored_noise,0.01517706394771152,7.863155798963995,0.31014654147879533,residual_rl,31000.0,0.06952412570565489,2,0.006190476190476191,0.0,1.0,0.0
0.04285714285714286,0.0017460317460317458,24.653193610467806,0.6103301988387538,unseen,43001,850016d327a47863eaf258e16b2113920863557b50a5a7e994120c9565b17bc9,scn2_colored_noise_env43001,colored_noise,0.015857448641468073,7.846808706738828,0.31014692801026306,residual_rl,31001.0,0.06860840219868643,2,0.011904761904761904,0.0,1.0,0.0
0.04285714285714286,0.0017460317460317458,24.63058755256604,0.5390460198157924,unseen,43001,850016d327a47863eaf258e16b2113920863557b50a5a7e994120c9565b17bc9,scn2_colored_noise_env43001,colored_noise,0.014736714381483842,7.860740243754758,0.3101466905482837,residual_rl,31002.0,0.06938461750765422,2,0.010952380952380953,0.0,1.0,0.0
0.04285714285714286,0.0017460317460317458,24.607442720561195,0.537256412572646,unseen,43001,850016d327a47863eaf258e16b2113920863557b50a5a7e994120c9565b17bc9,scn2_colored_noise_env43001,colored_noise,0.015682766990038583,7.854829331895763,0.31014681754575996,residual_rl,31003.0,0.06948377858636609,2,0.010476190476190476,0.0,1.0,0.0
0.043333333333333335,0.0017460317460317458,24.630592620574333,0.5121605308721664,unseen,43001,850016d327a47863eaf258e16b2113920863557b50a5a7e994120c9565b17bc9,scn2_colored_noise_env43001,colored_noise,0.015953874823025346,7.8609297464756045,0.3101477991617695,residual_rl,31004.0,0.06995795683785325,2,0.012380952380952381,0.0,1.0,0.0
0.04285714285714286,0.0017460317460317458,24.646300106741037,0.5751577155223423,unseen,43001,850016d327a47863eaf258e16b2113920863557b50a5a7e994120c9565b17bc9,scn2_colored_noise_env43001,colored_noise,0.014904183336176727,7.871027334594277,0.3101477991617695,wm_residual_rl,31000.0,0.07007319405660878,2,0.020476190476190478,0.0,1.0,0.0
0.043333333333333335,0.0017460317460317458,24.618595284875795,0.5559599255639016,unseen,43001,850016d327a47863eaf258e16b2113920863557b50a5a7e994120c9565b17bc9,scn2_colored_noise_env43001,colored_noise,0.015900408249458427,7.8787303535431965,0.310146851700387,wm_residual_rl,31001.0,0.06988406522285827,2,0.009047619047619047,0.0,1.0,0.0
0.04285714285714286,0.0017460317460317458,24.59444455323238,0.4897191164466057,unseen,43001,850016d327a47863eaf258e16b2113920863557b50a5a7e994120c9565b17bc9,scn2_colored_noise_env43001,colored_noise,0.015359244908237486,7.8638860324700275,0.31014675204125813,wm_residual_rl,31002.0,0.07004900472568634,2,0.012380952380952381,0.0,1.0,0.0
0.04380952380952381,0.0017460317460317458,24.63765079646976,0.5183463573016276,unseen,43001,850016d327a47863eaf258e16b2113920863557b50a5a7e994120c9565b17bc9,scn2_colored_noise_env43001,colored_noise,0.01601062250327651,7.868409488350817,0.3101477991617695,wm_residual_rl,31003.0,0.07011578277214191,2,0.010952380952380953,0.0,1.0,0.0
0.04285714285714286,0.0017460317460317458,24.639278612768308,0.5371896748073229,unseen,43001,850016d327a47863eaf258e16b2113920863557b50a5a7e994120c9565b17bc9,scn2_colored_noise_env43001,colored_noise,0.0160354818979031,7.857768843829967,0.3101466588298399,wm_residual_rl,31004.0,0.06911909616387589,2,0.01619047619047619,0.0,1.0,0.0
0.16523809523809524,0.020396825396825396,33.39869111052627,0.0,unseen,43002,799a6c1108dc5f554e8ef6317b43ab41bf48c97416a740a5af1afee0ff05755e,scn2_colored_noise_env43002,colored_noise,0.03659986182551781,9.88496935815871,0.5903936128630203,smc,,0.2084218341207348,2,0.013333333333333334,0.0,1.0,0.0
0.11428571428571428,0.0002380952380952381,32.37701659809071,1.0,unseen,43002,799a6c1108dc5f554e8ef6317b43ab41bf48c97416a740a5af1afee0ff05755e,scn2_colored_noise_env43002,colored_noise,0.03588009455372634,6.762268364302081,0.3264245089085377,mpc,,0.06971009359375875,2,0.009047619047619047,0.0,1.0,0.0
0.11,0.004206349206349207,32.081265733800535,0.5932797619047617,unseen,43002,799a6c1108dc5f554e8ef6317b43ab41bf48c97416a740a5af1afee0ff05755e,scn2_colored_noise_env43002,colored_noise,0.035080111084869955,7.8278815874539855,0.29980592935159006,constant_alpha,,0.06608524376316657,2,0.013333333333333334,0.0,1.0,0.0
0.12285714285714286,0.002698412698412698,32.28755729387532,0.9352435546501374,unseen,43002,799a6c1108dc5f554e8ef6317b43ab41bf48c97416a740a5af1afee0ff05755e,scn2_colored_noise_env43002,colored_noise,0.03586440376106976,7.693450191581076,0.29948284013685483,sspo,,0.06303794919520586,2,0.01619047619047619,0.0,1.0,0.0
0.12095238095238095,0.003174603174603174,32.418198716133965,0.9151032017614524,unseen,43002,799a6c1108dc5f554e8ef6317b43ab41bf48c97416a740a5af1afee0ff05755e,scn2_colored_noise_env43002,colored_noise,0.0355217839390335,7.512880809095663,0.2993105078954378,v3_transformer,31000.0,0.06304567394919408,2,0.015714285714285715,0.0,1.0,0.0
0.12380952380952381,0.0034126984126984124,32.53996992140615,0.9040321025580952,unseen,43002,799a6c1108dc5f554e8ef6317b43ab41bf48c97416a740a5af1afee0ff05755e,scn2_colored_noise_env43002,colored_noise,0.035474952481901224,7.321663014901238,0.2993219576360433,v3_transformer,31001.0,0.06264996685921828,2,0.010952380952380953,0.0,1.0,0.0
0.11523809523809524,0.002777777777777777,32.41023373817717,0.9158460174643442,unseen,43002,799a6c1108dc5f554e8ef6317b43ab41bf48c97416a740a5af1afee0ff05755e,scn2_colored_noise_env43002,colored_noise,0.035460021163116376,7.584640523407062,0.2992810053293309,v3_transformer,31002.0,0.06362171669899001,2,0.007619047619047619,0.0,1.0,0.0
0.11523809523809524,0.0028571428571428567,32.46903862146361,0.9044765728956202,unseen,43002,799a6c1108dc5f554e8ef6317b43ab41bf48c97416a740a5af1afee0ff05755e,scn2_colored_noise_env43002,colored_noise,0.0353847042073202,7.507158621240268,0.2992566312223945,v3_transformer,31003.0,0.06378152687027572,2,0.011904761904761904,0.0,1.0,0.0
0.12380952380952381,0.003333333333333333,32.52608091771104,0.8847703445899021,unseen,43002,799a6c1108dc5f554e8ef6317b43ab41bf48c97416a740a5af1afee0ff05755e,scn2_colored_noise_env43002,colored_noise,0.03548714960297746,7.365429801225773,0.2992364240538303,v3_transformer,31004.0,0.06371583991627107,2,0.011904761904761904,0.0,1.0,0.0
0.12142857142857143,0.003174603174603174,32.43807166592912,0.9126505857602462,unseen,43002,799a6c1108dc5f554e8ef6317b43ab41bf48c97416a740a5af1afee0ff05755e,scn2_colored_noise_env43002,colored_noise,0.035450987165126804,7.487325704190353,0.29930870981672386,wm_hybrid,31000.0,0.0630574898868108,2,0.015714285714285715,0.0,1.0,0.03666666666666667
0.12428571428571429,0.0033333333333333335,32.54204947859105,0.9032660743313926,unseen,43002,799a6c1108dc5f554e8ef6317b43ab41bf48c97416a740a5af1afee0ff05755e,scn2_colored_noise_env43002,colored_noise,0.03546659158259907,7.320453329818492,0.2993380797754829,wm_hybrid,31001.0,0.0626727669594518,2,0.15761904761904763,0.0,1.0,0.03666666666666667
0.1180952380952381,0.0025396825396825397,32.393338150442396,0.9148573017388172,unseen,43002,799a6c1108dc5f554e8ef6317b43ab41bf48c97416a740a5af1afee0ff05755e,scn2_colored_noise_env43002,colored_noise,0.03552730371432254,7.687826570295378,0.299815038727865,wm_hybrid,31002.0,0.06389095420546426,2,1.0,0.002380952380952381,1.0,0.03666666666666667
0.11619047619047619,0.0028571428571428567,32.470255135453435,0.9028496958035103,unseen,43002,799a6c1108dc5f554e8ef6317b43ab41bf48c97416a740a5af1afee0ff05755e,scn2_colored_noise_env43002,colored_noise,0.035287041741958965,7.57820697381754,0.2994248644286168,wm_hybrid,31003.0,0.06401850953958525,2,1.0,0.0019047619047619048,1.0,0.03666666666666667
0.12523809523809523,0.0028571428571428567,32.49783306094055,0.8805597309242289,unseen,43002,799a6c1108dc5f554e8ef6317b43ab41bf48c97416a740a5af1afee0ff05755e,scn2_colored_noise_env43002,colored_noise,0.035507739920222055,7.467449137229315,0.29977089354316533,wm_hybrid,31004.0,0.06423588344112578,2,1.0,0.002380952380952381,1.0,0.03666666666666667
0.10952380952380952,0.004682539682539683,32.008236612877646,0.5485286014584025,unseen,43002,799a6c1108dc5f554e8ef6317b43ab41bf48c97416a740a5af1afee0ff05755e,scn2_colored_noise_env43002,colored_noise,0.034977406898202675,7.96458012472723,0.3004869159209279,residual_rl,31000.0,0.06624862878021358,2,1.0,0.0038095238095238095,1.0,0.0
0.10904761904761905,0.005158730158730159,32.06492410718115,0.5805099240082692,unseen,43002,799a6c1108dc5f554e8ef6317b43ab41bf48c97416a740a5af1afee0ff05755e,scn2_colored_noise_env43002,colored_noise,0.03483188104791947,7.972046239301008,0.3007629658687527,residual_rl,31001.0,0.0657309602627943,2,1.0,0.004761904761904762,1.0,0.0
0.10952380952380952,0.005555555555555555,32.08046995629887,0.533263322207795,unseen,43002,799a6c1108dc5f554e8ef6317b43ab41bf48c97416a740a5af1afee0ff05755e,scn2_colored_noise_env43002,colored_noise,0.03475672055014735,7.987318660302579,0.30198998468228117,residual_rl,31002.0,0.06635844773799981,2,1.0,0.01,1.0,0.0
0.10761904761904761,0.004999999999999999,32.04141471852301,0.5724149960769593,unseen,43002,799a6c1108dc5f554e8ef6317b43ab41bf48c97416a740a5af1afee0ff05755e,scn2_colored_noise_env43002,colored_noise,0.034849870284926185,7.8272209640302455,0.29979482799537815,residual_rl,31003.0,0.06549071669426752,2,1.0,0.0019047619047619048,1.0,0.0
0.10952380952380952,0.005396825396825396,32.03229100781533,0.5139384549196789,unseen,43002,799a6c1108dc5f554e8ef6317b43ab41bf48c97416a740a5af1afee0ff05755e,scn2_colored_noise_env43002,colored_noise,0.034679752486842276,7.875372257420004,0.29987670741647393,residual_rl,31004.0,0.06737246848315032,2,1.0,0.0014285714285714286,1.0,0.0
0.11095238095238096,0.004444444444444444,32.08839963010116,0.6008130218486644,unseen,43002,799a6c1108dc5f554e8ef6317b43ab41bf48c97416a740a5af1afee0ff05755e,scn2_colored_noise_env43002,colored_noise,0.035407444557207395,7.829551381717031,0.2997992150894311,wm_residual_rl,31000.0,0.06675720731775218,2,1.0,0.0014285714285714286,1.0,0.0
0.11095238095238096,0.004285714285714286,32.04537794341889,0.5545537233206137,unseen,43002,799a6c1108dc5f554e8ef6317b43ab41bf48c97416a740a5af1afee0ff05755e,scn2_colored_noise_env43002,colored_noise,0.03466499406891405,7.9314927248837614,0.2999437969931271,wm_residual_rl,31001.0,0.06661477082449063,2,1.0,0.0014285714285714286,1.0,0.0
0.11047619047619048,0.005555555555555555,32.35499080768538,0.4881067744371012,unseen,43002,799a6c1108dc5f554e8ef6317b43ab41bf48c97416a740a5af1afee0ff05755e,scn2_colored_noise_env43002,colored_noise,0.03468507247731458,7.454820934549734,0.299981014050125,wm_residual_rl,31002.0,0.06627846978360938,2,1.0,0.009047619047619047,1.0,0.0
0.11142857142857143,0.004761904761904762,32.047342189999085,0.5134794947837614,unseen,43002,799a6c1108dc5f554e8ef6317b43ab41bf48c97416a740a5af1afee0ff05755e,scn2_colored_noise_env43002,colored_noise,0.03466353314659444,7.967865536923787,0.3006473168263141,wm_residual_rl,31003.0,0.06686235275641174,2,1.0,0.0033333333333333335,1.0,0.0
0.10952380952380952,0.00492063492063492,32.10540398775392,0.5745590003370196,unseen,43002,799a6c1108dc5f554e8ef6317b43ab41bf48c97416a740a5af1afee0ff05755e,scn2_colored_noise_env43002,colored_noise,0.03472764902240373,7.964391476312336,0.3007529408840242,wm_residual_rl,31004.0,0.06519962556939567,2,1.0,0.005238095238095238,1.0,0.0
0.05714285714285714,0.0031746031746031746,22.28849004914143,0.0,unseen,43003,3a6d721192a8a07dd9dcfb9a891052b85c8b679b3f52d6b977a58e3499743c63,scn2_colored_noise_env43003,colored_noise,0.03759737709684716,8.514164855862282,0.47362418969618,smc,,0.17855124323767033,2,0.01380952380952381,0.0,1.0,0.0
0.024285714285714285,0.00039682539682539677,22.323881224113777,1.0,unseen,43003,3a6d721192a8a07dd9dcfb9a891052b85c8b679b3f52d6b977a58e3499743c63,scn2_colored_noise_env43003,colored_noise,0.013596204441506079,6.823200028998052,0.3078594899055599,mpc,,0.06586465938988034,2,0.015238095238095238,0.0,1.0,0.0
0.01904761904761905,0.0015079365079365076,21.83328063638628,0.5932797619047617,unseen,43003,3a6d721192a8a07dd9dcfb9a891052b85c8b679b3f52d6b977a58e3499743c63,scn2_colored_noise_env43003,colored_noise,0.015137826307223599,7.848511858180837,0.2864624799820235,constant_alpha,,0.06309392618251007,2,0.015714285714285715,0.0,1.0,0.0
0.01904761904761905,0.0015079365079365076,21.941409059531676,0.9287991731960752,unseen,43003,3a6d721192a8a07dd9dcfb9a891052b85c8b679b3f52d6b977a58e3499743c63,scn2_colored_noise_env43003,colored_noise,0.013594103400183173,7.649107082681504,0.2861048052392585,sspo,,0.058087457733204916,2,0.011904761904761904,0.0,1.0,0.0
0.01904761904761905,0.0015079365079365076,21.998876592713437,0.9285424295981439,unseen,43003,3a6d721192a8a07dd9dcfb9a891052b85c8b679b3f52d6b977a58e3499743c63,scn2_colored_noise_env43003,colored_noise,0.013619750905013146,7.471802343739562,0.28585405370296263,v3_transformer,31000.0,0.05763409879746377,2,0.006190476190476191,0.0,1.0,0.0
0.020476190476190478,0.0016666666666666666,22.092523001735195,0.9307611661222313,unseen,43003,3a6d721192a8a07dd9dcfb9a891052b85c8b679b3f52d6b977a58e3499743c63,scn2_colored_noise_env43003,colored_noise,0.013596087740561393,7.233248347110266,0.28595777961281754,v3_transformer,31001.0,0.057093786143989446,2,0.009523809523809525,0.0,1.0,0.0
0.01904761904761905,0.0015079365079365076,22.010260222448196,0.9202546286863174,unseen,43003,3a6d721192a8a07dd9dcfb9a891052b85c8b679b3f52d6b977a58e3499743c63,scn2_colored_noise_env43003,colored_noise,0.013609100977434715,7.406252752862234,0.2859522486696711,v3_transformer,31002.0,0.05705608161817104,2,0.011428571428571429,0.0,1.0,0.0
0.01904761904761905,0.0015079365079365076,22.01554211138,0.9334191280935875,unseen,43003,3a6d721192a8a07dd9dcfb9a891052b85c8b679b3f52d6b977a58e3499743c63,scn2_colored_noise_env43003,colored_noise,0.013594003256132619,7.424645587180219,0.2859345386207797,v3_transformer,31003.0,0.05740915401657852,2,0.015238095238095238,0.0,1.0,0.0
0.019523809523809523,0.0016666666666666666,22.034720842056032,0.9053088729044819,unseen,43003,3a6d721192a8a07dd9dcfb9a891052b85c8b679b3f52d6b977a58e3499743c63,scn2_colored_noise_env43003,colored_noise,0.01370531819440975,7.376534040722037,0.2858345968839334,v3_transformer,31004.0,0.05766467106630095,2,0.016666666666666666,0.0,1.0,0.0
0.01904761904761905,0.0015079365079365076,21.997424428727626,0.927490812906685,unseen,43003,3a6d721192a8a07dd9dcfb9a891052b85c8b679b3f52d6b977a58e3499743c63,scn2_colored_noise_env43003,colored_noise,0.012865277519028592,7.445221747566639,0.28585405370296263,wm_hybrid,31000.0,0.05747149549627944,2,0.5871428571428572,0.0009523809523809524,1.0,0.04238095238095238
0.02,0.0016666666666666666,22.082198683402787,0.9271011632783136,unseen,43003,3a6d721192a8a07dd9dcfb9a891052b85c8b679b3f52d6b977a58e3499743c63,scn2_colored_noise_env43003,colored_noise,0.01306261154621893,7.29359977100012,0.2861758389536715,wm_hybrid,31001.0,0.057219219338205445,2,1.0,0.0033333333333333335,1.0,0.04238095238095238
0.01904761904761905,0.0015079365079365076,22.005098993555876,0.9188471378353292,unseen,43003,3a6d721192a8a07dd9dcfb9a891052b85c8b679b3f52d6b977a58e3499743c63,scn2_colored_noise_env43003,colored_noise,0.013397769742217111,7.476665132259094,0.28617507171514406,wm_hybrid,31002.0,0.05719471220368869,2,1.0,0.002857142857142857,1.0,0.04238095238095238
0.01904761904761905,0.0016666666666666668,22.011169608978292,0.9301653828594502,unseen,43003,3a6d721192a8a07dd9dcfb9a891052b85c8b679b3f52d6b977a58e3499743c63,scn2_colored_noise_env43003,colored_noise,0.013235379272492739,7.579635178539975,0.28725110379433305,wm_hybrid,31003.0,0.05802408874218824,2,1.0,0.010952380952380953,1.0,0.04238095238095238
0.019523809523809523,0.0016666666666666666,22.034295418157328,0.9084175791706327,unseen,43003,3a6d721192a8a07dd9dcfb9a891052b85c8b679b3f52d6b977a58e3499743c63,scn2_colored_noise_env43003,colored_noise,0.01345897689060382,7.438846051544599,0.2860949927506748,wm_hybrid,31004.0,0.05774874241954251,2,1.0,0.002857142857142857,1.0,0.04238095238095238
0.01904761904761905,0.0015079365079365076,21.75868758185413,0.5503737272576241,unseen,43003,3a6d721192a8a07dd9dcfb9a891052b85c8b679b3f52d6b977a58e3499743c63,scn2_colored_noise_env43003,colored_noise,0.014019088260436442,7.931243279376596,0.286679977159205,residual_rl,31000.0,0.06276846245775958,2,1.0,0.0033333333333333335,1.0,0.0
0.01904761904761905,0.0015079365079365076,21.81532116376411,0.5948787309273859,unseen,43003,3a6d721192a8a07dd9dcfb9a891052b85c8b679b3f52d6b977a58e3499743c63,scn2_colored_noise_env43003,colored_noise,0.015601846896352111,7.890209099973902,0.2865905011134129,residual_rl,31001.0,0.06175084768368167,2,1.0,0.0038095238095238095,1.0,0.0
0.01904761904761905,0.0015079365079365076,21.81906543984805,0.555929161322413,unseen,43003,3a6d721192a8a07dd9dcfb9a891052b85c8b679b3f52d6b977a58e3499743c63,scn2_colored_noise_env43003,colored_noise,0.01384000849292705,7.942536662861201,0.28668011639565305,residual_rl,31002.0,0.06267673434186147,2,1.0,0.0038095238095238095,1.0,0.0
0.01904761904761905,0.0015079365079365076,21.817742401058272,0.5777627925087709,unseen,43003,3a6d721192a8a07dd9dcfb9a891052b85c8b679b3f52d6b977a58e3499743c63,scn2_colored_noise_env43003,colored_noise,0.01574807128623016,7.892302628030878,0.28657489525761026,residual_rl,31003.0,0.06191083371223702,2,1.0,0.0019047619047619048,1.0,0.0
0.01904761904761905,0.001587301587301587,21.763277908485943,0.5118781961107522,unseen,43003,3a6d721192a8a07dd9dcfb9a891052b85c8b679b3f52d6b977a58e3499743c63,scn2_colored_noise_env43003,colored_noise,0.016065342166417692,7.957192514871002,0.28678169104204126,residual_rl,31004.0,0.06425768989751326,2,1.0,0.0038095238095238095,1.0,0.0
0.01904761904761905,0.0015079365079365076,21.8390976131229,0.6037220456391363,unseen,43003,3a6d721192a8a07dd9dcfb9a891052b85c8b679b3f52d6b977a58e3499743c63,scn2_colored_noise_env43003,colored_noise,0.014443426576028782,7.935156115623876,0.2865754227740088,wm_residual_rl,31000.0,0.06335320926293057,2,1.0,0.0014285714285714286,1.0,0.0
0.01904761904761905,0.001587301587301587,21.802544758526455,0.5613952506944521,unseen,43003,3a6d721192a8a07dd9dcfb9a891052b85c8b679b3f52d6b977a58e3499743c63,scn2_colored_noise_env43003,colored_noise,0.016093732144410133,7.96791908498924,0.28667890134628066,wm_residual_rl,31001.0,0.06438895617671116,2,1.0,0.002857142857142857,1.0,0.0
0.01904761904761905,0.0015079365079365076,21.769266741091958,0.5124628713357534,unseen,43003,3a6d721192a8a07dd9dcfb9a891052b85c8b679b3f52d6b977a58e3499743c63,scn2_colored_noise_env43003,colored_noise,0.015336103822792746,7.918037164754376,0.2865750489220871,wm_residual_rl,31002.0,0.06335406817748813,2,1.0,0.0014285714285714286,1.0,0.0
0.01904761904761905,0.001587301587301587,21.75398275243504,0.5155556614191001,unseen,43003,3a6d721192a8a07dd9dcfb9a891052b85c8b679b3f52d6b977a58e3499743c63,scn2_colored_noise_env43003,colored_noise,0.014900735552961602,7.944688758475851,0.2871307748824643,wm_residual_rl,31003.0,0.06323598559766795,2,1.0,0.004285714285714286,1.0,0.0
0.01904761904761905,0.0015079365079365076,21.81943570108717,0.567259531965501,unseen,43003,3a6d721192a8a07dd9dcfb9a891052b85c8b679b3f52d6b977a58e3499743c63,scn2_colored_noise_env43003,colored_noise,0.015599512768957522,7.895972612288609,0.2865749665527742,wm_residual_rl,31004.0,0.06186850559167459,2,1.0,0.0014285714285714286,1.0,0.0
0.09285714285714286,0.01944444444444444,28.810854459449757,0.0,unseen,43004,ac8cc98ef844f9516ffd14de31afccbe48870c72ecfd9216b307b51cdbbaaef5,scn2_colored_noise_env43004,colored_noise,0.11192308545976534,7.1788276340540715,0.30949824058696473,smc,,0.15001299795643375,2,0.018571428571428572,0.0,1.0,0.0
0.10095238095238095,7.936507936507937e-05,28.85904550917195,1.0,unseen,43004,ac8cc98ef844f9516ffd14de31afccbe48870c72ecfd9216b307b51cdbbaaef5,scn2_colored_noise_env43004,colored_noise,0.04673957226496444,6.882301570887464,0.2535599340340361,mpc,,0.06410168697086388,2,0.017619047619047618,0.0,1.0,0.0
0.08,0.0061111111111111106,28.611204011978742,0.5932797619047617,unseen,43004,ac8cc98ef844f9516ffd14de31afccbe48870c72ecfd9216b307b51cdbbaaef5,scn2_colored_noise_env43004,colored_noise,0.048340167355718514,7.499168062148674,0.24097637311049494,constant_alpha,,0.05933005093209958,2,0.015714285714285715,0.0,1.0,0.0
0.08857142857142856,0.004206349206349207,28.756729227803827,0.9112753892526972,unseen,43004,ac8cc98ef844f9516ffd14de31afccbe48870c72ecfd9216b307b51cdbbaaef5,scn2_colored_noise_env43004,colored_noise,0.04695078229990459,7.35643648581007,0.24182801731391407,sspo,,0.054584442185491494,2,0.013333333333333334,0.0,1.0,0.0
0.08714285714285715,0.004841269841269841,28.799046353562694,0.8908190475358547,unseen,43004,ac8cc98ef844f9516ffd14de31afccbe48870c72ecfd9216b307b51cdbbaaef5,scn2_colored_noise_env43004,colored_noise,0.04714037911795083,7.244358245271322,0.2446695314166996,v3_transformer,31000.0,0.05521360716282501,2,0.007142857142857143,0.0,1.0,0.0
0.08619047619047619,0.004365079365079365,28.822843578851497,0.8916791046645306,unseen,43004,ac8cc98ef844f9516ffd14de31afccbe48870c72ecfd9216b307b51cdbbaaef5,scn2_colored_noise_env43004,colored_noise,0.048016621733029015,7.221392684278749,0.24172403439074797,v3_transformer,31001.0,0.05460347512540869,2,0.012857142857142857,0.0,1.0,0.0
0.08666666666666667,0.004523809523809524,28.798979457930837,0.8865545676901537,unseen,43004,ac8cc98ef844f9516ffd14de31afccbe48870c72ecfd9216b307b51cdbbaaef5,scn2_colored_noise_env43004,colored_noise,0.04776963804501952,7.259596228448226,0.2423089528885788,v3_transformer,31002.0,0.05483484118291764,2,0.013333333333333334,0.0,1.0,0.0
0.08761904761904762,0.004365079365079365,28.760184982364564,0.8902653781164874,unseen,43004,ac8cc98ef844f9516ffd14de31afccbe48870c72ecfd9216b307b51cdbbaaef5,scn2_colored_noise_env43004,colored_noise,0.04748235366024861,7.305747809787043,0.24228048555626883,v3_transformer,31003.0,0.05511766387553522,2,0.012857142857142857,0.0,1.0,0.0
0.08619047619047619,0.0047619047619047615,28.80585475001152,0.8758260552772055,unseen,43004,ac8cc98ef844f9516ffd14de31afccbe48870c72ecfd9216b307b51cdbbaaef5,scn2_colored_noise_env43004,colored_noise,0.0480347903519656,7.220295962499647,0.24233641256423685,v3_transformer,31004.0,0.05496842953727288,2,0.04238095238095238,0.0,1.0,0.0
0.08714285714285715,0.004841269841269841,28.79910214087043,0.8885694371284867,unseen,43004,ac8cc98ef844f9516ffd14de31afccbe48870c72ecfd9216b307b51cdbbaaef5,scn2_colored_noise_env43004,colored_noise,0.047248533276779706,7.2372842625154075,0.24473572807012234,wm_hybrid,31000.0,0.05530660080265779,2,0.6752380952380952,0.0014285714285714286,1.0,0.04
0.08619047619047619,0.004444444444444444,28.827361577368965,0.8906361759407097,unseen,43004,ac8cc98ef844f9516ffd14de31afccbe48870c72ecfd9216b307b51cdbbaaef5,scn2_colored_noise_env43004,colored_noise,0.04792660750774816,7.216383264961058,0.24204171643823108,wm_hybrid,31001.0,0.05471530062649136,2,1.0,0.0014285714285714286,1.0,0.04047619047619048
0.08952380952380952,0.005238095238095238,29.324159439284973,0.8636158936064917,unseen,43004,ac8cc98ef844f9516ffd14de31afccbe48870c72ecfd9216b307b51cdbbaaef5,scn2_colored_noise_env43004,colored_noise,0.04764699127006844,6.543865362848445,0.2425868910279551,wm_hybrid,31002.0,0.06289918752642767,2,1.0,0.017142857142857144,1.0,0.039523809523809524
0.08761904761904762,0.004603174603174603,28.771712113179703,0.8874217279510763,unseen,43004,ac8cc98ef844f9516ffd14de31afccbe48870c72ecfd9216b307b51cdbbaaef5,scn2_colored_noise_env43004,colored_noise,0.04775569077787816,7.395864751339573,0.24929115403458216,wm_hybrid,31003.0,0.05637567008996187,2,1.0,0.004761904761904762,1.0,0.04
0.08619047619047619,0.00492063492063492,28.812805087024035,0.8756145363619292,unseen,43004,ac8cc98ef844f9516ffd14de31afccbe48870c72ecfd9216b307b51cdbbaaef5,scn2_colored_noise_env43004,colored_noise,0.048038006544075695,7.213186687072546,0.24258342275906325,wm_hybrid,31004.0,0.0550395236352866,2,1.0,0.002857142857142857,1.0,0.04
0.07952380952380952,0.006746031746031745,28.58051809055759,0.535420021600561,unseen,43004,ac8cc98ef844f9516ffd14de31afccbe48870c72ecfd9216b307b51cdbbaaef5,scn2_colored_noise_env43004,colored_noise,0.0490541237219482,7.475236129804982,0.2409764171960023,residual_rl,31000.0,0.058686770444936684,2,1.0,0.0004761904761904762,1.0,0.0
0.08,0.007063492063492063,28.62577692274328,0.5835639042576479,unseen,43004,ac8cc98ef844f9516ffd14de31afccbe48870c72ecfd9216b307b51cdbbaaef5,scn2_colored_noise_env43004,colored_noise,0.04944854361185611,7.500973966143915,0.24154417877346374,residual_rl,31001.0,0.057881363782544284,2,1.0,0.002380952380952381,1.0,0.0
0.07857142857142857,0.007619047619047619,28.589702755115123,0.5435078876877624,unseen,43004,ac8cc98ef844f9516ffd14de31afccbe48870c72ecfd9216b307b51cdbbaaef5,scn2_colored_noise_env43004,colored_noise,0.049426985055106246,7.516037469997472,0.24154418908599995,residual_rl,31002.0,0.05877591321453039,2,1.0,0.002857142857142857,1.0,0.0
0.08,0.006587301587301588,28.593619398863048,0.5545547553076107,unseen,43004,ac8cc98ef844f9516ffd14de31afccbe48870c72ecfd9216b307b51cdbbaaef5,scn2_colored_noise_env43004,colored_noise,0.05010005180536719,7.4681434747700095,0.24097637311049494,residual_rl,31003.0,0.058306318759438445,2,1.0,0.0014285714285714286,1.0,0.0
0.07904761904761905,0.00746031746031746,28.58979694988254,0.519468422235676,unseen,43004,ac8cc98ef844f9516ffd14de31afccbe48870c72ecfd9216b307b51cdbbaaef5,scn2_colored_noise_env43004,colored_noise,0.04888022176371485,7.490757229162179,0.24097638850598097,residual_rl,31004.0,0.05980558949413157,2,1.0,0.0004761904761904762,1.0,0.0
0.08047619047619048,0.005793650793650793,28.603843069726793,0.5898276984535075,unseen,43004,ac8cc98ef844f9516ffd14de31afccbe48870c72ecfd9216b307b51cdbbaaef5,scn2_colored_noise_env43004,colored_noise,0.04946140455432314,7.5368328173457435,0.24154417877346374,wm_residual_rl,31000.0,0.05950394069992246,2,1.0,0.0004761904761904762,1.0,0.0
0.07857142857142857,0.0070634920634920625,28.594457017617597,0.5477440159637909,unseen,43004,ac8cc98ef844f9516ffd14de31afccbe48870c72ecfd9216b307b51cdbbaaef5,scn2_colored_noise_env43004,colored_noise,0.04954155284645564,7.546099224011646,0.24154417877346374,wm_residual_rl,31001.0,0.06037298673968032,2,1.0,0.0004761904761904762,1.0,0.0
0.07857142857142857,0.007380952380952381,28.562606980022274,0.5024255464578005,unseen,43004,ac8cc98ef844f9516ffd14de31afccbe48870c72ecfd9216b307b51cdbbaaef5,scn2_colored_noise_env43004,colored_noise,0.049588197963785635,7.513821858918335,0.24097640134087292,wm_residual_rl,31002.0,0.06084244769396066,2,1.0,0.0,1.0,0.0
0.07857142857142857,0.0077777777777777776,28.57450721923832,0.5222548214114793,unseen,43004,ac8cc98ef844f9516ffd14de31afccbe48870c72ecfd9216b307b51cdbbaaef5,scn2_colored_noise_env43004,colored_noise,0.0484988638586736,7.512871785010994,0.24154417877346374,wm_residual_rl,31003.0,0.05892987294512395,2,1.0,0.0004761904761904762,1.0,0.0
0.07857142857142857,0.007380952380952381,28.609460663805613,0.5647999210409425,unseen,43004,ac8cc98ef844f9516ffd14de31afccbe48870c72ecfd9216b307b51cdbbaaef5,scn2_colored_noise_env43004,colored_noise,0.04987439050556931,7.469165271170625,0.24097638850598097,wm_residual_rl,31004.0,0.05791302277803362,2,1.0,0.0,1.0,0.0
0.5271428571428571,0.0014285714285714286,52.72934530563163,0.0,unseen,43000,02fe6f831a562b1ac31266673aab847fd7d9b73cf6431e1de1337108086ee460,scn2_random_freq_amp_env43000,random_freq_amp,0.7604739624964574,15.74800026750621,0.7604739624964574,smc,,0.3464049922079393,2,0.01619047619047619,0.0,1.0,0.0
0.3861904761904762,0.00015873015873015873,45.783102106850095,1.0,unseen,43000,02fe6f831a562b1ac31266673aab847fd7d9b73cf6431e1de1337108086ee460,scn2_random_freq_amp_env43000,random_freq_amp,0.6249101073662354,7.750547268365026,0.6249101073662354,mpc,,0.214828082518615,2,0.009047619047619047,0.0,1.0,0.0
0.36333333333333334,0.0012698412698412698,45.718117267165766,0.5932797619047617,unseen,43000,02fe6f831a562b1ac31266673aab847fd7d9b73cf6431e1de1337108086ee460,scn2_random_freq_amp_env43000,random_freq_amp,0.6180639409161931,8.040902614893877,0.6180639409161931,constant_alpha,,0.21436445959298242,2,0.014285714285714285,0.0,1.0,0.0
0.37047619047619046,0.0012698412698412698,45.71490982934808,0.7941279776231828,unseen,43000,02fe6f831a562b1ac31266673aab847fd7d9b73cf6431e1de1337108086ee460,scn2_random_freq_amp_env43000,random_freq_amp,0.625210413799224,7.936122418145403,0.625210413799224,sspo,,0.21609392791096657,2,0.008571428571428572,0.0,1.0,0.0
0.4066666666666667,0.0012698412698412698,47.0182286799058,0.6137874228083651,unseen,43000,02fe6f831a562b1ac31266673aab847fd7d9b73cf6431e1de1337108086ee460,scn2_random_freq_amp_env43000,random_freq_amp,0.6259628359913654,9.050351438348276,0.653374388252646,v3_transformer,31000.0,0.26699195839426376,2,0.01904761904761905,0.0,1.0,0.0
0.37,0.0012698412698412698,45.657028705896465,0.7966116514765803,unseen,43000,02fe6f831a562b1ac31266673aab847fd7d9b73cf6431e1de1337108086ee460,scn2_random_freq_amp_env43000,random_freq_amp,0.6254818473651702,7.840433647079882,0.6254818473651702,v3_transformer,31001.0,0.21480069701148977,2,0.019523809523809523,0.0,1.0,0.0
0.37047619047619046,0.0012698412698412698,45.64059828482162,0.8004792871409018,unseen,43000,02fe6f831a562b1ac31266673aab847fd7d9b73cf6431e1de1337108086ee460,scn2_random_freq_amp_env43000,random_freq_amp,0.6263088904273416,7.672218904672099,0.6263088904273416,v3_transformer,31002.0,0.21553388711713375,2,0.010476190476190476,0.0,1.0,0.0
0.36904761904761907,0.0012698412698412698,45.65287616123377,0.7863471602653377,unseen,43000,02fe6f831a562b1ac31266673aab847fd7d9b73cf6431e1de1337108086ee460,scn2_random_freq_amp_env43000,random_freq_amp,0.6261010388010528,7.7716782574853,0.6261010388010528,v3_transformer,31003.0,0.21490747964716203,2,0.11904761904761904,0.0,1.0,0.0
0.3995238095238095,0.0012698412698412698,47.54240504715055,0.6085909316735986,unseen,43000,02fe6f831a562b1ac31266673aab847fd7d9b73cf6431e1de1337108086ee460,scn2_random_freq_amp_env43000,random_freq_amp,0.6216705640662317,9.851448279413692,0.6869612183038787,v3_transformer,31004.0,0.26821950947157563,2,0.8152380952380952,0.002857142857142857,1.0,0.0
0.4066666666666667,0.0012698412698412698,47.0327227912705,0.6141864234548343,unseen,43000,02fe6f831a562b1ac31266673aab847fd7d9b73cf6431e1de1337108086ee460,scn2_random_freq_amp_env43000,random_freq_amp,0.6259788449061033,8.93739636601036,0.6553770090469263,wm_hybrid,31000.0,0.2673578749047977,2,1.0,0.0019047619047619048,1.0,0.032857142857142856
0.37047619047619046,0.0012698412698412698,45.942115571940015,0.7748391237955249,unseen,43000,02fe6f831a562b1ac31266673aab847fd7d9b73cf6431e1de1337108086ee460,scn2_random_freq_amp_env43000,random_freq_amp,0.6254686749282911,7.481707966764328,0.6254686749282911,wm_hybrid,31001.0,0.22378414027695392,2,1.0,0.028095238095238097,1.0,0.03333333333333333
0.36904761904761907,0.0014285714285714286,45.87442312596106,0.7810660248786695,unseen,43000,02fe6f831a562b1ac31266673aab847fd7d9b73cf6431e1de1337108086ee460,scn2_random_freq_amp_env43000,random_freq_amp,0.6262638291977946,7.4957138763756195,0.6262638291977946,wm_hybrid,31002.0,0.2256558020746289,2,1.0,0.03857142857142857,1.0,0.03333333333333333
0.36904761904761907,0.0014285714285714286,45.656861436662275,0.7837398470447325,unseen,43000,02fe6f831a562b1ac31266673aab847fd7d9b73cf6431e1de1337108086ee460,scn2_random_freq_amp_env43000,random_freq_amp,0.6257347776332064,7.761445005257352,0.6257347776332064,wm_hybrid,31003.0,0.21526789514185363,2,1.0,0.004761904761904762,1.0,0.03333333333333333
0.3995238095238095,0.0012698412698412698,47.56098111770522,0.6068999585722478,unseen,43000,02fe6f831a562b1ac31266673aab847fd7d9b73cf6431e1de1337108086ee460,scn2_random_freq_amp_env43000,random_freq_amp,0.6216599075624467,9.777357090148199,0.6861426511883972,wm_hybrid,31004.0,0.26835596641549697,2,1.0,0.0038095238095238095,1.0,0.03238095238095238
0.36142857142857143,0.0012698412698412698,45.75642574508902,0.5577756427780033,unseen,43000,02fe6f831a562b1ac31266673aab847fd7d9b73cf6431e1de1337108086ee460,scn2_random_freq_amp_env43000,random_freq_amp,0.615948940930206,8.019846479050944,0.615948940930206,residual_rl,31000.0,0.2146612979338318,2,1.0,0.002380952380952381,1.0,0.0
0.36047619047619045,0.0015079365079365078,45.77318182408026,0.5193315433521434,unseen,43000,02fe6f831a562b1ac31266673aab847fd7d9b73cf6431e1de1337108086ee460,scn2_random_freq_amp_env43000,random_freq_amp,0.6154988694774773,8.003948247238757,0.6154988694774773,residual_rl,31001.0,0.21461365009653163,2,1.0,0.0014285714285714286,1.0,0.0
0.36047619047619045,0.0012698412698412698,45.782797237677094,0.5028553715573909,unseen,43000,02fe6f831a562b1ac31266673aab847fd7d9b73cf6431e1de1337108086ee460,scn2_random_freq_amp_env43000,random_freq_amp,0.6142569338375886,8.033715298114586,0.6142569338375886,residual_rl,31002.0,0.21503217634950805,2,1.0,0.0009523809523809524,1.0,0.0
0.3638095238095238,0.0012698412698412698,45.752064053079664,0.580609705134956,unseen,43000,02fe6f831a562b1ac31266673aab847fd7d9b73cf6431e1de1337108086ee460,scn2_random_freq_amp_env43000,random_freq_amp,0.6211090043985185,7.99128862751267,0.6211090043985185,residual_rl,31003.0,0.21525548192890454,2,1.0,0.0,1.0,0.0
0.36095238095238097,0.0012698412698412698,45.75980750738738,0.49300069565448784,unseen,43000,02fe6f831a562b1ac31266673aab847fd7d9b73cf6431e1de1337108086ee460,scn2_random_freq_amp_env43000,random_freq_amp,0.6153039055230877,8.004115261659477,0.6153039055230877,residual_rl,31004.0,0.21472331838202582,2,1.0,0.0,1.0,0.0
0.3647619047619048,0.0012698412698412698,45.774037100981154,0.6154880682118392,unseen,43000,02fe6f831a562b1ac31266673aab847fd7d9b73cf6431e1de1337108086ee460,scn2_random_freq_amp_env43000,random_freq_amp,0.6195892502590797,8.039264394994392,0.6195892502590797,wm_residual_rl,31000.0,0.21570796045956583,2,1.0,0.0,1.0,0.0
0.3619047619047619,0.0015079365079365078,45.79961620169845,0.5791992417373139,unseen,43000,02fe6f831a562b1ac31266673aab847fd7d9b73cf6431e1de1337108086ee460,scn2_random_freq_amp_env43000,random_freq_amp,0.6138027500156421,8.070475708183437,0.6138027500156421,wm_residual_rl,31001.0,0.21559557859771852,2,1.0,0.0004761904761904762,1.0,0.0
0.36095238095238097,0.0012698412698412698,45.74716020756611,0.5062407958960873,unseen,43000,02fe6f831a562b1ac31266673aab847fd7d9b73cf6431e1de1337108086ee460,scn2_random_freq_amp_env43000,random_freq_amp,0.6157714072341993,8.00826122166749,0.6157714072341993,wm_residual_rl,31002.0,0.2148267530050927,2,1.0,0.0004761904761904762,1.0,0.0
0.36047619047619045,0.0012698412698412698,45.74711580792546,0.5002088894753381,unseen,43000,02fe6f831a562b1ac31266673aab847fd7d9b73cf6431e1de1337108086ee460,scn2_random_freq_amp_env43000,random_freq_amp,0.6141046632047316,7.999012396876135,0.6141046632047316,wm_residual_rl,31003.0,0.21386708490248602,2,1.0,0.0009523809523809524,1.0,0.0
0.3638095238095238,0.0012698412698412698,45.732828548250794,0.5836504986059028,unseen,43000,02fe6f831a562b1ac31266673aab847fd7d9b73cf6431e1de1337108086ee460,scn2_random_freq_amp_env43000,random_freq_amp,0.6207285722297184,7.991456905398526,0.6207285722297184,wm_residual_rl,31004.0,0.21521696520814212,2,1.0,0.0,1.0,0.0
0.2661904761904762,0.0011904761904761906,40.103275014534645,0.0,unseen,43001,c5c42f3d205b54c02e603542bba960d65dfb863b6e53f416aa3f45fdacc312f6,scn2_random_freq_amp_env43001,random_freq_amp,0.02891956830905596,12.74969278061035,1.1383368387950434,smc,,0.4224798116161644,2,1.0,0.0014285714285714286,1.0,0.0
0.2361904761904762,0.001746031746031746,37.4115129154634,0.9985714285714286,unseen,43001,c5c42f3d205b54c02e603542bba960d65dfb863b6e53f416aa3f45fdacc312f6,scn2_random_freq_amp_env43001,random_freq_amp,0.012681229707010395,9.514189858611564,0.8508253140390417,mpc,,0.2903458534078028,2,1.0,0.0014285714285714286,1.0,0.0
0.22285714285714286,0.0011904761904761906,37.301247053680285,0.5929940476190474,unseen,43001,c5c42f3d205b54c02e603542bba960d65dfb863b6e53f416aa3f45fdacc312f6,scn2_random_freq_amp_env43001,random_freq_amp,0.014226997364868826,9.566596173680066,0.8519214850056704,constant_alpha,,0.2907320874559908,2,1.0,0.0009523809523809524,1.0,0.0
0.22428571428571428,0.0011904761904761906,37.31026541434619,0.8060201787262816,unseen,43001,c5c42f3d205b54c02e603542bba960d65dfb863b6e53f416aa3f45fdacc312f6,scn2_random_freq_amp_env43001,random_freq_amp,0.012635265978291505,9.399624204089964,0.865846269428568,sspo,,0.29538287728062324,2,1.0,0.0009523809523809524,1.0,0.0
0.25142857142857145,0.0011904761904761906,38.32160045803134,0.6488015078836322,unseen,43001,c5c42f3d205b54c02e603542bba960d65dfb863b6e53f416aa3f45fdacc312f6,scn2_random_freq_amp_env43001,random_freq_amp,0.013196419518229101,9.714182722709587,1.1023494341544546,v3_transformer,31000.0,0.3887893172985578,2,1.0,0.005238095238095238,1.0,0.0
0.22380952380952382,0.0011904761904761906,37.34401750636272,0.7709065864837621,unseen,43001,c5c42f3d205b54c02e603542bba960d65dfb863b6e53f416aa3f45fdacc312f6,scn2_random_freq_amp_env43001,random_freq_amp,0.012657396431644395,9.377196328702022,0.857533162075775,v3_transformer,31001.0,0.29246421175613885,2,1.0,0.0033333333333333335,1.0,0.0
0.22428571428571428,0.0011904761904761906,37.195546578368074,0.8530273786623026,unseen,43001,c5c42f3d205b54c02e603542bba960d65dfb863b6e53f416aa3f45fdacc312f6,scn2_random_freq_amp_env43001,random_freq_amp,0.012662474447436907,9.409070913565996,0.8526574006711984,v3_transformer,31002.0,0.2907081297964885,2,1.0,0.0014285714285714286,1.0,0.0
0.22285714285714286,0.001349206349206349,37.36444524283257,0.8340340345472069,unseen,43001,c5c42f3d205b54c02e603542bba960d65dfb863b6e53f416aa3f45fdacc312f6,scn2_random_freq_amp_env43001,random_freq_amp,0.012732503149086902,9.05519038992663,0.8531841667934251,v3_transformer,31003.0,0.2929009756063544,2,1.0,0.011428571428571429,1.0,0.0
0.2538095238095238,0.0011904761904761906,38.173666534965605,0.6804064155765991,unseen,43001,c5c42f3d205b54c02e603542bba960d65dfb863b6e53f416aa3f45fdacc312f6,scn2_random_freq_amp_env43001,random_freq_amp,0.014058509579619606,10.605324024097982,1.1317573364913478,v3_transformer,31004.0,0.3891134565525645,2,1.0,0.0033333333333333335,1.0,0.0
0.25666666666666665,0.0011904761904761906,38.39112234365734,0.6512263107943036,unseen,43001,c5c42f3d205b54c02e603542bba960d65dfb863b6e53f416aa3f45fdacc312f6,scn2_random_freq_amp_env43001,random_freq_amp,0.012703387910313758,9.600524082853719,1.1019142362959062,wm_hybrid,31000.0,0.38844655694313013,2,1.0,0.004761904761904762,1.0,0.021904761904761906
0.22380952380952382,0.0011904761904761906,37.33866462216057,0.7696520896507395,unseen,43001,c5c42f3d205b54c02e603542bba960d65dfb863b6e53f416aa3f45fdacc312f6,scn2_random_freq_amp_env43001,random_freq_amp,0.01266136461477334,9.386395938166828,0.857491609815111,wm_hybrid,31001.0,0.2924828430677762,2,1.0,0.002380952380952381,1.0,0.021904761904761906
0.22428571428571428,0.0011904761904761906,37.19250646486984,0.8529467918810564,unseen,43001,c5c42f3d205b54c02e603542bba960d65dfb863b6e53f416aa3f45fdacc312f6,scn2_random_freq_amp_env43001,random_freq_amp,0.012665521037438699,9.436490942253577,0.8522885817356655,wm_hybrid,31002.0,0.2906385366428423,2,1.0,0.002380952380952381,1.0,0.023333333333333334
0.22285714285714286,0.0011904761904761906,37.25242700787992,0.8443443956491068,unseen,43001,c5c42f3d205b54c02e603542bba960d65dfb863b6e53f416aa3f45fdacc312f6,scn2_random_freq_amp_env43001,random_freq_amp,0.01274946255388412,9.398504576310376,0.8534715222788846,wm_hybrid,31003.0,0.29151607805571733,2,1.0,0.004285714285714286,1.0,0.023333333333333334
0.25666666666666665,0.0015079365079365078,38.2943119843648,0.6771602823977944,unseen,43001,c5c42f3d205b54c02e603542bba960d65dfb863b6e53f416aa3f45fdacc312f6,scn2_random_freq_amp_env43001,random_freq_amp,0.013015173556588298,10.61383351459138,1.13473557461653,wm_hybrid,31004.0,0.38913833953721094,2,1.0,0.006190476190476191,1.0,0.021904761904761906
0.22285714285714286,0.0011904761904761906,37.27885871978028,0.5368219321550236,unseen,43001,c5c42f3d205b54c02e603542bba960d65dfb863b6e53f416aa3f45fdacc312f6,scn2_random_freq_amp_env43001,random_freq_amp,0.013785796007909353,9.591190110614065,0.8515549155598553,residual_rl,31000.0,0.29035750843187863,2,1.0,0.002857142857142857,1.0,0.0
0.2219047619047619,0.0011904761904761906,37.34257311878792,0.5176624824105457,unseen,43001,c5c42f3d205b54c02e603542bba960d65dfb863b6e53f416aa3f45fdacc312f6,scn2_random_freq_amp_env43001,random_freq_amp,0.01563652720570133,9.452895504123966,0.854928751182692,residual_rl,31001.0,0.2918250723685024,2,1.0,0.0004761904761904762,1.0,0.0
0.22238095238095237,0.001746031746031746,37.27251722987472,0.4939868178818592,unseen,43001,c5c42f3d205b54c02e603542bba960d65dfb863b6e53f416aa3f45fdacc312f6,scn2_random_freq_amp_env43001,random_freq_amp,0.013716065256980547,9.384865870279317,0.8498545737133542,residual_rl,31002.0,0.2901389466214244,2,1.0,0.01,1.0,0.0
0.22142857142857142,0.0016666666666666668,37.36108360403263,0.5674419790964049,unseen,43001,c5c42f3d205b54c02e603542bba960d65dfb863b6e53f416aa3f45fdacc312f6,scn2_random_freq_amp_env43001,random_freq_amp,0.015237492624260463,9.250936232904628,0.8547011373420574,residual_rl,31003.0,0.2921603169626772,2,1.0,0.008095238095238095,1.0,0.0
0.22238095238095237,0.0011904761904761906,37.318463795744314,0.4883440786989334,unseen,43001,c5c42f3d205b54c02e603542bba960d65dfb863b6e53f416aa3f45fdacc312f6,scn2_random_freq_amp_env43001,random_freq_amp,0.015200664600881967,9.544471861404817,0.8537853050542595,residual_rl,31004.0,0.29143043541319363,2,1.0,0.002857142857142857,1.0,0.0
0.22285714285714286,0.0011904761904761906,37.382396483286946,0.6046975344825412,unseen,43001,c5c42f3d205b54c02e603542bba960d65dfb863b6e53f416aa3f45fdacc312f6,scn2_random_freq_amp_env43001,random_freq_amp,0.014188557566505644,9.545850958305893,0.8550834729691765,wm_residual_rl,31000.0,0.29197328166352593,2,1.0,0.0019047619047619048,1.0,0.0
0.2219047619047619,0.0011904761904761906,37.36174545911385,0.5588546728517085,unseen,43001,c5c42f3d205b54c02e603542bba960d65dfb863b6e53f416aa3f45fdacc312f6,scn2_random_freq_amp_env43001,random_freq_amp,0.015006610376008634,9.466882883668617,0.8588881725050431,wm_residual_rl,31001.0,0.29363642877452467,2,1.0,0.0033333333333333335,1.0,0.0
0.22238095238095237,0.0011904761904761906,37.256522667658665,0.5040181517054506,unseen,43001,c5c42f3d205b54c02e603542bba960d65dfb863b6e53f416aa3f45fdacc312f6,scn2_random_freq_amp_env43001,random_freq_amp,0.014776768846958301,9.591051790968589,0.8513202508291224,wm_residual_rl,31002.0,0.29043942955067753,2,1.0,0.0014285714285714286,1.0,0.0
0.2219047619047619,0.0011904761904761906,37.333910851447186,0.485373947398287,unseen,43001,c5c42f3d205b54c02e603542bba960d65dfb863b6e53f416aa3f45fdacc312f6,scn2_random_freq_amp_env43001,random_freq_amp,0.01490437161352316,9.465711849461744,0.8538760102679912,wm_residual_rl,31003.0,0.2913358478148074,2,1.0,0.0019047619047619048,1.0,0.0
0.2219047619047619,0.0011904761904761906,37.36450992105359,0.5607375622610294,unseen,43001,c5c42f3d205b54c02e603542bba960d65dfb863b6e53f416aa3f45fdacc312f6,scn2_random_freq_amp_env43001,random_freq_amp,0.01605940954334171,9.451463986387154,0.8546662240838313,wm_residual_rl,31004.0,0.2916163944415277,2,1.0,0.0004761904761904762,1.0,0.0
0.66,0.0077777777777777776,63.541504342066496,0.0,unseen,43002,5e4e2813cd560c0445688c6d4cd603a9d43129d080d58e935274cc9fc0a70dfd,scn2_random_freq_amp_env43002,random_freq_amp,0.7607205941130809,27.188207767619737,1.756489035962011,smc,,0.8492997276550212,2,1.0,0.005238095238095238,1.0,0.0
0.49142857142857144,0.003968253968253969,53.674887297458646,0.9971428571428571,unseen,43002,5e4e2813cd560c0445688c6d4cd603a9d43129d080d58e935274cc9fc0a70dfd,scn2_random_freq_amp_env43002,random_freq_amp,0.5525611570168385,11.391076351464992,1.1388292082698879,mpc,,0.4506105715357993,2,1.0,0.004285714285714286,1.0,0.0
0.4695238095238095,0.0019047619047619045,53.84841082031848,0.5790416666666666,unseen,43002,5e4e2813cd560c0445688c6d4cd603a9d43129d080d58e935274cc9fc0a70dfd,scn2_random_freq_amp_env43002,random_freq_amp,0.5504281197116011,11.576497492996221,1.1374936319012154,constant_alpha,,0.44950854920395844,2,1.0,0.005714285714285714,1.0,0.0
0.4747619047619048,0.0011904761904761906,53.7581956045076,0.7404096775237035,unseen,43002,5e4e2813cd560c0445688c6d4cd603a9d43129d080d58e935274cc9fc0a70dfd,scn2_random_freq_amp_env43002,random_freq_amp,0.5543649702616098,11.904246165678922,1.1507541179679974,sspo,,0.45551842479800553,2,1.0,0.0038095238095238095,1.0,0.0
0.659047619047619,0.010396825396825396,65.13407338640839,0.46227777508308804,unseen,43002,5e4e2813cd560c0445688c6d4cd603a9d43129d080d58e935274cc9fc0a70dfd,scn2_random_freq_amp_env43002,random_freq_amp,0.5590643389447978,22.030476360844077,1.9915642400792986,v3_transformer,31000.0,0.9450212746125579,2,1.0,0.004285714285714286,1.0,0.0
0.47095238095238096,0.0011904761904761906,53.727328668231,0.6939530871405276,unseen,43002,5e4e2813cd560c0445688c6d4cd603a9d43129d080d58e935274cc9fc0a70dfd,scn2_random_freq_amp_env43002,random_freq_amp,0.553262573770145,12.072196000509894,1.1421188154860318,v3_transformer,31001.0,0.45241988048749104,2,1.0,0.0014285714285714286,1.0,0.0
0.4738095238095238,0.0011904761904761906,53.6527096566197,0.709565479402209,unseen,43002,5e4e2813cd560c0445688c6d4cd603a9d43129d080d58e935274cc9fc0a70dfd,scn2_random_freq_amp_env43002,random_freq_amp,0.5560753669033691,11.595365144238484,1.1439142359451036,v3_transformer,31002.0,0.4529639578527332,2,1.0,0.002857142857142857,1.0,0.0
0.47333333333333333,0.0011904761904761906,53.62042053055535,0.7149806176891735,unseen,43002,5e4e2813cd560c0445688c6d4cd603a9d43129d080d58e935274cc9fc0a70dfd,scn2_random_freq_amp_env43002,random_freq_amp,0.554879613307848,11.766798633996308,1.1375398034353843,v3_transformer,31003.0,0.44947442349339295,2,1.0,0.0019047619047619048,1.0,0.0
0.6571428571428571,0.010873015873015871,64.36129953077243,0.3950087978433604,unseen,43002,5e4e2813cd560c0445688c6d4cd603a9d43129d080d58e935274cc9fc0a70dfd,scn2_random_freq_amp_env43002,random_freq_amp,0.5614215058347866,23.025386246014055,1.8299701949580716,v3_transformer,31004.0,0.8840644360498122,2,1.0,0.005714285714285714,1.0,0.0
0.6585714285714286,0.010714285714285714,64.97095955624614,0.46428375035462066,unseen,43002,5e4e2813cd560c0445688c6d4cd603a9d43129d080d58e935274cc9fc0a70dfd,scn2_random_freq_amp_env43002,random_freq_amp,0.5575505951843418,21.886127266432247,1.9786658481473867,wm_hybrid,31000.0,0.9380840686432439,2,1.0,0.0014285714285714286,1.0,0.02238095238095238
0.4714285714285714,0.0011904761904761906,53.68593811022661,0.6937346212738189,unseen,43002,5e4e2813cd560c0445688c6d4cd603a9d43129d080d58e935274cc9fc0a70dfd,scn2_random_freq_amp_env43002,random_freq_amp,0.5535070045188152,12.100120031273317,1.1395364131923151,wm_hybrid,31001.0,0.4506707152813356,2,1.0,0.0009523809523809524,1.0,0.024285714285714285
0.4738095238095238,0.0011904761904761906,53.64126028309584,0.7088258679311866,unseen,43002,5e4e2813cd560c0445688c6d4cd603a9d43129d080d58e935274cc9fc0a70dfd,scn2_random_freq_amp_env43002,random_freq_amp,0.5557933322562089,11.625934068232914,1.1428655168465875,wm_hybrid,31002.0,0.4523373473574542,2,1.0,0.0038095238095238095,1.0,0.024761904761904763
0.4723809523809524,0.0011904761904761906,53.66550882865183,0.7120139600940832,unseen,43002,5e4e2813cd560c0445688c6d4cd603a9d43129d080d58e935274cc9fc0a70dfd,scn2_random_freq_amp_env43002,random_freq_amp,0.5550480192733281,11.751114710670189,1.1401583259621793,wm_hybrid,31003.0,0.4510669164874014,2,1.0,0.0019047619047619048,1.0,0.024285714285714285
0.6585714285714286,0.010873015873015873,64.27635864991218,0.3884039153424705,unseen,43002,5e4e2813cd560c0445688c6d4cd603a9d43129d080d58e935274cc9fc0a70dfd,scn2_random_freq_amp_env43002,random_freq_amp,0.5638494073009176,23.408458803928973,1.876461500161116,wm_hybrid,31004.0,0.8998467959481822,2,1.0,0.02238095238095238,1.0,0.02238095238095238
0.4685714285714286,0.0011904761904761906,53.85760918006143,0.5199938460237968,unseen,43002,5e4e2813cd560c0445688c6d4cd603a9d43129d080d58e935274cc9fc0a70dfd,scn2_random_freq_amp_env43002,random_freq_amp,0.5491726894311965,11.800310377232842,1.140191889658021,residual_rl,31000.0,0.45059232810187594,2,1.0,0.008095238095238095,1.0,0.0
0.4676190476190476,0.0011904761904761906,53.888303827867865,0.50836412163476,unseen,43002,5e4e2813cd560c0445688c6d4cd603a9d43129d080d58e935274cc9fc0a70dfd,scn2_random_freq_amp_env43002,random_freq_amp,0.5502223478247898,11.744662613452963,1.1404143196541552,residual_rl,31001.0,0.4509135508992225,2,1.0,0.0019047619047619048,1.0,0.0
0.4666666666666667,0.0011904761904761906,53.919656568135935,0.4911928209170622,unseen,43002,5e4e2813cd560c0445688c6d4cd603a9d43129d080d58e935274cc9fc0a70dfd,scn2_random_freq_amp_env43002,random_freq_amp,0.5508349187653222,11.77932744797111,1.140068512938487,residual_rl,31002.0,0.4510514443332255,2,1.0,0.002857142857142857,1.0,0.0
0.47095238095238096,0.0011904761904761906,53.827903769821546,0.5721384875595731,unseen,43002,5e4e2813cd560c0445688c6d4cd603a9d43129d080d58e935274cc9fc0a70dfd,scn2_random_freq_amp_env43002,random_freq_amp,0.5536945523680744,11.77245231459283,1.1402465338323393,residual_rl,31003.0,0.45100984631596786,2,1.0,0.002380952380952381,1.0,0.0
0.4666666666666667,0.0011904761904761906,53.85911463215685,0.4898730107923547,unseen,43002,5e4e2813cd560c0445688c6d4cd603a9d43129d080d58e935274cc9fc0a70dfd,scn2_random_freq_amp_env43002,random_freq_amp,0.5502193971875013,11.756428180485,1.1405873588752595,residual_rl,31004.0,0.45098730302940737,2,1.0,0.0009523809523809524,1.0,0.0
0.4704761904761905,0.0011904761904761906,53.886183510668744,0.6063415409363656,unseen,43002,5e4e2813cd560c0445688c6d4cd603a9d43129d080d58e935274cc9fc0a70dfd,scn2_random_freq_amp_env43002,random_freq_amp,0.5517871290152189,11.800899544397426,1.1419076781849198,wm_residual_rl,31000.0,0.45172743055961256,2,1.0,0.0004761904761904762,1.0,0.0
0.46904761904761905,0.001587301587301587,53.918989435810204,0.5562443405523356,unseen,43002,5e4e2813cd560c0445688c6d4cd603a9d43129d080d58e935274cc9fc0a70dfd,scn2_random_freq_amp_env43002,random_freq_amp,0.5517950119171547,11.406227711263163,1.1408952730567998,wm_residual_rl,31001.0,0.4519340720520649,2,1.0,0.013333333333333334,1.0,0.0
0.47095238095238096,0.001746031746031746,53.884182246440425,0.4949182153815365,unseen,43002,5e4e2813cd560c0445688c6d4cd603a9d43129d080d58e935274cc9fc0a70dfd,scn2_random_freq_amp_env43002,random_freq_amp,0.5541073692452577,11.470931800140969,1.1395296127945687,wm_residual_rl,31002.0,0.45104198637147763,2,1.0,0.009047619047619047,1.0,0.0
0.4680952380952381,0.0011904761904761906,53.85824184625306,0.49008474755744935,unseen,43002,5e4e2813cd560c0445688c6d4cd603a9d43129d080d58e935274cc9fc0a70dfd,scn2_random_freq_amp_env43002,random_freq_amp,0.5503163004563616,11.74288967348145,1.1393322669073347,wm_residual_rl,31003.0,0.4504360122579058,2,1.0,0.0009523809523809524,1.0,0.0
0.47095238095238096,0.0011904761904761906,53.85139920510875,0.5823378448101552,unseen,43002,5e4e2813cd560c0445688c6d4cd603a9d43129d080d58e935274cc9fc0a70dfd,scn2_random_freq_amp_env43002,random_freq_amp,0.5515328813261609,11.728029523708152,1.1402463819027875,wm_residual_rl,31004.0,0.4508614369790916,2,1.0,0.0004761904761904762,1.0,0.0
0.6333333333333333,0.004682539682539682,61.434198324472945,0.0,unseen,43003,bfe66ecfc6fab52d31c0f64561a2751b0316d32a92c22f686f87a3e281e8aead,scn2_random_freq_amp_env43003,random_freq_amp,1.8798507515893321,41.59812805564981,2.331500394919271,smc,,1.0397291954354921,2,1.0,0.0009523809523809524,0.0,0.0
0.5328571428571428,0.00047619047619047614,55.046916531765575,1.0,unseen,43003,bfe66ecfc6fab52d31c0f64561a2751b0316d32a92c22f686f87a3e281e8aead,scn2_random_freq_amp_env43003,random_freq_amp,1.4801374569247578,12.819717642701898,1.4801374569247578,mpc,,0.5540859995605439,2,1.0,0.0009523809523809524,0.0,0.0
0.5061904761904762,0.0012698412698412696,55.05315002633146,0.5840119047619046,unseen,43003,bfe66ecfc6fab52d31c0f64561a2751b0316d32a92c22f686f87a3e281e8aead,scn2_random_freq_amp_env43003,random_freq_amp,1.4790204420564936,13.053648845043474,1.4790204420564936,constant_alpha,,0.5549603798047825,2,1.0,0.012380952380952381,0.0,0.0
0.5090476190476191,0.0014285714285714286,55.092762168958416,0.7178629833051831,unseen,43003,bfe66ecfc6fab52d31c0f64561a2751b0316d32a92c22f686f87a3e281e8aead,scn2_random_freq_amp_env43003,random_freq_amp,1.4800538877013263,13.156323270353058,1.4800538877013263,sspo,,0.5606854319270871,2,1.0,0.014285714285714285,0.0,0.0
0.6833333333333333,0.007857142857142858,65.56340748599557,0.42180387790600565,unseen,43003,bfe66ecfc6fab52d31c0f64561a2751b0316d32a92c22f686f87a3e281e8aead,scn2_random_freq_amp_env43003,random_freq_amp,1.4906336644036167,23.762689532545558,2.3301578324817025,v3_transformer,31000.0,1.1533691215375974,2,1.0,0.006666666666666667,0.0,0.0
0.508095238095238,0.0010317460317460316,54.835316126283125,0.6575796055221649,unseen,43003,bfe66ecfc6fab52d31c0f64561a2751b0316d32a92c22f686f87a3e281e8aead,scn2_random_freq_amp_env43003,random_freq_amp,1.4810877881036828,13.066394194602912,1.4810877881036828,v3_transformer,31001.0,0.5592540027870131,2,1.0,0.0019047619047619048,0.0,0.0
0.5090476190476191,0.0015079365079365076,54.9057089511025,0.6714589457966094,unseen,43003,bfe66ecfc6fab52d31c0f64561a2751b0316d32a92c22f686f87a3e281e8aead,scn2_random_freq_amp_env43003,random_freq_amp,1.4818447837089477,12.998061706534864,1.4818447837089477,v3_transformer,31002.0,0.5564837374378395,2,1.0,0.010476190476190476,0.0,0.0
0.5090476190476191,0.0010317460317460316,54.89634835843489,0.6795286417829148,unseen,43003,bfe66ecfc6fab52d31c0f64561a2751b0316d32a92c22f686f87a3e281e8aead,scn2_random_freq_amp_env43003,random_freq_amp,1.4807772586279278,13.022393673672,1.4807772586279278,v3_transformer,31003.0,0.555707195462081,2,1.0,0.002857142857142857,0.0,0.0
0.6738095238095239,0.008412698412698412,64.88611239485188,0.3738497213103062,unseen,43003,bfe66ecfc6fab52d31c0f64561a2751b0316d32a92c22f686f87a3e281e8aead,scn2_random_freq_amp_env43003,random_freq_amp,1.4978345378620574,24.543313369066777,2.188596287984753,v3_transformer,31004.0,1.0890721401429095,2,1.0,0.010952380952380953,0.0,0.0
0.6785714285714286,0.00992063492063492,65.18460631331217,0.41045519641543987,unseen,43003,bfe66ecfc6fab52d31c0f64561a2751b0316d32a92c22f686f87a3e281e8aead,scn2_random_freq_amp_env43003,random_freq_amp,1.4915020198554814,23.295835850547018,2.309407835794672,wm_hybrid,31000.0,1.1442997229080487,2,1.0,0.006666666666666667,0.0,0.02857142857142857
0.5085714285714286,0.0010317460317460316,54.82100349643322,0.6565064960494493,unseen,43003,bfe66ecfc6fab52d31c0f64561a2751b0316d32a92c22f686f87a3e281e8aead,scn2_random_freq_amp_env43003,random_freq_amp,1.4807951695322352,13.084851043714446,1.4807951695322352,wm_hybrid,31001.0,0.5591013773625281,2,1.0,0.002380952380952381,0.0,0.029523809523809525
0.51,0.0010317460317460316,54.891035305207154,0.6607953527334686,unseen,43003,bfe66ecfc6fab52d31c0f64561a2751b0316d32a92c22f686f87a3e281e8aead,scn2_random_freq_amp_env43003,random_freq_amp,1.4823409037306403,13.028053061403984,1.4823409037306403,wm_hybrid,31002.0,0.5568772803058586,2,1.0,0.002857142857142857,0.0,0.029047619047619048
0.5119047619047619,0.0015079365079365078,55.01993657530524,0.6530530043765732,unseen,43003,bfe66ecfc6fab52d31c0f64561a2751b0316d32a92c22f686f87a3e281e8aead,scn2_random_freq_amp_env43003,random_freq_amp,1.4812813501851756,13.030494089998701,1.4812813501851756,wm_hybrid,31003.0,0.5599246198320578,2,1.0,0.0033333333333333335,0.0,0.029523809523809525
0.6747619047619048,0.0054761904761904765,65.4392857217865,0.39094245925032195,unseen,43003,bfe66ecfc6fab52d31c0f64561a2751b0316d32a92c22f686f87a3e281e8aead,scn2_random_freq_amp_env43003,random_freq_amp,1.4902315795189387,28.42235254801016,2.2935916823072304,wm_hybrid,31004.0,1.0288323797301788,2,1.0,0.011428571428571429,0.0,0.027142857142857142
0.5071428571428571,0.0010317460317460316,55.045811946250744,0.5289405806314289,unseen,43003,bfe66ecfc6fab52d31c0f64561a2751b0316d32a92c22f686f87a3e281e8aead,scn2_random_freq_amp_env43003,random_freq_amp,1.4791106047726144,13.170665276974638,1.4791106047726144,residual_rl,31000.0,0.5539698158641447,2,1.0,0.0019047619047619048,0.0,0.0
0.5047619047619047,0.0010317460317460316,55.24362113348137,0.514846627840452,unseen,43003,bfe66ecfc6fab52d31c0f64561a2751b0316d32a92c22f686f87a3e281e8aead,scn2_random_freq_amp_env43003,random_freq_amp,1.478052423052186,13.24516563482711,1.478052423052186,residual_rl,31001.0,0.555309669857548,2,1.0,0.0033333333333333335,0.0,0.0
0.5042857142857143,0.0010317460317460316,55.24142456079102,0.49556922574572626,unseen,43003,bfe66ecfc6fab52d31c0f64561a2751b0316d32a92c22f686f87a3e281e8aead,scn2_random_freq_amp_env43003,random_freq_amp,1.477070944125431,13.272418086307052,1.477070944125431,residual_rl,31002.0,0.5551419541413006,2,1.0,0.0019047619047619048,0.0,0.0
0.5052380952380953,0.0010317460317460316,55.152393786100404,0.5672642910465238,unseen,43003,bfe66ecfc6fab52d31c0f64561a2751b0316d32a92c22f686f87a3e281e8aead,scn2_random_freq_amp_env43003,random_freq_amp,1.4792584930342327,13.25880380002322,1.4792584930342327,residual_rl,31003.0,0.5559858731850461,2,1.0,0.0,0.0,0.0
0.5066666666666667,0.0010317460317460316,55.047179845798276,0.48815050355211215,unseen,43003,bfe66ecfc6fab52d31c0f64561a2751b0316d32a92c22f686f87a3e281e8aead,scn2_random_freq_amp_env43003,random_freq_amp,1.4796956133317654,13.17793822321775,1.4796956133317654,residual_rl,31004.0,0.5542146397845764,2,1.0,0.0004761904761904762,0.0,0.0
0.5066666666666667,0.0011904761904761906,55.2717207069022,0.5962779988809839,unseen,43003,bfe66ecfc6fab52d31c0f64561a2751b0316d32a92c22f686f87a3e281e8aead,scn2_random_freq_amp_env43003,random_freq_amp,1.4779384142436405,12.724892387060965,1.4779384142436405,wm_residual_rl,31000.0,0.5572861694612493,2,1.0,0.025238095238095237,0.0,0.0
0.5066666666666667,0.0010317460317460316,55.23092851730784,0.5745760547601503,unseen,43003,bfe66ecfc6fab52d31c0f64561a2751b0316d32a92c22f686f87a3e281e8aead,scn2_random_freq_amp_env43003,random_freq_amp,1.479039980994548,13.34727931401906,1.479039980994548,wm_residual_rl,31001.0,0.5573671781521898,2,1.0,0.0033333333333333335,0.0,0.0
0.5061904761904762,0.0010317460317460316,55.11005889789194,0.5037602838572225,unseen,43003,bfe66ecfc6fab52d31c0f64561a2751b0316d32a92c22f686f87a3e281e8aead,scn2_random_freq_amp_env43003,random_freq_amp,1.4829275401619402,13.264629328451951,1.4829275401619402,wm_residual_rl,31002.0,0.5560576926441517,2,1.0,0.0009523809523809524,0.0,0.0
0.5061904761904762,0.0010317460317460316,55.03461808317599,0.5007042508099745,unseen,43003,bfe66ecfc6fab52d31c0f64561a2751b0316d32a92c22f686f87a3e281e8aead,scn2_random_freq_amp_env43003,random_freq_amp,1.479777049558662,13.164165473021058,1.479777049558662,wm_residual_rl,31003.0,0.5537632802685124,2,1.0,0.002380952380952381,0.0,0.0
0.5057142857142857,0.0010317460317460316,55.12083914077545,0.5866228669043726,unseen,43003,bfe66ecfc6fab52d31c0f64561a2751b0316d32a92c22f686f87a3e281e8aead,scn2_random_freq_amp_env43003,random_freq_amp,1.4792874437411045,13.248679708047963,1.4792874437411045,wm_residual_rl,31004.0,0.5560879530223242,2,1.0,0.002857142857142857,0.0,0.0
0.6347619047619047,0.004523809523809524,60.32530306730651,0.0,unseen,43004,c6772a8d37094c989a2f2d6131f61539a48b244957206366e16367db1ed1ba8d,scn2_random_freq_amp_env43004,random_freq_amp,1.9592346569484598,33.059795439753465,2.066921820998116,smc,,0.9108745299221005,2,1.0,0.004761904761904762,0.0,0.0
0.5057142857142857,7.936507936507937e-05,51.73683607815377,1.0,unseen,43004,c6772a8d37094c989a2f2d6131f61539a48b244957206366e16367db1ed1ba8d,scn2_random_freq_amp_env43004,random_freq_amp,1.5584844170262693,10.648406394707063,1.5584844170262693,mpc,,0.46768218449005416,2,1.0,0.0009523809523809524,0.0,0.0
0.4804761904761905,0.001349206349206349,51.80285784140133,0.5932797619047617,unseen,43004,c6772a8d37094c989a2f2d6131f61539a48b244957206366e16367db1ed1ba8d,scn2_random_freq_amp_env43004,random_freq_amp,1.558284682743588,11.041897475611913,1.558284682743588,constant_alpha,,0.4677132739699151,2,1.0,0.0,0.0,0.0
0.48523809523809525,0.001349206349206349,51.80800588380416,0.7304518548808738,unseen,43004,c6772a8d37094c989a2f2d6131f61539a48b244957206366e16367db1ed1ba8d,scn2_random_freq_amp_env43004,random_freq_amp,1.559934084113791,11.150435464886657,1.559934084113791,sspo,,0.47058610100438075,2,1.0,0.0009523809523809524,0.0,0.0
0.6209523809523809,0.010238095238095237,60.93873731664181,0.4528575682482943,unseen,43004,c6772a8d37094c989a2f2d6131f61539a48b244957206366e16367db1ed1ba8d,scn2_random_freq_amp_env43004,random_freq_amp,1.563622739239296,20.816386375292975,1.9748413344910059,v3_transformer,31000.0,0.9285927664478579,2,1.0,0.006190476190476191,0.0,0.0
0.48095238095238096,0.001349206349206349,51.56954936299604,0.6907775888690464,unseen,43004,c6772a8d37094c989a2f2d6131f61539a48b244957206366e16367db1ed1ba8d,scn2_random_freq_amp_env43004,random_freq_amp,1.5593321634385529,11.047712650097877,1.5593321634385529,v3_transformer,31001.0,0.4702495556002472,2,1.0,0.0014285714285714286,0.0,0.0
0.48428571428571426,0.001349206349206349,51.632253164665066,0.682287719729877,unseen,43004,c6772a8d37094c989a2f2d6131f61539a48b244957206366e16367db1ed1ba8d,scn2_random_freq_amp_env43004,random_freq_amp,1.56084731494802,10.805585120713776,1.56084731494802,v3_transformer,31002.0,0.4672485557180982,2,1.0,0.0019047619047619048,0.0,0.0
0.4838095238095238,0.001349206349206349,51.72738145878912,0.6834784784060172,unseen,43004,c6772a8d37094c989a2f2d6131f61539a48b244957206366e16367db1ed1ba8d,scn2_random_freq_amp_env43004,random_freq_amp,1.5604089507851322,10.89561827075076,1.5604089507851322,v3_transformer,31003.0,0.4672297102529939,2,1.0,0.004761904761904762,0.0,0.0
0.6261904761904762,0.010079365079365079,60.49403080016457,0.3992202364173653,unseen,43004,c6772a8d37094c989a2f2d6131f61539a48b244957206366e16367db1ed1ba8d,scn2_random_freq_amp_env43004,random_freq_amp,1.56496301665966,22.13392947681188,1.8827935666579447,v3_transformer,31004.0,0.8853953392517377,2,1.0,0.004285714285714286,0.0,0.0
0.6204761904761905,0.010317460317460315,61.078404728099265,0.4571625544354038,unseen,43004,c6772a8d37094c989a2f2d6131f61539a48b244957206366e16367db1ed1ba8d,scn2_random_freq_amp_env43004,random_freq_amp,1.5625978313237636,21.057962228370005,1.972745537316678,wm_hybrid,31000.0,0.927390400896728,2,1.0,0.007619047619047619,0.0,0.032857142857142856
0.48095238095238096,0.001349206349206349,51.59394896091524,0.6885159901387988,unseen,43004,c6772a8d37094c989a2f2d6131f61539a48b244957206366e16367db1ed1ba8d,scn2_random_freq_amp_env43004,random_freq_amp,1.5595680527352045,11.038720587966305,1.5595680527352045,wm_hybrid,31001.0,0.4706609453005887,2,1.0,0.0033333333333333335,0.0,0.03333333333333333
0.48428571428571426,0.001587301587301587,51.70682598906602,0.6724411423228548,unseen,43004,c6772a8d37094c989a2f2d6131f61539a48b244957206366e16367db1ed1ba8d,scn2_random_freq_amp_env43004,random_freq_amp,1.5606985740494297,10.841642149637787,1.5606985740494297,wm_hybrid,31002.0,0.46941869505312384,2,1.0,0.002857142857142857,0.0,0.03333333333333333
0.4828571428571429,0.001349206349206349,51.650296913901514,0.6888155216896166,unseen,43004,c6772a8d37094c989a2f2d6131f61539a48b244957206366e16367db1ed1ba8d,scn2_random_freq_amp_env43004,random_freq_amp,1.5594716999900795,10.813413588296733,1.5594716999900795,wm_hybrid,31003.0,0.4682555916073792,2,1.0,0.007142857142857143,0.0,0.03333333333333333
0.6276190476190476,0.010476190476190474,60.92261279938098,0.3916056859486056,unseen,43004,c6772a8d37094c989a2f2d6131f61539a48b244957206366e16367db1ed1ba8d,scn2_random_freq_amp_env43004,random_freq_amp,1.564272637860302,22.106206184842545,1.8831998834804629,wm_hybrid,31004.0,0.8886764507174392,2,1.0,0.011428571428571429,0.0,0.03238095238095238
0.4804761904761905,0.001349206349206349,51.875627251766,0.5396962396575976,unseen,43004,c6772a8d37094c989a2f2d6131f61539a48b244957206366e16367db1ed1ba8d,scn2_random_freq_amp_env43004,random_freq_amp,1.5571904495742215,11.035892537085342,1.5571904495742215,residual_rl,31000.0,0.4684193549530976,2,1.0,0.0009523809523809524,0.0,0.0
0.48,0.001349206349206349,51.926084058765554,0.5225449667746876,unseen,43004,c6772a8d37094c989a2f2d6131f61539a48b244957206366e16367db1ed1ba8d,scn2_random_freq_amp_env43004,random_freq_amp,1.5577814009069408,11.023542739673157,1.5577814009069408,residual_rl,31001.0,0.4682506729024121,2,1.0,0.0004761904761904762,0.0,0.0
0.4785714285714286,0.001349206349206349,51.929815800069846,0.49808670818996903,unseen,43004,c6772a8d37094c989a2f2d6131f61539a48b244957206366e16367db1ed1ba8d,scn2_random_freq_amp_env43004,random_freq_amp,1.5587963560235,11.125822977707159,1.5587963560235,residual_rl,31002.0,0.46827394143598794,2,1.0,0.0038095238095238095,0.0,0.0
0.47904761904761906,0.001349206349206349,51.79126158026089,0.5690768186700311,unseen,43004,c6772a8d37094c989a2f2d6131f61539a48b244957206366e16367db1ed1ba8d,scn2_random_freq_amp_env43004,random_freq_amp,1.558757648112812,11.008195732642653,1.558757648112812,residual_rl,31003.0,0.465659050559651,2,1.0,0.0019047619047619048,0.0,0.0
0.4795238095238095,0.001349206349206349,51.994008059419166,0.4823279422774485,unseen,43004,c6772a8d37094c989a2f2d6131f61539a48b244957206366e16367db1ed1ba8d,scn2_random_freq_amp_env43004,random_freq_amp,1.557875050551763,11.074941088840696,1.557875050551763,residual_rl,31004.0,0.46868457869347085,2,1.0,0.006190476190476191,0.0,0.0
0.48095238095238096,0.001349206349206349,51.88478447997445,0.6163830174282408,unseen,43004,c6772a8d37094c989a2f2d6131f61539a48b244957206366e16367db1ed1ba8d,scn2_random_freq_amp_env43004,random_freq_amp,1.5579389982683727,11.106972134124671,1.5579389982683727,wm_residual_rl,31000.0,0.4697005873050502,2,1.0,0.0038095238095238095,0.0,0.0
0.48142857142857143,0.001349206349206349,51.95814998146107,0.581374395820859,unseen,43004,c6772a8d37094c989a2f2d6131f61539a48b244957206366e16367db1ed1ba8d,scn2_random_freq_amp_env43004,random_freq_amp,1.5571895237431101,11.143818268883916,1.5571895237431101,wm_residual_rl,31001.0,0.4695874875526759,2,1.0,0.0019047619047619048,0.0,0.0
0.4795238095238095,0.001349206349206349,51.877292747342985,0.49715375718542765,unseen,43004,c6772a8d37094c989a2f2d6131f61539a48b244957206366e16367db1ed1ba8d,scn2_random_freq_amp_env43004,random_freq_amp,1.561415200611866,11.076084051843253,1.561415200611866,wm_residual_rl,31002.0,0.4692858752345272,2,1.0,0.005714285714285714,0.0,0.0
0.4795238095238095,0.001349206349206349,51.8840733321679,0.5028779139320568,unseen,43004,c6772a8d37094c989a2f2d6131f61539a48b244957206366e16367db1ed1ba8d,scn2_random_freq_amp_env43004,random_freq_amp,1.5581318115218992,11.016836599286798,1.5581318115218992,wm_residual_rl,31003.0,0.46764971410890954,2,1.0,0.0004761904761904762,0.0,0.0
0.47904761904761906,0.001349206349206349,51.828776164413796,0.5833849923285431,unseen,43004,c6772a8d37094c989a2f2d6131f61539a48b244957206366e16367db1ed1ba8d,scn2_random_freq_amp_env43004,random_freq_amp,1.5583380856073197,11.04640514639284,1.5583380856073197,wm_residual_rl,31004.0,0.4690293467140319,2,1.0,0.002380952380952381,0.0,0.0
0.05285714285714286,0.001587301587301587,32.65445971749179,0.0,unseen,43000,7cf19b3301c3fe745869a8b3d93cb6d2a519a6b248dab5c1df24a83d2e03dc5b,scn2_mass_damping_mismatch_env43000,mass_damping_mismatch,0.2764049637464289,8.35669195639304,0.479534975563425,smc,,0.18672484086790544,2,1.0,0.004285714285714286,1.0,0.0
0.06476190476190476,0.002698412698412698,33.09258076630828,0.9990476190476191,unseen,43000,7cf19b3301c3fe745869a8b3d93cb6d2a519a6b248dab5c1df24a83d2e03dc5b,scn2_mass_damping_mismatch_env43000,mass_damping_mismatch,0.05111170796295862,7.032145950691092,0.28906055751554427,mpc,,0.06430470334905726,2,1.0,0.0033333333333333335,1.0,0.0
0.054285714285714284,0.0016666666666666668,32.867981361859,0.5929940476190474,unseen,43000,7cf19b3301c3fe745869a8b3d93cb6d2a519a6b248dab5c1df24a83d2e03dc5b,scn2_mass_damping_mismatch_env43000,mass_damping_mismatch,0.043100527395687684,7.3622721963399185,0.30184939322905535,constant_alpha,,0.06380338777493312,2,1.0,0.0019047619047619048,1.0,0.0
0.05523809523809524,0.0016666666666666668,32.957556777667236,0.9301243710935279,unseen,43000,7cf19b3301c3fe745869a8b3d93cb6d2a519a6b248dab5c1df24a83d2e03dc5b,scn2_mass_damping_mismatch_env43000,mass_damping_mismatch,0.05000116764273261,7.12034261350592,0.3051283985300641,sspo,,0.05918907315416581,2,1.0,0.0019047619047619048,1.0,0.0
0.05619047619047619,0.0016666666666666668,33.009756730908556,0.9071660872790581,unseen,43000,7cf19b3301c3fe745869a8b3d93cb6d2a519a6b248dab5c1df24a83d2e03dc5b,scn2_mass_damping_mismatch_env43000,mass_damping_mismatch,0.04984313497400937,6.85229496407073,0.3071999715125599,v3_transformer,31000.0,0.061090384447603056,2,1.0,0.0019047619047619048,1.0,0.0
0.05619047619047619,0.001587301587301587,32.99415375107164,0.8811722907449994,unseen,43000,7cf19b3301c3fe745869a8b3d93cb6d2a519a6b248dab5c1df24a83d2e03dc5b,scn2_mass_damping_mismatch_env43000,mass_damping_mismatch,0.05073493783549444,6.835903342985823,0.3034234526374942,v3_transformer,31001.0,0.059448926876659314,2,1.0,0.0038095238095238095,1.0,0.0
0.05523809523809524,0.0016666666666666668,33.01135580358631,0.9062841862492812,unseen,43000,7cf19b3301c3fe745869a8b3d93cb6d2a519a6b248dab5c1df24a83d2e03dc5b,scn2_mass_damping_mismatch_env43000,mass_damping_mismatch,0.04833855170074614,6.897409371113846,0.30515794059479784,v3_transformer,31002.0,0.06072024442143361,2,1.0,0.0019047619047619048,1.0,0.0
0.05619047619047619,0.001984126984126984,33.594054481968634,0.8342976772686278,unseen,43000,7cf19b3301c3fe745869a8b3d93cb6d2a519a6b248dab5c1df24a83d2e03dc5b,scn2_mass_damping_mismatch_env43000,mass_damping_mismatch,0.05043249168865234,6.673675906731378,0.39419370268662135,v3_transformer,31003.0,0.0905059084277081,2,1.0,0.027142857142857142,1.0,0.0
0.05523809523809524,0.001984126984126984,33.036410430056264,0.8906504707781748,unseen,43000,7cf19b3301c3fe745869a8b3d93cb6d2a519a6b248dab5c1df24a83d2e03dc5b,scn2_mass_damping_mismatch_env43000,mass_damping_mismatch,0.04831712110353408,6.795403399363287,0.3084002013455381,v3_transformer,31004.0,0.0626475997930336,2,1.0,0.007142857142857143,1.0,0.0
0.055714285714285716,0.0016666666666666668,33.01154801573049,0.9065529862192352,unseen,43000,7cf19b3301c3fe745869a8b3d93cb6d2a519a6b248dab5c1df24a83d2e03dc5b,scn2_mass_damping_mismatch_env43000,mass_damping_mismatch,0.04993960277415198,6.838154999798862,0.3070486259868001,wm_hybrid,31000.0,0.06116767183496487,2,1.0,0.0004761904761904762,1.0,0.049523809523809526
0.05619047619047619,0.0016666666666666668,32.99912102503665,0.8799927156294719,unseen,43000,7cf19b3301c3fe745869a8b3d93cb6d2a519a6b248dab5c1df24a83d2e03dc5b,scn2_mass_damping_mismatch_env43000,mass_damping_mismatch,0.04851327786414316,6.941156917940481,0.30415223046179907,wm_hybrid,31001.0,0.05974521519249257,2,1.0,0.0004761904761904762,1.0,0.049523809523809526
0.05476190476190476,0.0016666666666666668,33.01622747612919,0.9062318907112717,unseen,43000,7cf19b3301c3fe745869a8b3d93cb6d2a519a6b248dab5c1df24a83d2e03dc5b,scn2_mass_damping_mismatch_env43000,mass_damping_mismatch,0.04799500148211605,6.886724409398836,0.30555220558137064,wm_hybrid,31002.0,0.06113565066878921,2,1.0,0.0004761904761904762,1.0,0.049523809523809526
0.05619047619047619,0.0016666666666666668,33.02918652954057,0.8635209730194503,unseen,43000,7cf19b3301c3fe745869a8b3d93cb6d2a519a6b248dab5c1df24a83d2e03dc5b,scn2_mass_damping_mismatch_env43000,mass_damping_mismatch,0.048766536063859875,6.897329951670285,0.3056428294935767,wm_hybrid,31003.0,0.06136427158676865,2,1.0,0.0004761904761904762,1.0,0.049523809523809526
0.05523809523809524,0.0016666666666666668,33.023323759848346,0.8907302396112883,unseen,43000,7cf19b3301c3fe745869a8b3d93cb6d2a519a6b248dab5c1df24a83d2e03dc5b,scn2_mass_damping_mismatch_env43000,mass_damping_mismatch,0.048289423456439946,6.8161512166493194,0.3056961685706894,wm_hybrid,31004.0,0.06152643975524504,2,1.0,0.0004761904761904762,1.0,0.049523809523809526
0.05476190476190476,0.0016666666666666668,32.81797202556621,0.5415465472499489,unseen,43000,7cf19b3301c3fe745869a8b3d93cb6d2a519a6b248dab5c1df24a83d2e03dc5b,scn2_mass_damping_mismatch_env43000,mass_damping_mismatch,0.04162039582050484,7.3368319825956005,0.30184946374992255,residual_rl,31000.0,0.06466820981765992,2,1.0,0.0004761904761904762,1.0,0.0
0.054285714285714284,0.0016666666666666668,32.8350679191692,0.5553150582019432,unseen,43000,7cf19b3301c3fe745869a8b3d93cb6d2a519a6b248dab5c1df24a83d2e03dc5b,scn2_mass_damping_mismatch_env43000,mass_damping_mismatch,0.03889514857072423,7.3299246804085545,0.3018508197392998,residual_rl,31001.0,0.06490510155450817,2,1.0,0.0004761904761904762,1.0,0.0
0.05476190476190476,0.001984126984126984,32.81102941610908,0.5092268300227744,unseen,43000,7cf19b3301c3fe745869a8b3d93cb6d2a519a6b248dab5c1df24a83d2e03dc5b,scn2_mass_damping_mismatch_env43000,mass_damping_mismatch,0.03989935987775237,7.326349460849382,0.3076711647098919,residual_rl,31002.0,0.06734088760717508,2,1.0,0.0033333333333333335,1.0,0.0
0.05523809523809524,0.001587301587301587,32.82435662786766,0.545121508894635,unseen,43000,7cf19b3301c3fe745869a8b3d93cb6d2a519a6b248dab5c1df24a83d2e03dc5b,scn2_mass_damping_mismatch_env43000,mass_damping_mismatch,0.0440588869408376,7.365369317132385,0.3087765358531887,residual_rl,31003.0,0.06627105124807009,2,1.0,0.002380952380952381,1.0,0.0
0.05476190476190476,0.0018253968253968253,32.803194776742345,0.49379132841852447,unseen,43000,7cf19b3301c3fe745869a8b3d93cb6d2a519a6b248dab5c1df24a83d2e03dc5b,scn2_mass_damping_mismatch_env43000,mass_damping_mismatch,0.04219809502788424,7.393678692847545,0.3090617111028217,residual_rl,31004.0,0.06728805304141282,2,1.0,0.004285714285714286,1.0,0.0
0.05619047619047619,0.001984126984126984,32.87120443990755,0.5532213853846049,unseen,43000,7cf19b3301c3fe745869a8b3d93cb6d2a519a6b248dab5c1df24a83d2e03dc5b,scn2_mass_damping_mismatch_env43000,mass_damping_mismatch,0.045407034989370564,7.345786007208565,0.30784244462854365,wm_residual_rl,31000.0,0.06487808815287824,2,1.0,0.009523809523809525,1.0,0.0
0.05476190476190476,0.0016666666666666668,32.85725113145596,0.5625744506414305,unseen,43000,7cf19b3301c3fe745869a8b3d93cb6d2a519a6b248dab5c1df24a83d2e03dc5b,scn2_mass_damping_mismatch_env43000,mass_damping_mismatch,0.04216057200930504,7.399599008152661,0.30253454278647046,wm_residual_rl,31001.0,0.06446432217064232,2,1.0,0.0038095238095238095,1.0,0.0
0.05476190476190476,0.001587301587301587,32.805077680762906,0.4840736208302594,unseen,43000,7cf19b3301c3fe745869a8b3d93cb6d2a519a6b248dab5c1df24a83d2e03dc5b,scn2_mass_damping_mismatch_env43000,mass_damping_mismatch,0.04227538483320853,7.405276206189213,0.30595400610362045,wm_residual_rl,31002.0,0.06465653613211246,2,1.0,0.004285714285714286,1.0,0.0
0.05380952380952381,0.0014285714285714286,32.7798389829246,0.4958621515646081,unseen,43000,7cf19b3301c3fe745869a8b3d93cb6d2a519a6b248dab5c1df24a83d2e03dc5b,scn2_mass_damping_mismatch_env43000,mass_damping_mismatch,0.03823890510899932,7.3258554318510525,0.3012795021619619,wm_residual_rl,31003.0,0.06580500052604223,2,1.0,0.0014285714285714286,1.0,0.0
0.054285714285714284,0.0016666666666666668,32.84225761834111,0.5383551945575779,unseen,43000,7cf19b3301c3fe745869a8b3d93cb6d2a519a6b248dab5c1df24a83d2e03dc5b,scn2_mass_damping_mismatch_env43000,mass_damping_mismatch,0.03983339278206385,7.332661765631258,0.3018502638617795,wm_residual_rl,31004.0,0.06470199633334865,2,1.0,0.0004761904761904762,1.0,0.0
0.04380952380952381,0.0015079365079365076,31.766225496283987,0.0,unseen,43001,6ee5487dcdedbd0742d2c9b01e213ed8ec158f2d7de03341191a605965ee8cb1,scn2_mass_damping_mismatch_env43001,mass_damping_mismatch,0.2119414547160983,8.236906956392295,0.4994633039496427,smc,,0.19638823119188448,2,1.0,0.004285714285714286,1.0,0.0
0.062380952380952384,0.0016666666666666668,31.745390999223574,0.9995238095238095,unseen,43001,6ee5487dcdedbd0742d2c9b01e213ed8ec158f2d7de03341191a605965ee8cb1,scn2_mass_damping_mismatch_env43001,mass_damping_mismatch,0.011026390011659178,6.962982451910718,0.29841619236443373,mpc,,0.06538488259927963,2,1.0,0.0014285714285714286,1.0,0.0
0.04904761904761905,0.0015079365079365076,31.52931916955549,0.5932797619047617,unseen,43001,6ee5487dcdedbd0742d2c9b01e213ed8ec158f2d7de03341191a605965ee8cb1,scn2_mass_damping_mismatch_env43001,mass_damping_mismatch,0.007755515722548975,7.3452960311987825,0.31279719459661126,constant_alpha,,0.06829345385319649,2,1.0,0.002857142857142857,1.0,0.0
0.05142857142857143,0.0015079365079365076,31.630719505109912,0.933128798532603,unseen,43001,6ee5487dcdedbd0742d2c9b01e213ed8ec158f2d7de03341191a605965ee8cb1,scn2_mass_damping_mismatch_env43001,mass_damping_mismatch,0.010967132698102138,7.125547878279188,0.3164391528418534,sspo,,0.06268902693385904,2,1.0,0.0019047619047619048,1.0,0.0
0.05095238095238095,0.0016666666666666666,31.707421668546328,0.8958153159212036,unseen,43001,6ee5487dcdedbd0742d2c9b01e213ed8ec158f2d7de03341191a605965ee8cb1,scn2_mass_damping_mismatch_env43001,mass_damping_mismatch,0.008673380685504273,6.8303473599487,0.3188688742290331,v3_transformer,31000.0,0.06547242117914512,2,1.0,0.007619047619047619,1.0,0.0
0.051904761904761905,0.0015079365079365076,31.677533922589756,0.8914831591822735,unseen,43001,6ee5487dcdedbd0742d2c9b01e213ed8ec158f2d7de03341191a605965ee8cb1,scn2_mass_damping_mismatch_env43001,mass_damping_mismatch,0.009655505125690522,6.967336704436271,0.31589626083445055,v3_transformer,31001.0,0.06276475100810427,2,1.0,0.0038095238095238095,1.0,0.0
0.051904761904761905,0.0015079365079365076,31.695092299377738,0.9158672261712398,unseen,43001,6ee5487dcdedbd0742d2c9b01e213ed8ec158f2d7de03341191a605965ee8cb1,scn2_mass_damping_mismatch_env43001,mass_damping_mismatch,0.009907031005430491,6.89468598983765,0.31641435616865304,v3_transformer,31002.0,0.06333254127319057,2,1.0,0.0038095238095238095,1.0,0.0
0.05142857142857143,0.0015079365079365076,31.702692228605603,0.8696617258202798,unseen,43001,6ee5487dcdedbd0742d2c9b01e213ed8ec158f2d7de03341191a605965ee8cb1,scn2_mass_damping_mismatch_env43001,mass_damping_mismatch,0.009366690860162239,6.9098670609442205,0.31606183249152653,v3_transformer,31003.0,0.0637567768065697,2,1.0,0.0014285714285714286,1.0,0.0
0.05095238095238095,0.0015079365079365076,31.703514498825427,0.8982636002077065,unseen,43001,6ee5487dcdedbd0742d2c9b01e213ed8ec158f2d7de03341191a605965ee8cb1,scn2_mass_damping_mismatch_env43001,mass_damping_mismatch,0.009019854927116286,6.857448166594338,0.3176896523653131,v3_transformer,31004.0,0.06503373079767921,2,1.0,0.0009523809523809524,1.0,0.0
0.05142857142857143,0.0015079365079365076,31.670896589948534,0.9162566042279051,unseen,43001,6ee5487dcdedbd0742d2c9b01e213ed8ec158f2d7de03341191a605965ee8cb1,scn2_mass_damping_mismatch_env43001,mass_damping_mismatch,0.010646999013194085,6.8296194313141525,0.3188690634171077,wm_hybrid,31000.0,0.06382867236547625,2,1.0,0.0014285714285714286,1.0,0.049523809523809526
0.05142857142857143,0.0015079365079365076,31.68517501864837,0.8906253469392442,unseen,43001,6ee5487dcdedbd0742d2c9b01e213ed8ec158f2d7de03341191a605965ee8cb1,scn2_mass_damping_mismatch_env43001,mass_damping_mismatch,0.009073881925600522,6.923309481129851,0.3151497698918433,wm_hybrid,31001.0,0.06328769271425039,2,1.0,0.0,1.0,0.049523809523809526
0.05142857142857143,0.0015079365079365076,31.69251924072268,0.9140460184286595,unseen,43001,6ee5487dcdedbd0742d2c9b01e213ed8ec158f2d7de03341191a605965ee8cb1,scn2_mass_damping_mismatch_env43001,mass_damping_mismatch,0.009073087631268262,6.901695827403862,0.3167885332516585,wm_hybrid,31002.0,0.06423187302464956,2,1.0,0.0004761904761904762,1.0,0.049523809523809526
0.05095238095238095,0.0015079365079365076,32.09468335256533,0.8523350293207784,unseen,43001,6ee5487dcdedbd0742d2c9b01e213ed8ec158f2d7de03341191a605965ee8cb1,scn2_mass_damping_mismatch_env43001,mass_damping_mismatch,0.008586629067205412,6.448602269288493,0.3393839553050533,wm_hybrid,31003.0,0.08013823056999464,2,1.0,0.011428571428571429,1.0,0.049523809523809526
0.05095238095238095,0.0015079365079365076,31.897331063702076,0.8952921218168942,unseen,43001,6ee5487dcdedbd0742d2c9b01e213ed8ec158f2d7de03341191a605965ee8cb1,scn2_mass_damping_mismatch_env43001,mass_damping_mismatch,0.009287665284638959,6.554324615745331,0.317482450876234,wm_hybrid,31004.0,0.07063783833810312,2,1.0,0.005238095238095238,1.0,0.049523809523809526
0.048095238095238094,0.0015079365079365076,31.500038708051626,0.5362730357303636,unseen,43001,6ee5487dcdedbd0742d2c9b01e213ed8ec158f2d7de03341191a605965ee8cb1,scn2_mass_damping_mismatch_env43001,mass_damping_mismatch,0.008173293595183602,7.332834039128558,0.31333470648798767,residual_rl,31000.0,0.06913640684155606,2,1.0,0.0019047619047619048,1.0,0.0
0.04904761904761905,0.0015079365079365076,31.531437144349642,0.5507447150583639,unseen,43001,6ee5487dcdedbd0742d2c9b01e213ed8ec158f2d7de03341191a605965ee8cb1,scn2_mass_damping_mismatch_env43001,mass_damping_mismatch,0.009725506246136434,7.315214292869605,0.31333405590850805,residual_rl,31001.0,0.06593643455467359,2,1.0,0.0019047619047619048,1.0,0.0
0.04904761904761905,0.0015079365079365076,31.487925655429446,0.5128197464761771,unseen,43001,6ee5487dcdedbd0742d2c9b01e213ed8ec158f2d7de03341191a605965ee8cb1,scn2_mass_damping_mismatch_env43001,mass_damping_mismatch,0.009453489492472078,7.3819024910798765,0.3133327436520847,residual_rl,31002.0,0.0701135762406775,2,1.0,0.0033333333333333335,1.0,0.0
0.05,0.0018253968253968253,32.41550618652324,0.5229434814717304,unseen,43001,6ee5487dcdedbd0742d2c9b01e213ed8ec158f2d7de03341191a605965ee8cb1,scn2_mass_damping_mismatch_env43001,mass_damping_mismatch,0.011670742101871936,7.217722426209975,0.4816792960938166,residual_rl,31003.0,0.10936175309223141,2,1.0,0.04666666666666667,1.0,0.0
0.04904761904761905,0.0015079365079365076,31.49704426550533,0.4930139621241855,unseen,43001,6ee5487dcdedbd0742d2c9b01e213ed8ec158f2d7de03341191a605965ee8cb1,scn2_mass_damping_mismatch_env43001,mass_damping_mismatch,0.00891973448160975,7.339430620295251,0.3133327436520847,residual_rl,31004.0,0.06990817549783254,2,1.0,0.0014285714285714286,1.0,0.0
0.05095238095238095,0.0015079365079365076,31.54571245271084,0.5574294774093939,unseen,43001,6ee5487dcdedbd0742d2c9b01e213ed8ec158f2d7de03341191a605965ee8cb1,scn2_mass_damping_mismatch_env43001,mass_damping_mismatch,0.010654567273593929,7.355717915560395,0.3133324453380849,wm_residual_rl,31000.0,0.06768364760875087,2,1.0,0.002380952380952381,1.0,0.0
0.048095238095238094,0.0015079365079365076,31.509429090653963,0.5657798849317811,unseen,43001,6ee5487dcdedbd0742d2c9b01e213ed8ec158f2d7de03341191a605965ee8cb1,scn2_mass_damping_mismatch_env43001,mass_damping_mismatch,0.009726053408899928,7.381094291885081,0.3133327436520847,wm_residual_rl,31001.0,0.06913351439545125,2,1.0,0.0009523809523809524,1.0,0.0
0.04857142857142857,0.0015079365079365076,31.459008389527362,0.4846307083753122,unseen,43001,6ee5487dcdedbd0742d2c9b01e213ed8ec158f2d7de03341191a605965ee8cb1,scn2_mass_damping_mismatch_env43001,mass_damping_mismatch,0.009239211899621826,7.336636051033494,0.3127646972393345,wm_residual_rl,31002.0,0.07079021756971692,2,1.0,0.0009523809523809524,1.0,0.0
0.048095238095238094,0.0015079365079365076,31.476079601341034,0.49281333472857636,unseen,43001,6ee5487dcdedbd0742d2c9b01e213ed8ec158f2d7de03341191a605965ee8cb1,scn2_mass_damping_mismatch_env43001,mass_damping_mismatch,0.007499923152451725,7.349770023543397,0.31395272418917874,wm_residual_rl,31003.0,0.07029312544003466,2,1.0,0.0019047619047619048,1.0,0.0
0.048095238095238094,0.0015079365079365076,31.523870360977636,0.5415200864143669,unseen,43001,6ee5487dcdedbd0742d2c9b01e213ed8ec158f2d7de03341191a605965ee8cb1,scn2_mass_damping_mismatch_env43001,mass_damping_mismatch,0.012020015165414361,7.308062154670137,0.31276315598490584,wm_residual_rl,31004.0,0.0690133499953065,2,1.0,0.0014285714285714286,1.0,0.0
0.03619047619047619,0.0014285714285714286,29.74596220264145,0.0,unseen,43002,6c205bd8e5b90063468122f7bff3e53c576940ac7c67f0cc69bee57950eb2f77,scn2_mass_damping_mismatch_env43002,mass_damping_mismatch,0.1555556480249851,7.881436333153505,0.473792443583338,smc,,0.19604617753338913,2,1.0,0.008571428571428572,1.0,0.0
0.05,0.0017460317460317458,29.58974621366764,0.9976190476190476,unseen,43002,6c205bd8e5b90063468122f7bff3e53c576940ac7c67f0cc69bee57950eb2f77,scn2_mass_damping_mismatch_env43002,mass_damping_mismatch,0.038522839957769756,7.1079720416625864,0.2963737310237836,mpc,,0.06642739053903841,2,1.0,0.004285714285714286,1.0,0.0
0.037142857142857144,0.0014285714285714286,29.3794122100358,0.5924226190476188,unseen,43002,6c205bd8e5b90063468122f7bff3e53c576940ac7c67f0cc69bee57950eb2f77,scn2_mass_damping_mismatch_env43002,mass_damping_mismatch,0.04655920547862261,7.375816850952694,0.3050412355320953,constant_alpha,,0.07103973938554829,2,1.0,0.002857142857142857,1.0,0.0
0.039523809523809524,0.0014285714285714286,29.490119607831343,0.9286301419741413,unseen,43002,6c205bd8e5b90063468122f7bff3e53c576940ac7c67f0cc69bee57950eb2f77,scn2_mass_damping_mismatch_env43002,mass_damping_mismatch,0.03852236777425699,7.165012689631669,0.3090613229010275,sspo,,0.06446947134898394,2,1.0,0.004285714285714286,1.0,0.0
0.039047619047619046,0.002222222222222222,29.757175524455754,0.9004287730419203,unseen,43002,6c205bd8e5b90063468122f7bff3e53c576940ac7c67f0cc69bee57950eb2f77,scn2_mass_damping_mismatch_env43002,mass_damping_mismatch,0.04024589976730926,6.432296178452191,0.31587634653516433,v3_transformer,31000.0,0.07652521565469944,2,1.0,0.039047619047619046,1.0,0.0
0.03857142857142857,0.0014285714285714286,29.520049605662926,0.8968320273446383,unseen,43002,6c205bd8e5b90063468122f7bff3e53c576940ac7c67f0cc69bee57950eb2f77,scn2_mass_damping_mismatch_env43002,mass_damping_mismatch,0.04145560832479573,6.968020475330536,0.30785124731039265,v3_transformer,31001.0,0.06151909051043523,2,1.0,0.005238095238095238,1.0,0.0
0.03761904761904762,0.0015079365079365076,29.80478900872674,0.9098497890003042,unseen,43002,6c205bd8e5b90063468122f7bff3e53c576940ac7c67f0cc69bee57950eb2f77,scn2_mass_damping_mismatch_env43002,mass_damping_mismatch,0.04508491675581847,6.47852734080275,0.3071889088691408,v3_transformer,31002.0,0.07258574442921954,2,1.0,0.012380952380952381,1.0,0.0
0.039047619047619046,0.0014285714285714286,29.5896807296675,0.8447793109229809,unseen,43002,6c205bd8e5b90063468122f7bff3e53c576940ac7c67f0cc69bee57950eb2f77,scn2_mass_damping_mismatch_env43002,mass_damping_mismatch,0.04019172375634275,6.931679844255519,0.3080388338021398,v3_transformer,31003.0,0.06889565103178474,2,1.0,0.002857142857142857,1.0,0.0
0.037142857142857144,0.0014285714285714286,29.574062430288315,0.891123448183101,unseen,43002,6c205bd8e5b90063468122f7bff3e53c576940ac7c67f0cc69bee57950eb2f77,scn2_mass_damping_mismatch_env43002,mass_damping_mismatch,0.048171887881471726,6.869865889561,0.3115988415432451,v3_transformer,31004.0,0.06892919421095163,2,1.0,0.004761904761904762,1.0,0.0
0.03761904761904762,0.001587301587301587,29.548870963568152,0.9187574525865095,unseen,43002,6c205bd8e5b90063468122f7bff3e53c576940ac7c67f0cc69bee57950eb2f77,scn2_mass_damping_mismatch_env43002,mass_damping_mismatch,0.04440246488153571,6.907735310810001,0.311568030776792,wm_hybrid,31000.0,0.06626265988813841,2,1.0,0.004285714285714286,1.0,0.04857142857142857
0.037142857142857144,0.0014285714285714286,29.543945094480815,0.8913531513371205,unseen,43002,6c205bd8e5b90063468122f7bff3e53c576940ac7c67f0cc69bee57950eb2f77,scn2_mass_damping_mismatch_env43002,mass_damping_mismatch,0.04645994754721698,6.956473246070992,0.30769483288140137,wm_hybrid,31001.0,0.06497541343993501,2,1.0,0.002380952380952381,1.0,0.04857142857142857
0.037142857142857144,0.0014285714285714286,29.581922492235318,0.911795959940301,unseen,43002,6c205bd8e5b90063468122f7bff3e53c576940ac7c67f0cc69bee57950eb2f77,scn2_mass_damping_mismatch_env43002,mass_damping_mismatch,0.04960624947996826,6.888343165870442,0.3083435931167257,wm_hybrid,31002.0,0.0676453874463011,2,1.0,0.002380952380952381,1.0,0.04857142857142857
0.03761904761904762,0.0014285714285714286,29.578728937366247,0.8539392007283004,unseen,43002,6c205bd8e5b90063468122f7bff3e53c576940ac7c67f0cc69bee57950eb2f77,scn2_mass_damping_mismatch_env43002,mass_damping_mismatch,0.04469165930077916,6.907090485767089,0.30790821441205085,wm_hybrid,31003.0,0.06791009070800356,2,1.0,0.0019047619047619048,1.0,0.04857142857142857
0.03857142857142857,0.0015079365079365076,29.540178292088967,0.9031484050675598,unseen,43002,6c205bd8e5b90063468122f7bff3e53c576940ac7c67f0cc69bee57950eb2f77,scn2_mass_damping_mismatch_env43002,mass_damping_mismatch,0.040760355755166976,6.82221707284576,0.30851191166717346,wm_hybrid,31004.0,0.06526284681294918,2,1.0,0.0014285714285714286,1.0,0.04857142857142857
0.037142857142857144,0.0014285714285714286,29.355138203077512,0.5237341508615716,unseen,43002,6c205bd8e5b90063468122f7bff3e53c576940ac7c67f0cc69bee57950eb2f77,scn2_mass_damping_mismatch_env43002,mass_damping_mismatch,0.05219963634113243,7.395667174473026,0.3077337994883372,residual_rl,31000.0,0.07220678965653074,2,1.0,0.004761904761904762,1.0,0.0
0.037142857142857144,0.0014285714285714286,29.342361211069164,0.5475633002315984,unseen,43002,6c205bd8e5b90063468122f7bff3e53c576940ac7c67f0cc69bee57950eb2f77,scn2_mass_damping_mismatch_env43002,mass_damping_mismatch,0.050560480374449795,7.401826476472128,0.3098386293137721,residual_rl,31001.0,0.0732255256816506,2,1.0,0.006190476190476191,1.0,0.0
0.037142857142857144,0.001587301587301587,29.351947604115807,0.5033321269801436,unseen,43002,6c205bd8e5b90063468122f7bff3e53c576940ac7c67f0cc69bee57950eb2f77,scn2_mass_damping_mismatch_env43002,mass_damping_mismatch,0.05137294576339747,7.277080593003012,0.31183407571327354,residual_rl,31002.0,0.07560418347546144,2,1.0,0.01380952380952381,1.0,0.0
0.037142857142857144,0.0014285714285714286,29.757710128002163,0.5327340443261327,unseen,43002,6c205bd8e5b90063468122f7bff3e53c576940ac7c67f0cc69bee57950eb2f77,scn2_mass_damping_mismatch_env43002,mass_damping_mismatch,0.048235092999726045,6.374768110540621,0.33576458963777145,residual_rl,31003.0,0.08299217840552826,2,1.0,0.024761904761904763,1.0,0.0
0.037142857142857144,0.0014285714285714286,29.31771494716382,0.4874253656776684,unseen,43002,6c205bd8e5b90063468122f7bff3e53c576940ac7c67f0cc69bee57950eb2f77,scn2_mass_damping_mismatch_env43002,mass_damping_mismatch,0.05124010439727006,7.390203335516921,0.307167630322128,residual_rl,31004.0,0.07375251920396882,2,1.0,0.0038095238095238095,1.0,0.0
0.037142857142857144,0.0014285714285714286,29.424992182416645,0.5583127246562537,unseen,43002,6c205bd8e5b90063468122f7bff3e53c576940ac7c67f0cc69bee57950eb2f77,scn2_mass_damping_mismatch_env43002,mass_damping_mismatch,0.05164060975708012,7.407379226595772,0.3066012142013215,wm_residual_rl,31000.0,0.07144541216863183,2,1.0,0.004285714285714286,1.0,0.0
0.037142857142857144,0.0014285714285714286,29.338992733064142,0.5591748613234122,unseen,43002,6c205bd8e5b90063468122f7bff3e53c576940ac7c67f0cc69bee57950eb2f77,scn2_mass_damping_mismatch_env43002,mass_damping_mismatch,0.05148499613309968,7.408624374883487,0.30556807700117,wm_residual_rl,31001.0,0.07186731952263864,2,1.0,0.004285714285714286,1.0,0.0
0.037142857142857144,0.001587301587301587,29.30677705828275,0.4801633692601541,unseen,43002,6c205bd8e5b90063468122f7bff3e53c576940ac7c67f0cc69bee57950eb2f77,scn2_mass_damping_mismatch_env43002,mass_damping_mismatch,0.05087343243416938,7.395329955372122,0.31070392960557164,wm_residual_rl,31002.0,0.0725431881028632,2,1.0,0.006190476190476191,1.0,0.0
0.037142857142857144,0.0014285714285714286,29.294693950037363,0.48949978728206656,unseen,43002,6c205bd8e5b90063468122f7bff3e53c576940ac7c67f0cc69bee57950eb2f77,scn2_mass_damping_mismatch_env43002,mass_damping_mismatch,0.0502949705022534,7.370248866004363,0.30605852366496683,wm_residual_rl,31003.0,0.07338059085859733,2,1.0,0.0033333333333333335,1.0,0.0
0.037142857142857144,0.001587301587301587,29.65822072705316,0.5286040095732722,unseen,43002,6c205bd8e5b90063468122f7bff3e53c576940ac7c67f0cc69bee57950eb2f77,scn2_mass_damping_mismatch_env43002,mass_damping_mismatch,0.050663583509559094,6.429484154879432,0.31468256200529227,wm_residual_rl,31004.0,0.08105653202809697,2,1.0,0.02142857142857143,1.0,0.0
0.05952380952380952,0.0012698412698412698,34.13730975984817,0.0,unseen,43003,25ac06cc2a99dfd23ad7b0f7e518eb4181f4a3279c258d2b20866a0569645b6c,scn2_mass_damping_mismatch_env43003,mass_damping_mismatch,0.24353307970360208,7.999475998234669,0.4429303746212176,smc,,0.17084688263799458,2,1.0,0.004761904761904762,1.0,0.0
0.06952380952380953,0.0014285714285714286,34.787587406053,0.9995238095238095,unseen,43003,25ac06cc2a99dfd23ad7b0f7e518eb4181f4a3279c258d2b20866a0569645b6c,scn2_mass_damping_mismatch_env43003,mass_damping_mismatch,0.10942414860463472,6.9668663461292875,0.27035314942328664,mpc,,0.06201408920092583,2,1.0,0.0019047619047619048,1.0,0.0
0.05857142857142857,0.0012698412698412698,34.5130237843732,0.5927083333333332,unseen,43003,25ac06cc2a99dfd23ad7b0f7e518eb4181f4a3279c258d2b20866a0569645b6c,scn2_mass_damping_mismatch_env43003,mass_damping_mismatch,0.10578435590487284,7.399626715071797,0.286391305522545,constant_alpha,,0.06162762237345377,2,1.0,0.005714285714285714,1.0,0.0
0.05952380952380952,0.0012698412698412698,34.612255793737006,0.9189905702867572,unseen,43003,25ac06cc2a99dfd23ad7b0f7e518eb4181f4a3279c258d2b20866a0569645b6c,scn2_mass_damping_mismatch_env43003,mass_damping_mismatch,0.10932511643900666,7.205259069562916,0.28927209055385195,sspo,,0.05700449986725582,2,1.0,0.0033333333333333335,1.0,0.0
0.06,0.0012698412698412698,34.63899919957258,0.8866951525242511,unseen,43003,25ac06cc2a99dfd23ad7b0f7e518eb4181f4a3279c258d2b20866a0569645b6c,scn2_mass_damping_mismatch_env43003,mass_damping_mismatch,0.11055724860532924,6.963557891974421,0.29109051061772,v3_transformer,31000.0,0.05786924987863978,2,1.0,0.0019047619047619048,1.0,0.0
0.06,0.0012698412698412698,34.62317309475425,0.8724416707709167,unseen,43003,25ac06cc2a99dfd23ad7b0f7e518eb4181f4a3279c258d2b20866a0569645b6c,scn2_mass_damping_mismatch_env43003,mass_damping_mismatch,0.1106253219596186,7.046739056275814,0.28852662581456445,v3_transformer,31001.0,0.057027531530943025,2,1.0,0.002380952380952381,1.0,0.0
0.05904761904761905,0.0012698412698412698,34.64178303543781,0.8899584155270601,unseen,43003,25ac06cc2a99dfd23ad7b0f7e518eb4181f4a3279c258d2b20866a0569645b6c,scn2_mass_damping_mismatch_env43003,mass_damping_mismatch,0.10807005603681688,6.956627699986074,0.28886997987630647,v3_transformer,31002.0,0.05776388168788201,2,1.0,0.0019047619047619048,1.0,0.0
0.06,0.0012698412698412698,34.64656703417458,0.8575927347656773,unseen,43003,25ac06cc2a99dfd23ad7b0f7e518eb4181f4a3279c258d2b20866a0569645b6c,scn2_mass_damping_mismatch_env43003,mass_damping_mismatch,0.11048644153531244,7.048616956696509,0.28946163396957697,v3_transformer,31003.0,0.05808064780469033,2,1.0,0.002857142857142857,1.0,0.0
0.06,0.0012698412698412698,34.65763835306395,0.8774769487325734,unseen,43003,25ac06cc2a99dfd23ad7b0f7e518eb4181f4a3279c258d2b20866a0569645b6c,scn2_mass_damping_mismatch_env43003,mass_damping_mismatch,0.11057881688697668,6.976008357572006,0.2935888138332661,v3_transformer,31004.0,0.05946358303996093,2,1.0,0.004285714285714286,1.0,0.0
0.05904761904761905,0.0012698412698412698,34.656719549412614,0.8830858180158534,unseen,43003,25ac06cc2a99dfd23ad7b0f7e518eb4181f4a3279c258d2b20866a0569645b6c,scn2_mass_damping_mismatch_env43003,mass_damping_mismatch,0.10692558445292806,6.965644887494581,0.2922324392663073,wm_hybrid,31000.0,0.05897450014445357,2,1.0,0.0019047619047619048,1.0,0.049523809523809526
0.05952380952380952,0.0012698412698412698,34.64064178458937,0.8714754444871092,unseen,43003,25ac06cc2a99dfd23ad7b0f7e518eb4181f4a3279c258d2b20866a0569645b6c,scn2_mass_damping_mismatch_env43003,mass_damping_mismatch,0.10833884005919846,7.09001757070238,0.2936809735513264,wm_hybrid,31001.0,0.05828903232926641,2,1.0,0.005238095238095238,1.0,0.049523809523809526
0.05904761904761905,0.0012698412698412698,34.654896836627366,0.8885219264468149,unseen,43003,25ac06cc2a99dfd23ad7b0f7e518eb4181f4a3279c258d2b20866a0569645b6c,scn2_mass_damping_mismatch_env43003,mass_damping_mismatch,0.10617274692315926,6.928581996905649,0.2888099386989131,wm_hybrid,31002.0,0.05838646673068467,2,1.0,0.0009523809523809524,1.0,0.049523809523809526
0.05857142857142857,0.0012698412698412698,34.6623116279815,0.856442555120769,unseen,43003,25ac06cc2a99dfd23ad7b0f7e518eb4181f4a3279c258d2b20866a0569645b6c,scn2_mass_damping_mismatch_env43003,mass_damping_mismatch,0.10579367107425806,7.084065852344047,0.29259980169413335,wm_hybrid,31003.0,0.05910074669921014,2,1.0,0.004285714285714286,1.0,0.049523809523809526
0.05904761904761905,0.0012698412698412698,34.66318687463437,0.8788109097420753,unseen,43003,25ac06cc2a99dfd23ad7b0f7e518eb4181f4a3279c258d2b20866a0569645b6c,scn2_mass_damping_mismatch_env43003,mass_damping_mismatch,0.10634749749471471,6.937006037165601,0.2912975152135135,wm_hybrid,31004.0,0.059048757997797206,2,1.0,0.0014285714285714286,1.0,0.049523809523809526
0.05952380952380952,0.0012698412698412698,34.455527532916435,0.5584624383981732,unseen,43003,25ac06cc2a99dfd23ad7b0f7e518eb4181f4a3279c258d2b20866a0569645b6c,scn2_mass_damping_mismatch_env43003,mass_damping_mismatch,0.1058134875928049,7.398421702640652,0.2878201407370571,residual_rl,31000.0,0.0621828383190094,2,1.0,0.0019047619047619048,1.0,0.0
0.05857142857142857,0.0014285714285714286,34.45184718356815,0.5517337288384291,unseen,43003,25ac06cc2a99dfd23ad7b0f7e518eb4181f4a3279c258d2b20866a0569645b6c,scn2_mass_damping_mismatch_env43003,mass_damping_mismatch,0.10305466397631903,7.385825095412554,0.28709232899676596,residual_rl,31001.0,0.06278981094358192,2,1.0,0.009047619047619047,1.0,0.0
0.058095238095238096,0.0012698412698412698,34.479859311706186,0.515574591906894,unseen,43003,25ac06cc2a99dfd23ad7b0f7e518eb4181f4a3279c258d2b20866a0569645b6c,scn2_mass_damping_mismatch_env43003,mass_damping_mismatch,0.10403770416759749,7.470138218541845,0.2921544340141089,residual_rl,31002.0,0.06327894230853033,2,1.0,0.005238095238095238,1.0,0.0
0.06,0.0012698412698412698,34.46123939452971,0.5513223470430765,unseen,43003,25ac06cc2a99dfd23ad7b0f7e518eb4181f4a3279c258d2b20866a0569645b6c,scn2_mass_damping_mismatch_env43003,mass_damping_mismatch,0.10790730894171903,7.353564733361041,0.2856765882790798,residual_rl,31003.0,0.06200394568534979,2,1.0,0.0014285714285714286,1.0,0.0
0.05761904761904762,0.0012698412698412698,34.42375538901925,0.5044247424574115,unseen,43003,25ac06cc2a99dfd23ad7b0f7e518eb4181f4a3279c258d2b20866a0569645b6c,scn2_mass_damping_mismatch_env43003,mass_damping_mismatch,0.09932524352351871,7.402639431335578,0.28709253833559056,residual_rl,31004.0,0.0638516853762923,2,1.0,0.0019047619047619048,1.0,0.0
0.06,0.0012698412698412698,34.44845403956321,0.5636741397828439,unseen,43003,25ac06cc2a99dfd23ad7b0f7e518eb4181f4a3279c258d2b20866a0569645b6c,scn2_mass_damping_mismatch_env43003,mass_damping_mismatch,0.10792620624250177,7.438009938399399,0.28924694043399607,wm_residual_rl,31000.0,0.06246799865054191,2,1.0,0.006190476190476191,1.0,0.0
0.058095238095238096,0.0012698412698412698,34.47976473267212,0.5677270791207913,unseen,43003,25ac06cc2a99dfd23ad7b0f7e518eb4181f4a3279c258d2b20866a0569645b6c,scn2_mass_damping_mismatch_env43003,mass_damping_mismatch,0.10364080474726665,7.398988142727211,0.2856754634925,wm_residual_rl,31001.0,0.062279235515941125,2,1.0,0.0009523809523809524,1.0,0.0
0.058095238095238096,0.0012698412698412698,34.39678527987617,0.4857200063279853,unseen,43003,25ac06cc2a99dfd23ad7b0f7e518eb4181f4a3279c258d2b20866a0569645b6c,scn2_mass_damping_mismatch_env43003,mass_damping_mismatch,0.10389879077358379,7.371473439797908,0.2856693752926948,wm_residual_rl,31002.0,0.062090510618340984,2,1.0,0.0019047619047619048,1.0,0.0
0.058095238095238096,0.0012698412698412698,34.389035157702466,0.5011992039861135,unseen,43003,25ac06cc2a99dfd23ad7b0f7e518eb4181f4a3279c258d2b20866a0569645b6c,scn2_mass_damping_mismatch_env43003,mass_damping_mismatch,0.10317086316782913,7.397003292411031,0.2878201407370571,wm_residual_rl,31003.0,0.061697328194353925,2,1.0,0.0033333333333333335,1.0,0.0
0.05857142857142857,0.0012698412698412698,34.46378458252905,0.536230924995502,unseen,43003,25ac06cc2a99dfd23ad7b0f7e518eb4181f4a3279c258d2b20866a0569645b6c,scn2_mass_damping_mismatch_env43003,mass_damping_mismatch,0.1041625482851012,7.370404971540278,0.28638751813410274,wm_residual_rl,31004.0,0.062461455315897654,2,1.0,0.0014285714285714286,1.0,0.0
0.039523809523809524,0.0015079365079365078,30.893047455762364,0.0,unseen,43004,3edd2ccb05faec78932280dcf7b008c471f8668ccca18011965d5ff2cb43fde0,scn2_mass_damping_mismatch_env43004,mass_damping_mismatch,0.18800481662042237,8.1292576441683,0.48132542294481595,smc,,0.19616721441283982,2,1.0,0.01,1.0,0.0
0.05714285714285714,0.0019047619047619048,30.887491958232964,0.9990476190476191,unseen,43004,3edd2ccb05faec78932280dcf7b008c471f8668ccca18011965d5ff2cb43fde0,scn2_mass_damping_mismatch_env43004,mass_damping_mismatch,0.015191091391169073,7.050016473742689,0.26319314338332417,mpc,,0.06359441155947795,2,1.0,0.004761904761904762,1.0,0.0
0.04523809523809524,0.0015079365079365078,30.61882248015385,0.5929940476190474,unseen,43004,3edd2ccb05faec78932280dcf7b008c471f8668ccca18011965d5ff2cb43fde0,scn2_mass_damping_mismatch_env43004,mass_damping_mismatch,0.02280854623777661,7.359841957174739,0.2776495700941948,constant_alpha,,0.06406450053503057,2,1.0,0.002857142857142857,1.0,0.0
0.04666666666666667,0.0015079365079365078,30.764018637362117,0.9336577284933447,unseen,43004,3edd2ccb05faec78932280dcf7b008c471f8668ccca18011965d5ff2cb43fde0,scn2_mass_damping_mismatch_env43004,mass_damping_mismatch,0.015189916957346726,7.110806986125032,0.2821493679556099,sspo,,0.057975111395525906,2,1.0,0.0019047619047619048,1.0,0.0
0.04619047619047619,0.0015079365079365078,30.846617357849485,0.9168324928921205,unseen,43004,3edd2ccb05faec78932280dcf7b008c471f8668ccca18011965d5ff2cb43fde0,scn2_mass_damping_mismatch_env43004,mass_damping_mismatch,0.01622669280371782,6.823190774850924,0.2844581071568219,v3_transformer,31000.0,0.06074226531608954,2,1.0,0.002857142857142857,1.0,0.0
0.04619047619047619,0.0015079365079365078,30.778663092567914,0.8956184182722122,unseen,43004,3edd2ccb05faec78932280dcf7b008c471f8668ccca18011965d5ff2cb43fde0,scn2_mass_damping_mismatch_env43004,mass_damping_mismatch,0.017019307877062313,6.982718902826229,0.28141830225614656,v3_transformer,31001.0,0.056018181911168946,2,1.0,0.0033333333333333335,1.0,0.0
0.04619047619047619,0.0015079365079365078,30.855265830413554,0.9150717648488512,unseen,43004,3edd2ccb05faec78932280dcf7b008c471f8668ccca18011965d5ff2cb43fde0,scn2_mass_damping_mismatch_env43004,mass_damping_mismatch,0.021930408956107067,6.905752389137115,0.2824565304112366,v3_transformer,31002.0,0.06046231750208022,2,1.0,0.0009523809523809524,1.0,0.0
0.04619047619047619,0.0015079365079365078,30.866631671019473,0.8638411079809134,unseen,43004,3edd2ccb05faec78932280dcf7b008c471f8668ccca18011965d5ff2cb43fde0,scn2_mass_damping_mismatch_env43004,mass_damping_mismatch,0.019262076146050557,6.89528153838571,0.2813337776683368,v3_transformer,31003.0,0.06015683975984087,2,1.0,0.0004761904761904762,1.0,0.0
0.04619047619047619,0.0015079365079365078,30.84041280113799,0.8992211994921946,unseen,43004,3edd2ccb05faec78932280dcf7b008c471f8668ccca18011965d5ff2cb43fde0,scn2_mass_damping_mismatch_env43004,mass_damping_mismatch,0.021242219732581,6.879644917530199,0.28185265005640686,v3_transformer,31004.0,0.06015824028226516,2,1.0,0.0019047619047619048,1.0,0.0
0.04619047619047619,0.0016666666666666668,30.84192417052246,0.9163126375716855,unseen,43004,3edd2ccb05faec78932280dcf7b008c471f8668ccca18011965d5ff2cb43fde0,scn2_mass_damping_mismatch_env43004,mass_damping_mismatch,0.019611665229825513,6.796219734309902,0.2854088812451209,wm_hybrid,31000.0,0.0608375079810167,2,1.0,0.002380952380952381,1.0,0.049523809523809526
0.04619047619047619,0.0015079365079365078,30.816146783583235,0.8852032771639725,unseen,43004,3edd2ccb05faec78932280dcf7b008c471f8668ccca18011965d5ff2cb43fde0,scn2_mass_damping_mismatch_env43004,mass_damping_mismatch,0.016824770046171764,6.9603993612023025,0.28041574853620654,wm_hybrid,31001.0,0.05921400492169726,2,1.0,0.002380952380952381,1.0,0.049523809523809526
0.04619047619047619,0.0015079365079365078,30.845419819819945,0.9146294078069563,unseen,43004,3edd2ccb05faec78932280dcf7b008c471f8668ccca18011965d5ff2cb43fde0,scn2_mass_damping_mismatch_env43004,mass_damping_mismatch,0.017092829082635833,6.8788404272985195,0.28328241979165897,wm_hybrid,31002.0,0.057998941592965036,2,1.0,0.002380952380952381,1.0,0.049523809523809526
0.04619047619047619,0.0015079365079365078,30.887796666565738,0.8495557530377609,unseen,43004,3edd2ccb05faec78932280dcf7b008c471f8668ccca18011965d5ff2cb43fde0,scn2_mass_damping_mismatch_env43004,mass_damping_mismatch,0.016499220439828165,6.885728537024575,0.28275128158124463,wm_hybrid,31003.0,0.0619584295696049,2,1.0,0.0019047619047619048,1.0,0.049523809523809526
0.04619047619047619,0.0015079365079365078,30.843725018625925,0.9006962186318862,unseen,43004,3edd2ccb05faec78932280dcf7b008c471f8668ccca18011965d5ff2cb43fde0,scn2_mass_damping_mismatch_env43004,mass_damping_mismatch,0.020299929264727675,6.870838153900104,0.2830194918733499,wm_hybrid,31004.0,0.06027278478605377,2,1.0,0.0019047619047619048,1.0,0.049523809523809526
0.04476190476190476,0.0015079365079365078,30.64855854954132,0.5329084912856561,unseen,43004,3edd2ccb05faec78932280dcf7b008c471f8668ccca18011965d5ff2cb43fde0,scn2_mass_damping_mismatch_env43004,mass_damping_mismatch,0.026191371982255365,7.358798047948442,0.27926696690694963,residual_rl,31000.0,0.06473473330229636,2,1.0,0.0038095238095238095,1.0,0.0
0.04380952380952381,0.0015079365079365078,30.67344214697829,0.5441246488982265,unseen,43004,3edd2ccb05faec78932280dcf7b008c471f8668ccca18011965d5ff2cb43fde0,scn2_mass_damping_mismatch_env43004,mass_damping_mismatch,0.02975839670621786,7.403494427011147,0.2878742525200828,residual_rl,31001.0,0.0663731703569265,2,1.0,0.006190476190476191,1.0,0.0
0.04380952380952381,0.0015079365079365078,30.667484272648554,0.5112549907358129,unseen,43004,3edd2ccb05faec78932280dcf7b008c471f8668ccca18011965d5ff2cb43fde0,scn2_mass_damping_mismatch_env43004,mass_damping_mismatch,0.027103551331201445,7.39244823409191,0.2784920691138674,residual_rl,31002.0,0.06495861396672396,2,1.0,0.0033333333333333335,1.0,0.0
0.04523809523809524,0.0015079365079365078,30.644181327285416,0.5388836452219861,unseen,43004,3edd2ccb05faec78932280dcf7b008c471f8668ccca18011965d5ff2cb43fde0,scn2_mass_damping_mismatch_env43004,mass_damping_mismatch,0.023969170773418345,7.395089074431843,0.286909988801205,residual_rl,31003.0,0.06744359364103314,2,1.0,0.007619047619047619,1.0,0.0
0.04523809523809524,0.0015079365079365078,30.597816817723334,0.49069982598860906,unseen,43004,3edd2ccb05faec78932280dcf7b008c471f8668ccca18011965d5ff2cb43fde0,scn2_mass_damping_mismatch_env43004,mass_damping_mismatch,0.027061893285517016,7.34813126345953,0.27851088663670726,residual_rl,31004.0,0.06461422263566358,2,1.0,0.004285714285714286,1.0,0.0
0.04523809523809524,0.0015079365079365078,30.715420742812736,0.5598249791729734,unseen,43004,3edd2ccb05faec78932280dcf7b008c471f8668ccca18011965d5ff2cb43fde0,scn2_mass_damping_mismatch_env43004,mass_damping_mismatch,0.025031673727819725,7.39439198000306,0.2801801382568082,wm_residual_rl,31000.0,0.06726958818810842,2,1.0,0.002857142857142857,1.0,0.0
0.04380952380952381,0.0015079365079365078,30.677545899232147,0.5604935308116551,unseen,43004,3edd2ccb05faec78932280dcf7b008c471f8668ccca18011965d5ff2cb43fde0,scn2_mass_damping_mismatch_env43004,mass_damping_mismatch,0.02735231486910511,7.379698971785342,0.27764956872717766,wm_residual_rl,31001.0,0.06418195781001303,2,1.0,0.0019047619047619048,1.0,0.0
0.04380952380952381,0.0015079365079365078,30.646528164323517,0.4854224060077181,unseen,43004,3edd2ccb05faec78932280dcf7b008c471f8668ccca18011965d5ff2cb43fde0,scn2_mass_damping_mismatch_env43004,mass_damping_mismatch,0.027169366299522407,7.35213765549542,0.27848395488475286,wm_residual_rl,31002.0,0.06392490838673434,2,1.0,0.005714285714285714,1.0,0.0
0.04380952380952381,0.0015079365079365078,30.611280479909574,0.4897458167761226,unseen,43004,3edd2ccb05faec78932280dcf7b008c471f8668ccca18011965d5ff2cb43fde0,scn2_mass_damping_mismatch_env43004,mass_damping_mismatch,0.02640345121472566,7.388391670140789,0.28271352933064436,wm_residual_rl,31003.0,0.0644224662679595,2,1.0,0.005238095238095238,1.0,0.0
0.04380952380952381,0.0015079365079365078,30.65348445578512,0.5393350479473126,unseen,43004,3edd2ccb05faec78932280dcf7b008c471f8668ccca18011965d5ff2cb43fde0,scn2_mass_damping_mismatch_env43004,mass_damping_mismatch,0.02657601506592754,7.328919390879045,0.2776704915628123,wm_residual_rl,31004.0,0.06631546784880357,2,1.0,0.0014285714285714286,1.0,0.0
0.03619047619047619,0.10357142857142858,27.851662945770503,0.0,unseen,43000,c1e94636808f55d8329e73edb55670a04ddb91c3176d77037f0695e47952172a,scn3_actuator_delay_noise_env43000,actuator_delay_noise,0.034801552294882056,8.33995368112838,0.45404823077599554,smc,,0.15839676019472118,3,1.0,0.002380952380952381,1.0,0.0
0.6452380952380953,0.5596031746031747,58.4989289348415,0.9976190476190476,unseen,43000,c1e94636808f55d8329e73edb55670a04ddb91c3176d77037f0695e47952172a,scn3_actuator_delay_noise_env43000,actuator_delay_noise,0.553122765769266,20.72269063233637,1.3016630888262322,mpc,,0.8194120626506218,3,1.0,0.02142857142857143,1.0,0.0
0.1661904761904762,0.2522222222222222,39.43895606688037,0.5828452380952378,unseen,43000,c1e94636808f55d8329e73edb55670a04ddb91c3176d77037f0695e47952172a,scn3_actuator_delay_noise_env43000,actuator_delay_noise,0.12197929769901751,12.431682870281573,0.3449611558679863,constant_alpha,,0.1242047582506343,3,1.0,0.018095238095238095,1.0,0.0
0.3466666666666667,0.3495238095238095,47.26821213957415,0.6918872255222288,unseen,43000,c1e94636808f55d8329e73edb55670a04ddb91c3176d77037f0695e47952172a,scn3_actuator_delay_noise_env43000,actuator_delay_noise,0.667789425853744,16.63388929915176,0.667789425853744,sspo,,0.2966847809892399,3,1.0,0.015238095238095238,1.0,0.0
0.1823809523809524,0.27468253968253964,40.781977099266705,0.5352870536090976,unseen,43000,c1e94636808f55d8329e73edb55670a04ddb91c3176d77037f0695e47952172a,scn3_actuator_delay_noise_env43000,actuator_delay_noise,0.44691299476553126,14.693552725757645,0.44691299476553126,v3_transformer,31000.0,0.17560611305600346,3,1.0,0.01380952380952381,1.0,0.0
0.3057142857142857,0.2974603174603174,42.55159502654379,0.6080704269180441,unseen,43000,c1e94636808f55d8329e73edb55670a04ddb91c3176d77037f0695e47952172a,scn3_actuator_delay_noise_env43000,actuator_delay_noise,0.20489571072082002,19.065515352031053,0.7920125186928308,v3_transformer,31001.0,0.32573862994642533,3,1.0,0.009047619047619047,1.0,0.0
0.35523809523809524,0.3473809523809524,47.15413806372545,0.6643123639524516,unseen,43000,c1e94636808f55d8329e73edb55670a04ddb91c3176d77037f0695e47952172a,scn3_actuator_delay_noise_env43000,actuator_delay_noise,0.49194607861490636,16.064724949844518,0.830031994212375,v3_transformer,31002.0,0.34753467768438207,3,1.0,0.01619047619047619,1.0,0.0
0.28523809523809524,0.3379365079365079,44.218276765503624,0.6659812651405479,unseen,43000,c1e94636808f55d8329e73edb55670a04ddb91c3176d77037f0695e47952172a,scn3_actuator_delay_noise_env43000,actuator_delay_noise,0.31717291910984724,14.954703372694308,0.9596934374186753,v3_transformer,31003.0,0.3692744289053673,3,1.0,0.01619047619047619,1.0,0.0
0.3566666666666667,0.3434126984126984,45.95788984837223,0.674049086335955,unseen,43000,c1e94636808f55d8329e73edb55670a04ddb91c3176d77037f0695e47952172a,scn3_actuator_delay_noise_env43000,actuator_delay_noise,0.1925747291708824,15.596659877546555,1.1128078958927283,v3_transformer,31004.0,0.43120165520555964,3,1.0,0.009523809523809525,1.0,0.0
0.23285714285714285,0.26992063492063495,41.41074127126581,0.5509672706515747,unseen,43000,c1e94636808f55d8329e73edb55670a04ddb91c3176d77037f0695e47952172a,scn3_actuator_delay_noise_env43000,actuator_delay_noise,0.12334602021462808,14.332843168506066,0.34536701084609334,wm_hybrid,31000.0,0.17209655835751256,3,1.0,0.01380952380952381,1.0,0.039047619047619046
0.32,0.31476190476190474,44.50368848702881,0.6221565233106322,unseen,43000,c1e94636808f55d8329e73edb55670a04ddb91c3176d77037f0695e47952172a,scn3_actuator_delay_noise_env43000,actuator_delay_noise,0.4084982848316606,14.757316666479642,0.6814460651434059,wm_hybrid,31001.0,0.26192341742087544,3,1.0,0.02619047619047619,1.0,0.03857142857142857
0.3657142857142857,0.3422222222222222,46.923167793511176,0.659243147277415,unseen,43000,c1e94636808f55d8329e73edb55670a04ddb91c3176d77037f0695e47952172a,scn3_actuator_delay_noise_env43000,actuator_delay_noise,0.550604746346168,16.25577658859086,0.8208784180059556,wm_hybrid,31002.0,0.35666455323369534,3,1.0,0.014761904761904763,1.0,0.03571428571428571
0.2733333333333333,0.3179365079365079,43.23115924898444,0.6035566390937344,unseen,43000,c1e94636808f55d8329e73edb55670a04ddb91c3176d77037f0695e47952172a,scn3_actuator_delay_noise_env43000,actuator_delay_noise,0.26533806035927016,15.715402873079286,0.6354506206505771,wm_hybrid,31003.0,0.2658471569700899,3,1.0,0.016666666666666666,1.0,0.035238095238095235
0.33666666666666667,0.3298412698412698,44.33939890934632,0.6290493200035866,unseen,43000,c1e94636808f55d8329e73edb55670a04ddb91c3176d77037f0695e47952172a,scn3_actuator_delay_noise_env43000,actuator_delay_noise,0.1663729950074262,15.712854976533938,1.042591471557535,wm_hybrid,31004.0,0.4000756225266153,3,1.0,0.013333333333333334,1.0,0.034761904761904765
0.12285714285714286,0.19968253968253968,35.51174341300381,0.5061654431351446,unseen,43000,c1e94636808f55d8329e73edb55670a04ddb91c3176d77037f0695e47952172a,scn3_actuator_delay_noise_env43000,actuator_delay_noise,0.06312022943746874,10.802143594549753,0.3449611558679863,residual_rl,31000.0,0.08847332367863787,3,1.0,0.004761904761904762,1.0,0.0
0.10428571428571429,0.18769841269841267,34.59769093570855,0.48411169584887637,unseen,43000,c1e94636808f55d8329e73edb55670a04ddb91c3176d77037f0695e47952172a,scn3_actuator_delay_noise_env43000,actuator_delay_noise,0.05126931927304955,10.752538747700497,0.3510649477858307,residual_rl,31001.0,0.08510010583634803,3,1.0,0.014285714285714285,1.0,0.0
0.11714285714285715,0.19468253968253965,35.17789372325474,0.49372136739245337,unseen,43000,c1e94636808f55d8329e73edb55670a04ddb91c3176d77037f0695e47952172a,scn3_actuator_delay_noise_env43000,actuator_delay_noise,0.0634010289780224,10.278807944963509,0.3449611558679863,residual_rl,31002.0,0.08593682328774545,3,1.0,0.0038095238095238095,1.0,0.0
0.12857142857142856,0.19857142857142857,35.72430795832214,0.49927283242047926,unseen,43000,c1e94636808f55d8329e73edb55670a04ddb91c3176d77037f0695e47952172a,scn3_actuator_delay_noise_env43000,actuator_delay_noise,0.05885721797576717,10.564781190404505,0.34496112774744625,residual_rl,31003.0,0.08976849648346857,3,1.0,0.006190476190476191,1.0,0.0
0.12142857142857143,0.20944444444444443,36.419194770605934,0.51402503823237,unseen,43000,c1e94636808f55d8329e73edb55670a04ddb91c3176d77037f0695e47952172a,scn3_actuator_delay_noise_env43000,actuator_delay_noise,0.0515501841472921,10.526260265436317,0.34496116865681753,residual_rl,31004.0,0.09473344494206674,3,1.0,0.006190476190476191,1.0,0.0
0.12095238095238095,0.22079365079365076,36.98793958584897,0.523432414004985,unseen,43000,c1e94636808f55d8329e73edb55670a04ddb91c3176d77037f0695e47952172a,scn3_actuator_delay_noise_env43000,actuator_delay_noise,0.04889296508880976,11.341267050377711,0.3449611558679863,wm_residual_rl,31000.0,0.09356858178855298,3,1.0,0.012857142857142857,1.0,0.0
0.1219047619047619,0.23023809523809524,37.509086575830885,0.5403885689448277,unseen,43000,c1e94636808f55d8329e73edb55670a04ddb91c3176d77037f0695e47952172a,scn3_actuator_delay_noise_env43000,actuator_delay_noise,0.083805177849464,13.000362438926249,0.3449611558679863,wm_residual_rl,31001.0,0.11707654738193249,3,1.0,0.011904761904761904,1.0,0.0
0.11476190476190476,0.19126984126984126,34.991459169597604,0.4877741179083713,unseen,43000,c1e94636808f55d8329e73edb55670a04ddb91c3176d77037f0695e47952172a,scn3_actuator_delay_noise_env43000,actuator_delay_noise,0.049055657736964346,10.180322536335783,0.3449611558679863,wm_residual_rl,31002.0,0.08642988146087033,3,1.0,0.008095238095238095,1.0,0.0
0.12761904761904763,0.19476190476190477,34.91085499171989,0.49144892755263603,unseen,43000,c1e94636808f55d8329e73edb55670a04ddb91c3176d77037f0695e47952172a,scn3_actuator_delay_noise_env43000,actuator_delay_noise,0.055248109783717435,10.19427961262285,0.3449611558679863,wm_residual_rl,31003.0,0.08860410022872209,3,1.0,0.006666666666666667,1.0,0.0
0.12523809523809523,0.19023809523809523,35.100943743353895,0.48615561082681236,unseen,43000,c1e94636808f55d8329e73edb55670a04ddb91c3176d77037f0695e47952172a,scn3_actuator_delay_noise_env43000,actuator_delay_noise,0.040714459680099714,10.11915230273709,0.35136661157036747,wm_residual_rl,31004.0,0.08671885841875884,3,1.0,0.019523809523809523,1.0,0.0
0.05142857142857143,0.133015873015873,28.31156186817384,0.0,unseen,43001,b060fa05db89a48acf588b0ae4935e740431480363424884039e598d29acd110,scn3_actuator_delay_noise_env43001,actuator_delay_noise,0.03601175084490095,8.7864356414096,0.45710075560080293,smc,,0.15872996566267886,3,1.0,0.006190476190476191,1.0,0.0
0.6952380952380952,0.5342063492063491,62.62637283957802,0.9928571428571429,unseen,43001,b060fa05db89a48acf588b0ae4935e740431480363424884039e598d29acd110,scn3_actuator_delay_noise_env43001,actuator_delay_noise,0.6173502751978789,26.909225738706922,2.2335293523881306,mpc,,1.2704516167610347,3,1.0,0.03190476190476191,1.0,0.0
0.20809523809523808,0.28849206349206347,42.87206971883807,0.5924226190476188,unseen,43001,b060fa05db89a48acf588b0ae4935e740431480363424884039e598d29acd110,scn3_actuator_delay_noise_env43001,actuator_delay_noise,0.14632110238653828,15.092015270212013,0.36532844744266074,constant_alpha,,0.16926984024347347,3,1.0,0.009523809523809525,1.0,0.0
0.37952380952380954,0.3526190476190476,49.01409506371667,0.6533320007172684,unseen,43001,b060fa05db89a48acf588b0ae4935e740431480363424884039e598d29acd110,scn3_actuator_delay_noise_env43001,actuator_delay_noise,0.8632063951573092,18.591735729962966,0.8632063951573092,sspo,,0.30510811218676426,3,1.0,0.04857142857142857,1.0,0.0
0.30952380952380953,0.30087301587301585,44.567530685050855,0.5094217788832218,unseen,43001,b060fa05db89a48acf588b0ae4935e740431480363424884039e598d29acd110,scn3_actuator_delay_noise_env43001,actuator_delay_noise,0.6931586407236274,16.52290026929478,0.7091087391770595,v3_transformer,31000.0,0.2868872680715221,3,1.0,0.012857142857142857,1.0,0.0
0.30238095238095236,0.306031746031746,43.77062660075493,0.5545613323692963,unseen,43001,b060fa05db89a48acf588b0ae4935e740431480363424884039e598d29acd110,scn3_actuator_delay_noise_env43001,actuator_delay_noise,0.5568823888123342,16.43971280449018,1.0870819121941266,v3_transformer,31001.0,0.3826235072503186,3,1.0,0.010952380952380953,1.0,0.0
0.3961904761904762,0.3427777777777778,48.22073727045003,0.6214331508103869,unseen,43001,b060fa05db89a48acf588b0ae4935e740431480363424884039e598d29acd110,scn3_actuator_delay_noise_env43001,actuator_delay_noise,0.7245908886049136,18.58630179813833,0.754010760340566,v3_transformer,31002.0,0.3633402133607305,3,1.0,0.01380952380952381,1.0,0.0
0.2947619047619048,0.31063492063492065,43.17224031036877,0.5973422102856247,unseen,43001,b060fa05db89a48acf588b0ae4935e740431480363424884039e598d29acd110,scn3_actuator_delay_noise_env43001,actuator_delay_noise,0.13652878331882753,15.876178609983926,1.0720925375254182,v3_transformer,31003.0,0.4013950884329096,3,1.0,0.017142857142857144,1.0,0.0
0.3619047619047619,0.31873015873015875,45.59380828868549,0.5661742446135906,unseen,43001,b060fa05db89a48acf588b0ae4935e740431480363424884039e598d29acd110,scn3_actuator_delay_noise_env43001,actuator_delay_noise,0.08036517198496436,17.538857042928967,1.1235801075407752,v3_transformer,31004.0,0.43995800789860817,3,1.0,0.012857142857142857,1.0,0.0
0.3395238095238095,0.29865079365079367,46.71797925799757,0.5524949065070719,unseen,43001,b060fa05db89a48acf588b0ae4935e740431480363424884039e598d29acd110,scn3_actuator_delay_noise_env43001,actuator_delay_noise,0.06943375152693769,16.542249802730392,0.48596903201157043,wm_hybrid,31000.0,0.23175515270329564,3,1.0,0.011904761904761904,1.0,0.03666666666666667
0.31952380952380954,0.3149206349206349,44.84259573493968,0.6006681856583662,unseen,43001,b060fa05db89a48acf588b0ae4935e740431480363424884039e598d29acd110,scn3_actuator_delay_noise_env43001,actuator_delay_noise,0.4485329883042166,19.327108493523937,1.1314863117399396,wm_hybrid,31001.0,0.4379911429285079,3,1.0,0.019523809523809523,1.0,0.03142857142857143
0.3961904761904762,0.33595238095238095,48.17791183045503,0.6208493495107669,unseen,43001,b060fa05db89a48acf588b0ae4935e740431480363424884039e598d29acd110,scn3_actuator_delay_noise_env43001,actuator_delay_noise,0.7064148284064851,18.56239335177528,0.7761672491326627,wm_hybrid,31002.0,0.368262833397258,3,1.0,0.012380952380952381,1.0,0.03190476190476191
0.30142857142857143,0.29182539682539677,44.72235553110915,0.5347379854780422,unseen,43001,b060fa05db89a48acf588b0ae4935e740431480363424884039e598d29acd110,scn3_actuator_delay_noise_env43001,actuator_delay_noise,0.5854280947966012,16.155467184315384,0.6169813878890342,wm_hybrid,31003.0,0.22522648923013647,3,1.0,0.030952380952380953,1.0,0.039047619047619046
0.37761904761904763,0.32436507936507936,46.56883026185399,0.5895979062774904,unseen,43001,b060fa05db89a48acf588b0ae4935e740431480363424884039e598d29acd110,scn3_actuator_delay_noise_env43001,actuator_delay_noise,0.06613731366466227,17.112908204854648,1.3276352735775176,wm_hybrid,31004.0,0.5265607583177286,3,1.0,0.011428571428571429,1.0,0.030476190476190476
0.1442857142857143,0.2358730158730159,38.03778195095914,0.49922030152565594,unseen,43001,b060fa05db89a48acf588b0ae4935e740431480363424884039e598d29acd110,scn3_actuator_delay_noise_env43001,actuator_delay_noise,0.06822372484330992,12.69926267798532,0.3641611056134419,residual_rl,31000.0,0.11064635346770127,3,1.0,0.005714285714285714,1.0,0.0
0.14523809523809525,0.23214285714285715,37.814680063810755,0.49098745284209394,unseen,43001,b060fa05db89a48acf588b0ae4935e740431480363424884039e598d29acd110,scn3_actuator_delay_noise_env43001,actuator_delay_noise,0.07357262190652593,12.631567602829154,0.36416110648963723,residual_rl,31001.0,0.1081221554326328,3,1.0,0.008095238095238095,1.0,0.0
0.14095238095238094,0.22936507936507938,37.78476010015774,0.48218016837875,unseen,43001,b060fa05db89a48acf588b0ae4935e740431480363424884039e598d29acd110,scn3_actuator_delay_noise_env43001,actuator_delay_noise,0.05803837169561441,12.693828943990393,0.367810149067889,residual_rl,31002.0,0.10701569591908125,3,1.0,0.010952380952380953,1.0,0.0
0.1523809523809524,0.23095238095238096,37.98616622352485,0.48774860926648844,unseen,43001,b060fa05db89a48acf588b0ae4935e740431480363424884039e598d29acd110,scn3_actuator_delay_noise_env43001,actuator_delay_noise,0.06259221078868035,12.769007998241925,0.36416110648963723,residual_rl,31003.0,0.10856831081147242,3,1.0,0.005714285714285714,1.0,0.0
0.15476190476190477,0.243015873015873,38.720384232002445,0.5028353031831464,unseen,43001,b060fa05db89a48acf588b0ae4935e740431480363424884039e598d29acd110,scn3_actuator_delay_noise_env43001,actuator_delay_noise,0.06520125601256367,12.758149135934925,0.3653188329974863,residual_rl,31004.0,0.11312825477707274,3,1.0,0.013333333333333334,1.0,0.0
0.14761904761904762,0.2501587301587302,39.58974971893211,0.5190622916190781,unseen,43001,b060fa05db89a48acf588b0ae4935e740431480363424884039e598d29acd110,scn3_actuator_delay_noise_env43001,actuator_delay_noise,0.08274836970361621,13.404955671688887,0.36416110648963723,wm_residual_rl,31000.0,0.11791596935906486,3,1.0,0.014761904761904763,1.0,0.0
0.1742857142857143,0.26365079365079364,40.65567143692712,0.5436728974294162,unseen,43001,b060fa05db89a48acf588b0ae4935e740431480363424884039e598d29acd110,scn3_actuator_delay_noise_env43001,actuator_delay_noise,0.13224218786040753,16.59407925977262,0.4009204953283603,wm_residual_rl,31001.0,0.15891329955921732,3,1.0,0.014285714285714285,1.0,0.0
0.14285714285714285,0.23317460317460317,38.085319211736945,0.49360569092492457,unseen,43001,b060fa05db89a48acf588b0ae4935e740431480363424884039e598d29acd110,scn3_actuator_delay_noise_env43001,actuator_delay_noise,0.06245141128949629,12.595674081584193,0.3647128843809673,wm_residual_rl,31002.0,0.10955636780164545,3,1.0,0.009047619047619047,1.0,0.0
0.1595238095238095,0.22944444444444445,37.63234533599371,0.49148610933325615,unseen,43001,b060fa05db89a48acf588b0ae4935e740431480363424884039e598d29acd110,scn3_actuator_delay_noise_env43001,actuator_delay_noise,0.07579482173215725,12.250664196539475,0.3641386956494831,wm_residual_rl,31003.0,0.1126325866322319,3,1.0,0.005238095238095238,1.0,0.0
0.14285714285714285,0.23166666666666666,37.6185356498276,0.47318835549573496,unseen,43001,b060fa05db89a48acf588b0ae4935e740431480363424884039e598d29acd110,scn3_actuator_delay_noise_env43001,actuator_delay_noise,0.10345856037869855,11.629472283908505,0.36416110648963723,wm_residual_rl,31004.0,0.10920143219963913,3,1.0,0.029047619047619048,1.0,0.0
0.04047619047619048,0.2766666666666666,28.015921879846818,0.0,unseen,43002,2ae0c76729cc8b6f7ff6f46b6f33196d61c99cf9b9b50a5f3e5bd5b0c52709cd,scn3_actuator_delay_noise_env43002,actuator_delay_noise,0.029334707354840405,8.6351964115581,0.4312875787301739,smc,,0.1567664346973654,3,1.0,0.004761904761904762,1.0,0.0
0.4661904761904762,0.6321428571428571,50.41399668653117,0.9909523809523809,unseen,43002,2ae0c76729cc8b6f7ff6f46b6f33196d61c99cf9b9b50a5f3e5bd5b0c52709cd,scn3_actuator_delay_noise_env43002,actuator_delay_noise,0.2904801593156113,14.933858219032835,0.7432546570952875,mpc,,0.37421876668789444,3,1.0,0.029047619047619048,1.0,0.0
0.11333333333333333,0.3761904761904762,34.16560945186855,0.5777678571428569,unseen,43002,2ae0c76729cc8b6f7ff6f46b6f33196d61c99cf9b9b50a5f3e5bd5b0c52709cd,scn3_actuator_delay_noise_env43002,actuator_delay_noise,0.022447794308025404,8.503345419678936,0.3298036800103412,constant_alpha,,0.08675029609940822,3,1.0,0.021904761904761906,1.0,0.0
0.28476190476190477,0.4956349206349207,42.838194761895394,0.7393398688148662,unseen,43002,2ae0c76729cc8b6f7ff6f46b6f33196d61c99cf9b9b50a5f3e5bd5b0c52709cd,scn3_actuator_delay_noise_env43002,actuator_delay_noise,0.28087656264312055,13.196950464064397,0.333931255117877,sspo,,0.15815210110376915,3,1.0,0.015714285714285715,1.0,0.0
0.24095238095238095,0.44301587301587303,39.52473406698745,0.6369178175050378,unseen,43002,2ae0c76729cc8b6f7ff6f46b6f33196d61c99cf9b9b50a5f3e5bd5b0c52709cd,scn3_actuator_delay_noise_env43002,actuator_delay_noise,0.046257336613082775,12.267171965793755,0.36647376480076915,v3_transformer,31000.0,0.1570076254548863,3,1.0,0.007142857142857143,1.0,0.0
0.29428571428571426,0.4763492063492064,41.48080596223819,0.6946538483460678,unseen,43002,2ae0c76729cc8b6f7ff6f46b6f33196d61c99cf9b9b50a5f3e5bd5b0c52709cd,scn3_actuator_delay_noise_env43002,actuator_delay_noise,0.18101573368160864,11.531074192410436,0.5911193582859837,v3_transformer,31001.0,0.2310047335115331,3,1.0,0.006190476190476191,1.0,0.0
0.30952380952380953,0.48309523809523813,43.38540167630993,0.7017942990304353,unseen,43002,2ae0c76729cc8b6f7ff6f46b6f33196d61c99cf9b9b50a5f3e5bd5b0c52709cd,scn3_actuator_delay_noise_env43002,actuator_delay_noise,0.26306134409663745,12.620142325584613,0.46067426146805396,v3_transformer,31002.0,0.19918235411990107,3,1.0,0.012380952380952381,1.0,0.0
0.29095238095238096,0.494920634920635,42.05130212418712,0.73338389782774,unseen,43002,2ae0c76729cc8b6f7ff6f46b6f33196d61c99cf9b9b50a5f3e5bd5b0c52709cd,scn3_actuator_delay_noise_env43002,actuator_delay_noise,0.22806890494702897,11.843581526039037,0.6238563335431694,v3_transformer,31003.0,0.2432795454997243,3,1.0,0.012857142857142857,1.0,0.0
0.30666666666666664,0.47492063492063497,42.677251689702295,0.6977924211366503,unseen,43002,2ae0c76729cc8b6f7ff6f46b6f33196d61c99cf9b9b50a5f3e5bd5b0c52709cd,scn3_actuator_delay_noise_env43002,actuator_delay_noise,0.1584306144020954,13.147651271183122,0.4097319063450534,v3_transformer,31004.0,0.20627652840709643,3,1.0,0.020476190476190478,1.0,0.0
0.23047619047619047,0.45976190476190476,40.75872895978659,0.6854991539622065,unseen,43002,2ae0c76729cc8b6f7ff6f46b6f33196d61c99cf9b9b50a5f3e5bd5b0c52709cd,scn3_actuator_delay_noise_env43002,actuator_delay_noise,0.17973685401164605,11.705684646166766,0.3303626607682321,wm_hybrid,31000.0,0.12929051806227346,3,1.0,0.011904761904761904,1.0,0.04
0.28809523809523807,0.4767460317460318,41.54239949703944,0.6915490508907769,unseen,43002,2ae0c76729cc8b6f7ff6f46b6f33196d61c99cf9b9b50a5f3e5bd5b0c52709cd,scn3_actuator_delay_noise_env43002,actuator_delay_noise,0.15256656353203432,11.344235524459625,0.5595100934479482,wm_hybrid,31001.0,0.22106027261751632,3,1.0,0.010476190476190476,1.0,0.04
0.31666666666666665,0.4838888888888889,43.315126520354,0.7118500809660273,unseen,43002,2ae0c76729cc8b6f7ff6f46b6f33196d61c99cf9b9b50a5f3e5bd5b0c52709cd,scn3_actuator_delay_noise_env43002,actuator_delay_noise,0.23815848467714695,12.124300317537699,0.4938251023986178,wm_hybrid,31002.0,0.21092268829386504,3,1.0,0.01619047619047619,1.0,0.04047619047619048
0.2914285714285714,0.4987301587301587,42.091537938132355,0.7299151156979223,unseen,43002,2ae0c76729cc8b6f7ff6f46b6f33196d61c99cf9b9b50a5f3e5bd5b0c52709cd,scn3_actuator_delay_noise_env43002,actuator_delay_noise,0.2125386610131247,11.732895395998124,0.5807810759958574,wm_hybrid,31003.0,0.23193606028868455,3,1.0,0.01380952380952381,1.0,0.039047619047619046
0.2861904761904762,0.480079365079365,42.268962798202864,0.7173959012331961,unseen,43002,2ae0c76729cc8b6f7ff6f46b6f33196d61c99cf9b9b50a5f3e5bd5b0c52709cd,scn3_actuator_delay_noise_env43002,actuator_delay_noise,0.16415391900985019,12.180837218094211,0.5430157334489535,wm_hybrid,31004.0,0.19036968897530113,3,1.0,0.014761904761904763,1.0,0.04047619047619048
0.08428571428571428,0.34285714285714286,31.50553017178715,0.5183668282718095,unseen,43002,2ae0c76729cc8b6f7ff6f46b6f33196d61c99cf9b9b50a5f3e5bd5b0c52709cd,scn3_actuator_delay_noise_env43002,actuator_delay_noise,0.026380753700339783,8.518735399984124,0.3294984518670805,residual_rl,31000.0,0.07126986976953298,3,1.0,0.004761904761904762,1.0,0.0
0.07333333333333333,0.3403174603174603,31.523718527534157,0.506066294990749,unseen,43002,2ae0c76729cc8b6f7ff6f46b6f33196d61c99cf9b9b50a5f3e5bd5b0c52709cd,scn3_actuator_delay_noise_env43002,actuator_delay_noise,0.02656966139747765,8.933055513574626,0.32980590328016757,residual_rl,31001.0,0.07115034074613946,3,1.0,0.004761904761904762,1.0,0.0
0.07095238095238095,0.3416666666666667,31.60588355461261,0.5022523405243371,unseen,43002,2ae0c76729cc8b6f7ff6f46b6f33196d61c99cf9b9b50a5f3e5bd5b0c52709cd,scn3_actuator_delay_noise_env43002,actuator_delay_noise,0.018869624804901605,8.621306822673871,0.3367275424788344,residual_rl,31002.0,0.07399877227989382,3,1.0,0.01,1.0,0.0
0.07761904761904762,0.3375396825396826,31.35516105512314,0.504099422050051,unseen,43002,2ae0c76729cc8b6f7ff6f46b6f33196d61c99cf9b9b50a5f3e5bd5b0c52709cd,scn3_actuator_delay_noise_env43002,actuator_delay_noise,0.02219491827326284,8.374095631983927,0.32982437436836903,residual_rl,31003.0,0.07235907971359011,3,1.0,0.008571428571428572,1.0,0.0
0.07714285714285714,0.34095238095238095,31.9539430642938,0.5021362633939116,unseen,43002,2ae0c76729cc8b6f7ff6f46b6f33196d61c99cf9b9b50a5f3e5bd5b0c52709cd,scn3_actuator_delay_noise_env43002,actuator_delay_noise,0.02119809079006928,8.048234592363894,0.35727813553537463,residual_rl,31004.0,0.08200400591128115,3,1.0,0.006666666666666667,1.0,0.0
0.07571428571428572,0.3500793650793651,32.18143589108682,0.5268762377619912,unseen,43002,2ae0c76729cc8b6f7ff6f46b6f33196d61c99cf9b9b50a5f3e5bd5b0c52709cd,scn3_actuator_delay_noise_env43002,actuator_delay_noise,0.03606119261571823,9.123609695729378,0.3298058888875776,wm_residual_rl,31000.0,0.07653448061011507,3,1.0,0.008095238095238095,1.0,0.0
0.07761904761904762,0.36603174603174604,33.198847848203876,0.5397979679484559,unseen,43002,2ae0c76729cc8b6f7ff6f46b6f33196d61c99cf9b9b50a5f3e5bd5b0c52709cd,scn3_actuator_delay_noise_env43002,actuator_delay_noise,0.03924940286942325,9.506858273793378,0.332052929434073,wm_residual_rl,31001.0,0.07911917461542581,3,1.0,0.006190476190476191,1.0,0.0
0.07095238095238095,0.3323015873015873,31.07936265857358,0.49487114339557786,unseen,43002,2ae0c76729cc8b6f7ff6f46b6f33196d61c99cf9b9b50a5f3e5bd5b0c52709cd,scn3_actuator_delay_noise_env43002,actuator_delay_noise,0.019494665700813724,8.489894425847687,0.33071590333202916,wm_residual_rl,31002.0,0.0741591410625729,3,1.0,0.0033333333333333335,1.0,0.0
0.07904761904761905,0.32722222222222225,30.746038158267265,0.48916915437720576,unseen,43002,2ae0c76729cc8b6f7ff6f46b6f33196d61c99cf9b9b50a5f3e5bd5b0c52709cd,scn3_actuator_delay_noise_env43002,actuator_delay_noise,0.01974410343180979,8.278408717943295,0.3298058878432513,wm_residual_rl,31003.0,0.07191059722425694,3,1.0,0.0033333333333333335,1.0,0.0
0.06714285714285714,0.3342857142857143,31.11632583698577,0.49950899622469924,unseen,43002,2ae0c76729cc8b6f7ff6f46b6f33196d61c99cf9b9b50a5f3e5bd5b0c52709cd,scn3_actuator_delay_noise_env43002,actuator_delay_noise,0.022873452732700986,8.495301416865809,0.3298061327763792,wm_residual_rl,31004.0,0.07094307175875084,3,1.0,0.004761904761904762,1.0,0.0
0.04857142857142857,0.17452380952380953,28.377027598097836,0.0,unseen,43003,abcc36cc329de069accb257b2272c1641e7989dcfeb3063affec6ba8ab243f48,scn3_actuator_delay_noise_env43003,actuator_delay_noise,0.020249058210121806,8.913232187511381,0.4745331401547865,smc,,0.16065196457504202,3,1.0,0.002380952380952381,1.0,0.0
0.6847619047619048,0.5482539682539683,62.63227835837512,0.9947619047619047,unseen,43003,abcc36cc329de069accb257b2272c1641e7989dcfeb3063affec6ba8ab243f48,scn3_actuator_delay_noise_env43003,actuator_delay_noise,0.6351230655645111,27.028386598980703,2.197918845761333,mpc,,1.257311116610219,3,1.0,0.024761904761904763,1.0,0.0
0.21476190476190476,0.32785714285714285,42.82230563184081,0.5857023809523807,unseen,43003,abcc36cc329de069accb257b2272c1641e7989dcfeb3063affec6ba8ab243f48,scn3_actuator_delay_noise_env43003,actuator_delay_noise,0.18396199839024896,14.460727303397217,0.3459371625090933,constant_alpha,,0.1705499432764929,3,1.0,0.009523809523809525,1.0,0.0
0.40095238095238095,0.3607142857142857,50.37400287225941,0.6430138790425314,unseen,43003,abcc36cc329de069accb257b2272c1641e7989dcfeb3063affec6ba8ab243f48,scn3_actuator_delay_noise_env43003,actuator_delay_noise,0.5504510348038393,19.317560398573487,0.6816250207388355,sspo,,0.33654183264968296,3,1.0,0.015238095238095238,1.0,0.0
0.3242857142857143,0.3229365079365079,45.493347240782185,0.5421042005127403,unseen,43003,abcc36cc329de069accb257b2272c1641e7989dcfeb3063affec6ba8ab243f48,scn3_actuator_delay_noise_env43003,actuator_delay_noise,0.35982422950009507,15.877341295707868,0.4962540281949658,v3_transformer,31000.0,0.2526190289568186,3,1.0,0.007619047619047619,1.0,0.0
0.3404761904761905,0.3271428571428571,47.303334982754095,0.5404380743259021,unseen,43003,abcc36cc329de069accb257b2272c1641e7989dcfeb3063affec6ba8ab243f48,scn3_actuator_delay_noise_env43003,actuator_delay_noise,0.38275823319440666,16.661329599428612,0.6000675701781748,v3_transformer,31001.0,0.2776100111453768,3,1.0,0.012380952380952381,1.0,0.0
0.38285714285714284,0.3691269841269841,49.36839258985787,0.6355313730896173,unseen,43003,abcc36cc329de069accb257b2272c1641e7989dcfeb3063affec6ba8ab243f48,scn3_actuator_delay_noise_env43003,actuator_delay_noise,0.7263627942124872,19.079417620447057,0.8735864752795952,v3_transformer,31002.0,0.40554589403585445,3,1.0,0.014761904761904763,1.0,0.0
0.32285714285714284,0.347063492063492,44.819294324807615,0.6104257205906244,unseen,43003,abcc36cc329de069accb257b2272c1641e7989dcfeb3063affec6ba8ab243f48,scn3_actuator_delay_noise_env43003,actuator_delay_noise,0.12037409900832619,16.563220544794714,1.2343415990739353,v3_transformer,31003.0,0.47392719172768677,3,1.0,0.02238095238095238,1.0,0.0
0.32095238095238093,0.32825396825396824,43.01413608169846,0.5470833054829347,unseen,43003,abcc36cc329de069accb257b2272c1641e7989dcfeb3063affec6ba8ab243f48,scn3_actuator_delay_noise_env43003,actuator_delay_noise,0.1140980701483831,18.05897039726512,1.1334341857572638,v3_transformer,31004.0,0.44408211552562177,3,1.0,0.01,1.0,0.0
0.24761904761904763,0.3069047619047619,42.3891355650211,0.4869307165954046,unseen,43003,abcc36cc329de069accb257b2272c1641e7989dcfeb3063affec6ba8ab243f48,scn3_actuator_delay_noise_env43003,actuator_delay_noise,0.01141512389521768,15.209377257188045,0.40208294828381946,wm_hybrid,31000.0,0.19633275673497874,3,1.0,0.010476190476190476,1.0,0.0380952380952381
0.3028571428571429,0.33,43.60466393675797,0.5504665268541311,unseen,43003,abcc36cc329de069accb257b2272c1641e7989dcfeb3063affec6ba8ab243f48,scn3_actuator_delay_noise_env43003,actuator_delay_noise,0.4299526575694313,16.913816549568804,1.07977555760327,wm_hybrid,31001.0,0.41160888714002597,3,1.0,0.02761904761904762,1.0,0.030476190476190476
0.3680952380952381,0.3588095238095238,46.76831368164152,0.6027157070088258,unseen,43003,abcc36cc329de069accb257b2272c1641e7989dcfeb3063affec6ba8ab243f48,scn3_actuator_delay_noise_env43003,actuator_delay_noise,0.7412312737920227,19.84945402431174,0.9870382583698826,wm_hybrid,31002.0,0.41400439079411844,3,1.0,0.024761904761904763,1.0,0.030952380952380953
0.31142857142857144,0.34317460317460313,46.56381412802769,0.5933300781572378,unseen,43003,abcc36cc329de069accb257b2272c1641e7989dcfeb3063affec6ba8ab243f48,scn3_actuator_delay_noise_env43003,actuator_delay_noise,0.38906058125846893,19.45503212544953,0.6903106546559706,wm_hybrid,31003.0,0.2995810266903646,3,1.0,0.014285714285714285,1.0,0.035238095238095235
0.3442857142857143,0.3380952380952381,44.71078836363372,0.5719652772234466,unseen,43003,abcc36cc329de069accb257b2272c1641e7989dcfeb3063affec6ba8ab243f48,scn3_actuator_delay_noise_env43003,actuator_delay_noise,0.1414891528734809,18.74228830749371,0.8637963486225794,wm_hybrid,31004.0,0.3280933404765797,3,1.0,0.014285714285714285,1.0,0.034761904761904765
0.14714285714285713,0.26785714285714285,37.34310402168368,0.49941871194594567,unseen,43003,abcc36cc329de069accb257b2272c1641e7989dcfeb3063affec6ba8ab243f48,scn3_actuator_delay_noise_env43003,actuator_delay_noise,0.0745440913829128,12.182765332995027,0.34481620576719973,residual_rl,31000.0,0.10748603985586015,3,1.0,0.008571428571428572,1.0,0.0
0.14047619047619048,0.26555555555555554,37.386422556903916,0.48219854795065337,unseen,43003,abcc36cc329de069accb257b2272c1641e7989dcfeb3063affec6ba8ab243f48,scn3_actuator_delay_noise_env43003,actuator_delay_noise,0.06259700560384919,12.606059288347643,0.3551852936558502,residual_rl,31001.0,0.10654295137210198,3,1.0,0.015238095238095238,1.0,0.0
0.14666666666666667,0.27246031746031746,37.83289329524048,0.4859561695751373,unseen,43003,abcc36cc329de069accb257b2272c1641e7989dcfeb3063affec6ba8ab243f48,scn3_actuator_delay_noise_env43003,actuator_delay_noise,0.08517450068902788,12.29470087281394,0.35327971514286094,residual_rl,31002.0,0.10835066170805786,3,1.0,0.012380952380952381,1.0,0.0
0.14761904761904762,0.2668253968253968,37.91219342603063,0.4888319743067381,unseen,43003,abcc36cc329de069accb257b2272c1641e7989dcfeb3063affec6ba8ab243f48,scn3_actuator_delay_noise_env43003,actuator_delay_noise,0.06316084165704956,12.557274114745086,0.35524399333284556,residual_rl,31003.0,0.11242751453868148,3,1.0,0.021904761904761906,1.0,0.0
0.1442857142857143,0.27714285714285714,38.27071432713573,0.499434959299068,unseen,43003,abcc36cc329de069accb257b2272c1641e7989dcfeb3063affec6ba8ab243f48,scn3_actuator_delay_noise_env43003,actuator_delay_noise,0.1111699841505912,12.375994228423512,0.3459288101146266,residual_rl,31004.0,0.11938263734111655,3,1.0,0.014761904761904763,1.0,0.0
0.15285714285714286,0.2899206349206349,40.18076575530848,0.5270181126479574,unseen,43003,abcc36cc329de069accb257b2272c1641e7989dcfeb3063affec6ba8ab243f48,scn3_actuator_delay_noise_env43003,actuator_delay_noise,0.09097612368129546,13.558567931745701,0.37860059372648447,wm_residual_rl,31000.0,0.12748946972751032,3,1.0,0.024285714285714285,1.0,0.0
0.21,0.2996031746031746,40.86270774405194,0.5451287518858645,unseen,43003,abcc36cc329de069accb257b2272c1641e7989dcfeb3063affec6ba8ab243f48,scn3_actuator_delay_noise_env43003,actuator_delay_noise,0.08705772244268553,17.572516030209254,0.45104249721008316,wm_residual_rl,31001.0,0.17683218808980852,3,1.0,0.012380952380952381,1.0,0.0
0.1380952380952381,0.25841269841269837,37.90883733191377,0.47278358188899533,unseen,43003,abcc36cc329de069accb257b2272c1641e7989dcfeb3063affec6ba8ab243f48,scn3_actuator_delay_noise_env43003,actuator_delay_noise,0.06850015680287141,11.393564756453948,0.4605566770157465,wm_residual_rl,31002.0,0.12236816368452735,3,1.0,0.039047619047619046,1.0,0.0
0.14857142857142858,0.26055555555555554,37.12349180235713,0.4857900608813022,unseen,43003,abcc36cc329de069accb257b2272c1641e7989dcfeb3063affec6ba8ab243f48,scn3_actuator_delay_noise_env43003,actuator_delay_noise,0.06136280565411351,12.14260001031625,0.34816546543398974,wm_residual_rl,31003.0,0.1079634001810997,3,1.0,0.009523809523809525,1.0,0.0
0.13904761904761906,0.2698412698412698,37.64979567300994,0.48694658155085735,unseen,43003,abcc36cc329de069accb257b2272c1641e7989dcfeb3063affec6ba8ab243f48,scn3_actuator_delay_noise_env43003,actuator_delay_noise,0.10371418465862285,11.847420310955426,0.3464949777557868,wm_residual_rl,31004.0,0.10777346575649918,3,1.0,0.011904761904761904,1.0,0.0
0.1961904761904762,0.001587301587301587,38.178836605019605,0.0,unseen,43000,1ce41119fe65d6ffb0d5430c0e1ab5facf9c703a65b4bf57bf765edb2af739d8,scn2_estimation_delay_env43000,estimation_delay,0.3081786296041398,7.197958541853313,0.39037026308757294,smc,,0.15362185269803993,2,1.0,0.004761904761904762,1.0,0.0
0.2623809523809524,0.0017460317460317458,39.47586181607634,0.9995238095238095,unseen,43000,1ce41119fe65d6ffb0d5430c0e1ab5facf9c703a65b4bf57bf765edb2af739d8,scn2_estimation_delay_env43000,estimation_delay,0.2558468354374871,6.996646134312361,0.2614909743061056,mpc,,0.06986739660558752,2,1.0,0.0004761904761904762,1.0,0.0
0.21428571428571427,0.001587301587301587,39.145506370431214,0.5929940476190474,unseen,43000,1ce41119fe65d6ffb0d5430c0e1ab5facf9c703a65b4bf57bf765edb2af739d8,scn2_estimation_delay_env43000,estimation_delay,0.2571957793479636,7.472216660743392,0.27218246341246743,constant_alpha,,0.07013408478808231,2,1.0,0.0004761904761904762,1.0,0.0
0.2519047619047619,0.0017460317460317458,39.439882683129525,0.8919602678892787,unseen,43000,1ce41119fe65d6ffb0d5430c0e1ab5facf9c703a65b4bf57bf765edb2af739d8,scn2_estimation_delay_env43000,estimation_delay,0.2561014593648545,6.746912862799447,0.27678777789910586,sspo,,0.06726045906846773,2,1.0,0.010952380952380953,1.0,0.0
0.25285714285714284,0.001587301587301587,39.35166765144765,0.8398336152145757,unseen,43000,1ce41119fe65d6ffb0d5430c0e1ab5facf9c703a65b4bf57bf765edb2af739d8,scn2_estimation_delay_env43000,estimation_delay,0.2564895553307795,6.948279375705793,0.27699451144900566,v3_transformer,31000.0,0.06545915601864222,2,1.0,0.0019047619047619048,1.0,0.0
0.25142857142857145,0.001587301587301587,39.316889962220436,0.8478484315154932,unseen,43000,1ce41119fe65d6ffb0d5430c0e1ab5facf9c703a65b4bf57bf765edb2af739d8,scn2_estimation_delay_env43000,estimation_delay,0.2567606332398418,7.016542443958752,0.27349178103488125,v3_transformer,31001.0,0.06397967973623657,2,1.0,0.0014285714285714286,1.0,0.0
0.2542857142857143,0.001587301587301587,39.33128732203141,0.8404247377075283,unseen,43000,1ce41119fe65d6ffb0d5430c0e1ab5facf9c703a65b4bf57bf765edb2af739d8,scn2_estimation_delay_env43000,estimation_delay,0.25705453552774277,6.921403348474823,0.2742947312382554,v3_transformer,31002.0,0.06472606789861145,2,1.0,0.0009523809523809524,1.0,0.0
0.2538095238095238,0.001587301587301587,39.3283756666656,0.865050900316859,unseen,43000,1ce41119fe65d6ffb0d5430c0e1ab5facf9c703a65b4bf57bf765edb2af739d8,scn2_estimation_delay_env43000,estimation_delay,0.25644009236433013,6.976276286814878,0.2748076965686478,v3_transformer,31003.0,0.06499965808158767,2,1.0,0.0019047619047619048,1.0,0.0
0.2542857142857143,0.001587301587301587,39.332598455809396,0.8469040173685327,unseen,43000,1ce41119fe65d6ffb0d5430c0e1ab5facf9c703a65b4bf57bf765edb2af739d8,scn2_estimation_delay_env43000,estimation_delay,0.257046056783755,6.917052686639334,0.2747068095480458,v3_transformer,31004.0,0.06494099765027611,2,1.0,0.0009523809523809524,1.0,0.0
0.2542857142857143,0.001587301587301587,39.351196019632106,0.8383773697226321,unseen,43000,1ce41119fe65d6ffb0d5430c0e1ab5facf9c703a65b4bf57bf765edb2af739d8,scn2_estimation_delay_env43000,estimation_delay,0.25662514782894413,6.923151014787699,0.2764819241612931,wm_hybrid,31000.0,0.06543774480804325,2,1.0,0.0009523809523809524,1.0,0.049523809523809526
0.2523809523809524,0.0019047619047619048,39.78150630539788,0.8347899288371917,unseen,43000,1ce41119fe65d6ffb0d5430c0e1ab5facf9c703a65b4bf57bf765edb2af739d8,scn2_estimation_delay_env43000,estimation_delay,0.25723452148029785,6.545867196837812,0.3698370022016016,wm_hybrid,31001.0,0.08935762426899656,2,1.0,0.03571428571428571,1.0,0.049523809523809526
0.2538095238095238,0.0017460317460317458,39.43856493615661,0.8431647887140806,unseen,43000,1ce41119fe65d6ffb0d5430c0e1ab5facf9c703a65b4bf57bf765edb2af739d8,scn2_estimation_delay_env43000,estimation_delay,0.2566730309174746,6.694112675001847,0.27559405721852703,wm_hybrid,31002.0,0.06722330823120738,2,1.0,0.009523809523809525,1.0,0.049523809523809526
0.2542857142857143,0.001587301587301587,39.41470833909432,0.8584634050431387,unseen,43000,1ce41119fe65d6ffb0d5430c0e1ab5facf9c703a65b4bf57bf765edb2af739d8,scn2_estimation_delay_env43000,estimation_delay,0.2569888856165088,6.727725783138798,0.2748218799913938,wm_hybrid,31003.0,0.06697125184510913,2,1.0,0.008095238095238095,1.0,0.049523809523809526
0.2542857142857143,0.0014285714285714286,39.44307176943015,0.8459675064617286,unseen,43000,1ce41119fe65d6ffb0d5430c0e1ab5facf9c703a65b4bf57bf765edb2af739d8,scn2_estimation_delay_env43000,estimation_delay,0.25644470751005866,6.657298768393639,0.27447748167848957,wm_hybrid,31004.0,0.06725575168435442,2,1.0,0.007142857142857143,1.0,0.049523809523809526
0.21523809523809523,0.001746031746031746,39.10804072209477,0.5749459974228364,unseen,43000,1ce41119fe65d6ffb0d5430c0e1ab5facf9c703a65b4bf57bf765edb2af739d8,scn2_estimation_delay_env43000,estimation_delay,0.2572586614636126,7.459304041580658,0.27218246341246743,residual_rl,31000.0,0.06982000744819271,2,1.0,0.0033333333333333335,1.0,0.0
0.21285714285714286,0.001587301587301587,39.073929035759264,0.5643309972144926,unseen,43000,1ce41119fe65d6ffb0d5430c0e1ab5facf9c703a65b4bf57bf765edb2af739d8,scn2_estimation_delay_env43000,estimation_delay,0.2596832481671137,7.452817956715731,0.27218246341246743,residual_rl,31001.0,0.06975394062033602,2,1.0,0.0014285714285714286,1.0,0.0
0.2123809523809524,0.001587301587301587,39.04789729449636,0.5213591894766046,unseen,43000,1ce41119fe65d6ffb0d5430c0e1ab5facf9c703a65b4bf57bf765edb2af739d8,scn2_estimation_delay_env43000,estimation_delay,0.2586749633992605,7.496994534241311,0.27218246341246743,residual_rl,31002.0,0.07177390228518218,2,1.0,0.0014285714285714286,1.0,0.0
0.2123809523809524,0.001587301587301587,39.07995741989991,0.557656863702916,unseen,43000,1ce41119fe65d6ffb0d5430c0e1ab5facf9c703a65b4bf57bf765edb2af739d8,scn2_estimation_delay_env43000,estimation_delay,0.2585848014078642,7.451860350661252,0.27218246341246743,residual_rl,31003.0,0.06983659172644675,2,1.0,0.0014285714285714286,1.0,0.0
0.21285714285714286,0.001587301587301587,39.04052154862256,0.5077000088605033,unseen,43000,1ce41119fe65d6ffb0d5430c0e1ab5facf9c703a65b4bf57bf765edb2af739d8,scn2_estimation_delay_env43000,estimation_delay,0.25875869759496967,7.4659297257470705,0.27218246341246743,residual_rl,31004.0,0.0708271491315165,2,1.0,0.0014285714285714286,1.0,0.0
0.2138095238095238,0.0014285714285714286,39.11527162178635,0.5774622606600643,unseen,43000,1ce41119fe65d6ffb0d5430c0e1ab5facf9c703a65b4bf57bf765edb2af739d8,scn2_estimation_delay_env43000,estimation_delay,0.2580980756140815,7.472494881301712,0.2717120696530104,wm_residual_rl,31000.0,0.07051530206070712,2,1.0,0.0004761904761904762,1.0,0.0
0.21714285714285714,0.001587301587301587,39.10034215178467,0.5645053003523642,unseen,43000,1ce41119fe65d6ffb0d5430c0e1ab5facf9c703a65b4bf57bf765edb2af739d8,scn2_estimation_delay_env43000,estimation_delay,0.25807417975010827,7.4971607872596175,0.27218246341246743,wm_residual_rl,31001.0,0.07165030449614578,2,1.0,0.0009523809523809524,1.0,0.0
0.2119047619047619,0.001587301587301587,39.008839281423846,0.48229359794879756,unseen,43000,1ce41119fe65d6ffb0d5430c0e1ab5facf9c703a65b4bf57bf765edb2af739d8,scn2_estimation_delay_env43000,estimation_delay,0.25836286593208085,7.477987855664639,0.27218246341246743,wm_residual_rl,31002.0,0.07097151393199436,2,1.0,0.002857142857142857,1.0,0.0
0.2195238095238095,0.001587301587301587,39.06894285337704,0.5398274980163331,unseen,43000,1ce41119fe65d6ffb0d5430c0e1ab5facf9c703a65b4bf57bf765edb2af739d8,scn2_estimation_delay_env43000,estimation_delay,0.25784078744555117,7.460078805935432,0.27218246341246743,wm_residual_rl,31003.0,0.07014294042698443,2,1.0,0.0014285714285714286,1.0,0.0
0.21333333333333335,0.0014285714285714286,39.082151759443505,0.5385333688158073,unseen,43000,1ce41119fe65d6ffb0d5430c0e1ab5facf9c703a65b4bf57bf765edb2af739d8,scn2_estimation_delay_env43000,estimation_delay,0.25849644650219905,7.444405640600587,0.27171233991225674,wm_residual_rl,31004.0,0.06997323127809253,2,1.0,0.0009523809523809524,1.0,0.0
0.03761904761904762,0.19547619047619047,27.91487949361221,0.0,unseen,43004,a0e8750eff9c75f15c99d6d1a9e83391cb5b323443519e6ea5c8994d8141a391,scn3_actuator_delay_noise_env43004,actuator_delay_noise,0.027915779913988633,8.24516297801074,0.39305833447011135,smc,,0.1461372469884181,3,1.0,0.0019047619047619048,1.0,0.0
0.46904761904761905,0.6212698412698413,50.45015332157561,0.9961904761904762,unseen,43004,a0e8750eff9c75f15c99d6d1a9e83391cb5b323443519e6ea5c8994d8141a391,scn3_actuator_delay_noise_env43004,actuator_delay_noise,0.29191491597455005,15.402109403219447,0.7834991538544057,mpc,,0.38995359762757037,3,1.0,0.02142857142857143,1.0,0.0
0.12047619047619047,0.30214285714285716,33.7106696083776,0.584958333333333,unseen,43004,a0e8750eff9c75f15c99d6d1a9e83391cb5b323443519e6ea5c8994d8141a391,scn3_actuator_delay_noise_env43004,actuator_delay_noise,0.02471104530865445,8.77605486377163,0.2870807095813033,constant_alpha,,0.07336531739516605,3,1.0,0.009523809523809525,1.0,0.0
0.30333333333333334,0.47388888888888886,44.506353253825274,0.783920298846085,unseen,43004,a0e8750eff9c75f15c99d6d1a9e83391cb5b323443519e6ea5c8994d8141a391,scn3_actuator_delay_noise_env43004,actuator_delay_noise,0.1612875227895253,12.251704687554797,0.327103984658606,sspo,,0.16340480439802224,3,1.0,0.008095238095238095,1.0,0.0
0.2538095238095238,0.3863492063492064,39.93644532234366,0.6470153559052675,unseen,43004,a0e8750eff9c75f15c99d6d1a9e83391cb5b323443519e6ea5c8994d8141a391,scn3_actuator_delay_noise_env43004,actuator_delay_noise,0.1502752330623653,12.727387623498148,0.35946799486474545,v3_transformer,31000.0,0.14280337297487378,3,1.0,0.011428571428571429,1.0,0.0
0.28904761904761905,0.4368253968253968,42.469091698979526,0.7090246334529582,unseen,43004,a0e8750eff9c75f15c99d6d1a9e83391cb5b323443519e6ea5c8994d8141a391,scn3_actuator_delay_noise_env43004,actuator_delay_noise,0.09366974272362255,12.271046471380526,0.6026479388271987,v3_transformer,31001.0,0.2091952232268956,3,1.0,0.01,1.0,0.0
0.2719047619047619,0.3906349206349206,40.6497058962329,0.6396474957181035,unseen,43004,a0e8750eff9c75f15c99d6d1a9e83391cb5b323443519e6ea5c8994d8141a391,scn3_actuator_delay_noise_env43004,actuator_delay_noise,0.06078323344742915,12.368072896042902,0.46574854494564466,v3_transformer,31002.0,0.19491803509457445,3,1.0,0.024285714285714285,1.0,0.0
0.28095238095238095,0.4542857142857143,42.93115186070491,0.7376839982037576,unseen,43004,a0e8750eff9c75f15c99d6d1a9e83391cb5b323443519e6ea5c8994d8141a391,scn3_actuator_delay_noise_env43004,actuator_delay_noise,0.2136305573050588,11.734316898856791,0.41708133410407316,v3_transformer,31003.0,0.1867399735632076,3,1.0,0.015238095238095238,1.0,0.0
0.2776190476190476,0.43833333333333335,41.067214069606614,0.7287868652595663,unseen,43004,a0e8750eff9c75f15c99d6d1a9e83391cb5b323443519e6ea5c8994d8141a391,scn3_actuator_delay_noise_env43004,actuator_delay_noise,0.20217707566273158,12.263933323828216,0.6082788505084156,v3_transformer,31004.0,0.2284604996380423,3,1.0,0.01,1.0,0.0
0.2704761904761905,0.38611111111111107,41.32930770434397,0.611618381777902,unseen,43004,a0e8750eff9c75f15c99d6d1a9e83391cb5b323443519e6ea5c8994d8141a391,scn3_actuator_delay_noise_env43004,actuator_delay_noise,0.04226496671686287,11.739407366267615,0.4856719775009964,wm_hybrid,31000.0,0.16551649529022247,3,1.0,0.023809523809523808,1.0,0.043333333333333335
0.27714285714285714,0.4195238095238095,41.680417141202554,0.6854297991190187,unseen,43004,a0e8750eff9c75f15c99d6d1a9e83391cb5b323443519e6ea5c8994d8141a391,scn3_actuator_delay_noise_env43004,actuator_delay_noise,0.21212564996852734,13.056922447259339,0.4179008961149745,wm_hybrid,31001.0,0.1948486374396858,3,1.0,0.015238095238095238,1.0,0.039523809523809524
0.30523809523809525,0.43785714285714283,43.12022921740232,0.7312046996463539,unseen,43004,a0e8750eff9c75f15c99d6d1a9e83391cb5b323443519e6ea5c8994d8141a391,scn3_actuator_delay_noise_env43004,actuator_delay_noise,0.221597929889455,12.008984718646314,0.45028997161730056,wm_hybrid,31002.0,0.1888501654002261,3,1.0,0.009523809523809525,1.0,0.040952380952380955
0.26476190476190475,0.4344444444444444,41.62841274921684,0.6999996563323313,unseen,43004,a0e8750eff9c75f15c99d6d1a9e83391cb5b323443519e6ea5c8994d8141a391,scn3_actuator_delay_noise_env43004,actuator_delay_noise,0.2219232942192156,10.925682302293021,0.3775038111772275,wm_hybrid,31003.0,0.16627993502408403,3,1.0,0.02857142857142857,1.0,0.04047619047619048
0.27095238095238094,0.41896825396825393,40.89007803305074,0.6872788215449952,unseen,43004,a0e8750eff9c75f15c99d6d1a9e83391cb5b323443519e6ea5c8994d8141a391,scn3_actuator_delay_noise_env43004,actuator_delay_noise,0.10457078047843765,13.370010496268296,0.6754353281745821,wm_hybrid,31004.0,0.2614146209500923,3,1.0,0.023809523809523808,1.0,0.039047619047619046
0.07809523809523809,0.265,31.457948973468884,0.5179517201008648,unseen,43004,a0e8750eff9c75f15c99d6d1a9e83391cb5b323443519e6ea5c8994d8141a391,scn3_actuator_delay_noise_env43004,actuator_delay_noise,0.026474390191505378,8.855515397769883,0.29039727837074275,residual_rl,31000.0,0.06432835142608664,3,1.0,0.008571428571428572,1.0,0.0
0.055714285714285716,0.26206349206349205,31.567866578927298,0.5003618579861457,unseen,43004,a0e8750eff9c75f15c99d6d1a9e83391cb5b323443519e6ea5c8994d8141a391,scn3_actuator_delay_noise_env43004,actuator_delay_noise,0.025033011646316453,9.13230913839761,0.31111092425937703,residual_rl,31001.0,0.06803441789090332,3,1.0,0.011904761904761904,1.0,0.0
0.06523809523809523,0.2608730158730158,31.23993783179565,0.4933161793125498,unseen,43004,a0e8750eff9c75f15c99d6d1a9e83391cb5b323443519e6ea5c8994d8141a391,scn3_actuator_delay_noise_env43004,actuator_delay_noise,0.018045225735756194,8.130814584186446,0.28689416923655964,residual_rl,31002.0,0.06567131775843284,3,1.0,0.008571428571428572,1.0,0.0
0.07666666666666666,0.2661904761904762,31.45064225682412,0.5027791021294972,unseen,43004,a0e8750eff9c75f15c99d6d1a9e83391cb5b323443519e6ea5c8994d8141a391,scn3_actuator_delay_noise_env43004,actuator_delay_noise,0.018486199353361515,8.434933646040978,0.30364053462847757,residual_rl,31003.0,0.06882437868202472,3,1.0,0.005714285714285714,1.0,0.0
0.07857142857142857,0.2654761904761905,31.337968333210203,0.5114793476751878,unseen,43004,a0e8750eff9c75f15c99d6d1a9e83391cb5b323443519e6ea5c8994d8141a391,scn3_actuator_delay_noise_env43004,actuator_delay_noise,0.022869262523919447,8.424881878426369,0.2871266816723269,residual_rl,31004.0,0.0678595356980148,3,1.0,0.004761904761904762,1.0,0.0
0.07238095238095238,0.27746031746031746,32.046948623424484,0.5290774546359623,unseen,43004,a0e8750eff9c75f15c99d6d1a9e83391cb5b323443519e6ea5c8994d8141a391,scn3_actuator_delay_noise_env43004,actuator_delay_noise,0.023193250890442024,8.948474485855863,0.28712674251215514,wm_residual_rl,31000.0,0.0662915488993761,3,1.0,0.004761904761904762,1.0,0.0
0.07809523809523809,0.2812698412698412,32.69826048875948,0.5276389373340435,unseen,43004,a0e8750eff9c75f15c99d6d1a9e83391cb5b323443519e6ea5c8994d8141a391,scn3_actuator_delay_noise_env43004,actuator_delay_noise,0.020940031833212476,9.112434431805163,0.2879903539515535,wm_residual_rl,31001.0,0.07085323703677368,3,1.0,0.01380952380952381,1.0,0.0
0.07428571428571429,0.2572222222222222,30.976046879632246,0.49544744464725543,unseen,43004,a0e8750eff9c75f15c99d6d1a9e83391cb5b323443519e6ea5c8994d8141a391,scn3_actuator_delay_noise_env43004,actuator_delay_noise,0.017199162081363843,8.459563332390328,0.28712674251215514,wm_residual_rl,31002.0,0.06615376108627259,3,1.0,0.004285714285714286,1.0,0.0
0.07142857142857142,0.25436507936507935,30.692819947228813,0.4873980218326277,unseen,43004,a0e8750eff9c75f15c99d6d1a9e83391cb5b323443519e6ea5c8994d8141a391,scn3_actuator_delay_noise_env43004,actuator_delay_noise,0.01864298998171287,8.311686699096958,0.2871251833387399,wm_residual_rl,31003.0,0.06339436375150426,3,1.0,0.0019047619047619048,1.0,0.0
0.08333333333333333,0.2598412698412699,31.05784870279584,0.4965077259276649,unseen,43004,a0e8750eff9c75f15c99d6d1a9e83391cb5b323443519e6ea5c8994d8141a391,scn3_actuator_delay_noise_env43004,actuator_delay_noise,0.017870542876258617,8.64335789334749,0.2880613628934108,wm_residual_rl,31004.0,0.06364616544101646,3,1.0,0.005714285714285714,1.0,0.0
0.19476190476190477,0.0015079365079365076,38.236015609068716,0.0,unseen,43001,092fab0f549921ecbb92b6cc228b77606310f63967ab50ed6139156a21754f74,scn2_estimation_delay_env43001,estimation_delay,0.3072677163303549,7.206239594366765,0.39478709949213014,smc,,0.15433590421592694,2,1.0,0.0014285714285714286,1.0,0.0
0.25952380952380955,0.0016666666666666668,39.486041767981014,0.9995238095238095,unseen,43001,092fab0f549921ecbb92b6cc228b77606310f63967ab50ed6139156a21754f74,scn2_estimation_delay_env43001,estimation_delay,0.2572075992634539,6.993164851733014,0.27028872614449867,mpc,,0.07068797265489468,2,1.0,0.0014285714285714286,1.0,0.0
0.21476190476190476,0.0015079365079365076,39.15546933309581,0.5929940476190474,unseen,43001,092fab0f549921ecbb92b6cc228b77606310f63967ab50ed6139156a21754f74,scn2_estimation_delay_env43001,estimation_delay,0.25916188344558855,7.474801367411489,0.2802108837117689,constant_alpha,,0.07134072890376182,2,1.0,0.0019047619047619048,1.0,0.0
0.24952380952380954,0.0015079365079365076,39.31249874625177,0.8899099108487939,unseen,43001,092fab0f549921ecbb92b6cc228b77606310f63967ab50ed6139156a21754f74,scn2_estimation_delay_env43001,estimation_delay,0.25707517691027054,7.221340054382946,0.2824676522501642,sspo,,0.06556938719266381,2,1.0,0.0009523809523809524,1.0,0.0
0.2509523809523809,0.0015079365079365076,39.36237092166825,0.8407784687219361,unseen,43001,092fab0f549921ecbb92b6cc228b77606310f63967ab50ed6139156a21754f74,scn2_estimation_delay_env43001,estimation_delay,0.257633794478525,6.940580871603783,0.2844732959134027,v3_transformer,31000.0,0.06666780012595085,2,1.0,0.0014285714285714286,1.0,0.0
0.25,0.0015079365079365076,39.331929134716624,0.8495183666334625,unseen,43001,092fab0f549921ecbb92b6cc228b77606310f63967ab50ed6139156a21754f74,scn2_estimation_delay_env43001,estimation_delay,0.25777022704893776,7.011803120562094,0.2814776780738526,v3_transformer,31001.0,0.06531763311871865,2,1.0,0.0009523809523809524,1.0,0.0
0.25047619047619046,0.0015079365079365076,39.343731356539344,0.842842933647159,unseen,43001,092fab0f549921ecbb92b6cc228b77606310f63967ab50ed6139156a21754f74,scn2_estimation_delay_env43001,estimation_delay,0.257631451244127,6.988658141970603,0.28335289781899214,v3_transformer,31002.0,0.06608604560423408,2,1.0,0.0038095238095238095,1.0,0.0
0.2509523809523809,0.0015079365079365076,39.33465075048148,0.8653641846209327,unseen,43001,092fab0f549921ecbb92b6cc228b77606310f63967ab50ed6139156a21754f74,scn2_estimation_delay_env43001,estimation_delay,0.2574705972357582,6.989418169473616,0.28267804954162545,v3_transformer,31003.0,0.06617731141535056,2,1.0,0.0019047619047619048,1.0,0.0
0.2509523809523809,0.0015079365079365076,39.353443874061135,0.8467426661502304,unseen,43001,092fab0f549921ecbb92b6cc228b77606310f63967ab50ed6139156a21754f74,scn2_estimation_delay_env43001,estimation_delay,0.2576778427982078,6.900151191848872,0.2831743022092865,v3_transformer,31004.0,0.06647321398520832,2,1.0,0.0009523809523809524,1.0,0.0
0.25333333333333335,0.0015079365079365076,39.36283749970322,0.8390935256953831,unseen,43001,092fab0f549921ecbb92b6cc228b77606310f63967ab50ed6139156a21754f74,scn2_estimation_delay_env43001,estimation_delay,0.25762900218181456,6.926977783527729,0.284473295027492,wm_hybrid,31000.0,0.06678685332879004,2,1.0,0.0014285714285714286,1.0,0.049523809523809526
0.25047619047619046,0.0015079365079365076,39.32347960464016,0.8489834447226686,unseen,43001,092fab0f549921ecbb92b6cc228b77606310f63967ab50ed6139156a21754f74,scn2_estimation_delay_env43001,estimation_delay,0.2579100004413044,7.004715694954491,0.2817215665509696,wm_hybrid,31001.0,0.0654015623289791,2,1.0,0.0014285714285714286,1.0,0.049523809523809526
0.25333333333333335,0.0015079365079365076,39.34877819447251,0.8397957486454469,unseen,43001,092fab0f549921ecbb92b6cc228b77606310f63967ab50ed6139156a21754f74,scn2_estimation_delay_env43001,estimation_delay,0.257689486548032,6.899931834042091,0.28185242845003006,wm_hybrid,31002.0,0.06604651484689582,2,1.0,0.0009523809523809524,1.0,0.049523809523809526
0.2509523809523809,0.0015079365079365076,39.3367334020281,0.8617820864692333,unseen,43001,092fab0f549921ecbb92b6cc228b77606310f63967ab50ed6139156a21754f74,scn2_estimation_delay_env43001,estimation_delay,0.25739377804332153,6.977232079293163,0.28282576659252456,wm_hybrid,31003.0,0.06629741741850659,2,1.0,0.0014285714285714286,1.0,0.049523809523809526
0.2509523809523809,0.0015079365079365076,39.35669567050369,0.8442326309879981,unseen,43001,092fab0f549921ecbb92b6cc228b77606310f63967ab50ed6139156a21754f74,scn2_estimation_delay_env43001,estimation_delay,0.25766905966720705,6.88891170184835,0.28317430373904995,wm_hybrid,31004.0,0.0665504709896533,2,1.0,0.0019047619047619048,1.0,0.049523809523809526
0.21666666666666667,0.0015079365079365076,39.12749622626519,0.5817399413633536,unseen,43001,092fab0f549921ecbb92b6cc228b77606310f63967ab50ed6139156a21754f74,scn2_estimation_delay_env43001,estimation_delay,0.2588863384236757,7.4622315484735,0.2802108837117689,residual_rl,31000.0,0.07088091160343839,2,1.0,0.0004761904761904762,1.0,0.0
0.21142857142857144,0.0015079365079365076,39.09136037494837,0.5642601232179129,unseen,43001,092fab0f549921ecbb92b6cc228b77606310f63967ab50ed6139156a21754f74,scn2_estimation_delay_env43001,estimation_delay,0.26102080779808456,7.456399204704607,0.2802108837117689,residual_rl,31001.0,0.07092529636052546,2,1.0,0.002380952380952381,1.0,0.0
0.20761904761904762,0.0015079365079365076,39.062323314069324,0.5215266981785479,unseen,43001,092fab0f549921ecbb92b6cc228b77606310f63967ab50ed6139156a21754f74,scn2_estimation_delay_env43001,estimation_delay,0.2608253819663893,7.498841559797089,0.2802108837117689,residual_rl,31002.0,0.07291785292720403,2,1.0,0.002380952380952381,1.0,0.0
0.20761904761904762,0.0015079365079365076,39.08460899005542,0.5568892703516174,unseen,43001,092fab0f549921ecbb92b6cc228b77606310f63967ab50ed6139156a21754f74,scn2_estimation_delay_env43001,estimation_delay,0.2597867212530493,7.475747384664905,0.28074635448835306,residual_rl,31003.0,0.07112297033623757,2,1.0,0.002857142857142857,1.0,0.0
0.20904761904761904,0.0015079365079365076,39.04329395292918,0.5072024840082583,unseen,43001,092fab0f549921ecbb92b6cc228b77606310f63967ab50ed6139156a21754f74,scn2_estimation_delay_env43001,estimation_delay,0.26027336834276277,7.470533055357893,0.2802108837117689,residual_rl,31004.0,0.07204794323777124,2,1.0,0.0009523809523809524,1.0,0.0
0.20904761904761904,0.0015079365079365076,39.11005851762272,0.577195835228118,unseen,43001,092fab0f549921ecbb92b6cc228b77606310f63967ab50ed6139156a21754f74,scn2_estimation_delay_env43001,estimation_delay,0.2592477990739864,7.476540600787907,0.2797648038331616,wm_residual_rl,31000.0,0.0718162333403729,2,1.0,0.0004761904761904762,1.0,0.0
0.21571428571428572,0.0015079365079365076,39.12456940801556,0.5669356350104465,unseen,43001,092fab0f549921ecbb92b6cc228b77606310f63967ab50ed6139156a21754f74,scn2_estimation_delay_env43001,estimation_delay,0.2603667378428144,7.497925565226359,0.2802108837117689,wm_residual_rl,31001.0,0.07274026472125104,2,1.0,0.0019047619047619048,1.0,0.0
0.2123809523809524,0.0015079365079365076,39.043936163822394,0.4827299053401851,unseen,43001,092fab0f549921ecbb92b6cc228b77606310f63967ab50ed6139156a21754f74,scn2_estimation_delay_env43001,estimation_delay,0.2603177922679937,7.477474560453207,0.2802108837117689,wm_residual_rl,31002.0,0.0718624490313635,2,1.0,0.0009523809523809524,1.0,0.0
0.21571428571428572,0.0015079365079365076,39.08893729971177,0.5393755187097503,unseen,43001,092fab0f549921ecbb92b6cc228b77606310f63967ab50ed6139156a21754f74,scn2_estimation_delay_env43001,estimation_delay,0.25964648493966336,7.4624151761888955,0.2802108837117689,wm_residual_rl,31003.0,0.07122824009731066,2,1.0,0.0019047619047619048,1.0,0.0
0.20952380952380953,0.0015079365079365076,39.08215262592409,0.5389367527486812,unseen,43001,092fab0f549921ecbb92b6cc228b77606310f63967ab50ed6139156a21754f74,scn2_estimation_delay_env43001,estimation_delay,0.26072032195256445,7.446896740229735,0.2797648038331616,wm_residual_rl,31004.0,0.07128116707695138,2,1.0,0.0014285714285714286,1.0,0.0
0.19714285714285715,0.0014285714285714286,38.2276017618781,0.0,unseen,43002,ae5d6bcb2bd30a6fe04efe645be3315a6da38a0d5351c8d5e390cd58d9132ac0,scn2_estimation_delay_env43002,estimation_delay,0.3140956470811079,7.225358679122266,0.3911445725326321,smc,,0.15409575691068278,2,1.0,0.008095238095238095,1.0,0.0
0.26095238095238094,0.002619047619047619,39.450809633140246,0.9885714285714285,unseen,43002,ae5d6bcb2bd30a6fe04efe645be3315a6da38a0d5351c8d5e390cd58d9132ac0,scn2_estimation_delay_env43002,estimation_delay,0.25789406429454503,7.55647869142864,0.27812468589025746,mpc,,0.07195308166383521,2,1.0,0.015238095238095238,1.0,0.0
0.2042857142857143,0.0014285714285714286,39.10251561510248,0.5927083333333332,unseen,43002,ae5d6bcb2bd30a6fe04efe645be3315a6da38a0d5351c8d5e390cd58d9132ac0,scn2_estimation_delay_env43002,estimation_delay,0.26024663837687073,7.467554741326755,0.2795941878133133,constant_alpha,,0.07201395413641344,2,1.0,0.0014285714285714286,1.0,0.0
0.2538095238095238,0.001587301587301587,39.3732502063671,0.892401088836948,unseen,43002,ae5d6bcb2bd30a6fe04efe645be3315a6da38a0d5351c8d5e390cd58d9132ac0,scn2_estimation_delay_env43002,estimation_delay,0.257885375058923,6.9892467704888555,0.2812107144305533,sspo,,0.06647965765901462,2,1.0,0.004285714285714286,1.0,0.0
0.2523809523809524,0.0014285714285714286,39.34632274642601,0.8418109496922975,unseen,43002,ae5d6bcb2bd30a6fe04efe645be3315a6da38a0d5351c8d5e390cd58d9132ac0,scn2_estimation_delay_env43002,estimation_delay,0.25902486964353927,6.935352349406185,0.2829702538002043,v3_transformer,31000.0,0.06670269156178993,2,1.0,0.0014285714285714286,1.0,0.0
0.2509523809523809,0.0014285714285714286,39.32888834251968,0.8459219949839383,unseen,43002,ae5d6bcb2bd30a6fe04efe645be3315a6da38a0d5351c8d5e390cd58d9132ac0,scn2_estimation_delay_env43002,estimation_delay,0.25860556204138313,7.0169177936530485,0.2813702911214287,v3_transformer,31001.0,0.06573482248419127,2,1.0,0.0033333333333333335,1.0,0.0
0.25523809523809526,0.0014285714285714286,39.3484171983694,0.8421566859005242,unseen,43002,ae5d6bcb2bd30a6fe04efe645be3315a6da38a0d5351c8d5e390cd58d9132ac0,scn2_estimation_delay_env43002,estimation_delay,0.25878515280568337,6.8790997253389365,0.28134018636766867,v3_transformer,31002.0,0.06643111387976451,2,1.0,0.002857142857142857,1.0,0.0
0.2519047619047619,0.0014285714285714286,39.32446992070136,0.8650022449450984,unseen,43002,ae5d6bcb2bd30a6fe04efe645be3315a6da38a0d5351c8d5e390cd58d9132ac0,scn2_estimation_delay_env43002,estimation_delay,0.25873401411543767,6.971691569685934,0.2819572029708618,v3_transformer,31003.0,0.06653871033679382,2,1.0,0.0033333333333333335,1.0,0.0
0.25142857142857145,0.001587301587301587,39.35800023648247,0.8422062858635555,unseen,43002,ae5d6bcb2bd30a6fe04efe645be3315a6da38a0d5351c8d5e390cd58d9132ac0,scn2_estimation_delay_env43002,estimation_delay,0.25873391246531563,6.888530487962476,0.28560980572430444,v3_transformer,31004.0,0.06770696754805028,2,1.0,0.004761904761904762,1.0,0.0
0.2509523809523809,0.0014285714285714286,39.47119800096354,0.8444385508158976,unseen,43002,ae5d6bcb2bd30a6fe04efe645be3315a6da38a0d5351c8d5e390cd58d9132ac0,scn2_estimation_delay_env43002,estimation_delay,0.2591062504448256,6.652435564242098,0.2830470341906758,wm_hybrid,31000.0,0.07045539689897398,2,1.0,0.005714285714285714,1.0,0.049523809523809526
0.25047619047619046,0.0014285714285714286,39.32524011167318,0.8462560404655257,unseen,43002,ae5d6bcb2bd30a6fe04efe645be3315a6da38a0d5351c8d5e390cd58d9132ac0,scn2_estimation_delay_env43002,estimation_delay,0.25888611369434755,6.979950799677407,0.280889783574748,wm_hybrid,31001.0,0.06563116505547999,2,1.0,0.0019047619047619048,1.0,0.049523809523809526
0.25333333333333335,0.0014285714285714286,39.35629990141091,0.8394534014084089,unseen,43002,ae5d6bcb2bd30a6fe04efe645be3315a6da38a0d5351c8d5e390cd58d9132ac0,scn2_estimation_delay_env43002,estimation_delay,0.2587298203421159,6.871190419838037,0.281673806307346,wm_hybrid,31002.0,0.06669751518008751,2,1.0,0.0038095238095238095,1.0,0.049523809523809526
0.25047619047619046,0.0014285714285714286,39.32941467195175,0.8578410501863079,unseen,43002,ae5d6bcb2bd30a6fe04efe645be3315a6da38a0d5351c8d5e390cd58d9132ac0,scn2_estimation_delay_env43002,estimation_delay,0.25881230541289163,6.934572733748968,0.2816964186646536,wm_hybrid,31003.0,0.06647453157808828,2,1.0,0.002380952380952381,1.0,0.049523809523809526
0.2523809523809524,0.0014285714285714286,39.352360628510674,0.8409046730553665,unseen,43002,ae5d6bcb2bd30a6fe04efe645be3315a6da38a0d5351c8d5e390cd58d9132ac0,scn2_estimation_delay_env43002,estimation_delay,0.2587925836330579,6.8578475699507795,0.28271197535281906,wm_hybrid,31004.0,0.06702416823455432,2,1.0,0.0014285714285714286,1.0,0.049523809523809526
0.21428571428571427,0.0014285714285714286,39.081053707387134,0.583603203437765,unseen,43002,ae5d6bcb2bd30a6fe04efe645be3315a6da38a0d5351c8d5e390cd58d9132ac0,scn2_estimation_delay_env43002,estimation_delay,0.26040236447919823,7.447075749562355,0.2795941878133133,residual_rl,31000.0,0.07146894938885204,2,1.0,0.004285714285714286,1.0,0.0
0.20333333333333334,0.0014285714285714286,39.03136593866655,0.5641309938242094,unseen,43002,ae5d6bcb2bd30a6fe04efe645be3315a6da38a0d5351c8d5e390cd58d9132ac0,scn2_estimation_delay_env43002,estimation_delay,0.2626115278502604,7.443225066675002,0.2795941878133133,residual_rl,31001.0,0.07163493322780912,2,1.0,0.002857142857142857,1.0,0.0
0.2180952380952381,0.0014285714285714286,39.09065315781641,0.5213574428152594,unseen,43002,ae5d6bcb2bd30a6fe04efe645be3315a6da38a0d5351c8d5e390cd58d9132ac0,scn2_estimation_delay_env43002,estimation_delay,0.2620290223260218,7.488399132452689,0.2795915519944373,residual_rl,31002.0,0.07280579659497127,2,1.0,0.0019047619047619048,1.0,0.0
0.21761904761904763,0.0014285714285714286,39.115701753747,0.5538479666074761,unseen,43002,ae5d6bcb2bd30a6fe04efe645be3315a6da38a0d5351c8d5e390cd58d9132ac0,scn2_estimation_delay_env43002,estimation_delay,0.26121632909534065,7.437761854391852,0.2795941878133133,residual_rl,31003.0,0.07099515078630468,2,1.0,0.002380952380952381,1.0,0.0
0.2180952380952381,0.0014285714285714286,39.051541204705316,0.5067418305245976,unseen,43002,ae5d6bcb2bd30a6fe04efe645be3315a6da38a0d5351c8d5e390cd58d9132ac0,scn2_estimation_delay_env43002,estimation_delay,0.26198186690538633,7.448303695657551,0.27959390575640564,residual_rl,31004.0,0.07228313654323801,2,1.0,0.0019047619047619048,1.0,0.0
0.2061904761904762,0.0014285714285714286,39.09687895705248,0.5760486430069999,unseen,43002,ae5d6bcb2bd30a6fe04efe645be3315a6da38a0d5351c8d5e390cd58d9132ac0,scn2_estimation_delay_env43002,estimation_delay,0.2604064946973306,7.4692058548639855,0.27923137798333425,wm_residual_rl,31000.0,0.07196318582454898,2,1.0,0.002380952380952381,1.0,0.0
0.21333333333333335,0.0014285714285714286,39.07707946347374,0.562596697281467,unseen,43002,ae5d6bcb2bd30a6fe04efe645be3315a6da38a0d5351c8d5e390cd58d9132ac0,scn2_estimation_delay_env43002,estimation_delay,0.2606184098970738,7.548113101613049,0.28170638685444105,wm_residual_rl,31001.0,0.07343205706602797,2,1.0,0.0038095238095238095,1.0,0.0
0.21761904761904763,0.0014285714285714286,39.03287161544675,0.4828719777548212,unseen,43002,ae5d6bcb2bd30a6fe04efe645be3315a6da38a0d5351c8d5e390cd58d9132ac0,scn2_estimation_delay_env43002,estimation_delay,0.26180442033619944,7.477952915303453,0.2799986577058117,wm_residual_rl,31002.0,0.07228252143761504,2,1.0,0.002380952380952381,1.0,0.0
0.22238095238095237,0.0014285714285714286,39.09043251821936,0.5413485842579171,unseen,43002,ae5d6bcb2bd30a6fe04efe645be3315a6da38a0d5351c8d5e390cd58d9132ac0,scn2_estimation_delay_env43002,estimation_delay,0.26127864650302435,7.4319631454821815,0.2792313021394742,wm_residual_rl,31003.0,0.07121027789459179,2,1.0,0.0014285714285714286,1.0,0.0
0.2138095238095238,0.0014285714285714286,39.08189034556238,0.5381753280268976,unseen,43002,ae5d6bcb2bd30a6fe04efe645be3315a6da38a0d5351c8d5e390cd58d9132ac0,scn2_estimation_delay_env43002,estimation_delay,0.2614478226136777,7.454523737075826,0.2795892845760323,wm_residual_rl,31004.0,0.07135344178986361,2,1.0,0.002380952380952381,1.0,0.0
0.19238095238095237,0.0012698412698412698,38.11917788350207,0.0,unseen,43003,b61402145078a0794944352af3f9c2475b44cd95948c37970bb879073fe65bb5,scn2_estimation_delay_env43003,estimation_delay,0.3076394231740045,7.209179172128652,0.3868540315067031,smc,,0.1533969676141434,2,1.0,0.004761904761904762,1.0,0.0
0.26142857142857145,0.0016666666666666666,39.447966019137304,0.9990476190476191,unseen,43003,b61402145078a0794944352af3f9c2475b44cd95948c37970bb879073fe65bb5,scn2_estimation_delay_env43003,estimation_delay,0.2567317817841357,7.042572255532515,0.2567317817841357,mpc,,0.06952857936803625,2,1.0,0.002380952380952381,1.0,0.0
0.21523809523809523,0.0012698412698412698,39.09590796998423,0.5909940476190474,unseen,43003,b61402145078a0794944352af3f9c2475b44cd95948c37970bb879073fe65bb5,scn2_estimation_delay_env43003,estimation_delay,0.25807982085866016,7.536804548976238,0.2708929478777114,constant_alpha,,0.07009349674203642,2,1.0,0.005238095238095238,1.0,0.0
0.2538095238095238,0.0012698412698412698,39.26611545131289,0.886588708478081,unseen,43003,b61402145078a0794944352af3f9c2475b44cd95948c37970bb879073fe65bb5,scn2_estimation_delay_env43003,estimation_delay,0.255492403232306,7.25715815137268,0.2688032715387041,sspo,,0.06395116898259073,2,1.0,0.0014285714285714286,1.0,0.0
0.25285714285714284,0.0012698412698412698,39.27152889126269,0.8404110399861927,unseen,43003,b61402145078a0794944352af3f9c2475b44cd95948c37970bb879073fe65bb5,scn2_estimation_delay_env43003,estimation_delay,0.25755637487430516,7.062117484782018,0.2730394382982279,v3_transformer,31000.0,0.06496835849542659,2,1.0,0.005238095238095238,1.0,0.0
0.2538095238095238,0.0014285714285714286,39.29528961943621,0.8402157433563839,unseen,43003,b61402145078a0794944352af3f9c2475b44cd95948c37970bb879073fe65bb5,scn2_estimation_delay_env43003,estimation_delay,0.25712755652271563,6.998245179416674,0.2734413556593037,v3_transformer,31001.0,0.06547504441088729,2,1.0,0.008571428571428572,1.0,0.0
0.259047619047619,0.0012698412698412698,39.25667332084378,0.8203941133044577,unseen,43003,b61402145078a0794944352af3f9c2475b44cd95948c37970bb879073fe65bb5,scn2_estimation_delay_env43003,estimation_delay,0.2574159949190219,6.993793524502304,0.2680659575085807,v3_transformer,31002.0,0.0642896178685626,2,1.0,0.005714285714285714,1.0,0.0
0.2542857142857143,0.0012698412698412698,39.24586019737738,0.8438491030744492,unseen,43003,b61402145078a0794944352af3f9c2475b44cd95948c37970bb879073fe65bb5,scn2_estimation_delay_env43003,estimation_delay,0.25662503739020015,7.11938819036736,0.2699078312819169,v3_transformer,31003.0,0.0642505178788705,2,1.0,0.004761904761904762,1.0,0.0
0.2542857142857143,0.0012698412698412698,39.27368601040849,0.8487532547897941,unseen,43003,b61402145078a0794944352af3f9c2475b44cd95948c37970bb879073fe65bb5,scn2_estimation_delay_env43003,estimation_delay,0.25718009272484993,7.005565965823731,0.2709908720144038,v3_transformer,31004.0,0.06500100541927747,2,1.0,0.0033333333333333335,1.0,0.0
0.25285714285714284,0.0012698412698412698,39.27369190110358,0.8382783657353945,unseen,43003,b61402145078a0794944352af3f9c2475b44cd95948c37970bb879073fe65bb5,scn2_estimation_delay_env43003,estimation_delay,0.25758806910840987,7.021392727099028,0.2721584749963603,wm_hybrid,31000.0,0.06503622725718605,2,1.0,0.0038095238095238095,1.0,0.049523809523809526
0.25,0.0012698412698412698,39.2511487672737,0.8466698010355495,unseen,43003,b61402145078a0794944352af3f9c2475b44cd95948c37970bb879073fe65bb5,scn2_estimation_delay_env43003,estimation_delay,0.257656282962597,7.092527055515696,0.26903338189350434,wm_hybrid,31001.0,0.06377567896810711,2,1.0,0.0033333333333333335,1.0,0.049523809523809526
0.2538095238095238,0.0012698412698412698,39.27169866146874,0.8379836775150491,unseen,43003,b61402145078a0794944352af3f9c2475b44cd95948c37970bb879073fe65bb5,scn2_estimation_delay_env43003,estimation_delay,0.2574025611443115,6.987745049444737,0.26832253932088124,wm_hybrid,31002.0,0.064584210525012,2,1.0,0.0009523809523809524,1.0,0.049523809523809526
0.25476190476190474,0.0012698412698412698,39.25634174472844,0.8596308357435882,unseen,43003,b61402145078a0794944352af3f9c2475b44cd95948c37970bb879073fe65bb5,scn2_estimation_delay_env43003,estimation_delay,0.25746702231452745,7.091652363045256,0.2691152582779911,wm_hybrid,31003.0,0.06429780404855286,2,1.0,0.002380952380952381,1.0,0.049523809523809526
0.2561904761904762,0.0012698412698412698,39.27398724847841,0.8462633774228931,unseen,43003,b61402145078a0794944352af3f9c2475b44cd95948c37970bb879073fe65bb5,scn2_estimation_delay_env43003,estimation_delay,0.25728235864240934,6.998451260507772,0.271000463774894,wm_hybrid,31004.0,0.06485807252319832,2,1.0,0.0033333333333333335,1.0,0.049523809523809526
0.21714285714285714,0.0012698412698412698,39.05736281211332,0.5807874171141696,unseen,43003,b61402145078a0794944352af3f9c2475b44cd95948c37970bb879073fe65bb5,scn2_estimation_delay_env43003,estimation_delay,0.2573406018801884,7.506126737916646,0.2683304951354239,residual_rl,31000.0,0.06965129189486283,2,1.0,0.0019047619047619048,1.0,0.0
0.20238095238095238,0.0012698412698412698,38.99440278451469,0.5635682828352604,unseen,43003,b61402145078a0794944352af3f9c2475b44cd95948c37970bb879073fe65bb5,scn2_estimation_delay_env43003,estimation_delay,0.25891899605436436,7.4772826337419565,0.2670258645746592,residual_rl,31001.0,0.06981391344774247,2,1.0,0.0009523809523809524,1.0,0.0
0.1980952380952381,0.0012698412698412698,38.972607600965866,0.5188232566992435,unseen,43003,b61402145078a0794944352af3f9c2475b44cd95948c37970bb879073fe65bb5,scn2_estimation_delay_env43003,estimation_delay,0.2596612303787841,7.571220719737692,0.2715413582073928,residual_rl,31002.0,0.07198185742166217,2,1.0,0.004285714285714286,1.0,0.0
0.21095238095238095,0.0012698412698412698,39.02533081679115,0.5532017622797096,unseen,43003,b61402145078a0794944352af3f9c2475b44cd95948c37970bb879073fe65bb5,scn2_estimation_delay_env43003,estimation_delay,0.2594251701358059,7.529146862707517,0.27220772836403795,residual_rl,31003.0,0.07008749953692987,2,1.0,0.006666666666666667,1.0,0.0
0.20285714285714285,0.0012698412698412698,38.95608375208069,0.5070470609920491,unseen,43003,b61402145078a0794944352af3f9c2475b44cd95948c37970bb879073fe65bb5,scn2_estimation_delay_env43003,estimation_delay,0.2583676544941674,7.492764722410289,0.26702587348065543,residual_rl,31004.0,0.07099963251987232,2,1.0,0.0014285714285714286,1.0,0.0
0.20952380952380953,0.0012698412698412698,39.050533121655015,0.5766132135632493,unseen,43003,b61402145078a0794944352af3f9c2475b44cd95948c37970bb879073fe65bb5,scn2_estimation_delay_env43003,estimation_delay,0.25777966305049643,7.542828296133993,0.2689664283283917,wm_residual_rl,31000.0,0.07044526328114084,2,1.0,0.004285714285714286,1.0,0.0
0.21666666666666667,0.0012698412698412698,39.04642128902268,0.5618717985966418,unseen,43003,b61402145078a0794944352af3f9c2475b44cd95948c37970bb879073fe65bb5,scn2_estimation_delay_env43003,estimation_delay,0.25802332476526296,7.561350330725626,0.27157024940107977,wm_residual_rl,31001.0,0.07156459243516118,2,1.0,0.006666666666666667,1.0,0.0
0.20142857142857143,0.0012698412698412698,38.95386272217816,0.4833886316425188,unseen,43003,b61402145078a0794944352af3f9c2475b44cd95948c37970bb879073fe65bb5,scn2_estimation_delay_env43003,estimation_delay,0.2594016277087933,7.495375038341374,0.26702587662839217,wm_residual_rl,31002.0,0.07062845759546901,2,1.0,0.0009523809523809524,1.0,0.0
0.21571428571428572,0.0012698412698412698,39.03663764157788,0.533814991875649,unseen,43003,b61402145078a0794944352af3f9c2475b44cd95948c37970bb879073fe65bb5,scn2_estimation_delay_env43003,estimation_delay,0.26124264965315874,7.450937028263494,0.2664279774217117,wm_residual_rl,31003.0,0.06965986943044453,2,1.0,0.004285714285714286,1.0,0.0
0.2038095238095238,0.0012698412698412698,39.01091556814799,0.5386015780737363,unseen,43003,b61402145078a0794944352af3f9c2475b44cd95948c37970bb879073fe65bb5,scn2_estimation_delay_env43003,estimation_delay,0.2592176838840695,7.477511775679598,0.2670258645746592,wm_residual_rl,31004.0,0.06970783537010691,2,1.0,0.002380952380952381,1.0,0.0
0.1957142857142857,0.0015079365079365078,38.10191056375712,0.0,unseen,43004,ebe649fca4aeaf200ce11bcf1df4e97b7cfe265d69a5a3af15d462d018b72492,scn2_estimation_delay_env43004,estimation_delay,0.31465431427562013,7.164965655550976,0.3734429814161581,smc,,0.14994652899559846,2,1.0,0.005238095238095238,1.0,0.0
0.2619047619047619,0.0017460317460317458,39.404771876061915,0.9995238095238095,unseen,43004,ebe649fca4aeaf200ce11bcf1df4e97b7cfe265d69a5a3af15d462d018b72492,scn2_estimation_delay_env43004,estimation_delay,0.25785100571077646,7.025250015546361,0.25785100571077646,mpc,,0.06766831708997484,2,1.0,0.0019047619047619048,1.0,0.0
0.21428571428571427,0.0015079365079365078,39.08405576622668,0.5924226190476188,unseen,43004,ebe649fca4aeaf200ce11bcf1df4e97b7cfe265d69a5a3af15d462d018b72492,scn2_estimation_delay_env43004,estimation_delay,0.2594853621059389,7.496143827684217,0.2594853621059389,constant_alpha,,0.0670201207250558,2,1.0,0.002380952380952381,1.0,0.0
0.25285714285714284,0.0016666666666666666,39.2590463842359,0.8864740436964879,unseen,43004,ebe649fca4aeaf200ce11bcf1df4e97b7cfe265d69a5a3af15d462d018b72492,scn2_estimation_delay_env43004,estimation_delay,0.2578531500766893,7.254853946911164,0.2578531500766893,sspo,,0.06116590753917672,2,1.0,0.005238095238095238,1.0,0.0
0.25285714285714284,0.0016666666666666668,39.308320151357364,0.8373603899494892,unseen,43004,ebe649fca4aeaf200ce11bcf1df4e97b7cfe265d69a5a3af15d462d018b72492,scn2_estimation_delay_env43004,estimation_delay,0.2588123179076201,6.9458173550033475,0.2588123179076201,v3_transformer,31000.0,0.06292260490321956,2,1.0,0.010952380952380953,1.0,0.0
0.25285714285714284,0.0015079365079365078,39.26015494768234,0.8529790185020385,unseen,43004,ebe649fca4aeaf200ce11bcf1df4e97b7cfe265d69a5a3af15d462d018b72492,scn2_estimation_delay_env43004,estimation_delay,0.258684463972549,7.075942630102021,0.258684463972549,v3_transformer,31001.0,0.06029488036236103,2,1.0,0.002857142857142857,1.0,0.0
0.25285714285714284,0.0015079365079365078,39.27929709089848,0.845710647834581,unseen,43004,ebe649fca4aeaf200ce11bcf1df4e97b7cfe265d69a5a3af15d462d018b72492,scn2_estimation_delay_env43004,estimation_delay,0.2587235715666188,6.927042872898482,0.2587235715666188,v3_transformer,31002.0,0.060390206750965215,2,1.0,0.0009523809523809524,1.0,0.0
0.2561904761904762,0.0015079365079365078,39.22672026461523,0.852628220553215,unseen,43004,ebe649fca4aeaf200ce11bcf1df4e97b7cfe265d69a5a3af15d462d018b72492,scn2_estimation_delay_env43004,estimation_delay,0.2585514343143243,6.993830872718352,0.2585514343143243,v3_transformer,31003.0,0.06083973063913233,2,1.0,0.004761904761904762,1.0,0.0
0.2542857142857143,0.001587301587301587,39.366724031365656,0.8486549139955349,unseen,43004,ebe649fca4aeaf200ce11bcf1df4e97b7cfe265d69a5a3af15d462d018b72492,scn2_estimation_delay_env43004,estimation_delay,0.25864488358472565,6.765394762022777,0.25864488358472565,v3_transformer,31004.0,0.06425011643610788,2,1.0,0.009523809523809525,1.0,0.0
0.2523809523809524,0.0015079365079365078,39.31327757117827,0.8363038502277015,unseen,43004,ebe649fca4aeaf200ce11bcf1df4e97b7cfe265d69a5a3af15d462d018b72492,scn2_estimation_delay_env43004,estimation_delay,0.2580947963663698,6.913080136511801,0.2580947963663698,wm_hybrid,31000.0,0.06142937020853842,2,1.0,0.0009523809523809524,1.0,0.049523809523809526
0.2509523809523809,0.0015079365079365078,39.2733722519343,0.850212752762273,unseen,43004,ebe649fca4aeaf200ce11bcf1df4e97b7cfe265d69a5a3af15d462d018b72492,scn2_estimation_delay_env43004,estimation_delay,0.2585480123808715,7.090422281628613,0.2585480123808715,wm_hybrid,31001.0,0.061296241456780524,2,1.0,0.008095238095238095,1.0,0.049523809523809526
0.25476190476190474,0.0015079365079365078,39.29431938699976,0.8390894996923896,unseen,43004,ebe649fca4aeaf200ce11bcf1df4e97b7cfe265d69a5a3af15d462d018b72492,scn2_estimation_delay_env43004,estimation_delay,0.2587075457669184,6.958270220542165,0.2587075457669184,wm_hybrid,31002.0,0.061198033603328525,2,1.0,0.004285714285714286,1.0,0.049523809523809526
0.2519047619047619,0.0015079365079365078,39.27023171892361,0.8656250667405898,unseen,43004,ebe649fca4aeaf200ce11bcf1df4e97b7cfe265d69a5a3af15d462d018b72492,scn2_estimation_delay_env43004,estimation_delay,0.25851155083821425,6.959707326276157,0.25851155083821425,wm_hybrid,31003.0,0.06077201858516864,2,1.0,0.0014285714285714286,1.0,0.049523809523809526
0.25476190476190474,0.0015079365079365078,39.27309628016432,0.8478083916531322,unseen,43004,ebe649fca4aeaf200ce11bcf1df4e97b7cfe265d69a5a3af15d462d018b72492,scn2_estimation_delay_env43004,estimation_delay,0.2585804288151123,6.956431088206257,0.2585804288151123,wm_hybrid,31004.0,0.060523881483367986,2,1.0,0.002857142857142857,1.0,0.049523809523809526
0.21619047619047618,0.0015079365079365078,39.20776591358449,0.5687753296331839,unseen,43004,ebe649fca4aeaf200ce11bcf1df4e97b7cfe265d69a5a3af15d462d018b72492,scn2_estimation_delay_env43004,estimation_delay,0.25960495087696456,6.717035627386894,0.25960495087696456,residual_rl,31000.0,0.07022775203011083,2,1.0,0.02142857142857143,1.0,0.0
0.2061904761904762,0.0015079365079365078,39.0169786370453,0.5641975648298212,unseen,43004,ebe649fca4aeaf200ce11bcf1df4e97b7cfe265d69a5a3af15d462d018b72492,scn2_estimation_delay_env43004,estimation_delay,0.26233931548833195,7.452866642822751,0.26233931548833195,residual_rl,31001.0,0.06653053422830003,2,1.0,0.0014285714285714286,1.0,0.0
0.18523809523809523,0.0015079365079365078,38.9381720608213,0.5181968801337539,unseen,43004,ebe649fca4aeaf200ce11bcf1df4e97b7cfe265d69a5a3af15d462d018b72492,scn2_estimation_delay_env43004,estimation_delay,0.2617167036319619,7.562907804479004,0.2617167036319619,residual_rl,31002.0,0.06939196945608417,2,1.0,0.006190476190476191,1.0,0.0
0.2061904761904762,0.0015079365079365078,39.0227200898074,0.5538920752808834,unseen,43004,ebe649fca4aeaf200ce11bcf1df4e97b7cfe265d69a5a3af15d462d018b72492,scn2_estimation_delay_env43004,estimation_delay,0.261108895087072,7.4691086058819405,0.261108895087072,residual_rl,31003.0,0.06660232120153266,2,1.0,0.0033333333333333335,1.0,0.0
0.1957142857142857,0.0016666666666666666,38.966838248995295,0.4997924111876422,unseen,43004,ebe649fca4aeaf200ce11bcf1df4e97b7cfe265d69a5a3af15d462d018b72492,scn2_estimation_delay_env43004,estimation_delay,0.2618788011906835,7.350490859742014,0.2618788011906835,residual_rl,31004.0,0.06795477040903988,2,1.0,0.009047619047619047,1.0,0.0
0.2019047619047619,0.0015079365079365078,39.03438490864511,0.5745488606849514,unseen,43004,ebe649fca4aeaf200ce11bcf1df4e97b7cfe265d69a5a3af15d462d018b72492,scn2_estimation_delay_env43004,estimation_delay,0.2603958807510054,7.551010283475993,0.2603958807510054,wm_residual_rl,31000.0,0.0678447825030019,2,1.0,0.006190476190476191,1.0,0.0
0.21571428571428572,0.0015079365079365078,39.035794211153245,0.563077146322642,unseen,43004,ebe649fca4aeaf200ce11bcf1df4e97b7cfe265d69a5a3af15d462d018b72492,scn2_estimation_delay_env43004,estimation_delay,0.26064530868657787,7.532327624219261,0.26064530868657787,wm_residual_rl,31001.0,0.06866172581710409,2,1.0,0.0019047619047619048,1.0,0.0
0.2,0.0015079365079365078,38.93158559835471,0.4786861324079638,unseen,43004,ebe649fca4aeaf200ce11bcf1df4e97b7cfe265d69a5a3af15d462d018b72492,scn2_estimation_delay_env43004,estimation_delay,0.26172030083588876,7.467893674106256,0.26172030083588876,wm_residual_rl,31002.0,0.06788728613636676,2,1.0,0.0038095238095238095,1.0,0.0
0.22238095238095237,0.0015079365079365078,39.065304988442435,0.5402930159401664,unseen,43004,ebe649fca4aeaf200ce11bcf1df4e97b7cfe265d69a5a3af15d462d018b72492,scn2_estimation_delay_env43004,estimation_delay,0.26110741890861605,7.493880590722858,0.26110741890861605,wm_residual_rl,31003.0,0.06661052346688441,2,1.0,0.0033333333333333335,1.0,0.0
0.20714285714285716,0.0015079365079365078,39.020325921560044,0.5388590595284649,unseen,43004,ebe649fca4aeaf200ce11bcf1df4e97b7cfe265d69a5a3af15d462d018b72492,scn2_estimation_delay_env43004,estimation_delay,0.261072924623354,7.459969725890173,0.261072924623354,wm_residual_rl,31004.0,0.06687839694067141,2,1.0,0.0009523809523809524,1.0,0.0
0.04428571428571428,0.005396825396825396,19.94205820920075,0.0,unseen,43000,bbd2a9e91ee8fca7d33b3cf7676a32790b6d59d5775ad942300e459ed8cacf34,scn2_fast_ou_env43000,fast_ou,0.03372105355474366,7.787036801165882,0.39573865995031376,smc,,0.17112753564508543,2,1.0,0.0038095238095238095,1.0,0.0
0.015238095238095238,0.0002380952380952381,19.427329210971784,1.0,unseen,43000,bbd2a9e91ee8fca7d33b3cf7676a32790b6d59d5775ad942300e459ed8cacf34,scn2_fast_ou_env43000,fast_ou,0.0131124762247576,6.852085628807532,0.29485325163784193,mpc,,0.0641545744022659,2,1.0,0.0004761904761904762,1.0,0.0
0.01904761904761905,0.002142857142857143,19.294531615194554,0.5929940476190474,unseen,43000,bbd2a9e91ee8fca7d33b3cf7676a32790b6d59d5775ad942300e459ed8cacf34,scn2_fast_ou_env43000,fast_ou,0.014849083536431214,7.750369250445473,0.28885576136771496,constant_alpha,,0.061949973209125965,2,1.0,0.0014285714285714286,1.0,0.0
0.019523809523809523,0.002380952380952381,19.392375242553516,0.9387884296252832,unseen,43000,bbd2a9e91ee8fca7d33b3cf7676a32790b6d59d5775ad942300e459ed8cacf34,scn2_fast_ou_env43000,fast_ou,0.013366706445212064,7.628772623404957,0.2890374436106835,sspo,,0.05732081066733122,2,1.0,0.0009523809523809524,1.0,0.0
0.02,0.002380952380952381,19.437490627412966,0.9324543291642049,unseen,43000,bbd2a9e91ee8fca7d33b3cf7676a32790b6d59d5775ad942300e459ed8cacf34,scn2_fast_ou_env43000,fast_ou,0.012780058228788289,7.566275246177825,0.2903747044856862,v3_transformer,31000.0,0.05754766372339302,2,1.0,0.0014285714285714286,1.0,0.0
0.02,0.002698412698412698,19.505148358604387,0.9254837424078984,unseen,43000,bbd2a9e91ee8fca7d33b3cf7676a32790b6d59d5775ad942300e459ed8cacf34,scn2_fast_ou_env43000,fast_ou,0.013106647496337396,7.362255176283742,0.2898454469865431,v3_transformer,31001.0,0.057222682635302315,2,1.0,0.0009523809523809524,1.0,0.0
0.02,0.00246031746031746,19.428064233845713,0.9257872634001915,unseen,43000,bbd2a9e91ee8fca7d33b3cf7676a32790b6d59d5775ad942300e459ed8cacf34,scn2_fast_ou_env43000,fast_ou,0.01272970636142865,7.58272644493202,0.2903752091647368,v3_transformer,31002.0,0.05733183885455116,2,1.0,0.0033333333333333335,1.0,0.0
0.02,0.002380952380952381,19.432121860925754,0.931940590106472,unseen,43000,bbd2a9e91ee8fca7d33b3cf7676a32790b6d59d5775ad942300e459ed8cacf34,scn2_fast_ou_env43000,fast_ou,0.012668453843235741,7.566786690193242,0.29011406422834785,v3_transformer,31003.0,0.0577295298993613,2,1.0,0.002380952380952381,1.0,0.0
0.02,0.002380952380952381,19.475576391421534,0.8961575315628174,unseen,43000,bbd2a9e91ee8fca7d33b3cf7676a32790b6d59d5775ad942300e459ed8cacf34,scn2_fast_ou_env43000,fast_ou,0.013169271678092079,7.476340264983423,0.2904208244655335,v3_transformer,31004.0,0.05844118425062336,2,1.0,0.0019047619047619048,1.0,0.0
0.02,0.00246031746031746,19.447015481685558,0.9300626628940137,unseen,43000,bbd2a9e91ee8fca7d33b3cf7676a32790b6d59d5775ad942300e459ed8cacf34,scn2_fast_ou_env43000,fast_ou,0.013355022006063545,7.578876818480165,0.2910071832007768,wm_hybrid,31000.0,0.05783285875344783,2,1.0,0.002380952380952381,1.0,0.048095238095238094
0.02,0.0030158730158730157,19.724248190908185,0.9133072831343376,unseen,43000,bbd2a9e91ee8fca7d33b3cf7676a32790b6d59d5775ad942300e459ed8cacf34,scn2_fast_ou_env43000,fast_ou,0.013506071332199256,7.0979122946691735,0.2959911713462091,wm_hybrid,31001.0,0.06040378139290872,2,1.0,0.007619047619047619,1.0,0.047619047619047616
0.02,0.002380952380952381,19.43575579578316,0.9256293921760921,unseen,43000,bbd2a9e91ee8fca7d33b3cf7676a32790b6d59d5775ad942300e459ed8cacf34,scn2_fast_ou_env43000,fast_ou,0.013393972456089507,7.535496851881311,0.28966028276629624,wm_hybrid,31002.0,0.05722807821693762,2,1.0,0.0019047619047619048,1.0,0.048095238095238094
0.02,0.002380952380952381,19.435684103482576,0.9321973436399947,unseen,43000,bbd2a9e91ee8fca7d33b3cf7676a32790b6d59d5775ad942300e459ed8cacf34,scn2_fast_ou_env43000,fast_ou,0.012707403668006882,7.548630083826603,0.28990584723626883,wm_hybrid,31003.0,0.057724585700556136,2,1.0,0.002857142857142857,1.0,0.048095238095238094
0.02,0.00246031746031746,19.486255521606605,0.8994735474978569,unseen,43000,bbd2a9e91ee8fca7d33b3cf7676a32790b6d59d5775ad942300e459ed8cacf34,scn2_fast_ou_env43000,fast_ou,0.01312411168858686,7.508988437309895,0.29216712608899964,wm_hybrid,31004.0,0.05862128803765554,2,1.0,0.004285714285714286,1.0,0.048095238095238094
0.01904761904761905,0.002142857142857143,19.265181744282135,0.549016396729382,unseen,43000,bbd2a9e91ee8fca7d33b3cf7676a32790b6d59d5775ad942300e459ed8cacf34,scn2_fast_ou_env43000,fast_ou,0.013899546923786742,7.753835008490794,0.2893784151520496,residual_rl,31000.0,0.06181565703181727,2,1.0,0.0033333333333333335,1.0,0.0
0.019523809523809523,0.002142857142857143,19.291114361847058,0.6108609305312506,unseen,43000,bbd2a9e91ee8fca7d33b3cf7676a32790b6d59d5775ad942300e459ed8cacf34,scn2_fast_ou_env43000,fast_ou,0.01531817520993555,7.747518527117218,0.28939163368334486,residual_rl,31001.0,0.060798134407528424,2,1.0,0.0009523809523809524,1.0,0.0
0.019523809523809523,0.002142857142857143,19.293314750480423,0.5677053629761741,unseen,43000,bbd2a9e91ee8fca7d33b3cf7676a32790b6d59d5775ad942300e459ed8cacf34,scn2_fast_ou_env43000,fast_ou,0.01356786810776299,7.759577657741312,0.28939163368334486,residual_rl,31002.0,0.06096213823785266,2,1.0,0.002857142857142857,1.0,0.0
0.019523809523809523,0.002142857142857143,19.26376870070364,0.5642592073495987,unseen,43000,bbd2a9e91ee8fca7d33b3cf7676a32790b6d59d5775ad942300e459ed8cacf34,scn2_fast_ou_env43000,fast_ou,0.015129290075473097,7.7551583144969936,0.28939163368334486,residual_rl,31003.0,0.061641048062568767,2,1.0,0.0014285714285714286,1.0,0.0
0.01904761904761905,0.002142857142857143,19.29344590270761,0.5071491393499712,unseen,43000,bbd2a9e91ee8fca7d33b3cf7676a32790b6d59d5775ad942300e459ed8cacf34,scn2_fast_ou_env43000,fast_ou,0.015191010504538045,7.73968292382649,0.28885828769862065,residual_rl,31004.0,0.06267494943398312,2,1.0,0.0009523809523809524,1.0,0.0
0.01904761904761905,0.002142857142857143,19.28671980700846,0.5994502198755222,unseen,43000,bbd2a9e91ee8fca7d33b3cf7676a32790b6d59d5775ad942300e459ed8cacf34,scn2_fast_ou_env43000,fast_ou,0.013546810791008064,7.757578586320522,0.28885574969774525,wm_residual_rl,31000.0,0.06233559215697909,2,1.0,0.0009523809523809524,1.0,0.0
0.019523809523809523,0.002142857142857143,19.276363272940767,0.5711301195491809,unseen,43000,bbd2a9e91ee8fca7d33b3cf7676a32790b6d59d5775ad942300e459ed8cacf34,scn2_fast_ou_env43000,fast_ou,0.01503816664318138,7.764960042078237,0.28885828769862065,wm_residual_rl,31001.0,0.062306199835413426,2,1.0,0.0009523809523809524,1.0,0.0
0.019523809523809523,0.002142857142857143,19.250674476745715,0.5047370647657432,unseen,43000,bbd2a9e91ee8fca7d33b3cf7676a32790b6d59d5775ad942300e459ed8cacf34,scn2_fast_ou_env43000,fast_ou,0.014646664963740383,7.749642015356348,0.2888557516139682,wm_residual_rl,31002.0,0.06268433123365451,2,1.0,0.0009523809523809524,1.0,0.0
0.01904761904761905,0.002142857142857143,19.285589905688372,0.5112966183694712,unseen,43000,bbd2a9e91ee8fca7d33b3cf7676a32790b6d59d5775ad942300e459ed8cacf34,scn2_fast_ou_env43000,fast_ou,0.015200439639811283,7.733681399789115,0.2888582992968021,wm_residual_rl,31003.0,0.061647698929761796,2,1.0,0.002380952380952381,1.0,0.0
0.019523809523809523,0.002142857142857143,19.29746762499477,0.5783286455439612,unseen,43000,bbd2a9e91ee8fca7d33b3cf7676a32790b6d59d5775ad942300e459ed8cacf34,scn2_fast_ou_env43000,fast_ou,0.015186455042612155,7.728073096382478,0.28885827246835305,wm_residual_rl,31004.0,0.06027820595699189,2,1.0,0.002380952380952381,1.0,0.0
0.04238095238095238,0.0027777777777777775,19.634139955542246,0.0,unseen,43001,0726908c6dd4263c52abac6124817b03918cadf384f0da49207ec7beccd0a2e0,scn2_fast_ou_env43001,fast_ou,0.03647606253445668,7.702586588559031,0.38700944918044294,smc,,0.1718519099161511,2,1.0,0.0038095238095238095,1.0,0.0
0.015238095238095238,0.0018253968253968253,19.335142940130925,0.9995238095238095,unseen,43001,0726908c6dd4263c52abac6124817b03918cadf384f0da49207ec7beccd0a2e0,scn2_fast_ou_env43001,fast_ou,0.013374844510563949,6.9828438452299615,0.30736170796938145,mpc,,0.0661912225595126,2,1.0,0.0009523809523809524,1.0,0.0
0.016666666666666666,0.001984126984126984,19.133536345647535,0.5826011904761903,unseen,43001,0726908c6dd4263c52abac6124817b03918cadf384f0da49207ec7beccd0a2e0,scn2_fast_ou_env43001,fast_ou,0.015784655790306024,7.777317648447193,0.2991460192172381,constant_alpha,,0.06352141223751268,2,1.0,0.005238095238095238,1.0,0.0
0.018095238095238095,0.001984126984126984,19.203013528865874,0.9440999114043013,unseen,43001,0726908c6dd4263c52abac6124817b03918cadf384f0da49207ec7beccd0a2e0,scn2_fast_ou_env43001,fast_ou,0.013989607497413294,7.663815781414416,0.2995407601819508,sspo,,0.059173546364861655,2,1.0,0.0004761904761904762,1.0,0.0
0.018095238095238095,0.001984126984126984,19.256702493034986,0.9379915664271058,unseen,43001,0726908c6dd4263c52abac6124817b03918cadf384f0da49207ec7beccd0a2e0,scn2_fast_ou_env43001,fast_ou,0.014126393784599903,7.530692506941554,0.3000485629195846,v3_transformer,31000.0,0.05917993624184368,2,1.0,0.0033333333333333335,1.0,0.0
0.018571428571428572,0.001984126984126984,19.347945509648405,0.9284266364363083,unseen,43001,0726908c6dd4263c52abac6124817b03918cadf384f0da49207ec7beccd0a2e0,scn2_fast_ou_env43001,fast_ou,0.014086959454511135,7.339035639488152,0.3014620906327192,v3_transformer,31001.0,0.05940747984705711,2,1.0,0.0038095238095238095,1.0,0.0
0.018095238095238095,0.001984126984126984,19.234213387277823,0.9312665477212545,unseen,43001,0726908c6dd4263c52abac6124817b03918cadf384f0da49207ec7beccd0a2e0,scn2_fast_ou_env43001,fast_ou,0.014015069707262422,7.60074464979942,0.30038102939775124,v3_transformer,31002.0,0.059009522912285194,2,1.0,0.0019047619047619048,1.0,0.0
0.018095238095238095,0.001984126984126984,19.24802250726245,0.936066509831718,unseen,43001,0726908c6dd4263c52abac6124817b03918cadf384f0da49207ec7beccd0a2e0,scn2_fast_ou_env43001,fast_ou,0.013974356769203505,7.525909191973416,0.29959507372732797,v3_transformer,31003.0,0.059197219895063886,2,1.0,0.0009523809523809524,1.0,0.0
0.018571428571428572,0.001984126984126984,19.291673377776146,0.906694716882767,unseen,43001,0726908c6dd4263c52abac6124817b03918cadf384f0da49207ec7beccd0a2e0,scn2_fast_ou_env43001,fast_ou,0.01469205370521469,7.427203259622658,0.3000139429383979,v3_transformer,31004.0,0.05950044846069957,2,1.0,0.0019047619047619048,1.0,0.0
0.018095238095238095,0.001984126984126984,19.254972449347093,0.9360171571707331,unseen,43001,0726908c6dd4263c52abac6124817b03918cadf384f0da49207ec7beccd0a2e0,scn2_fast_ou_env43001,fast_ou,0.0135012904539133,7.522481762942152,0.3001764330807236,wm_hybrid,31000.0,0.059097394599891065,2,1.0,0.0014285714285714286,1.0,0.04904761904761905
0.018571428571428572,0.001984126984126984,19.354767831220357,0.9248366817950258,unseen,43001,0726908c6dd4263c52abac6124817b03918cadf384f0da49207ec7beccd0a2e0,scn2_fast_ou_env43001,fast_ou,0.013394874950298475,7.328258049244987,0.30214231343828235,wm_hybrid,31001.0,0.05960537021172946,2,1.0,0.0038095238095238095,1.0,0.04904761904761905
0.018095238095238095,0.001984126984126984,19.26194559555107,0.9283872616615002,unseen,43001,0726908c6dd4263c52abac6124817b03918cadf384f0da49207ec7beccd0a2e0,scn2_fast_ou_env43001,fast_ou,0.013972179785394808,7.4990716112556,0.29990074022279994,wm_hybrid,31002.0,0.05878616398759793,2,1.0,0.002857142857142857,1.0,0.04904761904761905
0.018095238095238095,0.001984126984126984,19.26397310958015,0.9348959944317699,unseen,43001,0726908c6dd4263c52abac6124817b03918cadf384f0da49207ec7beccd0a2e0,scn2_fast_ou_env43001,fast_ou,0.013995672838509275,7.509680277214351,0.29970062339111575,wm_hybrid,31003.0,0.059378515557927815,2,1.0,0.002380952380952381,1.0,0.04904761904761905
0.018571428571428572,0.001984126984126984,19.29035594388911,0.9084191147811993,unseen,43001,0726908c6dd4263c52abac6124817b03918cadf384f0da49207ec7beccd0a2e0,scn2_fast_ou_env43001,fast_ou,0.0138602645203551,7.422986840954968,0.30013783275123296,wm_hybrid,31004.0,0.059365336687033025,2,1.0,0.0019047619047619048,1.0,0.04904761904761905
0.017142857142857144,0.0018253968253968253,19.0983019302821,0.5521974349012315,unseen,43001,0726908c6dd4263c52abac6124817b03918cadf384f0da49207ec7beccd0a2e0,scn2_fast_ou_env43001,fast_ou,0.014533057449919255,7.797391186949986,0.29996807619425375,residual_rl,31000.0,0.06288147063185895,2,1.0,0.0019047619047619048,1.0,0.0
0.017142857142857144,0.002142857142857143,19.121818692591507,0.6143513063826125,unseen,43001,0726908c6dd4263c52abac6124817b03918cadf384f0da49207ec7beccd0a2e0,scn2_fast_ou_env43001,fast_ou,0.015235455750326874,7.770365372996326,0.2995465203168359,residual_rl,31001.0,0.06189268688019502,2,1.0,0.0014285714285714286,1.0,0.0
0.016666666666666666,0.0022222222222222222,19.11135070478914,0.5633387949233734,unseen,43001,0726908c6dd4263c52abac6124817b03918cadf384f0da49207ec7beccd0a2e0,scn2_fast_ou_env43001,fast_ou,0.01495379594764726,7.770472720501294,0.2991460132411019,residual_rl,31002.0,0.06295919297516434,2,1.0,0.002857142857142857,1.0,0.0
0.016666666666666666,0.001984126984126984,19.08999372926994,0.5556395691432781,unseen,43001,0726908c6dd4263c52abac6124817b03918cadf384f0da49207ec7beccd0a2e0,scn2_fast_ou_env43001,fast_ou,0.015434678766906018,7.7585683950892665,0.29914600471851926,residual_rl,31003.0,0.06295955233741657,2,1.0,0.0004761904761904762,1.0,0.0
0.016666666666666666,0.002142857142857143,19.122534472894486,0.5061178972900314,unseen,43001,0726908c6dd4263c52abac6124817b03918cadf384f0da49207ec7beccd0a2e0,scn2_fast_ou_env43001,fast_ou,0.015352435144925238,7.764925080691992,0.2991460132411019,residual_rl,31004.0,0.0643548628357065,2,1.0,0.0009523809523809524,1.0,0.0
0.016666666666666666,0.0017460317460317458,19.113407714984056,0.5944109530036329,unseen,43001,0726908c6dd4263c52abac6124817b03918cadf384f0da49207ec7beccd0a2e0,scn2_fast_ou_env43001,fast_ou,0.01432835164848498,7.789017154998051,0.29915965831586605,wm_residual_rl,31000.0,0.06411197328124842,2,1.0,0.0009523809523809524,1.0,0.0
0.016666666666666666,0.001984126984126984,19.098029471845827,0.5720531627687045,unseen,43001,0726908c6dd4263c52abac6124817b03918cadf384f0da49207ec7beccd0a2e0,scn2_fast_ou_env43001,fast_ou,0.01579340140316602,7.794389321058018,0.2991460540394677,wm_residual_rl,31001.0,0.06420884560724603,2,1.0,0.0009523809523809524,1.0,0.0
0.016666666666666666,0.001984126984126984,19.082484329742904,0.5063444272305793,unseen,43001,0726908c6dd4263c52abac6124817b03918cadf384f0da49207ec7beccd0a2e0,scn2_fast_ou_env43001,fast_ou,0.014466883217494023,7.777479811518306,0.29914605890130025,wm_residual_rl,31002.0,0.06398454081553294,2,1.0,0.0009523809523809524,1.0,0.0
0.016666666666666666,0.002142857142857143,19.11039835482539,0.5099536036030492,unseen,43001,0726908c6dd4263c52abac6124817b03918cadf384f0da49207ec7beccd0a2e0,scn2_fast_ou_env43001,fast_ou,0.016021170510580017,7.762665324164404,0.2991460132411019,wm_residual_rl,31003.0,0.06360257877850405,2,1.0,0.0014285714285714286,1.0,0.0
0.016666666666666666,0.002142857142857143,19.113085377192814,0.5637376056482662,unseen,43001,0726908c6dd4263c52abac6124817b03918cadf384f0da49207ec7beccd0a2e0,scn2_fast_ou_env43001,fast_ou,0.016108010665090912,7.756911938880006,0.2991460085721344,wm_residual_rl,31004.0,0.062240912642236614,2,1.0,0.0009523809523809524,1.0,0.0
0.060476190476190475,0.0030952380952380953,21.21872554787663,0.0,unseen,43002,7dcc37571e4c791aea5d0df1353b85121c6150ee880864c02c96677565055163,scn2_fast_ou_env43002,fast_ou,0.03208849372579765,8.518474498420806,0.4628968935511736,smc,,0.1833191894218765,2,1.0,0.002857142857142857,1.0,0.0
0.01619047619047619,0.0019047619047619048,20.312922932090178,0.9995238095238095,unseen,43002,7dcc37571e4c791aea5d0df1353b85121c6150ee880864c02c96677565055163,scn2_fast_ou_env43002,fast_ou,0.014038700372324754,7.007619578633059,0.31448023102108746,mpc,,0.06754493541530168,2,1.0,0.002380952380952381,1.0,0.0
0.018571428571428572,0.002142857142857143,20.150441253684452,0.5887619047619046,unseen,43002,7dcc37571e4c791aea5d0df1353b85121c6150ee880864c02c96677565055163,scn2_fast_ou_env43002,fast_ou,0.015374035106728192,7.896731401748444,0.295200026555441,constant_alpha,,0.06311930799412455,2,1.0,0.0038095238095238095,1.0,0.0
0.018095238095238095,0.001984126984126984,20.223775829724552,0.9407466177527095,unseen,43002,7dcc37571e4c791aea5d0df1353b85121c6150ee880864c02c96677565055163,scn2_fast_ou_env43002,fast_ou,0.014091179601758406,7.746808452949456,0.2937347950756706,sspo,,0.05875192788355636,2,1.0,0.002380952380952381,1.0,0.0
0.018571428571428572,0.001984126984126984,20.292658344501067,0.9279554446575425,unseen,43002,7dcc37571e4c791aea5d0df1353b85121c6150ee880864c02c96677565055163,scn2_fast_ou_env43002,fast_ou,0.014287828020917513,7.571222280195926,0.2935519229782378,v3_transformer,31000.0,0.05848071468495382,2,1.0,0.0009523809523809524,1.0,0.0
0.018571428571428572,0.001984126984126984,20.421978672761604,0.9267201835792238,unseen,43002,7dcc37571e4c791aea5d0df1353b85121c6150ee880864c02c96677565055163,scn2_fast_ou_env43002,fast_ou,0.01432272086622861,7.3106021531325185,0.29347316347257935,v3_transformer,31001.0,0.05845591911254619,2,1.0,0.0014285714285714286,1.0,0.0
0.018571428571428572,0.001984126984126984,20.314311981088895,0.9276468026046091,unseen,43002,7dcc37571e4c791aea5d0df1353b85121c6150ee880864c02c96677565055163,scn2_fast_ou_env43002,fast_ou,0.014021148381939378,7.5902544050142495,0.29417250154440977,v3_transformer,31002.0,0.05854060104930249,2,1.0,0.0033333333333333335,1.0,0.0
0.018571428571428572,0.001984126984126984,20.307989646581856,0.9305342992562947,unseen,43002,7dcc37571e4c791aea5d0df1353b85121c6150ee880864c02c96677565055163,scn2_fast_ou_env43002,fast_ou,0.013806537206258301,7.549988374829015,0.29345723257010603,v3_transformer,31003.0,0.059071643621686674,2,1.0,0.0019047619047619048,1.0,0.0
0.018571428571428572,0.001984126984126984,20.35321595268077,0.8782255850139369,unseen,43002,7dcc37571e4c791aea5d0df1353b85121c6150ee880864c02c96677565055163,scn2_fast_ou_env43002,fast_ou,0.014596546809791949,7.523268452925942,0.29484185051114786,v3_transformer,31004.0,0.05999127394410239,2,1.0,0.002857142857142857,1.0,0.0
0.018571428571428572,0.0019047619047619048,20.3017042031641,0.9268171325514004,unseen,43002,7dcc37571e4c791aea5d0df1353b85121c6150ee880864c02c96677565055163,scn2_fast_ou_env43002,fast_ou,0.014300407343248344,7.508022105084338,0.2934038695069272,wm_hybrid,31000.0,0.058413250693988096,2,1.0,0.0004761904761904762,1.0,0.047619047619047616
0.018095238095238095,0.001984126984126984,20.422957326473597,0.9244025332950546,unseen,43002,7dcc37571e4c791aea5d0df1353b85121c6150ee880864c02c96677565055163,scn2_fast_ou_env43002,fast_ou,0.014172643938970374,7.289827030333244,0.2933933846532128,wm_hybrid,31001.0,0.05841200798530769,2,1.0,0.0019047619047619048,1.0,0.047619047619047616
0.018571428571428572,0.001984126984126984,20.3212723362163,0.9265877763220078,unseen,43002,7dcc37571e4c791aea5d0df1353b85121c6150ee880864c02c96677565055163,scn2_fast_ou_env43002,fast_ou,0.014065352194379677,7.526850172859669,0.2934339558921149,wm_hybrid,31002.0,0.058427476250476756,2,1.0,0.0019047619047619048,1.0,0.047619047619047616
0.018571428571428572,0.001984126984126984,20.31548085088796,0.9290520841593757,unseen,43002,7dcc37571e4c791aea5d0df1353b85121c6150ee880864c02c96677565055163,scn2_fast_ou_env43002,fast_ou,0.01416865279067165,7.546324298631084,0.2935072180075072,wm_hybrid,31003.0,0.05924809970062462,2,1.0,0.002380952380952381,1.0,0.047619047619047616
0.018571428571428572,0.001984126984126984,20.351045986540527,0.8804870521845435,unseen,43002,7dcc37571e4c791aea5d0df1353b85121c6150ee880864c02c96677565055163,scn2_fast_ou_env43002,fast_ou,0.014490933229036166,7.4549032079451045,0.29362293224319624,wm_hybrid,31004.0,0.05952016059165286,2,1.0,0.0019047619047619048,1.0,0.047619047619047616
0.017619047619047618,0.0019047619047619048,20.07273707856063,0.5524632108420209,unseen,43002,7dcc37571e4c791aea5d0df1353b85121c6150ee880864c02c96677565055163,scn2_fast_ou_env43002,fast_ou,0.01534335266974091,7.7636798160811065,0.2934059216344513,residual_rl,31000.0,0.06271007314159519,2,1.0,0.0009523809523809524,1.0,0.0
0.017619047619047618,0.001984126984126984,20.110027465285377,0.6117023589008511,unseen,43002,7dcc37571e4c791aea5d0df1353b85121c6150ee880864c02c96677565055163,scn2_fast_ou_env43002,fast_ou,0.015732932659062043,7.803068253305766,0.2935051817116422,residual_rl,31001.0,0.061571890003498636,2,1.0,0.0014285714285714286,1.0,0.0
0.017619047619047618,0.0019047619047619048,20.088380113795328,0.5629398579401608,unseen,43002,7dcc37571e4c791aea5d0df1353b85121c6150ee880864c02c96677565055163,scn2_fast_ou_env43002,fast_ou,0.015137175886121032,7.766303818598615,0.2934060909899067,residual_rl,31002.0,0.06251755919341649,2,1.0,0.0009523809523809524,1.0,0.0
0.017619047619047618,0.001984126984126984,20.080809421057474,0.5755447621239916,unseen,43002,7dcc37571e4c791aea5d0df1353b85121c6150ee880864c02c96677565055163,scn2_fast_ou_env43002,fast_ou,0.015502013799012981,7.826827745168646,0.2936151903674685,residual_rl,31003.0,0.0625610037299429,2,1.0,0.0014285714285714286,1.0,0.0
0.017619047619047618,0.0019047619047619048,20.104323420454577,0.510522077288375,unseen,43002,7dcc37571e4c791aea5d0df1353b85121c6150ee880864c02c96677565055163,scn2_fast_ou_env43002,fast_ou,0.016056136733054976,7.750678545226247,0.2934060928815035,residual_rl,31004.0,0.06443407453476027,2,1.0,0.0,1.0,0.0
0.017619047619047618,0.0019047619047619048,20.107825111730822,0.6110601370130129,unseen,43002,7dcc37571e4c791aea5d0df1353b85121c6150ee880864c02c96677565055163,scn2_fast_ou_env43002,fast_ou,0.014476659199891795,7.770876307748641,0.2934061812484719,wm_residual_rl,31000.0,0.06370817089736494,2,1.0,0.002857142857142857,1.0,0.0
0.017619047619047618,0.001984126984126984,20.08887923516741,0.5754835784672993,unseen,43002,7dcc37571e4c791aea5d0df1353b85121c6150ee880864c02c96677565055163,scn2_fast_ou_env43002,fast_ou,0.01586163366168757,7.83481632991379,0.2935053380600155,wm_residual_rl,31001.0,0.06352494947900952,2,1.0,0.0009523809523809524,1.0,0.0
0.017619047619047618,0.001984126984126984,20.070415562618443,0.5093012627578032,unseen,43002,7dcc37571e4c791aea5d0df1353b85121c6150ee880864c02c96677565055163,scn2_fast_ou_env43002,fast_ou,0.015665769705828628,7.839510000125732,0.293615160574989,wm_residual_rl,31002.0,0.06437544034189444,2,1.0,0.0009523809523809524,1.0,0.0
0.017619047619047618,0.0019047619047619048,20.08727353359144,0.5122711141493043,unseen,43002,7dcc37571e4c791aea5d0df1353b85121c6150ee880864c02c96677565055163,scn2_fast_ou_env43002,fast_ou,0.016048728589467737,7.759063469305197,0.29340630718122374,wm_residual_rl,31003.0,0.06328296447379161,2,1.0,0.0009523809523809524,1.0,0.0
0.017619047619047618,0.0019047619047619048,20.111469607869886,0.5962672873096302,unseen,43002,7dcc37571e4c791aea5d0df1353b85121c6150ee880864c02c96677565055163,scn2_fast_ou_env43002,fast_ou,0.01618823506567945,7.753699604305293,0.29340563526360436,wm_residual_rl,31004.0,0.06151288294536082,2,1.0,0.0,1.0,0.0
0.025238095238095237,0.00246031746031746,18.625655661020414,0.0,unseen,43003,94e3cf934ee169c1d2f4287e10f5bb3288a970a515ef84ca4fd6463422bf2364,scn2_fast_ou_env43003,fast_ou,0.033646894922288756,7.556881820184491,0.36081568192958285,smc,,0.16991910443990804,2,1.0,0.011428571428571429,1.0,0.0
0.01619047619047619,0.0017460317460317458,18.644969017616617,0.9966666666666667,unseen,43003,94e3cf934ee169c1d2f4287e10f5bb3288a970a515ef84ca4fd6463422bf2364,scn2_fast_ou_env43003,fast_ou,0.013320327826212595,7.295908552008476,0.29345264143816,mpc,,0.06523134844447691,2,1.0,0.005238095238095238,1.0,0.0
0.015714285714285715,0.0015079365079365076,18.297727990650962,0.5924226190476188,unseen,43003,94e3cf934ee169c1d2f4287e10f5bb3288a970a515ef84ca4fd6463422bf2364,scn2_fast_ou_env43003,fast_ou,0.01475455719451037,7.82490448462639,0.2810538054471428,constant_alpha,,0.06108442165663577,2,1.0,0.0033333333333333335,1.0,0.0
0.017142857142857144,0.0015079365079365076,18.361959979556897,0.9340537776358447,unseen,43003,94e3cf934ee169c1d2f4287e10f5bb3288a970a515ef84ca4fd6463422bf2364,scn2_fast_ou_env43003,fast_ou,0.013980783735509516,7.678754397984856,0.28106972583418477,sspo,,0.05611653102868633,2,1.0,0.0019047619047619048,1.0,0.0
0.017142857142857144,0.0015079365079365076,18.401253162115246,0.9335585608795733,unseen,43003,94e3cf934ee169c1d2f4287e10f5bb3288a970a515ef84ca4fd6463422bf2364,scn2_fast_ou_env43003,fast_ou,0.013472763522621061,7.486090543433043,0.28068270674449347,v3_transformer,31000.0,0.055469816973025554,2,1.0,0.0004761904761904762,1.0,0.0
0.016666666666666666,0.0016666666666666666,18.520508420382296,0.933131850689949,unseen,43003,94e3cf934ee169c1d2f4287e10f5bb3288a970a515ef84ca4fd6463422bf2364,scn2_fast_ou_env43003,fast_ou,0.013770311386585717,7.193054012528953,0.28052340511819784,v3_transformer,31001.0,0.055437861902391965,2,1.0,0.0004761904761904762,1.0,0.0
0.017142857142857144,0.0015079365079365076,18.423460691949014,0.9233414135824854,unseen,43003,94e3cf934ee169c1d2f4287e10f5bb3288a970a515ef84ca4fd6463422bf2364,scn2_fast_ou_env43003,fast_ou,0.013764413871235177,7.45727982414002,0.28083713105871766,v3_transformer,31002.0,0.05504919210868753,2,1.0,0.002380952380952381,1.0,0.0
0.017142857142857144,0.0015079365079365076,18.425696372233922,0.9351415665015687,unseen,43003,94e3cf934ee169c1d2f4287e10f5bb3288a970a515ef84ca4fd6463422bf2364,scn2_fast_ou_env43003,fast_ou,0.013993862304061607,7.48077270800791,0.2809290588122056,v3_transformer,31003.0,0.055634951284472926,2,1.0,0.002857142857142857,1.0,0.0
0.017142857142857144,0.0015079365079365076,18.445438174271004,0.907624197373278,unseen,43003,94e3cf934ee169c1d2f4287e10f5bb3288a970a515ef84ca4fd6463422bf2364,scn2_fast_ou_env43003,fast_ou,0.014211801558206191,7.43275755888999,0.2811082269709267,v3_transformer,31004.0,0.05590863521845167,2,1.0,0.002380952380952381,1.0,0.0
0.016666666666666666,0.0015079365079365076,18.411638182693213,0.93229366621495,unseen,43003,94e3cf934ee169c1d2f4287e10f5bb3288a970a515ef84ca4fd6463422bf2364,scn2_fast_ou_env43003,fast_ou,0.013941830182631149,7.469026048056575,0.28068268120648493,wm_hybrid,31000.0,0.05558393320212873,2,1.0,0.0004761904761904762,1.0,0.049523809523809526
0.017142857142857144,0.0016666666666666666,18.512195037675568,0.9288642398334931,unseen,43003,94e3cf934ee169c1d2f4287e10f5bb3288a970a515ef84ca4fd6463422bf2364,scn2_fast_ou_env43003,fast_ou,0.013321906028438898,7.252413603788037,0.28098012330290545,wm_hybrid,31001.0,0.05552240098938276,2,1.0,0.002380952380952381,1.0,0.049523809523809526
0.017142857142857144,0.0016666666666666668,18.42346143925316,0.9212340214971001,unseen,43003,94e3cf934ee169c1d2f4287e10f5bb3288a970a515ef84ca4fd6463422bf2364,scn2_fast_ou_env43003,fast_ou,0.013770462817183186,7.567401503787628,0.2827855685696988,wm_hybrid,31002.0,0.055741933145861296,2,1.0,0.009523809523809525,1.0,0.049523809523809526
0.017142857142857144,0.0016666666666666668,18.415018564754725,0.9332388901836131,unseen,43003,94e3cf934ee169c1d2f4287e10f5bb3288a970a515ef84ca4fd6463422bf2364,scn2_fast_ou_env43003,fast_ou,0.013332551488528277,7.562781287060983,0.2824180004853453,wm_hybrid,31003.0,0.05602884544820587,2,1.0,0.007619047619047619,1.0,0.049523809523809526
0.016666666666666666,0.0018253968253968253,18.56632392466432,0.9053199207042273,unseen,43003,94e3cf934ee169c1d2f4287e10f5bb3288a970a515ef84ca4fd6463422bf2364,scn2_fast_ou_env43003,fast_ou,0.014128383935611881,7.2374177837342595,0.28219906379321347,wm_hybrid,31004.0,0.05689768616767601,2,1.0,0.012380952380952381,1.0,0.049523809523809526
0.015714285714285715,0.0015079365079365076,18.259799849652367,0.5487761187108716,unseen,43003,94e3cf934ee169c1d2f4287e10f5bb3288a970a515ef84ca4fd6463422bf2364,scn2_fast_ou_env43003,fast_ou,0.015320937285490723,7.811276694549465,0.2810537729944517,residual_rl,31000.0,0.06094978284494713,2,1.0,0.0014285714285714286,1.0,0.0
0.015714285714285715,0.0015079365079365076,18.283116901753907,0.6184106660658838,unseen,43003,94e3cf934ee169c1d2f4287e10f5bb3288a970a515ef84ca4fd6463422bf2364,scn2_fast_ou_env43003,fast_ou,0.01492293123385802,7.794812628939965,0.2810538036337641,residual_rl,31001.0,0.05960079608516966,2,1.0,0.002380952380952381,1.0,0.0
0.015714285714285715,0.0015079365079365076,18.278601254882936,0.5741570452740845,unseen,43003,94e3cf934ee169c1d2f4287e10f5bb3288a970a515ef84ca4fd6463422bf2364,scn2_fast_ou_env43003,fast_ou,0.014157979258060772,7.822877472967061,0.2810538036337641,residual_rl,31002.0,0.06089095654673234,2,1.0,0.002380952380952381,1.0,0.0
0.017619047619047618,0.0017460317460317458,18.27403938827772,0.5646317838057959,unseen,43003,94e3cf934ee169c1d2f4287e10f5bb3288a970a515ef84ca4fd6463422bf2364,scn2_fast_ou_env43003,fast_ou,0.014829995097752494,7.845212635254672,0.2826135455969581,residual_rl,31003.0,0.06083616642793273,2,1.0,0.005714285714285714,1.0,0.0
0.015714285714285715,0.0015079365079365076,18.288312576230187,0.5108003580927284,unseen,43003,94e3cf934ee169c1d2f4287e10f5bb3288a970a515ef84ca4fd6463422bf2364,scn2_fast_ou_env43003,fast_ou,0.015186350948930874,7.814981713047148,0.28105380527258933,residual_rl,31004.0,0.06202677140528631,2,1.0,0.0019047619047619048,1.0,0.0
0.015714285714285715,0.0015079365079365076,18.290768083097454,0.6066582240190038,unseen,43003,94e3cf934ee169c1d2f4287e10f5bb3288a970a515ef84ca4fd6463422bf2364,scn2_fast_ou_env43003,fast_ou,0.014953634654996198,7.835756470198851,0.2810538036337641,wm_residual_rl,31000.0,0.06195229644991338,2,1.0,0.0019047619047619048,1.0,0.0
0.015714285714285715,0.0015079365079365076,18.278821657373353,0.5740242729230667,unseen,43003,94e3cf934ee169c1d2f4287e10f5bb3288a970a515ef84ca4fd6463422bf2364,scn2_fast_ou_env43003,fast_ou,0.015924801313429958,7.844418503855771,0.2810537956546088,wm_residual_rl,31001.0,0.062296209147113646,2,1.0,0.002380952380952381,1.0,0.0
0.015714285714285715,0.0015079365079365076,18.254619796302826,0.5135696249462688,unseen,43003,94e3cf934ee169c1d2f4287e10f5bb3288a970a515ef84ca4fd6463422bf2364,scn2_fast_ou_env43003,fast_ou,0.015316858615930412,7.8340295967196045,0.2810538036337641,wm_residual_rl,31002.0,0.062400111459222245,2,1.0,0.0014285714285714286,1.0,0.0
0.015714285714285715,0.0015079365079365076,18.28850683221418,0.5153461946472562,unseen,43003,94e3cf934ee169c1d2f4287e10f5bb3288a970a515ef84ca4fd6463422bf2364,scn2_fast_ou_env43003,fast_ou,0.015267380556908475,7.788195746268218,0.28094457632291897,wm_residual_rl,31003.0,0.06077507903720208,2,1.0,0.0014285714285714286,1.0,0.0
0.015714285714285715,0.0015079365079365076,18.300923229038066,0.5940989476081885,unseen,43003,94e3cf934ee169c1d2f4287e10f5bb3288a970a515ef84ca4fd6463422bf2364,scn2_fast_ou_env43003,fast_ou,0.01587634579601444,7.782541096203443,0.28094457632291897,wm_residual_rl,31004.0,0.05936369846084204,2,1.0,0.0009523809523809524,1.0,0.0
0.030952380952380953,0.0024603174603174604,19.130398057901676,0.0,unseen,43004,56cccdde2c1ae971afce638496c155723f2c504ae4e86b4fee552f771e1325d5,scn2_fast_ou_env43004,fast_ou,0.027140807064956692,7.508371952769379,0.3510549362607729,smc,,0.16459922378678374,2,1.0,0.0014285714285714286,1.0,0.0
0.011904761904761904,7.936507936507937e-05,18.834337184509042,1.0,unseen,43004,56cccdde2c1ae971afce638496c155723f2c504ae4e86b4fee552f771e1325d5,scn2_fast_ou_env43004,fast_ou,0.013626997147584127,6.87865552635809,0.2616655137907746,mpc,,0.05984422829901169,2,1.0,0.0,1.0,0.0
0.011904761904761904,0.001984126984126984,18.739677770525,0.5932797619047617,unseen,43004,56cccdde2c1ae971afce638496c155723f2c504ae4e86b4fee552f771e1325d5,scn2_fast_ou_env43004,fast_ou,0.014638054446875904,7.649969825012185,0.2387631467948232,constant_alpha,,0.05372144616653719,2,1.0,0.0009523809523809524,1.0,0.0
0.011904761904761904,0.0020634920634920633,18.813134690007285,0.9465606594608854,unseen,43004,56cccdde2c1ae971afce638496c155723f2c504ae4e86b4fee552f771e1325d5,scn2_fast_ou_env43004,fast_ou,0.013403339810364198,7.59456851188843,0.239191792059076,sspo,,0.04820476329711218,2,1.0,0.0014285714285714286,1.0,0.0
0.011904761904761904,0.001984126984126984,18.865972445274355,0.93914855332672,unseen,43004,56cccdde2c1ae971afce638496c155723f2c504ae4e86b4fee552f771e1325d5,scn2_fast_ou_env43004,fast_ou,0.013883277689877974,7.461017559542499,0.2392238105577948,v3_transformer,31000.0,0.04805316341284342,2,1.0,0.0004761904761904762,1.0,0.0
0.011904761904761904,0.0020634920634920633,18.88774327024963,0.9391005415670121,unseen,43004,56cccdde2c1ae971afce638496c155723f2c504ae4e86b4fee552f771e1325d5,scn2_fast_ou_env43004,fast_ou,0.0136792494695802,7.429861386104001,0.2392999095265973,v3_transformer,31001.0,0.04807646008104785,2,1.0,0.0004761904761904762,1.0,0.0
0.011904761904761904,0.002380952380952381,19.231175871195635,0.9208398170337072,unseen,43004,56cccdde2c1ae971afce638496c155723f2c504ae4e86b4fee552f771e1325d5,scn2_fast_ou_env43004,fast_ou,0.013622999351962813,6.810157746339025,0.2391127263985159,v3_transformer,31002.0,0.052580382526030575,2,1.0,0.010476190476190476,1.0,0.0
0.011904761904761904,0.0020634920634920633,18.86347587429989,0.9404752948564616,unseen,43004,56cccdde2c1ae971afce638496c155723f2c504ae4e86b4fee552f771e1325d5,scn2_fast_ou_env43004,fast_ou,0.013563067246069326,7.515056012865173,0.23954257620178,v3_transformer,31003.0,0.04854333375024469,2,1.0,0.0009523809523809524,1.0,0.0
0.011904761904761904,0.0020634920634920633,18.885986158711013,0.8935442443876948,unseen,43004,56cccdde2c1ae971afce638496c155723f2c504ae4e86b4fee552f771e1325d5,scn2_fast_ou_env43004,fast_ou,0.014021079437432821,7.5160806253182235,0.240273836640151,v3_transformer,31004.0,0.04914408081011739,2,1.0,0.002857142857142857,1.0,0.0
0.011904761904761904,0.0020634920634920633,18.86951950729018,0.937662965387089,unseen,43004,56cccdde2c1ae971afce638496c155723f2c504ae4e86b4fee552f771e1325d5,scn2_fast_ou_env43004,fast_ou,0.013771033175511064,7.494113806850114,0.23968357596379244,wm_hybrid,31000.0,0.04819726869507673,2,1.0,0.0014285714285714286,1.0,0.049523809523809526
0.011904761904761904,0.0020634920634920633,18.895929518874564,0.9369287821750101,unseen,43004,56cccdde2c1ae971afce638496c155723f2c504ae4e86b4fee552f771e1325d5,scn2_fast_ou_env43004,fast_ou,0.013572157476157337,7.412726107459377,0.23943141823761846,wm_hybrid,31001.0,0.04810104580840387,2,1.0,0.0019047619047619048,1.0,0.049523809523809526
0.011904761904761904,0.001984126984126984,18.86695608635968,0.9336182478724147,unseen,43004,56cccdde2c1ae971afce638496c155723f2c504ae4e86b4fee552f771e1325d5,scn2_fast_ou_env43004,fast_ou,0.013629412681101589,7.445724195267317,0.23919902648947408,wm_hybrid,31002.0,0.047863408430787506,2,1.0,0.002857142857142857,1.0,0.049523809523809526
0.011904761904761904,0.002222222222222222,19.24297506274319,0.9277061931709819,unseen,43004,56cccdde2c1ae971afce638496c155723f2c504ae4e86b4fee552f771e1325d5,scn2_fast_ou_env43004,fast_ou,0.013627982550374588,6.783002025894411,0.23960945129955377,wm_hybrid,31003.0,0.052825738764037525,2,1.0,0.011428571428571429,1.0,0.048095238095238094
0.011904761904761904,0.001984126984126984,18.89092560563643,0.8951715717874102,unseen,43004,56cccdde2c1ae971afce638496c155723f2c504ae4e86b4fee552f771e1325d5,scn2_fast_ou_env43004,fast_ou,0.014130599603946638,7.4788109787958,0.2399714110561551,wm_hybrid,31004.0,0.049025362464941845,2,1.0,0.002380952380952381,1.0,0.049523809523809526
0.011904761904761904,0.001984126984126984,18.722730774272165,0.5510998461674183,unseen,43004,56cccdde2c1ae971afce638496c155723f2c504ae4e86b4fee552f771e1325d5,scn2_fast_ou_env43004,fast_ou,0.014463017335481127,7.635072846166673,0.23877044270050382,residual_rl,31000.0,0.05283981717834718,2,1.0,0.0004761904761904762,1.0,0.0
0.011904761904761904,0.0020634920634920633,18.748101064562718,0.6176769715616077,unseen,43004,56cccdde2c1ae971afce638496c155723f2c504ae4e86b4fee552f771e1325d5,scn2_fast_ou_env43004,fast_ou,0.014769437750975743,7.664092546806408,0.23914103755861207,residual_rl,31001.0,0.051947033201593815,2,1.0,0.0009523809523809524,1.0,0.0
0.011904761904761904,0.001984126984126984,18.731315431907213,0.5757564943794958,unseen,43004,56cccdde2c1ae971afce638496c155723f2c504ae4e86b4fee552f771e1325d5,scn2_fast_ou_env43004,fast_ou,0.014201090539469965,7.644941829113572,0.23877037702589096,residual_rl,31002.0,0.05283234973375223,2,1.0,0.0,1.0,0.0
0.012380952380952381,0.001984126984126984,18.726153693457935,0.5664220882790857,unseen,43004,56cccdde2c1ae971afce638496c155723f2c504ae4e86b4fee552f771e1325d5,scn2_fast_ou_env43004,fast_ou,0.01493003266204771,7.688407645590563,0.2394946994124371,residual_rl,31003.0,0.05311685445326346,2,1.0,0.002857142857142857,1.0,0.0
0.011904761904761904,0.0020634920634920633,18.73700145191092,0.5096093190217393,unseen,43004,56cccdde2c1ae971afce638496c155723f2c504ae4e86b4fee552f771e1325d5,scn2_fast_ou_env43004,fast_ou,0.015269316375809526,7.6776679645785455,0.23914696624417311,residual_rl,31004.0,0.05486574082971219,2,1.0,0.002857142857142857,1.0,0.0
0.012380952380952381,0.001984126984126984,18.72869297128321,0.599363058961847,unseen,43004,56cccdde2c1ae971afce638496c155723f2c504ae4e86b4fee552f771e1325d5,scn2_fast_ou_env43004,fast_ou,0.014547755981376753,7.715879017323125,0.2394946994124371,wm_residual_rl,31000.0,0.05434679421727817,2,1.0,0.0019047619047619048,1.0,0.0
0.011904761904761904,0.001984126984126984,18.713982218079472,0.5738171022530106,unseen,43004,56cccdde2c1ae971afce638496c155723f2c504ae4e86b4fee552f771e1325d5,scn2_fast_ou_env43004,fast_ou,0.0154692205629326,7.6715484765054365,0.23878265841734558,wm_residual_rl,31001.0,0.054924438981792015,2,1.0,0.0014285714285714286,1.0,0.0
0.011904761904761904,0.001984126984126984,18.71274844250914,0.5168132229858834,unseen,43004,56cccdde2c1ae971afce638496c155723f2c504ae4e86b4fee552f771e1325d5,scn2_fast_ou_env43004,fast_ou,0.01432073479652324,7.652695633090658,0.23877036101676333,wm_residual_rl,31002.0,0.05454129030335018,2,1.0,0.0004761904761904762,1.0,0.0
0.011904761904761904,0.001984126984126984,18.728648900098385,0.5124886655845924,unseen,43004,56cccdde2c1ae971afce638496c155723f2c504ae4e86b4fee552f771e1325d5,scn2_fast_ou_env43004,fast_ou,0.015320609683926371,7.635106597799956,0.23877036101676333,wm_residual_rl,31003.0,0.05316543786320556,2,1.0,0.0004761904761904762,1.0,0.0
0.011904761904761904,0.001984126984126984,18.74652192676083,0.5842825965367797,unseen,43004,56cccdde2c1ae971afce638496c155723f2c504ae4e86b4fee552f771e1325d5,scn2_fast_ou_env43004,fast_ou,0.015338648939120887,7.629666528999814,0.23877036101676333,wm_residual_rl,31004.0,0.051930232115553435,2,0.9980952380952381,0.0,1.0,0.0
