method,model_seed,scenario_id,environment_seed,episode_uid,episode_fingerprint,steps,dt,rmse_3d,heading_rmse_deg,applied_control_cost,action_saturation_step_fraction,solver_fallback_step_fraction,solver_deadline_miss_step_fraction,actuator_rate_limit_episode_mean,final_error,max_error,success_1m,success_0.5m,success_1.0m,success_2.0m,mean_error,rmse,iae,steady_state_error,steady_state_rmse,energy,mean_thrust,control_tv,heading_max_deg,z_rmse,z_max_abs_error,base_controller,start_time,trajectory3d,current_amplitude_scale,current_frequency_scale,initial_position_std,initial_velocity_std,vertical_current,vehicle_profile,action_mode,thruster_layout,aligned_metrics,actuator_rate_limited_fraction_mean,action_peak_abs,action_saturation_fraction,action_tv_mean,action_jerk_mean,actuator_amplitude_clipped_fraction_mean,post_startup_rmse,tail_rmse,disturbance_window_rmse,disturbance_recovery_time_s,scenario,primary_controller,authority_controller,authority_until,blend_duration,blend_curve,authority_active_fraction,authority_alpha_mean,authority_alpha_std,authority_forced_primary,authority_forced_primary_fraction,alpha_raw_mean,alpha_uncertainty_std,policy_architecture,history_len,alpha_delta_mean,alpha_delta_max,alpha_jerk_mean
real10kg_smc_steady,,1,41000,scn1_env41000,e5c4f072e4d9c9dadad755ba6e065444af2cfd2100496b9bd6fd7eb026b1158a,2100,0.01,0.14858491745202557,7.388665690408146,28.960138537384914,0.11619047619047619,0.0,0.0,0.0016666666666666668,0.039268308513555644,0.32880023552894444,1.0,1.0,1.0,1.0,0.134600343770834,0.14858491745202557,2.826607219187514,0.11691157580236641,0.125981062821264,28.960138537384914,1.3790542160659482,0.0585443502200731,44.99961196989935,0.02008021785693074,0.06150109295254835,real10kg_smc_steady,0.0,True,2.5,1.0,0.03,0.01,0.75,real_10kg_v1,thruster,real_10kg_x,True,0.0016666666666666668,1.0,0.03841269841269841,0.0585443502200731,0.09715758126208247,0.0,0.12625455443179784,0.125981062821264,,,constant,,,,,,,,,,,,,,,,,
real10kg_mpc_ltv_v3,,1,41000,scn1_env41000,e5c4f072e4d9c9dadad755ba6e065444af2cfd2100496b9bd6fd7eb026b1158a,2100,0.01,0.05766219737200176,7.005744504154246,30.082289837900827,0.12761904761904763,0.0,0.006190476190476191,0.00031746031746031746,0.01302482118511556,0.21284654755895668,1.0,1.0,1.0,1.0,0.033079745495854185,0.05766219737200176,0.6946746554129379,0.011376525742481595,0.01160335009243752,30.082289837900827,1.4324899922809917,0.027025877723316053,44.9916320136247,0.011676379216551434,0.030415995044496325,real10kg_mpc_ltv_v3,0.0,True,2.5,1.0,0.03,0.01,0.75,real_10kg_v1,thruster,real_10kg_x,True,0.00031746031746031746,1.0,0.042777777777777776,0.027025877723316053,0.033776273808806434,0.0,0.029262910183984473,0.01160335009243752,,,constant,,,,,,,,,,,,,,,,,
predictive_alpha,31000.0,1,41000,scn1_env41000,e5c4f072e4d9c9dadad755ba6e065444af2cfd2100496b9bd6fd7eb026b1158a,2100,0.01,0.051217163508626234,7.351718739944149,29.907518614577253,0.12523809523809523,0.0,0.20095238095238097,0.0016666666666666668,0.013007683583992251,0.22073152598475518,1.0,1.0,1.0,1.0,0.02990258047201543,0.051217163508626234,0.6279541899123241,0.01125632458974412,0.011488391520706088,29.907518614577253,1.4241675530751072,0.029983893752960192,44.99961196989935,0.013517747490019067,0.0352547615675613,,0.0,True,2.5,1.0,0.03,0.01,0.75,real_10kg_v1,thruster,real_10kg_x,True,0.0016666666666666668,1.0,0.04134920634920635,0.029983893752960192,0.04414341668663531,0.0,0.0308998886793549,0.011488391520706088,,,constant,real10kg_smc_steady,real10kg_mpc_ltv_v3,-1.0,-1.0,predictive_alpha,1.0,0.8360684226397567,0.30516111268219803,False,0.0,0.8176866723165759,0.0,transformer,16.0,0.003051732403025179,0.012500000000000011,0.0007897565993411797
predictive_alpha,31001.0,1,41000,scn1_env41000,e5c4f072e4d9c9dadad755ba6e065444af2cfd2100496b9bd6fd7eb026b1158a,2100,0.01,0.05055382617749911,7.360565698934777,29.90569970489384,0.12380952380952381,0.0,0.20333333333333334,0.0016666666666666668,0.013317609474697867,0.21766675048803685,1.0,1.0,1.0,1.0,0.029884253993401073,0.05055382617749911,0.6275693338614226,0.011762206936773186,0.0119813656180678,29.90569970489384,1.4240809383282782,0.028078599964347528,44.99961196989935,0.01345242960440008,0.03063553186918755,,0.0,True,2.5,1.0,0.03,0.01,0.75,real_10kg_v1,thruster,real_10kg_x,True,0.0016666666666666668,1.0,0.04111111111111111,0.028078599964347528,0.040425553320026425,0.0,0.030919703732976065,0.0119813656180678,,,constant,real10kg_smc_steady,real10kg_mpc_ltv_v3,-1.0,-1.0,predictive_alpha,1.0,0.8455547134931953,0.29231552184653736,False,0.0,0.8295494672248052,0.0,transformer,16.0,0.002955588497586172,0.012500000000000011,0.000790393588214625
predictive_alpha,31002.0,1,41000,scn1_env41000,e5c4f072e4d9c9dadad755ba6e065444af2cfd2100496b9bd6fd7eb026b1158a,2100,0.01,0.05027669906110178,7.3657381484885525,29.904854290383177,0.12428571428571429,0.0,0.1957142857142857,0.0016666666666666668,0.013483889282364693,0.21707660202553689,1.0,1.0,1.0,1.0,0.02995131690073314,0.05027669906110178,0.6289776549153959,0.012028471823744565,0.012244736155030906,29.904854290383177,1.424040680494437,0.027489110985213262,44.99961196989935,0.013721970303631172,0.03143997270510229,,0.0,True,2.5,1.0,0.03,0.01,0.75,real_10kg_v1,thruster,real_10kg_x,True,0.0016666666666666668,1.0,0.04119047619047619,0.027489110985213262,0.039151779503153274,0.0,0.03125182740397096,0.012244736155030906,,,constant,real10kg_smc_steady,real10kg_mpc_ltv_v3,-1.0,-1.0,predictive_alpha,1.0,0.8391088108359965,0.2988613206013616,False,0.0,0.8261081336749097,0.0,transformer,16.0,0.0030583841920851598,0.012500000000000011,0.0008627102547557228
predictive_alpha,31003.0,1,41000,scn1_env41000,e5c4f072e4d9c9dadad755ba6e065444af2cfd2100496b9bd6fd7eb026b1158a,2100,0.01,0.050580575384367825,7.406691014629763,29.901107922894305,0.12523809523809523,0.0,0.1823809523809524,0.0016666666666666668,0.013326146540252841,0.2174380578529665,1.0,1.0,1.0,1.0,0.030159466976745822,0.050580575384367825,0.6333488065116624,0.011781535920422389,0.012001291982326535,29.901107922894305,1.423862282042586,0.027814496787599004,44.99961196989935,0.013187178359010888,0.030296815952739142,,0.0,True,2.5,1.0,0.03,0.01,0.75,real_10kg_v1,thruster,real_10kg_x,True,0.0016666666666666668,1.0,0.04134920634920635,0.027814496787599004,0.039874484593825206,0.0,0.03107373119161004,0.012001291982326535,,,constant,real10kg_smc_steady,real10kg_mpc_ltv_v3,-1.0,-1.0,predictive_alpha,1.0,0.8550032713859582,0.28439461147529854,False,0.0,0.8332747262028889,0.0,transformer,16.0,0.002821927176552747,0.012500000000000011,0.0007412664664315688
predictive_alpha,31004.0,1,41000,scn1_env41000,e5c4f072e4d9c9dadad755ba6e065444af2cfd2100496b9bd6fd7eb026b1158a,2100,0.01,0.05050066435231303,7.376155552899648,29.9161509737918,0.12476190476190477,0.0,0.17333333333333334,0.0016666666666666668,0.013430191116232096,0.21827500597526264,1.0,1.0,1.0,1.0,0.02979399568119463,0.05050066435231303,0.6256739093050873,0.011946795632499297,0.012163938847926154,29.9161509737918,1.4245786177996096,0.027685311138600212,44.99961196989935,0.01353154055235721,0.03028562209846929,,0.0,True,2.5,1.0,0.03,0.01,0.75,real_10kg_v1,thruster,real_10kg_x,True,0.0016666666666666668,1.0,0.04134920634920635,0.027685311138600212,0.039197305174969554,0.0,0.031324521359298356,0.012163938847926154,,,constant,real10kg_smc_steady,real10kg_mpc_ltv_v3,-1.0,-1.0,predictive_alpha,1.0,0.8458069884794597,0.29602963279372124,False,0.0,0.8310195741086223,0.0,transformer,16.0,0.002885362466139214,0.012500000000000011,0.0006977693175892306
real10kg_smc_steady,,1,41001,scn1_env41001,3e708b3cb90b0a92e69335f2975a5a005d0822c2835eaf85c12c19176eebb09d,2100,0.01,0.1540513355507489,7.478393107019465,29.212217986841743,0.1180952380952381,0.0,0.0,0.001984126984126984,0.03885460356253017,0.3577099090804351,1.0,1.0,1.0,1.0,0.13785228643003178,0.1540513355507489,2.894898015030668,0.11714994227937713,0.12615661635298758,29.212217986841743,1.3910579993734162,0.057511656236874535,44.99961413494211,0.020647487193553835,0.06877929650929104,real10kg_smc_steady,0.0,True,2.5,1.0,0.03,0.01,0.75,real_10kg_v1,thruster,real_10kg_x,True,0.001984126984126984,1.0,0.03896825396825397,0.057511656236874535,0.09446235735767984,0.0,0.12591942608759837,0.12615661635298758,,,constant,,,,,,,,,,,,,,,,,
real10kg_mpc_ltv_v3,,1,41001,scn1_env41001,3e708b3cb90b0a92e69335f2975a5a005d0822c2835eaf85c12c19176eebb09d,2100,0.01,0.06415376423381645,6.904235677528562,30.163343059211474,0.12904761904761905,0.0,0.006666666666666667,0.0002380952380952381,0.013904650389230899,0.2511098630569907,1.0,1.0,1.0,1.0,0.03561347019862652,0.06415376423381645,0.747882874171157,0.01269891281676069,0.012892229824600391,30.163343059211474,1.4363496694862607,0.02253731750574456,44.99144153461318,0.01262146804114074,0.031978556683535636,real10kg_mpc_ltv_v3,0.0,True,2.5,1.0,0.03,0.01,0.75,real_10kg_v1,thruster,real_10kg_x,True,0.0002380952380952381,1.0,0.04341269841269841,0.02253731750574456,0.024855952573133375,0.0,0.029275833587640805,0.012892229824600391,,,constant,,,,,,,,,,,,,,,,,
predictive_alpha,31000.0,1,41001,scn1_env41001,3e708b3cb90b0a92e69335f2975a5a005d0822c2835eaf85c12c19176eebb09d,2100,0.01,0.0606223533789848,7.3351979582441125,30.0333396703172,0.12714285714285714,0.0,0.18,0.0018253968253968253,0.013608769866677726,0.27929079641095345,1.0,1.0,1.0,1.0,0.03303839148614673,0.0606223533789848,0.6938062212090813,0.012248149540066321,0.012442340059846822,30.0333396703172,1.4301590319198667,0.026761394039673765,44.99961413494211,0.014515768627797545,0.0411964999228408,,0.0,True,2.5,1.0,0.03,0.01,0.75,real_10kg_v1,thruster,real_10kg_x,True,0.0018253968253968253,1.0,0.04214285714285714,0.026761394039673765,0.03670033505094427,0.0,0.030913368389208475,0.012442340059846822,,,constant,real10kg_smc_steady,real10kg_mpc_ltv_v3,-1.0,-1.0,predictive_alpha,1.0,0.8298813707496159,0.3141875863441835,False,0.0,0.8110278150280715,0.0,transformer,16.0,0.0030875619025314527,0.012500000000000011,0.0007367791903472342
predictive_alpha,31001.0,1,41001,scn1_env41001,3e708b3cb90b0a92e69335f2975a5a005d0822c2835eaf85c12c19176eebb09d,2100,0.01,0.06044245559143541,7.305562049937716,30.03750688239912,0.1261904761904762,0.0,0.17666666666666667,0.0018253968253968253,0.013370180454200648,0.2771979351398523,1.0,1.0,1.0,1.0,0.03290269525637339,0.06044245559143541,0.6909566003838412,0.011917278393299825,0.012114242594360735,30.03750688239912,1.4303574705904343,0.02785597542591658,44.99961413494211,0.01421903304217685,0.039880298607902265,,0.0,True,2.5,1.0,0.03,0.01,0.75,real_10kg_v1,thruster,real_10kg_x,True,0.0018253968253968253,1.0,0.0419047619047619,0.02785597542591658,0.03870381255202605,0.0,0.03088240576774363,0.012114242594360735,,,constant,real10kg_smc_steady,real10kg_mpc_ltv_v3,-1.0,-1.0,predictive_alpha,1.0,0.8295802155552481,0.3080409129776186,False,0.0,0.8150806771054686,0.0,transformer,16.0,0.002936407761087542,0.012500000000000011,0.0007974675918700325
predictive_alpha,31002.0,1,41001,scn1_env41001,3e708b3cb90b0a92e69335f2975a5a005d0822c2835eaf85c12c19176eebb09d,2100,0.01,0.05908726012931691,7.366747285426763,30.029300072790512,0.12666666666666668,0.0,0.17333333333333334,0.0018253968253968253,0.013335513687445023,0.2764265684080598,1.0,1.0,1.0,1.0,0.03247884392680141,0.05908726012931691,0.6820557224628295,0.011866422425112346,0.012064699974322938,30.029300072790512,1.4299666701328815,0.028049651581191812,44.99961413494211,0.013815726581884406,0.033765997109157786,,0.0,True,2.5,1.0,0.03,0.01,0.75,real_10kg_v1,thruster,real_10kg_x,True,0.0018253968253968253,1.0,0.04206349206349207,0.028049651581191812,0.03896066391560087,0.0,0.03103407930847624,0.012064699974322938,,,constant,real10kg_smc_steady,real10kg_mpc_ltv_v3,-1.0,-1.0,predictive_alpha,1.0,0.8359407737404629,0.3013996490048054,False,0.0,0.8237278090754435,0.0,transformer,16.0,0.0030335412308518787,0.012500000000000011,0.000833151262948707
predictive_alpha,31003.0,1,41001,scn1_env41001,3e708b3cb90b0a92e69335f2975a5a005d0822c2835eaf85c12c19176eebb09d,2100,0.01,0.05957150225993422,7.4094283746048895,30.02306537289399,0.12666666666666668,0.0,0.18523809523809523,0.0018253968253968253,0.013511417560474972,0.276759716328856,1.0,1.0,1.0,1.0,0.032929915125354,0.05957150225993422,0.6915282176324341,0.01212520220480282,0.012320072644581957,30.02306537289399,1.4296697796616185,0.02674303032571262,44.99961413494211,0.013499049915499405,0.03249784647021743,,0.0,True,2.5,1.0,0.03,0.01,0.75,real_10kg_v1,thruster,real_10kg_x,True,0.0018253968253968253,1.0,0.04206349206349207,0.02674303032571262,0.036487311353918306,0.0,0.030988934307600993,0.012320072644581957,,,constant,real10kg_smc_steady,real10kg_mpc_ltv_v3,-1.0,-1.0,predictive_alpha,1.0,0.8524659011655876,0.28680593539410615,False,0.0,0.8307033812117186,0.0,transformer,16.0,0.0028218809887847847,0.012500000000000011,0.0007125411200444878
predictive_alpha,31004.0,1,41001,scn1_env41001,3e708b3cb90b0a92e69335f2975a5a005d0822c2835eaf85c12c19176eebb09d,2100,0.01,0.06004228053757212,7.37363434743307,30.034035857800692,0.12714285714285714,0.0,0.18714285714285714,0.0018253968253968253,0.013431769716154954,0.2777577668696827,1.0,1.0,1.0,1.0,0.03274300186050834,0.06004228053757212,0.6876030390706751,0.011999097546511404,0.012195594887165888,30.034035857800692,1.4301921837047948,0.02735276846493573,44.99961413494211,0.013743194542299463,0.03249784647021743,,0.0,True,2.5,1.0,0.03,0.01,0.75,real_10kg_v1,thruster,real_10kg_x,True,0.0018253968253968253,1.0,0.04214285714285714,0.02735276846493573,0.037478282833660836,0.0,0.031097667445176946,0.012195594887165888,,,constant,real10kg_smc_steady,real10kg_mpc_ltv_v3,-1.0,-1.0,predictive_alpha,1.0,0.8430638267770074,0.2984533057718352,False,0.0,0.8271411069569045,0.0,transformer,16.0,0.002903590836717671,0.012500000000000011,0.0006973128497925877
real10kg_smc_steady,,1,41002,scn1_env41002,5d24bdc9ed8b873105a40817b8b3368d1a37f001db9be0de5fd1af5db8d2cd72,2100,0.01,0.1511347297173478,7.467730741311241,29.219456843193,0.11714285714285715,0.0,0.0,0.002142857142857143,0.03945314035088128,0.33775909867811255,1.0,1.0,1.0,1.0,0.13628016581486968,0.1511347297173478,2.8618834821122636,0.1171557291800228,0.12618686289883216,29.219456843193,1.3914027068187145,0.05723065192703602,44.99961417204332,0.02003928195217709,0.06070602322545493,real10kg_smc_steady,0.0,True,2.5,1.0,0.03,0.01,0.75,real_10kg_v1,thruster,real_10kg_x,True,0.002142857142857143,1.0,0.03857142857142857,0.05723065192703602,0.09353174563549738,0.0,0.12647274498755012,0.12618686289883216,,,constant,,,,,,,,,,,,,,,,,
real10kg_mpc_ltv_v3,,1,41002,scn1_env41002,5d24bdc9ed8b873105a40817b8b3368d1a37f001db9be0de5fd1af5db8d2cd72,2100,0.01,0.06478134860991855,6.806687937581136,30.109290614864758,0.12857142857142856,0.0,0.005238095238095238,0.00015873015873015873,0.01381365698290949,0.2578872331361679,1.0,1.0,1.0,1.0,0.03553853397507351,0.06478134860991855,0.7463092134765438,0.012629377415919667,0.01283514473109085,30.109290614864758,1.4337757435649885,0.023119600339274553,44.990525429892415,0.012504661975521268,0.032359513977909926,real10kg_mpc_ltv_v3,0.0,True,2.5,1.0,0.03,0.01,0.75,real_10kg_v1,thruster,real_10kg_x,True,0.00015873015873015873,1.0,0.04293650793650794,0.023119600339274553,0.026153605095159193,0.0,0.029300641758919152,0.01283514473109085,,,constant,,,,,,,,,,,,,,,,,
predictive_alpha,31000.0,1,41002,scn1_env41002,5d24bdc9ed8b873105a40817b8b3368d1a37f001db9be0de5fd1af5db8d2cd72,2100,0.01,0.05668676969450909,7.302471558092547,30.0486258982145,0.12428571428571429,0.0,0.21523809523809523,0.002142857142857143,0.013914791053913845,0.24979636031084465,1.0,1.0,1.0,1.0,0.032156222612074466,0.05668676969450909,0.6752806748535638,0.012625550132272375,0.012832199447915244,30.0486258982145,1.4308869475340238,0.026237661456019325,44.99961417204332,0.013759287240328127,0.031537787258706956,,0.0,True,2.5,1.0,0.03,0.01,0.75,real_10kg_v1,thruster,real_10kg_x,True,0.002142857142857143,1.0,0.04126984126984127,0.026237661456019325,0.03568245424878242,0.0,0.03120592033780251,0.012832199447915244,,,constant,real10kg_smc_steady,real10kg_mpc_ltv_v3,-1.0,-1.0,predictive_alpha,1.0,0.8373908055100646,0.30394790111108755,False,0.0,0.8141268035506697,0.0,transformer,16.0,0.0029962432165369945,0.012500000000000011,0.0006716536006728604
predictive_alpha,31001.0,1,41002,scn1_env41002,5d24bdc9ed8b873105a40817b8b3368d1a37f001db9be0de5fd1af5db8d2cd72,2100,0.01,0.056428035012051826,7.280717500387783,30.051588688030208,0.12380952380952381,0.0,0.20285714285714285,0.002142857142857143,0.013906684586573027,0.24830624462482462,1.0,1.0,1.0,1.0,0.03200613863904332,0.056428035012051826,0.6721289114199098,0.01262314230749518,0.01282925426285113,30.051588688030208,1.4310280327633431,0.025962297570955698,44.99961417204332,0.013540997280417917,0.032218392480607566,,0.0,True,2.5,1.0,0.03,0.01,0.75,real_10kg_v1,thruster,real_10kg_x,True,0.002142857142857143,1.0,0.04111111111111111,0.025962297570955698,0.03525350892964539,0.0,0.03106241274761838,0.01282925426285113,,,constant,real10kg_smc_steady,real10kg_mpc_ltv_v3,-1.0,-1.0,predictive_alpha,1.0,0.8468729477597681,0.2938442259089424,False,0.0,0.8240115449746095,0.0,transformer,16.0,0.002791999121251398,0.012500000000000011,0.0007043535658704173
predictive_alpha,31002.0,1,41002,scn1_env41002,5d24bdc9ed8b873105a40817b8b3368d1a37f001db9be0de5fd1af5db8d2cd72,2100,0.01,0.0568086722433967,7.267805235383073,30.04905556428713,0.12428571428571429,0.0,0.2,0.002142857142857143,0.013896657743475569,0.24964410596887915,1.0,1.0,1.0,1.0,0.03221805100856669,0.0568086722433967,0.6765790711799003,0.012624104468973751,0.012830584185717142,30.04905556428713,1.4309074078231965,0.02627687763421311,44.99961417204332,0.01385465276228463,0.032373700376149256,,0.0,True,2.5,1.0,0.03,0.01,0.75,real_10kg_v1,thruster,real_10kg_x,True,0.002142857142857143,1.0,0.04126984126984127,0.02627687763421311,0.03593774506485645,0.0,0.03132384610363409,0.012830584185717142,,,constant,real10kg_smc_steady,real10kg_mpc_ltv_v3,-1.0,-1.0,predictive_alpha,1.0,0.8326544563890935,0.3077836151930983,False,0.0,0.8154711176885203,0.0,transformer,16.0,0.0029400920558575053,0.012500000000000011,0.000792111469238161
predictive_alpha,31003.0,1,41002,scn1_env41002,5d24bdc9ed8b873105a40817b8b3368d1a37f001db9be0de5fd1af5db8d2cd72,2100,0.01,0.05687509973170926,7.32226688090063,30.045145668227175,0.12428571428571429,0.0,0.21666666666666667,0.002142857142857143,0.013898544668634008,0.24922403500380555,1.0,1.0,1.0,1.0,0.032469868837791245,0.05687509973170926,0.6818672455936161,0.012624511346125538,0.012830830713731282,30.045145668227175,1.430721222296532,0.02585433112050166,44.99961417204332,0.01337733633637504,0.032202544023580526,,0.0,True,2.5,1.0,0.03,0.01,0.75,real_10kg_v1,thruster,real_10kg_x,True,0.002142857142857143,1.0,0.04126984126984127,0.02585433112050166,0.03502030948683748,0.0,0.031201133036736044,0.012830830713731282,,,constant,real10kg_smc_steady,real10kg_mpc_ltv_v3,-1.0,-1.0,predictive_alpha,1.0,0.8537064236782367,0.28915194416967344,False,0.0,0.8277049918446158,0.0,transformer,16.0,0.0027816411928223332,0.012500000000000011,0.0006602246998011332
predictive_alpha,31004.0,1,41002,scn1_env41002,5d24bdc9ed8b873105a40817b8b3368d1a37f001db9be0de5fd1af5db8d2cd72,2100,0.01,0.05693486071374009,7.289083559322294,30.058241281131842,0.12428571428571429,0.0,0.1980952380952381,0.002142857142857143,0.013910525688367448,0.25038123137019963,1.0,1.0,1.0,1.0,0.03212364599613296,0.05693486071374009,0.6745965659187921,0.012625488360693502,0.012832148567795167,30.058241281131842,1.4313448229110401,0.0262142514186943,44.99961417204332,0.013713544716904037,0.031162733131136572,,0.0,True,2.5,1.0,0.03,0.01,0.75,real_10kg_v1,thruster,real_10kg_x,True,0.002142857142857143,1.0,0.04134920634920635,0.0262142514186943,0.03555000979376903,0.0,0.031389611634064,0.012832148567795167,,,constant,real10kg_smc_steady,real10kg_mpc_ltv_v3,-1.0,-1.0,predictive_alpha,1.0,0.8398194738533185,0.3031688984191446,False,0.0,0.8196746222557323,0.0,transformer,16.0,0.0029062950460957125,0.012500000000000011,0.0006221279953024272
real10kg_smc_steady,,1,41003,scn1_env41003,d92f2c94e903cf178c49ddce36a67b78fbcd4db4dbb20c7da93875adca9dc8fa,2100,0.01,0.14784186936970845,7.438026548052017,29.111693825761588,0.11714285714285715,0.0,0.0,0.0022222222222222222,0.03988126947648491,0.31701928226858894,1.0,1.0,1.0,1.0,0.13437654700284715,0.14784186936970845,2.8219074870597907,0.11736441667576068,0.12635999701179804,29.111693825761588,1.3862711345600756,0.057657556735725396,44.99961188071298,0.020244447469383302,0.056825578523028636,real10kg_smc_steady,0.0,True,2.5,1.0,0.03,0.01,0.75,real_10kg_v1,thruster,real_10kg_x,True,0.0022222222222222222,1.0,0.03873015873015873,0.057657556735725396,0.09514194961632409,0.0,0.12700239599301877,0.12635999701179804,,,constant,,,,,,,,,,,,,,,,,
real10kg_mpc_ltv_v3,,1,41003,scn1_env41003,d92f2c94e903cf178c49ddce36a67b78fbcd4db4dbb20c7da93875adca9dc8fa,2100,0.01,0.06249611707387226,6.827062219485218,30.062565783339505,0.12761904761904763,0.0,0.005238095238095238,7.936507936507937e-05,0.013793964432578232,0.2449524251287036,1.0,1.0,1.0,1.0,0.03476459640879631,0.06249611707387226,0.7300565245847226,0.012224948380202225,0.012433555605526038,30.062565783339505,1.4315507515875956,0.023674310116416842,44.99043631900057,0.013035605894775952,0.04174225471975501,real10kg_mpc_ltv_v3,0.0,True,2.5,1.0,0.03,0.01,0.75,real_10kg_v1,thruster,real_10kg_x,True,7.936507936507937e-05,1.0,0.0426984126984127,0.023674310116416842,0.027467615906363253,0.0,0.02927120498537017,0.012433555605526038,,,constant,,,,,,,,,,,,,,,,,
predictive_alpha,31000.0,1,41003,scn1_env41003,d92f2c94e903cf178c49ddce36a67b78fbcd4db4dbb20c7da93875adca9dc8fa,2100,0.01,0.05136468928031931,7.281262321675057,29.99662924507453,0.12428571428571429,0.0,0.2361904761904762,0.0022222222222222222,0.013996214421684448,0.21312216905153084,1.0,1.0,1.0,1.0,0.030540347872393684,0.05136468928031931,0.6413473053202674,0.012385617053422542,0.01259454065570049,29.99662924507453,1.4284109164321204,0.026098798257712604,44.99961188071298,0.014139331378671722,0.04170810188633106,,0.0,True,2.5,1.0,0.03,0.01,0.75,real_10kg_v1,thruster,real_10kg_x,True,0.0022222222222222222,1.0,0.04126984126984127,0.026098798257712604,0.03560183373258203,0.0,0.031176463250541103,0.01259454065570049,,,constant,real10kg_smc_steady,real10kg_mpc_ltv_v3,-1.0,-1.0,predictive_alpha,1.0,0.8460155836136499,0.29733723113722377,False,0.0,0.8246134907090371,0.0,transformer,16.0,0.002853597027328284,0.012500000000000011,0.0006702756682380713
predictive_alpha,31001.0,1,41003,scn1_env41003,d92f2c94e903cf178c49ddce36a67b78fbcd4db4dbb20c7da93875adca9dc8fa,2100,0.01,0.050657880665121315,7.2928005870201265,29.991559210945827,0.12380952380952381,0.0,0.20809523809523808,0.0022222222222222222,0.01399880370711717,0.21076828213543894,1.0,1.0,1.0,1.0,0.030310357014523167,0.050657880665121315,0.6365174973049865,0.012383681311041547,0.01259221285313798,29.991559210945827,1.4281694862355154,0.025944974353615077,44.99961188071298,0.014018429702981639,0.04170810188633106,,0.0,True,2.5,1.0,0.03,0.01,0.75,real_10kg_v1,thruster,real_10kg_x,True,0.0022222222222222222,1.0,0.04119047619047619,0.025944974353615077,0.035392225551687105,0.0,0.031070045327654876,0.01259221285313798,,,constant,real10kg_smc_steady,real10kg_mpc_ltv_v3,-1.0,-1.0,predictive_alpha,1.0,0.8499970993802668,0.28991252105522913,False,0.0,0.8299929536601883,0.0,transformer,16.0,0.002808390012231323,0.012500000000000011,0.0006488751600731385
predictive_alpha,31002.0,1,41003,scn1_env41003,d92f2c94e903cf178c49ddce36a67b78fbcd4db4dbb20c7da93875adca9dc8fa,2100,0.01,0.05209506658500378,7.205115970013378,30.009780715304224,0.12428571428571429,0.0,0.23285714285714285,0.0022222222222222222,0.013962955966318183,0.2144116077647086,1.0,1.0,1.0,1.0,0.030715850172559792,0.05209506658500378,0.6450328536237556,0.012383504831105095,0.012592286879905976,30.009780715304224,1.4290371769192487,0.026353958104611035,44.99961188071298,0.014405195505397575,0.04170810188633106,,0.0,True,2.5,1.0,0.03,0.01,0.75,real_10kg_v1,thruster,real_10kg_x,True,0.0022222222222222222,1.0,0.04126984126984127,0.026353958104611035,0.036162994526689404,0.0,0.03127178749482003,0.012592286879905976,,,constant,real10kg_smc_steady,real10kg_mpc_ltv_v3,-1.0,-1.0,predictive_alpha,1.0,0.8334555954382956,0.30840659542419646,False,0.0,0.8172894731423418,0.0,transformer,16.0,0.0029034820995941435,0.012500000000000011,0.0007909130169367872
predictive_alpha,31003.0,1,41003,scn1_env41003,d92f2c94e903cf178c49ddce36a67b78fbcd4db4dbb20c7da93875adca9dc8fa,2100,0.01,0.051593134906837715,7.2870458975046715,29.995898352387602,0.12428571428571429,0.0,0.24,0.0022222222222222222,0.01396472098263163,0.2121898283409801,1.0,1.0,1.0,1.0,0.030886550643819843,0.051593134906837715,0.6486175635202167,0.012384385751165052,0.012593056502167367,29.995898352387602,1.4283761120184573,0.025935380995353603,44.99961188071298,0.013986171636025417,0.04170810188633106,,0.0,True,2.5,1.0,0.03,0.01,0.75,real_10kg_v1,thruster,real_10kg_x,True,0.0022222222222222222,1.0,0.04126984126984127,0.025935380995353603,0.03529125968417357,0.0,0.031172110884768716,0.012593056502167367,,,constant,real10kg_smc_steady,real10kg_mpc_ltv_v3,-1.0,-1.0,predictive_alpha,1.0,0.8551403997959128,0.2880980678150889,False,0.0,0.8331928076874465,0.0,transformer,16.0,0.002726170280171558,0.012500000000000011,0.0006642324382423265
predictive_alpha,31004.0,1,41003,scn1_env41003,d92f2c94e903cf178c49ddce36a67b78fbcd4db4dbb20c7da93875adca9dc8fa,2100,0.01,0.051381536323699004,7.266523607671413,30.00343728203482,0.12428571428571429,0.0,0.24904761904761905,0.0022222222222222222,0.013984743901291941,0.21359740244246844,1.0,1.0,1.0,1.0,0.030410947556624483,0.051381536323699004,0.6386298986891141,0.012384414584996657,0.012593170629861088,30.00343728203482,1.4287351086683246,0.026146395473376615,44.99961188071298,0.014204578689726235,0.04170810188633106,,0.0,True,2.5,1.0,0.03,0.01,0.75,real_10kg_v1,thruster,real_10kg_x,True,0.0022222222222222222,1.0,0.04134920634920635,0.026146395473376615,0.03558399230299963,0.0,0.03126791039509443,0.012593170629861088,,,constant,real10kg_smc_steady,real10kg_mpc_ltv_v3,-1.0,-1.0,predictive_alpha,1.0,0.8428562240209203,0.3008234001049922,False,0.0,0.8244917999181365,0.0,transformer,16.0,0.0028618016710607705,0.012500000000000011,0.00063085226455501
real10kg_smc_steady,,1,41004,scn1_env41004,1b4e9bd3ef93e398fec9afea158ea07868fe664a2918e220fd6293661c6e3c05,2100,0.01,0.1498578249211427,7.43589133353981,29.07703492486912,0.11666666666666667,0.0,0.0,0.0018253968253968253,0.03892239203962451,0.33354068922487906,1.0,1.0,1.0,1.0,0.13545199330066468,0.1498578249211427,2.8444918593139583,0.1173621963947268,0.12631549448524867,29.07703492486912,1.3846207107080535,0.056722392402586544,44.99961338007094,0.019990149253900375,0.06200008884067024,real10kg_smc_steady,0.0,True,2.5,1.0,0.03,0.01,0.75,real_10kg_v1,thruster,real_10kg_x,True,0.0018253968253968253,1.0,0.038492063492063494,0.056722392402586544,0.09319891288422745,0.0,0.1265313167737911,0.12631549448524867,,,constant,,,,,,,,,,,,,,,,,
real10kg_mpc_ltv_v3,,1,41004,scn1_env41004,1b4e9bd3ef93e398fec9afea158ea07868fe664a2918e220fd6293661c6e3c05,2100,0.01,0.060181824530665486,6.915158771185999,30.099366207208497,0.12904761904761905,0.0,0.009523809523809525,0.0002380952380952381,0.012529288192053342,0.23026052218054813,1.0,1.0,1.0,1.0,0.03347374147400295,0.060181824530665486,0.702948570954062,0.01016853435465165,0.010461130803332601,30.099366207208497,1.4333031527242142,0.024787503075960487,44.99124150149309,0.010954734438521402,0.030845735611514657,real10kg_mpc_ltv_v3,0.0,True,2.5,1.0,0.03,0.01,0.75,real_10kg_v1,thruster,real_10kg_x,True,0.0002380952380952381,1.0,0.043333333333333335,0.024787503075960487,0.030335862178418632,0.0,0.02911296812693976,0.010461130803332601,,,constant,,,,,,,,,,,,,,,,,
predictive_alpha,31000.0,1,41004,scn1_env41004,1b4e9bd3ef93e398fec9afea158ea07868fe664a2918e220fd6293661c6e3c05,2100,0.01,0.053066743728071214,7.345650457529376,29.967362454040305,0.1261904761904762,0.0,0.23,0.0017460317460317458,0.012993573405904289,0.23266848851029043,1.0,1.0,1.0,1.0,0.03045603120782038,0.053066743728071214,0.639576655364228,0.011278722974268934,0.011508438821425744,29.967362454040305,1.427017259716205,0.029652102981746142,44.99961338007094,0.013324273176575096,0.03509143565463735,,0.0,True,2.5,1.0,0.03,0.01,0.75,real_10kg_v1,thruster,real_10kg_x,True,0.0017460317460317458,1.0,0.041984126984126985,0.029652102981746142,0.042693083871166264,0.0,0.030744650131396448,0.011508438821425744,,,constant,real10kg_smc_steady,real10kg_mpc_ltv_v3,-1.0,-1.0,predictive_alpha,1.0,0.8351224580270721,0.3055997216754106,False,0.0,0.8149938164936334,0.0,transformer,16.0,0.0031044889345811888,0.012500000000000011,0.0007507987137332606
predictive_alpha,31001.0,1,41004,scn1_env41004,1b4e9bd3ef93e398fec9afea158ea07868fe664a2918e220fd6293661c6e3c05,2100,0.01,0.05269583674454654,7.326054057656165,29.97035279836426,0.12571428571428572,0.0,0.22476190476190477,0.0017460317460317458,0.012691447934591647,0.23027928389661573,1.0,1.0,1.0,1.0,0.030177934841389024,0.05269583674454654,0.6337366316691695,0.010531824809454119,0.010798364034382588,29.97035279836426,1.4271596570649647,0.03135714639588331,44.99961338007094,0.012912801003169808,0.03501530611669079,,0.0,True,2.5,1.0,0.03,0.01,0.75,real_10kg_v1,thruster,real_10kg_x,True,0.0017460317460317458,1.0,0.0419047619047619,0.03135714639588331,0.046429864549658445,0.0,0.030618817300086882,0.010798364034382588,,,constant,real10kg_smc_steady,real10kg_mpc_ltv_v3,-1.0,-1.0,predictive_alpha,1.0,0.8338889758871186,0.3007426323264312,False,0.0,0.8186253744106562,0.0,transformer,16.0,0.0030607415653820095,0.012500000000000011,0.0007794086893196938
predictive_alpha,31002.0,1,41004,scn1_env41004,1b4e9bd3ef93e398fec9afea158ea07868fe664a2918e220fd6293661c6e3c05,2100,0.01,0.05233602650249889,7.341560509749081,29.960426163790157,0.1261904761904762,0.0,0.22238095238095237,0.0017460317460317458,0.013180469276193612,0.23001240846171642,1.0,1.0,1.0,1.0,0.030345494670820865,0.05233602650249889,0.6372553880872383,0.011667496337622981,0.01188563828205983,29.960426163790157,1.4266869601804837,0.028560273093181564,44.99961338007094,0.013340603214671589,0.0315964761441066,,0.0,True,2.5,1.0,0.03,0.01,0.75,real_10kg_v1,thruster,real_10kg_x,True,0.0017460317460317458,1.0,0.041984126984126985,0.028560273093181564,0.0405656958365679,0.0,0.030976413299501068,0.01188563828205983,,,constant,real10kg_smc_steady,real10kg_mpc_ltv_v3,-1.0,-1.0,predictive_alpha,1.0,0.837364792176806,0.3005168680443796,False,0.0,0.8234282948879437,0.0,transformer,16.0,0.003066713359051243,0.012500000000000011,0.0008117511148228871
predictive_alpha,31003.0,1,41004,scn1_env41004,1b4e9bd3ef93e398fec9afea158ea07868fe664a2918e220fd6293661c6e3c05,2100,0.01,0.052680848784377246,7.378932159373902,29.959259045061614,0.1261904761904762,0.0,0.25142857142857145,0.0017460317460317458,0.013032858468640253,0.2303098301258049,1.0,1.0,1.0,1.0,0.030587979060282593,0.052680848784377246,0.6423475602659344,0.01140102802785311,0.011626479273304074,29.959259045061614,1.426631383098172,0.028904592981885843,44.99961338007094,0.012787769969601931,0.03006282226808077,,0.0,True,2.5,1.0,0.03,0.01,0.75,real_10kg_v1,thruster,real_10kg_x,True,0.0017460317460317458,1.0,0.041984126984126985,0.028904592981885843,0.041274450662252805,0.0,0.030890404178200825,0.011626479273304074,,,constant,real10kg_smc_steady,real10kg_mpc_ltv_v3,-1.0,-1.0,predictive_alpha,1.0,0.8521708185201792,0.2860681567254783,False,0.0,0.830195733093701,0.0,transformer,16.0,0.0027794238260230213,0.012500000000000011,0.0007587828580864258
predictive_alpha,31004.0,1,41004,scn1_env41004,1b4e9bd3ef93e398fec9afea158ea07868fe664a2918e220fd6293661c6e3c05,2100,0.01,0.05278620214845075,7.35249109814422,29.97203708230013,0.1261904761904762,0.0,0.22952380952380952,0.0017460317460317458,0.013128614308430295,0.2320119208644326,1.0,1.0,1.0,1.0,0.03028577401212125,0.05278620214845075,0.6360012542545462,0.011547677057252488,0.01176889545344312,29.97203708230013,1.427239861061911,0.028754531148773094,44.99961338007094,0.013143915261239298,0.030007236579665975,,0.0,True,2.5,1.0,0.03,0.01,0.75,real_10kg_v1,thruster,real_10kg_x,True,0.0017460317460317458,1.0,0.04206349206349207,0.028754531148773094,0.040751727223027896,0.0,0.03097333804811852,0.01176889545344312,,,constant,real10kg_smc_steady,real10kg_mpc_ltv_v3,-1.0,-1.0,predictive_alpha,1.0,0.8441537273822535,0.2974712207825101,False,0.0,0.8259228926278385,0.0,transformer,16.0,0.002884146545711469,0.012500000000000011,0.0006359338798525462
real10kg_smc_steady,,1,41005,scn1_env41005,17236ace6e7baade97a670ab9f52d1a1fb8261b87abd98c40a312ca53f86b45b,2100,0.01,0.14788913372811047,7.400341945603273,28.94723806730389,0.11666666666666667,0.0,0.0,0.0016666666666666668,0.03895227643658061,0.32275855310654616,1.0,1.0,1.0,1.0,0.13420265991579108,0.14788913372811047,2.818255858231613,0.11714100034183862,0.12622724945086797,28.94723806730389,1.378439907966852,0.05669978062018871,44.99961296508735,0.019934738929701944,0.060078606994973194,real10kg_smc_steady,0.0,True,2.5,1.0,0.03,0.01,0.75,real_10kg_v1,thruster,real_10kg_x,True,0.0016666666666666668,1.0,0.03865079365079365,0.05669978062018871,0.094117527129047,0.0,0.12663307561798895,0.12622724945086797,,,constant,,,,,,,,,,,,,,,,,
real10kg_mpc_ltv_v3,,1,41005,scn1_env41005,17236ace6e7baade97a670ab9f52d1a1fb8261b87abd98c40a312ca53f86b45b,2100,0.01,0.0568061728395555,7.019373192245251,30.0726168714129,0.12666666666666668,0.0,0.008095238095238095,0.00031746031746031746,0.013084027442865605,0.20965956363191046,1.0,1.0,1.0,1.0,0.032811950044058166,0.0568061728395555,0.6890509509252215,0.011467428335218901,0.011684388867701375,30.0726168714129,1.4320293748291857,0.026475491141459657,44.991740950943516,0.011694048156675947,0.030140923363528166,real10kg_mpc_ltv_v3,0.0,True,2.5,1.0,0.03,0.01,0.75,real_10kg_v1,thruster,real_10kg_x,True,0.00031746031746031746,1.0,0.04261904761904762,0.026475491141459657,0.032331987768802466,0.0,0.02921823359877715,0.011684388867701375,,,constant,,,,,,,,,,,,,,,,,
predictive_alpha,31000.0,1,41005,scn1_env41005,17236ace6e7baade97a670ab9f52d1a1fb8261b87abd98c40a312ca53f86b45b,2100,0.01,0.04929324546000434,7.369999951934572,29.891785150453863,0.12428571428571429,0.0,0.25952380952380955,0.0015079365079365078,0.01333223784896775,0.20834511859916763,1.0,1.0,1.0,1.0,0.02943239957737068,0.04929324546000434,0.6180803911247843,0.011726282754173346,0.011938465159995805,29.891785150453863,1.423418340497803,0.02759780236558279,44.99961296508735,0.013417904928488034,0.030776784087014696,,0.0,True,2.5,1.0,0.03,0.01,0.75,real_10kg_v1,thruster,real_10kg_x,True,0.0015079365079365078,1.0,0.04134920634920635,0.02759780236558279,0.03911435882148969,0.0,0.03101641513234999,0.011938465159995805,,,constant,real10kg_smc_steady,real10kg_mpc_ltv_v3,-1.0,-1.0,predictive_alpha,1.0,0.8416732051021161,0.2971605667841058,False,0.0,0.821759908141657,0.0,transformer,16.0,0.002940106504738888,0.012500000000000011,0.0007337047286421918
predictive_alpha,31001.0,1,41005,scn1_env41005,17236ace6e7baade97a670ab9f52d1a1fb8261b87abd98c40a312ca53f86b45b,2100,0.01,0.04875072511607365,7.381660091131806,29.892010422705145,0.12428571428571429,0.0,0.2257142857142857,0.0015079365079365078,0.013396402961316854,0.20555682417855456,1.0,1.0,1.0,1.0,0.02942177791298281,0.04875072511607365,0.617857336172639,0.011835649295602851,0.0120453878058211,29.892010422705145,1.423429067747864,0.027263511103902544,44.99961296508735,0.01336512484550643,0.030776784087014696,,0.0,True,2.5,1.0,0.03,0.01,0.75,real_10kg_v1,thruster,real_10kg_x,True,0.0015079365079365078,1.0,0.04119047619047619,0.027263511103902544,0.03834726593575827,0.0,0.030979361632824446,0.0120453878058211,,,constant,real10kg_smc_steady,real10kg_mpc_ltv_v3,-1.0,-1.0,predictive_alpha,1.0,0.8457844197766811,0.2900403097959423,False,0.0,0.828708432863156,0.0,transformer,16.0,0.0028757515372151423,0.012500000000000011,0.0007690689636248749
predictive_alpha,31002.0,1,41005,scn1_env41005,17236ace6e7baade97a670ab9f52d1a1fb8261b87abd98c40a312ca53f86b45b,2100,0.01,0.048603202065138115,7.381168124699666,29.89219963764242,0.12428571428571429,0.0,0.24476190476190476,0.0015079365079365078,0.013293772693629873,0.20515115724368366,1.0,1.0,1.0,1.0,0.02939483253460446,0.048603202065138115,0.6172914832266937,0.01173068260817351,0.011942372532140018,29.89219963764242,1.4234380779829725,0.027905269003493192,44.99961296508735,0.013470922995003989,0.030776784087014696,,0.0,True,2.5,1.0,0.03,0.01,0.75,real_10kg_v1,thruster,real_10kg_x,True,0.0015079365079365078,1.0,0.04134920634920635,0.027905269003493192,0.03948371601467463,0.0,0.031171917946403494,0.011942372532140018,,,constant,real10kg_smc_steady,real10kg_mpc_ltv_v3,-1.0,-1.0,predictive_alpha,1.0,0.8371048717794494,0.29819714707548767,False,0.0,0.8244237597011739,0.0,transformer,16.0,0.0031142930099546137,0.012500000000000011,0.0008502458376372278
predictive_alpha,31003.0,1,41005,scn1_env41005,17236ace6e7baade97a670ab9f52d1a1fb8261b87abd98c40a312ca53f86b45b,2100,0.01,0.048885979314521495,7.418629997318798,29.890022713090822,0.12428571428571429,0.0,0.26476190476190475,0.0015079365079365078,0.013093196110798434,0.20544827060421073,1.0,1.0,1.0,1.0,0.0295393161335397,0.048885979314521495,0.6203256388043338,0.011376090975334834,0.011596622774682559,29.890022713090822,1.4233344149090867,0.028511624299351772,44.99961296508735,0.012915038264798577,0.030776784087014696,,0.0,True,2.5,1.0,0.03,0.01,0.75,real_10kg_v1,thruster,real_10kg_x,True,0.0015079365079365078,1.0,0.04134920634920635,0.028511624299351772,0.04079755998026955,0.0,0.031051105603414626,0.011596622774682559,,,constant,real10kg_smc_steady,real10kg_mpc_ltv_v3,-1.0,-1.0,predictive_alpha,1.0,0.8518583535840264,0.2844946478601742,False,0.0,0.8300421120286254,0.0,transformer,16.0,0.002741439216900389,0.012500000000000011,0.0008083617062176924
predictive_alpha,31004.0,1,41005,scn1_env41005,17236ace6e7baade97a670ab9f52d1a1fb8261b87abd98c40a312ca53f86b45b,2100,0.01,0.04859672669938768,7.382200009902881,29.908805251870426,0.12428571428571429,0.0,0.30238095238095236,0.0015079365079365078,0.01329555267072466,0.2060797794740818,1.0,1.0,1.0,1.0,0.029075252223738194,0.04859672669938768,0.6105802966985021,0.011690177663062823,0.011902860616649925,29.908805251870426,1.4242288215176393,0.02797042802206707,44.99961296508735,0.013310374213097106,0.030776784087014696,,0.0,True,2.5,1.0,0.03,0.01,0.75,real_10kg_v1,thruster,real_10kg_x,True,0.0015079365079365078,1.0,0.04134920634920635,0.02797042802206707,0.03923557263068712,0.0,0.03116487211528626,0.011902860616649925,,,constant,real10kg_smc_steady,real10kg_mpc_ltv_v3,-1.0,-1.0,predictive_alpha,1.0,0.8452152549785628,0.2945311975745185,False,0.0,0.8290798839596322,0.0,transformer,16.0,0.0029672525192132254,0.012500000000000011,0.0006706046097010305
real10kg_smc_steady,,1,41006,scn1_env41006,bc8b2864cdbdbad48665d39ec70f42532a3fa9c7bf385621456e6a6c8403a726,2100,0.01,0.1506882920335456,7.429189000124228,29.118550910059295,0.11666666666666667,0.0,0.0,0.0020634920634920633,0.03974819206824658,0.3370865733786855,1.0,1.0,1.0,1.0,0.13594231452385197,0.1506882920335456,2.8547886050008913,0.11736653042728794,0.12628566226187163,29.118550910059295,1.386597662383776,0.05648611678110265,44.99961248369376,0.020135450439422678,0.06134463300217599,real10kg_smc_steady,0.0,True,2.5,1.0,0.03,0.01,0.75,real_10kg_v1,thruster,real_10kg_x,True,0.0020634920634920633,1.0,0.03873015873015873,0.05648611678110265,0.0936424625235764,0.0,0.12638248898176488,0.12628566226187163,,,constant,,,,,,,,,,,,,,,,,
real10kg_mpc_ltv_v3,,1,41006,scn1_env41006,bc8b2864cdbdbad48665d39ec70f42532a3fa9c7bf385621456e6a6c8403a726,2100,0.01,0.06102565201541988,6.931763800367611,30.11224959455538,0.13,0.0,0.010952380952380953,0.0002380952380952381,0.012708632767922152,0.23356624263201906,1.0,1.0,1.0,1.0,0.033765978811111826,0.06102565201541988,0.7090855550333484,0.01012953294687923,0.010429596219443678,30.11224959455538,1.43391664735978,0.024000560950325562,44.99164397678644,0.011373563469214573,0.0317839643478717,real10kg_mpc_ltv_v3,0.0,True,2.5,1.0,0.03,0.01,0.75,real_10kg_v1,thruster,real_10kg_x,True,0.0002380952380952381,1.0,0.04349206349206349,0.024000560950325562,0.029613141671124096,0.0,0.029110209117627645,0.010429596219443678,,,constant,,,,,,,,,,,,,,,,,
predictive_alpha,31000.0,1,41006,scn1_env41006,bc8b2864cdbdbad48665d39ec70f42532a3fa9c7bf385621456e6a6c8403a726,2100,0.01,0.055555174242296945,7.29151539961917,30.005921583776217,0.12571428571428572,0.0,0.3028571428571429,0.0019047619047619048,0.013400940949408595,0.2455767054034351,1.0,1.0,1.0,1.0,0.0312274065100981,0.055555174242296945,0.65577553671206,0.011587983868795212,0.011814928065615633,30.005921583776217,1.4288534087512483,0.02866859949591319,44.99961248369376,0.01388561506341514,0.03608716842695492,,0.0,True,2.5,1.0,0.03,0.01,0.75,real_10kg_v1,thruster,real_10kg_x,True,0.0019047619047619048,1.0,0.04150793650793651,0.02866859949591319,0.041158227799733375,0.0,0.030851992010887036,0.011814928065615633,,,constant,real10kg_smc_steady,real10kg_mpc_ltv_v3,-1.0,-1.0,predictive_alpha,1.0,0.8290872553906268,0.31407162984797016,False,0.0,0.8094891157991342,0.0,transformer,16.0,0.002939817586709355,0.012500000000000011,0.0007980609286753403
predictive_alpha,31001.0,1,41006,scn1_env41006,bc8b2864cdbdbad48665d39ec70f42532a3fa9c7bf385621456e6a6c8403a726,2100,0.01,0.05484849324490488,7.295515932368473,30.00449184606062,0.12523809523809523,0.0,0.2804761904761905,0.0019047619047619048,0.013135491376760944,0.24189761269475415,1.0,1.0,1.0,1.0,0.03089865204137617,0.05484849324490488,0.6488716928688996,0.011107673014502446,0.011349232658631983,30.00449184606062,1.4287853260028867,0.02996470824794373,44.99961248369376,0.013003040092447623,0.03342561842064953,,0.0,True,2.5,1.0,0.03,0.01,0.75,real_10kg_v1,thruster,real_10kg_x,True,0.0019047619047619048,1.0,0.041666666666666664,0.02996470824794373,0.04383740586122505,0.0,0.0306586964611593,0.011349232658631983,,,constant,real10kg_smc_steady,real10kg_mpc_ltv_v3,-1.0,-1.0,predictive_alpha,1.0,0.8477672023786542,0.2919903791593996,False,0.0,0.8274357627074989,0.0,transformer,16.0,0.0027989313912321527,0.012500000000000011,0.0007369847090181554
predictive_alpha,31002.0,1,41006,scn1_env41006,bc8b2864cdbdbad48665d39ec70f42532a3fa9c7bf385621456e6a6c8403a726,2100,0.01,0.054421309858160904,7.3152762989075395,29.99608417242557,0.1261904761904762,0.0,0.2695238095238095,0.0019047619047619048,0.013151025672999092,0.24213144970951725,1.0,1.0,1.0,1.0,0.030808542212250947,0.054421309858160904,0.6469793864572699,0.011155356392508864,0.011395276070947017,29.99608417242557,1.4283849605916936,0.03001030585116513,44.99961248369376,0.013289622641456224,0.0333309334284852,,0.0,True,2.5,1.0,0.03,0.01,0.75,real_10kg_v1,thruster,real_10kg_x,True,0.0019047619047619048,1.0,0.041666666666666664,0.03001030585116513,0.04396981082691655,0.0,0.030940085718065086,0.011395276070947017,,,constant,real10kg_smc_steady,real10kg_mpc_ltv_v3,-1.0,-1.0,predictive_alpha,1.0,0.8357498945539781,0.30332490340389356,False,0.0,0.8218944047812727,0.0,transformer,16.0,0.0028766077092411795,0.012500000000000011,0.0008732064143404714
predictive_alpha,31003.0,1,41006,scn1_env41006,bc8b2864cdbdbad48665d39ec70f42532a3fa9c7bf385621456e6a6c8403a726,2100,0.01,0.05521762708659173,7.368272371606368,29.995471895008656,0.1261904761904762,0.0,0.21904761904761905,0.0019047619047619048,0.01344615774365608,0.2434061678247828,1.0,1.0,1.0,1.0,0.031543908619445206,0.05521762708659173,0.6624220810083493,0.011652865159666135,0.011878379923252587,29.995471895008656,1.4283558045242217,0.028043479794973628,44.99961248369376,0.013089938704001368,0.032960036824032035,,0.0,True,2.5,1.0,0.03,0.01,0.75,real_10kg_v1,thruster,real_10kg_x,True,0.0019047619047619048,1.0,0.041666666666666664,0.028043479794973628,0.04000763713519934,0.0,0.03096381710481213,0.011878379923252587,,,constant,real10kg_smc_steady,real10kg_mpc_ltv_v3,-1.0,-1.0,predictive_alpha,1.0,0.8549529155037523,0.2860626056382339,False,0.0,0.8324544563368407,0.0,transformer,16.0,0.0027467158062659675,0.012500000000000011,0.0006645391949885905
predictive_alpha,31004.0,1,41006,scn1_env41006,bc8b2864cdbdbad48665d39ec70f42532a3fa9c7bf385621456e6a6c8403a726,2100,0.01,0.054726402576814784,7.34248495229896,30.00568233945785,0.12476190476190477,0.0,0.20761904761904762,0.0019047619047619048,0.013431841664937667,0.2433002362821737,1.0,1.0,1.0,1.0,0.030950583738403047,0.054726402576814784,0.6499622585064639,0.011639602813821065,0.011865253560426526,30.00568233945785,1.4288420161646596,0.02846420118534725,44.99961248369376,0.013426380754779933,0.031699783194758024,,0.0,True,2.5,1.0,0.03,0.01,0.75,real_10kg_v1,thruster,real_10kg_x,True,0.0019047619047619048,1.0,0.04134920634920635,0.02846420118534725,0.04045321363004145,0.0,0.0310869609588447,0.011865253560426526,,,constant,real10kg_smc_steady,real10kg_mpc_ltv_v3,-1.0,-1.0,predictive_alpha,1.0,0.8415747309259138,0.29989630019378966,False,0.0,0.8256362248609019,0.0,transformer,16.0,0.0028905565726004873,0.012500000000000011,0.0007378038291066702
real10kg_smc_steady,,1,41007,scn1_env41007,e6d526464c468af26c5d51f464c4e9c2e0771ee392d7465a47dc987ab36ffb47,2100,0.01,0.1466578421097185,7.439245984618154,29.0809566390836,0.11714285714285715,0.0,0.0,0.0020634920634920633,0.03913317282886308,0.31109465184129975,1.0,1.0,1.0,1.0,0.13367947371437958,0.1466578421097185,2.8072689480019712,0.11727638887731427,0.12629728098609794,29.0809566390836,1.3848074590039807,0.05768767545307784,44.99961527950407,0.019467611803757855,0.05435022945315943,real10kg_smc_steady,0.0,True,2.5,1.0,0.03,0.01,0.75,real_10kg_v1,thruster,real_10kg_x,True,0.0020634920634920633,1.0,0.03880952380952381,0.05768767545307784,0.09579867015220903,0.0,0.1271857155856862,0.12629728098609794,,,constant,,,,,,,,,,,,,,,,,
real10kg_mpc_ltv_v3,,1,41007,scn1_env41007,e6d526464c468af26c5d51f464c4e9c2e0771ee392d7465a47dc987ab36ffb47,2100,0.01,0.06213313477877983,6.8099558414897015,30.029352045356923,0.12761904761904763,0.0,0.01380952380952381,0.0002380952380952381,0.013310035788252591,0.24423391811631334,1.0,1.0,1.0,1.0,0.03441332943264204,0.06213313477877983,0.7226799180854829,0.011731471809145532,0.011956601691111355,30.029352045356923,1.4299691450169962,0.02554369144633723,44.99012987594527,0.011696880069871492,0.030955543568496086,real10kg_mpc_ltv_v3,0.0,True,2.5,1.0,0.03,0.01,0.75,real_10kg_v1,thruster,real_10kg_x,True,0.0002380952380952381,1.0,0.04261904761904762,0.02554369144633723,0.030916612675061718,0.0,0.02921924617159062,0.011956601691111355,,,constant,,,,,,,,,,,,,,,,,
predictive_alpha,31000.0,1,41007,scn1_env41007,e6d526464c468af26c5d51f464c4e9c2e0771ee392d7465a47dc987ab36ffb47,2100,0.01,0.04899371215122457,7.310378242819617,29.97083571486145,0.12523809523809523,0.0,0.17714285714285713,0.0020634920634920633,0.013105747061355864,0.19784062889981638,1.0,1.0,1.0,1.0,0.029368501969302848,0.04899371215122457,0.6167385413553599,0.011282127797945178,0.011521582269050328,29.97083571486145,1.4271826530886405,0.029280902345700993,44.99961527950407,0.012814340721940017,0.030025919885235064,,0.0,True,2.5,1.0,0.03,0.01,0.75,real_10kg_v1,thruster,real_10kg_x,True,0.0020634920634920633,1.0,0.04150793650793651,0.029280902345700993,0.04233088209075336,0.0,0.030722727784461914,0.011521582269050328,,,constant,real10kg_smc_steady,real10kg_mpc_ltv_v3,-1.0,-1.0,predictive_alpha,1.0,0.8380581056733826,0.30213482649014467,False,0.0,0.815284920963237,0.0,transformer,16.0,0.00297941862752254,0.012500000000000011,0.0008022700997227512
predictive_alpha,31001.0,1,41007,scn1_env41007,e6d526464c468af26c5d51f464c4e9c2e0771ee392d7465a47dc987ab36ffb47,2100,0.01,0.04864029883925009,7.324712123534252,29.963489915696,0.12428571428571429,0.0,0.23952380952380953,0.0020634920634920633,0.013100564830954741,0.19600642244710284,1.0,1.0,1.0,1.0,0.02933240671272645,0.04864029883925009,0.6159805409672554,0.0112794648909627,0.011518219695982407,29.963489915696,1.426832853128381,0.029147051180619585,44.99961527950407,0.012449756952755374,0.02896001401947254,,0.0,True,2.5,1.0,0.03,0.01,0.75,real_10kg_v1,thruster,real_10kg_x,True,0.0020634920634920633,1.0,0.04119047619047619,0.029147051180619585,0.04207850399391595,0.0,0.03079695302301229,0.011518219695982407,,,constant,real10kg_smc_steady,real10kg_mpc_ltv_v3,-1.0,-1.0,predictive_alpha,1.0,0.8473843762893541,0.2873568486446785,False,0.0,0.8237488451404941,0.0,transformer,16.0,0.0027557687840195104,0.012500000000000011,0.0008859545355437799
predictive_alpha,31002.0,1,41007,scn1_env41007,e6d526464c468af26c5d51f464c4e9c2e0771ee392d7465a47dc987ab36ffb47,2100,0.01,0.04998294492237973,7.241472327887107,29.984491832583544,0.12476190476190477,0.0,0.2561904761904762,0.0020634920634920633,0.013097070078766355,0.20016326389851777,1.0,1.0,1.0,1.0,0.02967128009390551,0.04998294492237973,0.6230968819720157,0.01128087674380256,0.011520111353605878,29.984491832583544,1.4278329444087403,0.02938376213403437,44.99961527950407,0.012872179197610066,0.02955620812386689,,0.0,True,2.5,1.0,0.03,0.01,0.75,real_10kg_v1,thruster,real_10kg_x,True,0.0020634920634920633,1.0,0.041428571428571426,0.02938376213403437,0.04256021131318654,0.0,0.030986504033636137,0.011520111353605878,,,constant,real10kg_smc_steady,real10kg_mpc_ltv_v3,-1.0,-1.0,predictive_alpha,1.0,0.8328328012079724,0.30677277606451453,False,0.0,0.8167101366744776,0.0,transformer,16.0,0.0028455551711577104,0.012500000000000011,0.0009101958412364585
predictive_alpha,31003.0,1,41007,scn1_env41007,e6d526464c468af26c5d51f464c4e9c2e0771ee392d7465a47dc987ab36ffb47,2100,0.01,0.049264621224004754,7.305132174197733,29.967534048045426,0.12523809523809523,0.0,0.22857142857142856,0.0020634920634920633,0.013099617629073444,0.19696893664584464,1.0,1.0,1.0,1.0,0.029671342067068236,0.049264621224004754,0.6230981834084329,0.011281576372387157,0.01152087094440207,29.967534048045426,1.427025430859306,0.029047300508402905,44.99961527950407,0.012410570050018414,0.02961123120345091,,0.0,True,2.5,1.0,0.03,0.01,0.75,real_10kg_v1,thruster,real_10kg_x,True,0.0020634920634920633,1.0,0.04150793650793651,0.029047300508402905,0.04199016698652841,0.0,0.030933176909596204,0.01152087094440207,,,constant,real10kg_smc_steady,real10kg_mpc_ltv_v3,-1.0,-1.0,predictive_alpha,1.0,0.8518668324531647,0.28716920556756587,False,0.0,0.8263875030236141,0.0,transformer,16.0,0.002642403691540075,0.012500000000000011,0.0008098867429773136
predictive_alpha,31004.0,1,41007,scn1_env41007,e6d526464c468af26c5d51f464c4e9c2e0771ee392d7465a47dc987ab36ffb47,2100,0.01,0.049415756353045424,7.289613962111569,29.985905695883975,0.12476190476190477,0.0,0.22904761904761906,0.0020634920634920633,0.01310743124310702,0.20074691979095635,1.0,1.0,1.0,1.0,0.02929067716501591,0.049415756353045424,0.6151042204653342,0.011282394937829794,0.011521970111088044,29.985905695883975,1.4279002712325704,0.029351255666490002,44.99961527950407,0.012725922224798758,0.028475815486510347,,0.0,True,2.5,1.0,0.03,0.01,0.75,real_10kg_v1,thruster,real_10kg_x,True,0.0020634920634920633,1.0,0.04134920634920635,0.029351255666490002,0.04237606613801018,0.0,0.03096109554523753,0.011521970111088044,,,constant,real10kg_smc_steady,real10kg_mpc_ltv_v3,-1.0,-1.0,predictive_alpha,1.0,0.8413635026690353,0.3014520936402032,False,0.0,0.821927314049653,0.0,transformer,16.0,0.0028325161562294484,0.012500000000000011,0.0007427880278411242
real10kg_smc_steady,,1,41008,scn1_env41008,6c18537607c311fc3f49d49c47a137cbd8c1f8daa74a78885bb4da7abc9c4a92,2100,0.01,0.150146367351877,7.395451419345981,29.000572422222795,0.11761904761904762,0.0,0.0,0.0017460317460317458,0.0388251655114394,0.33438089156253886,1.0,1.0,1.0,1.0,0.13562804484382882,0.150146367351877,2.848188941720405,0.11702511070893598,0.1260902110754478,29.000572422222795,1.3809796391534663,0.05711236406334756,44.999611554198154,0.020060147147481243,0.06295346052863726,real10kg_smc_steady,0.0,True,2.5,1.0,0.03,0.01,0.75,real_10kg_v1,thruster,real_10kg_x,True,0.0017460317460317458,1.0,0.03865079365079365,0.05711236406334756,0.0952534764978155,0.0,0.1263873426287465,0.1260902110754478,,,constant,,,,,,,,,,,,,,,,,
real10kg_mpc_ltv_v3,,1,41008,scn1_env41008,6c18537607c311fc3f49d49c47a137cbd8c1f8daa74a78885bb4da7abc9c4a92,2100,0.01,0.05851218734816365,7.05389331797719,30.10539272868478,0.12761904761904763,0.0,0.005714285714285714,0.0004761904761904762,0.013881907872863301,0.21204235018326376,1.0,1.0,1.0,1.0,0.03397534769543513,0.05851218734816365,0.7134823016041378,0.01251347178700884,0.012728198609488716,30.10539272868478,1.4335901299373703,0.02265489936251455,44.99205296640279,0.01242700520493888,0.031623397353893856,real10kg_mpc_ltv_v3,0.0,True,2.5,1.0,0.03,0.01,0.75,real_10kg_v1,thruster,real_10kg_x,True,0.0004761904761904762,1.0,0.042777777777777776,0.02265489936251455,0.02552149673178392,0.0,0.029421202198474352,0.012728198609488716,,,constant,,,,,,,,,,,,,,,,,
predictive_alpha,31000.0,1,41008,scn1_env41008,6c18537607c311fc3f49d49c47a137cbd8c1f8daa74a78885bb4da7abc9c4a92,2100,0.01,0.054810955429245065,7.279939018220273,29.930298888770473,0.12380952380952381,0.0,0.2542857142857143,0.0017460317460317458,0.014055391933022238,0.2390701218244334,1.0,1.0,1.0,1.0,0.03160794057655633,0.054810955429245065,0.663766752107683,0.012579091416946258,0.012795332835101189,29.930298888770473,1.425252328036689,0.02556801574216073,44.999611554198154,0.014471380707512515,0.038191428714305586,,0.0,True,2.5,1.0,0.03,0.01,0.75,real_10kg_v1,thruster,real_10kg_x,True,0.0017460317460317458,1.0,0.04126984126984127,0.02556801574216073,0.03563226924790991,0.0,0.03127896498353114,0.012795332835101189,,,constant,real10kg_smc_steady,real10kg_mpc_ltv_v3,-1.0,-1.0,predictive_alpha,1.0,0.8261237241445973,0.3190069503535643,False,0.0,0.8073816616775557,0.0,transformer,16.0,0.003063788033492576,0.012500000000000011,0.0007759602517794084
predictive_alpha,31001.0,1,41008,scn1_env41008,6c18537607c311fc3f49d49c47a137cbd8c1f8daa74a78885bb4da7abc9c4a92,2100,0.01,0.0538007046625931,7.317860846854012,29.930914806030273,0.12333333333333334,0.0,0.23238095238095238,0.0017460317460317458,0.01405347055853173,0.23466735891524862,1.0,1.0,1.0,1.0,0.031289661565806724,0.0538007046625931,0.6570828928819412,0.01257739067988634,0.012793367787305047,29.930914806030273,1.4252816574300131,0.025215673414826535,44.999611554198154,0.013769578395053723,0.03486919458350765,,0.0,True,2.5,1.0,0.03,0.01,0.75,real_10kg_v1,thruster,real_10kg_x,True,0.0017460317460317458,1.0,0.04103174603174603,0.025215673414826535,0.03493802175450881,0.0,0.03125674272157401,0.012793367787305047,,,constant,real10kg_smc_steady,real10kg_mpc_ltv_v3,-1.0,-1.0,predictive_alpha,1.0,0.8460619638617934,0.2946078144275195,False,0.0,0.8273708015403134,0.0,transformer,16.0,0.002851441629906911,0.012500000000000011,0.0006446224589502598
predictive_alpha,31002.0,1,41008,scn1_env41008,6c18537607c311fc3f49d49c47a137cbd8c1f8daa74a78885bb4da7abc9c4a92,2100,0.01,0.05280394127136744,7.362496243993207,29.923985245852425,0.12428571428571429,0.0,0.26285714285714284,0.0017460317460317458,0.014054811597608146,0.2337563677965013,1.0,1.0,1.0,1.0,0.031037425897145688,0.05280394127136744,0.6517859438400595,0.01257825719380715,0.012794640841745588,29.923985245852425,1.424951678373925,0.025494281230547387,44.999611554198154,0.013818095641549392,0.03433642565931283,,0.0,True,2.5,1.0,0.03,0.01,0.75,real_10kg_v1,thruster,real_10kg_x,True,0.0017460317460317458,1.0,0.04126984126984127,0.025494281230547387,0.03540218791241259,0.0,0.031528934205173526,0.012794640841745588,,,constant,real10kg_smc_steady,real10kg_mpc_ltv_v3,-1.0,-1.0,predictive_alpha,1.0,0.8385552786591642,0.2994085499316747,False,0.0,0.8235065582307011,0.0,transformer,16.0,0.003020392218312502,0.012500000000000011,0.0007676215415531876
predictive_alpha,31003.0,1,41008,scn1_env41008,6c18537607c311fc3f49d49c47a137cbd8c1f8daa74a78885bb4da7abc9c4a92,2100,0.01,0.05359166097467403,7.40582204662191,29.920827232134098,0.12380952380952381,0.0,0.25285714285714284,0.0017460317460317458,0.014053213648401766,0.23489533682307592,1.0,1.0,1.0,1.0,0.031579700014359474,0.05359166097467403,0.6631737003015489,0.012579193974229986,0.012795427084244089,29.920827232134098,1.4248012967682904,0.02496331082445451,44.999611554198154,0.013515613700634919,0.03396043268414156,,0.0,True,2.5,1.0,0.03,0.01,0.75,real_10kg_v1,thruster,real_10kg_x,True,0.0017460317460317458,1.0,0.04126984126984127,0.02496331082445451,0.03445359625533136,0.0,0.03137609878659811,0.012795427084244089,,,constant,real10kg_smc_steady,real10kg_mpc_ltv_v3,-1.0,-1.0,predictive_alpha,1.0,0.8558513130573623,0.28596664180845427,False,0.0,0.833993258834373,0.0,transformer,16.0,0.002791661262444162,0.012500000000000011,0.0006913704137377121
predictive_alpha,31004.0,1,41008,scn1_env41008,6c18537607c311fc3f49d49c47a137cbd8c1f8daa74a78885bb4da7abc9c4a92,2100,0.01,0.0532257537015075,7.373560367455604,29.93108108540622,0.12333333333333334,0.0,0.24,0.0017460317460317458,0.014053193115994506,0.23530571219222002,1.0,1.0,1.0,1.0,0.031006884308150216,0.0532257537015075,0.6511445704711545,0.012578573347079586,0.012794860617440416,29.93108108540622,1.4252895754955341,0.025396472366488915,44.999611554198154,0.01383520330041737,0.03256751420055104,,0.0,True,2.5,1.0,0.03,0.01,0.75,real_10kg_v1,thruster,real_10kg_x,True,0.0017460317460317458,1.0,0.040952380952380955,0.025396472366488915,0.035077800651041144,0.0,0.03152050828595585,0.012794860617440416,,,constant,real10kg_smc_steady,real10kg_mpc_ltv_v3,-1.0,-1.0,predictive_alpha,1.0,0.8414278576783086,0.30018906342355406,False,0.0,0.8265724668534296,0.0,transformer,16.0,0.0029715994114935724,0.012500000000000011,0.0006679693753177157
real10kg_smc_steady,,1,41009,scn1_env41009,628a1efed4cd7862d29251431f234c979da06e950c2555f6fee1b7f01abe76db,2100,0.01,0.14721861825300803,7.416938704674163,28.986466942061206,0.1180952380952381,0.0,0.0,0.0016666666666666668,0.03848823285368895,0.3180075395245319,1.0,1.0,1.0,1.0,0.13382798791382128,0.14721861825300803,2.8103877461902473,0.11742046022073978,0.12640483548930745,28.986466942061206,1.3803079496219621,0.05825775397086472,44.999613229004666,0.020017655027962104,0.058090468576944554,real10kg_smc_steady,0.0,True,2.5,1.0,0.03,0.01,0.75,real_10kg_v1,thruster,real_10kg_x,True,0.0016666666666666668,1.0,0.039047619047619046,0.05825775397086472,0.0969865404049402,0.0,0.12678439947006484,0.12640483548930745,,,constant,,,,,,,,,,,,,,,,,
real10kg_mpc_ltv_v3,,1,41009,scn1_env41009,628a1efed4cd7862d29251431f234c979da06e950c2555f6fee1b7f01abe76db,2100,0.01,0.05898007187873229,6.917564276308901,30.050885833123704,0.1261904761904762,0.0,0.007619047619047619,0.0002380952380952381,0.01239906440679994,0.2266916682715948,1.0,1.0,1.0,1.0,0.033080848452877905,0.05898007187873229,0.694697817510436,0.010170571560374214,0.010458359761032019,30.050885833123704,1.430994563482081,0.025224717786232212,44.99099088441869,0.011199470471553613,0.03318701627443042,real10kg_mpc_ltv_v3,0.0,True,2.5,1.0,0.03,0.01,0.75,real_10kg_v1,thruster,real_10kg_x,True,0.0002380952380952381,1.0,0.042222222222222223,0.025224717786232212,0.030950412120781267,0.0,0.029175796779350657,0.010458359761032019,,,constant,,,,,,,,,,,,,,,,,
predictive_alpha,31000.0,1,41009,scn1_env41009,628a1efed4cd7862d29251431f234c979da06e950c2555f6fee1b7f01abe76db,2100,0.01,0.048374786894699984,7.341880941483032,29.914848269540506,0.12380952380952381,0.0,0.2523809523809524,0.0016666666666666668,0.012808879307313666,0.19982730088633127,1.0,1.0,1.0,1.0,0.02901188125458321,0.048374786894699984,0.6092495063462474,0.011213715208018667,0.01144087251305802,29.914848269540506,1.4245165842638337,0.03056718169807114,44.999613229004666,0.013755107204807613,0.038144137313724034,,0.0,True,2.5,1.0,0.03,0.01,0.75,real_10kg_v1,thruster,real_10kg_x,True,0.0016666666666666668,1.0,0.04126984126984127,0.03056718169807114,0.044855136287400336,0.0,0.030778603838325966,0.01144087251305802,,,constant,real10kg_smc_steady,real10kg_mpc_ltv_v3,-1.0,-1.0,predictive_alpha,1.0,0.8337401161729113,0.3069728703983862,False,0.0,0.8155462315115368,0.0,transformer,16.0,0.003027587776487739,0.012500000000000011,0.0008204220272972246
predictive_alpha,31001.0,1,41009,scn1_env41009,628a1efed4cd7862d29251431f234c979da06e950c2555f6fee1b7f01abe76db,2100,0.01,0.04824687949252218,7.354279150027115,29.911506200487416,0.12380952380952381,0.0,0.26666666666666666,0.0016666666666666668,0.012954131615621518,0.1980615011659198,1.0,1.0,1.0,1.0,0.029227125429952462,0.04824687949252218,0.6137696340290018,0.011502310679415146,0.011719619536763325,29.911506200487416,1.4243574381184483,0.029594196361432085,44.999613229004666,0.013609653158444132,0.038144137313724034,,0.0,True,2.5,1.0,0.03,0.01,0.75,real_10kg_v1,thruster,real_10kg_x,True,0.0016666666666666668,1.0,0.04103174603174603,0.029594196361432085,0.04285267258557428,0.0,0.0308762704422623,0.011719619536763325,,,constant,real10kg_smc_steady,real10kg_mpc_ltv_v3,-1.0,-1.0,predictive_alpha,1.0,0.8381472632665902,0.297154390022821,False,0.0,0.8233657862188383,0.0,transformer,16.0,0.003017358403911764,0.012500000000000011,0.0007537224089424832
predictive_alpha,31002.0,1,41009,scn1_env41009,628a1efed4cd7862d29251431f234c979da06e950c2555f6fee1b7f01abe76db,2100,0.01,0.04819664948151063,7.336473471639212,29.906126773293938,0.12428571428571429,0.0,0.2571428571428571,0.0016666666666666668,0.013017015814410586,0.19830439522154292,1.0,1.0,1.0,1.0,0.02916695209281175,0.04819664948151063,0.6125059939490468,0.01161147890181123,0.011826295740786091,29.906126773293938,1.424101274918759,0.0291838472954186,44.999613229004666,0.013632725137191564,0.038144137313724034,,0.0,True,2.5,1.0,0.03,0.01,0.75,real_10kg_v1,thruster,real_10kg_x,True,0.0016666666666666668,1.0,0.04126984126984127,0.0291838472954186,0.04215275800754622,0.0,0.031089169651199594,0.011826295740786091,,,constant,real10kg_smc_steady,real10kg_mpc_ltv_v3,-1.0,-1.0,predictive_alpha,1.0,0.8375334531744942,0.30013894407165037,False,0.0,0.8234866946059767,0.0,transformer,16.0,0.003022623068852667,0.012500000000000011,0.0008052432337814889
predictive_alpha,31003.0,1,41009,scn1_env41009,628a1efed4cd7862d29251431f234c979da06e950c2555f6fee1b7f01abe76db,2100,0.01,0.04838769788860363,7.369564234203918,29.905218302985986,0.12380952380952381,0.0,0.24666666666666667,0.0016666666666666668,0.013065436491673457,0.1984175641701255,1.0,1.0,1.0,1.0,0.02942529229372684,0.04838769788860363,0.6179311381682636,0.01170068660057844,0.011913461140668075,29.905218302985986,1.424058014427904,0.028692103923736587,44.999613229004666,0.013331875156324507,0.038144137313724034,,0.0,True,2.5,1.0,0.03,0.01,0.75,real_10kg_v1,thruster,real_10kg_x,True,0.0016666666666666668,1.0,0.04119047619047619,0.028692103923736587,0.041136918299236144,0.0,0.0310228774643367,0.011913461140668075,,,constant,real10kg_smc_steady,real10kg_mpc_ltv_v3,-1.0,-1.0,predictive_alpha,1.0,0.8529366365696963,0.28558722802024855,False,0.0,0.8295980533425297,0.0,transformer,16.0,0.0027358893070857492,0.012500000000000011,0.0007739998828452045
predictive_alpha,31004.0,1,41009,scn1_env41009,628a1efed4cd7862d29251431f234c979da06e950c2555f6fee1b7f01abe76db,2100,0.01,0.04821374674437607,7.333679487458764,29.918157264095044,0.12428571428571429,0.0,0.2795238095238095,0.0016666666666666668,0.012985093323659271,0.1997546944047886,1.0,1.0,1.0,1.0,0.02889011902251722,0.04821374674437607,0.6066924994728616,0.01155336112952494,0.011769746537196323,29.918157264095044,1.4246741554330973,0.02933529498508284,44.999613229004666,0.013459264920644557,0.038144137313724034,,0.0,True,2.5,1.0,0.03,0.01,0.75,real_10kg_v1,thruster,real_10kg_x,True,0.0016666666666666668,1.0,0.04126984126984127,0.02933529498508284,0.04216524340858049,0.0,0.031121382282473502,0.011769746537196323,,,constant,real10kg_smc_steady,real10kg_mpc_ltv_v3,-1.0,-1.0,predictive_alpha,1.0,0.844807558188206,0.2966675197050938,False,0.0,0.8278873009771286,0.0,transformer,16.0,0.0028045996057729523,0.012500000000000011,0.0006448524603649471
real10kg_smc_steady,,1,41010,scn1_env41010,c59df2c773c55ad0a3d5d619b484451042fbc761beafcf08fc6fea5476aea568,2100,0.01,0.15046937214352854,7.435741150811207,29.201080073798085,0.1180952380952381,0.0,0.0,0.002380952380952381,0.03926016169846107,0.3320203236834542,1.0,1.0,1.0,1.0,0.13597151459664267,0.15046937214352854,2.855401806529496,0.1171294867925063,0.1261118795696074,29.201080073798085,1.3905276225618135,0.058006023641808235,44.99961300548745,0.022087212959384806,0.07766597751217257,real10kg_smc_steady,0.0,True,2.5,1.0,0.03,0.01,0.75,real_10kg_v1,thruster,real_10kg_x,True,0.002380952380952381,1.0,0.03873015873015873,0.058006023641808235,0.09587319671800569,0.0,0.12646280559893142,0.1261118795696074,,,constant,,,,,,,,,,,,,,,,,
real10kg_mpc_ltv_v3,,1,41010,scn1_env41010,c59df2c773c55ad0a3d5d619b484451042fbc761beafcf08fc6fea5476aea568,2100,0.01,0.06359914661686404,6.856427858879787,30.129762469088327,0.1280952380952381,0.0,0.008571428571428572,0.00015873015873015873,0.013284206907005817,0.2482890781283897,1.0,1.0,1.0,1.0,0.03499086956183968,0.06359914661686404,0.7348082607986334,0.011673438746454854,0.01189103236427835,30.129762469088327,1.434750593766111,0.02526699239243863,44.99088655997641,0.01478963855528528,0.07766597751529875,real10kg_mpc_ltv_v3,0.0,True,2.5,1.0,0.03,0.01,0.75,real_10kg_v1,thruster,real_10kg_x,True,0.00015873015873015873,1.0,0.043015873015873014,0.02526699239243863,0.030790828921171107,0.0,0.029255150595676842,0.01189103236427835,,,constant,,,,,,,,,,,,,,,,,
predictive_alpha,31000.0,1,41010,scn1_env41010,c59df2c773c55ad0a3d5d619b484451042fbc761beafcf08fc6fea5476aea568,2100,0.01,0.05588602760901745,7.270570805007899,30.06615791003561,0.12571428571428572,0.0,0.25761904761904764,0.0023015873015873015,0.013734154175589718,0.24359477181952094,1.0,1.0,1.0,1.0,0.03177555667350076,0.05588602760901745,0.6672866901435159,0.012147450056218919,0.012360006482323528,30.06615791003561,1.4317218052397909,0.026919629788957743,44.99961300548745,0.016343159542552735,0.07766597751217257,,0.0,True,2.5,1.0,0.03,0.01,0.75,real_10kg_v1,thruster,real_10kg_x,True,0.0023015873015873015,1.0,0.041666666666666664,0.026919629788957743,0.036875379559972256,0.0,0.031057956306051904,0.012360006482323528,,,constant,real10kg_smc_steady,real10kg_mpc_ltv_v3,-1.0,-1.0,predictive_alpha,1.0,0.8436044431182015,0.29895916533579603,False,0.0,0.8244176025815042,0.0,transformer,16.0,0.00298696910380431,0.012500000000000011,0.0006731103961315492
predictive_alpha,31001.0,1,41010,scn1_env41010,c59df2c773c55ad0a3d5d619b484451042fbc761beafcf08fc6fea5476aea568,2100,0.01,0.055017053016530246,7.291250971696196,30.059305363894236,0.12428571428571429,0.0,0.2819047619047619,0.0023015873015873015,0.013690848704792055,0.2416626986030831,1.0,1.0,1.0,1.0,0.03150402149961323,0.055017053016530246,0.6615844514918778,0.012091887653437411,0.012304192478612749,30.059305363894236,1.4313954935187732,0.02685717914730451,44.99961300548745,0.016178861919605696,0.07766597751217257,,0.0,True,2.5,1.0,0.03,0.01,0.75,real_10kg_v1,thruster,real_10kg_x,True,0.0023015873015873015,1.0,0.04126984126984127,0.02685717914730451,0.036862559643665894,0.0,0.03096831781977422,0.012304192478612749,,,constant,real10kg_smc_steady,real10kg_mpc_ltv_v3,-1.0,-1.0,predictive_alpha,1.0,0.8506421521284729,0.28919437950757404,False,0.0,0.8323058922579956,0.0,transformer,16.0,0.002784180787888524,0.012500000000000011,0.000697279023619067
predictive_alpha,31002.0,1,41010,scn1_env41010,c59df2c773c55ad0a3d5d619b484451042fbc761beafcf08fc6fea5476aea568,2100,0.01,0.055575080463198874,7.239957253103108,30.066062819177176,0.12571428571428572,0.0,0.2776190476190476,0.0023015873015873015,0.01318223132167885,0.2427774892038168,1.0,1.0,1.0,1.0,0.03130765282524093,0.055575080463198874,0.6574607093300595,0.011441015948739836,0.011665212261760422,30.066062819177176,1.431717277103675,0.029329216141987052,44.99961300548745,0.01613495696927584,0.07766597751217257,,0.0,True,2.5,1.0,0.03,0.01,0.75,real_10kg_v1,thruster,real_10kg_x,True,0.0023015873015873015,1.0,0.041666666666666664,0.029329216141987052,0.041714639513200535,0.0,0.031038135522247844,0.011665212261760422,,,constant,real10kg_smc_steady,real10kg_mpc_ltv_v3,-1.0,-1.0,predictive_alpha,1.0,0.8347400886379673,0.3068387923870691,False,0.0,0.8188989018710952,0.0,transformer,16.0,0.00292400514966435,0.012500000000000011,0.0007425098004832923
predictive_alpha,31003.0,1,41010,scn1_env41010,c59df2c773c55ad0a3d5d619b484451042fbc761beafcf08fc6fea5476aea568,2100,0.01,0.055990705057310415,7.328914626615266,30.0688524888276,0.12571428571428572,0.0,0.3161904761904762,0.0023015873015873015,0.013160423156649597,0.24313079584752278,1.0,1.0,1.0,1.0,0.03191022553466172,0.055990705057310415,0.6701147362278961,0.011415675906917336,0.011641201095483753,30.0688524888276,1.4318501185155998,0.029251734196823368,44.99961300548745,0.015773454020968317,0.07766597751217257,,0.0,True,2.5,1.0,0.03,0.01,0.75,real_10kg_v1,thruster,real_10kg_x,True,0.0023015873015873015,1.0,0.041666666666666664,0.029251734196823368,0.04122965353909692,0.0,0.0309708552886199,0.011641201095483753,,,constant,real10kg_smc_steady,real10kg_mpc_ltv_v3,-1.0,-1.0,predictive_alpha,1.0,0.8560223840284882,0.2854143213932309,False,0.0,0.8337653653811486,0.0,transformer,16.0,0.0028956290294230524,0.012500000000000011,0.0006870743749062575
predictive_alpha,31004.0,1,41010,scn1_env41010,c59df2c773c55ad0a3d5d619b484451042fbc761beafcf08fc6fea5476aea568,2100,0.01,0.05477975292448669,7.3226774694014845,30.06197102021466,0.12571428571428572,0.0,0.25142857142857145,0.0023015873015873015,0.013186121333196915,0.24135532962626693,1.0,1.0,1.0,1.0,0.03115464670240561,0.05477975292448669,0.6542475807505178,0.011392871210443486,0.01161903075833976,30.06197102021466,1.4315224295340314,0.029381097853263025,44.99961300548745,0.015873942408352132,0.07766597751217257,,0.0,True,2.5,1.0,0.03,0.01,0.75,real_10kg_v1,thruster,real_10kg_x,True,0.0023015873015873015,1.0,0.041666666666666664,0.029381097853263025,0.041599516078576614,0.0,0.031098209983652803,0.01161903075833976,,,constant,real10kg_smc_steady,real10kg_mpc_ltv_v3,-1.0,-1.0,predictive_alpha,1.0,0.8457161852767755,0.295104482854831,False,0.0,0.8287726131862118,0.0,transformer,16.0,0.0029871055262860016,0.012500000000000011,0.0006656264797984219
real10kg_smc_steady,,1,41011,scn1_env41011,a59f92e2dc50b5e5e6f42d0350337bf63f24f427dc7299ad4a933731800914bd,2100,0.01,0.15216495972184402,7.437520500928316,29.08569646518317,0.11761904761904762,0.0,0.0,0.0017460317460317458,0.03966755468913662,0.347710876906828,1.0,1.0,1.0,1.0,0.1368473867306145,0.15216495972184402,2.8737951213429045,0.11743689886460919,0.12638243344944633,29.08569646518317,1.3850331650087224,0.05767333120666471,44.99961241326882,0.02096413163329438,0.06856948981443364,real10kg_smc_steady,0.0,True,2.5,1.0,0.03,0.01,0.75,real_10kg_v1,thruster,real_10kg_x,True,0.0017460317460317458,1.0,0.03880952380952381,0.05767333120666471,0.09476080720937258,0.0,0.1262117083155904,0.12638243344944633,,,constant,,,,,,,,,,,,,,,,,
real10kg_mpc_ltv_v3,,1,41011,scn1_env41011,a59f92e2dc50b5e5e6f42d0350337bf63f24f427dc7299ad4a933731800914bd,2100,0.01,0.0608107229438369,6.979881013588523,30.143102972338937,0.12761904761904763,0.0,0.008571428571428572,0.0002380952380952381,0.013421068925921988,0.22538486379507774,1.0,1.0,1.0,1.0,0.03436090792496509,0.0608107229438369,0.7215790664242668,0.011989006669609314,0.01220625645206917,30.143102972338937,1.4353858558256638,0.02554706811260141,44.991825259609406,0.012351249714055074,0.03534415557524919,real10kg_mpc_ltv_v3,0.0,True,2.5,1.0,0.03,0.01,0.75,real_10kg_v1,thruster,real_10kg_x,True,0.0002380952380952381,1.0,0.04293650793650794,0.02554706811260141,0.030161174842656357,0.0,0.02935501901960713,0.01220625645206917,,,constant,,,,,,,,,,,,,,,,,
predictive_alpha,31000.0,1,41011,scn1_env41011,a59f92e2dc50b5e5e6f42d0350337bf63f24f427dc7299ad4a933731800914bd,2100,0.01,0.05705382267626117,7.342711376083611,29.977418411594446,0.12428571428571429,0.0,0.2842857142857143,0.0017460317460317458,0.013218620042808065,0.25771520855786517,1.0,1.0,1.0,1.0,0.03171729154130344,0.05705382267626117,0.6660631223673723,0.011494170514600416,0.011723959678651474,29.977418411594446,1.4274961148378307,0.029628469793845102,44.99961241326882,0.014393679302788714,0.0412106477743287,,0.0,True,2.5,1.0,0.03,0.01,0.75,real_10kg_v1,thruster,real_10kg_x,True,0.0017460317460317458,1.0,0.04111111111111111,0.029628469793845102,0.04246066845283539,0.0,0.030820785980671794,0.011723959678651474,,,constant,real10kg_smc_steady,real10kg_mpc_ltv_v3,-1.0,-1.0,predictive_alpha,1.0,0.8309896843128524,0.3111664708947988,False,0.0,0.8132714794171486,0.0,transformer,16.0,0.0030616528161998727,0.012500000000000011,0.0007446903801488005
predictive_alpha,31001.0,1,41011,scn1_env41011,a59f92e2dc50b5e5e6f42d0350337bf63f24f427dc7299ad4a933731800914bd,2100,0.01,0.05651940959902639,7.334308095005525,29.975947685586625,0.12285714285714286,0.0,0.2723809523809524,0.0017460317460317458,0.013452544660296441,0.25494634718934656,1.0,1.0,1.0,1.0,0.031769846826845416,0.05651940959902639,0.6671667833637537,0.011932566205544979,0.012151126848918494,29.975947685586625,1.4274260802660297,0.028141051410144228,44.99961241326882,0.014405182374124303,0.040266249031063864,,0.0,True,2.5,1.0,0.03,0.01,0.75,real_10kg_v1,thruster,real_10kg_x,True,0.0017460317460317458,1.0,0.04079365079365079,0.028141051410144228,0.03959873212611254,0.0,0.030969297885031524,0.012151126848918494,,,constant,real10kg_smc_steady,real10kg_mpc_ltv_v3,-1.0,-1.0,predictive_alpha,1.0,0.8352540537097487,0.3036310015683818,False,0.0,0.8223396663429836,0.0,transformer,16.0,0.002997106211145755,0.012500000000000011,0.0007327665878808015
predictive_alpha,31002.0,1,41011,scn1_env41011,a59f92e2dc50b5e5e6f42d0350337bf63f24f427dc7299ad4a933731800914bd,2100,0.01,0.055451707027625655,7.387195726393245,29.975635162936378,0.12428571428571429,0.0,0.24,0.0017460317460317458,0.012798138117368428,0.254249474722975,1.0,1.0,1.0,1.0,0.03115671903964622,0.055451707027625655,0.6542910998325706,0.010691170075536703,0.010955279065941596,29.975635162936378,1.4274111982350657,0.03166533671985995,44.99961241326882,0.013563300794099882,0.040266249031063864,,0.0,True,2.5,1.0,0.03,0.01,0.75,real_10kg_v1,thruster,real_10kg_x,True,0.0017460317460317458,1.0,0.04119047619047619,0.03166533671985995,0.04668105486222535,0.0,0.030913825512862918,0.010955279065941596,,,constant,real10kg_smc_steady,real10kg_mpc_ltv_v3,-1.0,-1.0,predictive_alpha,1.0,0.8372238720255106,0.2997860162898113,False,0.0,0.8263207541499287,0.0,transformer,16.0,0.0030348669508814177,0.012500000000000011,0.0008553446171462232
predictive_alpha,31003.0,1,41011,scn1_env41011,a59f92e2dc50b5e5e6f42d0350337bf63f24f427dc7299ad4a933731800914bd,2100,0.01,0.05584941272836044,7.419166817963152,29.969109726728256,0.12380952380952381,0.0,0.31523809523809526,0.0017460317460317458,0.01332796379063526,0.25444407672493274,1.0,1.0,1.0,1.0,0.031743653517013186,0.05584941272836044,0.6666167238572769,0.011806316257985746,0.012027854048999188,29.969109726728256,1.4271004631775361,0.028183717904883485,44.99961241326882,0.013635252108112427,0.040266249031063864,,0.0,True,2.5,1.0,0.03,0.01,0.75,real_10kg_v1,thruster,real_10kg_x,True,0.0017460317460317458,1.0,0.04103174603174603,0.028183717904883485,0.03968096427814019,0.0,0.031045253869617477,0.012027854048999188,,,constant,real10kg_smc_steady,real10kg_mpc_ltv_v3,-1.0,-1.0,predictive_alpha,1.0,0.8542760603809918,0.28492722608863497,False,0.0,0.8339748384431005,0.0,transformer,16.0,0.002820904111255173,0.012500000000000011,0.0007409769906550705
predictive_alpha,31004.0,1,41011,scn1_env41011,a59f92e2dc50b5e5e6f42d0350337bf63f24f427dc7299ad4a933731800914bd,2100,0.01,0.056113449869805536,7.390958227247764,29.97849215733824,0.12476190476190477,0.0,0.30428571428571427,0.0017460317460317458,0.013259971688347475,0.25540154071791393,1.0,1.0,1.0,1.0,0.03145195776458842,0.056113449869805536,0.6604911130563569,0.01165279049038873,0.011877374119231773,29.97849215733824,1.4275472455875353,0.028874942699433203,44.99961241326882,0.013812292066587496,0.040266249031063864,,0.0,True,2.5,1.0,0.03,0.01,0.75,real_10kg_v1,thruster,real_10kg_x,True,0.0017460317460317458,1.0,0.04111111111111111,0.028874942699433203,0.04084956205008318,0.0,0.031113692180200207,0.011877374119231773,,,constant,real10kg_smc_steady,real10kg_mpc_ltv_v3,-1.0,-1.0,predictive_alpha,1.0,0.8454846822555933,0.29568252009880275,False,0.0,0.8300316274551941,0.0,transformer,16.0,0.002846680179474427,0.012500000000000011,0.0006553780120220014
real10kg_smc_steady,,1,41012,scn1_env41012,2e5a5031b78fb19e9ff3eee8856b3ae19c07db49feac1d49952b55c8cb43dfe5,2100,0.01,0.1499517673428721,7.455537379565622,29.173542745467923,0.11761904761904762,0.0,0.0,0.002142857142857143,0.04064618388282097,0.33187319867789794,1.0,1.0,1.0,1.0,0.13553191140057563,0.1499517673428721,2.8461701394120884,0.11735825046202755,0.12626583847735684,29.173542745467923,1.3892163212127582,0.05808173104854685,44.999613197111,0.019957028170898495,0.05937854378355559,real10kg_smc_steady,0.0,True,2.5,1.0,0.03,0.01,0.75,real_10kg_v1,thruster,real_10kg_x,True,0.002142857142857143,1.0,0.039047619047619046,0.05808173104854685,0.09545886057231778,0.0,0.1264440543333466,0.12626583847735684,,,constant,,,,,,,,,,,,,,,,,
real10kg_mpc_ltv_v3,,1,41012,scn1_env41012,2e5a5031b78fb19e9ff3eee8856b3ae19c07db49feac1d49952b55c8cb43dfe5,2100,0.01,0.06343689842457695,6.832094428261315,30.096938417285546,0.12857142857142856,0.0,0.019523809523809523,0.00015873015873015873,0.013324832066868101,0.25064100594583716,1.0,1.0,1.0,1.0,0.03478864276039556,0.06343689842457695,0.7305614979683068,0.011611027493167635,0.011841876799885664,30.096938417285546,1.4331875436802641,0.026420988818402692,44.990905914748105,0.01196119812670324,0.032007434086788106,real10kg_mpc_ltv_v3,0.0,True,2.5,1.0,0.03,0.01,0.75,real_10kg_v1,thruster,real_10kg_x,True,0.00015873015873015873,1.0,0.043015873015873014,0.026420988818402692,0.03263496285880943,0.0,0.02924090899413685,0.011841876799885664,,,constant,,,,,,,,,,,,,,,,,
predictive_alpha,31000.0,1,41012,scn1_env41012,2e5a5031b78fb19e9ff3eee8856b3ae19c07db49feac1d49952b55c8cb43dfe5,2100,0.01,0.05455032329409727,7.313424322250262,30.03284075430136,0.12428571428571429,0.0,0.2519047619047619,0.002142857142857143,0.01367979462501084,0.23678308111611276,1.0,1.0,1.0,1.0,0.031263063254476677,0.05455032329409727,0.6565243283440103,0.0120663261303921,0.012291395557856268,30.03284075430136,1.4301352740143505,0.02806798104276242,44.999613197111,0.013390167750487703,0.03132938312578323,,0.0,True,2.5,1.0,0.03,0.01,0.75,real_10kg_v1,thruster,real_10kg_x,True,0.002142857142857143,1.0,0.04134920634920635,0.02806798104276242,0.03923471680009584,0.0,0.03102380557852761,0.012291395557856268,,,constant,real10kg_smc_steady,real10kg_mpc_ltv_v3,-1.0,-1.0,predictive_alpha,1.0,0.8420323626557876,0.29869962333869504,False,0.0,0.8174858744075477,0.0,transformer,16.0,0.0029399040466876417,0.012500000000000011,0.0007034596190760372
predictive_alpha,31001.0,1,41012,scn1_env41012,2e5a5031b78fb19e9ff3eee8856b3ae19c07db49feac1d49952b55c8cb43dfe5,2100,0.01,0.05429364925615336,7.295434555141397,30.030307042471478,0.12428571428571429,0.0,0.27,0.002142857142857143,0.013976046470571456,0.23508895812692895,1.0,1.0,1.0,1.0,0.03134509099921043,0.05429364925615336,0.658246910983419,0.012463138710503753,0.012686756727678815,30.030307042471478,1.4300146210700704,0.026547707705072532,44.999613197111,0.013491514216368756,0.03203515204657059,,0.0,True,2.5,1.0,0.03,0.01,0.75,real_10kg_v1,thruster,real_10kg_x,True,0.002142857142857143,1.0,0.04134920634920635,0.026547707705072532,0.036494012724488774,0.0,0.031012474495101035,0.012686756727678815,,,constant,real10kg_smc_steady,real10kg_mpc_ltv_v3,-1.0,-1.0,predictive_alpha,1.0,0.8484924015173335,0.2918119806449546,False,0.0,0.8259439275258531,0.0,transformer,16.0,0.002740902310066852,0.012500000000000011,0.000676744298621792
predictive_alpha,31002.0,1,41012,scn1_env41012,2e5a5031b78fb19e9ff3eee8856b3ae19c07db49feac1d49952b55c8cb43dfe5,2100,0.01,0.05471641141268832,7.264858291412889,30.03470422313576,0.12380952380952381,0.0,0.2780952380952381,0.002142857142857143,0.013772079683499382,0.2364373810804555,1.0,1.0,1.0,1.0,0.03136719537046503,0.05471641141268832,0.6587111027797655,0.012214676784305592,0.012438679915015302,30.03470422313576,1.4302240106255124,0.027654626011696153,44.999613197111,0.01367765982164659,0.03222112744469069,,0.0,True,2.5,1.0,0.03,0.01,0.75,real_10kg_v1,thruster,real_10kg_x,True,0.002142857142857143,1.0,0.04119047619047619,0.027654626011696153,0.03849913527162851,0.0,0.031130839288840497,0.012438679915015302,,,constant,real10kg_smc_steady,real10kg_mpc_ltv_v3,-1.0,-1.0,predictive_alpha,1.0,0.8341235743978286,0.30595059137800945,False,0.0,0.8155781321768605,0.0,transformer,16.0,0.0028979845393565414,0.012500000000000011,0.0007936085907832821
predictive_alpha,31003.0,1,41012,scn1_env41012,2e5a5031b78fb19e9ff3eee8856b3ae19c07db49feac1d49952b55c8cb43dfe5,2100,0.01,0.054839112047418204,7.32903348127879,30.028128459116697,0.12476190476190477,0.0,0.3119047619047619,0.002142857142857143,0.013964923257076598,0.23613222620125052,1.0,1.0,1.0,1.0,0.031827213011941705,0.054839112047418204,0.6683714732507758,0.012472273344130296,0.012696432362443456,30.028128459116697,1.429910879005557,0.026560358194265995,44.999613197111,0.013361733396370678,0.03218960429722581,,0.0,True,2.5,1.0,0.03,0.01,0.75,real_10kg_v1,thruster,real_10kg_x,True,0.002142857142857143,1.0,0.04150793650793651,0.026560358194265995,0.03638350859327133,0.0,0.031167192748089382,0.012696432362443456,,,constant,real10kg_smc_steady,real10kg_mpc_ltv_v3,-1.0,-1.0,predictive_alpha,1.0,0.8533985102247152,0.28751145285193996,False,0.0,0.8272660392695772,0.0,transformer,16.0,0.002718370175208894,0.012500000000000011,0.0006648629962827606
predictive_alpha,31004.0,1,41012,scn1_env41012,2e5a5031b78fb19e9ff3eee8856b3ae19c07db49feac1d49952b55c8cb43dfe5,2100,0.01,0.05486052142890684,7.299645468871716,30.04117654935395,0.12380952380952381,0.0,0.28476190476190477,0.002142857142857143,0.01394222873190444,0.23776738456864965,1.0,1.0,1.0,1.0,0.031433734503474926,0.05486052142890684,0.6601084245729735,0.012420288772943584,0.012644258576212694,30.04117654935395,1.4305322166359025,0.027059672778964657,44.999613197111,0.013644962250562517,0.030989669615811843,,0.0,True,2.5,1.0,0.03,0.01,0.75,real_10kg_v1,thruster,real_10kg_x,True,0.002142857142857143,1.0,0.04119047619047619,0.027059672778964657,0.03715029935300894,0.0,0.03132645588241837,0.012644258576212694,,,constant,real10kg_smc_steady,real10kg_mpc_ltv_v3,-1.0,-1.0,predictive_alpha,1.0,0.8406738129716264,0.3015905881024662,False,0.0,0.8209763251573202,0.0,transformer,16.0,0.002861543781492982,0.012500000000000011,0.0006518035434835577
real10kg_smc_steady,,1,41013,scn1_env41013,8700d9340f94e98177765b4e904e78f93319dc0c22e453e333604222db58afdb,2100,0.01,0.14601543293437286,7.399747290391697,28.948249902003372,0.11619047619047619,0.0,0.0,0.001746031746031746,0.04022289792447589,0.3109486686814975,1.0,1.0,1.0,1.0,0.13302490776212303,0.14601543293437286,2.7935230630045833,0.11723111998897337,0.12610852407884018,28.948249902003372,1.378488090571589,0.05754448046979019,44.99961226444558,0.019443880783094118,0.054922544639751186,real10kg_smc_steady,0.0,True,2.5,1.0,0.03,0.01,0.75,real_10kg_v1,thruster,real_10kg_x,True,0.001746031746031746,1.0,0.03857142857142857,0.05754448046979019,0.0957392248121008,0.0,0.12685584995965996,0.12610852407884018,,,constant,,,,,,,,,,,,,,,,,
real10kg_mpc_ltv_v3,,1,41013,scn1_env41013,8700d9340f94e98177765b4e904e78f93319dc0c22e453e333604222db58afdb,2100,0.01,0.057881404121159635,6.931573790990603,30.023075041153543,0.1261904761904762,0.0,0.007619047619047619,0.00031746031746031746,0.012923612085722859,0.22132505818820875,1.0,1.0,1.0,1.0,0.03265067074526972,0.057881404121159635,0.6856640856506642,0.01018257456108421,0.010492272351341628,30.023075041153543,1.4296702400549306,0.025069583416527548,44.991004320965295,0.010750780342238028,0.03001918661696054,real10kg_mpc_ltv_v3,0.0,True,2.5,1.0,0.03,0.01,0.75,real_10kg_v1,thruster,real_10kg_x,True,0.00031746031746031746,1.0,0.042222222222222223,0.025069583416527548,0.03110251827308822,0.0,0.029109080755380323,0.010492272351341628,,,constant,,,,,,,,,,,,,,,,,
predictive_alpha,31000.0,1,41013,scn1_env41013,8700d9340f94e98177765b4e904e78f93319dc0c22e453e333604222db58afdb,2100,0.01,0.046575773880878704,7.3566037783643665,29.890759116112278,0.12333333333333334,0.0,0.24285714285714285,0.001746031746031746,0.013742797680435065,0.18691322967106092,1.0,1.0,1.0,1.0,0.02861460775433242,0.046575773880878704,0.6009067628409808,0.01176018591382521,0.011992172791090836,29.890759116112278,1.4233694817196323,0.02791248697211498,44.99961226444558,0.012913808150585274,0.0287930489127948,,0.0,True,2.5,1.0,0.03,0.01,0.75,real_10kg_v1,thruster,real_10kg_x,True,0.001746031746031746,1.0,0.04111111111111111,0.02791248697211498,0.03960890429180345,0.0,0.0308771807189654,0.011992172791090836,,,constant,real10kg_smc_steady,real10kg_mpc_ltv_v3,-1.0,-1.0,predictive_alpha,1.0,0.8476484118740473,0.2919614682194307,False,0.0,0.8237582545758535,0.0,transformer,16.0,0.002957528807070755,0.012500000000000011,0.0007841971950681276
predictive_alpha,31001.0,1,41013,scn1_env41013,8700d9340f94e98177765b4e904e78f93319dc0c22e453e333604222db58afdb,2100,0.01,0.04619563528133545,7.36569549874027,29.89352143987383,0.12333333333333334,0.0,0.2714285714285714,0.001746031746031746,0.013300036792479354,0.18440907970593257,1.0,1.0,1.0,1.0,0.02833973648195902,0.04619563528133545,0.5951344661211394,0.010969623500596699,0.011228377436678223,29.89352143987383,1.4235010209463728,0.030418821128053917,44.99961226444558,0.012366145433871911,0.029124235963951167,,0.0,True,2.5,1.0,0.03,0.01,0.75,real_10kg_v1,thruster,real_10kg_x,True,0.001746031746031746,1.0,0.04103174603174603,0.030418821128053917,0.04476655155137199,0.0,0.030681673761157813,0.011228377436678223,,,constant,real10kg_smc_steady,real10kg_mpc_ltv_v3,-1.0,-1.0,predictive_alpha,1.0,0.8490479644422554,0.2848234883771699,False,0.0,0.8255828880873465,0.0,transformer,16.0,0.002914225785788885,0.012500000000000011,0.0007867087440659934
predictive_alpha,31002.0,1,41013,scn1_env41013,8700d9340f94e98177765b4e904e78f93319dc0c22e453e333604222db58afdb,2100,0.01,0.046495504842871765,7.334872639546573,29.89105468285211,0.12333333333333334,0.0,0.30047619047619045,0.001746031746031746,0.013258652118844496,0.18612755844970572,1.0,1.0,1.0,1.0,0.028365274622805248,0.046495504842871765,0.5956707670789102,0.010931204525084736,0.011191691463320861,29.89105468285211,1.4233835563262909,0.030677815855359305,44.99961226444558,0.01260015508816223,0.02922206783013359,,0.0,True,2.5,1.0,0.03,0.01,0.75,real_10kg_v1,thruster,real_10kg_x,True,0.001746031746031746,1.0,0.04111111111111111,0.030677815855359305,0.045363130227981024,0.0,0.0309038630395586,0.011191691463320861,,,constant,real10kg_smc_steady,real10kg_mpc_ltv_v3,-1.0,-1.0,predictive_alpha,1.0,0.8375606967661949,0.2983662267788678,False,0.0,0.820807683245678,0.0,transformer,16.0,0.002985412808136049,0.012500000000000011,0.0008993401834227941
predictive_alpha,31003.0,1,41013,scn1_env41013,8700d9340f94e98177765b4e904e78f93319dc0c22e453e333604222db58afdb,2100,0.01,0.04655784544676997,7.36916872813037,29.889457487595532,0.12333333333333334,0.0,0.2661904761904762,0.001746031746031746,0.01327739813279254,0.18527909842892462,1.0,1.0,1.0,1.0,0.028586349592213917,0.04655784544676997,0.6003133414364923,0.010921163281443684,0.011182696785812287,29.889457487595532,1.4233074994093111,0.030500877472890167,44.99961226444558,0.012254629601082652,0.029302806144838517,,0.0,True,2.5,1.0,0.03,0.01,0.75,real_10kg_v1,thruster,real_10kg_x,True,0.001746031746031746,1.0,0.04111111111111111,0.030500877472890167,0.04491982246624591,0.0,0.030843051951652687,0.011182696785812287,,,constant,real10kg_smc_steady,real10kg_mpc_ltv_v3,-1.0,-1.0,predictive_alpha,1.0,0.8538938920619742,0.28326132049676506,False,0.0,0.8287651684028762,0.0,transformer,16.0,0.002757552074308995,0.012500000000000011,0.0007748641666143673
predictive_alpha,31004.0,1,41013,scn1_env41013,8700d9340f94e98177765b4e904e78f93319dc0c22e453e333604222db58afdb,2100,0.01,0.04628348935899882,7.331155075320463,29.9026602781381,0.12380952380952381,0.0,0.2561904761904762,0.001746031746031746,0.013687914826669284,0.1868022890121418,1.0,1.0,1.0,1.0,0.028181499187282986,0.04628348935899882,0.5918114829329427,0.011676599263641937,0.011910454980863208,29.9026602781381,1.423936203720862,0.028424880909030194,44.99961226444558,0.01292152710979256,0.02813317327807946,,0.0,True,2.5,1.0,0.03,0.01,0.75,real_10kg_v1,thruster,real_10kg_x,True,0.001746031746031746,1.0,0.04119047619047619,0.028424880909030194,0.04023492901778865,0.0,0.030990720199610994,0.011910454980863208,,,constant,real10kg_smc_steady,real10kg_mpc_ltv_v3,-1.0,-1.0,predictive_alpha,1.0,0.8456634804043515,0.2960485799948913,False,0.0,0.825070904378247,0.0,transformer,16.0,0.0029025450138625854,0.012500000000000011,0.0007062869549675794
real10kg_smc_steady,,1,41014,scn1_env41014,1991967a150a7108deffcd053ee63685ec140a9ea7eb389da26dc5657e45ead1,2100,0.01,0.1533734008598934,7.469598562054276,29.25077950865896,0.11904761904761904,0.0,0.0,0.002222222222222222,0.03824126840188517,0.35115697927478107,1.0,1.0,1.0,1.0,0.13756361535596517,0.1533734008598934,2.8888359224752684,0.11715690455484362,0.12611401896295504,29.25077950865896,1.3928942623170935,0.05789815829856208,44.99961272289926,0.0202212115669409,0.06486391679396208,real10kg_smc_steady,0.0,True,2.5,1.0,0.03,0.01,0.75,real_10kg_v1,thruster,real_10kg_x,True,0.002222222222222222,1.0,0.03896825396825397,0.05789815829856208,0.09536862408852338,0.0,0.1261903019935991,0.12611401896295504,,,constant,,,,,,,,,,,,,,,,,
real10kg_mpc_ltv_v3,,1,41014,scn1_env41014,1991967a150a7108deffcd053ee63685ec140a9ea7eb389da26dc5657e45ead1,2100,0.01,0.06535682232077397,6.84877832439211,30.14591464591046,0.1295238095238095,0.0,0.008095238095238095,0.00031746031746031746,0.013537551789485595,0.26128922538338417,1.0,1.0,1.0,1.0,0.035718176440404634,0.06535682232077397,0.7500817052484974,0.012304345028488855,0.012500352382361765,30.14591464591046,1.435519745043355,0.023588722121265646,44.99122033872542,0.012318596741184783,0.03261182324365086,real10kg_mpc_ltv_v3,0.0,True,2.5,1.0,0.03,0.01,0.75,real_10kg_v1,thruster,real_10kg_x,True,0.00031746031746031746,1.0,0.04341269841269841,0.023588722121265646,0.02715697389007077,0.0,0.029304870794100157,0.012500352382361765,,,constant,,,,,,,,,,,,,,,,,
predictive_alpha,31000.0,1,41014,scn1_env41014,1991967a150a7108deffcd053ee63685ec140a9ea7eb389da26dc5657e45ead1,2100,0.01,0.0602307961383163,7.3042491603082444,30.064794714854,0.1261904761904762,0.0,0.2761904761904762,0.002142857142857143,0.013727798614330277,0.2730060130843264,1.0,1.0,1.0,1.0,0.03320955444142767,0.0602307961383163,0.697400643269981,0.012439800145907766,0.012636842201716687,30.064794714854,1.4316568911835237,0.026455400023921778,44.99961272289926,0.014088214775305292,0.036619720596057614,,0.0,True,2.5,1.0,0.03,0.01,0.75,real_10kg_v1,thruster,real_10kg_x,True,0.002142857142857143,1.0,0.041746031746031746,0.026455400023921778,0.0359183072245771,0.0,0.031214575437191125,0.012636842201716687,,,constant,real10kg_smc_steady,real10kg_mpc_ltv_v3,-1.0,-1.0,predictive_alpha,1.0,0.8296638163007137,0.31404817226423654,False,0.0,0.8081401848454871,0.0,transformer,16.0,0.0030351805563317313,0.012500000000000011,0.0006257776995439799
predictive_alpha,31001.0,1,41014,scn1_env41014,1991967a150a7108deffcd053ee63685ec140a9ea7eb389da26dc5657e45ead1,2100,0.01,0.06004010386275793,7.268570745568258,30.0673211941305,0.1261904761904762,0.0,0.24857142857142858,0.002142857142857143,0.013727295693245097,0.27070501009813674,1.0,1.0,1.0,1.0,0.03312587913330093,0.06004010386275793,0.6956434617993196,0.01243873144242246,0.012635643159235219,30.0673211941305,1.4317771997205,0.02621302492842348,44.99961272289926,0.013752759669516687,0.0332842704948724,,0.0,True,2.5,1.0,0.03,0.01,0.75,real_10kg_v1,thruster,real_10kg_x,True,0.002142857142857143,1.0,0.041666666666666664,0.02621302492842348,0.03552593384241746,0.0,0.031165804765671993,0.012635643159235219,,,constant,real10kg_smc_steady,real10kg_mpc_ltv_v3,-1.0,-1.0,predictive_alpha,1.0,0.8392643036260801,0.3008742344865011,False,0.0,0.8186913936795844,0.0,transformer,16.0,0.0028509850271000335,0.012500000000000011,0.0006470000803498215
predictive_alpha,31002.0,1,41014,scn1_env41014,1991967a150a7108deffcd053ee63685ec140a9ea7eb389da26dc5657e45ead1,2100,0.01,0.059423021854096945,7.308265043030747,30.05549341046912,0.1261904761904762,0.0,0.28476190476190477,0.002142857142857143,0.01372546161379072,0.2710212235080814,1.0,1.0,1.0,1.0,0.03296245980349014,0.059423021854096945,0.6922116558732929,0.012439817942486516,0.012637061475193794,30.05549341046912,1.4312139719271009,0.026358873180679816,44.99961272289926,0.013805903669275114,0.03286822747769769,,0.0,True,2.5,1.0,0.03,0.01,0.75,real_10kg_v1,thruster,real_10kg_x,True,0.002142857142857143,1.0,0.041666666666666664,0.026358873180679816,0.03593708634778804,0.0,0.03139036359707216,0.012637061475193794,,,constant,real10kg_smc_steady,real10kg_mpc_ltv_v3,-1.0,-1.0,predictive_alpha,1.0,0.8329894645934438,0.3060857826169633,False,0.0,0.8170439189512815,0.0,transformer,16.0,0.0029766404128574557,0.012500000000000011,0.0007125830007910332
predictive_alpha,31003.0,1,41014,scn1_env41014,1991967a150a7108deffcd053ee63685ec140a9ea7eb389da26dc5657e45ead1,2100,0.01,0.059893540273157186,7.357868505266506,30.055357446940835,0.1261904761904762,0.0,0.2842857142857143,0.002142857142857143,0.013703140072324474,0.27118781768993644,1.0,1.0,1.0,1.0,0.03338577755547885,0.059893540273157186,0.7011013286650558,0.012439922776279609,0.01263697837665277,30.055357446940835,1.431207497473373,0.02588983523117712,44.99961272289926,0.01331623185968238,0.03247388779586499,,0.0,True,2.5,1.0,0.03,0.01,0.75,real_10kg_v1,thruster,real_10kg_x,True,0.002142857142857143,1.0,0.041746031746031746,0.02588983523117712,0.03490558192770287,0.0,0.03135689250055507,0.01263697837665277,,,constant,real10kg_smc_steady,real10kg_mpc_ltv_v3,-1.0,-1.0,predictive_alpha,1.0,0.8525935567476141,0.28867872173898107,False,0.0,0.8284065899649813,0.0,transformer,16.0,0.0027539239340301632,0.012500000000000011,0.0006758915383720929
predictive_alpha,31004.0,1,41014,scn1_env41014,1991967a150a7108deffcd053ee63685ec140a9ea7eb389da26dc5657e45ead1,2100,0.01,0.05993456006007894,7.321706107398081,30.06563704247361,0.1261904761904762,0.0,0.28523809523809524,0.002142857142857143,0.01372990228597809,0.2719951917249622,1.0,1.0,1.0,1.0,0.03301694356134394,0.05993456006007894,0.6933558147882226,0.012439806267309655,0.012636915592063652,30.06563704247361,1.4316970020225528,0.026191025673692494,44.99961272289926,0.013668797829103784,0.03162161933607022,,0.0,True,2.5,1.0,0.03,0.01,0.75,real_10kg_v1,thruster,real_10kg_x,True,0.002142857142857143,1.0,0.041746031746031746,0.026191025673692494,0.03537939920236428,0.0,0.031347091240934516,0.012636915592063652,,,constant,real10kg_smc_steady,real10kg_mpc_ltv_v3,-1.0,-1.0,predictive_alpha,1.0,0.8418408580132771,0.3014935806128445,False,0.0,0.8214624363727246,0.0,transformer,16.0,0.002883595154927372,0.012500000000000011,0.0006149772607535411
real10kg_smc_steady,,1,41015,scn1_env41015,94542c7cffbe8de85086d6561b342869547d6dac90a91ec62f00af9eecb8e5f1,2100,0.01,0.14928746830415268,7.409993963448852,29.074365130261675,0.11761904761904762,0.0,0.0,0.0020634920634920633,0.03913796045624631,0.327561414370306,1.0,1.0,1.0,1.0,0.13513603107147268,0.14928746830415268,2.837856652500926,0.11707210963104693,0.1260845203536437,29.074365130261675,1.3844935776315084,0.057050730413323106,44.99961388989693,0.020901404233666942,0.059391584992779634,real10kg_smc_steady,0.0,True,2.5,1.0,0.03,0.01,0.75,real_10kg_v1,thruster,real_10kg_x,True,0.0020634920634920633,1.0,0.03888888888888889,0.057050730413323106,0.09399383843220548,0.0,0.12650276546395778,0.1260845203536437,,,constant,,,,,,,,,,,,,,,,,
real10kg_mpc_ltv_v3,,1,41015,scn1_env41015,94542c7cffbe8de85086d6561b342869547d6dac90a91ec62f00af9eecb8e5f1,2100,0.01,0.059527011388224825,6.9520238964012435,30.097546610463414,0.12761904761904763,0.0,0.006666666666666667,0.00039682539682539677,0.01251142543844922,0.2248133864845491,1.0,1.0,1.0,1.0,0.03336001720147957,0.059527011388224825,0.7005603612310709,0.010180958805877237,0.010460956439334194,30.097546610463414,1.4332165052601626,0.02439936333625302,44.99131239063404,0.012507495286778449,0.052452295147396154,real10kg_mpc_ltv_v3,0.0,True,2.5,1.0,0.03,0.01,0.75,real_10kg_v1,thruster,real_10kg_x,True,0.00039682539682539677,1.0,0.042777777777777776,0.02439936333625302,0.030247938930957997,0.0,0.0291219535239365,0.010460956439334194,,,constant,,,,,,,,,,,,,,,,,
predictive_alpha,31000.0,1,41015,scn1_env41015,94542c7cffbe8de85086d6561b342869547d6dac90a91ec62f00af9eecb8e5f1,2100,0.01,0.05320056262209831,7.278697319501115,29.98831826247746,0.1261904761904762,0.0,0.30904761904761907,0.0020634920634920633,0.012905525366217703,0.23040293059755323,1.0,1.0,1.0,1.0,0.03042184043129942,0.05320056262209831,0.6388586490572878,0.011078408204467058,0.011303947480144244,29.98831826247746,1.4280151553560696,0.030810424538578712,44.99961388989693,0.014442063992524491,0.05243725591169732,,0.0,True,2.5,1.0,0.03,0.01,0.75,real_10kg_v1,thruster,real_10kg_x,True,0.0020634920634920633,1.0,0.041746031746031746,0.030810424538578712,0.04500909408704594,0.0,0.03076332101804926,0.011303947480144244,,,constant,real10kg_smc_steady,real10kg_mpc_ltv_v3,-1.0,-1.0,predictive_alpha,1.0,0.8356058286018043,0.30508673019947213,False,0.0,0.8171806972821443,0.0,transformer,16.0,0.002996153176049324,0.012500000000000011,0.0007160250903668077
predictive_alpha,31001.0,1,41015,scn1_env41015,94542c7cffbe8de85086d6561b342869547d6dac90a91ec62f00af9eecb8e5f1,2100,0.01,0.05269012871211196,7.281409483428751,29.986597384428816,0.12380952380952381,0.0,0.2733333333333333,0.0020634920634920633,0.013316277537924763,0.22747984828818213,1.0,1.0,1.0,1.0,0.03053645505295745,0.05269012871211196,0.6412655561121064,0.011862702394086192,0.012064713782015075,29.986597384428816,1.4279332087823244,0.028267578331826828,44.99961388989693,0.014552254260277125,0.05243725591169732,,0.0,True,2.5,1.0,0.03,0.01,0.75,real_10kg_v1,thruster,real_10kg_x,True,0.0020634920634920633,1.0,0.04111111111111111,0.028267578331826828,0.039840232692473866,0.0,0.030919666400866932,0.012064713782015075,,,constant,real10kg_smc_steady,real10kg_mpc_ltv_v3,-1.0,-1.0,predictive_alpha,1.0,0.8470930649030353,0.2912776973076832,False,0.0,0.8311009928650622,0.0,transformer,16.0,0.002811311532539027,0.012500000000000011,0.0007449572744480373
predictive_alpha,31002.0,1,41015,scn1_env41015,94542c7cffbe8de85086d6561b342869547d6dac90a91ec62f00af9eecb8e5f1,2100,0.01,0.052608398113973595,7.277664775605308,29.981084142058844,0.12428571428571429,0.0,0.28476190476190477,0.0020634920634920633,0.013241231908053226,0.2283534746405267,1.0,1.0,1.0,1.0,0.030438101651987935,0.052608398113973595,0.6392001346917466,0.011816391289565534,0.01201944638588232,29.981084142058844,1.4276706734313735,0.028527368700352093,44.99961388989693,0.01475030800915734,0.05243725591169732,,0.0,True,2.5,1.0,0.03,0.01,0.75,real_10kg_v1,thruster,real_10kg_x,True,0.0020634920634920633,1.0,0.04119047619047619,0.028527368700352093,0.040510470567283886,0.0,0.03106310950217576,0.01201944638588232,,,constant,real10kg_smc_steady,real10kg_mpc_ltv_v3,-1.0,-1.0,predictive_alpha,1.0,0.8370328757778998,0.30319340947075435,False,0.0,0.8236193968284697,0.0,transformer,16.0,0.0029364504454410037,0.012500000000000011,0.0007367930012529123
predictive_alpha,31003.0,1,41015,scn1_env41015,94542c7cffbe8de85086d6561b342869547d6dac90a91ec62f00af9eecb8e5f1,2100,0.01,0.053383153661736835,7.340080896345792,29.982863568048096,0.12476190476190477,0.0,0.29333333333333333,0.0020634920634920633,0.01328477129654043,0.22976175543645483,1.0,1.0,1.0,1.0,0.031117688682510563,0.053383153661736835,0.6534714623327219,0.011912792070867876,0.012114327819037181,29.982863568048096,1.4277554080022903,0.028019677002505187,44.99961388989693,0.014445319872800204,0.05243725591169732,,0.0,True,2.5,1.0,0.03,0.01,0.75,real_10kg_v1,thruster,real_10kg_x,True,0.0020634920634920633,1.0,0.04134920634920635,0.028019677002505187,0.03919583560334562,0.0,0.031021905503685925,0.012114327819037181,,,constant,real10kg_smc_steady,real10kg_mpc_ltv_v3,-1.0,-1.0,predictive_alpha,1.0,0.8553430602516171,0.2860094095795732,False,0.0,0.8363914674726713,0.0,transformer,16.0,0.002747210172555899,0.012500000000000011,0.0007083347899078806
predictive_alpha,31004.0,1,41015,scn1_env41015,94542c7cffbe8de85086d6561b342869547d6dac90a91ec62f00af9eecb8e5f1,2100,0.01,0.05205017121088539,7.334250715190183,29.984576991355503,0.12571428571428572,0.0,0.29619047619047617,0.0020634920634920633,0.01303747398546257,0.22731382217613913,1.0,1.0,1.0,1.0,0.030117587444079504,0.05205017121088539,0.6324693363256696,0.011438058362335607,0.011650364364873687,29.984576991355503,1.4278369995883573,0.02971580342856821,44.99961388989693,0.01437560589818103,0.05243725591169732,,0.0,True,2.5,1.0,0.03,0.01,0.75,real_10kg_v1,thruster,real_10kg_x,True,0.0020634920634920633,1.0,0.041746031746031746,0.02971580342856821,0.04241792271435004,0.0,0.030971567491706417,0.011650364364873687,,,constant,real10kg_smc_steady,real10kg_mpc_ltv_v3,-1.0,-1.0,predictive_alpha,1.0,0.8454337240152193,0.29578398092512875,False,0.0,0.8305966227035969,0.0,transformer,16.0,0.0029373462159366626,0.012500000000000011,0.0006970008733000972
real10kg_smc_steady,,1,41016,scn1_env41016,d42ebac280f92b0bc0db4db990f7adbc075c2b3b8c3a5bb086b44edb05ad89f9,2100,0.01,0.15175546691306063,7.4675435396408485,29.201600126203502,0.1180952380952381,0.0,0.0,0.002142857142857143,0.03856776729094962,0.3422300760063324,1.0,1.0,1.0,1.0,0.1365834714792807,0.15175546691306063,2.868252901064895,0.11722712549786084,0.126291477409584,29.201600126203502,1.3905523869620715,0.05645414517587985,44.99960913921912,0.020108712548624612,0.06391698606301,real10kg_smc_steady,0.0,True,2.5,1.0,0.03,0.01,0.75,real_10kg_v1,thruster,real_10kg_x,True,0.002142857142857143,1.0,0.03896825396825397,0.05645414517587985,0.09229052960389014,0.0,0.12645286749220835,0.126291477409584,,,constant,,,,,,,,,,,,,,,,,
real10kg_mpc_ltv_v3,,1,41016,scn1_env41016,d42ebac280f92b0bc0db4db990f7adbc075c2b3b8c3a5bb086b44edb05ad89f9,2100,0.01,0.06339469867102637,6.853216206311469,30.132020650289387,0.12857142857142856,0.0,0.006666666666666667,0.0004761904761904762,0.012626403322791031,0.2501582274429858,1.0,1.0,1.0,1.0,0.03461455671662671,0.06339469867102637,0.7269056910491608,0.010797887210707761,0.011048212784402116,30.132020650289387,1.4348581262042566,0.02787321901465218,44.99089439168184,0.011438764710308132,0.03231103637214103,real10kg_mpc_ltv_v3,0.0,True,2.5,1.0,0.03,0.01,0.75,real_10kg_v1,thruster,real_10kg_x,True,0.0004761904761904762,1.0,0.043095238095238096,0.02787321901465218,0.03554214030170953,0.0,0.029285312827296253,0.011048212784402116,,,constant,,,,,,,,,,,,,,,,,
predictive_alpha,31000.0,1,41016,scn1_env41016,d42ebac280f92b0bc0db4db990f7adbc075c2b3b8c3a5bb086b44edb05ad89f9,2100,0.01,0.05721296909758018,7.302521841408973,30.04819958217394,0.12428571428571429,0.0,0.27,0.0020634920634920633,0.013197820676918529,0.2554459179602704,1.0,1.0,1.0,1.0,0.03194348406946549,0.05721296909758018,0.6708131654587753,0.011795329433586873,0.01201697093819412,30.04819958217394,1.4308666467701876,0.02757757275161679,44.99960913921912,0.013828795981414708,0.037565084331682486,,0.0,True,2.5,1.0,0.03,0.01,0.75,real_10kg_v1,thruster,real_10kg_x,True,0.0020634920634920633,1.0,0.04134920634920635,0.02757757275161679,0.03831036993346055,0.0,0.031063745090970155,0.01201697093819412,,,constant,real10kg_smc_steady,real10kg_mpc_ltv_v3,-1.0,-1.0,predictive_alpha,1.0,0.8297816506153469,0.3132703779620556,False,0.0,0.8095625064227109,0.0,transformer,16.0,0.0030063938125328453,0.012500000000000011,0.0007892544799604804
predictive_alpha,31001.0,1,41016,scn1_env41016,d42ebac280f92b0bc0db4db990f7adbc075c2b3b8c3a5bb086b44edb05ad89f9,2100,0.01,0.05693232375927496,7.288081175337009,30.05041265446057,0.12428571428571429,0.0,0.2733333333333333,0.0020634920634920633,0.012869025692737047,0.2532602885554251,1.0,1.0,1.0,1.0,0.031669403680350726,0.05693232375927496,0.6650574772873652,0.011232682519158037,0.01146614901746308,30.05041265446057,1.430972031164789,0.02919632068828371,44.99960913921912,0.013001974078307296,0.03271292183694513,,0.0,True,2.5,1.0,0.03,0.01,0.75,real_10kg_v1,thruster,real_10kg_x,True,0.0020634920634920633,1.0,0.04134920634920635,0.02919632068828371,0.04141638144895904,0.0,0.030922961951900932,0.01146614901746308,,,constant,real10kg_smc_steady,real10kg_mpc_ltv_v3,-1.0,-1.0,predictive_alpha,1.0,0.8399906539356685,0.29684744722476736,False,0.0,0.821165700784574,0.0,transformer,16.0,0.002843852230749326,0.012500000000000011,0.0008386706924859075
predictive_alpha,31002.0,1,41016,scn1_env41016,d42ebac280f92b0bc0db4db990f7adbc075c2b3b8c3a5bb086b44edb05ad89f9,2100,0.01,0.056537992725106144,7.3059597476480995,30.040055066729835,0.12428571428571429,0.0,0.26285714285714284,0.0020634920634920633,0.012838762253211202,0.25348321686804076,1.0,1.0,1.0,1.0,0.03157005023722695,0.056537992725106144,0.6629710549817659,0.011205253411093343,0.011439931626204672,30.040055066729835,1.4304788127014205,0.029366479293810588,44.99960913921912,0.013196482175837283,0.032726225987763535,,0.0,True,2.5,1.0,0.03,0.01,0.75,real_10kg_v1,thruster,real_10kg_x,True,0.0020634920634920633,1.0,0.04134920634920635,0.029366479293810588,0.04192985821440159,0.0,0.03107677302240894,0.011439931626204672,,,constant,real10kg_smc_steady,real10kg_mpc_ltv_v3,-1.0,-1.0,predictive_alpha,1.0,0.8341774527763477,0.3058095270560948,False,0.0,0.8189227667346686,0.0,transformer,16.0,0.0028691956842946706,0.012500000000000011,0.0008148763290210667
predictive_alpha,31003.0,1,41016,scn1_env41016,d42ebac280f92b0bc0db4db990f7adbc075c2b3b8c3a5bb086b44edb05ad89f9,2100,0.01,0.05704183293312464,7.356732220570093,30.0395843992913,0.12428571428571429,0.0,0.2947619047619048,0.0020634920634920633,0.013023842923432564,0.2539462365551198,1.0,1.0,1.0,1.0,0.032107570468164516,0.05704183293312464,0.6742589798314549,0.011542314560018816,0.011768069162906881,30.0395843992913,1.4304563999662523,0.027885685389171636,44.99960913921912,0.012820547709960136,0.032372924326970975,,0.0,True,2.5,1.0,0.03,0.01,0.75,real_10kg_v1,thruster,real_10kg_x,True,0.0020634920634920633,1.0,0.04134920634920635,0.027885685389171636,0.03897885522253299,0.0,0.031083205389134484,0.011768069162906881,,,constant,real10kg_smc_steady,real10kg_mpc_ltv_v3,-1.0,-1.0,predictive_alpha,1.0,0.8542450015202975,0.2868502001439521,False,0.0,0.8292885250411928,0.0,transformer,16.0,0.0026758107514076026,0.012500000000000011,0.0007310750607507426
predictive_alpha,31004.0,1,41016,scn1_env41016,d42ebac280f92b0bc0db4db990f7adbc075c2b3b8c3a5bb086b44edb05ad89f9,2100,0.01,0.05705904189395117,7.319714932912758,30.051903520305807,0.12428571428571429,0.0,0.29285714285714287,0.0020634920634920633,0.013067911481852608,0.2548792995365416,1.0,1.0,1.0,1.0,0.031765327983726735,0.05705904189395117,0.6670718876582614,0.011603875067898839,0.01182850061665988,30.051903520305807,1.431043024776467,0.02802601248775502,44.99960913921912,0.013255003664013684,0.03134085187339353,,0.0,True,2.5,1.0,0.03,0.01,0.75,real_10kg_v1,thruster,real_10kg_x,True,0.0020634920634920633,1.0,0.04134920634920635,0.02802601248775502,0.03899615023745466,0.0,0.031247970711827493,0.01182850061665988,,,constant,real10kg_smc_steady,real10kg_mpc_ltv_v3,-1.0,-1.0,predictive_alpha,1.0,0.8410464491039421,0.30147697192549905,False,0.0,0.8228994296402449,0.0,transformer,16.0,0.0028274748431105197,0.012500000000000011,0.0006456233890762796
real10kg_smc_steady,,1,41017,scn1_env41017,e3f00914118ed5b913f64b7027dbd04644e29dafcfe90a5dd2dc833833746692,2100,0.01,0.15286570685818182,7.4795623712318715,29.24847986387413,0.1180952380952381,0.0,0.0,0.002222222222222222,0.039277915971502673,0.3484827932550727,1.0,1.0,1.0,1.0,0.13722140046575534,0.15286570685818182,2.8816494097808625,0.11735861312127102,0.12638227582573314,29.24847986387413,1.3927847554225776,0.057516579636085974,44.99961382869706,0.0203264477399937,0.06465729622470118,real10kg_smc_steady,0.0,True,2.5,1.0,0.03,0.01,0.75,real_10kg_v1,thruster,real_10kg_x,True,0.002222222222222222,1.0,0.039047619047619046,0.057516579636085974,0.0936175629163433,0.0,0.12629842401485264,0.12638227582573314,,,constant,,,,,,,,,,,,,,,,,
real10kg_mpc_ltv_v3,,1,41017,scn1_env41017,e3f00914118ed5b913f64b7027dbd04644e29dafcfe90a5dd2dc833833746692,2100,0.01,0.06468476596386845,6.839951652855255,30.141687016421983,0.12857142857142856,0.0,0.02238095238095238,0.0002380952380952381,0.013179829634559222,0.25842734180611276,1.0,1.0,1.0,1.0,0.035238216284636685,0.06468476596386845,0.7400025419773704,0.011652679972281562,0.011874261182497391,30.141687016421983,1.4353184293534278,0.02666187769830347,44.991009588864124,0.011783592275888911,0.032289403076156464,real10kg_mpc_ltv_v3,0.0,True,2.5,1.0,0.03,0.01,0.75,real_10kg_v1,thruster,real_10kg_x,True,0.0002380952380952381,1.0,0.04317460317460318,0.02666187769830347,0.03224715080687919,0.0,0.02924058335626319,0.011874261182497391,,,constant,,,,,,,,,,,,,,,,,
predictive_alpha,31000.0,1,41017,scn1_env41017,e3f00914118ed5b913f64b7027dbd04644e29dafcfe90a5dd2dc833833746692,2100,0.01,0.05887064951237519,7.315707772569709,30.057240151181745,0.12714285714285714,0.0,0.2604761904761905,0.002142857142857143,0.01359642494467117,0.26644990418596315,1.0,1.0,1.0,1.0,0.032562550469346724,0.05887064951237519,0.6838135598562812,0.012122062685685138,0.01233924001570871,30.057240151181745,1.4312971500562737,0.028253200585921494,44.99961382869706,0.013965247696229461,0.03863182589790548,,0.0,True,2.5,1.0,0.03,0.01,0.75,real_10kg_v1,thruster,real_10kg_x,True,0.002142857142857143,1.0,0.0419047619047619,0.028253200585921494,0.03872158302389981,0.0,0.030981969703946868,0.01233924001570871,,,constant,real10kg_smc_steady,real10kg_mpc_ltv_v3,-1.0,-1.0,predictive_alpha,1.0,0.8304170320018249,0.31234072983762456,False,0.0,0.8108079540274948,0.0,transformer,16.0,0.003041145447480398,0.012500000000000011,0.0007608581790147492
predictive_alpha,31001.0,1,41017,scn1_env41017,e3f00914118ed5b913f64b7027dbd04644e29dafcfe90a5dd2dc833833746692,2100,0.01,0.058811457311550755,7.27927366636004,30.05850000910592,0.12571428571428572,0.0,0.30047619047619045,0.002142857142857143,0.0135609764631516,0.26440442605882797,1.0,1.0,1.0,1.0,0.032588104570636246,0.058811457311550755,0.6843501959833611,0.012073519823734228,0.01229061325019293,30.05850000910592,1.4313571432907581,0.028297805214801467,44.99961382869706,0.01368615281434383,0.035300466109728534,,0.0,True,2.5,1.0,0.03,0.01,0.75,real_10kg_v1,thruster,real_10kg_x,True,0.002142857142857143,1.0,0.041428571428571426,0.028297805214801467,0.038860496019331656,0.0,0.031003456346175243,0.01229061325019293,,,constant,real10kg_smc_steady,real10kg_mpc_ltv_v3,-1.0,-1.0,predictive_alpha,1.0,0.835504822843872,0.30396490225406697,False,0.0,0.8183042544652043,0.0,transformer,16.0,0.0028970947615122545,0.012500000000000011,0.0007556472725164976
predictive_alpha,31002.0,1,41017,scn1_env41017,e3f00914118ed5b913f64b7027dbd04644e29dafcfe90a5dd2dc833833746692,2100,0.01,0.05831931653191319,7.3148387014464955,30.047077971645084,0.12666666666666668,0.0,0.37142857142857144,0.002142857142857143,0.013455993046686833,0.2648752324922226,1.0,1.0,1.0,1.0,0.03241633343797386,0.05831931653191319,0.680743002197451,0.01196778243642885,0.012186085752781723,30.047077971645084,1.4308132367450042,0.028778439069266783,44.99961382869706,0.01358006075786179,0.03383861946080946,,0.0,True,2.5,1.0,0.03,0.01,0.75,real_10kg_v1,thruster,real_10kg_x,True,0.002142857142857143,1.0,0.04182539682539683,0.028778439069266783,0.03985886117805109,0.0,0.031160167479701774,0.012186085752781723,,,constant,real10kg_smc_steady,real10kg_mpc_ltv_v3,-1.0,-1.0,predictive_alpha,1.0,0.8336845522598074,0.3065190546949343,False,0.0,0.8201505744268763,0.0,transformer,16.0,0.002934896755277908,0.012500000000000011,0.0008257207156051689
predictive_alpha,31003.0,1,41017,scn1_env41017,e3f00914118ed5b913f64b7027dbd04644e29dafcfe90a5dd2dc833833746692,2100,0.01,0.0585155194648061,7.363133468265647,30.04862335080915,0.12666666666666668,0.0,0.33904761904761904,0.002142857142857143,0.01321457086515636,0.2646454884237139,1.0,1.0,1.0,1.0,0.0325197396603875,0.0585155194648061,0.6829145328681375,0.011548553859080374,0.011774088770331924,30.04862335080915,1.4308868262290073,0.029661830740254826,44.99961382869706,0.012771350984235265,0.030832431651599768,,0.0,True,2.5,1.0,0.03,0.01,0.75,real_10kg_v1,thruster,real_10kg_x,True,0.002142857142857143,1.0,0.04182539682539683,0.029661830740254826,0.04142582520285903,0.0,0.03098535045687756,0.011774088770331924,,,constant,real10kg_smc_steady,real10kg_mpc_ltv_v3,-1.0,-1.0,predictive_alpha,1.0,0.8524171164025388,0.28723864338825267,False,0.0,0.8288935403814096,0.0,transformer,16.0,0.002776898820453372,0.012500000000000011,0.0008342280996153581
predictive_alpha,31004.0,1,41017,scn1_env41017,e3f00914118ed5b913f64b7027dbd04644e29dafcfe90a5dd2dc833833746692,2100,0.01,0.05878097619923107,7.3231338445864695,30.05906567314436,0.12714285714285714,0.0,0.319047619047619,0.002142857142857143,0.013501348415278135,0.2658762667840931,1.0,1.0,1.0,1.0,0.032418565523785546,0.05878097619923107,0.6807898759994965,0.012009139307152979,0.012227151886542683,30.05906567314436,1.4313840796735409,0.028446168869548087,44.99961382869706,0.013476286914623523,0.03239568444597385,,0.0,True,2.5,1.0,0.03,0.01,0.75,real_10kg_v1,thruster,real_10kg_x,True,0.002142857142857143,1.0,0.04182539682539683,0.028446168869548087,0.03898627886083844,0.0,0.031151677049321345,0.012227151886542683,,,constant,real10kg_smc_steady,real10kg_mpc_ltv_v3,-1.0,-1.0,predictive_alpha,1.0,0.8405354982879487,0.30189655121825176,False,0.0,0.8220631028,0.0,transformer,16.0,0.00289407759185131,0.012500000000000011,0.0006621742943412793
real10kg_smc_steady,,1,41018,scn1_env41018,fc78a096affe43aa0db9c3cbaf59503c657307e3b1a0fa808857b2d905545af5,2100,0.01,0.15289234970827506,7.47277275311166,29.199621087280494,0.11761904761904762,0.0,0.0,0.001984126984126984,0.038278056725114674,0.3503672868535108,1.0,1.0,1.0,1.0,0.1372580839705805,0.15289234970827506,2.8824197633821904,0.11731603937284753,0.126317285989072,29.199621087280494,1.3904581470133568,0.057674911496642195,44.9996125788856,0.020578001273357086,0.06637440261355917,real10kg_smc_steady,0.0,True,2.5,1.0,0.03,0.01,0.75,real_10kg_v1,thruster,real_10kg_x,True,0.001984126984126984,1.0,0.03873015873015873,0.057674911496642195,0.09482979444330632,0.0,0.12629383667667146,0.126317285989072,,,constant,,,,,,,,,,,,,,,,,
real10kg_mpc_ltv_v3,,1,41018,scn1_env41018,fc78a096affe43aa0db9c3cbaf59503c657307e3b1a0fa808857b2d905545af5,2100,0.01,0.0638315136248763,6.876452270720356,30.144591444553882,0.1280952380952381,0.0,0.01619047619047619,0.0002380952380952381,0.013514508107840429,0.24874707102200697,1.0,1.0,1.0,1.0,0.03536868544909683,0.0638315136248763,0.7427423944310335,0.01249712721267422,0.01270532409521749,30.144591444553882,1.4354567354549466,0.023603976383142173,44.991369006799516,0.012584859150593722,0.033036241875428696,real10kg_mpc_ltv_v3,0.0,True,2.5,1.0,0.03,0.01,0.75,real_10kg_v1,thruster,real_10kg_x,True,0.0002380952380952381,1.0,0.04293650793650794,0.023603976383142173,0.026506974097178906,0.0,0.029372337116335148,0.01270532409521749,,,constant,,,,,,,,,,,,,,,,,
predictive_alpha,31000.0,1,41018,scn1_env41018,fc78a096affe43aa0db9c3cbaf59503c657307e3b1a0fa808857b2d905545af5,2100,0.01,0.05803560351824787,7.355450911907888,30.02589866853574,0.12428571428571429,0.0,0.24571428571428572,0.0019047619047619048,0.013211350264493276,0.26354325570901194,1.0,1.0,1.0,1.0,0.032211871995151714,0.05803560351824787,0.6764493118981859,0.011945146407209657,0.012157535989764929,30.02589866853574,1.4298046985017019,0.02805277453723824,44.9996125788856,0.014314394735280988,0.03890400579686715,,0.0,True,2.5,1.0,0.03,0.01,0.75,real_10kg_v1,thruster,real_10kg_x,True,0.0019047619047619048,1.0,0.04126984126984127,0.02805277453723824,0.039146174275207446,0.0,0.03105444825344407,0.012157535989764929,,,constant,real10kg_smc_steady,real10kg_mpc_ltv_v3,-1.0,-1.0,predictive_alpha,1.0,0.8306295336452609,0.3109841295188816,False,0.0,0.8116353879302429,0.0,transformer,16.0,0.003092682783968198,0.012500000000000011,0.0007832977740729052
predictive_alpha,31001.0,1,41018,scn1_env41018,fc78a096affe43aa0db9c3cbaf59503c657307e3b1a0fa808857b2d905545af5,2100,0.01,0.05810648123006315,7.31846927477994,30.029000832255896,0.12428571428571429,0.0,0.26857142857142857,0.0019047619047619048,0.013179453108359038,0.26234618633964524,1.0,1.0,1.0,1.0,0.03223633990973707,0.05810648123006315,0.6769631381044785,0.011940009909687684,0.012151521914598515,30.029000832255896,1.429952420583614,0.027939343389675214,44.9996125788856,0.014211953169811931,0.037899657633330364,,0.0,True,2.5,1.0,0.03,0.01,0.75,real_10kg_v1,thruster,real_10kg_x,True,0.0019047619047619048,1.0,0.041428571428571426,0.027939343389675214,0.038978448487382605,0.0,0.03094280779182707,0.012151521914598515,,,constant,real10kg_smc_steady,real10kg_mpc_ltv_v3,-1.0,-1.0,predictive_alpha,1.0,0.8345560404896814,0.3052150539414082,False,0.0,0.8185971775367147,0.0,transformer,16.0,0.0029829182215064622,0.012500000000000011,0.0007093229157155846
predictive_alpha,31002.0,1,41018,scn1_env41018,fc78a096affe43aa0db9c3cbaf59503c657307e3b1a0fa808857b2d905545af5,2100,0.01,0.05722577126799357,7.35669151726424,30.01794777697265,0.12428571428571429,0.0,0.2519047619047619,0.0019047619047619048,0.01316865717942576,0.2617029513352074,1.0,1.0,1.0,1.0,0.03201686248803429,0.05722577126799357,0.67235411224872,0.011941416207824022,0.012153396393790105,30.01794777697265,1.4294260846177453,0.028027265805771903,44.9996125788856,0.01397849032148274,0.03757168861831768,,0.0,True,2.5,1.0,0.03,0.01,0.75,real_10kg_v1,thruster,real_10kg_x,True,0.0019047619047619048,1.0,0.04126984126984127,0.028027265805771903,0.039131012926747165,0.0,0.03121726937908276,0.012153396393790105,,,constant,real10kg_smc_steady,real10kg_mpc_ltv_v3,-1.0,-1.0,predictive_alpha,1.0,0.8355682629554035,0.3030410333286046,False,0.0,0.821710093942737,0.0,transformer,16.0,0.002978028279761295,0.012500000000000011,0.000916927441751126
predictive_alpha,31003.0,1,41018,scn1_env41018,fc78a096affe43aa0db9c3cbaf59503c657307e3b1a0fa808857b2d905545af5,2100,0.01,0.0576129080864507,7.396798822122744,30.016475742851817,0.12476190476190477,0.0,0.25047619047619046,0.0019047619047619048,0.013165632776781167,0.26200757022136173,1.0,1.0,1.0,1.0,0.032314596666488615,0.0576129080864507,0.678606529996261,0.011942179687417934,0.012154169997313046,30.016475742851817,1.4293559877548485,0.027612184398679983,44.9996125788856,0.013555016398448957,0.03757168861831768,,0.0,True,2.5,1.0,0.03,0.01,0.75,real_10kg_v1,thruster,real_10kg_x,True,0.0019047619047619048,1.0,0.041428571428571426,0.027612184398679983,0.03838347531295054,0.0,0.031145750875866372,0.012154169997313046,,,constant,real10kg_smc_steady,real10kg_mpc_ltv_v3,-1.0,-1.0,predictive_alpha,1.0,0.8511370796170135,0.2886906800054353,False,0.0,0.8284809374585305,0.0,transformer,16.0,0.0027437888846613473,0.012500000000000011,0.0007658856989373387
predictive_alpha,31004.0,1,41018,scn1_env41018,fc78a096affe43aa0db9c3cbaf59503c657307e3b1a0fa808857b2d905545af5,2100,0.01,0.05794441184031446,7.3654418911503585,30.029279080174387,0.12333333333333334,0.0,0.26761904761904765,0.0019047619047619048,0.01317088614714455,0.2630540067929273,1.0,1.0,1.0,1.0,0.03213285047728004,0.05794441184031446,0.6747898600228809,0.011941512454204885,0.012153527418582742,30.029279080174387,1.4299656704844947,0.027881500269305786,44.9996125788856,0.013803343274264903,0.03757168861831768,,0.0,True,2.5,1.0,0.03,0.01,0.75,real_10kg_v1,thruster,real_10kg_x,True,0.0019047619047619048,1.0,0.040952380952380955,0.027881500269305786,0.038738658217457075,0.0,0.031298394016032335,0.012153527418582742,,,constant,real10kg_smc_steady,real10kg_mpc_ltv_v3,-1.0,-1.0,predictive_alpha,1.0,0.842683117516811,0.298698079094536,False,0.0,0.8248665448732763,0.0,transformer,16.0,0.0028474469206333226,0.012500000000000011,0.0007080928145398912
real10kg_smc_steady,,1,41019,scn1_env41019,e018b8bb4fa7ab12712858a2ae7a9fc035bab8de51a836a63b65133e6f084661,2100,0.01,0.1545599645406993,7.491692524174121,29.219191930097715,0.11857142857142858,0.0,0.0,0.001984126984126984,0.039725576709434454,0.35954075589150813,1.0,1.0,1.0,1.0,0.13822036651261826,0.1545599645406993,2.9026276967649838,0.11714035274038323,0.12611374304125184,29.219191930097715,1.3913900919094149,0.05921435404159282,44.99961461115188,0.02109462042308867,0.07031453448455735,real10kg_smc_steady,0.0,True,2.5,1.0,0.03,0.01,0.75,real_10kg_v1,thruster,real_10kg_x,True,0.001984126984126984,1.0,0.039047619047619046,0.05921435404159282,0.09826138193407329,0.0,0.1261161298508045,0.12611374304125184,,,constant,,,,,,,,,,,,,,,,,
real10kg_mpc_ltv_v3,,1,41019,scn1_env41019,e018b8bb4fa7ab12712858a2ae7a9fc035bab8de51a836a63b65133e6f084661,2100,0.01,0.06439190570976748,6.897354061670349,30.17159810953738,0.13,0.0,0.011904761904761904,0.00047619047619047614,0.013867766105801264,0.2532758963100865,1.0,1.0,1.0,1.0,0.03566573713573823,0.06439190570976748,0.7489804798505029,0.012554277023094671,0.012759443305456317,30.17159810953738,1.4367427671208277,0.023292368077410492,44.99141170733705,0.012956082959023181,0.03965352739293612,real10kg_mpc_ltv_v3,0.0,True,2.5,1.0,0.03,0.01,0.75,real_10kg_v1,thruster,real_10kg_x,True,0.00047619047619047614,1.0,0.04373015873015873,0.023292368077410492,0.025671089059837792,0.0,0.02926755220728851,0.012759443305456317,,,constant,,,,,,,,,,,,,,,,,
predictive_alpha,31000.0,1,41019,scn1_env41019,e018b8bb4fa7ab12712858a2ae7a9fc035bab8de51a836a63b65133e6f084661,2100,0.01,0.06077293651567094,7.34621266514834,30.033549618294956,0.12761904761904763,0.0,0.26666666666666666,0.0018253968253968253,0.013893589763211752,0.2806177789545053,1.0,1.0,1.0,1.0,0.03325836389720102,0.06077293651567094,0.6984256418412214,0.01245415363826121,0.012659762823142568,30.033549618294956,1.430169029442617,0.026798137826496867,44.99961461115188,0.015161999142129973,0.04447835994013171,,0.0,True,2.5,1.0,0.03,0.01,0.75,real_10kg_v1,thruster,real_10kg_x,True,0.0018253968253968253,1.0,0.04214285714285714,0.026798137826496867,0.036790169344525996,0.0,0.03106592583371354,0.012659762823142568,,,constant,real10kg_smc_steady,real10kg_mpc_ltv_v3,-1.0,-1.0,predictive_alpha,1.0,0.8281506471451363,0.3141196772687318,False,0.0,0.8091325434898248,0.0,transformer,16.0,0.0030584768966004793,0.012500000000000011,0.0007238447640314058
predictive_alpha,31001.0,1,41019,scn1_env41019,e018b8bb4fa7ab12712858a2ae7a9fc035bab8de51a836a63b65133e6f084661,2100,0.01,0.06072503773201078,7.312253219868143,30.037364212009827,0.12666666666666668,0.0,0.2938095238095238,0.0018253968253968253,0.013858809207512908,0.2791556152509109,1.0,1.0,1.0,1.0,0.033251022871818664,0.06072503773201078,0.6982714803081919,0.0124505904729612,0.012655569162300522,30.037364212009827,1.4303506767623726,0.02660590831836366,44.99961461115188,0.015116128086737034,0.04447835994013171,,0.0,True,2.5,1.0,0.03,0.01,0.75,real_10kg_v1,thruster,real_10kg_x,True,0.0018253968253968253,1.0,0.041984126984126985,0.02660590831836366,0.036483568418636696,0.0,0.030927363287663955,0.012655569162300522,,,constant,real10kg_smc_steady,real10kg_mpc_ltv_v3,-1.0,-1.0,predictive_alpha,1.0,0.8316678183453107,0.30892815544583724,False,0.0,0.8168549058493226,0.0,transformer,16.0,0.0029117337980706886,0.012500000000000011,0.0007470506166396164
predictive_alpha,31002.0,1,41019,scn1_env41019,e018b8bb4fa7ab12712858a2ae7a9fc035bab8de51a836a63b65133e6f084661,2100,0.01,0.05947692061337155,7.369734594107706,30.02763034870939,0.12666666666666668,0.0,0.2814285714285714,0.0018253968253968253,0.013846123567852251,0.27840312709641307,1.0,1.0,1.0,1.0,0.03296625886660983,0.05947692061337155,0.6922914361988065,0.012451843992904619,0.012657262434363454,30.02763034870939,1.429887159462352,0.026765056932055283,44.99961461115188,0.014666837598750048,0.04447835994013171,,0.0,True,2.5,1.0,0.03,0.01,0.75,real_10kg_v1,thruster,real_10kg_x,True,0.0018253968253968253,1.0,0.041984126984126985,0.026765056932055283,0.03669398311010473,0.0,0.03124353631748329,0.012657262434363454,,,constant,real10kg_smc_steady,real10kg_mpc_ltv_v3,-1.0,-1.0,predictive_alpha,1.0,0.8358041450485691,0.30140764223157174,False,0.0,0.8229949858285753,0.0,transformer,16.0,0.0031131866617556884,0.012500000000000011,0.0007757486794283901
predictive_alpha,31003.0,1,41019,scn1_env41019,e018b8bb4fa7ab12712858a2ae7a9fc035bab8de51a836a63b65133e6f084661,2100,0.01,0.059845921112561186,7.411157933931816,30.024228896933483,0.12714285714285714,0.0,0.25333333333333335,0.0018253968253968253,0.013856491723194144,0.27865814354030294,1.0,1.0,1.0,1.0,0.03320489817307158,0.059845921112561186,0.6973028616345032,0.012453512793075192,0.012658984224616627,30.024228896933483,1.4297251855682611,0.026246165008078373,44.99961461115188,0.014278103115319933,0.04447835994013171,,0.0,True,2.5,1.0,0.03,0.01,0.75,real_10kg_v1,thruster,real_10kg_x,True,0.0018253968253968253,1.0,0.04206349206349207,0.026246165008078373,0.03581620089250887,0.0,0.031166835044737475,0.012658984224616627,,,constant,real10kg_smc_steady,real10kg_mpc_ltv_v3,-1.0,-1.0,predictive_alpha,1.0,0.850336928963382,0.28878638931660855,False,0.0,0.8286637353254038,0.0,transformer,16.0,0.002753523611171661,0.012500000000000011,0.0007249739041864719
predictive_alpha,31004.0,1,41019,scn1_env41019,e018b8bb4fa7ab12712858a2ae7a9fc035bab8de51a836a63b65133e6f084661,2100,0.01,0.06032679870073068,7.381445387013515,30.031682627627603,0.1280952380952381,0.0,0.30523809523809525,0.0018253968253968253,0.01385710384154135,0.279388654793704,1.0,1.0,1.0,1.0,0.03314442462358669,0.06032679870073068,0.6960329170953204,0.01245295839255898,0.012658431272839351,30.031682627627603,1.4300801251251238,0.026454395384054735,44.99961461115188,0.01450987284436334,0.04447835994013171,,0.0,True,2.5,1.0,0.03,0.01,0.75,real_10kg_v1,thruster,real_10kg_x,True,0.0018253968253968253,1.0,0.042222222222222223,0.026454395384054735,0.03607601657592934,0.0,0.03128022784245967,0.012658431272839351,,,constant,real10kg_smc_steady,real10kg_mpc_ltv_v3,-1.0,-1.0,predictive_alpha,1.0,0.843477645376289,0.29750419468371037,False,0.0,0.8267262623102094,0.0,transformer,16.0,0.002884045890621577,0.012500000000000011,0.0006733741249489081
real10kg_smc_steady,,2,41000,scn2_env41000,51d5451fcbf1c3eaa6c47bcba922cba98d7b493c44c6a511b8f980f1cb0683b4,2100,0.01,0.14982135857980983,7.142951586001838,37.893748594052845,0.19095238095238096,0.0,0.0,0.0011904761904761906,0.32012423141137264,0.3673602969406154,1.0,1.0,1.0,1.0,0.13470247539389232,0.14982135857980983,2.828751983271739,0.16761759204754578,0.17035690226767683,37.893748594052845,1.804464218764421,0.060649151236364544,44.994960419765476,0.020327396612341682,0.06934496520195474,real10kg_smc_steady,0.0,True,2.5,1.0,0.03,0.01,0.75,real_10kg_v1,thruster,real_10kg_x,True,0.0011904761904761906,1.0,0.07904761904761905,0.060649151236364544,0.1010100234904974,0.0,0.12855010982515577,0.17035690226767683,,,sinusoidal,,,,,,,,,,,,,,,,,
real10kg_mpc_ltv_v3,,2,41000,scn2_env41000,51d5451fcbf1c3eaa6c47bcba922cba98d7b493c44c6a511b8f980f1cb0683b4,2100,0.01,0.06261106793222314,7.129206382986568,39.40411751384589,0.25857142857142856,0.0,0.008571428571428572,0.00015873015873015873,0.25457748704603117,0.25457748704603117,1.0,1.0,1.0,1.0,0.036341889978118234,0.06261106793222314,0.763179689540483,0.038288631909612354,0.06912246757080166,39.40411751384589,1.8763865482783755,0.026779835544294223,44.99271349950905,0.011658362066727454,0.030097716500220473,real10kg_mpc_ltv_v3,0.0,True,2.5,1.0,0.03,0.01,0.75,real_10kg_v1,thruster,real_10kg_x,True,0.00015873015873015873,1.0,0.09380952380952381,0.026779835544294223,0.032412629661943464,0.0,0.03877637419481317,0.06912246757080166,,,sinusoidal,,,,,,,,,,,,,,,,,
predictive_alpha,31000.0,2,41000,scn2_env41000,51d5451fcbf1c3eaa6c47bcba922cba98d7b493c44c6a511b8f980f1cb0683b4,2100,0.01,0.0573360300506319,7.09062007383617,39.17077562668824,0.25047619047619046,0.0,0.27095238095238094,0.0011904761904761906,0.25507665419985953,0.25507665419985953,1.0,1.0,1.0,1.0,0.033238892513884025,0.0573360300506319,0.6980167427915646,0.03847615382246841,0.06936760647120092,39.17077562668824,1.865275029842297,0.02895319930227267,44.99493228564316,0.014135041993375279,0.04487294258927832,,0.0,True,2.5,1.0,0.03,0.01,0.75,real_10kg_v1,thruster,real_10kg_x,True,0.0011904761904761906,1.0,0.09007936507936508,0.02895319930227267,0.040207918680125423,0.0,0.03916713307194742,0.06936760647120092,,,sinusoidal,real10kg_smc_steady,real10kg_mpc_ltv_v3,-1.0,-1.0,predictive_alpha,1.0,0.8402029798404625,0.3057816965384859,False,0.0,0.8184758625148485,0.0,transformer,16.0,0.003378112805064552,0.012500000000000011,0.0007179595499422215
predictive_alpha,31001.0,2,41000,scn2_env41000,51d5451fcbf1c3eaa6c47bcba922cba98d7b493c44c6a511b8f980f1cb0683b4,2100,0.01,0.05642176638952328,7.18111008965573,39.163118387473205,0.24952380952380954,0.0,0.2661904761904762,0.0011904761904761906,0.2549253990761672,0.2549253990761672,1.0,1.0,1.0,1.0,0.03300023046555584,0.05642176638952328,0.6930048397766727,0.03856049235488056,0.06931181150922436,39.163118387473205,1.864910399403486,0.027631298288072672,44.99493228564316,0.013929936004603584,0.04194166750091177,,0.0,True,2.5,1.0,0.03,0.01,0.75,real_10kg_v1,thruster,real_10kg_x,True,0.0011904761904761906,1.0,0.08968253968253968,0.027631298288072672,0.03798507939587494,0.0,0.03912400659590398,0.06931181150922436,,,sinusoidal,real10kg_smc_steady,real10kg_mpc_ltv_v3,-1.0,-1.0,predictive_alpha,1.0,0.8470453671135414,0.29452525599791823,False,0.0,0.8229573303709428,0.0,transformer,16.0,0.003401631157179747,0.012500000000000011,0.0007814725135217187
predictive_alpha,31002.0,2,41000,scn2_env41000,51d5451fcbf1c3eaa6c47bcba922cba98d7b493c44c6a511b8f980f1cb0683b4,2100,0.01,0.05602197789700976,7.17701275575394,39.163097238079224,0.24904761904761905,0.0,0.2633333333333333,0.0011904761904761906,0.2548537163114662,0.2548537163114662,1.0,1.0,1.0,1.0,0.03289649166972473,0.05602197789700976,0.6908263250642194,0.03855127485951205,0.06929445381551594,39.163097238079224,1.864909392289487,0.027786991479780955,44.99493228564316,0.013574111802686547,0.034672556131569554,,0.0,True,2.5,1.0,0.03,0.01,0.75,real_10kg_v1,thruster,real_10kg_x,True,0.0011904761904761906,1.0,0.0896031746031746,0.027786991479780955,0.03826822370510686,0.0,0.03919350232950467,0.06929445381551594,,,sinusoidal,real10kg_smc_steady,real10kg_mpc_ltv_v3,-1.0,-1.0,predictive_alpha,1.0,0.8468038687961408,0.293586027925069,False,0.0,0.8232832739384668,0.0,transformer,16.0,0.003316200886635175,0.012500000000000011,0.000755159833424205
predictive_alpha,31003.0,2,41000,scn2_env41000,51d5451fcbf1c3eaa6c47bcba922cba98d7b493c44c6a511b8f980f1cb0683b4,2100,0.01,0.0563425526719003,7.206799595608663,39.15484375948637,0.24857142857142858,0.0,0.29904761904761906,0.0011904761904761906,0.254687276933947,0.254687276933947,1.0,1.0,1.0,1.0,0.03309513479078711,0.0563425526719003,0.6949978306065293,0.03849804163398656,0.06921938442828313,39.15484375948637,1.864516369499351,0.027362428842676968,44.99493228564316,0.013075320075097221,0.03239520766168408,,0.0,True,2.5,1.0,0.03,0.01,0.75,real_10kg_v1,thruster,real_10kg_x,True,0.0011904761904761906,1.0,0.08952380952380952,0.027362428842676968,0.03746233627390838,0.0,0.039161314186170984,0.06921938442828313,,,sinusoidal,real10kg_smc_steady,real10kg_mpc_ltv_v3,-1.0,-1.0,predictive_alpha,1.0,0.8688884570765363,0.2761023977000928,False,0.0,0.8424278268916532,0.0,transformer,16.0,0.0028410974416898708,0.012500000000000011,0.0006503580423201665
predictive_alpha,31004.0,2,41000,scn2_env41000,51d5451fcbf1c3eaa6c47bcba922cba98d7b493c44c6a511b8f980f1cb0683b4,2100,0.01,0.05695328418509276,7.108567340778857,39.1636288291055,0.25,0.0,0.34,0.0011904761904761906,0.254466090284766,0.254466090284766,1.0,1.0,1.0,1.0,0.033192201585921365,0.05695328418509276,0.6970362333043487,0.038605403484551375,0.06914983757221507,39.1636288291055,1.8649347061478807,0.026835347127127995,44.99493228564316,0.013749960869320677,0.034713185224230836,,0.0,True,2.5,1.0,0.03,0.01,0.75,real_10kg_v1,thruster,real_10kg_x,True,0.0011904761904761906,1.0,0.08984126984126985,0.026835347127127995,0.03602478742585054,0.0,0.03920922682690975,0.06914983757221507,,,sinusoidal,real10kg_smc_steady,real10kg_mpc_ltv_v3,-1.0,-1.0,predictive_alpha,1.0,0.8534458778677589,0.2936868973231417,False,0.0,0.829260946487387,0.0,transformer,16.0,0.0030502163460049015,0.012500000000000011,0.0005855672865396341
real10kg_smc_steady,,2,41001,scn2_env41001,1a4a8d31f4408ccf2a07e90e7fd8f9518bd719c0c9b5ebb4a2e28b2d88fa8cc7,2100,0.01,0.15582173641190408,7.206682402112076,38.13175420174679,0.19428571428571428,0.0,0.0,0.0014285714285714286,0.31406115305093,0.3974702720244301,1.0,1.0,1.0,1.0,0.138496179387706,0.15582173641190408,2.908419767141826,0.16731050093224276,0.16984635536752746,38.13175420174679,1.8157978191307995,0.05951109092199213,44.99497901060078,0.020966604561215664,0.07714473480585224,real10kg_smc_steady,0.0,True,2.5,1.0,0.03,0.01,0.75,real_10kg_v1,thruster,real_10kg_x,True,0.0014285714285714286,1.0,0.07968253968253969,0.05951109092199213,0.09734814370809747,0.0,0.1285277760033735,0.16984635536752746,,,sinusoidal,,,,,,,,,,,,,,,,,
real10kg_mpc_ltv_v3,,2,41001,scn2_env41001,1a4a8d31f4408ccf2a07e90e7fd8f9518bd719c0c9b5ebb4a2e28b2d88fa8cc7,2100,0.01,0.06891258922523778,7.043579333368292,39.52363629309688,0.259047619047619,0.0,0.017142857142857144,0.00015873015873015873,0.2535571307187634,0.2535571307187634,1.0,1.0,1.0,1.0,0.0389472415721177,0.06891258922523778,0.8178920730144718,0.03855191289046493,0.06877765723437826,39.52363629309688,1.882077918718899,0.02395630676447115,44.99267338208697,0.012345650636038189,0.03152988617811178,real10kg_mpc_ltv_v3,0.0,True,2.5,1.0,0.03,0.01,0.75,real_10kg_v1,thruster,real_10kg_x,True,0.00015873015873015873,1.0,0.09325396825396826,0.02395630676447115,0.026293214298939358,0.0,0.0388865472351953,0.06877765723437826,,,sinusoidal,,,,,,,,,,,,,,,,,
predictive_alpha,31000.0,2,41001,scn2_env41001,1a4a8d31f4408ccf2a07e90e7fd8f9518bd719c0c9b5ebb4a2e28b2d88fa8cc7,2100,0.01,0.06589923334538998,7.024140825516305,39.309155710845005,0.24857142857142858,0.0,0.28523809523809524,0.0014285714285714286,0.2543040237980521,0.2797730049277802,1.0,1.0,1.0,1.0,0.036371954218363735,0.06589923334538998,0.7638110385856385,0.03860571613178433,0.06909172689859641,39.309155710845005,1.871864557659286,0.027480452798379067,44.9949501614829,0.014791996759220539,0.04833956919073523,,0.0,True,2.5,1.0,0.03,0.01,0.75,real_10kg_v1,thruster,real_10kg_x,True,0.0014285714285714286,1.0,0.08912698412698412,0.027480452798379067,0.03642511559917859,0.0,0.03919779599985628,0.06909172689859641,,,sinusoidal,real10kg_smc_steady,real10kg_mpc_ltv_v3,-1.0,-1.0,predictive_alpha,1.0,0.8373718371575849,0.30823679227130435,False,0.0,0.815067223548734,0.0,transformer,16.0,0.0033241896060353976,0.012500000000000011,0.000691026352598849
predictive_alpha,31001.0,2,41001,scn2_env41001,1a4a8d31f4408ccf2a07e90e7fd8f9518bd719c0c9b5ebb4a2e28b2d88fa8cc7,2100,0.01,0.06509676991305885,7.087858746494958,39.300003499543784,0.24857142857142858,0.0,0.29095238095238096,0.0014285714285714286,0.25429754887413847,0.27836229329501033,1.0,1.0,1.0,1.0,0.035999194838630774,0.06509676991305885,0.7559830916112463,0.038582741688729216,0.06906429988368964,39.300003499543784,1.8714287380735135,0.026956258835866727,44.9949501614829,0.014471404614211623,0.045997226477692166,,0.0,True,2.5,1.0,0.03,0.01,0.75,real_10kg_v1,thruster,real_10kg_x,True,0.0014285714285714286,1.0,0.08912698412698412,0.026956258835866727,0.03569324596819598,0.0,0.039106172774832186,0.06906429988368964,,,sinusoidal,real10kg_smc_steady,real10kg_mpc_ltv_v3,-1.0,-1.0,predictive_alpha,1.0,0.8464868531128965,0.2953687392507822,False,0.0,0.8191244133992032,0.0,transformer,16.0,0.003411538074697393,0.012500000000000011,0.0007008912117487576
predictive_alpha,31002.0,2,41001,scn2_env41001,1a4a8d31f4408ccf2a07e90e7fd8f9518bd719c0c9b5ebb4a2e28b2d88fa8cc7,2100,0.01,0.06496684742558886,7.09341473810045,39.29555477266042,0.24904761904761905,0.0,0.2814285714285714,0.0014285714285714286,0.25425542586335326,0.27774783992969826,1.0,1.0,1.0,1.0,0.03611897156712045,0.06496684742558886,0.7584984029095294,0.03859469151754973,0.06907174178338128,39.29555477266042,1.8712168939362104,0.027163430825453624,44.9949501614829,0.014349269310125352,0.04271647673046325,,0.0,True,2.5,1.0,0.03,0.01,0.75,real_10kg_v1,thruster,real_10kg_x,True,0.0014285714285714286,1.0,0.08912698412698412,0.027163430825453624,0.0360707710978719,0.0,0.03918965048428831,0.06907174178338128,,,sinusoidal,real10kg_smc_steady,real10kg_mpc_ltv_v3,-1.0,-1.0,predictive_alpha,1.0,0.841181858616822,0.30059395827842506,False,0.0,0.8190807844181767,0.0,transformer,16.0,0.003325878019323943,0.012500000000000011,0.0007234555869437347
predictive_alpha,31003.0,2,41001,scn2_env41001,1a4a8d31f4408ccf2a07e90e7fd8f9518bd719c0c9b5ebb4a2e28b2d88fa8cc7,2100,0.01,0.06489967187561722,7.147181330719921,39.284165176269674,0.24857142857142858,0.0,0.24666666666666667,0.0014285714285714286,0.2541648760343868,0.277891389005379,1.0,1.0,1.0,1.0,0.03608386042603206,0.06489967187561722,0.7577610689466733,0.03855562546125595,0.06902422843934526,39.284165176269674,1.8706745322033176,0.02671522146150251,44.9949501614829,0.013457861568032256,0.0337553723139129,,0.0,True,2.5,1.0,0.03,0.01,0.75,real_10kg_v1,thruster,real_10kg_x,True,0.0014285714285714286,1.0,0.08896825396825397,0.02671522146150251,0.03511264125922653,0.0,0.0391691348815006,0.06902422843934526,,,sinusoidal,real10kg_smc_steady,real10kg_mpc_ltv_v3,-1.0,-1.0,predictive_alpha,1.0,0.8665228434473028,0.2768944557178319,False,0.0,0.8378385461680591,0.0,transformer,16.0,0.0028715827670894385,0.012500000000000011,0.0005884437785915034
predictive_alpha,31004.0,2,41001,scn2_env41001,1a4a8d31f4408ccf2a07e90e7fd8f9518bd719c0c9b5ebb4a2e28b2d88fa8cc7,2100,0.01,0.0658767768322905,7.012344795553658,39.307639297855104,0.24952380952380954,0.0,0.2861904761904762,0.0014285714285714286,0.25408865706539213,0.2794936877577583,1.0,1.0,1.0,1.0,0.03625058864826284,0.0658767768322905,0.7612623616135197,0.038523815270150925,0.06897853204879323,39.307639297855104,1.8717923475169096,0.02722712468513881,44.9949501614829,0.014027427756796173,0.03704831074784981,,0.0,True,2.5,1.0,0.03,0.01,0.75,real_10kg_v1,thruster,real_10kg_x,True,0.0014285714285714286,1.0,0.0892063492063492,0.02722712468513881,0.03574160577179473,0.0,0.0391401169247798,0.06897853204879323,,,sinusoidal,real10kg_smc_steady,real10kg_mpc_ltv_v3,-1.0,-1.0,predictive_alpha,1.0,0.8528315840404393,0.2927666449198621,False,0.0,0.8254068299192225,0.0,transformer,16.0,0.003058902061846998,0.012500000000000011,0.0005640194048831417
real10kg_smc_steady,,2,41002,scn2_env41002,a7e3052043cf690463581e217453669398f6d18f39f0fc3314126d6aec6e1c27,2100,0.01,0.15326478122405685,7.1943779592286035,38.060373180607876,0.19095238095238096,0.0,0.0,0.001349206349206349,0.30864053429891336,0.38308443168385703,1.0,1.0,1.0,1.0,0.1370475917147796,0.15326478122405685,2.877999426010372,0.16668412130139243,0.1690517803196345,38.060373180607876,1.8123987228860894,0.05926675734508271,44.993511702115526,0.020224574277537037,0.06795147520654063,real10kg_smc_steady,0.0,True,2.5,1.0,0.03,0.01,0.75,real_10kg_v1,thruster,real_10kg_x,True,0.001349206349206349,1.0,0.07809523809523809,0.05926675734508271,0.0973387809582339,0.0,0.12842395088093211,0.1690517803196345,,,sinusoidal,,,,,,,,,,,,,,,,,
real10kg_mpc_ltv_v3,,2,41002,scn2_env41002,a7e3052043cf690463581e217453669398f6d18f39f0fc3314126d6aec6e1c27,2100,0.01,0.06928776332953193,6.9261406764753115,39.415322871791915,0.2619047619047619,0.0,0.009523809523809525,0.00031746031746031746,0.2529343595745331,0.2566591626594765,1.0,1.0,1.0,1.0,0.039236978075008304,0.06928776332953193,0.8239765395751744,0.03876374232490322,0.06860261623156717,39.415322871791915,1.8769201367519959,0.022406436710121155,44.99203582465145,0.012654429032543374,0.032179539915588584,real10kg_mpc_ltv_v3,0.0,True,2.5,1.0,0.03,0.01,0.75,real_10kg_v1,thruster,real_10kg_x,True,0.00031746031746031746,1.0,0.09420634920634921,0.022406436710121155,0.023422905009179887,0.0,0.03895271201446983,0.06860261623156717,,,sinusoidal,,,,,,,,,,,,,,,,,
predictive_alpha,31000.0,2,41002,scn2_env41002,a7e3052043cf690463581e217453669398f6d18f39f0fc3314126d6aec6e1c27,2100,0.01,0.0636773154629676,6.910481861539984,39.29505413643553,0.25285714285714284,0.0,0.2785714285714286,0.001349206349206349,0.25394851858409956,0.2622737296895237,1.0,1.0,1.0,1.0,0.03585601309812159,0.0636773154629676,0.7529762750605535,0.03883209198140199,0.06901691563693177,39.29505413643553,1.8711930541159776,0.026733141123805548,44.99349328614845,0.014484282612956478,0.04378781061891607,,0.0,True,2.5,1.0,0.03,0.01,0.75,real_10kg_v1,thruster,real_10kg_x,True,0.001349206349206349,1.0,0.09063492063492064,0.026733141123805548,0.03443338559572953,0.0,0.03925806763394111,0.06901691563693177,,,sinusoidal,real10kg_smc_steady,real10kg_mpc_ltv_v3,-1.0,-1.0,predictive_alpha,1.0,0.8375357243292999,0.3082908376021409,False,0.0,0.8138232496506091,0.0,transformer,16.0,0.003371990703775093,0.012500000000000011,0.0006488397112324819
predictive_alpha,31001.0,2,41002,scn2_env41002,a7e3052043cf690463581e217453669398f6d18f39f0fc3314126d6aec6e1c27,2100,0.01,0.062193178389712236,7.00725731806748,39.25760098051495,0.2523809523809524,0.0,0.3395238095238095,0.001349206349206349,0.2539124834135336,0.25947430301939467,1.0,1.0,1.0,1.0,0.03526757752228266,0.062193178389712236,0.7406191279679359,0.03881037461586929,0.06898754775260542,39.25760098051495,1.869409570500712,0.026132011950092463,44.99349328614845,0.014031340002573757,0.039764075001991805,,0.0,True,2.5,1.0,0.03,0.01,0.75,real_10kg_v1,thruster,real_10kg_x,True,0.001349206349206349,1.0,0.09031746031746032,0.026132011950092463,0.033815459332535644,0.0,0.03917505311906543,0.06898754775260542,,,sinusoidal,real10kg_smc_steady,real10kg_mpc_ltv_v3,-1.0,-1.0,predictive_alpha,1.0,0.8446803527513772,0.2959990090520818,False,0.0,0.8155072796380236,0.0,transformer,16.0,0.003466564859147084,0.012500000000000011,0.000724469711595127
predictive_alpha,31002.0,2,41002,scn2_env41002,a7e3052043cf690463581e217453669398f6d18f39f0fc3314126d6aec6e1c27,2100,0.01,0.06344158892817434,6.878954171159637,39.28537956636911,0.2523809523809524,0.0,0.3485714285714286,0.001349206349206349,0.2538822524875033,0.2607996628458694,1.0,1.0,1.0,1.0,0.03582293706740126,0.06344158892817434,0.7522816784154265,0.03881302371410784,0.06898601910839024,39.28537956636911,1.8707323603032908,0.026658927676261514,44.99349328614845,0.014290373637566548,0.041152969258998306,,0.0,True,2.5,1.0,0.03,0.01,0.75,real_10kg_v1,thruster,real_10kg_x,True,0.001349206349206349,1.0,0.09031746031746032,0.026658927676261514,0.03435335492923908,0.0,0.03924206959154355,0.06898601910839024,,,sinusoidal,real10kg_smc_steady,real10kg_mpc_ltv_v3,-1.0,-1.0,predictive_alpha,1.0,0.8384340835039692,0.30568817987844993,False,0.0,0.8127764549654066,0.0,transformer,16.0,0.0034672686093016793,0.012500000000000011,0.000646450674853392
predictive_alpha,31003.0,2,41002,scn2_env41002,a7e3052043cf690463581e217453669398f6d18f39f0fc3314126d6aec6e1c27,2100,0.01,0.06343160960752253,6.9343542934436355,39.26422963281464,0.2523809523809524,0.0,0.3333333333333333,0.001349206349206349,0.2538207425639639,0.26103489946238034,1.0,1.0,1.0,1.0,0.035868303807363514,0.06343160960752253,0.7532343799546338,0.038793873030784486,0.06896239104666824,39.26422963281464,1.869725220610221,0.02609818361633237,44.99349328614845,0.013450335915210622,0.03493257456773663,,0.0,True,2.5,1.0,0.03,0.01,0.75,real_10kg_v1,thruster,real_10kg_x,True,0.001349206349206349,1.0,0.09031746031746032,0.02609818361633237,0.0334719084441825,0.0,0.03923656805577319,0.06896239104666824,,,sinusoidal,real10kg_smc_steady,real10kg_mpc_ltv_v3,-1.0,-1.0,predictive_alpha,1.0,0.8617862296179748,0.2834538637687834,False,0.0,0.8314680153652582,0.0,transformer,16.0,0.0030310837712980267,0.012500000000000011,0.0006471812396268672
predictive_alpha,31004.0,2,41002,scn2_env41002,a7e3052043cf690463581e217453669398f6d18f39f0fc3314126d6aec6e1c27,2100,0.01,0.06343170462472777,6.8884766599291645,39.27792605274354,0.2523809523809524,0.0,0.2652380952380952,0.001349206349206349,0.2537049499779245,0.2613393858238576,1.0,1.0,1.0,1.0,0.035652959152464775,0.06343170462472777,0.7487121422017603,0.038750106429107,0.06889816319160368,39.27792605274354,1.8703774310830257,0.026488547291238052,44.99349328614845,0.013959051936447708,0.03617828313313076,,0.0,True,2.5,1.0,0.03,0.01,0.75,real_10kg_v1,thruster,real_10kg_x,True,0.001349206349206349,1.0,0.09031746031746032,0.026488547291238052,0.034066762359889514,0.0,0.03919954618280551,0.06889816319160368,,,sinusoidal,real10kg_smc_steady,real10kg_mpc_ltv_v3,-1.0,-1.0,predictive_alpha,1.0,0.8475669895924318,0.2986706307930181,False,0.0,0.8173882245809018,0.0,transformer,16.0,0.0032196129304548076,0.012500000000000011,0.0005923847943913849
real10kg_smc_steady,,2,41003,scn2_env41003,9d096523b8c9229a567fef3150fce7919d670da540f8143a9fa7f3f6b74b5693,2100,0.01,0.14960206855520974,7.1644043774035415,37.920881096664644,0.18523809523809523,0.0,0.0,0.0014285714285714286,0.30902701477164735,0.36415669458307,1.0,1.0,1.0,1.0,0.13475272036982394,0.14960206855520974,2.829807127766303,0.16680972330768898,0.16919858606363458,37.920881096664644,1.8057562426983162,0.059409840487737654,44.99350964324941,0.020299524745765473,0.06278530819194575,real10kg_smc_steady,0.0,True,2.5,1.0,0.03,0.01,0.75,real_10kg_v1,thruster,real_10kg_x,True,0.0014285714285714286,1.0,0.07682539682539682,0.059409840487737654,0.09809500484125716,0.0,0.1283442257757174,0.16919858606363458,,,sinusoidal,,,,,,,,,,,,,,,,,
real10kg_mpc_ltv_v3,,2,41003,scn2_env41003,9d096523b8c9229a567fef3150fce7919d670da540f8143a9fa7f3f6b74b5693,2100,0.01,0.06781150035593568,6.939686054728135,39.310617324122454,0.25952380952380955,0.0,0.012380952380952381,0.00039682539682539677,0.2554835946242689,0.2554835946242689,1.0,1.0,1.0,1.0,0.03890428483449259,0.06781150035593568,0.8169899815243444,0.03758310915197131,0.06934948244173635,39.310617324122454,1.8719341582915452,0.023978797042623422,44.99197169164381,0.012820989219153391,0.04174225407270263,real10kg_mpc_ltv_v3,0.0,True,2.5,1.0,0.03,0.01,0.75,real_10kg_v1,thruster,real_10kg_x,True,0.00039682539682539677,1.0,0.09420634920634921,0.023978797042623422,0.02756169473064548,0.0,0.03919568091845251,0.06934948244173635,,,sinusoidal,,,,,,,,,,,,,,,,,
predictive_alpha,31000.0,2,41003,scn2_env41003,9d096523b8c9229a567fef3150fce7919d670da540f8143a9fa7f3f6b74b5693,2100,0.01,0.05907091054971203,6.8944168184197725,39.23395428554396,0.24857142857142858,0.0,0.3419047619047619,0.0014285714285714286,0.2558724607197765,0.2558724607197765,1.0,1.0,1.0,1.0,0.033753975467787745,0.05907091054971203,0.7088334848235427,0.038269385675138747,0.06963302384741508,39.23395428554396,1.868283537406855,0.031476069796044163,44.9934903894241,0.013996267801459215,0.04170810188594366,,0.0,True,2.5,1.0,0.03,0.01,0.75,real_10kg_v1,thruster,real_10kg_x,True,0.0014285714285714286,1.0,0.08952380952380952,0.031476069796044163,0.04409828851190441,0.0,0.039181792390582344,0.06963302384741508,,,sinusoidal,real10kg_smc_steady,real10kg_mpc_ltv_v3,-1.0,-1.0,predictive_alpha,1.0,0.8435563222305341,0.30163821105908684,False,0.0,0.8199308492538209,0.0,transformer,16.0,0.0033886373731048755,0.012500000000000011,0.0006207503664582644
predictive_alpha,31001.0,2,41003,scn2_env41003,9d096523b8c9229a567fef3150fce7919d670da540f8143a9fa7f3f6b74b5693,2100,0.01,0.05723063467910662,7.0483644596129595,39.17577294239347,0.2480952380952381,0.0,0.38666666666666666,0.0014285714285714286,0.2555561180837735,0.2555561180837735,1.0,1.0,1.0,1.0,0.03302075149243266,0.05723063467910662,0.6934357813410859,0.038426977108794835,0.06951933841522323,39.17577294239347,1.8655129972568318,0.029275744503859842,44.9934903894241,0.013390626679496228,0.04170810188594366,,0.0,True,2.5,1.0,0.03,0.01,0.75,real_10kg_v1,thruster,real_10kg_x,True,0.0014285714285714286,1.0,0.08904761904761904,0.029275744503859842,0.040307264779890356,0.0,0.03909660059377354,0.06951933841522323,,,sinusoidal,real10kg_smc_steady,real10kg_mpc_ltv_v3,-1.0,-1.0,predictive_alpha,1.0,0.858451813204148,0.28004967174265344,False,0.0,0.8276648249199968,0.0,transformer,16.0,0.0032868580311036493,0.012500000000000011,0.0007513950786047799
predictive_alpha,31002.0,2,41003,scn2_env41003,9d096523b8c9229a567fef3150fce7919d670da540f8143a9fa7f3f6b74b5693,2100,0.01,0.059259382938305974,6.86614135585695,39.24264707908554,0.24952380952380954,0.0,0.3466666666666667,0.0014285714285714286,0.2552584854181381,0.2552584854181381,1.0,1.0,1.0,1.0,0.034055012546511096,0.059259382938305974,0.715155263476733,0.03857436843488146,0.06944861584131594,39.24264707908554,1.8686974799564546,0.028787042994467715,44.9934903894241,0.014359330561698925,0.04170810188594366,,0.0,True,2.5,1.0,0.03,0.01,0.75,real_10kg_v1,thruster,real_10kg_x,True,0.0014285714285714286,1.0,0.08928571428571429,0.028787042994467715,0.03849957207702735,0.0,0.03917763336923333,0.06944861584131594,,,sinusoidal,real10kg_smc_steady,real10kg_mpc_ltv_v3,-1.0,-1.0,predictive_alpha,1.0,0.8424658665101452,0.30130468726641657,False,0.0,0.8167179113817179,0.0,transformer,16.0,0.003362821447401429,0.012500000000000011,0.0007061114717973643
predictive_alpha,31003.0,2,41003,scn2_env41003,9d096523b8c9229a567fef3150fce7919d670da540f8143a9fa7f3f6b74b5693,2100,0.01,0.05858071400868048,6.9337485164784285,39.192959022474874,0.2480952380952381,0.0,0.3171428571428571,0.0014285714285714286,0.25557017194716847,0.25557017194716847,1.0,1.0,1.0,1.0,0.0336931924949166,0.05858071400868048,0.7075570423932486,0.03834501560341926,0.06952888159478993,39.192959022474874,1.8663313820226128,0.030073298061879014,44.9934903894241,0.013205495753797088,0.04170810188594366,,0.0,True,2.5,1.0,0.03,0.01,0.75,real_10kg_v1,thruster,real_10kg_x,True,0.0014285714285714286,1.0,0.0892063492063492,0.030073298061879014,0.041425600947722664,0.0,0.03915186541748101,0.06952888159478993,,,sinusoidal,real10kg_smc_steady,real10kg_mpc_ltv_v3,-1.0,-1.0,predictive_alpha,1.0,0.8681645475766113,0.2759595506121404,False,0.0,0.837591663707225,0.0,transformer,16.0,0.0029364826479066613,0.012500000000000011,0.0006029760155372046
predictive_alpha,31004.0,2,41003,scn2_env41003,9d096523b8c9229a567fef3150fce7919d670da540f8143a9fa7f3f6b74b5693,2100,0.01,0.058477939840508995,6.950475117403156,39.19780493342682,0.24904761904761905,0.0,0.29,0.0014285714285714286,0.2551267657450836,0.2551267657450836,1.0,1.0,1.0,1.0,0.03362101149547071,0.058477939840508995,0.706041241404885,0.038453143518099066,0.06936292920613651,39.19780493342682,1.8665621396869916,0.02879366888037512,44.9934903894241,0.013649265038484517,0.04170810188594366,,0.0,True,2.5,1.0,0.03,0.01,0.75,real_10kg_v1,thruster,real_10kg_x,True,0.0014285714285714286,1.0,0.0892063492063492,0.02879366888037512,0.038750453750039736,0.0,0.03913793742262204,0.06936292920613651,,,sinusoidal,real10kg_smc_steady,real10kg_mpc_ltv_v3,-1.0,-1.0,predictive_alpha,1.0,0.8577279581801776,0.28785530687010674,False,0.0,0.8283797198986369,0.0,transformer,16.0,0.0030536162580171605,0.012500000000000011,0.0005825228240161562
real10kg_smc_steady,,2,41004,scn2_env41004,603079211b92087c4b63321946fd82e45043354fcf1602555230283cd736f148,2100,0.01,0.1511931530999184,7.158944731348915,37.95935160501617,0.18619047619047618,0.0,0.0,0.0011904761904761906,0.30737057729655165,0.37470538559497113,1.0,1.0,1.0,1.0,0.13562059958256123,0.1511931530999184,2.8480325912337863,0.16663412706783934,0.16897074039298163,37.95935160501617,1.8075881716674365,0.059183032736864594,44.99351149143327,0.020243575795235214,0.07054127246311351,real10kg_smc_steady,0.0,True,2.5,1.0,0.03,0.01,0.75,real_10kg_v1,thruster,real_10kg_x,True,0.0011904761904761906,1.0,0.07722222222222222,0.059183032736864594,0.09682399403588345,0.0,0.1282216190151492,0.16897074039298163,,,sinusoidal,,,,,,,,,,,,,,,,,
real10kg_mpc_ltv_v3,,2,41004,scn2_env41004,603079211b92087c4b63321946fd82e45043354fcf1602555230283cd736f148,2100,0.01,0.06551575491873575,7.037678756656681,39.41774600563177,0.2580952380952381,0.0,0.02,0.00031746031746031746,0.25312325999681473,0.25312325999681473,1.0,1.0,1.0,1.0,0.0379186780658417,0.06551575491873575,0.7962922393826757,0.038529502028488115,0.06862551735977217,39.41774600563177,1.8770355240777035,0.02321430438848867,44.992443194962036,0.012294972572524494,0.03093670078094468,real10kg_mpc_ltv_v3,0.0,True,2.5,1.0,0.03,0.01,0.75,real_10kg_v1,thruster,real_10kg_x,True,0.00031746031746031746,1.0,0.09285714285714286,0.02321430438848867,0.024617107861550757,0.0,0.03893990934711912,0.06862551735977217,,,sinusoidal,,,,,,,,,,,,,,,,,
predictive_alpha,31000.0,2,41004,scn2_env41004,603079211b92087c4b63321946fd82e45043354fcf1602555230283cd736f148,2100,0.01,0.06011882398330518,7.006887575272829,39.221280262391076,0.24904761904761905,0.0,0.26904761904761904,0.0011904761904761906,0.25373704136254005,0.25373704136254005,1.0,1.0,1.0,1.0,0.034949283321135685,0.06011882398330518,0.7339349497438493,0.038824564692898994,0.06893991392389404,39.221280262391076,1.867680012494813,0.025222637513286888,44.99349815240581,0.014784646536355563,0.045356957258390396,,0.0,True,2.5,1.0,0.03,0.01,0.75,real_10kg_v1,thruster,real_10kg_x,True,0.0011904761904761906,1.0,0.0884920634920635,0.025222637513286888,0.032058923584689696,0.0,0.0394630342790995,0.06893991392389404,,,sinusoidal,real10kg_smc_steady,real10kg_mpc_ltv_v3,-1.0,-1.0,predictive_alpha,1.0,0.8359395763798726,0.31004162095008103,False,0.0,0.8135184182486098,0.0,transformer,16.0,0.003332138699222611,0.012500000000000011,0.000750274349517516
predictive_alpha,31001.0,2,41004,scn2_env41004,603079211b92087c4b63321946fd82e45043354fcf1602555230283cd736f148,2100,0.01,0.058906315995557935,7.106662436458722,39.20647040371738,0.24761904761904763,0.0,0.2785714285714286,0.0011904761904761906,0.2538696705166689,0.2538696705166689,1.0,1.0,1.0,1.0,0.034476929850533335,0.058906315995557935,0.7240155268612,0.03885843909614769,0.06898817503889666,39.20647040371738,1.8669747811293993,0.024813533633146652,44.99349815240581,0.014426789759553032,0.04208844679848389,,0.0,True,2.5,1.0,0.03,0.01,0.75,real_10kg_v1,thruster,real_10kg_x,True,0.0011904761904761906,1.0,0.0880952380952381,0.024813533633146652,0.03151178915985746,0.0,0.039398197501822586,0.06898817503889666,,,sinusoidal,real10kg_smc_steady,real10kg_mpc_ltv_v3,-1.0,-1.0,predictive_alpha,1.0,0.8438801561015299,0.29609080620282907,False,0.0,0.8190586419937955,0.0,transformer,16.0,0.0034506121881395374,0.012500000000000011,0.0007633667428738132
predictive_alpha,31002.0,2,41004,scn2_env41004,603079211b92087c4b63321946fd82e45043354fcf1602555230283cd736f148,2100,0.01,0.059505015752095755,7.032656593268722,39.20943094959257,0.2480952380952381,0.0,0.27904761904761904,0.0011904761904761906,0.25366458559603255,0.25366458559603255,1.0,1.0,1.0,1.0,0.0348314221056637,0.059505015752095755,0.7314598642189377,0.038795821195469246,0.06890300153572257,39.20943094959257,1.8671157595044081,0.025099955352797413,44.99349815240581,0.014281506404083792,0.03800608435206604,,0.0,True,2.5,1.0,0.03,0.01,0.75,real_10kg_v1,thruster,real_10kg_x,True,0.0011904761904761906,1.0,0.08817460317460317,0.025099955352797413,0.03194429370151094,0.0,0.03944846827829305,0.06890300153572257,,,sinusoidal,real10kg_smc_steady,real10kg_mpc_ltv_v3,-1.0,-1.0,predictive_alpha,1.0,0.8411198151716185,0.3005423863770032,False,0.0,0.816733276553319,0.0,transformer,16.0,0.003383774530456608,0.012500000000000011,0.0008133706837652275
predictive_alpha,31003.0,2,41004,scn2_env41004,603079211b92087c4b63321946fd82e45043354fcf1602555230283cd736f148,2100,0.01,0.05943623869734151,7.083294268640524,39.1986263009834,0.24761904761904763,0.0,0.26,0.0011904761904761906,0.25369683330524684,0.25369683330524684,1.0,1.0,1.0,1.0,0.03479938012144688,0.05943623869734151,0.7307869825503844,0.03881065560990101,0.0689229346947853,39.1986263009834,1.8666012524277809,0.02453871118402371,44.99349815240581,0.01367972335360896,0.03412730662522881,,0.0,True,2.5,1.0,0.03,0.01,0.75,real_10kg_v1,thruster,real_10kg_x,True,0.0011904761904761906,1.0,0.08801587301587302,0.02453871118402371,0.030936586026255423,0.0,0.03945649109490786,0.0689229346947853,,,sinusoidal,real10kg_smc_steady,real10kg_mpc_ltv_v3,-1.0,-1.0,predictive_alpha,1.0,0.8641622083952437,0.2807902749680834,False,0.0,0.8368108833707603,0.0,transformer,16.0,0.0028527248482617634,0.012500000000000011,0.0006986627290003989
predictive_alpha,31004.0,2,41004,scn2_env41004,603079211b92087c4b63321946fd82e45043354fcf1602555230283cd736f148,2100,0.01,0.0598347278083533,7.006515931116697,39.213492889275514,0.2480952380952381,0.0,0.2780952380952381,0.0011904761904761906,0.2535157715818498,0.2535157715818498,1.0,1.0,1.0,1.0,0.03468769694858525,0.0598347278083533,0.7284416359202902,0.03874289816546758,0.06882784849976692,39.213492889275514,1.867309185203596,0.024955917512366588,44.99349815240581,0.014154842699330813,0.03578964612279534,,0.0,True,2.5,1.0,0.03,0.01,0.75,real_10kg_v1,thruster,real_10kg_x,True,0.0011904761904761906,1.0,0.08841269841269842,0.024955917512366588,0.03154744392989382,0.0,0.03940169289843837,0.06882784849976692,,,sinusoidal,real10kg_smc_steady,real10kg_mpc_ltv_v3,-1.0,-1.0,predictive_alpha,1.0,0.8499796100842774,0.2966123523528395,False,0.0,0.8235632779260742,0.0,transformer,16.0,0.003062412947861679,0.012500000000000011,0.0005847673705246188
real10kg_smc_steady,,2,41005,scn2_env41005,f6605d0695f5f7480425ba67230c2225797669354946f22ef91d04837fc4a609,2100,0.01,0.1486818265418577,7.136337011240431,37.86511931117586,0.1919047619047619,0.0,0.0,0.0011904761904761906,0.31300660794758134,0.362330880503614,1.0,1.0,1.0,1.0,0.13397223439117753,0.1486818265418577,2.8134169222147283,0.1671592075145868,0.16966357958387976,37.86511931117586,1.8031009195798027,0.05924184742533791,44.994815412276814,0.020158745487781116,0.06777707790859261,real10kg_smc_steady,0.0,True,2.5,1.0,0.03,0.01,0.75,real_10kg_v1,thruster,real_10kg_x,True,0.0011904761904761906,1.0,0.07849206349206349,0.05924184742533791,0.09847490582696268,0.0,0.1283099206133442,0.16966357958387976,,,sinusoidal,,,,,,,,,,,,,,,,,
real10kg_mpc_ltv_v3,,2,41005,scn2_env41005,f6605d0695f5f7480425ba67230c2225797669354946f22ef91d04837fc4a609,2100,0.01,0.06188083953044755,7.136515751274938,39.389529388923876,0.25952380952380955,0.0,0.009047619047619047,0.00015873015873015873,0.2535660615212793,0.2535660615212793,1.0,1.0,1.0,1.0,0.03630987843598072,0.06188083953044755,0.762507447155595,0.038304192006442694,0.0687369853194218,39.389529388923876,1.8756918756630416,0.024850616286183548,44.99279182885257,0.011977170892433475,0.02993747658871526,real10kg_mpc_ltv_v3,0.0,True,2.5,1.0,0.03,0.01,0.75,real_10kg_v1,thruster,real_10kg_x,True,0.00015873015873015873,1.0,0.09428571428571429,0.024850616286183548,0.027839275996115936,0.0,0.0387223236778051,0.0687369853194218,,,sinusoidal,,,,,,,,,,,,,,,,,
predictive_alpha,31000.0,2,41005,scn2_env41005,f6605d0695f5f7480425ba67230c2225797669354946f22ef91d04837fc4a609,2100,0.01,0.05568968015365623,7.122532474430507,39.15675759508072,0.25,0.0,0.26,0.0011904761904761906,0.25413604664199024,0.25413604664199024,1.0,1.0,1.0,1.0,0.03283620935189101,0.05568968015365623,0.6895603963897112,0.038441575973784566,0.06900060827043464,39.15675759508072,1.8646075045276531,0.027075207699720626,44.99479406449285,0.014154251992564416,0.04285540175980984,,0.0,True,2.5,1.0,0.03,0.01,0.75,real_10kg_v1,thruster,real_10kg_x,True,0.0011904761904761906,1.0,0.09023809523809524,0.027075207699720626,0.036004137168876994,0.0,0.039056055111573194,0.06900060827043464,,,sinusoidal,real10kg_smc_steady,real10kg_mpc_ltv_v3,-1.0,-1.0,predictive_alpha,1.0,0.8421891055635359,0.30222846963603084,False,0.0,0.8201006171346775,0.0,transformer,16.0,0.003354733419678621,0.012500000000000011,0.0006862327346596863
predictive_alpha,31001.0,2,41005,scn2_env41005,f6605d0695f5f7480425ba67230c2225797669354946f22ef91d04837fc4a609,2100,0.01,0.054810059814634264,7.210864152606711,39.14948013912971,0.24952380952380954,0.0,0.24619047619047618,0.0011904761904761906,0.25423973674042233,0.25423973674042233,1.0,1.0,1.0,1.0,0.03251309190255953,0.054810059814634264,0.6827749299537501,0.03847382659663503,0.06904321260627717,39.14948013912971,1.8642609590061767,0.026567891640324453,44.99479406449285,0.013811453645267861,0.03993788325594316,,0.0,True,2.5,1.0,0.03,0.01,0.75,real_10kg_v1,thruster,real_10kg_x,True,0.0011904761904761906,1.0,0.09007936507936508,0.026567891640324453,0.035481331938262486,0.0,0.03899856951065795,0.06904321260627717,,,sinusoidal,real10kg_smc_steady,real10kg_mpc_ltv_v3,-1.0,-1.0,predictive_alpha,1.0,0.8495443460939409,0.28848627138482136,False,0.0,0.8265162918650146,0.0,transformer,16.0,0.003427090486585746,0.012500000000000011,0.0007366417731283256
predictive_alpha,31002.0,2,41005,scn2_env41005,f6605d0695f5f7480425ba67230c2225797669354946f22ef91d04837fc4a609,2100,0.01,0.05432602711808242,7.195702586430494,39.153261679875854,0.24952380952380954,0.0,0.2804761904761905,0.0011904761904761906,0.2540920247070598,0.2540920247070598,1.0,1.0,1.0,1.0,0.032319432317604146,0.05432602711808242,0.6787080786696871,0.03843483831392759,0.06898557687162106,39.153261679875854,1.8644410323750404,0.026725249082099296,44.99479406449285,0.013501474179210349,0.032622756259058916,,0.0,True,2.5,1.0,0.03,0.01,0.75,real_10kg_v1,thruster,real_10kg_x,True,0.0011904761904761906,1.0,0.08992063492063491,0.026725249082099296,0.03570696477890222,0.0,0.039058164926728346,0.06898557687162106,,,sinusoidal,real10kg_smc_steady,real10kg_mpc_ltv_v3,-1.0,-1.0,predictive_alpha,1.0,0.8495179589574776,0.2881062424854764,False,0.0,0.8247541235923944,0.0,transformer,16.0,0.0033141305631168797,0.012500000000000011,0.0007607080625503062
predictive_alpha,31003.0,2,41005,scn2_env41005,f6605d0695f5f7480425ba67230c2225797669354946f22ef91d04837fc4a609,2100,0.01,0.05475021368346993,7.225273784809176,39.14244196586552,0.24952380952380954,0.0,0.2671428571428571,0.0011904761904761906,0.2540829200852928,0.2540829200852928,1.0,1.0,1.0,1.0,0.03259719980575452,0.05475021368346993,0.684541195920845,0.03842299714304225,0.06897662277565089,39.14244196586552,1.863925807898358,0.026411035490788843,44.99479406449285,0.013092326916176403,0.032028978624890264,,0.0,True,2.5,1.0,0.03,0.01,0.75,real_10kg_v1,thruster,real_10kg_x,True,0.0011904761904761906,1.0,0.09,0.026411035490788843,0.03502760164288104,0.0,0.03905083855379159,0.06897662277565089,,,sinusoidal,real10kg_smc_steady,real10kg_mpc_ltv_v3,-1.0,-1.0,predictive_alpha,1.0,0.8705995361010496,0.2724425183756427,False,0.0,0.8440498643718837,0.0,transformer,16.0,0.0028195691817859154,0.012500000000000011,0.0006476760994882493
predictive_alpha,31004.0,2,41005,scn2_env41005,f6605d0695f5f7480425ba67230c2225797669354946f22ef91d04837fc4a609,2100,0.01,0.05506875242868106,7.143042448615642,39.149726032540286,0.24952380952380954,0.0,0.27666666666666667,0.0011904761904761906,0.25397281693288376,0.25397281693288376,1.0,1.0,1.0,1.0,0.03239345728606227,0.05506875242868106,0.6802626030073077,0.03838131966781777,0.06891610013916105,39.149726032540286,1.864272668216204,0.026782982831208703,44.99479406449285,0.013536044553268912,0.03361418000093641,,0.0,True,2.5,1.0,0.03,0.01,0.75,real_10kg_v1,thruster,real_10kg_x,True,0.0011904761904761906,1.0,0.09007936507936508,0.026782982831208703,0.03558301382565419,0.0,0.03900524810260211,0.06891610013916105,,,sinusoidal,real10kg_smc_steady,real10kg_mpc_ltv_v3,-1.0,-1.0,predictive_alpha,1.0,0.8558922394236095,0.28908634355496715,False,0.0,0.8327873179524959,0.0,transformer,16.0,0.0030851863365678775,0.012500000000000011,0.0006005550881914021
real10kg_smc_steady,,2,41006,scn2_env41006,c103856d3e1a3df08fa27a90a4714e901e438818b800f87372eab22a1475ce3d,2100,0.01,0.15205085678485414,7.155970524250182,38.02918878948709,0.1880952380952381,0.0,0.0,0.0015079365079365078,0.31373910417906986,0.38019155292439993,1.0,1.0,1.0,1.0,0.1361185944698551,0.15205085678485414,2.858490483866957,0.1672043806182747,0.16973372539167852,38.02918878948709,1.8109137518803375,0.05918074379224673,44.99351102547458,0.020272966339839864,0.06763250102122023,real10kg_smc_steady,0.0,True,2.5,1.0,0.03,0.01,0.75,real_10kg_v1,thruster,real_10kg_x,True,0.0015079365079365078,1.0,0.07785714285714286,0.05918074379224673,0.09796603966362133,0.0,0.12835664372673586,0.16973372539167852,,,sinusoidal,,,,,,,,,,,,,,,,,
real10kg_mpc_ltv_v3,,2,41006,scn2_env41006,c103856d3e1a3df08fa27a90a4714e901e438818b800f87372eab22a1475ce3d,2100,0.01,0.06707374477728667,7.05130209562812,39.419888979138854,0.26,0.0,0.006666666666666667,0.0002380952380952381,0.25502547978219314,0.25502547978219314,1.0,1.0,1.0,1.0,0.03855825144966649,0.06707374477728667,0.8097232804429964,0.03740892823005671,0.0691483688415599,39.419888979138854,1.8771375704351834,0.02381877841181415,44.992764568718584,0.012144476216954482,0.03198084696019768,real10kg_mpc_ltv_v3,0.0,True,2.5,1.0,0.03,0.01,0.75,real_10kg_v1,thruster,real_10kg_x,True,0.0002380952380952381,1.0,0.09492063492063492,0.02381877841181415,0.02778068616715135,0.0,0.039034228503686666,0.0691483688415599,,,sinusoidal,,,,,,,,,,,,,,,,,
predictive_alpha,31000.0,2,41006,scn2_env41006,c103856d3e1a3df08fa27a90a4714e901e438818b800f87372eab22a1475ce3d,2100,0.01,0.06105399640748123,6.976434783278604,39.26585896339795,0.25142857142857145,0.0,0.3352380952380952,0.001349206349206349,0.25475964855900946,0.25475964855900946,1.0,1.0,1.0,1.0,0.03426444183906647,0.06105399640748123,0.7195532786203959,0.03821475585326351,0.06919767065502774,39.26585896339795,1.8698028077808548,0.029575609355895413,44.99350174162607,0.01404715044558516,0.04277055261956614,,0.0,True,2.5,1.0,0.03,0.01,0.75,real_10kg_v1,thruster,real_10kg_x,True,0.001349206349206349,1.0,0.09095238095238095,0.029575609355895413,0.041044084904876425,0.0,0.039014843437064364,0.06919767065502774,,,sinusoidal,real10kg_smc_steady,real10kg_mpc_ltv_v3,-1.0,-1.0,predictive_alpha,1.0,0.841131840768961,0.30483255800616005,False,0.0,0.8189311356226071,0.0,transformer,16.0,0.003303668035934931,0.012500000000000011,0.0006442026403825827
predictive_alpha,31001.0,2,41006,scn2_env41006,c103856d3e1a3df08fa27a90a4714e901e438818b800f87372eab22a1475ce3d,2100,0.01,0.05999231823313679,7.067458178588623,39.243278077484376,0.2509523809523809,0.0,0.3242857142857143,0.001349206349206349,0.25481019897849333,0.25481019897849333,1.0,1.0,1.0,1.0,0.03389294790567473,0.05999231823313679,0.7117519060191694,0.03830558418394649,0.06922662373211634,39.243278077484376,1.8687275274992559,0.028601144193775508,44.99350174162607,0.013639392090241191,0.0387260780377322,,0.0,True,2.5,1.0,0.03,0.01,0.75,real_10kg_v1,thruster,real_10kg_x,True,0.001349206349206349,1.0,0.09039682539682539,0.028601144193775508,0.03956033477204656,0.0,0.038967774412998396,0.06922662373211634,,,sinusoidal,real10kg_smc_steady,real10kg_mpc_ltv_v3,-1.0,-1.0,predictive_alpha,1.0,0.8485896552056298,0.29059270763418416,False,0.0,0.8222758021391928,0.0,transformer,16.0,0.00344608238520316,0.012500000000000011,0.0007534321512170573
predictive_alpha,31002.0,2,41006,scn2_env41006,c103856d3e1a3df08fa27a90a4714e901e438818b800f87372eab22a1475ce3d,2100,0.01,0.06053323179610853,6.985651937892674,39.25448687848111,0.24952380952380954,0.0,0.3233333333333333,0.001349206349206349,0.2552516971771837,0.2552516971771837,1.0,1.0,1.0,1.0,0.03392249420650512,0.06053323179610853,0.7123723783366076,0.03787662551434992,0.0693280693801413,39.25448687848111,1.869261279927672,0.03177499122483459,44.99350174162607,0.013474893068377647,0.040479422605834536,,0.0,True,2.5,1.0,0.03,0.01,0.75,real_10kg_v1,thruster,real_10kg_x,True,0.001349206349206349,1.0,0.0911904761904762,0.03177499122483459,0.04603639769197026,0.0,0.038997171779757867,0.0693280693801413,,,sinusoidal,real10kg_smc_steady,real10kg_mpc_ltv_v3,-1.0,-1.0,predictive_alpha,1.0,0.8429293978667874,0.300715703214631,False,0.0,0.8191698636314166,0.0,transformer,16.0,0.0033000402402550808,0.012500000000000011,0.0007772667745382918
predictive_alpha,31003.0,2,41006,scn2_env41006,c103856d3e1a3df08fa27a90a4714e901e438818b800f87372eab22a1475ce3d,2100,0.01,0.06074034808210834,7.0405864483030625,39.24217993110976,0.24952380952380954,0.0,0.2623809523809524,0.001349206349206349,0.25485562859780114,0.25485562859780114,1.0,1.0,1.0,1.0,0.03426698668690982,0.06074034808210834,0.7196067204251062,0.038174101273755146,0.06923220422319386,39.24217993110976,1.8686752348147504,0.02935118863330969,44.99350174162607,0.012901052372614892,0.03508303228905518,,0.0,True,2.5,1.0,0.03,0.01,0.75,real_10kg_v1,thruster,real_10kg_x,True,0.001349206349206349,1.0,0.09039682539682539,0.02935118863330969,0.040939257922760666,0.0,0.03900986698436011,0.06923220422319386,,,sinusoidal,real10kg_smc_steady,real10kg_mpc_ltv_v3,-1.0,-1.0,predictive_alpha,1.0,0.8678699692728495,0.2759200006592352,False,0.0,0.8398074483390277,0.0,transformer,16.0,0.0028667251252329816,0.012500000000000011,0.0006463120510679121
predictive_alpha,31004.0,2,41006,scn2_env41006,c103856d3e1a3df08fa27a90a4714e901e438818b800f87372eab22a1475ce3d,2100,0.01,0.06051513369432679,7.00334451759387,39.25574035722605,0.2509523809523809,0.0,0.3047619047619048,0.001349206349206349,0.2546365911607921,0.2546365911607921,1.0,1.0,1.0,1.0,0.03399259409463925,0.06051513369432679,0.7138444759874243,0.03819517157567557,0.06913723265373457,39.25574035722605,1.8693209693917168,0.029199704618690512,44.99350174162607,0.013476405443223701,0.03537714580578241,,0.0,True,2.5,1.0,0.03,0.01,0.75,real_10kg_v1,thruster,real_10kg_x,True,0.001349206349206349,1.0,0.09063492063492064,0.029199704618690512,0.040297879761228284,0.0,0.03898702129703507,0.06913723265373457,,,sinusoidal,real10kg_smc_steady,real10kg_mpc_ltv_v3,-1.0,-1.0,predictive_alpha,1.0,0.8538909679175924,0.29160522459085475,False,0.0,0.8280712601538038,0.0,transformer,16.0,0.0030411237438249016,0.012500000000000011,0.0006471973436790716
real10kg_smc_steady,,2,41007,scn2_env41007,875decf0113b810ad3cde6551654675e050b78edcf6f9d3bf108808704a4fe69,2100,0.01,0.14876518009012696,7.163146957516565,37.858796778350154,0.19095238095238096,0.0,0.0,0.00126984126984127,0.31524112860982845,0.3573711482667583,1.0,1.0,1.0,1.0,0.1343010936260321,0.14876518009012696,2.820322966146674,0.16735676750481437,0.16994380267934112,37.858796778350154,1.8027998465881026,0.05934317492200285,44.99366593186063,0.019650403151311103,0.062595924181888,real10kg_smc_steady,0.0,True,2.5,1.0,0.03,0.01,0.75,real_10kg_v1,thruster,real_10kg_x,True,0.00126984126984127,1.0,0.07825396825396826,0.05934317492200285,0.09908081781180968,0.0,0.12861974703299658,0.16994380267934112,,,sinusoidal,,,,,,,,,,,,,,,,,
real10kg_mpc_ltv_v3,,2,41007,scn2_env41007,875decf0113b810ad3cde6551654675e050b78edcf6f9d3bf108808704a4fe69,2100,0.01,0.06655050467144534,6.912905809589912,39.28114115274333,0.2580952380952381,0.0,0.011428571428571429,0.00015873015873015873,0.2537363092296018,0.2537363092296018,1.0,1.0,1.0,1.0,0.037929922025961495,0.06655050467144534,0.7965283625451914,0.0384911266015296,0.06885039876603855,39.28114115274333,1.8705305310830158,0.02372573341597795,44.991725983750015,0.011992188023760082,0.030840751533453725,real10kg_mpc_ltv_v3,0.0,True,2.5,1.0,0.03,0.01,0.75,real_10kg_v1,thruster,real_10kg_x,True,0.00015873015873015873,1.0,0.09261904761904761,0.02372573341597795,0.025913874707680126,0.0,0.03885903550769101,0.06885039876603855,,,sinusoidal,,,,,,,,,,,,,,,,,
predictive_alpha,31000.0,2,41007,scn2_env41007,875decf0113b810ad3cde6551654675e050b78edcf6f9d3bf108808704a4fe69,2100,0.01,0.05792854521815256,6.905114453452549,39.18960344053426,0.25047619047619046,0.0,0.2695238095238095,0.00126984126984127,0.2541503023755489,0.2541503023755489,1.0,1.0,1.0,1.0,0.034103755764655935,0.05792854521815256,0.7161788710577747,0.038736850694805536,0.0690765439093117,39.18960344053426,1.8661715924063935,0.02569178621881685,44.9935505414522,0.014224754270446867,0.041569022590463245,,0.0,True,2.5,1.0,0.03,0.01,0.75,real_10kg_v1,thruster,real_10kg_x,True,0.00126984126984127,1.0,0.08936507936507937,0.02569178621881685,0.03312865848863325,0.0,0.03934052734512915,0.0690765439093117,,,sinusoidal,real10kg_smc_steady,real10kg_mpc_ltv_v3,-1.0,-1.0,predictive_alpha,1.0,0.838621551822503,0.3071727515509669,False,0.0,0.8140109390410639,0.0,transformer,16.0,0.0034311065384604517,0.012500000000000011,0.0006681678664159404
predictive_alpha,31001.0,2,41007,scn2_env41007,875decf0113b810ad3cde6551654675e050b78edcf6f9d3bf108808704a4fe69,2100,0.01,0.05595230928322907,7.059415570915285,39.13073859701012,0.25047619047619046,0.0,0.3419047619047619,0.00126984126984127,0.2549449184702543,0.2549449184702543,1.0,1.0,1.0,1.0,0.03285407104758905,0.05595230928322907,0.6899354919993701,0.03850483804284111,0.069326217635388,39.13073859701012,1.8633685046195296,0.027403541692038656,44.9935505414522,0.013030851427803723,0.035386494594818074,,0.0,True,2.5,1.0,0.03,0.01,0.75,real_10kg_v1,thruster,real_10kg_x,True,0.00126984126984127,1.0,0.08912698412698412,0.027403541692038656,0.03718513318468352,0.0,0.03910227030495729,0.069326217635388,,,sinusoidal,real10kg_smc_steady,real10kg_mpc_ltv_v3,-1.0,-1.0,predictive_alpha,1.0,0.8500207121727765,0.28663671119665085,False,0.0,0.8246388148432154,0.0,transformer,16.0,0.0035248076806584606,0.012500000000000011,0.0007905160073768322
predictive_alpha,31002.0,2,41007,scn2_env41007,875decf0113b810ad3cde6551654675e050b78edcf6f9d3bf108808704a4fe69,2100,0.01,0.05838029000280551,6.8591492290485,39.201109390517274,0.25,0.0,0.2823809523809524,0.00126984126984127,0.25412712320448055,0.25412712320448055,1.0,1.0,1.0,1.0,0.03428996366241976,0.05838029000280551,0.720089236910815,0.03868227390646255,0.06905792460849865,39.201109390517274,1.8667194947865369,0.025897760867914347,44.9935505414522,0.014129366756425784,0.04045427675370866,,0.0,True,2.5,1.0,0.03,0.01,0.75,real_10kg_v1,thruster,real_10kg_x,True,0.00126984126984127,1.0,0.0892063492063492,0.025897760867914347,0.0335718158639884,0.0,0.03929208220352265,0.06905792460849865,,,sinusoidal,real10kg_smc_steady,real10kg_mpc_ltv_v3,-1.0,-1.0,predictive_alpha,1.0,0.8403343528634064,0.3040001011319407,False,0.0,0.8135044992695163,0.0,transformer,16.0,0.0034372354979394972,0.012500000000000011,0.0007581265339938985
predictive_alpha,31003.0,2,41007,scn2_env41007,875decf0113b810ad3cde6551654675e050b78edcf6f9d3bf108808704a4fe69,2100,0.01,0.057326250520149405,6.930237304385857,39.14327545843146,0.24952380952380954,0.0,0.3238095238095238,0.00126984126984127,0.25512688235391906,0.25512688235391906,1.0,1.0,1.0,1.0,0.03335091074891347,0.057326250520149405,0.7003691257271829,0.038338875843891056,0.06937243287360832,39.14327545843146,1.8639654980205456,0.02866715688624619,44.9935505414522,0.012495865631590298,0.03332374961579884,,0.0,True,2.5,1.0,0.03,0.01,0.75,real_10kg_v1,thruster,real_10kg_x,True,0.00126984126984127,1.0,0.08904761904761904,0.02866715688624619,0.039625422988585894,0.0,0.039134539975676,0.06937243287360832,,,sinusoidal,real10kg_smc_steady,real10kg_mpc_ltv_v3,-1.0,-1.0,predictive_alpha,1.0,0.865763012210478,0.2781047764306256,False,0.0,0.8356707308944759,0.0,transformer,16.0,0.002913666280718884,0.012500000000000011,0.0006046975963814605
predictive_alpha,31004.0,2,41007,scn2_env41007,875decf0113b810ad3cde6551654675e050b78edcf6f9d3bf108808704a4fe69,2100,0.01,0.05735719609046639,6.966002910329227,39.151080768023505,0.25142857142857145,0.0,0.2866666666666667,0.00126984126984127,0.25441690307626,0.25441690307626,1.0,1.0,1.0,1.0,0.03341895833259278,0.05735719609046639,0.7017981249844484,0.038502994094820275,0.0691217181674798,39.151080768023505,1.8643371794296906,0.02680424332855848,44.9935505414522,0.01310825545916272,0.03129294368497232,,0.0,True,2.5,1.0,0.03,0.01,0.75,real_10kg_v1,thruster,real_10kg_x,True,0.00126984126984127,1.0,0.08944444444444444,0.02680424332855848,0.03562621773750737,0.0,0.03915984761557502,0.0691217181674798,,,sinusoidal,real10kg_smc_steady,real10kg_mpc_ltv_v3,-1.0,-1.0,predictive_alpha,1.0,0.8547326666919562,0.2906727251884171,False,0.0,0.8254491009796038,0.0,transformer,16.0,0.003125493096048753,0.012500000000000011,0.0006045917741880021
real10kg_smc_steady,,2,41008,scn2_env41008,5dd16e393076b1a05b18fbc5bbd48313dc474c031384416396f3cb20510aee8a,2100,0.01,0.1505909744409425,7.141315559326558,37.96426982420465,0.18857142857142858,0.0,0.0,0.0014285714285714286,0.3062127244238583,0.37491409514305973,1.0,1.0,1.0,1.0,0.13526477608631438,0.1505909744409425,2.8405602978126017,0.1665105153484491,0.1688156492705884,37.96426982420465,1.8078223725811737,0.0593742290215837,44.9983999091766,0.020185311883705547,0.06876987810462751,real10kg_smc_steady,0.0,True,2.5,1.0,0.03,0.01,0.75,real_10kg_v1,thruster,real_10kg_x,True,0.0014285714285714286,1.0,0.07793650793650794,0.0593742290215837,0.09832299514217928,0.0,0.1280336309460617,0.1688156492705884,,,sinusoidal,,,,,,,,,,,,,,,,,
real10kg_mpc_ltv_v3,,2,41008,scn2_env41008,5dd16e393076b1a05b18fbc5bbd48313dc474c031384416396f3cb20510aee8a,2100,0.01,0.0629607973661171,7.1776111847890975,39.449038471011725,0.25761904761904764,0.0,0.012380952380952381,0.0002380952380952381,0.2549864270511822,0.2549864270511822,1.0,1.0,1.0,1.0,0.03622733989689167,0.0629607973661171,0.7607741378347251,0.03743904628762434,0.0691354638601142,39.449038471011725,1.8785256414767486,0.025161447463791807,44.993266972560306,0.010899609045278895,0.030984034140466576,real10kg_mpc_ltv_v3,0.0,True,2.5,1.0,0.03,0.01,0.75,real_10kg_v1,thruster,real_10kg_x,True,0.0002380952380952381,1.0,0.09396825396825396,0.025161447463791807,0.030781823027729267,0.0,0.038730347784461,0.0691354638601142,,,sinusoidal,,,,,,,,,,,,,,,,,
predictive_alpha,31000.0,2,41008,scn2_env41008,5dd16e393076b1a05b18fbc5bbd48313dc474c031384416396f3cb20510aee8a,2100,0.01,0.05889893520297307,7.085698735653998,39.2227461031944,0.24952380952380954,0.0,0.3219047619047619,0.0014285714285714286,0.25450277899443613,0.25450277899443613,1.0,1.0,1.0,1.0,0.03383482748922857,0.05889893520297307,0.7105313772738001,0.03846870121741521,0.0691516829792086,39.2227461031944,1.8677498144378288,0.028090239445048282,44.998369410439345,0.014043891362532732,0.04286414771654301,,0.0,True,2.5,1.0,0.03,0.01,0.75,real_10kg_v1,thruster,real_10kg_x,True,0.0014285714285714286,1.0,0.08992063492063491,0.028090239445048282,0.03813799602529386,0.0,0.03913111950194108,0.0691516829792086,,,sinusoidal,real10kg_smc_steady,real10kg_mpc_ltv_v3,-1.0,-1.0,predictive_alpha,1.0,0.8377054694600989,0.30706918956393925,False,0.0,0.8175114671593265,0.0,transformer,16.0,0.003335322247461914,0.012500000000000011,0.000705630169395285
predictive_alpha,31001.0,2,41008,scn2_env41008,5dd16e393076b1a05b18fbc5bbd48313dc474c031384416396f3cb20510aee8a,2100,0.01,0.05827725355205041,7.150625702353838,39.213510896207225,0.25,0.0,0.3,0.0014285714285714286,0.25459506940604293,0.25459506940604293,1.0,1.0,1.0,1.0,0.03353475405690066,0.05827725355205041,0.7042298351949138,0.03839993851459682,0.06915458909745871,39.213510896207225,1.8673100426765346,0.027947004791050487,44.998369410439345,0.013551599671501893,0.03913485282091084,,0.0,True,2.5,1.0,0.03,0.01,0.75,real_10kg_v1,thruster,real_10kg_x,True,0.0014285714285714286,1.0,0.08992063492063491,0.027947004791050487,0.03824889666965304,0.0,0.039025544734971315,0.06915458909745871,,,sinusoidal,real10kg_smc_steady,real10kg_mpc_ltv_v3,-1.0,-1.0,predictive_alpha,1.0,0.8478816551174867,0.2921619597812411,False,0.0,0.8227900230068536,0.0,transformer,16.0,0.0034336496885908774,0.012500000000000011,0.0008007233079061691
predictive_alpha,31002.0,2,41008,scn2_env41008,5dd16e393076b1a05b18fbc5bbd48313dc474c031384416396f3cb20510aee8a,2100,0.01,0.0577953261068577,7.170035299223312,39.21386306411829,0.24904761904761905,0.0,0.30142857142857143,0.0014285714285714286,0.2548060140998678,0.2548060140998678,1.0,1.0,1.0,1.0,0.03328450203264752,0.0577953261068577,0.6989745426855979,0.03823076127006333,0.06921027168633952,39.21386306411829,1.8673268125770617,0.02952513785317084,44.998369410439345,0.013261379046351208,0.03613175866653495,,0.0,True,2.5,1.0,0.03,0.01,0.75,real_10kg_v1,thruster,real_10kg_x,True,0.0014285714285714286,1.0,0.08976190476190476,0.02952513785317084,0.04133613816285443,0.0,0.03905862401540256,0.06921027168633952,,,sinusoidal,real10kg_smc_steady,real10kg_mpc_ltv_v3,-1.0,-1.0,predictive_alpha,1.0,0.8447809062414058,0.2963059106278832,False,0.0,0.8226665777109918,0.0,transformer,16.0,0.0032747962405028086,0.012500000000000011,0.0008215708202136869
predictive_alpha,31003.0,2,41008,scn2_env41008,5dd16e393076b1a05b18fbc5bbd48313dc474c031384416396f3cb20510aee8a,2100,0.01,0.05808282453907652,7.210791760576918,39.203917385119766,0.24904761904761905,0.0,0.31142857142857144,0.0014285714285714286,0.2547335959549704,0.2547335959549704,1.0,1.0,1.0,1.0,0.03358747329436744,0.05808282453907652,0.7053369391817162,0.03833887778141232,0.06921549216458805,39.203917385119766,1.866853208815227,0.028417892097940836,44.998369410439345,0.01269566162719903,0.03478779262788456,,0.0,True,2.5,1.0,0.03,0.01,0.75,real_10kg_v1,thruster,real_10kg_x,True,0.0014285714285714286,1.0,0.08976190476190476,0.028417892097940836,0.0391457104087452,0.0,0.03909292588619109,0.06921549216458805,,,sinusoidal,real10kg_smc_steady,real10kg_mpc_ltv_v3,-1.0,-1.0,predictive_alpha,1.0,0.8689051811289641,0.27344387060737385,False,0.0,0.8442709076251569,0.0,transformer,16.0,0.002875297455373075,0.012500000000000011,0.0006405474413590468
predictive_alpha,31004.0,2,41008,scn2_env41008,5dd16e393076b1a05b18fbc5bbd48313dc474c031384416396f3cb20510aee8a,2100,0.01,0.0582013377839977,7.136498759387237,39.21638845030068,0.24952380952380954,0.0,0.2857142857142857,0.0014285714285714286,0.25443631181885495,0.25443631181885495,1.0,1.0,1.0,1.0,0.03339731750523634,0.0582013377839977,0.7013436676099631,0.038346845443054466,0.0690867910628923,39.21638845030068,1.8674470690619371,0.02819235576802006,44.998369410439345,0.013305189849793354,0.03473068177884209,,0.0,True,2.5,1.0,0.03,0.01,0.75,real_10kg_v1,thruster,real_10kg_x,True,0.0014285714285714286,1.0,0.08984126984126985,0.02819235576802006,0.03846376126256251,0.0,0.039058150769040456,0.0690867910628923,,,sinusoidal,real10kg_smc_steady,real10kg_mpc_ltv_v3,-1.0,-1.0,predictive_alpha,1.0,0.853537936042637,0.291032400266163,False,0.0,0.83094425118617,0.0,transformer,16.0,0.003130478923060163,0.012500000000000011,0.0006276495560562043
real10kg_smc_steady,,2,41009,scn2_env41009,0b0b5fd2b70efa15b1813af4c23f2fb8c2f53c5b70c007fd0e9a8b4a115f4b1e,2100,0.01,0.14850826929158564,7.146115952782451,37.837913024789245,0.19285714285714287,0.0,0.0,0.0010317460317460316,0.30781812882268744,0.3600312961377511,1.0,1.0,1.0,1.0,0.13388607531099053,0.14850826929158564,2.8116075815308013,0.16655034576559632,0.1688891708225941,37.837913024789245,1.801805382132821,0.05962988530266299,44.993511411825054,0.020287063816440576,0.06699442520578361,real10kg_smc_steady,0.0,True,2.5,1.0,0.03,0.01,0.75,real_10kg_v1,thruster,real_10kg_x,True,0.0010317460317460316,1.0,0.07888888888888888,0.05962988530266299,0.09932320120246313,0.0,0.12813384884118406,0.1688891708225941,,,sinusoidal,,,,,,,,,,,,,,,,,
real10kg_mpc_ltv_v3,,2,41009,scn2_env41009,0b0b5fd2b70efa15b1813af4c23f2fb8c2f53c5b70c007fd0e9a8b4a115f4b1e,2100,0.01,0.06479550736993135,7.026118226336357,39.322682071239626,0.2604761904761905,0.0,0.01904761904761905,0.00031746031746031746,0.25504497185518477,0.25504497185518477,1.0,1.0,1.0,1.0,0.037905265814082954,0.06479550736993135,0.796010582095742,0.03744238591925919,0.0691539385819657,39.322682071239626,1.8725086700590297,0.02447865674816398,44.992125999426975,0.012126190269285133,0.033167538491992866,real10kg_mpc_ltv_v3,0.0,True,2.5,1.0,0.03,0.01,0.75,real_10kg_v1,thruster,real_10kg_x,True,0.00031746031746031746,1.0,0.09507936507936508,0.02447865674816398,0.027837031921833445,0.0,0.039129039335093846,0.0691539385819657,,,sinusoidal,,,,,,,,,,,,,,,,,
predictive_alpha,31000.0,2,41009,scn2_env41009,0b0b5fd2b70efa15b1813af4c23f2fb8c2f53c5b70c007fd0e9a8b4a115f4b1e,2100,0.01,0.056072476193398745,7.0498764784241015,39.141416429247066,0.25142857142857145,0.0,0.3523809523809524,0.0010317460317460316,0.254815444151959,0.254815444151959,1.0,1.0,1.0,1.0,0.032762883688737525,0.056072476193398745,0.688020557463488,0.03828217437615192,0.0692335926272141,39.141416429247066,1.8638769728212887,0.02949772396238586,44.99349404226575,0.01415988858626917,0.04332450539466609,,0.0,True,2.5,1.0,0.03,0.01,0.75,real_10kg_v1,thruster,real_10kg_x,True,0.0010317460317460316,1.0,0.09047619047619047,0.02949772396238586,0.040813982153954834,0.0,0.0390715166438717,0.0692335926272141,,,sinusoidal,real10kg_smc_steady,real10kg_mpc_ltv_v3,-1.0,-1.0,predictive_alpha,1.0,0.8406600278556868,0.3040104354317341,False,0.0,0.8181119384539003,0.0,transformer,16.0,0.0033200296102316065,0.012500000000000011,0.0007187633840263221
predictive_alpha,31001.0,2,41009,scn2_env41009,0b0b5fd2b70efa15b1813af4c23f2fb8c2f53c5b70c007fd0e9a8b4a115f4b1e,2100,0.01,0.05498855439615963,7.159093110968506,39.12722624538738,0.2523809523809524,0.0,0.3576190476190476,0.0010317460317460316,0.2545958518917562,0.2545958518917562,1.0,1.0,1.0,1.0,0.03249163779515711,0.05498855439615963,0.6823243936982993,0.0383958860723585,0.06915241279320036,39.12722624538738,1.8632012497803512,0.027855657337994968,44.99349404226575,0.013926648297216949,0.040038551176621584,,0.0,True,2.5,1.0,0.03,0.01,0.75,real_10kg_v1,thruster,real_10kg_x,True,0.0010317460317460316,1.0,0.09023809523809524,0.027855657337994968,0.03803821208221038,0.0,0.039021880742224443,0.06915241279320036,,,sinusoidal,real10kg_smc_steady,real10kg_mpc_ltv_v3,-1.0,-1.0,predictive_alpha,1.0,0.8493500893699075,0.2892126824698554,False,0.0,0.824237015634509,0.0,transformer,16.0,0.0035282082398593413,0.012500000000000011,0.000772011740034915
predictive_alpha,31002.0,2,41009,scn2_env41009,0b0b5fd2b70efa15b1813af4c23f2fb8c2f53c5b70c007fd0e9a8b4a115f4b1e,2100,0.01,0.05599834022498231,7.030146619101762,39.130302409301095,0.25,0.0,0.29,0.0010317460317460316,0.254886222331939,0.254886222331939,1.0,1.0,1.0,1.0,0.032748374059641955,0.05599834022498231,0.687715855252481,0.0381615750023375,0.06922934171611876,39.130302409301095,1.8633477337762425,0.030117943486206916,44.99349404226575,0.013627459837283225,0.038144944306125465,,0.0,True,2.5,1.0,0.03,0.01,0.75,real_10kg_v1,thruster,real_10kg_x,True,0.0010317460317460316,1.0,0.09047619047619047,0.030117943486206916,0.04234546345286577,0.0,0.03904434318695253,0.06922934171611876,,,sinusoidal,real10kg_smc_steady,real10kg_mpc_ltv_v3,-1.0,-1.0,predictive_alpha,1.0,0.8444327256063638,0.2975083123415975,False,0.0,0.8183123882292282,0.0,transformer,16.0,0.0033840147725628313,0.012500000000000011,0.0008288290771412683
predictive_alpha,31003.0,2,41009,scn2_env41009,0b0b5fd2b70efa15b1813af4c23f2fb8c2f53c5b70c007fd0e9a8b4a115f4b1e,2100,0.01,0.05545738670993487,7.106919494083722,39.12080740472828,0.24857142857142858,0.0,0.27095238095238094,0.0010317460317460316,0.2549872241570051,0.2549872241570051,1.0,1.0,1.0,1.0,0.03251094562997117,0.05545738670993487,0.6827298582293946,0.03810614989400632,0.06926706650485576,39.12080740472828,1.862895590701347,0.03015851342684534,44.99349404226575,0.012903360881801718,0.038144944306125465,,0.0,True,2.5,1.0,0.03,0.01,0.75,real_10kg_v1,thruster,real_10kg_x,True,0.0010317460317460316,1.0,0.08984126984126985,0.03015851342684534,0.04254518662652899,0.0,0.03903707852454916,0.06926706650485576,,,sinusoidal,real10kg_smc_steady,real10kg_mpc_ltv_v3,-1.0,-1.0,predictive_alpha,1.0,0.8690366424503257,0.27365575207808923,False,0.0,0.8399574765310224,0.0,transformer,16.0,0.002846135529516229,0.012500000000000011,0.0007235521473399149
predictive_alpha,31004.0,2,41009,scn2_env41009,0b0b5fd2b70efa15b1813af4c23f2fb8c2f53c5b70c007fd0e9a8b4a115f4b1e,2100,0.01,0.05563418163072887,7.07808478670796,39.125526373089635,0.24857142857142858,0.0,0.27666666666666667,0.0010317460317460316,0.25488810580361426,0.25488810580361426,1.0,1.0,1.0,1.0,0.03231800406753331,0.05563418163072887,0.6786780854181995,0.03807533172682264,0.06920858564032831,39.125526373089635,1.8631203034804587,0.030363015634600123,44.99349404226575,0.013229462242231328,0.038144944306125465,,0.0,True,2.5,1.0,0.03,0.01,0.75,real_10kg_v1,thruster,real_10kg_x,True,0.0010317460317460316,1.0,0.09023809523809524,0.030363015634600123,0.042684277249570704,0.0,0.03900336495161715,0.06920858564032831,,,sinusoidal,real10kg_smc_steady,real10kg_mpc_ltv_v3,-1.0,-1.0,predictive_alpha,1.0,0.8566604228863474,0.2883125380227684,False,0.0,0.8286591954453892,0.0,transformer,16.0,0.0030354431816403574,0.012500000000000011,0.0005646192145181051
real10kg_smc_steady,,2,41010,scn2_env41010,eb46f033569d87f8a33460c1cefcd21a2e57acac27529cfe2877e45fb55b42b5,2100,0.01,0.1520647756715171,7.1670629351661415,38.060241086053566,0.19142857142857142,0.0,0.0,0.0016666666666666666,0.3072646141184534,0.3786566751383819,1.0,1.0,1.0,1.0,0.13634715578932297,0.1520647756715171,2.8632902715757824,0.16660335712019816,0.16894458613038563,38.060241086053566,1.8123924326692173,0.0601691157393392,44.993510930442355,0.022031180747831766,0.07766597751163602,real10kg_smc_steady,0.0,True,2.5,1.0,0.03,0.01,0.75,real_10kg_v1,thruster,real_10kg_x,True,0.0016666666666666666,1.0,0.07857142857142857,0.0601691157393392,0.09938951217570988,0.0,0.1282373513184057,0.16894458613038563,,,sinusoidal,,,,,,,,,,,,,,,,,
real10kg_mpc_ltv_v3,,2,41010,scn2_env41010,eb46f033569d87f8a33460c1cefcd21a2e57acac27529cfe2877e45fb55b42b5,2100,0.01,0.06839683109116139,6.978028944433525,39.42823231220463,0.26095238095238094,0.0,0.010476190476190476,0.00015873015873015873,0.2533137613946751,0.2533137613946751,1.0,1.0,1.0,1.0,0.03903639686139615,0.06839683109116139,0.8197643340893191,0.03856372675661876,0.06870247843512858,39.42823231220463,1.8775348720097442,0.022374983376055684,44.99217892723223,0.015239043184624514,0.07766597751247255,real10kg_mpc_ltv_v3,0.0,True,2.5,1.0,0.03,0.01,0.75,real_10kg_v1,thruster,real_10kg_x,True,0.00015873015873015873,1.0,0.0946031746031746,0.022374983376055684,0.024203549964402098,0.0,0.03903955694130166,0.06870247843512858,,,sinusoidal,,,,,,,,,,,,,,,,,
predictive_alpha,31000.0,2,41010,scn2_env41010,eb46f033569d87f8a33460c1cefcd21a2e57acac27529cfe2877e45fb55b42b5,2100,0.01,0.06253678596541207,6.906530193351223,39.32349327163486,0.2519047619047619,0.0,0.26476190476190475,0.0016666666666666666,0.25378760458480076,0.25404203479344944,1.0,1.0,1.0,1.0,0.03578593227964382,0.06253678596541207,0.7515045778725202,0.038698946929195344,0.06892319840646755,39.32349327163486,1.872547298649279,0.026132375280361952,44.99349425638212,0.01698347752911888,0.07766597751163698,,0.0,True,2.5,1.0,0.03,0.01,0.75,real_10kg_v1,thruster,real_10kg_x,True,0.0016666666666666666,1.0,0.09079365079365079,0.026132375280361952,0.033702496115433724,0.0,0.03942287359483734,0.06892319840646755,,,sinusoidal,real10kg_smc_steady,real10kg_mpc_ltv_v3,-1.0,-1.0,predictive_alpha,1.0,0.839896704613569,0.30654161614410347,False,0.0,0.8170219812395849,0.0,transformer,16.0,0.0034796531030915805,0.012500000000000011,0.0007652384042634476
predictive_alpha,31001.0,2,41010,scn2_env41010,eb46f033569d87f8a33460c1cefcd21a2e57acac27529cfe2877e45fb55b42b5,2100,0.01,0.06065713934978177,7.073783803788539,39.268202647220704,0.2519047619047619,0.0,0.28,0.0016666666666666666,0.2538969834097615,0.2538969834097615,1.0,1.0,1.0,1.0,0.0349328437745602,0.06065713934978177,0.7335897192657642,0.03872703403344041,0.06896220805756484,39.268202647220704,1.8699144117724145,0.025380984560585084,44.99349425638212,0.01639235173355303,0.07766597751163698,,0.0,True,2.5,1.0,0.03,0.01,0.75,real_10kg_v1,thruster,real_10kg_x,True,0.0016666666666666666,1.0,0.09063492063492064,0.025380984560585084,0.03279100464527189,0.0,0.03936380709020699,0.06896220805756484,,,sinusoidal,real10kg_smc_steady,real10kg_mpc_ltv_v3,-1.0,-1.0,predictive_alpha,1.0,0.8577763382283518,0.28222346570954276,False,0.0,0.8267594647309965,0.0,transformer,16.0,0.003236795640650041,0.012500000000000011,0.0007224954060800372
predictive_alpha,31002.0,2,41010,scn2_env41010,eb46f033569d87f8a33460c1cefcd21a2e57acac27529cfe2877e45fb55b42b5,2100,0.01,0.06157672692514854,6.935740960624813,39.31183129622124,0.2523809523809524,0.0,0.26095238095238094,0.0016666666666666666,0.253638081155146,0.253638081155146,1.0,1.0,1.0,1.0,0.035346452910626894,0.06157672692514854,0.7422755111231648,0.038651542516200114,0.0688510691665641,39.31183129622124,1.871991966486726,0.025998850901227617,44.99349425638212,0.01678743972249628,0.07766597751163698,,0.0,True,2.5,1.0,0.03,0.01,0.75,real_10kg_v1,thruster,real_10kg_x,True,0.0016666666666666666,1.0,0.09087301587301587,0.025998850901227617,0.03352524511510508,0.0,0.039382130982339884,0.0688510691665641,,,sinusoidal,real10kg_smc_steady,real10kg_mpc_ltv_v3,-1.0,-1.0,predictive_alpha,1.0,0.8438824186123149,0.3010011992748217,False,0.0,0.8160150376525486,0.0,transformer,16.0,0.003387263828767124,0.012500000000000011,0.0007647168648027709
predictive_alpha,31003.0,2,41010,scn2_env41010,eb46f033569d87f8a33460c1cefcd21a2e57acac27529cfe2877e45fb55b42b5,2100,0.01,0.06163535253903412,6.987610040178183,39.283355728050395,0.2519047619047619,0.0,0.27,0.0016666666666666666,0.25377673198264655,0.25377673198264655,1.0,1.0,1.0,1.0,0.03558824635106393,0.06163535253903412,0.7473531733723425,0.03869672660235203,0.06892145781535575,39.283355728050395,1.8706359870500189,0.025552267639685593,44.99349425638212,0.016335653299176967,0.07766597751163698,,0.0,True,2.5,1.0,0.03,0.01,0.75,real_10kg_v1,thruster,real_10kg_x,True,0.0016666666666666666,1.0,0.09063492063492064,0.025552267639685593,0.03271226873993828,0.0,0.03943160758067467,0.06892145781535575,,,sinusoidal,real10kg_smc_steady,real10kg_mpc_ltv_v3,-1.0,-1.0,predictive_alpha,1.0,0.8664603392600057,0.2800566593707885,False,0.0,0.838256805541792,0.0,transformer,16.0,0.002993539446788234,0.012500000000000011,0.0006151417525542444
predictive_alpha,31004.0,2,41010,scn2_env41010,eb46f033569d87f8a33460c1cefcd21a2e57acac27529cfe2877e45fb55b42b5,2100,0.01,0.06091015508471394,7.034794875090569,39.279729197959554,0.25285714285714284,0.0,0.24666666666666667,0.0016666666666666666,0.25361426512506163,0.25361426512506163,1.0,1.0,1.0,1.0,0.03515881280049727,0.06091015508471394,0.7383350688104428,0.038642117780139616,0.06883956023434643,39.279729197959554,1.870463295140931,0.025693383880415564,44.99349425638212,0.016449169074923196,0.07766597751163698,,0.0,True,2.5,1.0,0.03,0.01,0.75,real_10kg_v1,thruster,real_10kg_x,True,0.0016666666666666666,1.0,0.09087301587301587,0.025693383880415564,0.033121972582402855,0.0,0.03939585458943841,0.06883956023434643,,,sinusoidal,real10kg_smc_steady,real10kg_mpc_ltv_v3,-1.0,-1.0,predictive_alpha,1.0,0.8565407236366346,0.28914958061333684,False,0.0,0.8301973437149788,0.0,transformer,16.0,0.003108509522875766,0.012500000000000011,0.0006860462067511549
real10kg_smc_steady,,2,41011,scn2_env41011,6c00ada3d6e1b6d9eb3ea0656b9e6501f363be2a7ef5f0d6b1a2b1971b2fafa1,2100,0.01,0.15325738625272178,7.180551299856103,38.02997648966613,0.1895238095238095,0.0,0.0,0.0012698412698412698,0.313097215002978,0.38611670639279866,1.0,1.0,1.0,1.0,0.13686884264136345,0.15325738625272178,2.8742456954686326,0.1671727922367924,0.16967852620415483,38.02997648966613,1.810951261412673,0.060139582351296295,44.996945019807484,0.021246040740402216,0.0767110829479028,real10kg_smc_steady,0.0,True,2.5,1.0,0.03,0.01,0.75,real_10kg_v1,thruster,real_10kg_x,True,0.0012698412698412698,1.0,0.07817460317460317,0.060139582351296295,0.09807757355314928,0.0,0.12832630328632716,0.16967852620415483,,,sinusoidal,,,,,,,,,,,,,,,,,
real10kg_mpc_ltv_v3,,2,41011,scn2_env41011,6c00ada3d6e1b6d9eb3ea0656b9e6501f363be2a7ef5f0d6b1a2b1971b2fafa1,2100,0.01,0.0668584436497262,7.111208829765676,39.473890341187655,0.259047619047619,0.0,0.008095238095238095,0.00015873015873015873,0.25501473609422876,0.25501473609422876,1.0,1.0,1.0,1.0,0.038815820434237196,0.0668584436497262,0.8151322291189811,0.03750775860402533,0.06916493721304982,39.473890341187655,1.8797090638660787,0.024703058086345007,44.99298126561602,0.01233918513695765,0.03532439961263009,real10kg_mpc_ltv_v3,0.0,True,2.5,1.0,0.03,0.01,0.75,real_10kg_v1,thruster,real_10kg_x,True,0.00015873015873015873,1.0,0.095,0.024703058086345007,0.027906783784587667,0.0,0.039153842759658795,0.06916493721304982,,,sinusoidal,,,,,,,,,,,,,,,,,
predictive_alpha,31000.0,2,41011,scn2_env41011,6c00ada3d6e1b6d9eb3ea0656b9e6501f363be2a7ef5f0d6b1a2b1971b2fafa1,2100,0.01,0.06237657938117625,7.086323236339147,39.25085828840208,0.2509523809523809,0.0,0.30333333333333334,0.0012698412698412698,0.2547827101255575,0.25617180934149,1.0,1.0,1.0,1.0,0.03497487990423945,0.06237657938117625,0.7344724779890284,0.03836712708960602,0.06924009697994776,39.25085828840208,1.8690884899239084,0.02984302681783226,44.99689555113123,0.014727941539293698,0.04776250174508612,,0.0,True,2.5,1.0,0.03,0.01,0.75,real_10kg_v1,thruster,real_10kg_x,True,0.0012698412698412698,1.0,0.09063492063492064,0.02984302681783226,0.04082263911878584,0.0,0.03911701628816576,0.06924009697994776,,,sinusoidal,real10kg_smc_steady,real10kg_mpc_ltv_v3,-1.0,-1.0,predictive_alpha,1.0,0.8391673457629042,0.30586391670340457,False,0.0,0.8161630507716022,0.0,transformer,16.0,0.0033968378022002903,0.012500000000000011,0.0007402472989002333
predictive_alpha,31001.0,2,41011,scn2_env41011,6c00ada3d6e1b6d9eb3ea0656b9e6501f363be2a7ef5f0d6b1a2b1971b2fafa1,2100,0.01,0.061487095908371675,7.16645470182391,39.240113345651075,0.25047619047619046,0.0,0.2985714285714286,0.0012698412698412698,0.25488811972350994,0.25488811972350994,1.0,1.0,1.0,1.0,0.0345935252380203,0.061487095908371675,0.7264640299984262,0.0384038100819207,0.0692790416586314,39.240113345651075,1.8685768259833844,0.029302292760232263,44.99689555113123,0.01438362805319909,0.045231933229473054,,0.0,True,2.5,1.0,0.03,0.01,0.75,real_10kg_v1,thruster,real_10kg_x,True,0.0012698412698412698,1.0,0.09047619047619047,0.029302292760232263,0.04023608692113626,0.0,0.03905688457813192,0.0692790416586314,,,sinusoidal,real10kg_smc_steady,real10kg_mpc_ltv_v3,-1.0,-1.0,predictive_alpha,1.0,0.8463582809524974,0.2933058287210727,False,0.0,0.8216398914058559,0.0,transformer,16.0,0.0034157490434223643,0.012500000000000011,0.0007569046756055766
predictive_alpha,31002.0,2,41011,scn2_env41011,6c00ada3d6e1b6d9eb3ea0656b9e6501f363be2a7ef5f0d6b1a2b1971b2fafa1,2100,0.01,0.060798861274904206,7.199851874231153,39.240866371174825,0.2509523809523809,0.0,0.32761904761904764,0.0012698412698412698,0.2546607952595631,0.2546607952595631,1.0,1.0,1.0,1.0,0.034464485727136056,0.060798861274904206,0.7237542002698573,0.03832748096564436,0.06917785447132971,39.240866371174825,1.8686126843416584,0.029439277513907985,44.99689555113123,0.01409192212473654,0.04026809196349296,,0.0,True,2.5,1.0,0.03,0.01,0.75,real_10kg_v1,thruster,real_10kg_x,True,0.0012698412698412698,1.0,0.09063492063492064,0.029439277513907985,0.04055256960337065,0.0,0.03910099076446825,0.06917785447132971,,,sinusoidal,real10kg_smc_steady,real10kg_mpc_ltv_v3,-1.0,-1.0,predictive_alpha,1.0,0.8445619418083804,0.2961899171874919,False,0.0,0.8220970121296566,0.0,transformer,16.0,0.0032686629260139147,0.012500000000000011,0.0008818223149581533
predictive_alpha,31003.0,2,41011,scn2_env41011,6c00ada3d6e1b6d9eb3ea0656b9e6501f363be2a7ef5f0d6b1a2b1971b2fafa1,2100,0.01,0.06102071073134065,7.236681020732522,39.230145848332555,0.24904761904761905,0.0,0.2580952380952381,0.0012698412698412698,0.25464572349171916,0.25464572349171916,1.0,1.0,1.0,1.0,0.03462317026886101,0.06102071073134065,0.7270865756460814,0.038427713088691244,0.0692031388347936,39.230145848332555,1.868102183253931,0.028540827807389074,44.99689555113123,0.013463486122020403,0.04026809196349296,,0.0,True,2.5,1.0,0.03,0.01,0.75,real_10kg_v1,thruster,real_10kg_x,True,0.0012698412698412698,1.0,0.09007936507936508,0.028540827807389074,0.03866725831850891,0.0,0.03913764426588395,0.0692031388347936,,,sinusoidal,real10kg_smc_steady,real10kg_mpc_ltv_v3,-1.0,-1.0,predictive_alpha,1.0,0.867737810085273,0.27437219249423683,False,0.0,0.8405662805378614,0.0,transformer,16.0,0.0028386233677356425,0.012500000000000011,0.0007431968990530676
predictive_alpha,31004.0,2,41011,scn2_env41011,6c00ada3d6e1b6d9eb3ea0656b9e6501f363be2a7ef5f0d6b1a2b1971b2fafa1,2100,0.01,0.06206575366850143,7.103146198326969,39.24501901266579,0.2509523809523809,0.0,0.2804761904761905,0.0012698412698412698,0.25438577033881205,0.2555098017784677,1.0,1.0,1.0,1.0,0.034837807420825005,0.06206575366850143,0.731593955837325,0.03842712478728433,0.06909089047448906,39.24501901266579,1.8688104291745613,0.028512472080295954,44.99689555113123,0.014072997825203331,0.04026809196349296,,0.0,True,2.5,1.0,0.03,0.01,0.75,real_10kg_v1,thruster,real_10kg_x,True,0.0012698412698412698,1.0,0.09071428571428572,0.028512472080295954,0.03819835400010464,0.0,0.03911645096585717,0.06909089047448906,,,sinusoidal,real10kg_smc_steady,real10kg_mpc_ltv_v3,-1.0,-1.0,predictive_alpha,1.0,0.8543481644404123,0.29115353798453875,False,0.0,0.8287040031887591,0.0,transformer,16.0,0.00299867466474063,0.012500000000000011,0.0006002877829151071
real10kg_smc_steady,,2,41012,scn2_env41012,58229971c681d013c00f06b7e9cf6f214643c9ba23b3821efd0aab14c242daf7,2100,0.01,0.15210593574814155,7.181230734448533,38.01336378167966,0.18857142857142858,0.0,0.0,0.001349206349206349,0.31242208227134616,0.3778644143993096,1.0,1.0,1.0,1.0,0.13627123099274183,0.15210593574814155,2.8616958508475783,0.1672296098148922,0.169722107639057,38.01336378167966,1.8101601800799836,0.060136817463604116,44.99351161230127,0.02008909563263293,0.06646221606147612,real10kg_smc_steady,0.0,True,2.5,1.0,0.03,0.01,0.75,real_10kg_v1,thruster,real_10kg_x,True,0.001349206349206349,1.0,0.0776984126984127,0.060136817463604116,0.09875768683882474,0.0,0.12848836753107745,0.169722107639057,,,sinusoidal,,,,,,,,,,,,,,,,,
real10kg_mpc_ltv_v3,,2,41012,scn2_env41012,58229971c681d013c00f06b7e9cf6f214643c9ba23b3821efd0aab14c242daf7,2100,0.01,0.06822986175494848,6.946161669401408,39.38946174936925,0.25857142857142856,0.0,0.005714285714285714,0.0002380952380952381,0.2533777166983811,0.2533777166983811,1.0,1.0,1.0,1.0,0.03883687773927512,0.06822986175494848,0.8155744325247776,0.03875885048171772,0.06876246761502026,39.38946174936925,1.875688654731869,0.022799586874622295,44.99215130500686,0.012611012059396434,0.03195756186064305,real10kg_mpc_ltv_v3,0.0,True,2.5,1.0,0.03,0.01,0.75,real_10kg_v1,thruster,real_10kg_x,True,0.0002380952380952381,1.0,0.09325396825396826,0.022799586874622295,0.024101933768297428,0.0,0.038991457471300346,0.06876246761502026,,,sinusoidal,,,,,,,,,,,,,,,,,
predictive_alpha,31000.0,2,41012,scn2_env41012,58229971c681d013c00f06b7e9cf6f214643c9ba23b3821efd0aab14c242daf7,2100,0.01,0.06199106604934833,6.91652831239051,39.27691573446321,0.24857142857142858,0.0,0.2714285714285714,0.001349206349206349,0.2538739041107789,0.2538739041107789,1.0,1.0,1.0,1.0,0.03557005680335229,0.06199106604934833,0.7469711928703981,0.038972646277079394,0.06901764638455524,39.27691573446321,1.8703293206887242,0.025692205205164027,44.99349458023666,0.014685519478405393,0.042989685351967066,,0.0,True,2.5,1.0,0.03,0.01,0.75,real_10kg_v1,thruster,real_10kg_x,True,0.001349206349206349,1.0,0.08936507936507937,0.025692205205164027,0.0325132943389929,0.0,0.039432744730065736,0.06901764638455524,,,sinusoidal,real10kg_smc_steady,real10kg_mpc_ltv_v3,-1.0,-1.0,predictive_alpha,1.0,0.8385118499602042,0.3078775267137602,False,0.0,0.8134203848282674,0.0,transformer,16.0,0.00342137991293605,0.012500000000000011,0.0005257000304240627
predictive_alpha,31001.0,2,41012,scn2_env41012,58229971c681d013c00f06b7e9cf6f214643c9ba23b3821efd0aab14c242daf7,2100,0.01,0.0604734293391176,7.025012601246566,39.233960324674094,0.24666666666666667,0.0,0.31238095238095237,0.001349206349206349,0.2539700495650526,0.2539700495650526,1.0,1.0,1.0,1.0,0.03499781859753487,0.0604734293391176,0.7349541905482323,0.03898742439855232,0.06904400291258957,39.233960324674094,1.8682838249844804,0.025162606529424068,44.99349458023666,0.014158603371054233,0.03772118260790169,,0.0,True,2.5,1.0,0.03,0.01,0.75,real_10kg_v1,thruster,real_10kg_x,True,0.001349206349206349,1.0,0.08896825396825397,0.025162606529424068,0.03198398270746012,0.0,0.039377903398402574,0.06904400291258957,,,sinusoidal,real10kg_smc_steady,real10kg_mpc_ltv_v3,-1.0,-1.0,predictive_alpha,1.0,0.8469761416610733,0.29423301248735767,False,0.0,0.8175831611980019,0.0,transformer,16.0,0.0033808642355233473,0.012500000000000011,0.0007134488662191835
predictive_alpha,31002.0,2,41012,scn2_env41012,58229971c681d013c00f06b7e9cf6f214643c9ba23b3821efd0aab14c242daf7,2100,0.01,0.0619664994414867,6.885100945069348,39.27677561040211,0.24857142857142858,0.0,0.26142857142857145,0.001349206349206349,0.25383995818337896,0.25383995818337896,1.0,1.0,1.0,1.0,0.03557981864047394,0.0619664994414867,0.7471761914499527,0.03895591950089391,0.06899588874857893,39.27677561040211,1.8703226481143862,0.02566632423672971,44.99349458023666,0.014579268397436828,0.041304388037093964,,0.0,True,2.5,1.0,0.03,0.01,0.75,real_10kg_v1,thruster,real_10kg_x,True,0.001349206349206349,1.0,0.08928571428571429,0.02566632423672971,0.03242436515156575,0.0,0.03942257122799385,0.06899588874857893,,,sinusoidal,real10kg_smc_steady,real10kg_mpc_ltv_v3,-1.0,-1.0,predictive_alpha,1.0,0.8397242891992962,0.30595387706064675,False,0.0,0.8132185566097143,0.0,transformer,16.0,0.0033486776871311315,0.012500000000000011,0.0005615212349710996
predictive_alpha,31003.0,2,41012,scn2_env41012,58229971c681d013c00f06b7e9cf6f214643c9ba23b3821efd0aab14c242daf7,2100,0.01,0.061766211089490736,6.937825452313759,39.24272199484077,0.24666666666666667,0.0,0.28476190476190477,0.001349206349206349,0.25376651947720114,0.25376651947720114,1.0,1.0,1.0,1.0,0.03561256280656433,0.061766211089490736,0.7478638189378509,0.03893307909049546,0.06896604502864552,39.24272199484077,1.8687010473733698,0.025134616330947,44.99349458023666,0.01371799172796515,0.03480372251995689,,0.0,True,2.5,1.0,0.03,0.01,0.75,real_10kg_v1,thruster,real_10kg_x,True,0.001349206349206349,1.0,0.08904761904761904,0.025134616330947,0.03157929451378791,0.0,0.03942272251131735,0.06896604502864552,,,sinusoidal,real10kg_smc_steady,real10kg_mpc_ltv_v3,-1.0,-1.0,predictive_alpha,1.0,0.8625452332124351,0.28445625099288224,False,0.0,0.831497924780207,0.0,transformer,16.0,0.0029832515825259837,0.012500000000000011,0.000551926783970141
predictive_alpha,31004.0,2,41012,scn2_env41012,58229971c681d013c00f06b7e9cf6f214643c9ba23b3821efd0aab14c242daf7,2100,0.01,0.06172869788334845,6.905237486287377,39.25376166083677,0.24666666666666667,0.0,0.29095238095238096,0.001349206349206349,0.25367933696907424,0.25367933696907424,1.0,1.0,1.0,1.0,0.03537455933131939,0.06172869788334845,0.7428657459577072,0.03889554799753266,0.06891398706237711,39.25376166083677,1.869226745754132,0.02541931388400918,44.99349458023666,0.014157128464534817,0.035181200559222636,,0.0,True,2.5,1.0,0.03,0.01,0.75,real_10kg_v1,thruster,real_10kg_x,True,0.001349206349206349,1.0,0.08904761904761904,0.02541931388400918,0.03203136381250421,0.0,0.03938767690373582,0.06891398706237711,,,sinusoidal,real10kg_smc_steady,real10kg_mpc_ltv_v3,-1.0,-1.0,predictive_alpha,1.0,0.8497412560144957,0.29811935571756126,False,0.0,0.8182002341860373,0.0,transformer,16.0,0.0031281179596136135,0.012500000000000011,0.000504989704414143
real10kg_smc_steady,,2,41013,scn2_env41013,54847e342cfc2397ad1708564d992f4fe0bd23eccf8715e3c2ba2c1782397760,2100,0.01,0.14723835871131932,7.124229286757403,37.806438652666635,0.18523809523809523,0.0,0.0,0.0011904761904761906,0.3099713819031693,0.3535893016376959,1.0,1.0,1.0,1.0,0.13299094854452015,0.14723835871131932,2.7928099194349234,0.16667273356405926,0.16907510593329728,37.806438652666635,1.800306602507935,0.05934949134367188,44.99351033697383,0.019608170201252478,0.06299225528066729,real10kg_smc_steady,0.0,True,2.5,1.0,0.03,0.01,0.75,real_10kg_v1,thruster,real_10kg_x,True,0.0011904761904761906,1.0,0.0769047619047619,0.05934949134367188,0.09872892264395931,0.0,0.12820069107787982,0.16907510593329728,,,sinusoidal,,,,,,,,,,,,,,,,,
real10kg_mpc_ltv_v3,,2,41013,scn2_env41013,54847e342cfc2397ad1708564d992f4fe0bd23eccf8715e3c2ba2c1782397760,2100,0.01,0.06295005238727283,7.034396819683167,39.30332913873541,0.25761904761904764,0.0,0.009047619047619047,0.00039682539682539677,0.2534643102894768,0.2534643102894768,1.0,1.0,1.0,1.0,0.0366825932601753,0.06295005238727283,0.7703344584636813,0.03842327781329467,0.06872920082269629,39.30332913873541,1.8715871018445431,0.023821727833712877,44.99208589992548,0.011949997637813412,0.030105577382931514,real10kg_mpc_ltv_v3,0.0,True,2.5,1.0,0.03,0.01,0.75,real_10kg_v1,thruster,real_10kg_x,True,0.00039682539682539677,1.0,0.09309523809523809,0.023821727833712877,0.025973123102281774,0.0,0.038807665594175,0.06872920082269629,,,sinusoidal,,,,,,,,,,,,,,,,,
predictive_alpha,31000.0,2,41013,scn2_env41013,54847e342cfc2397ad1708564d992f4fe0bd23eccf8715e3c2ba2c1782397760,2100,0.01,0.05435254442086937,7.0322750253012565,39.12656612553211,0.24857142857142858,0.0,0.29428571428571426,0.0011904761904761906,0.25395111246233915,0.25395111246233915,1.0,1.0,1.0,1.0,0.03266997588301475,0.05435254442086937,0.6860694935433097,0.038659131968008416,0.06898642547157002,39.12656612553211,1.863169815501529,0.025801012862860056,44.99349252084114,0.013969234907180501,0.039869478689328886,,0.0,True,2.5,1.0,0.03,0.01,0.75,real_10kg_v1,thruster,real_10kg_x,True,0.0011904761904761906,1.0,0.08928571428571429,0.025801012862860056,0.03325666814580044,0.0,0.03922534373985995,0.06898642547157002,,,sinusoidal,real10kg_smc_steady,real10kg_mpc_ltv_v3,-1.0,-1.0,predictive_alpha,1.0,0.8407128606537811,0.30377347948558375,False,0.0,0.8196292289217846,0.0,transformer,16.0,0.003413202743382361,0.012500000000000011,0.0006845412930220607
predictive_alpha,31001.0,2,41013,scn2_env41013,54847e342cfc2397ad1708564d992f4fe0bd23eccf8715e3c2ba2c1782397760,2100,0.01,0.05325465924454524,7.15375554206332,39.107773539149676,0.24857142857142858,0.0,0.2904761904761905,0.0011904761904761906,0.25391443835653027,0.25391443835653027,1.0,1.0,1.0,1.0,0.03225720533313709,0.05325465924454524,0.6774013119958789,0.03862550466523539,0.06894345438736138,39.107773539149676,1.862274930435699,0.025101828630459417,44.99349252084114,0.013480253983103539,0.03547600561646064,,0.0,True,2.5,1.0,0.03,0.01,0.75,real_10kg_v1,thruster,real_10kg_x,True,0.0011904761904761906,1.0,0.08928571428571429,0.025101828630459417,0.03252952458269499,0.0,0.03911657255805205,0.06894345438736138,,,sinusoidal,real10kg_smc_steady,real10kg_mpc_ltv_v3,-1.0,-1.0,predictive_alpha,1.0,0.8521674091822855,0.2856500465726228,False,0.0,0.8276775775033803,0.0,transformer,16.0,0.003457411459636714,0.012500000000000011,0.000750434368461844
predictive_alpha,31002.0,2,41013,scn2_env41013,54847e342cfc2397ad1708564d992f4fe0bd23eccf8715e3c2ba2c1782397760,2100,0.01,0.05434466530147343,6.9907027964738395,39.11986210134832,0.24857142857142858,0.0,0.31952380952380954,0.0011904761904761906,0.253834454870878,0.253834454870878,1.0,1.0,1.0,1.0,0.03264661719730864,0.05434466530147343,0.6855789611434814,0.03861933106039874,0.06892771319255576,39.11986210134832,1.8628505762546819,0.02565207978181993,44.99349252084114,0.013674011538479374,0.035258044751208695,,0.0,True,2.5,1.0,0.03,0.01,0.75,real_10kg_v1,thruster,real_10kg_x,True,0.0011904761904761906,1.0,0.0892063492063492,0.02565207978181993,0.033158682194983725,0.0,0.03918664853067591,0.06892771319255576,,,sinusoidal,real10kg_smc_steady,real10kg_mpc_ltv_v3,-1.0,-1.0,predictive_alpha,1.0,0.8440939508483983,0.2982411979463016,False,0.0,0.8186558019090444,0.0,transformer,16.0,0.0033947519791784073,0.012500000000000011,0.0007387458379269159
predictive_alpha,31003.0,2,41013,scn2_env41013,54847e342cfc2397ad1708564d992f4fe0bd23eccf8715e3c2ba2c1782397760,2100,0.01,0.053924553476786756,7.070616786344733,39.10732041589268,0.2480952380952381,0.0,0.2857142857142857,0.0011904761904761906,0.2539032987094972,0.2539032987094972,1.0,1.0,1.0,1.0,0.032549431907583845,0.053924553476786756,0.6835380700592607,0.03864121118578803,0.06896365963065741,39.10732041589268,1.8622533531377468,0.025043645423286763,44.99349252084114,0.013121215404543144,0.03266682350528602,,0.0,True,2.5,1.0,0.03,0.01,0.75,real_10kg_v1,thruster,real_10kg_x,True,0.0011904761904761906,1.0,0.08912698412698412,0.025043645423286763,0.03218779956977883,0.0,0.039205172613884384,0.06896365963065741,,,sinusoidal,real10kg_smc_steady,real10kg_mpc_ltv_v3,-1.0,-1.0,predictive_alpha,1.0,0.8670763769235825,0.2777983307287973,False,0.0,0.8412537301513588,0.0,transformer,16.0,0.002876383144922211,0.012500000000000011,0.0006210914469971687
predictive_alpha,31004.0,2,41013,scn2_env41013,54847e342cfc2397ad1708564d992f4fe0bd23eccf8715e3c2ba2c1782397760,2100,0.01,0.05379183781206155,7.056078708729494,39.116096645009534,0.24857142857142858,0.0,0.30523809523809525,0.0011904761904761906,0.2536686017112742,0.2536686017112742,1.0,1.0,1.0,1.0,0.032178716500733305,0.05379183781206155,0.6757530465153994,0.03855314784131955,0.06883881332081909,39.116096645009534,1.8626712688099778,0.025557141992615384,44.99349252084114,0.013473284910155205,0.03285816323324625,,0.0,True,2.5,1.0,0.03,0.01,0.75,real_10kg_v1,thruster,real_10kg_x,True,0.0011904761904761906,1.0,0.08928571428571429,0.025557141992615384,0.03279933402136901,0.0,0.03913758948863749,0.06883881332081909,,,sinusoidal,real10kg_smc_steady,real10kg_mpc_ltv_v3,-1.0,-1.0,predictive_alpha,1.0,0.8533321801481418,0.2931548774770733,False,0.0,0.8286406770694469,0.0,transformer,16.0,0.003076602427435735,0.012500000000000011,0.0006477591898348226
real10kg_smc_steady,,2,41014,scn2_env41014,24c7f3d2889e507043a37167dbc4184036e903e971276cce7bf9d6f71d0b50d3,2100,0.01,0.15557869227171223,7.204214652830575,38.1362865076467,0.1880952380952381,0.0,0.0,0.0014285714285714286,0.3183491624302852,0.3952926670681557,1.0,1.0,1.0,1.0,0.13841437000627885,0.15557869227171223,2.906701770131856,0.1677720178026891,0.17045551446363658,38.1362865076467,1.8160136432212715,0.05978714306998787,44.993511009394005,0.02043475934659294,0.07192255608110512,real10kg_smc_steady,0.0,True,2.5,1.0,0.03,0.01,0.75,real_10kg_v1,thruster,real_10kg_x,True,0.0014285714285714286,1.0,0.07777777777777778,0.05978714306998787,0.09832632644625833,0.0,0.12877807134487734,0.17045551446363658,,,sinusoidal,,,,,,,,,,,,,,,,,
real10kg_mpc_ltv_v3,,2,41014,scn2_env41014,24c7f3d2889e507043a37167dbc4184036e903e971276cce7bf9d6f71d0b50d3,2100,0.01,0.06947614940848892,6.980381076139941,39.47441588983355,0.2561904761904762,0.0,0.021904761904761906,0.00015873015873015873,0.2550226813171924,0.2620446977215614,1.0,1.0,1.0,1.0,0.0381553227472126,0.06947614940848892,0.8012617776914647,0.037473980580654966,0.06915252047756759,39.47441588983355,1.879734089992074,0.0254752589397385,44.992468318821615,0.010926863482576736,0.031924235423864855,real10kg_mpc_ltv_v3,0.0,True,2.5,1.0,0.03,0.01,0.75,real_10kg_v1,thruster,real_10kg_x,True,0.00015873015873015873,1.0,0.09404761904761905,0.0254752589397385,0.03098612949577537,0.0,0.03870564504192361,0.06915252047756759,,,sinusoidal,,,,,,,,,,,,,,,,,
predictive_alpha,31000.0,2,41014,scn2_env41014,24c7f3d2889e507043a37167dbc4184036e903e971276cce7bf9d6f71d0b50d3,2100,0.01,0.06576779154944284,6.948195691634988,39.31889703056321,0.2438095238095238,0.0,0.35095238095238096,0.0014285714285714286,0.25476714581434645,0.2787092670461705,1.0,1.0,1.0,1.0,0.0360002695716121,0.06576779154944284,0.7560056610038541,0.03841578461648911,0.06922861643785114,39.31889703056321,1.8723284300268193,0.029237826267151663,44.99349792249641,0.013968985391421957,0.044999189566544695,,0.0,True,2.5,1.0,0.03,0.01,0.75,real_10kg_v1,thruster,real_10kg_x,True,0.0014285714285714286,1.0,0.08865079365079365,0.029237826267151663,0.04001983295190826,0.0,0.03909118723274449,0.06922861643785114,,,sinusoidal,real10kg_smc_steady,real10kg_mpc_ltv_v3,-1.0,-1.0,predictive_alpha,1.0,0.8398224767687064,0.3061954627777484,False,0.0,0.8169013875016632,0.0,transformer,16.0,0.0033361353217617852,0.012500000000000011,0.0007053209651642232
predictive_alpha,31001.0,2,41014,scn2_env41014,24c7f3d2889e507043a37167dbc4184036e903e971276cce7bf9d6f71d0b50d3,2100,0.01,0.06468546623265646,7.019579912260146,39.29595617562674,0.24285714285714285,0.0,0.28714285714285714,0.0014285714285714286,0.25509662561347984,0.2764442078415633,1.0,1.0,1.0,1.0,0.03550651240849892,0.06468546623265646,0.7456367605784773,0.038380776617947435,0.06934155153639428,39.29595617562674,1.871236008363178,0.029469936527505756,44.99349792249641,0.013478676570241767,0.04231240290780802,,0.0,True,2.5,1.0,0.03,0.01,0.75,real_10kg_v1,thruster,real_10kg_x,True,0.0014285714285714286,1.0,0.08833333333333333,0.029469936527505756,0.04086352473471678,0.0,0.03902320045131906,0.06934155153639428,,,sinusoidal,real10kg_smc_steady,real10kg_mpc_ltv_v3,-1.0,-1.0,predictive_alpha,1.0,0.8470900392191163,0.2927835524176034,False,0.0,0.8195584330255432,0.0,transformer,16.0,0.003469399128362244,0.012500000000000011,0.0008246662121625295
predictive_alpha,31002.0,2,41014,scn2_env41014,24c7f3d2889e507043a37167dbc4184036e903e971276cce7bf9d6f71d0b50d3,2100,0.01,0.06520383445827159,6.94484266643767,39.3089062467058,0.24428571428571427,0.0,0.29714285714285715,0.0014285714285714286,0.2554577029164136,0.27663074414950983,1.0,1.0,1.0,1.0,0.0356088417920446,0.06520383445827159,0.7477856776329366,0.0379158586889443,0.06940553218868448,39.3089062467058,1.871852678414562,0.0323448598255514,44.99349792249641,0.013291989775695536,0.04280208318892248,,0.0,True,2.5,1.0,0.03,0.01,0.75,real_10kg_v1,thruster,real_10kg_x,True,0.0014285714285714286,1.0,0.08936507936507937,0.0323448598255514,0.04676318401967672,0.0,0.03907807146049494,0.06940553218868448,,,sinusoidal,real10kg_smc_steady,real10kg_mpc_ltv_v3,-1.0,-1.0,predictive_alpha,1.0,0.8417109609263522,0.3019248288364957,False,0.0,0.8185074866345773,0.0,transformer,16.0,0.0033551783984786675,0.012500000000000011,0.0008128623282908948
predictive_alpha,31003.0,2,41014,scn2_env41014,24c7f3d2889e507043a37167dbc4184036e903e971276cce7bf9d6f71d0b50d3,2100,0.01,0.06543576079680709,6.997761537793606,39.294963223138566,0.2438095238095238,0.0,0.3433333333333333,0.0014285714285714286,0.2554611124371783,0.27747026575353384,1.0,1.0,1.0,1.0,0.03574522813763808,0.06543576079680709,0.7506497908903996,0.03790868128536118,0.06941547219414623,39.294963223138566,1.8711887249113603,0.0318075240218061,44.99349792249641,0.012292213603463846,0.03487433072700763,,0.0,True,2.5,1.0,0.03,0.01,0.75,real_10kg_v1,thruster,real_10kg_x,True,0.0014285714285714286,1.0,0.0892063492063492,0.0318075240218061,0.04590372219784757,0.0,0.03907153768340722,0.06941547219414623,,,sinusoidal,real10kg_smc_steady,real10kg_mpc_ltv_v3,-1.0,-1.0,predictive_alpha,1.0,0.8641823901940109,0.2784906294068537,False,0.0,0.8349321858979584,0.0,transformer,16.0,0.0029908757722349353,0.012500000000000011,0.0006968207786327294
predictive_alpha,31004.0,2,41014,scn2_env41014,24c7f3d2889e507043a37167dbc4184036e903e971276cce7bf9d6f71d0b50d3,2100,0.01,0.0657231763347535,6.908741835320277,39.31783413936084,0.24333333333333335,0.0,0.4076190476190476,0.0014285714285714286,0.25455255510249003,0.277657914075548,1.0,1.0,1.0,1.0,0.036001246273885346,0.0657231763347535,0.7560261717515923,0.0384018714507111,0.06913349958768414,39.31783413936084,1.87227781616004,0.028799521740941733,44.99349792249641,0.013693622609855127,0.03989351927296109,,0.0,True,2.5,1.0,0.03,0.01,0.75,real_10kg_v1,thruster,real_10kg_x,True,0.0014285714285714286,1.0,0.08857142857142856,0.028799521740941733,0.039027090219001755,0.0,0.039062190490533784,0.06913349958768414,,,sinusoidal,real10kg_smc_steady,real10kg_mpc_ltv_v3,-1.0,-1.0,predictive_alpha,1.0,0.8466676989571492,0.29990647999378267,False,0.0,0.8193793518765874,0.0,transformer,16.0,0.003125032075636195,0.012500000000000011,0.0006396368531072396
real10kg_smc_steady,,2,41015,scn2_env41015,941d5c6e7877dc671b973ca984d196e0756a5f8c06d8f6b213cee0b4496705f7,2100,0.01,0.15016439425942163,7.137469846025098,37.98784371535362,0.19095238095238096,0.0,0.0,0.0015079365079365078,0.3105836358646561,0.3709183287050637,1.0,1.0,1.0,1.0,0.13493331620059712,0.15016439425942163,2.83359964021254,0.16673665252215109,0.16916648894649167,37.98784371535362,1.8089449388263628,0.05931547969946252,44.99351188340254,0.020951105565018342,0.06391940021284154,real10kg_smc_steady,0.0,True,2.5,1.0,0.03,0.01,0.75,real_10kg_v1,thruster,real_10kg_x,True,0.0015079365079365078,1.0,0.07833333333333334,0.05931547969946252,0.09729469420005668,0.0,0.12810133182388742,0.16916648894649167,,,sinusoidal,,,,,,,,,,,,,,,,,
real10kg_mpc_ltv_v3,,2,41015,scn2_env41015,941d5c6e7877dc671b973ca984d196e0756a5f8c06d8f6b213cee0b4496705f7,2100,0.01,0.06566570392939687,7.07293522530104,39.39753357628818,0.25857142857142856,0.0,0.01904761904761905,0.00039682539682539677,0.25496868180867654,0.25496868180867654,1.0,1.0,1.0,1.0,0.038209767247782835,0.06566570392939687,0.8024051122034395,0.0374604612786837,0.069131640445792,39.39753357628818,1.8760730274422943,0.023977477410497116,44.99247887794825,0.013261953102292952,0.052452293137160495,real10kg_mpc_ltv_v3,0.0,True,2.5,1.0,0.03,0.01,0.75,real_10kg_v1,thruster,real_10kg_x,True,0.00039682539682539677,1.0,0.09452380952380952,0.023977477410497116,0.027509257129309822,0.0,0.03907608682331707,0.069131640445792,,,sinusoidal,,,,,,,,,,,,,,,,,
predictive_alpha,31000.0,2,41015,scn2_env41015,941d5c6e7877dc671b973ca984d196e0756a5f8c06d8f6b213cee0b4496705f7,2100,0.01,0.05885166923512986,6.973698433811915,39.24860011797399,0.2480952380952381,0.0,0.33285714285714285,0.0015079365079365078,0.2548580914381539,0.2548580914381539,1.0,1.0,1.0,1.0,0.03356283339557624,0.05885166923512986,0.704819501307101,0.038258084764252534,0.06923827236006279,39.24860011797399,1.8689809579987615,0.03032668443904486,44.993498924003084,0.014877827686105315,0.05243725590803591,,0.0,True,2.5,1.0,0.03,0.01,0.75,real_10kg_v1,thruster,real_10kg_x,True,0.0015079365079365078,1.0,0.09,0.03032668443904486,0.041769836002861355,0.0,0.039043409005182696,0.06923827236006279,,,sinusoidal,real10kg_smc_steady,real10kg_mpc_ltv_v3,-1.0,-1.0,predictive_alpha,1.0,0.842456732610229,0.303097623879177,False,0.0,0.8204294528874259,0.0,transformer,16.0,0.003353676064139068,0.012500000000000011,0.0006551948566069003
predictive_alpha,31001.0,2,41015,scn2_env41015,941d5c6e7877dc671b973ca984d196e0756a5f8c06d8f6b213cee0b4496705f7,2100,0.01,0.05768484621661998,7.094326951299484,39.22403617537696,0.24857142857142858,0.0,0.2966666666666667,0.0015079365079365078,0.2546065152640555,0.2546065152640555,1.0,1.0,1.0,1.0,0.03315579073610055,0.05768484621661998,0.6962716054581116,0.038369072229451115,0.06914508298796412,39.22403617537696,1.867811246446522,0.02845445605546979,44.993498924003084,0.014287598083760922,0.05243725590803591,,0.0,True,2.5,1.0,0.03,0.01,0.75,real_10kg_v1,thruster,real_10kg_x,True,0.0015079365079365078,1.0,0.08968253968253968,0.02845445605546979,0.03855001751515237,0.0,0.03897208627507703,0.06914508298796412,,,sinusoidal,real10kg_smc_steady,real10kg_mpc_ltv_v3,-1.0,-1.0,predictive_alpha,1.0,0.8619637875643902,0.275831013733683,False,0.0,0.8304465272676732,0.0,transformer,16.0,0.0033455865502244916,0.012500000000000011,0.0007207131346384862
predictive_alpha,31002.0,2,41015,scn2_env41015,941d5c6e7877dc671b973ca984d196e0756a5f8c06d8f6b213cee0b4496705f7,2100,0.01,0.058279570096066435,6.989338640197922,39.24164220932949,0.24904761904761905,0.0,0.2876190476190476,0.0015079365079365078,0.2545888372608107,0.2545888372608107,1.0,1.0,1.0,1.0,0.03340109717424211,0.058279570096066435,0.7014230406590843,0.03831790698399377,0.06914055651492611,39.24164220932949,1.86864962901569,0.02947281985134695,44.993498924003084,0.014841934010799793,0.05243725590803591,,0.0,True,2.5,1.0,0.03,0.01,0.75,real_10kg_v1,thruster,real_10kg_x,True,0.0015079365079365078,1.0,0.09,0.02947281985134695,0.04015632238925981,0.0,0.039024439972085344,0.06914055651492611,,,sinusoidal,real10kg_smc_steady,real10kg_mpc_ltv_v3,-1.0,-1.0,predictive_alpha,1.0,0.8431010300408837,0.3010459046832177,False,0.0,0.8171250784348342,0.0,transformer,16.0,0.0034192233169225246,0.012500000000000011,0.0007417792552585629
predictive_alpha,31003.0,2,41015,scn2_env41015,941d5c6e7877dc671b973ca984d196e0756a5f8c06d8f6b213cee0b4496705f7,2100,0.01,0.0583323497895682,7.060749993951351,39.228286728224184,0.24857142857142858,0.0,0.3057142857142857,0.0015079365079365078,0.2546738996578843,0.2546738996578843,1.0,1.0,1.0,1.0,0.033629485836227366,0.0583323497895682,0.7062192025607748,0.03834996376354926,0.06918836646765392,39.228286728224184,1.8680136537249612,0.028944004189284875,44.993498924003084,0.014093041062163717,0.05243725590803591,,0.0,True,2.5,1.0,0.03,0.01,0.75,real_10kg_v1,thruster,real_10kg_x,True,0.0015079365079365078,1.0,0.08984126984126985,0.028944004189284875,0.039186936298751404,0.0,0.039059157436339566,0.06918836646765392,,,sinusoidal,real10kg_smc_steady,real10kg_mpc_ltv_v3,-1.0,-1.0,predictive_alpha,1.0,0.87040803530124,0.2725333445880081,False,0.0,0.8424616255203173,0.0,transformer,16.0,0.002987771325402336,0.012500000000000011,0.0005948497539358195
predictive_alpha,31004.0,2,41015,scn2_env41015,941d5c6e7877dc671b973ca984d196e0756a5f8c06d8f6b213cee0b4496705f7,2100,0.01,0.057661332648544845,7.080299127184817,39.22977154707643,0.24571428571428572,0.0,0.27095238095238094,0.0015079365079365078,0.25517348676772494,0.25517348676772494,1.0,1.0,1.0,1.0,0.032908730685946484,0.057661332648544845,0.6910833444048761,0.037803353371458806,0.06926846386638492,39.22977154707643,1.8680843593845922,0.031808231148774554,44.993498924003084,0.013847150353807897,0.05243725590803591,,0.0,True,2.5,1.0,0.03,0.01,0.75,real_10kg_v1,thruster,real_10kg_x,True,0.0015079365079365078,1.0,0.08992063492063491,0.031808231148774554,0.04565223117314644,0.0,0.038999315806134936,0.06926846386638492,,,sinusoidal,real10kg_smc_steady,real10kg_mpc_ltv_v3,-1.0,-1.0,predictive_alpha,1.0,0.8603251502721235,0.2835285785909059,False,0.0,0.833193994396854,0.0,transformer,16.0,0.003045513525726932,0.012500000000000011,0.0006519549342341192
real10kg_smc_steady,,2,41016,scn2_env41016,d3fdf5f607f81950aa470703ea9faeed51e7cd0b493e9c319e81e204a50672f1,2100,0.01,0.1537284128601383,7.203104274409399,38.08166913393874,0.18761904761904763,0.0,0.0,0.001349206349206349,0.3177303407649363,0.38570847614504516,1.0,1.0,1.0,1.0,0.13725468013009834,0.1537284128601383,2.8823482827320652,0.16766270425150914,0.17031266985265953,38.08166913393874,1.8134128159018448,0.05803960054826325,44.993506777461214,0.02034670372966867,0.07123054721962083,real10kg_smc_steady,0.0,True,2.5,1.0,0.03,0.01,0.75,real_10kg_v1,thruster,real_10kg_x,True,0.001349206349206349,1.0,0.07746031746031747,0.05803960054826325,0.09458418332899705,0.0,0.1286806599672455,0.17031266985265953,,,sinusoidal,,,,,,,,,,,,,,,,,
real10kg_mpc_ltv_v3,,2,41016,scn2_env41016,d3fdf5f607f81950aa470703ea9faeed51e7cd0b493e9c319e81e204a50672f1,2100,0.01,0.06808353144440621,6.982015905719828,39.4469050237022,0.25952380952380955,0.0,0.01,7.936507936507937e-05,0.25362543438705887,0.25362543438705887,1.0,1.0,1.0,1.0,0.03813060471256381,0.06808353144440621,0.8007426989638401,0.038160924767733716,0.06873821948894737,39.4469050237022,1.8784240487477237,0.02518289215924344,44.99223939109525,0.011914005386666196,0.03219497807080768,real10kg_mpc_ltv_v3,0.0,True,2.5,1.0,0.03,0.01,0.75,real_10kg_v1,thruster,real_10kg_x,True,7.936507936507937e-05,1.0,0.09388888888888888,0.02518289215924344,0.028554790825770667,0.0,0.03865184977876705,0.06873821948894737,,,sinusoidal,,,,,,,,,,,,,,,,,
predictive_alpha,31000.0,2,41016,scn2_env41016,d3fdf5f607f81950aa470703ea9faeed51e7cd0b493e9c319e81e204a50672f1,2100,0.01,0.06353824564784105,6.948442676577373,39.29350623842883,0.25047619047619046,0.0,0.3076190476190476,0.001349206349206349,0.2542800063336983,0.26414176735333433,1.0,1.0,1.0,1.0,0.0352827406846837,0.06353824564784105,0.7409375543783577,0.0382679723407006,0.06902152933942743,39.29350623842883,1.8711193446870873,0.028144326387633038,44.993490854220305,0.01409950870886327,0.04524715996111345,,0.0,True,2.5,1.0,0.03,0.01,0.75,real_10kg_v1,thruster,real_10kg_x,True,0.001349206349206349,1.0,0.09007936507936508,0.028144326387633038,0.03706970245897609,0.0,0.0390390400396846,0.06902152933942743,,,sinusoidal,real10kg_smc_steady,real10kg_mpc_ltv_v3,-1.0,-1.0,predictive_alpha,1.0,0.8386158244236749,0.307943287347035,False,0.0,0.8153749170512449,0.0,transformer,16.0,0.0033655484140346272,0.012500000000000011,0.0007178519486997498
predictive_alpha,31001.0,2,41016,scn2_env41016,d3fdf5f607f81950aa470703ea9faeed51e7cd0b493e9c319e81e204a50672f1,2100,0.01,0.06223600561555905,7.033312947202681,39.26955542232749,0.24857142857142858,0.0,0.30333333333333334,0.001349206349206349,0.2545385570522711,0.26120658389758294,1.0,1.0,1.0,1.0,0.03471936326109706,0.06223600561555905,0.7291066284830382,0.03825536110022058,0.06910854551622071,39.26955542232749,1.8699788296346425,0.02810665138323756,44.993490854220305,0.013638289921947527,0.04228743958022574,,0.0,True,2.5,1.0,0.03,0.01,0.75,real_10kg_v1,thruster,real_10kg_x,True,0.001349206349206349,1.0,0.08968253968253968,0.02810665138323756,0.03741755428498339,0.0,0.038961446026302686,0.06910854551622071,,,sinusoidal,real10kg_smc_steady,real10kg_mpc_ltv_v3,-1.0,-1.0,predictive_alpha,1.0,0.8466000430698076,0.2944664809633292,False,0.0,0.8187447900555673,0.0,transformer,16.0,0.003430598977510011,0.012500000000000011,0.0008131437542649275
predictive_alpha,31002.0,2,41016,scn2_env41016,d3fdf5f607f81950aa470703ea9faeed51e7cd0b493e9c319e81e204a50672f1,2100,0.01,0.06309753750110836,6.9350541860280694,39.28380016274547,0.24857142857142858,0.0,0.30333333333333334,0.001349206349206349,0.25445779646169253,0.26212454614476144,1.0,1.0,1.0,1.0,0.0350595531293415,0.06309753750110836,0.7362506157161716,0.03814442418428811,0.0690637992708653,39.28380016274547,1.8706571506069274,0.029013601128657363,44.993490854220305,0.013822504378160516,0.04337558214818865,,0.0,True,2.5,1.0,0.03,0.01,0.75,real_10kg_v1,thruster,real_10kg_x,True,0.001349206349206349,1.0,0.08992063492063491,0.029013601128657363,0.03896383737091956,0.0,0.03899076498831319,0.0690637992708653,,,sinusoidal,real10kg_smc_steady,real10kg_mpc_ltv_v3,-1.0,-1.0,predictive_alpha,1.0,0.8397915712283794,0.3049742144302101,False,0.0,0.8155196327565326,0.0,transformer,16.0,0.0033356337580471513,0.012500000000000011,0.0007756515600610788
predictive_alpha,31003.0,2,41016,scn2_env41016,d3fdf5f607f81950aa470703ea9faeed51e7cd0b493e9c319e81e204a50672f1,2100,0.01,0.06314492569118894,6.99944663003526,39.26701862509801,0.2480952380952381,0.0,0.2776190476190476,0.001349206349206349,0.2543982050179137,0.2625953090322025,1.0,1.0,1.0,1.0,0.03516983360777118,0.06314492569118894,0.7385665057631947,0.03817968317597652,0.06905459629414283,39.26701862509801,1.869858029766572,0.02830448051252488,44.993490854220305,0.012800921091807407,0.03530081187562148,,0.0,True,2.5,1.0,0.03,0.01,0.75,real_10kg_v1,thruster,real_10kg_x,True,0.001349206349206349,1.0,0.08968253968253968,0.02830448051252488,0.03758829572093256,0.0,0.03900652404997106,0.06905459629414283,,,sinusoidal,real10kg_smc_steady,real10kg_mpc_ltv_v3,-1.0,-1.0,predictive_alpha,1.0,0.8650918723209989,0.2796043868377616,False,0.0,0.8354199017690761,0.0,transformer,16.0,0.002947990607037642,0.012500000000000011,0.0006640436010895927
predictive_alpha,31004.0,2,41016,scn2_env41016,d3fdf5f607f81950aa470703ea9faeed51e7cd0b493e9c319e81e204a50672f1,2100,0.01,0.06331950758197143,6.927859855156779,39.285975228619435,0.24904761904761905,0.0,0.3242857142857143,0.001349206349206349,0.25411397505669986,0.2629852883646431,1.0,1.0,1.0,1.0,0.03513425149468866,0.06331950758197143,0.737819281388462,0.038257688277612986,0.06895014681069078,39.285975228619435,1.8707607251723541,0.027669076343157177,44.993490854220305,0.013627842733187843,0.03766050039475022,,0.0,True,2.5,1.0,0.03,0.01,0.75,real_10kg_v1,thruster,real_10kg_x,True,0.001349206349206349,1.0,0.08984126984126985,0.027669076343157177,0.03621023919743478,0.0,0.03899798227932303,0.06895014681069078,,,sinusoidal,real10kg_smc_steady,real10kg_mpc_ltv_v3,-1.0,-1.0,predictive_alpha,1.0,0.8485552272562057,0.2982575859539657,False,0.0,0.820672828491245,0.0,transformer,16.0,0.0031320929080928565,0.012500000000000011,0.0006328237175745088
real10kg_smc_steady,,2,41017,scn2_env41017,744c8d4ba6e1a43a931a54ea972e145e6ab77cde5ccc2677e4505d2be2fe7877,2100,0.01,0.15464442910269163,7.202089056551132,38.11702418609477,0.19380952380952382,0.0,0.0,0.0014285714285714286,0.3079664528767149,0.39178778174944673,1.0,1.0,1.0,1.0,0.13773064073220626,0.15464442910269163,2.8923434553763316,0.1665667243037813,0.16890901953464052,38.11702418609477,1.8150963898140366,0.05973657143874821,44.9935117364501,0.020621566503636602,0.07273014810561099,real10kg_smc_steady,0.0,True,2.5,1.0,0.03,0.01,0.75,real_10kg_v1,thruster,real_10kg_x,True,0.0014285714285714286,1.0,0.07952380952380952,0.05973657143874821,0.09746210478684039,0.0,0.1282337476399723,0.16890901953464052,,,sinusoidal,,,,,,,,,,,,,,,,,
real10kg_mpc_ltv_v3,,2,41017,scn2_env41017,744c8d4ba6e1a43a931a54ea972e145e6ab77cde5ccc2677e4505d2be2fe7877,2100,0.01,0.06923234559769686,6.966888919122382,39.46472778606013,0.2633333333333333,0.0,0.010952380952380953,0.00031746031746031746,0.2540789661001035,0.2584469488886464,1.0,1.0,1.0,1.0,0.038527806629007476,0.06923234559769686,0.809083939209157,0.0382704314898201,0.06892331143647108,39.46472778606013,1.879272751717149,0.026869336729662633,44.99229932679838,0.011724749541763245,0.03198194222386927,real10kg_mpc_ltv_v3,0.0,True,2.5,1.0,0.03,0.01,0.75,real_10kg_v1,thruster,real_10kg_x,True,0.00031746031746031746,1.0,0.09523809523809523,0.026869336729662633,0.03157634214476014,0.0,0.038747933295850856,0.06892331143647108,,,sinusoidal,,,,,,,,,,,,,,,,,
predictive_alpha,31000.0,2,41017,scn2_env41017,744c8d4ba6e1a43a931a54ea972e145e6ab77cde5ccc2677e4505d2be2fe7877,2100,0.01,0.06512071828703295,6.952348754472348,39.305492862912686,0.2523809523809524,0.0,0.32142857142857145,0.0014285714285714286,0.25484333674855636,0.2740468300145135,1.0,1.0,1.0,1.0,0.03580238299004879,0.06512071828703295,0.7518500427910246,0.03834265406507224,0.06924755087623435,39.305492862912686,1.8716901363291756,0.030716873663590962,44.99349654853611,0.01399335778202061,0.04683868032876942,,0.0,True,2.5,1.0,0.03,0.01,0.75,real_10kg_v1,thruster,real_10kg_x,True,0.0014285714285714286,1.0,0.09095238095238095,0.030716873663590962,0.041832607928272994,0.0,0.039105471580904536,0.06924755087623435,,,sinusoidal,real10kg_smc_steady,real10kg_mpc_ltv_v3,-1.0,-1.0,predictive_alpha,1.0,0.8402008027913548,0.3054587863659648,False,0.0,0.8157321777415373,0.0,transformer,16.0,0.003387713500598903,0.012500000000000011,0.0007016954167843488
predictive_alpha,31001.0,2,41017,scn2_env41017,744c8d4ba6e1a43a931a54ea972e145e6ab77cde5ccc2677e4505d2be2fe7877,2100,0.01,0.06394533523134828,7.029516771655228,39.28399451128969,0.2519047619047619,0.0,0.24904761904761905,0.0014285714285714286,0.25500169440538245,0.27155380760335723,1.0,1.0,1.0,1.0,0.03530467075661409,0.06394533523134828,0.7413980858888958,0.03834492349259955,0.06930014305002098,39.28399451128969,1.8706664052995092,0.030410194886041533,44.99349654853611,0.013586080179067272,0.04425826146893602,,0.0,True,2.5,1.0,0.03,0.01,0.75,real_10kg_v1,thruster,real_10kg_x,True,0.0014285714285714286,1.0,0.09079365079365079,0.030410194886041533,0.0417114063239624,0.0,0.039034372193090014,0.06930014305002098,,,sinusoidal,real10kg_smc_steady,real10kg_mpc_ltv_v3,-1.0,-1.0,predictive_alpha,1.0,0.8475738452424487,0.2921335465641139,False,0.0,0.8186451289130907,0.0,transformer,16.0,0.003592225744379917,0.012500000000000011,0.0007983596466453391
predictive_alpha,31002.0,2,41017,scn2_env41017,744c8d4ba6e1a43a931a54ea972e145e6ab77cde5ccc2677e4505d2be2fe7877,2100,0.01,0.06455062751213848,6.950721169831959,39.2960408446361,0.2523809523809524,0.0,0.28809523809523807,0.0014285714285714286,0.2546246658859747,0.2718824924385785,1.0,1.0,1.0,1.0,0.03569161131806466,0.06455062751213848,0.7495238376793578,0.03835234180400743,0.06916302140908166,39.2960408446361,1.8712400402207667,0.030198179698536595,44.99349654853611,0.013898563105452198,0.04440754042291356,,0.0,True,2.5,1.0,0.03,0.01,0.75,real_10kg_v1,thruster,real_10kg_x,True,0.0014285714285714286,1.0,0.09095238095238095,0.030198179698536595,0.04096825692110431,0.0,0.03907040642924701,0.06916302140908166,,,sinusoidal,real10kg_smc_steady,real10kg_mpc_ltv_v3,-1.0,-1.0,predictive_alpha,1.0,0.8410755492200299,0.3029648672251079,False,0.0,0.8159052512404464,0.0,transformer,16.0,0.0034300167852569967,0.012500000000000011,0.0008402449132177568
predictive_alpha,31003.0,2,41017,scn2_env41017,744c8d4ba6e1a43a931a54ea972e145e6ab77cde5ccc2677e4505d2be2fe7877,2100,0.01,0.0647221375715184,7.000193818733414,39.28394972098427,0.25142857142857145,0.0,0.32142857142857145,0.0014285714285714286,0.2543568641520491,0.2725678567095937,1.0,1.0,1.0,1.0,0.03593122805538188,0.0647221375715184,0.7545557891630196,0.03846724321219467,0.06908337381466782,39.28394972098427,1.8706642724278224,0.028677335496220195,44.99349654853611,0.013083155169735603,0.03498809603604894,,0.0,True,2.5,1.0,0.03,0.01,0.75,real_10kg_v1,thruster,real_10kg_x,True,0.0014285714285714286,1.0,0.09031746031746032,0.028677335496220195,0.037994083622348136,0.0,0.03913167825387486,0.06908337381466782,,,sinusoidal,real10kg_smc_steady,real10kg_mpc_ltv_v3,-1.0,-1.0,predictive_alpha,1.0,0.8640448962745996,0.28083892628061946,False,0.0,0.8342507177234317,0.0,transformer,16.0,0.0029576371005114654,0.012500000000000011,0.0006952252462505445
predictive_alpha,31004.0,2,41017,scn2_env41017,744c8d4ba6e1a43a931a54ea972e145e6ab77cde5ccc2677e4505d2be2fe7877,2100,0.01,0.06506838097495887,6.923022555214791,39.30045777250181,0.2519047619047619,0.0,0.36666666666666664,0.0014285714285714286,0.25508974530297035,0.2732442102412509,1.0,1.0,1.0,1.0,0.03561264624137102,0.06506838097495887,0.7478655710687915,0.03807226982765859,0.06928633903984059,39.30045777250181,1.8714503701191336,0.03208042633337976,44.99349654853611,0.013336738490670273,0.04147877599224031,,0.0,True,2.5,1.0,0.03,0.01,0.75,real_10kg_v1,thruster,real_10kg_x,True,0.0014285714285714286,1.0,0.09079365079365079,0.03208042633337976,0.04493277344904568,0.0,0.03903940922774288,0.06928633903984059,,,sinusoidal,real10kg_smc_steady,real10kg_mpc_ltv_v3,-1.0,-1.0,predictive_alpha,1.0,0.847639746576208,0.29772819714119075,False,0.0,0.8185647561636177,0.0,transformer,16.0,0.003265717188612639,0.012500000000000011,0.0006615731150300507
real10kg_smc_steady,,2,41018,scn2_env41018,9cfe11d6c591cbf3f42b421ae8a2ca7339801a4207a2dcc7d62c2bd0d8e54b8a,2100,0.01,0.1544823029921751,7.1918596485451625,38.083918764527645,0.18904761904761905,0.0,0.0,0.0012698412698412698,0.30764041532703057,0.39119904899304586,1.0,1.0,1.0,1.0,0.13768985603060518,0.1544823029921751,2.8914869766427094,0.16674380482263498,0.16906835834419412,38.083918764527645,1.813519941167983,0.059804877888911166,44.99351088622809,0.020902987635476485,0.07529193354047545,real10kg_smc_steady,0.0,True,2.5,1.0,0.03,0.01,0.75,real_10kg_v1,thruster,real_10kg_x,True,0.0012698412698412698,1.0,0.07761904761904762,0.059804877888911166,0.09879746054201458,0.0,0.12824674956674645,0.16906835834419412,,,sinusoidal,,,,,,,,,,,,,,,,,
real10kg_mpc_ltv_v3,,2,41018,scn2_env41018,9cfe11d6c591cbf3f42b421ae8a2ca7339801a4207a2dcc7d62c2bd0d8e54b8a,2100,0.01,0.0685976309115397,7.006091887461372,39.48114018236173,0.2557142857142857,0.0,0.01380952380952381,0.00031746031746031746,0.253370781305959,0.253370781305959,1.0,1.0,1.0,1.0,0.03896813329499055,0.0685976309115397,0.8183307991948016,0.038653242581361234,0.0687377800926787,39.48114018236173,1.8800542943981775,0.023566813331471773,44.992573215342176,0.01261714386644078,0.033023738906184395,real10kg_mpc_ltv_v3,0.0,True,2.5,1.0,0.03,0.01,0.75,real_10kg_v1,thruster,real_10kg_x,True,0.00031746031746031746,1.0,0.09293650793650794,0.023566813331471773,0.024925439917121886,0.0,0.038957681829600514,0.0687377800926787,,,sinusoidal,,,,,,,,,,,,,,,,,
predictive_alpha,31000.0,2,41018,scn2_env41018,9cfe11d6c591cbf3f42b421ae8a2ca7339801a4207a2dcc7d62c2bd0d8e54b8a,2100,0.01,0.0646176751616112,7.003911261804794,39.28214712501357,0.24476190476190476,0.0,0.3295238095238095,0.0012698412698412698,0.2538307515085209,0.26947585065992397,1.0,1.0,1.0,1.0,0.03658145921598125,0.0646176751616112,0.7682106435356063,0.03896022260890205,0.06899464158170623,39.28214712501357,1.8705784345244558,0.025728509433413545,44.99349916952333,0.015328173053951717,0.04757932270909321,,0.0,True,2.5,1.0,0.03,0.01,0.75,real_10kg_v1,thruster,real_10kg_x,True,0.0012698412698412698,1.0,0.08817460317460317,0.025728509433413545,0.03264302575857822,0.0,0.03951286909411465,0.06899464158170623,,,sinusoidal,real10kg_smc_steady,real10kg_mpc_ltv_v3,-1.0,-1.0,predictive_alpha,1.0,0.8341630942769298,0.31172682300864574,False,0.0,0.8124720087860312,0.0,transformer,16.0,0.0032709956146257197,0.012500000000000011,0.0006851511017156386
predictive_alpha,31001.0,2,41018,scn2_env41018,9cfe11d6c591cbf3f42b421ae8a2ca7339801a4207a2dcc7d62c2bd0d8e54b8a,2100,0.01,0.06357709267663333,7.0788612161807976,39.27205442829592,0.24523809523809523,0.0,0.3376190476190476,0.0012698412698412698,0.25377130427616457,0.26740791601114794,1.0,1.0,1.0,1.0,0.0361296236184451,0.06357709267663333,0.7587220959873472,0.03894248372175268,0.0689633673259662,39.27205442829592,1.870097829918853,0.025318675248755036,44.99349916952333,0.01505575638311402,0.0452680288287956,,0.0,True,2.5,1.0,0.03,0.01,0.75,real_10kg_v1,thruster,real_10kg_x,True,0.0012698412698412698,1.0,0.08841269841269842,0.025318675248755036,0.032101758030245356,0.0,0.03941749662727595,0.0689633673259662,,,sinusoidal,real10kg_smc_steady,real10kg_mpc_ltv_v3,-1.0,-1.0,predictive_alpha,1.0,0.8419276632133302,0.29977279152834013,False,0.0,0.8166052754708965,0.0,transformer,16.0,0.0033263442841483513,0.012500000000000011,0.0007248461238958763
predictive_alpha,31002.0,2,41018,scn2_env41018,9cfe11d6c591cbf3f42b421ae8a2ca7339801a4207a2dcc7d62c2bd0d8e54b8a,2100,0.01,0.06404257064941354,7.035506284746486,39.26980542237802,0.24571428571428572,0.0,0.3223809523809524,0.0012698412698412698,0.2537778713767867,0.2675647780286439,1.0,1.0,1.0,1.0,0.036500339979471476,0.06404257064941354,0.766507139568901,0.038959891985469834,0.06898364745259224,39.26980542237802,1.8699907343989535,0.025552306076015115,44.99349916952333,0.014882851331506458,0.04104990119927421,,0.0,True,2.5,1.0,0.03,0.01,0.75,real_10kg_v1,thruster,real_10kg_x,True,0.0012698412698412698,1.0,0.08833333333333333,0.025552306076015115,0.03239562891864372,0.0,0.03951224350675687,0.06898364745259224,,,sinusoidal,real10kg_smc_steady,real10kg_mpc_ltv_v3,-1.0,-1.0,predictive_alpha,1.0,0.8384099833878751,0.3032031551208787,False,0.0,0.816562172034977,0.0,transformer,16.0,0.003363920933169214,0.012500000000000011,0.0007037687397058932
predictive_alpha,31003.0,2,41018,scn2_env41018,9cfe11d6c591cbf3f42b421ae8a2ca7339801a4207a2dcc7d62c2bd0d8e54b8a,2100,0.01,0.06379018791862787,7.093181012168513,39.258384410223954,0.24476190476190476,0.0,0.33285714285714285,0.0012698412698412698,0.2536850207231824,0.2674832644964793,1.0,1.0,1.0,1.0,0.03633816059203289,0.06379018791862787,0.7631013724326907,0.03891934464699605,0.06893325677334838,39.258384410223954,1.8694468766773311,0.025028721993938605,44.99349916952333,0.014171653313643097,0.03757174407407647,,0.0,True,2.5,1.0,0.03,0.01,0.75,real_10kg_v1,thruster,real_10kg_x,True,0.0012698412698412698,1.0,0.08817460317460317,0.025028721993938605,0.03144483416573278,0.0,0.039482508565126875,0.06893325677334838,,,sinusoidal,real10kg_smc_steady,real10kg_mpc_ltv_v3,-1.0,-1.0,predictive_alpha,1.0,0.8625503469780744,0.28234857980240224,False,0.0,0.8347729483395372,0.0,transformer,16.0,0.0028306121563873646,0.012500000000000011,0.0006256721769538392
predictive_alpha,31004.0,2,41018,scn2_env41018,9cfe11d6c591cbf3f42b421ae8a2ca7339801a4207a2dcc7d62c2bd0d8e54b8a,2100,0.01,0.06454526454605478,6.985500791147729,39.27914889137953,0.24571428571428572,0.0,0.3076190476190476,0.0012698412698412698,0.2535440914128592,0.2689889585515739,1.0,1.0,1.0,1.0,0.03641740035738207,0.06454526454605478,0.7647654075050235,0.03885927536371991,0.0688519509079889,39.27914889137953,1.8704356614942632,0.02543478775338909,44.99349916952333,0.014688746362282583,0.03757174407407647,,0.0,True,2.5,1.0,0.03,0.01,0.75,real_10kg_v1,thruster,real_10kg_x,True,0.0012698412698412698,1.0,0.08841269841269842,0.02543478775338909,0.03204262929512651,0.0,0.03944564917114432,0.0688519509079889,,,sinusoidal,real10kg_smc_steady,real10kg_mpc_ltv_v3,-1.0,-1.0,predictive_alpha,1.0,0.8489867750335118,0.29794365529001254,False,0.0,0.8221825621039829,0.0,transformer,16.0,0.003042332612131812,0.012500000000000011,0.0005405948753577183
real10kg_smc_steady,,2,41019,scn2_env41019,46e1c01a608decd1d9bbc6a701492db0c4da70ab0ae50b063a82c2c83e638b2e,2100,0.01,0.1561773936618287,7.217085012753355,38.137208871880595,0.19142857142857142,0.0,0.0,0.0014285714285714286,0.31945791440090743,0.39816767820550375,1.0,1.0,1.0,1.0,0.13870553654727677,0.1561773936618287,2.912816267492812,0.16771985292905384,0.17044105492446102,38.137208871880595,1.8160575653276474,0.06124827871717559,44.99581354307814,0.02142630896808799,0.07907159699238783,real10kg_smc_steady,0.0,True,2.5,1.0,0.03,0.01,0.75,real_10kg_v1,thruster,real_10kg_x,True,0.0014285714285714286,1.0,0.07896825396825397,0.06124827871717559,0.10130473741785409,0.0,0.12869818718541026,0.17044105492446102,,,sinusoidal,,,,,,,,,,,,,,,,,
real10kg_mpc_ltv_v3,,2,41019,scn2_env41019,46e1c01a608decd1d9bbc6a701492db0c4da70ab0ae50b063a82c2c83e638b2e,2100,0.01,0.06919506468219486,7.03677867982334,39.534587214462384,0.26285714285714284,0.0,0.012380952380952381,0.0002380952380952381,0.25328949923124067,0.2551200121979589,1.0,1.0,1.0,1.0,0.03913536105203213,0.06919506468219486,0.8218425820926747,0.03849460383778764,0.06867773843002645,39.534587214462384,1.8825993911648753,0.023928435001507757,44.992658765960286,0.012833533010967842,0.03963776367385614,real10kg_mpc_ltv_v3,0.0,True,2.5,1.0,0.03,0.01,0.75,real_10kg_v1,thruster,real_10kg_x,True,0.0002380952380952381,1.0,0.09515873015873016,0.023928435001507757,0.025633019949684244,0.0,0.038862463745875986,0.06867773843002645,,,sinusoidal,,,,,,,,,,,,,,,,,
predictive_alpha,31000.0,2,41019,scn2_env41019,46e1c01a608decd1d9bbc6a701492db0c4da70ab0ae50b063a82c2c83e638b2e,2100,0.01,0.0663589033124104,7.033559265662218,39.31286930650838,0.25285714285714284,0.0,0.3319047619047619,0.0014285714285714286,0.2537790194449278,0.281847068417135,1.0,1.0,1.0,1.0,0.03685016904311277,0.0663589033124104,0.7738535499053683,0.038643343913556547,0.06891352144531823,39.31286930650838,1.8720413955480182,0.026646911674457024,44.995774070327926,0.015613704123722597,0.04963496020220748,,0.0,True,2.5,1.0,0.03,0.01,0.75,real_10kg_v1,thruster,real_10kg_x,True,0.0014285714285714286,1.0,0.0911904761904762,0.026646911674457024,0.03476699006973976,0.0,0.03928289810323731,0.06891352144531823,,,sinusoidal,real10kg_smc_steady,real10kg_mpc_ltv_v3,-1.0,-1.0,predictive_alpha,1.0,0.8361141287954769,0.3100386006887295,False,0.0,0.8132646936586215,0.0,transformer,16.0,0.003298284605273671,0.012500000000000011,0.000710148552995118
predictive_alpha,31001.0,2,41019,scn2_env41019,46e1c01a608decd1d9bbc6a701492db0c4da70ab0ae50b063a82c2c83e638b2e,2100,0.01,0.06543193303330085,7.106417741639191,39.30380172291972,0.25285714285714284,0.0,0.3361904761904762,0.0014285714285714286,0.2538580739489195,0.2802527730077019,1.0,1.0,1.0,1.0,0.03642584169077021,0.06543193303330085,0.7649426755061746,0.03865020059183963,0.06892865239062816,39.30380172291972,1.8716096058533203,0.02617157329559008,44.995774070327926,0.01529789885225099,0.04739878768507727,,0.0,True,2.5,1.0,0.03,0.01,0.75,real_10kg_v1,thruster,real_10kg_x,True,0.0014285714285714286,1.0,0.09111111111111111,0.02617157329559008,0.03409122751878613,0.0,0.03919334628873469,0.06892865239062816,,,sinusoidal,real10kg_smc_steady,real10kg_mpc_ltv_v3,-1.0,-1.0,predictive_alpha,1.0,0.8447412911303358,0.2964065875387741,False,0.0,0.8175494582920024,0.0,transformer,16.0,0.0032754144513170475,0.012500000000000011,0.0007071037191755205
predictive_alpha,31002.0,2,41019,scn2_env41019,46e1c01a608decd1d9bbc6a701492db0c4da70ab0ae50b063a82c2c83e638b2e,2100,0.01,0.06522173133424437,7.122571748930477,39.297404147965224,0.2538095238095238,0.0,0.3219047619047619,0.0014285714285714286,0.253612108912851,0.2796104480086802,1.0,1.0,1.0,1.0,0.03654891133203467,0.06522173133424437,0.7675271379727281,0.038583543428696174,0.06882888249887853,39.297404147965224,1.8713049594269153,0.0263533505610322,44.995774070327926,0.014959551239712054,0.04447015812599966,,0.0,True,2.5,1.0,0.03,0.01,0.75,real_10kg_v1,thruster,real_10kg_x,True,0.0014285714285714286,1.0,0.09111111111111111,0.0263533505610322,0.03441566774752246,0.0,0.03925109101501125,0.06882888249887853,,,sinusoidal,real10kg_smc_steady,real10kg_mpc_ltv_v3,-1.0,-1.0,predictive_alpha,1.0,0.8427955488947789,0.2985998433274802,False,0.0,0.818739981241746,0.0,transformer,16.0,0.003294991751264579,0.012500000000000011,0.0007262435235621398
predictive_alpha,31003.0,2,41019,scn2_env41019,46e1c01a608decd1d9bbc6a701492db0c4da70ab0ae50b063a82c2c83e638b2e,2100,0.01,0.06509409318492526,7.171034640612748,39.286923123245934,0.25285714285714284,0.0,0.4123809523809524,0.0014285714285714286,0.2537088717927968,0.279634980096646,1.0,1.0,1.0,1.0,0.036447960735024966,0.06509409318492526,0.7654071754355244,0.03861402814962636,0.06887659071462073,39.286923123245934,1.870805863011711,0.02588580871102027,44.995774070327926,0.014276803622290545,0.04447015812599966,,0.0,True,2.5,1.0,0.03,0.01,0.75,real_10kg_v1,thruster,real_10kg_x,True,0.0014285714285714286,1.0,0.09095238095238095,0.02588580871102027,0.03349775036806818,0.0,0.039272602460297616,0.06887659071462073,,,sinusoidal,real10kg_smc_steady,real10kg_mpc_ltv_v3,-1.0,-1.0,predictive_alpha,1.0,0.864781337213536,0.2785982960040031,False,0.0,0.8359113595776615,0.0,transformer,16.0,0.0028306900883790734,0.012500000000000011,0.0006682768441691001
predictive_alpha,31004.0,2,41019,scn2_env41019,46e1c01a608decd1d9bbc6a701492db0c4da70ab0ae50b063a82c2c83e638b2e,2100,0.01,0.06627371291085168,7.030480165608728,39.307899383487914,0.25285714285714284,0.0,0.32857142857142857,0.0014285714285714286,0.25359515800199783,0.2815694199096461,1.0,1.0,1.0,1.0,0.03668452816210741,0.06627371291085168,0.7703750914042558,0.03857260487443023,0.06881511050710756,39.307899383487914,1.8718047325470435,0.02632983832223367,44.995774070327926,0.01482305083572439,0.04447015812599966,,0.0,True,2.5,1.0,0.03,0.01,0.75,real_10kg_v1,thruster,real_10kg_x,True,0.0014285714285714286,1.0,0.09111111111111111,0.02632983832223367,0.034130109774456824,0.0,0.0392318391574204,0.06881511050710756,,,sinusoidal,real10kg_smc_steady,real10kg_mpc_ltv_v3,-1.0,-1.0,predictive_alpha,1.0,0.8514904697044087,0.29386844752902097,False,0.0,0.824746815419002,0.0,transformer,16.0,0.003070487136081343,0.012500000000000011,0.0006113874699955704
real10kg_smc_steady,,3,41000,scn3_env41000,2c24e196204e7e66256c72923587044c544a08e6655f36c3b6a622ccd635d12b,2100,0.01,0.1355983482671467,7.143252415679699,26.05799559573975,0.027142857142857142,0.0,0.0,0.0038888888888888888,0.030940693163600118,0.32880023552894444,1.0,1.0,1.0,1.0,0.11953137669492161,0.1355983482671467,2.5101589105933537,0.09083560444735198,0.09365113971720129,26.05799559573975,1.2408569331304642,0.06193783544804902,44.99961196989935,0.019958775818294517,0.06150109295254835,real10kg_smc_steady,0.0,True,2.5,1.0,0.03,0.01,0.75,real_10kg_v1,thruster,real_10kg_x,True,0.0038888888888888888,1.0,0.008968253968253969,0.06193783544804902,0.10092432384470221,0.0,0.1078746647960822,0.09365113971720129,,,step_change,,,,,,,,,,,,,,,,,
real10kg_mpc_ltv_v3,,3,41000,scn3_env41000,2c24e196204e7e66256c72923587044c544a08e6655f36c3b6a622ccd635d12b,2100,0.01,0.052133213506039,6.966541243126349,27.16904459696636,0.04476190476190476,0.0,0.02238095238095238,0.00039682539682539677,0.013051063418608224,0.21284654755895668,1.0,1.0,1.0,1.0,0.02635191153145425,0.052133213506039,0.5533901421605393,0.012148303430767456,0.012382176048272398,27.16904459696636,1.2937640284269696,0.030417884747367202,44.9916320136247,0.01178923730892537,0.030415995044496325,real10kg_mpc_ltv_v3,0.0,True,2.5,1.0,0.03,0.01,0.75,real_10kg_v1,thruster,real_10kg_x,True,0.00039682539682539677,1.0,0.015158730158730158,0.030417884747367202,0.035659682982148604,0.0,0.0121851518533013,0.012382176048272398,,,step_change,,,,,,,,,,,,,,,,,
predictive_alpha,31000.0,3,41000,scn3_env41000,2c24e196204e7e66256c72923587044c544a08e6655f36c3b6a622ccd635d12b,2100,0.01,0.043947029644252414,7.327396992051749,27.00145516344993,0.0380952380952381,0.0,0.36095238095238097,0.00373015873015873,0.013026736717725047,0.22073152598475518,1.0,1.0,1.0,1.0,0.022494478635615565,0.043947029644252414,0.4723840513479269,0.01204470864469563,0.012280639007152757,27.00145516344993,1.2857835792119012,0.03056380171796981,44.99961196989935,0.012617964654881046,0.0352547615675613,,0.0,True,2.5,1.0,0.03,0.01,0.75,real_10kg_v1,thruster,real_10kg_x,True,0.00373015873015873,1.0,0.01253968253968254,0.03056380171796981,0.04064234583906807,0.0,0.012169037335241675,0.012280639007152757,,,step_change,real10kg_smc_steady,real10kg_mpc_ltv_v3,-1.0,-1.0,predictive_alpha,1.0,0.9150474450463101,0.231773884996044,False,0.0,0.8783043593146085,0.0,transformer,16.0,0.002311628229257107,0.012500000000000011,0.0006788480260569946
predictive_alpha,31001.0,3,41000,scn3_env41000,2c24e196204e7e66256c72923587044c544a08e6655f36c3b6a622ccd635d12b,2100,0.01,0.043230173365603405,7.33352335724534,27.000969786277246,0.0380952380952381,0.0,0.30857142857142855,0.0038888888888888888,0.013347493452966708,0.21766675048803685,1.0,1.0,1.0,1.0,0.02250609182966255,0.043230173365603405,0.47262792842291357,0.012506777553962583,0.012739709029544825,27.000969786277246,1.2857604660132023,0.028717169466816038,44.99961196989935,0.01261474476215111,0.03063553186918755,,0.0,True,2.5,1.0,0.03,0.01,0.75,real_10kg_v1,thruster,real_10kg_x,True,0.0038888888888888888,1.0,0.01253968253968254,0.028717169466816038,0.036791517926668856,0.0,0.012456242590602254,0.012739709029544825,,,step_change,real10kg_smc_steady,real10kg_mpc_ltv_v3,-1.0,-1.0,predictive_alpha,1.0,0.9235757991747607,0.21513260623267644,False,0.0,0.8880399631003716,0.0,transformer,16.0,0.0022916637572770395,0.012500000000000011,0.0006239761030047929
predictive_alpha,31002.0,3,41000,scn3_env41000,2c24e196204e7e66256c72923587044c544a08e6655f36c3b6a622ccd635d12b,2100,0.01,0.04274163837539335,7.341662249488081,27.002516649284306,0.037142857142857144,0.0,0.4057142857142857,0.003968253968253968,0.01351921931139905,0.21707660202553689,1.0,1.0,1.0,1.0,0.022490827004737424,0.04274163837539335,0.4723073670994859,0.012781686241881756,0.013016003452922262,27.002516649284306,1.2858341261563955,0.028016010245021657,44.99961196989935,0.012819464517312812,0.03143997270510229,,0.0,True,2.5,1.0,0.03,0.01,0.75,real_10kg_v1,thruster,real_10kg_x,True,0.003968253968253968,1.0,0.012380952380952381,0.028016010245021657,0.03521545750582379,0.0,0.012625983647676677,0.013016003452922262,,,step_change,real10kg_smc_steady,real10kg_mpc_ltv_v3,-1.0,-1.0,predictive_alpha,1.0,0.9203889584784918,0.21878151981007737,False,0.0,0.8870199017120259,0.0,transformer,16.0,0.002274309105880326,0.012500000000000011,0.0008115843842811423
predictive_alpha,31003.0,3,41000,scn3_env41000,2c24e196204e7e66256c72923587044c544a08e6655f36c3b6a622ccd635d12b,2100,0.01,0.04318836266015926,7.382606138346256,27.000154363301327,0.0380952380952381,0.0,0.4166666666666667,0.0038095238095238095,0.013331989421749783,0.2174380578529665,1.0,1.0,1.0,1.0,0.02273138635403112,0.04318836266015926,0.47735911343465354,0.012520057654003184,0.012752885307320525,27.000154363301327,1.2857216363476822,0.0283443396310476,44.99961196989935,0.0122534847670454,0.030296815952739142,,0.0,True,2.5,1.0,0.03,0.01,0.75,real_10kg_v1,thruster,real_10kg_x,True,0.0038095238095238095,1.0,0.01253968253968254,0.0283443396310476,0.03606815635604506,0.0,0.012543492254375444,0.012752885307320525,,,step_change,real10kg_smc_steady,real10kg_mpc_ltv_v3,-1.0,-1.0,predictive_alpha,1.0,0.9349378971215533,0.19458102891170434,False,0.0,0.8946182500163005,0.0,transformer,16.0,0.0021087996162966736,0.012500000000000011,0.0007127434068111808
predictive_alpha,31004.0,3,41000,scn3_env41000,2c24e196204e7e66256c72923587044c544a08e6655f36c3b6a622ccd635d12b,2100,0.01,0.042944478697625826,7.353506282770332,27.010766656743183,0.037142857142857144,0.0,0.36952380952380953,0.0034126984126984124,0.013478040481578447,0.21827500597526264,1.0,1.0,1.0,1.0,0.022313319494951758,0.042944478697625826,0.4685797093939869,0.012695894060061344,0.012929722822794996,27.010766656743183,1.286226983654437,0.02826429011309604,44.99961196989935,0.012593632793073888,0.03028562209846929,,0.0,True,2.5,1.0,0.03,0.01,0.75,real_10kg_v1,thruster,real_10kg_x,True,0.0034126984126984124,1.0,0.012380952380952381,0.02826429011309604,0.03536136514896672,0.0,0.012566332406230831,0.012929722822794996,,,step_change,real10kg_smc_steady,real10kg_mpc_ltv_v3,-1.0,-1.0,predictive_alpha,1.0,0.9261111251274733,0.21114610669006575,False,0.0,0.8918464007064523,0.0,transformer,16.0,0.002212527768362625,0.012500000000000011,0.0005276602475159128
real10kg_smc_steady,,3,41001,scn3_env41001,afeb9d21225329036f5eaf9d1aeeefed62ded94aa492315e9cad11d0ace1c262,2100,0.01,0.14145325359686897,7.2172605416791695,26.317150967379465,0.02857142857142857,0.0,0.0,0.004365079365079365,0.029799559118926667,0.3577099090804351,1.0,1.0,1.0,1.0,0.12275685097365,0.14145325359686897,2.57789387044665,0.09111385044484867,0.09397596132042307,26.317150967379465,1.2531976651133079,0.06096579994260699,44.99961413494211,0.020510705508756947,0.06877929650929104,real10kg_smc_steady,0.0,True,2.5,1.0,0.03,0.01,0.75,real_10kg_v1,thruster,real_10kg_x,True,0.004365079365079365,1.0,0.009365079365079364,0.06096579994260699,0.09810752126115192,0.0,0.10730730283990765,0.09397596132042307,,,step_change,,,,,,,,,,,,,,,,,
real10kg_mpc_ltv_v3,,3,41001,scn3_env41001,afeb9d21225329036f5eaf9d1aeeefed62ded94aa492315e9cad11d0ace1c262,2100,0.01,0.05937444004749764,6.865513590394664,27.258269832782027,0.04666666666666667,0.0,0.014285714285714285,0.00031746031746031746,0.013935747822429878,0.2511098630569907,1.0,1.0,1.0,1.0,0.029066432183137737,0.05937444004749764,0.6103950758458925,0.013471600479594134,0.013703690962151854,27.258269832782027,1.2980128491800964,0.02615998403850947,44.99144153461318,0.012728761323607828,0.031978556683535636,real10kg_mpc_ltv_v3,0.0,True,2.5,1.0,0.03,0.01,0.75,real_10kg_v1,thruster,real_10kg_x,True,0.00031746031746031746,1.0,0.015952380952380954,0.02615998403850947,0.026511758972366566,0.0,0.012987634537080024,0.013703690962151854,,,step_change,,,,,,,,,,,,,,,,,
predictive_alpha,31000.0,3,41001,scn3_env41001,afeb9d21225329036f5eaf9d1aeeefed62ded94aa492315e9cad11d0ace1c262,2100,0.01,0.05469608758535084,7.312339325438406,27.13858883168197,0.039523809523809524,0.0,0.36238095238095236,0.0038888888888888888,0.013632953058376815,0.27929079641095345,1.0,1.0,1.0,1.0,0.025681900492011477,0.05469608758535084,0.539319910332241,0.012940146375712688,0.013162486900866561,27.13858883168197,1.2923137538896177,0.02772240855448544,44.99961413494211,0.01366391411472107,0.0411964999228408,,0.0,True,2.5,1.0,0.03,0.01,0.75,real_10kg_v1,thruster,real_10kg_x,True,0.0038888888888888888,1.0,0.013015873015873015,0.02772240855448544,0.033569932227035186,0.0,0.012600397927737166,0.013162486900866561,,,step_change,real10kg_smc_steady,real10kg_mpc_ltv_v3,-1.0,-1.0,predictive_alpha,1.0,0.908103491252538,0.24418594909987626,False,0.0,0.8709968957945793,0.0,transformer,16.0,0.0022103155715421175,0.012500000000000011,0.0005780943230107703
predictive_alpha,31001.0,3,41001,scn3_env41001,afeb9d21225329036f5eaf9d1aeeefed62ded94aa492315e9cad11d0ace1c262,2100,0.01,0.05448083513629127,7.278383317634847,27.140532947172765,0.039523809523809524,0.0,0.30523809523809525,0.004523809523809524,0.013423298788175284,0.2771979351398523,1.0,1.0,1.0,1.0,0.025535737496880692,0.05448083513629127,0.5362504874344945,0.012597089192217263,0.012817225255223746,27.140532947172765,1.2924063308177507,0.028801637500631642,44.99961413494211,0.013429293525518424,0.039880298607902265,,0.0,True,2.5,1.0,0.03,0.01,0.75,real_10kg_v1,thruster,real_10kg_x,True,0.004523809523809524,1.0,0.013095238095238096,0.028801637500631642,0.035642547573099176,0.0,0.012443857533713132,0.012817225255223746,,,step_change,real10kg_smc_steady,real10kg_mpc_ltv_v3,-1.0,-1.0,predictive_alpha,1.0,0.9080263675830192,0.23978710599282538,False,0.0,0.8739981638068067,0.0,transformer,16.0,0.002279734530016513,0.012500000000000011,0.0005137760570844559
predictive_alpha,31002.0,3,41001,scn3_env41001,afeb9d21225329036f5eaf9d1aeeefed62ded94aa492315e9cad11d0ace1c262,2100,0.01,0.052897265767335194,7.341655723301904,27.129097649883608,0.039523809523809524,0.0,0.32285714285714284,0.004365079365079365,0.01337168291765031,0.2764265684080598,1.0,1.0,1.0,1.0,0.025039318950651236,0.052897265767335194,0.525825697963676,0.012546440852294316,0.012766762083230389,27.129097649883608,1.2918617928516003,0.02895454930810279,44.99961413494211,0.012944561746601057,0.033765997109157786,,0.0,True,2.5,1.0,0.03,0.01,0.75,real_10kg_v1,thruster,real_10kg_x,True,0.004365079365079365,1.0,0.013095238095238096,0.02895454930810279,0.03589695685296931,0.0,0.012443831140988794,0.012766762083230389,,,step_change,real10kg_smc_steady,real10kg_mpc_ltv_v3,-1.0,-1.0,predictive_alpha,1.0,0.9161935729518205,0.22535762482648392,False,0.0,0.8812544666878169,0.0,transformer,16.0,0.0023018363643416756,0.012500000000000011,0.0007077978052544376
predictive_alpha,31003.0,3,41001,scn3_env41001,afeb9d21225329036f5eaf9d1aeeefed62ded94aa492315e9cad11d0ace1c262,2100,0.01,0.053511473485303544,7.385753424019691,27.13004312021746,0.039523809523809524,0.0,0.31047619047619046,0.004523809523809524,0.013528965322315413,0.276759716328856,1.0,1.0,1.0,1.0,0.02554964669394114,0.053511473485303544,0.5365425805727639,0.01280733192400605,0.013028335531944433,27.13004312021746,1.2919068152484505,0.027665284756061184,44.99961413494211,0.012586021869476386,0.03249784647021743,,0.0,True,2.5,1.0,0.03,0.01,0.75,real_10kg_v1,thruster,real_10kg_x,True,0.004523809523809524,1.0,0.013095238095238096,0.027665284756061184,0.033384606074327285,0.0,0.012698721787912,0.013028335531944433,,,step_change,real10kg_smc_steady,real10kg_mpc_ltv_v3,-1.0,-1.0,predictive_alpha,1.0,0.9308463379317997,0.1996804469260169,False,0.0,0.8909323527069674,0.0,transformer,16.0,0.0020142295846027813,0.012500000000000011,0.0006081757637186886
predictive_alpha,31004.0,3,41001,scn3_env41001,afeb9d21225329036f5eaf9d1aeeefed62ded94aa492315e9cad11d0ace1c262,2100,0.01,0.053950007793154925,7.3508919419285474,27.13332707144511,0.039523809523809524,0.0,0.28523809523809524,0.003809523809523809,0.013486126636766373,0.2777577668696827,1.0,1.0,1.0,1.0,0.025322709926840395,0.053950007793154925,0.5317769084636483,0.01267969577991041,0.012900298293166069,27.13332707144511,1.2920631938783387,0.028342831268464055,44.99961413494211,0.01283769976630445,0.03249784647021743,,0.0,True,2.5,1.0,0.03,0.01,0.75,real_10kg_v1,thruster,real_10kg_x,True,0.003809523809523809,1.0,0.013015873015873015,0.028342831268464055,0.03451180436656481,0.0,0.012541823163554414,0.012900298293166069,,,step_change,real10kg_smc_steady,real10kg_mpc_ltv_v3,-1.0,-1.0,predictive_alpha,1.0,0.9217821700632179,0.2176635977269747,False,0.0,0.8860487079913063,0.0,transformer,16.0,0.0021762286587304375,0.012500000000000011,0.0004877752649504985
real10kg_smc_steady,,3,41002,scn3_env41002,aeb19456a3dbdd437ad7888c1da6027e958ae48e8ec22d9435926cd8f9fee765,2100,0.01,0.13828501649898803,7.2094732862339095,26.323111312265493,0.02857142857142857,0.0,0.0,0.004523809523809524,0.030926375754278326,0.33775909867811255,1.0,1.0,1.0,1.0,0.12122488817156049,0.13828501649898803,2.5457226516027704,0.09110527808055026,0.09391947366719514,26.323111312265493,1.2534814910602614,0.06072215751010402,44.99961417204332,0.01990540327589705,0.06070602322545493,real10kg_smc_steady,0.0,True,2.5,1.0,0.03,0.01,0.75,real_10kg_v1,thruster,real_10kg_x,True,0.004523809523809524,1.0,0.009285714285714286,0.06072215751010402,0.09691778343299183,0.0,0.1079767419189636,0.09391947366719514,,,step_change,,,,,,,,,,,,,,,,,
real10kg_mpc_ltv_v3,,3,41002,scn3_env41002,aeb19456a3dbdd437ad7888c1da6027e958ae48e8ec22d9435926cd8f9fee765,2100,0.01,0.0600160828529007,6.767225842828628,27.20058749505144,0.045714285714285714,0.0,0.006666666666666667,0.0002380952380952381,0.013843141899674505,0.2578872331361679,1.0,1.0,1.0,1.0,0.028961097452397944,0.0600160828529007,0.6081830465003568,0.013403614500779617,0.013642768929198974,27.20058749505144,1.2952660711929258,0.026821058645750993,44.990525429892415,0.012608150417146585,0.032359513977909926,real10kg_mpc_ltv_v3,0.0,True,2.5,1.0,0.03,0.01,0.75,real_10kg_v1,thruster,real_10kg_x,True,0.0002380952380952381,1.0,0.015317460317460318,0.026821058645750993,0.02801479903363005,0.0,0.012849296793406139,0.013642768929198974,,,step_change,,,,,,,,,,,,,,,,,
predictive_alpha,31000.0,3,41002,scn3_env41002,aeb19456a3dbdd437ad7888c1da6027e958ae48e8ec22d9435926cd8f9fee765,2100,0.01,0.050213083914034194,7.280475241707204,27.153992475888906,0.03761904761904762,0.0,0.3319047619047619,0.004285714285714286,0.013947946807131295,0.24979636031084465,1.0,1.0,1.0,1.0,0.02477293637393299,0.050213083914034194,0.5202316638525928,0.01339479270117297,0.013634052634797219,27.153992475888906,1.2930472607566144,0.02709818378585009,44.99961417204332,0.012819583203036061,0.031537787258706956,,0.0,True,2.5,1.0,0.03,0.01,0.75,real_10kg_v1,thruster,real_10kg_x,True,0.004285714285714286,1.0,0.01246031746031746,0.02709818378585009,0.03205766810018472,0.0,0.012918295205740997,0.013634052634797219,,,step_change,real10kg_smc_steady,real10kg_mpc_ltv_v3,-1.0,-1.0,predictive_alpha,1.0,0.9181419793130668,0.22482070436566254,False,0.0,0.8767868583507481,0.0,transformer,16.0,0.002234532240547148,0.012500000000000011,0.0005861902713061903
predictive_alpha,31001.0,3,41002,scn3_env41002,aeb19456a3dbdd437ad7888c1da6027e958ae48e8ec22d9435926cd8f9fee765,2100,0.01,0.050002499350930776,7.2548279046982325,27.151343447027177,0.03761904761904762,0.0,0.30904761904761907,0.004603174603174603,0.013953230179380844,0.24830624462482462,1.0,1.0,1.0,1.0,0.02469009886126561,0.050002499350930776,0.5184920760865779,0.01339463002498176,0.013633855697227741,27.151343447027177,1.2929211165251036,0.0269130844512831,44.99961417204332,0.012668150753573623,0.032218392480607566,,0.0,True,2.5,1.0,0.03,0.01,0.75,real_10kg_v1,thruster,real_10kg_x,True,0.004603174603174603,1.0,0.01246031746031746,0.0269130844512831,0.03178648550345046,0.0,0.012940804885657119,0.013633855697227741,,,step_change,real10kg_smc_steady,real10kg_mpc_ltv_v3,-1.0,-1.0,predictive_alpha,1.0,0.9248055210344202,0.21429157601655385,False,0.0,0.8832691648682314,0.0,transformer,16.0,0.0021016637001985785,0.012500000000000011,0.0004896150265821789
predictive_alpha,31002.0,3,41002,scn3_env41002,aeb19456a3dbdd437ad7888c1da6027e958ae48e8ec22d9435926cd8f9fee765,2100,0.01,0.050285886758261684,7.244161962609041,27.15353259435093,0.03761904761904762,0.0,0.32857142857142857,0.004603174603174603,0.013941556748986818,0.24964410596887915,1.0,1.0,1.0,1.0,0.02477562198969287,0.050285886758261684,0.5202880617835502,0.013394686300336479,0.013633936112738424,27.15353259435093,1.2930253616357585,0.027112115936731143,44.99961417204332,0.012938123771515616,0.032373700376149256,,0.0,True,2.5,1.0,0.03,0.01,0.75,real_10kg_v1,thruster,real_10kg_x,True,0.004603174603174603,1.0,0.01246031746031746,0.027112115936731143,0.03227029037793433,0.0,0.01290950074651037,0.013633936112738424,,,step_change,real10kg_smc_steady,real10kg_mpc_ltv_v3,-1.0,-1.0,predictive_alpha,1.0,0.9143792671395736,0.23122591212098212,False,0.0,0.8757033160435302,0.0,transformer,16.0,0.0021494110361366626,0.012500000000000011,0.0006602968181159217
predictive_alpha,31003.0,3,41002,scn3_env41002,aeb19456a3dbdd437ad7888c1da6027e958ae48e8ec22d9435926cd8f9fee765,2100,0.01,0.050450682379379594,7.299732925488412,27.152089381648295,0.03761904761904762,0.0,0.3504761904761905,0.004444444444444444,0.013927864209374691,0.24922403500380555,1.0,1.0,1.0,1.0,0.025095110326082564,0.050450682379379594,0.5269973168477339,0.01339435973438855,0.013633552115902005,27.152089381648295,1.2929566372213472,0.02671085220493536,44.99961417204332,0.012422123198630543,0.032202544023580526,,0.0,True,2.5,1.0,0.03,0.01,0.75,real_10kg_v1,thruster,real_10kg_x,True,0.004444444444444444,1.0,0.01246031746031746,0.02671085220493536,0.03140732169994449,0.0,0.013020527510536724,0.013633552115902005,,,step_change,real10kg_smc_steady,real10kg_mpc_ltv_v3,-1.0,-1.0,predictive_alpha,1.0,0.9337115438337674,0.19943240044019425,False,0.0,0.8887618314971526,0.0,transformer,16.0,0.0020269662513242117,0.012500000000000011,0.0005826794438059488
predictive_alpha,31004.0,3,41002,scn3_env41002,aeb19456a3dbdd437ad7888c1da6027e958ae48e8ec22d9435926cd8f9fee765,2100,0.01,0.0503972019265042,7.267454109507974,27.160656770355047,0.037142857142857144,0.0,0.3180952380952381,0.004444444444444444,0.0139586885419075,0.25038123137019963,1.0,1.0,1.0,1.0,0.024695413870450274,0.0503972019265042,0.5186036912794557,0.013395783131988189,0.013635109095575604,27.160656770355047,1.293364608112145,0.02707768939990266,44.99961417204332,0.012764306158861509,0.031162733131136572,,0.0,True,2.5,1.0,0.03,0.01,0.75,real_10kg_v1,thruster,real_10kg_x,True,0.004444444444444444,1.0,0.012380952380952381,0.02707768939990266,0.031940945676897106,0.0,0.012927173019393796,0.013635109095575604,,,step_change,real10kg_smc_steady,real10kg_mpc_ltv_v3,-1.0,-1.0,predictive_alpha,1.0,0.9204761108034711,0.22146593079227553,False,0.0,0.880310853663832,0.0,transformer,16.0,0.0022149738221567236,0.012500000000000011,0.0005136729517336801
real10kg_smc_steady,,3,41003,scn3_env41003,8e5d7a93e5d5b099752f06959757b8d91a1d7758e1c60e3e3d7df27ab774e72b,2100,0.01,0.1345711444117542,7.174331689960626,26.211135638586867,0.02857142857142857,0.0,0.0,0.004444444444444444,0.030952133148939805,0.31701928226858894,1.0,1.0,1.0,1.0,0.1191545782316563,0.1345711444117542,2.5022461428647826,0.0912681352665262,0.09404988924317816,26.211135638586867,1.248149316123184,0.06131135063807054,44.99961188071298,0.020116387878914586,0.056825578523028636,real10kg_smc_steady,0.0,True,2.5,1.0,0.03,0.01,0.75,real_10kg_v1,thruster,real_10kg_x,True,0.004444444444444444,1.0,0.009365079365079364,0.06131135063807054,0.09957504324810994,0.0,0.1084415666758956,0.09404988924317816,,,step_change,,,,,,,,,,,,,,,,,
real10kg_mpc_ltv_v3,,3,41003,scn3_env41003,8e5d7a93e5d5b099752f06959757b8d91a1d7758e1c60e3e3d7df27ab774e72b,2100,0.01,0.05751732568760307,6.787596577689033,27.153471319330738,0.04476190476190476,0.0,0.006666666666666667,0.00015873015873015873,0.01382237698891043,0.2449524251287036,1.0,1.0,1.0,1.0,0.028135694839206395,0.05751732568760307,0.5908495916233343,0.012977502069883426,0.013212083904428622,27.153471319330738,1.2930224437776543,0.027277823191850858,44.99043631900057,0.013134846420462499,0.04174225471975501,real10kg_mpc_ltv_v3,0.0,True,2.5,1.0,0.03,0.01,0.75,real_10kg_v1,thruster,real_10kg_x,True,0.00015873015873015873,1.0,0.01507936507936508,0.027277823191850858,0.029426223923088746,0.0,0.012652336993647572,0.013212083904428622,,,step_change,,,,,,,,,,,,,,,,,
predictive_alpha,31000.0,3,41003,scn3_env41003,8e5d7a93e5d5b099752f06959757b8d91a1d7758e1c60e3e3d7df27ab774e72b,2100,0.01,0.04412498970798006,7.258924793976113,27.102195603954094,0.03761904761904762,0.0,0.3252380952380952,0.004444444444444444,0.014020128205268247,0.21312216905153084,1.0,1.0,1.0,1.0,0.02314481851266848,0.04412498970798006,0.48604118876603813,0.01315744967971335,0.013395239069645464,27.102195603954094,1.290580743045433,0.02685750730959197,44.99961188071298,0.01324740610082976,0.04170810188633106,,0.0,True,2.5,1.0,0.03,0.01,0.75,real_10kg_v1,thruster,real_10kg_x,True,0.004444444444444444,1.0,0.01246031746031746,0.02685750730959197,0.03207227928455066,0.0,0.012879583382079365,0.013395239069645464,,,step_change,real10kg_smc_steady,real10kg_mpc_ltv_v3,-1.0,-1.0,predictive_alpha,1.0,0.9261047715424714,0.21386408405736915,False,0.0,0.8871116307404424,0.0,transformer,16.0,0.00203929324836688,0.012500000000000011,0.0005345969134439071
predictive_alpha,31001.0,3,41003,scn3_env41003,8e5d7a93e5d5b099752f06959757b8d91a1d7758e1c60e3e3d7df27ab774e72b,2100,0.01,0.04336839907511118,7.266793917579353,27.092082034572197,0.03761904761904762,0.0,0.32142857142857145,0.004444444444444444,0.014043816837015432,0.21076828213543894,1.0,1.0,1.0,1.0,0.02296083243941069,0.04336839907511118,0.48217748122762444,0.013158024754676622,0.013395846387633335,27.092082034572197,1.2900991445034378,0.026791661575929927,44.99961188071298,0.013191959963746325,0.04170810188633106,,0.0,True,2.5,1.0,0.03,0.01,0.75,real_10kg_v1,thruster,real_10kg_x,True,0.004444444444444444,1.0,0.01246031746031746,0.026791661575929927,0.032018699212060034,0.0,0.012890115266188912,0.013395846387633335,,,step_change,real10kg_smc_steady,real10kg_mpc_ltv_v3,-1.0,-1.0,predictive_alpha,1.0,0.928061651150003,0.2080413954106436,False,0.0,0.8902857253461012,0.0,transformer,16.0,0.002028537064511214,0.012500000000000011,0.0004628970336620571
predictive_alpha,31002.0,3,41003,scn3_env41003,8e5d7a93e5d5b099752f06959757b8d91a1d7758e1c60e3e3d7df27ab774e72b,2100,0.01,0.044902602714202614,7.1806521385555175,27.11359234092854,0.03761904761904762,0.0,0.310952380952381,0.004682539682539682,0.014023562361947857,0.2144116077647086,1.0,1.0,1.0,1.0,0.02327273697335809,0.044902602714202614,0.4887274764405199,0.013157632172273632,0.013395412066101887,27.11359234092854,1.2911234448061208,0.027090907888491292,44.99961188071298,0.013556412057691555,0.04170810188633106,,0.0,True,2.5,1.0,0.03,0.01,0.75,real_10kg_v1,thruster,real_10kg_x,True,0.004682539682539682,1.0,0.01246031746031746,0.027090907888491292,0.032604794131388885,0.0,0.012823767779652478,0.013395412066101887,,,step_change,real10kg_smc_steady,real10kg_mpc_ltv_v3,-1.0,-1.0,predictive_alpha,1.0,0.9148850317700971,0.23339343054686304,False,0.0,0.8778323539860902,0.0,transformer,16.0,0.0020649368902536085,0.012500000000000011,0.0006468300306606377
predictive_alpha,31003.0,3,41003,scn3_env41003,8e5d7a93e5d5b099752f06959757b8d91a1d7758e1c60e3e3d7df27ab774e72b,2100,0.01,0.044415235380744475,7.263784358567952,27.100988596295647,0.03761904761904762,0.0,0.2995238095238095,0.004444444444444444,0.013986954440541663,0.2121898283409801,1.0,1.0,1.0,1.0,0.023502590412310606,0.044415235380744475,0.49355439865852274,0.013156197858915572,0.013393887262859635,27.100988596295647,1.2905232664902688,0.026682726459119864,44.99961188071298,0.013099159321897902,0.04170810188633106,,0.0,True,2.5,1.0,0.03,0.01,0.75,real_10kg_v1,thruster,real_10kg_x,True,0.004444444444444444,1.0,0.01246031746031746,0.026682726459119864,0.03177114438608724,0.0,0.012967346347067173,0.013393887262859635,,,step_change,real10kg_smc_steady,real10kg_mpc_ltv_v3,-1.0,-1.0,predictive_alpha,1.0,0.9345731129145536,0.19916139879803202,False,0.0,0.8951749979411917,0.0,transformer,16.0,0.001953338220695856,0.012500000000000011,0.0005902615424853379
predictive_alpha,31004.0,3,41003,scn3_env41003,8e5d7a93e5d5b099752f06959757b8d91a1d7758e1c60e3e3d7df27ab774e72b,2100,0.01,0.044082222026917986,7.244650253770003,27.107517833391622,0.03761904761904762,0.0,0.32761904761904764,0.004365079365079366,0.014063940321167865,0.21359740244246844,1.0,1.0,1.0,1.0,0.0230015331702608,0.044082222026917986,0.4830321965754768,0.013159320742899034,0.013397231229865735,27.107517833391622,1.290834182542458,0.02695085017084884,44.99961188071298,0.013315414810330118,0.04170810188633106,,0.0,True,2.5,1.0,0.03,0.01,0.75,real_10kg_v1,thruster,real_10kg_x,True,0.004365079365079366,1.0,0.01246031746031746,0.02695085017084884,0.03215262129557474,0.0,0.012852119414099542,0.013397231229865735,,,step_change,real10kg_smc_steady,real10kg_mpc_ltv_v3,-1.0,-1.0,predictive_alpha,1.0,0.9222220628423626,0.21896053372165952,False,0.0,0.8852984878877621,0.0,transformer,16.0,0.0021564662179621172,0.012500000000000011,0.0004411622474909718
real10kg_smc_steady,,3,41004,scn3_env41004,f163e4eddb0eef10d01fbf4217845814b1cc58f91dc7dd02cd47bf261e7365cb,2100,0.01,0.136846132527829,7.178043186359721,26.1788580396423,0.028095238095238097,0.0,0.0,0.004047619047619047,0.03003692597107283,0.33354068922487906,1.0,1.0,1.0,1.0,0.12032960434389008,0.136846132527829,2.5269216912216916,0.09125075089198013,0.09404560557308646,26.1788580396423,1.2466122876020143,0.06105468737245636,44.99961338007094,0.019873715281392042,0.06200008884067024,real10kg_smc_steady,0.0,True,2.5,1.0,0.03,0.01,0.75,real_10kg_v1,thruster,real_10kg_x,True,0.004047619047619047,1.0,0.009206349206349206,0.06105468737245636,0.09841594785579766,0.0,0.10798303747217075,0.09404560557308646,,,step_change,,,,,,,,,,,,,,,,,
real10kg_mpc_ltv_v3,,3,41004,scn3_env41004,f163e4eddb0eef10d01fbf4217845814b1cc58f91dc7dd02cd47bf261e7365cb,2100,0.01,0.054900888996323435,6.874941509178547,27.184012524254985,0.04666666666666667,0.0,0.011904761904761904,0.00031746031746031746,0.01255390917677689,0.23026052218054813,1.0,1.0,1.0,1.0,0.026778743935927676,0.054900888996323435,0.5623536226544812,0.011340542558238863,0.011597284361166034,27.184012524254985,1.294476786869285,0.028490048919502072,44.99124150149309,0.011074035346834033,0.030845735611514657,real10kg_mpc_ltv_v3,0.0,True,2.5,1.0,0.03,0.01,0.75,real_10kg_v1,thruster,real_10kg_x,True,0.00031746031746031746,1.0,0.015873015873015872,0.028490048919502072,0.032828990332248335,0.0,0.011786580492948034,0.011597284361166034,,,step_change,,,,,,,,,,,,,,,,,
predictive_alpha,31000.0,3,41004,scn3_env41004,f163e4eddb0eef10d01fbf4217845814b1cc58f91dc7dd02cd47bf261e7365cb,2100,0.01,0.04616911650555879,7.321470964772135,27.063451357726894,0.039523809523809524,0.0,0.34523809523809523,0.0037301587301587294,0.013007373975005707,0.23266848851029043,1.0,1.0,1.0,1.0,0.02308463316333385,0.04616911650555879,0.48477729643001083,0.01204191379004955,0.012275473283017917,27.063451357726894,1.2887357789393759,0.03066548228465592,44.99961338007094,0.012479047764971411,0.03509143565463735,,0.0,True,2.5,1.0,0.03,0.01,0.75,real_10kg_v1,thruster,real_10kg_x,True,0.0037301587301587294,1.0,0.013174603174603174,0.03066548228465592,0.040031510017247716,0.0,0.012128600554298461,0.012275473283017917,,,step_change,real10kg_smc_steady,real10kg_mpc_ltv_v3,-1.0,-1.0,predictive_alpha,1.0,0.913029167438891,0.23325553125148762,False,0.0,0.8754987662365394,0.0,transformer,16.0,0.0023540007821077173,0.012500000000000011,0.0006195245049849219
predictive_alpha,31001.0,3,41004,scn3_env41004,f163e4eddb0eef10d01fbf4217845814b1cc58f91dc7dd02cd47bf261e7365cb,2100,0.01,0.04577411019095681,7.297689558389672,27.06464756071904,0.039523809523809524,0.0,0.3438095238095238,0.004285714285714286,0.012719734478348938,0.23027928389661573,1.0,1.0,1.0,1.0,0.02289716812285204,0.04577411019095681,0.4808405305798929,0.011536916029450507,0.011785819968169705,27.06464756071904,1.2887927409866209,0.03236192564462546,44.99961338007094,0.012160385405121509,0.03501530611669079,,0.0,True,2.5,1.0,0.03,0.01,0.75,real_10kg_v1,thruster,real_10kg_x,True,0.004285714285714286,1.0,0.013174603174603174,0.03236192564462546,0.04403772858719459,0.0,0.011948825864280243,0.011785819968169705,,,step_change,real10kg_smc_steady,real10kg_mpc_ltv_v3,-1.0,-1.0,predictive_alpha,1.0,0.9102460960383636,0.23276849203019634,False,0.0,0.8743519009765061,0.0,transformer,16.0,0.002634056195510176,0.012500000000000011,0.0006908148178308867
predictive_alpha,31002.0,3,41004,scn3_env41004,f163e4eddb0eef10d01fbf4217845814b1cc58f91dc7dd02cd47bf261e7365cb,2100,0.01,0.045237808874082755,7.317129863096485,27.05911388556581,0.039523809523809524,0.0,0.3380952380952381,0.004285714285714286,0.01322999526245249,0.23001240846171642,1.0,1.0,1.0,1.0,0.022915209171504813,0.045237808874082755,0.48121939260160107,0.012381813481953182,0.012611471261608439,27.05911388556581,1.288529232645991,0.029502801078584023,44.99961338007094,0.012485376401393054,0.0315964761441066,,0.0,True,2.5,1.0,0.03,0.01,0.75,real_10kg_v1,thruster,real_10kg_x,True,0.004285714285714286,1.0,0.013174603174603174,0.029502801078584023,0.0376287567761176,0.0,0.012326927213543792,0.012611471261608439,,,step_change,real10kg_smc_steady,real10kg_mpc_ltv_v3,-1.0,-1.0,predictive_alpha,1.0,0.9183469039785946,0.22281481285718677,False,0.0,0.8831081393511877,0.0,transformer,16.0,0.002300197407762426,0.012500000000000011,0.0007262283919926662
predictive_alpha,31003.0,3,41004,scn3_env41004,f163e4eddb0eef10d01fbf4217845814b1cc58f91dc7dd02cd47bf261e7365cb,2100,0.01,0.04567802555896677,7.354367752686944,27.060190114360875,0.039523809523809524,0.0,0.43857142857142856,0.004285714285714286,0.01304213169484947,0.2303098301258049,1.0,1.0,1.0,1.0,0.023176263474482563,0.04567802555896677,0.4867015329641338,0.012142394691901764,0.012374222711598161,27.060190114360875,1.288580481636232,0.029841597922808702,44.99961338007094,0.011894006630078773,0.03006282226808077,,0.0,True,2.5,1.0,0.03,0.01,0.75,real_10kg_v1,thruster,real_10kg_x,True,0.004285714285714286,1.0,0.013174603174603174,0.029841597922808702,0.0384411356354385,0.0,0.012291263114883825,0.012374222711598161,,,step_change,real10kg_smc_steady,real10kg_mpc_ltv_v3,-1.0,-1.0,predictive_alpha,1.0,0.9322547862831951,0.19833228372388875,False,0.0,0.8905584830533536,0.0,transformer,16.0,0.002083909473670273,0.012500000000000011,0.0006762983533327551
predictive_alpha,31004.0,3,41004,scn3_env41004,f163e4eddb0eef10d01fbf4217845814b1cc58f91dc7dd02cd47bf261e7365cb,2100,0.01,0.04574611092658244,7.3293620118403195,27.067658740883452,0.039523809523809524,0.0,0.41714285714285715,0.003968253968253968,0.013178792380196059,0.2320119208644326,1.0,1.0,1.0,1.0,0.022866848959605855,0.04574611092658244,0.48020382815172297,0.01227234661164633,0.012502936315167206,27.067658740883452,1.2889361305182596,0.029774784950878447,44.99961338007094,0.012263715387446266,0.030007236579665975,,0.0,True,2.5,1.0,0.03,0.01,0.75,real_10kg_v1,thruster,real_10kg_x,True,0.003968253968253968,1.0,0.013174603174603174,0.029774784950878447,0.03798948230747323,0.0,0.012268162355482856,0.012502936315167206,,,step_change,real10kg_smc_steady,real10kg_mpc_ltv_v3,-1.0,-1.0,predictive_alpha,1.0,0.9223598720316477,0.21637818464978067,False,0.0,0.8857714771151188,0.0,transformer,16.0,0.002209682902806927,0.012500000000000011,0.00043963088759860436
real10kg_smc_steady,,3,41005,scn3_env41005,fff2a0256b796088bc361abb12c7daeb71e93adbab1acccee1776d500f3081c4,2100,0.01,0.13468930211670493,7.142625609998392,26.053711692148042,0.028095238095238097,0.0,0.0,0.0038888888888888888,0.030323784334995937,0.32275855310654616,1.0,1.0,1.0,1.0,0.1190772860237084,0.13468930211670493,2.5006230064978765,0.09108044944656533,0.09392833254789439,26.053711692148042,1.2406529377213353,0.06094884282872324,44.99961296508735,0.01979937758373977,0.060078606994973194,real10kg_smc_steady,0.0,True,2.5,1.0,0.03,0.01,0.75,real_10kg_v1,thruster,real_10kg_x,True,0.0038888888888888888,1.0,0.009365079365079364,0.06094884282872324,0.09940806700285935,0.0,0.108105040050191,0.09392833254789439,,,step_change,,,,,,,,,,,,,,,,,
real10kg_mpc_ltv_v3,,3,41005,scn3_env41005,fff2a0256b796088bc361abb12c7daeb71e93adbab1acccee1776d500f3081c4,2100,0.01,0.05120821682595489,6.9802242406235555,27.16166676849444,0.04380952380952381,0.0,0.010476190476190476,0.0005555555555555554,0.013113704727077864,0.20965956363191046,1.0,1.0,1.0,1.0,0.02608049877436888,0.05120821682595489,0.5476904742617464,0.012170087117761751,0.012395340041669693,27.16166676849444,1.29341270326164,0.03010086014636815,44.991740950943516,0.011805387647374157,0.030140923363528166,real10kg_mpc_ltv_v3,0.0,True,2.5,1.0,0.03,0.01,0.75,real_10kg_v1,thruster,real_10kg_x,True,0.0005555555555555554,1.0,0.015,0.03010086014636815,0.03450714327652868,0.0,0.01219263836405678,0.012395340041669693,,,step_change,,,,,,,,,,,,,,,,,
predictive_alpha,31000.0,3,41005,scn3_env41005,fff2a0256b796088bc361abb12c7daeb71e93adbab1acccee1776d500f3081c4,2100,0.01,0.04167102074317302,7.346742485968531,26.991711301532277,0.03761904761904762,0.0,0.4219047619047619,0.0037301587301587294,0.013348982341518774,0.20834511859916763,1.0,1.0,1.0,1.0,0.02201140822601476,0.04167102074317302,0.4622395727463099,0.01240626139137084,0.012630533523851066,26.991711301532277,1.2853195857872513,0.02866745876214953,44.99961296508735,0.012514451276389251,0.030776784087014696,,0.0,True,2.5,1.0,0.03,0.01,0.75,real_10kg_v1,thruster,real_10kg_x,True,0.0037301587301587294,1.0,0.01246031746031746,0.02866745876214953,0.036358143278608694,0.0,0.012391881501115002,0.012630533523851066,,,step_change,real10kg_smc_steady,real10kg_mpc_ltv_v3,-1.0,-1.0,predictive_alpha,1.0,0.9227689063594239,0.21630089885368078,False,0.0,0.8834921760528925,0.0,transformer,16.0,0.002259445637265509,0.012500000000000011,0.0005398912192220468
predictive_alpha,31001.0,3,41005,scn3_env41005,fff2a0256b796088bc361abb12c7daeb71e93adbab1acccee1776d500f3081c4,2100,0.01,0.04107707103723381,7.354739992922208,26.990458101310768,0.03761904761904762,0.0,0.3238095238095238,0.0037301587301587294,0.013446204859931967,0.20555682417855456,1.0,1.0,1.0,1.0,0.022003224309122008,0.04107707103723381,0.4620677104915622,0.012515999463091154,0.012740181055002199,26.990458101310768,1.2852599095862272,0.028356703675043764,44.99961296508735,0.012528675156432951,0.030776784087014696,,0.0,True,2.5,1.0,0.03,0.01,0.75,real_10kg_v1,thruster,real_10kg_x,True,0.0037301587301587294,1.0,0.012380952380952381,0.028356703675043764,0.03567521606800458,0.0,0.012489009796975054,0.012740181055002199,,,step_change,real10kg_smc_steady,real10kg_mpc_ltv_v3,-1.0,-1.0,predictive_alpha,1.0,0.9245900243751072,0.20960708202399278,False,0.0,0.8870563241147569,0.0,transformer,16.0,0.0022959321848624666,0.012500000000000011,0.0005210526716899791
predictive_alpha,31002.0,3,41005,scn3_env41005,fff2a0256b796088bc361abb12c7daeb71e93adbab1acccee1776d500f3081c4,2100,0.01,0.0407562769618775,7.356447347147301,26.993243632319654,0.03761904761904762,0.0,0.32904761904761903,0.0038888888888888888,0.013355469377737836,0.20515115724368366,1.0,1.0,1.0,1.0,0.021886517075377216,0.0407562769618775,0.45961685858292156,0.012413111136484741,0.01263738337551741,26.993243632319654,1.2853925539199835,0.028983249376202006,44.99961296508735,0.012577685448968335,0.030776784087014696,,0.0,True,2.5,1.0,0.03,0.01,0.75,real_10kg_v1,thruster,real_10kg_x,True,0.0038888888888888888,1.0,0.01246031746031746,0.028983249376202006,0.03669981484713453,0.0,0.012412871008733999,0.01263738337551741,,,step_change,real10kg_smc_steady,real10kg_mpc_ltv_v3,-1.0,-1.0,predictive_alpha,1.0,0.919135868629048,0.21800381108305658,False,0.0,0.8838745779286893,0.0,transformer,16.0,0.002434764528313559,0.012500000000000011,0.0006706395720634555
predictive_alpha,31003.0,3,41005,scn3_env41005,fff2a0256b796088bc361abb12c7daeb71e93adbab1acccee1776d500f3081c4,2100,0.01,0.041145049267714125,7.394252330597866,26.993812923266983,0.03761904761904762,0.0,0.3880952380952381,0.0038888888888888888,0.013105951973969718,0.20544827060421073,1.0,1.0,1.0,1.0,0.022071958719409538,0.041145049267714125,0.4635111331076003,0.0120892626095736,0.012315977097840991,26.993812923266983,1.2854196630127135,0.029564095148042664,44.99961296508735,0.011983795388526411,0.030776784087014696,,0.0,True,2.5,1.0,0.03,0.01,0.75,real_10kg_v1,thruster,real_10kg_x,True,0.0038888888888888888,1.0,0.01246031746031746,0.029564095148042664,0.03813706938016781,0.0,0.012310350995613633,0.012315977097840991,,,step_change,real10kg_smc_steady,real10kg_mpc_ltv_v3,-1.0,-1.0,predictive_alpha,1.0,0.9335521414676902,0.19354338871701418,False,0.0,0.8916387278258445,0.0,transformer,16.0,0.0021628396515655985,0.012500000000000011,0.0006548297041640435
predictive_alpha,31004.0,3,41005,scn3_env41005,fff2a0256b796088bc361abb12c7daeb71e93adbab1acccee1776d500f3081c4,2100,0.01,0.040738143466344856,7.359111574886203,27.0061594552276,0.03761904761904762,0.0,0.35095238095238096,0.004047619047619047,0.013352916814791145,0.2060797794740818,1.0,1.0,1.0,1.0,0.0215891834431915,0.040738143466344856,0.4533728523070215,0.012374569322268825,0.012599139067700906,27.0061594552276,1.2860075931060762,0.02911627366482946,44.99961296508735,0.012387083748441408,0.030776784087014696,,0.0,True,2.5,1.0,0.03,0.01,0.75,real_10kg_v1,thruster,real_10kg_x,True,0.004047619047619047,1.0,0.01246031746031746,0.02911627366482946,0.03656079208169209,0.0,0.012355198603360883,0.012599139067700906,,,step_change,real10kg_smc_steady,real10kg_mpc_ltv_v3,-1.0,-1.0,predictive_alpha,1.0,0.9256074033167137,0.21008280806173033,False,0.0,0.8894660143616299,0.0,transformer,16.0,0.002284956440663836,0.012500000000000011,0.00038406401252964593
real10kg_smc_steady,,3,41006,scn3_env41006,d5b68146e547d878c1dbb3d5905b18d01d79f67d20425eac97e58dc84aacc7f6,2100,0.01,0.13775117372668266,7.171027783865282,26.21619713574887,0.028095238095238097,0.0,0.0,0.004444444444444444,0.031097094414040623,0.3370865733786855,1.0,1.0,1.0,1.0,0.1208404972613152,0.13775117372668266,2.537650442487619,0.0913121460853969,0.09408114889212288,26.21619713574887,1.2483903397975653,0.060975448659562524,44.99961248369376,0.0200256967501084,0.06134463300217599,real10kg_smc_steady,0.0,True,2.5,1.0,0.03,0.01,0.75,real_10kg_v1,thruster,real_10kg_x,True,0.004444444444444444,1.0,0.009365079365079364,0.060975448659562524,0.09918853769044839,0.0,0.10780281095739856,0.09408114889212288,,,step_change,,,,,,,,,,,,,,,,,
real10kg_mpc_ltv_v3,,3,41006,scn3_env41006,d5b68146e547d878c1dbb3d5905b18d01d79f67d20425eac97e58dc84aacc7f6,2100,0.01,0.05582641983703539,6.891557353224417,27.195917608360638,0.047142857142857146,0.0,0.029523809523809525,0.0002380952380952381,0.01273468386457723,0.23356624263201906,1.0,1.0,1.0,1.0,0.02709130342875126,0.05582641983703539,0.5689173720037765,0.011307781173720654,0.01157059948736152,27.195917608360638,1.2950436956362208,0.027791246958597773,44.99164397678644,0.011492270431939414,0.0317839643478717,real10kg_mpc_ltv_v3,0.0,True,2.5,1.0,0.03,0.01,0.75,real_10kg_v1,thruster,real_10kg_x,True,0.0002380952380952381,1.0,0.015873015873015872,0.027791246958597773,0.032200288289151474,0.0,0.011789823524378379,0.01157059948736152,,,step_change,,,,,,,,,,,,,,,,,
predictive_alpha,31000.0,3,41006,scn3_env41006,d5b68146e547d878c1dbb3d5905b18d01d79f67d20425eac97e58dc84aacc7f6,2100,0.01,0.04897797520652558,7.267432692263549,27.099933757276894,0.03857142857142857,0.0,0.3995238095238095,0.003968253968253968,0.013420310522170941,0.2455767054034351,1.0,1.0,1.0,1.0,0.023865272096904318,0.04897797520652558,0.5011707140349907,0.012305308217913032,0.012543257660742197,27.099933757276894,1.2904730360608045,0.02955476578741037,44.99961248369376,0.013029949133616782,0.03608716842695492,,0.0,True,2.5,1.0,0.03,0.01,0.75,real_10kg_v1,thruster,real_10kg_x,True,0.003968253968253968,1.0,0.012698412698412698,0.02955476578741037,0.03784908887895525,0.0,0.012254233430574165,0.012543257660742197,,,step_change,real10kg_smc_steady,real10kg_mpc_ltv_v3,-1.0,-1.0,predictive_alpha,1.0,0.9080670011917006,0.24537511588850733,False,0.0,0.8705074106527138,0.0,transformer,16.0,0.0022110154579590494,0.012500000000000011,0.0006312183124807642
predictive_alpha,31001.0,3,41006,scn3_env41006,d5b68146e547d878c1dbb3d5905b18d01d79f67d20425eac97e58dc84aacc7f6,2100,0.01,0.048252403925623626,7.267456527710864,27.094101221798336,0.039523809523809524,0.0,0.43476190476190474,0.004206349206349206,0.013173380387092495,0.24189761269475415,1.0,1.0,1.0,1.0,0.02358526153253802,0.048252403925623626,0.49529049218329846,0.011902323897184229,0.01214558863752856,27.094101221798336,1.2901952962761112,0.03096019495144248,44.99961248369376,0.01218733353871429,0.03342561842064953,,0.0,True,2.5,1.0,0.03,0.01,0.75,real_10kg_v1,thruster,real_10kg_x,True,0.004206349206349206,1.0,0.013095238095238096,0.03096019495144248,0.04088554411878289,0.0,0.012123930507244684,0.01214558863752856,,,step_change,real10kg_smc_steady,real10kg_mpc_ltv_v3,-1.0,-1.0,predictive_alpha,1.0,0.9237486536404605,0.21667606394731057,False,0.0,0.8834403358018469,0.0,transformer,16.0,0.0022886892229149153,0.012500000000000011,0.0005502141591370028
predictive_alpha,31002.0,3,41006,scn3_env41006,d5b68146e547d878c1dbb3d5905b18d01d79f67d20425eac97e58dc84aacc7f6,2100,0.01,0.04761028164595917,7.289859212501186,27.088393666600336,0.039047619047619046,0.0,0.38142857142857145,0.004285714285714286,0.013176349545867428,0.24213144970951725,1.0,1.0,1.0,1.0,0.02338134835381393,0.04761028164595917,0.4910083154300925,0.01193855215698299,0.012181057372757204,27.088393666600336,1.2899235079333493,0.030863056089309948,44.99961248369376,0.012406938351889352,0.0333309334284852,,0.0,True,2.5,1.0,0.03,0.01,0.75,real_10kg_v1,thruster,real_10kg_x,True,0.004285714285714286,1.0,0.012857142857142857,0.030863056089309948,0.0407539166867074,0.0,0.012123353026333071,0.012181057372757204,,,step_change,real10kg_smc_steady,real10kg_mpc_ltv_v3,-1.0,-1.0,predictive_alpha,1.0,0.9164114929654672,0.22796940518641234,False,0.0,0.8810027220552521,0.0,transformer,16.0,0.0022177621002106565,0.012500000000000011,0.0008065822421213932
predictive_alpha,31003.0,3,41006,scn3_env41006,d5b68146e547d878c1dbb3d5905b18d01d79f67d20425eac97e58dc84aacc7f6,2100,0.01,0.048580354497663715,7.343865599442186,27.093441948190804,0.039047619047619046,0.0,0.32904761904761903,0.004365079365079365,0.013428476462280452,0.2434061678247828,1.0,1.0,1.0,1.0,0.024149610170464676,0.048580354497663715,0.5071418135797582,0.012363613423036492,0.01260107664974763,27.093441948190804,1.2901639022948002,0.028847131228025825,44.99961248369376,0.012174140043191629,0.032960036824032035,,0.0,True,2.5,1.0,0.03,0.01,0.75,real_10kg_v1,thruster,real_10kg_x,True,0.004365079365079365,1.0,0.012857142857142857,0.028847131228025825,0.03653650090756937,0.0,0.012467805463831099,0.01260107664974763,,,step_change,real10kg_smc_steady,real10kg_mpc_ltv_v3,-1.0,-1.0,predictive_alpha,1.0,0.9350083826201,0.19727102833661556,False,0.0,0.8941542617196129,0.0,transformer,16.0,0.002007749904002184,0.012500000000000011,0.0006236689845105145
predictive_alpha,31004.0,3,41006,scn3_env41006,d5b68146e547d878c1dbb3d5905b18d01d79f67d20425eac97e58dc84aacc7f6,2100,0.01,0.04792787582492203,7.319136928113122,27.097996929786007,0.03761904761904762,0.0,0.3242857142857143,0.003968253968253968,0.01348283522970216,0.2433002362821737,1.0,1.0,1.0,1.0,0.023529449035260958,0.04792787582492203,0.49411842974048015,0.012356040920489947,0.012593929728472668,27.097996929786007,1.290380806180286,0.029359147199614695,44.99961248369376,0.012519623433149095,0.031699783194758024,,0.0,True,2.5,1.0,0.03,0.01,0.75,real_10kg_v1,thruster,real_10kg_x,True,0.003968253968253968,1.0,0.01246031746031746,0.029359147199614695,0.03714395521328589,0.0,0.01235463735354477,0.012593929728472668,,,step_change,real10kg_smc_steady,real10kg_mpc_ltv_v3,-1.0,-1.0,predictive_alpha,1.0,0.9208870392902461,0.21971730681739526,False,0.0,0.8853940220735967,0.0,transformer,16.0,0.002268713298411051,0.012500000000000011,0.00047163282725931903
real10kg_smc_steady,,3,41007,scn3_env41007,86a6f0f119779a5426b4df338ff427a4a96e730b9dc6d0ebb196b55bb515663f,2100,0.01,0.13325464641998946,7.172919806087567,26.174566105452943,0.02857142857142857,0.0,0.0,0.004365079365079365,0.02993747774815454,0.31109465184129975,1.0,1.0,1.0,1.0,0.11851776177440869,0.13325464641998946,2.4888729972625825,0.09108335772400444,0.09381856675477264,26.174566105452943,1.2464079097834735,0.06136219229844629,44.99961527950407,0.01933909261126561,0.05435022945315943,real10kg_smc_steady,0.0,True,2.5,1.0,0.03,0.01,0.75,real_10kg_v1,thruster,real_10kg_x,True,0.004365079365079365,1.0,0.009365079365079364,0.06136219229844629,0.10006624880749543,0.0,0.10863529690690063,0.09381856675477264,,,step_change,,,,,,,,,,,,,,,,,
real10kg_mpc_ltv_v3,,3,41007,scn3_env41007,86a6f0f119779a5426b4df338ff427a4a96e730b9dc6d0ebb196b55bb515663f,2100,0.01,0.05708333682885586,6.769662018729116,27.115899438220485,0.04476190476190476,0.0,0.014761904761904763,0.00039682539682539677,0.013336840194579341,0.24423391811631334,1.0,1.0,1.0,1.0,0.027731832897647492,0.05708333682885586,0.5823684908505973,0.012474095421369036,0.012711116580514353,27.115899438220485,1.291233306581928,0.029048916255528103,44.99012987594527,0.011810553524427007,0.030955543568496086,real10kg_mpc_ltv_v3,0.0,True,2.5,1.0,0.03,0.01,0.75,real_10kg_v1,thruster,real_10kg_x,True,0.00039682539682539677,1.0,0.015,0.029048916255528103,0.03288399515811056,0.0,0.012320662245425476,0.012711116580514353,,,step_change,,,,,,,,,,,,,,,,,
predictive_alpha,31000.0,3,41007,scn3_env41007,86a6f0f119779a5426b4df338ff427a4a96e730b9dc6d0ebb196b55bb515663f,2100,0.01,0.041445898010439915,7.2862434021842555,27.061929323121703,0.03761904761904762,0.0,0.30666666666666664,0.004285714285714286,0.013126583705285976,0.19784062889981638,1.0,1.0,1.0,1.0,0.0220438833646894,0.041445898010439915,0.46292155065847745,0.012073312225414093,0.012315200435356187,27.061929323121703,1.2886633011010336,0.030597307357509953,44.99961527950407,0.011868935006933146,0.030025919885235064,,0.0,True,2.5,1.0,0.03,0.01,0.75,real_10kg_v1,thruster,real_10kg_x,True,0.004285714285714286,1.0,0.01246031746031746,0.030597307357509953,0.04027210722911942,0.0,0.01216291906113838,0.012315200435356187,,,step_change,real10kg_smc_steady,real10kg_mpc_ltv_v3,-1.0,-1.0,predictive_alpha,1.0,0.9154772731852912,0.22885834938619823,False,0.0,0.8737370390036986,0.0,transformer,16.0,0.002221698497317441,0.012500000000000011,0.000669829262601728
predictive_alpha,31001.0,3,41007,scn3_env41007,86a6f0f119779a5426b4df338ff427a4a96e730b9dc6d0ebb196b55bb515663f,2100,0.01,0.0409964208280929,7.296971377836652,27.060430167665263,0.03761904761904762,0.0,0.3119047619047619,0.004444444444444444,0.013176761846503977,0.19600642244710284,1.0,1.0,1.0,1.0,0.021978464530431844,0.0409964208280929,0.4615477551390687,0.012074898073790795,0.012316819879656115,27.060430167665263,1.2885919127459649,0.03040699673345433,44.99961527950407,0.011551750433909996,0.02896001401947254,,0.0,True,2.5,1.0,0.03,0.01,0.75,real_10kg_v1,thruster,real_10kg_x,True,0.004444444444444444,1.0,0.01246031746031746,0.03040699673345433,0.039943188174001755,0.0,0.01222819091745335,0.012316819879656115,,,step_change,real10kg_smc_steady,real10kg_mpc_ltv_v3,-1.0,-1.0,predictive_alpha,1.0,0.9246557952622172,0.20678055421403294,False,0.0,0.8806146361465965,0.0,transformer,16.0,0.0024371936886467696,0.012500000000000011,0.0005729421677799177
predictive_alpha,31002.0,3,41007,scn3_env41007,86a6f0f119779a5426b4df338ff427a4a96e730b9dc6d0ebb196b55bb515663f,2100,0.01,0.042447801539394606,7.2161022637163095,27.08034861730941,0.037142857142857144,0.0,0.2995238095238095,0.004603174603174603,0.013132574616724693,0.20016326389851777,1.0,1.0,1.0,1.0,0.022224725848977247,0.042447801539394606,0.4667192428285222,0.012073817118008895,0.012315735860468717,27.08034861730941,1.2895404103480672,0.03056148294862679,44.99961527950407,0.01191279904808758,0.02955620812386689,,0.0,True,2.5,1.0,0.03,0.01,0.75,real_10kg_v1,thruster,real_10kg_x,True,0.004603174603174603,1.0,0.012380952380952381,0.03056148294862679,0.04021044394377915,0.0,0.012167820439712457,0.012315735860468717,,,step_change,real10kg_smc_steady,real10kg_mpc_ltv_v3,-1.0,-1.0,predictive_alpha,1.0,0.9146824907061305,0.2315344294166115,False,0.0,0.8749261911018263,0.0,transformer,16.0,0.002253645563801506,0.012500000000000011,0.0007840328466982721
predictive_alpha,31003.0,3,41007,scn3_env41007,86a6f0f119779a5426b4df338ff427a4a96e730b9dc6d0ebb196b55bb515663f,2100,0.01,0.04165814448225226,7.2803526119907565,27.065940710942705,0.03761904761904762,0.0,0.31142857142857144,0.004603174603174603,0.013120594316861104,0.19696893664584464,1.0,1.0,1.0,1.0,0.02227348509778979,0.04165814448225226,0.4677431870535856,0.01207253012984945,0.012314277960671485,27.065940710942705,1.2888543195687003,0.030214652202338266,44.99961527950407,0.011418236607508049,0.02961123120345091,,0.0,True,2.5,1.0,0.03,0.01,0.75,real_10kg_v1,thruster,real_10kg_x,True,0.004603174603174603,1.0,0.01246031746031746,0.030214652202338266,0.03966315118291242,0.0,0.012265421268901915,0.012314277960671485,,,step_change,real10kg_smc_steady,real10kg_mpc_ltv_v3,-1.0,-1.0,predictive_alpha,1.0,0.932829998014613,0.1982557674991648,False,0.0,0.8856414645910263,0.0,transformer,16.0,0.0021049234425396827,0.012500000000000011,0.0006726815004534797
predictive_alpha,31004.0,3,41007,scn3_env41007,86a6f0f119779a5426b4df338ff427a4a96e730b9dc6d0ebb196b55bb515663f,2100,0.01,0.0417938359150415,7.265844261433647,27.07589731495209,0.037142857142857144,0.0,0.2966666666666667,0.0041269841269841265,0.013193778384174796,0.20074691979095635,1.0,1.0,1.0,1.0,0.02187636466167314,0.0417938359150415,0.45940365789513593,0.01207754819791132,0.012319830831221689,27.07589731495209,1.2893284435691472,0.030612153999062846,44.99961527950407,0.01175186489390674,0.028475815486510347,,0.0,True,2.5,1.0,0.03,0.01,0.75,real_10kg_v1,thruster,real_10kg_x,True,0.0041269841269841265,1.0,0.012301587301587301,0.030612153999062846,0.0402304086284557,0.0,0.012164791136241328,0.012319830831221689,,,step_change,real10kg_smc_steady,real10kg_mpc_ltv_v3,-1.0,-1.0,predictive_alpha,1.0,0.9200013590583378,0.22285486300354743,False,0.0,0.8799586312783261,0.0,transformer,16.0,0.0021707369376012956,0.012500000000000011,0.0004700067081853363
real10kg_smc_steady,,3,41008,scn3_env41008,f95532b66d0f2d64a93d6cbcc4ad3fcc571859fc60dfbb4732e4c4adae101395,2100,0.01,0.13711395117593558,7.139820959972336,26.09456182855157,0.02857142857142857,0.0,0.0,0.004047619047619047,0.029936242205101892,0.33438089156253886,1.0,1.0,1.0,1.0,0.1204433874359218,0.13711395117593558,2.529311136154358,0.0908636185247821,0.09369771897466674,26.09456182855157,1.2425981823119794,0.06071121105231853,44.999611554198154,0.019917979197469137,0.06295346052863726,real10kg_smc_steady,0.0,True,2.5,1.0,0.03,0.01,0.75,real_10kg_v1,thruster,real_10kg_x,True,0.004047619047619047,1.0,0.009365079365079364,0.06071121105231853,0.09919182236144199,0.0,0.10774293545398006,0.09369771897466674,,,step_change,,,,,,,,,,,,,,,,,
real10kg_mpc_ltv_v3,,3,41008,scn3_env41008,f95532b66d0f2d64a93d6cbcc4ad3fcc571859fc60dfbb4732e4c4adae101395,2100,0.01,0.053157754136557725,7.015507476442328,27.194902819042714,0.04476190476190476,0.0,0.007619047619047619,0.0004761904761904762,0.013914529075686027,0.21204235018326376,1.0,1.0,1.0,1.0,0.027391700336709797,0.053157754136557725,0.5752257070709057,0.01333276135284148,0.013587345889901322,27.194902819042714,1.2949953723353673,0.026350311494560276,44.99205296640279,0.012535946751166205,0.031623397353893856,real10kg_mpc_ltv_v3,0.0,True,2.5,1.0,0.03,0.01,0.75,real_10kg_v1,thruster,real_10kg_x,True,0.0004761904761904762,1.0,0.015238095238095238,0.026350311494560276,0.027338457497063803,0.0,0.012977301453819486,0.013587345889901322,,,step_change,,,,,,,,,,,,,,,,,
predictive_alpha,31000.0,3,41008,scn3_env41008,f95532b66d0f2d64a93d6cbcc4ad3fcc571859fc60dfbb4732e4c4adae101395,2100,0.01,0.04805854363484512,7.257673583155333,27.033591643070707,0.037142857142857144,0.0,0.3314285714285714,0.004047619047619047,0.014084661573049658,0.2390701218244334,1.0,1.0,1.0,1.0,0.024222554554510268,0.04805854363484512,0.5086736456447156,0.01340756317475763,0.013664463492942982,27.033591643070707,1.287313887765272,0.02649631496696914,44.999611554198154,0.013590151727827323,0.038191428714305586,,0.0,True,2.5,1.0,0.03,0.01,0.75,real_10kg_v1,thruster,real_10kg_x,True,0.004047619047619047,1.0,0.012380952380952381,0.02649631496696914,0.03174034599307297,0.0,0.012978322699770707,0.013664463492942982,,,step_change,real10kg_smc_steady,real10kg_mpc_ltv_v3,-1.0,-1.0,predictive_alpha,1.0,0.9055200658989467,0.24936661079528236,False,0.0,0.8683740061991626,0.0,transformer,16.0,0.0022976281500322157,0.012500000000000011,0.0006204863492640071
predictive_alpha,31001.0,3,41008,scn3_env41008,f95532b66d0f2d64a93d6cbcc4ad3fcc571859fc60dfbb4732e4c4adae101395,2100,0.01,0.04694512857849828,7.292155356267833,27.028226248284252,0.03666666666666667,0.0,0.310952380952381,0.004047619047619047,0.014131769518503732,0.23466735891524862,1.0,1.0,1.0,1.0,0.02394394982520779,0.04694512857849828,0.5028229463293635,0.013408945866057172,0.013665849461287084,27.028226248284252,1.2870583927754404,0.026168908458901536,44.999611554198154,0.012897822110463183,0.03486919458350765,,0.0,True,2.5,1.0,0.03,0.01,0.75,real_10kg_v1,thruster,real_10kg_x,True,0.004047619047619047,1.0,0.012222222222222223,0.026168908458901536,0.031124668066016565,0.0,0.013101483180312033,0.013665849461287084,,,step_change,real10kg_smc_steady,real10kg_mpc_ltv_v3,-1.0,-1.0,predictive_alpha,1.0,0.9238720772973928,0.21456003224131506,False,0.0,0.8878211157622614,0.0,transformer,16.0,0.0021947704733988787,0.012500000000000011,0.0004411382972607529
predictive_alpha,31002.0,3,41008,scn3_env41008,f95532b66d0f2d64a93d6cbcc4ad3fcc571859fc60dfbb4732e4c4adae101395,2100,0.01,0.04563268807783775,7.339274804501554,27.026830006707023,0.03761904761904762,0.0,0.3080952380952381,0.004285714285714286,0.014084797974353898,0.2337563677965013,1.0,1.0,1.0,1.0,0.023564237640971562,0.04563268807783775,0.4948489904604028,0.013407288111292033,0.01366415050309895,27.026830006707023,1.2869919050812868,0.0263134533345999,44.999611554198154,0.01288395507007241,0.03433642565931283,,0.0,True,2.5,1.0,0.03,0.01,0.75,real_10kg_v1,thruster,real_10kg_x,True,0.004285714285714286,1.0,0.01246031746031746,0.0263134533345999,0.03131507373796665,0.0,0.013075345128814737,0.01366415050309895,,,step_change,real10kg_smc_steady,real10kg_mpc_ltv_v3,-1.0,-1.0,predictive_alpha,1.0,0.9215692327225543,0.21646839042441096,False,0.0,0.8850595904709327,0.0,transformer,16.0,0.002271688390949851,0.012500000000000011,0.0006945271389127341
predictive_alpha,31003.0,3,41008,scn3_env41008,f95532b66d0f2d64a93d6cbcc4ad3fcc571859fc60dfbb4732e4c4adae101395,2100,0.01,0.046660789236979014,7.383286295307487,27.024001306483093,0.037142857142857144,0.0,0.3119047619047619,0.0038888888888888888,0.01405163354279187,0.23489533682307592,1.0,1.0,1.0,1.0,0.024188909088964882,0.046660789236979014,0.5079670908682625,0.013405472965921126,0.013662233393987828,27.024001306483093,1.2868572050706235,0.025868064636720242,44.999611554198154,0.012571018883048339,0.03396043268414156,,0.0,True,2.5,1.0,0.03,0.01,0.75,real_10kg_v1,thruster,real_10kg_x,True,0.0038888888888888888,1.0,0.012380952380952381,0.025868064636720242,0.030545747857341463,0.0,0.013201009915865767,0.013662233393987828,,,step_change,real10kg_smc_steady,real10kg_mpc_ltv_v3,-1.0,-1.0,predictive_alpha,1.0,0.9355003550907838,0.19430711780003657,False,0.0,0.8952128413106714,0.0,transformer,16.0,0.002105641390525654,0.012500000000000011,0.0005841358470338004
predictive_alpha,31004.0,3,41008,scn3_env41008,f95532b66d0f2d64a93d6cbcc4ad3fcc571859fc60dfbb4732e4c4adae101395,2100,0.01,0.04612377725161771,7.352104103149695,27.03206624521467,0.03666666666666667,0.0,0.32666666666666666,0.004047619047619047,0.014141048964767412,0.23530571219222002,1.0,1.0,1.0,1.0,0.023572060548149195,0.04612377725161771,0.4950132715111331,0.013410837186156477,0.013667885897037078,27.03206624521467,1.287241249772127,0.026327130182052537,44.999611554198154,0.012897274067102223,0.03256751420055104,,0.0,True,2.5,1.0,0.03,0.01,0.75,real_10kg_v1,thruster,real_10kg_x,True,0.004047619047619047,1.0,0.012063492063492064,0.026327130182052537,0.03120613648684994,0.0,0.013070009198418213,0.013667885897037078,,,step_change,real10kg_smc_steady,real10kg_mpc_ltv_v3,-1.0,-1.0,predictive_alpha,1.0,0.9213993609949932,0.21663265608276308,False,0.0,0.8877160444452117,0.0,transformer,16.0,0.0023156747148637617,0.012500000000000011,0.00041611690023435935
real10kg_smc_steady,,3,41009,scn3_env41009,547fe04ed74b8f781a037dcd1117ad1794791abbb5d6cfbfd958e95f47af3c69,2100,0.01,0.1340166353198603,7.159619916323339,26.089114849577008,0.02857142857142857,0.0,0.0,0.004047619047619047,0.02962314238951378,0.3180075395245319,1.0,1.0,1.0,1.0,0.11873836508666662,0.1340166353198603,2.493505666819999,0.09114818593353421,0.09403744347544866,26.089114849577008,1.24233880236081,0.06173635005620069,44.999613229004666,0.01989816112509723,0.058090468576944554,real10kg_smc_steady,0.0,True,2.5,1.0,0.03,0.01,0.75,real_10kg_v1,thruster,real_10kg_x,True,0.004047619047619047,1.0,0.009444444444444445,0.06173635005620069,0.10073116641032608,0.0,0.1083744230768212,0.09403744347544866,,,step_change,,,,,,,,,,,,,,,,,
real10kg_mpc_ltv_v3,,3,41009,scn3_env41009,547fe04ed74b8f781a037dcd1117ad1794791abbb5d6cfbfd958e95f47af3c69,2100,0.01,0.05355666244476573,6.877269552579063,27.133485826094347,0.043333333333333335,0.0,0.009047619047619047,0.0004761904761904762,0.012422586389350595,0.2266916682715948,1.0,1.0,1.0,1.0,0.026377771708815095,0.05355666244476573,0.553933205885117,0.011354896423642688,0.011607424288471847,27.133485826094347,1.2920707536235403,0.028839679458320715,44.99099088441869,0.011317532476300926,0.03318701627443042,real10kg_mpc_ltv_v3,0.0,True,2.5,1.0,0.03,0.01,0.75,real_10kg_v1,thruster,real_10kg_x,True,0.0004761904761904762,1.0,0.014603174603174604,0.028839679458320715,0.032984663146616355,0.0,0.011813871779812753,0.011607424288471847,,,step_change,,,,,,,,,,,,,,,,,
predictive_alpha,31000.0,3,41009,scn3_env41009,547fe04ed74b8f781a037dcd1117ad1794791abbb5d6cfbfd958e95f47af3c69,2100,0.01,0.0406611077398332,7.3180275378551585,27.00658163284082,0.03666666666666667,0.0,0.2876190476190476,0.00373015873015873,0.012830281920709848,0.19982730088633127,1.0,1.0,1.0,1.0,0.02166228755381681,0.0406611077398332,0.454908038630153,0.012004813285147147,0.01223475703439071,27.00658163284082,1.286027696801944,0.031185110883830428,44.999613229004666,0.01292883413569649,0.038144137313724034,,0.0,True,2.5,1.0,0.03,0.01,0.75,real_10kg_v1,thruster,real_10kg_x,True,0.00373015873015873,1.0,0.012222222222222223,0.031185110883830428,0.04110664497451334,0.0,0.012104020254340295,0.01223475703439071,,,step_change,real10kg_smc_steady,real10kg_mpc_ltv_v3,-1.0,-1.0,predictive_alpha,1.0,0.9117523510210424,0.2360256711066697,False,0.0,0.8748312609394392,0.0,transformer,16.0,0.0023130822933031202,0.012500000000000011,0.000687947482080924
predictive_alpha,31001.0,3,41009,scn3_env41009,547fe04ed74b8f781a037dcd1117ad1794791abbb5d6cfbfd958e95f47af3c69,2100,0.01,0.04049609029746586,7.3274848815429845,27.006072784866944,0.03666666666666667,0.0,0.30904761904761907,0.004206349206349206,0.012983537578644655,0.1980615011659198,1.0,1.0,1.0,1.0,0.0218551200108918,0.04049609029746586,0.45895752022872777,0.012246248402752397,0.012472604914706274,27.006072784866944,1.2860034659460449,0.030224272113031983,44.999613229004666,0.012825495633331295,0.038144137313724034,,0.0,True,2.5,1.0,0.03,0.01,0.75,real_10kg_v1,thruster,real_10kg_x,True,0.004206349206349206,1.0,0.012142857142857143,0.030224272113031983,0.03895057537299976,0.0,0.012301365103702562,0.012472604914706274,,,step_change,real10kg_smc_steady,real10kg_mpc_ltv_v3,-1.0,-1.0,predictive_alpha,1.0,0.9166657292069256,0.22319183446815286,False,0.0,0.881405507531904,0.0,transformer,16.0,0.0024929078209389058,0.012500000000000011,0.0006024095297534879
predictive_alpha,31002.0,3,41009,scn3_env41009,547fe04ed74b8f781a037dcd1117ad1794791abbb5d6cfbfd958e95f47af3c69,2100,0.01,0.040306067729873905,7.312054441661233,27.002659926664638,0.037142857142857144,0.0,0.31,0.004047619047619047,0.013040405131681188,0.19830439522154292,1.0,1.0,1.0,1.0,0.021698021708673056,0.040306067729873905,0.45565845588213416,0.012343002746968588,0.012568551996641477,27.002659926664638,1.2858409488887923,0.029676149072500237,44.999613229004666,0.012770922967004049,0.038144137313724034,,0.0,True,2.5,1.0,0.03,0.01,0.75,real_10kg_v1,thruster,real_10kg_x,True,0.004047619047619047,1.0,0.012222222222222223,0.029676149072500237,0.03806523380335008,0.0,0.012339419155017201,0.012568551996641477,,,step_change,real10kg_smc_steady,real10kg_mpc_ltv_v3,-1.0,-1.0,predictive_alpha,1.0,0.9190701587809746,0.22103691833647765,False,0.0,0.8828876718435259,0.0,transformer,16.0,0.0022729736048879095,0.012500000000000011,0.0007240019279220925
predictive_alpha,31003.0,3,41009,scn3_env41009,547fe04ed74b8f781a037dcd1117ad1794791abbb5d6cfbfd958e95f47af3c69,2100,0.01,0.04061209510865655,7.345861267120225,27.00551899578105,0.03666666666666667,0.0,0.3038095238095238,0.004206349206349206,0.013084602664487804,0.1984175641701255,1.0,1.0,1.0,1.0,0.022014978021606783,0.04061209510865655,0.4623145384537425,0.012424612195311586,0.012649635471188492,27.00551899578105,1.2859770950371927,0.029206646359715465,44.999613229004666,0.012447794803964109,0.038144137313724034,,0.0,True,2.5,1.0,0.03,0.01,0.75,real_10kg_v1,thruster,real_10kg_x,True,0.004206349206349206,1.0,0.012142857142857143,0.029206646359715465,0.03706536656313158,0.0,0.012470057565105863,0.012649635471188492,,,step_change,real10kg_smc_steady,real10kg_mpc_ltv_v3,-1.0,-1.0,predictive_alpha,1.0,0.9330091786377934,0.19636197983468437,False,0.0,0.8901523783049058,0.0,transformer,16.0,0.002044526246204921,0.012500000000000011,0.0006809202521397354
predictive_alpha,31004.0,3,41009,scn3_env41009,547fe04ed74b8f781a037dcd1117ad1794791abbb5d6cfbfd958e95f47af3c69,2100,0.01,0.04029633244425988,7.310691187813544,27.01005466137032,0.03666666666666667,0.0,0.3080952380952381,0.0038095238095238095,0.013012448504264034,0.1997546944047886,1.0,1.0,1.0,1.0,0.02143974167676039,0.04029633244425988,0.4502345752119682,0.012290648541279143,0.012516677180297637,27.01005466137032,1.2861930791128724,0.029896684559657712,44.999613229004666,0.012575544470206373,0.038144137313724034,,0.0,True,2.5,1.0,0.03,0.01,0.75,real_10kg_v1,thruster,real_10kg_x,True,0.0038095238095238095,1.0,0.012142857142857143,0.029896684559657712,0.038226649899161545,0.0,0.012305618984693716,0.012516677180297637,,,step_change,real10kg_smc_steady,real10kg_mpc_ltv_v3,-1.0,-1.0,predictive_alpha,1.0,0.9247421521776221,0.21390334038364642,False,0.0,0.8883115110510872,0.0,transformer,16.0,0.002118805835390385,0.012500000000000011,0.0004913214120416436
real10kg_smc_steady,,3,41010,scn3_env41010,97a13242e7a92be7fa4e01abf660c45e4d3491a380a8d6ddc272024ed8f1e885,2100,0.01,0.13758093276617234,7.179910017678305,26.307441270687896,0.029523809523809525,0.0,0.0,0.004761904761904762,0.030392118337911993,0.3320203236834542,1.0,1.0,1.0,1.0,0.12092050842000869,0.13758093276617234,2.5393306768201827,0.09107793173700775,0.0938591173799012,26.307441270687896,1.2527352986041855,0.0622185094741572,44.99961300548745,0.021978719499169245,0.07766597751217257,real10kg_smc_steady,0.0,True,2.5,1.0,0.03,0.01,0.75,real_10kg_v1,thruster,real_10kg_x,True,0.004761904761904762,1.0,0.009365079365079364,0.0622185094741572,0.10081143389633636,0.0,0.10799988002274603,0.0938591173799012,,,step_change,,,,,,,,,,,,,,,,,
real10kg_mpc_ltv_v3,,3,41010,scn3_env41010,97a13242e7a92be7fa4e01abf660c45e4d3491a380a8d6ddc272024ed8f1e885,2100,0.01,0.058661034764322814,6.816501832168412,27.219810928383833,0.04523809523809524,0.0,0.012380952380952381,0.00015873015873015873,0.013309935614928794,0.2482890781283897,1.0,1.0,1.0,1.0,0.028293856895615758,0.058661034764322814,0.5941709948079309,0.012405409153943562,0.012626336688249659,27.219810928383833,1.2961814727801824,0.02897208319073435,44.99088655997641,0.01487970703487393,0.07766597751529875,real10kg_mpc_ltv_v3,0.0,True,2.5,1.0,0.03,0.01,0.75,real_10kg_v1,thruster,real_10kg_x,True,0.00015873015873015873,1.0,0.015396825396825397,0.02897208319073435,0.03299816934502062,0.0,0.012324693474251662,0.012626336688249659,,,step_change,,,,,,,,,,,,,,,,,
predictive_alpha,31000.0,3,41010,scn3_env41010,97a13242e7a92be7fa4e01abf660c45e4d3491a380a8d6ddc272024ed8f1e885,2100,0.01,0.04933997318720252,7.247574254689403,27.17079010708244,0.0380952380952381,0.0,0.3161904761904762,0.004285714285714286,0.013712632096645605,0.24359477181952094,1.0,1.0,1.0,1.0,0.02439759933784878,0.04933997318720252,0.5123495860948244,0.012892176046349433,0.013114832739052174,27.17079010708244,1.2938471479563067,0.027801323719043283,44.99961300548745,0.015604495084191134,0.07766597751217257,,0.0,True,2.5,1.0,0.03,0.01,0.75,real_10kg_v1,thruster,real_10kg_x,True,0.004285714285714286,1.0,0.012698412698412698,0.027801323719043283,0.033564328646003845,0.0,0.01270532200156215,0.013114832739052174,,,step_change,real10kg_smc_steady,real10kg_mpc_ltv_v3,-1.0,-1.0,predictive_alpha,1.0,0.9226341002774856,0.21865625780866857,False,0.0,0.8847137092719121,0.0,transformer,16.0,0.002203167992656052,0.012500000000000011,0.0005882905440990969
predictive_alpha,31001.0,3,41010,scn3_env41010,97a13242e7a92be7fa4e01abf660c45e4d3491a380a8d6ddc272024ed8f1e885,2100,0.01,0.04840113949063469,7.2646867072609655,27.159489241792976,0.0380952380952381,0.0,0.3080952380952381,0.004523809523809524,0.013731486322510382,0.2416626986030831,1.0,1.0,1.0,1.0,0.024158958363252516,0.04840113949063469,0.5073381256283028,0.012836515164953799,0.013058758419137602,27.159489241792976,1.2933090115139512,0.027858543175420695,44.99961300548745,0.01549338942395085,0.07766597751217257,,0.0,True,2.5,1.0,0.03,0.01,0.75,real_10kg_v1,thruster,real_10kg_x,True,0.004523809523809524,1.0,0.012619047619047618,0.027858543175420695,0.03379704073440933,0.0,0.012698023757660304,0.013058758419137602,,,step_change,real10kg_smc_steady,real10kg_mpc_ltv_v3,-1.0,-1.0,predictive_alpha,1.0,0.9274125292922587,0.20779560933854282,False,0.0,0.8900170494607161,0.0,transformer,16.0,0.002215190362681026,0.012500000000000011,0.0005165675747154908
predictive_alpha,31002.0,3,41010,scn3_env41010,97a13242e7a92be7fa4e01abf660c45e4d3491a380a8d6ddc272024ed8f1e885,2100,0.01,0.048894868546514966,7.2145442697148905,27.166227494998175,0.03857142857142857,0.0,0.36142857142857143,0.004841269841269841,0.013212015107763073,0.2427774892038168,1.0,1.0,1.0,1.0,0.023836093911133522,0.048894868546514966,0.5005579721338039,0.012190351531764298,0.012413617707251226,27.166227494998175,1.2936298807141988,0.03029792915116321,44.99961300548745,0.01540705966233642,0.07766597751217257,,0.0,True,2.5,1.0,0.03,0.01,0.75,real_10kg_v1,thruster,real_10kg_x,True,0.004841269841269841,1.0,0.012777777777777779,0.03029792915116321,0.03873735726026744,0.0,0.012232046900788678,0.012413617707251226,,,step_change,real10kg_smc_steady,real10kg_mpc_ltv_v3,-1.0,-1.0,predictive_alpha,1.0,0.915601703513397,0.23172032485360922,False,0.0,0.8768755340762436,0.0,transformer,16.0,0.0021989801781173786,0.012500000000000011,0.0006962165798212156
predictive_alpha,31003.0,3,41010,scn3_env41010,97a13242e7a92be7fa4e01abf660c45e4d3491a380a8d6ddc272024ed8f1e885,2100,0.01,0.04943481540368028,7.304165388460303,27.170729261626512,0.03857142857142857,0.0,0.36666666666666664,0.004841269841269841,0.013176512078294206,0.24313079584752278,1.0,1.0,1.0,1.0,0.02448804318566304,0.04943481540368028,0.5142489068989239,0.012164748086405396,0.012388270668673979,27.170729261626512,1.2938442505536434,0.03025875550535905,44.99961300548745,0.015026446579130553,0.07766597751217257,,0.0,True,2.5,1.0,0.03,0.01,0.75,real_10kg_v1,thruster,real_10kg_x,True,0.004841269841269841,1.0,0.012777777777777779,0.03025875550535905,0.03832384499775139,0.0,0.012381054456169976,0.012388270668673979,,,step_change,real10kg_smc_steady,real10kg_mpc_ltv_v3,-1.0,-1.0,predictive_alpha,1.0,0.9352031763496413,0.19611263829438974,False,0.0,0.892973956675047,0.0,transformer,16.0,0.0021807497994679316,0.012500000000000011,0.000612360130291545
predictive_alpha,31004.0,3,41010,scn3_env41010,97a13242e7a92be7fa4e01abf660c45e4d3491a380a8d6ddc272024ed8f1e885,2100,0.01,0.047969808764075514,7.299034552664585,27.15808114963439,0.0380952380952381,0.0,0.33476190476190476,0.004682539682539682,0.013280732176999531,0.24135532962626693,1.0,1.0,1.0,1.0,0.02370252946892834,0.047969808764075514,0.4977531188474951,0.012150638419441917,0.012374948852706737,27.15808114963439,1.2932419595063995,0.030444316675940046,44.99961300548745,0.0151217410628097,0.07766597751217257,,0.0,True,2.5,1.0,0.03,0.01,0.75,real_10kg_v1,thruster,real_10kg_x,True,0.004682539682539682,1.0,0.012619047619047618,0.030444316675940046,0.03881252612996403,0.0,0.012296884155239066,0.012374948852706737,,,step_change,real10kg_smc_steady,real10kg_mpc_ltv_v3,-1.0,-1.0,predictive_alpha,1.0,0.9237759439799882,0.21175578914227833,False,0.0,0.8868654467059033,0.0,transformer,16.0,0.002285379822919358,0.012500000000000011,0.0004324071243016245
real10kg_smc_steady,,3,41011,scn3_env41011,9b3db05babdee37018a21ddf52f1f581913e26ed7811cd15019efbfa5822067a,2100,0.01,0.13933138992882205,7.180365797109766,26.181563616490127,0.02857142857142857,0.0,0.0,0.003968253968253968,0.03067591080600515,0.347710876906828,1.0,1.0,1.0,1.0,0.12166430300784004,0.13933138992882205,2.554950363164641,0.09140191097888399,0.09414389602418638,26.181563616490127,1.246741124594768,0.0616167729648087,44.99961241326882,0.020834294009749534,0.06856948981443364,real10kg_smc_steady,0.0,True,2.5,1.0,0.03,0.01,0.75,real_10kg_v1,thruster,real_10kg_x,True,0.003968253968253968,1.0,0.009285714285714286,0.0616167729648087,0.09903802859904487,0.0,0.10755180199901318,0.09414389602418638,,,step_change,,,,,,,,,,,,,,,,,
real10kg_mpc_ltv_v3,,3,41011,scn3_env41011,9b3db05babdee37018a21ddf52f1f581913e26ed7811cd15019efbfa5822067a,2100,0.01,0.05561538689661019,6.940420145200202,27.22897999842993,0.04476190476190476,0.0,0.008571428571428572,0.0002380952380952381,0.013448882313228085,0.22538486379507774,1.0,1.0,1.0,1.0,0.027664021556509943,0.05561538689661019,0.5809444526867088,0.012716555215086425,0.012948560202177337,27.22897999842993,1.2966180951633302,0.02920167497128471,44.991825259609406,0.012455808842589823,0.03534415557524919,real10kg_mpc_ltv_v3,0.0,True,2.5,1.0,0.03,0.01,0.75,real_10kg_v1,thruster,real_10kg_x,True,0.0002380952380952381,1.0,0.015317460317460318,0.02920167497128471,0.03214089868715126,0.0,0.012506961192869695,0.012948560202177337,,,step_change,,,,,,,,,,,,,,,,,
predictive_alpha,31000.0,3,41011,scn3_env41011,9b3db05babdee37018a21ddf52f1f581913e26ed7811cd15019efbfa5822067a,2100,0.01,0.050684156642668954,7.31823732498342,27.066933416858564,0.037142857142857144,0.0,0.37714285714285717,0.0038888888888888888,0.013202845136666934,0.25771520855786517,1.0,1.0,1.0,1.0,0.024365280181751787,0.050684156642668954,0.5116708838167875,0.012255934081270353,0.01249083760721081,27.066933416858564,1.2889015912789792,0.030637483882263786,44.99961241326882,0.013581648571086336,0.0412106477743287,,0.0,True,2.5,1.0,0.03,0.01,0.75,real_10kg_v1,thruster,real_10kg_x,True,0.0038888888888888888,1.0,0.012301587301587301,0.030637483882263786,0.03951728536889027,0.0,0.012236610004696525,0.01249083760721081,,,step_change,real10kg_smc_steady,real10kg_mpc_ltv_v3,-1.0,-1.0,predictive_alpha,1.0,0.9085519003373885,0.243588142992391,False,0.0,0.871772062288198,0.0,transformer,16.0,0.002317354475955747,0.012500000000000011,0.0006226671608221179
predictive_alpha,31001.0,3,41011,scn3_env41011,9b3db05babdee37018a21ddf52f1f581913e26ed7811cd15019efbfa5822067a,2100,0.01,0.05006311176320534,7.30694191448742,27.064047178276997,0.037142857142857144,0.0,0.3442857142857143,0.004206349206349206,0.013557485042131332,0.25494634718934656,1.0,1.0,1.0,1.0,0.024407554724337827,0.05006311176320534,0.5125586492110944,0.012662456958285115,0.012895010590323604,27.064047178276997,1.2887641513465236,0.029199119195460293,44.99961241326882,0.013642483129338783,0.040266249031063864,,0.0,True,2.5,1.0,0.03,0.01,0.75,real_10kg_v1,thruster,real_10kg_x,True,0.004206349206349206,1.0,0.012222222222222223,0.029199119195460293,0.036553145472931675,0.0,0.012519048980875103,0.012895010590323604,,,step_change,real10kg_smc_steady,real10kg_mpc_ltv_v3,-1.0,-1.0,predictive_alpha,1.0,0.9119159048970702,0.2342497537556072,False,0.0,0.8799508496036842,0.0,transformer,16.0,0.0024269053176863386,0.012500000000000011,0.000626043953671383
predictive_alpha,31002.0,3,41011,scn3_env41011,9b3db05babdee37018a21ddf52f1f581913e26ed7811cd15019efbfa5822067a,2100,0.01,0.04878455219804875,7.361129747646356,27.063628978865054,0.03761904761904762,0.0,0.3238095238095238,0.004285714285714286,0.01283720201305383,0.254249474722975,1.0,1.0,1.0,1.0,0.02377197489444346,0.04878455219804875,0.4992114727833127,0.0116856296477304,0.011934222378121232,27.063628978865054,1.288744237088812,0.032535216736289875,44.99961241326882,0.012725832051742905,0.040266249031063864,,0.0,True,2.5,1.0,0.03,0.01,0.75,real_10kg_v1,thruster,real_10kg_x,True,0.004285714285714286,1.0,0.01246031746031746,0.032535216736289875,0.04366802576130671,0.0,0.012055246520645607,0.011934222378121232,,,step_change,real10kg_smc_steady,real10kg_mpc_ltv_v3,-1.0,-1.0,predictive_alpha,1.0,0.9173776395057011,0.22422480403421022,False,0.0,0.8830179477642689,0.0,transformer,16.0,0.002436175696818882,0.012500000000000011,0.0008028252812218962
predictive_alpha,31003.0,3,41011,scn3_env41011,9b3db05babdee37018a21ddf52f1f581913e26ed7811cd15019efbfa5822067a,2100,0.01,0.049270397049867076,7.394480211315347,27.06206277731664,0.037142857142857144,0.0,0.31142857142857144,0.0038888888888888888,0.013360355215343421,0.25444407672493274,1.0,1.0,1.0,1.0,0.02432842894737056,0.049270397049867076,0.5108970078947818,0.01253676033475673,0.012769524425409202,27.06206277731664,1.2886696560626971,0.02911673246545151,44.99961241326882,0.012756250947117652,0.040266249031063864,,0.0,True,2.5,1.0,0.03,0.01,0.75,real_10kg_v1,thruster,real_10kg_x,True,0.0038888888888888888,1.0,0.012301587301587301,0.02911673246545151,0.03649909953813206,0.0,0.012546185302200434,0.012769524425409202,,,step_change,real10kg_smc_steady,real10kg_mpc_ltv_v3,-1.0,-1.0,predictive_alpha,1.0,0.9332522728984539,0.19703702040187665,False,0.0,0.8932919208137762,0.0,transformer,16.0,0.002174105094718945,0.012500000000000011,0.0007563057165526011
predictive_alpha,31004.0,3,41011,scn3_env41011,9b3db05babdee37018a21ddf52f1f581913e26ed7811cd15019efbfa5822067a,2100,0.01,0.04949940265109343,7.367223544069308,27.067604609563947,0.037142857142857144,0.0,0.3738095238095238,0.0036507936507936506,0.013399553283392731,0.25540154071791393,1.0,1.0,1.0,1.0,0.024018378926610136,0.04949940265109343,0.5043859574588129,0.012403836733685857,0.012637859592915376,27.067604609563947,1.2889335528363783,0.029900963914833403,44.99961241326882,0.012938723106659398,0.040266249031063864,,0.0,True,2.5,1.0,0.03,0.01,0.75,real_10kg_v1,thruster,real_10kg_x,True,0.0036507936507936506,1.0,0.012222222222222223,0.029900963914833403,0.03787742016720244,0.0,0.012392116332252142,0.012637859592915376,,,step_change,real10kg_smc_steady,real10kg_mpc_ltv_v3,-1.0,-1.0,predictive_alpha,1.0,0.9230732576866012,0.214012520774476,False,0.0,0.8891643419196563,0.0,transformer,16.0,0.002203038808367321,0.012500000000000011,0.0004908376832885466
real10kg_smc_steady,,3,41012,scn3_env41012,0da348a248a91ae8560340f3df1d1cd16c42bec0185ac330386fc7adc3efe5c2,2100,0.01,0.1371084086628799,7.200932950301149,26.28266531582173,0.029047619047619048,0.0,0.0,0.004523809523809524,0.03245772054698541,0.33187319867789794,1.0,1.0,1.0,1.0,0.12062728836063363,0.1371084086628799,2.5331730555733065,0.09139085977403699,0.09409374760126422,26.28266531582173,1.2515554912296063,0.06160776860641558,44.999613197111,0.01983526831234622,0.05937854378355559,real10kg_smc_steady,0.0,True,2.5,1.0,0.03,0.01,0.75,real_10kg_v1,thruster,real_10kg_x,True,0.004523809523809524,1.0,0.009603174603174603,0.06160776860641558,0.09901797734402173,0.0,0.10811660780165396,0.09409374760126422,,,step_change,,,,,,,,,,,,,,,,,
real10kg_mpc_ltv_v3,,3,41012,scn3_env41012,0da348a248a91ae8560340f3df1d1cd16c42bec0185ac330386fc7adc3efe5c2,2100,0.01,0.05847587646058463,6.791781700424274,27.185318710158718,0.04523809523809524,0.0,0.017619047619047618,0.00031746031746031746,0.013353452001883015,0.25064100594583716,1.0,1.0,1.0,1.0,0.02807635293934284,0.05847587646058463,0.5896034117261997,0.012337503583202894,0.012583544656748465,27.185318710158718,1.294538986198034,0.029980289617868968,44.990905914748105,0.012067892163259215,0.032007434086788106,real10kg_mpc_ltv_v3,0.0,True,2.5,1.0,0.03,0.01,0.75,real_10kg_v1,thruster,real_10kg_x,True,0.00031746031746031746,1.0,0.015238095238095238,0.029980289617868968,0.03453047578218062,0.0,0.012239632456797942,0.012583544656748465,,,step_change,,,,,,,,,,,,,,,,,
predictive_alpha,31000.0,3,41012,scn3_env41012,0da348a248a91ae8560340f3df1d1cd16c42bec0185ac330386fc7adc3efe5c2,2100,0.01,0.04781086343389403,7.289660688657635,27.13109718963086,0.037142857142857144,0.0,0.4066666666666667,0.004523809523809524,0.013716126961235019,0.23678308111611276,1.0,1.0,1.0,1.0,0.023870595311372145,0.04781086343389403,0.501282501538815,0.012774966537900632,0.013022781245555922,27.13109718963086,1.291957009030041,0.02887147886880612,44.999613197111,0.012450576324239609,0.03132938312578323,,0.0,True,2.5,1.0,0.03,0.01,0.75,real_10kg_v1,thruster,real_10kg_x,True,0.004523809523809524,1.0,0.012301587301587301,0.02887147886880612,0.035823708328821584,0.0,0.012573295821495958,0.013022781245555922,,,step_change,real10kg_smc_steady,real10kg_mpc_ltv_v3,-1.0,-1.0,predictive_alpha,1.0,0.9228093659483018,0.21886327851622864,False,0.0,0.8808918019401886,0.0,transformer,16.0,0.0020826360958592595,0.012500000000000011,0.0005717314867448218
predictive_alpha,31001.0,3,41012,scn3_env41012,0da348a248a91ae8560340f3df1d1cd16c42bec0185ac330386fc7adc3efe5c2,2100,0.01,0.04759226158334205,7.268788129257325,27.12740101023069,0.037142857142857144,0.0,0.34476190476190477,0.004841269841269841,0.014032057711005385,0.23508895812692895,1.0,1.0,1.0,1.0,0.02402232050128897,0.04759226158334205,0.5044687305270683,0.013206191048736528,0.013459863641664675,27.12740101023069,1.2917810004871757,0.027414189127517818,44.999613197111,0.012626474030788757,0.03203515204657059,,0.0,True,2.5,1.0,0.03,0.01,0.75,real_10kg_v1,thruster,real_10kg_x,True,0.004841269841269841,1.0,0.012380952380952381,0.027414189127517818,0.03303722320252324,0.0,0.012870226020074385,0.013459863641664675,,,step_change,real10kg_smc_steady,real10kg_mpc_ltv_v3,-1.0,-1.0,predictive_alpha,1.0,0.9263510744109172,0.21263759707778201,False,0.0,0.8867282794957004,0.0,transformer,16.0,0.0019963351248282637,0.012500000000000011,0.000496268273669703
predictive_alpha,31002.0,3,41012,scn3_env41012,0da348a248a91ae8560340f3df1d1cd16c42bec0185ac330386fc7adc3efe5c2,2100,0.01,0.04795767748434712,7.24013675950706,27.132364744704272,0.03666666666666667,0.0,0.33904761904761904,0.004841269841269841,0.013811170649150835,0.2364373810804555,1.0,1.0,1.0,1.0,0.02395596905195311,0.04795767748434712,0.5030753500910153,0.012929858893232001,0.01317884125617348,27.132364744704272,1.2920173687954415,0.02846270312459767,44.999613197111,0.012775525752449255,0.03222112744469069,,0.0,True,2.5,1.0,0.03,0.01,0.75,real_10kg_v1,thruster,real_10kg_x,True,0.004841269841269841,1.0,0.012222222222222223,0.02846270312459767,0.035069124709628766,0.0,0.012648084014244235,0.01317884125617348,,,step_change,real10kg_smc_steady,real10kg_mpc_ltv_v3,-1.0,-1.0,predictive_alpha,1.0,0.9151948983768077,0.2316887939623276,False,0.0,0.8768987840147955,0.0,transformer,16.0,0.0020258387732276775,0.012500000000000011,0.0006435716303194063
predictive_alpha,31003.0,3,41012,scn3_env41012,0da348a248a91ae8560340f3df1d1cd16c42bec0185ac330386fc7adc3efe5c2,2100,0.01,0.048148963918971714,7.305457175201484,27.129569042952372,0.03761904761904762,0.0,0.3438095238095238,0.004523809523809524,0.01399656386606751,0.23613222620125052,1.0,1.0,1.0,1.0,0.024469037965329253,0.048148963918971714,0.5138497972719143,0.013212582562852565,0.013466331887962644,27.129569042952372,1.291884240140589,0.027259656055225994,44.999613197111,0.012418809416401845,0.03218960429722581,,0.0,True,2.5,1.0,0.03,0.01,0.75,real_10kg_v1,thruster,real_10kg_x,True,0.004523809523809524,1.0,0.01246031746031746,0.027259656055225994,0.03267960358584401,0.0,0.01296150078136337,0.013466331887962644,,,step_change,real10kg_smc_steady,real10kg_mpc_ltv_v3,-1.0,-1.0,predictive_alpha,1.0,0.9345545561392461,0.19859869970036573,False,0.0,0.8913350415575717,0.0,transformer,16.0,0.001906474498930099,0.012500000000000011,0.0005521179192851913
predictive_alpha,31004.0,3,41012,scn3_env41012,0da348a248a91ae8560340f3df1d1cd16c42bec0185ac330386fc7adc3efe5c2,2100,0.01,0.04805290173524055,7.27708369836351,27.139140254942678,0.03619047619047619,0.0,0.29333333333333333,0.004523809523809524,0.014010443083715744,0.23776738456864965,1.0,1.0,1.0,1.0,0.02400399555292198,0.04805290173524055,0.5040839066113616,0.013156730296223364,0.013409495054952616,27.139140254942678,1.2923400121401274,0.027834857354541737,44.999613197111,0.012701373570450345,0.030989669615811843,,0.0,True,2.5,1.0,0.03,0.01,0.75,real_10kg_v1,thruster,real_10kg_x,True,0.004523809523809524,1.0,0.012063492063492064,0.027834857354541737,0.033549809261734974,0.0,0.01282338963281233,0.013409495054952616,,,step_change,real10kg_smc_steady,real10kg_mpc_ltv_v3,-1.0,-1.0,predictive_alpha,1.0,0.9215147847812771,0.22042017413394357,False,0.0,0.8838404582671466,0.0,transformer,16.0,0.002054017601339599,0.012500000000000011,0.00046258124411309676
real10kg_smc_steady,,3,41013,scn3_env41013,9ee16b8d694709e472d7383902ee83a2267f98b5a674ace50eb6887d8d47d63e,2100,0.01,0.13269523676779396,7.141572431077531,26.052536850450632,0.02761904761904762,0.0,0.0,0.003968253968253968,0.03156157454121466,0.3109486686814975,1.0,1.0,1.0,1.0,0.11791808636363506,0.13269523676779396,2.476279813636336,0.09107823989823916,0.09383496915754996,26.052536850450632,1.2405969928786016,0.06122974382059656,44.99961226444558,0.019311505859840886,0.054922544639751186,real10kg_smc_steady,0.0,True,2.5,1.0,0.03,0.01,0.75,real_10kg_v1,thruster,real_10kg_x,True,0.003968253968253968,1.0,0.009206349206349206,0.06122974382059656,0.09972335149851512,0.0,0.10846005705929929,0.09383496915754996,,,step_change,,,,,,,,,,,,,,,,,
real10kg_mpc_ltv_v3,,3,41013,scn3_env41013,9ee16b8d694709e472d7383902ee83a2267f98b5a674ace50eb6887d8d47d63e,2100,0.01,0.052370519914795965,6.89139241007073,27.10786887211667,0.04380952380952381,0.0,0.010476190476190476,0.00031746031746031746,0.01294742072105369,0.22132505818820875,1.0,1.0,1.0,1.0,0.025960980566255183,0.052370519914795965,0.5451805918913588,0.011334183787131516,0.011606366958918196,27.10786887211667,1.2908508986722222,0.02872435538485563,44.991004320965295,0.010872229704194714,0.03001918661696054,real10kg_mpc_ltv_v3,0.0,True,2.5,1.0,0.03,0.01,0.75,real_10kg_v1,thruster,real_10kg_x,True,0.00031746031746031746,1.0,0.014761904761904763,0.02872435538485563,0.03336926761589843,0.0,0.01178483423150774,0.011606366958918196,,,step_change,,,,,,,,,,,,,,,,,
predictive_alpha,31000.0,3,41013,scn3_env41013,9ee16b8d694709e472d7383902ee83a2267f98b5a674ace50eb6887d8d47d63e,2100,0.01,0.038515410846020906,7.33262406679169,26.988674317739562,0.03666666666666667,0.0,0.41619047619047617,0.003968253968253968,0.013774186343932588,0.18691322967106092,1.0,1.0,1.0,1.0,0.02122418048649679,0.038515410846020906,0.44570779021643264,0.012448095847676545,0.012692713200119232,26.988674317739562,1.2851749675114077,0.028840986019523906,44.99961226444558,0.011955625750672896,0.0287930489127948,,0.0,True,2.5,1.0,0.03,0.01,0.75,real_10kg_v1,thruster,real_10kg_x,True,0.003968253968253968,1.0,0.012222222222222223,0.028840986019523906,0.036442087545661625,0.0,0.012396280559192945,0.012692713200119232,,,step_change,real10kg_smc_steady,real10kg_mpc_ltv_v3,-1.0,-1.0,predictive_alpha,1.0,0.9255851533166927,0.21025329774636028,False,0.0,0.8836249856145254,0.0,transformer,16.0,0.002149752511772921,0.012500000000000011,0.0006025715564746984
predictive_alpha,31001.0,3,41013,scn3_env41013,9ee16b8d694709e472d7383902ee83a2267f98b5a674ace50eb6887d8d47d63e,2100,0.01,0.03810470078814941,7.337236302138718,26.984785758119305,0.03666666666666667,0.0,0.34,0.004444444444444444,0.013334842558116306,0.18440907970593257,1.0,1.0,1.0,1.0,0.02100700215738345,0.03810470078814941,0.44114704530505244,0.011791977934733537,0.012046803336916418,26.984785758119305,1.2849897980056812,0.03141040433266382,44.99961226444558,0.011503084132273245,0.029124235963951167,,0.0,True,2.5,1.0,0.03,0.01,0.75,real_10kg_v1,thruster,real_10kg_x,True,0.004444444444444444,1.0,0.012222222222222223,0.03141040433266382,0.041928498740589785,0.0,0.012085543473414779,0.012046803336916418,,,step_change,real10kg_smc_steady,real10kg_mpc_ltv_v3,-1.0,-1.0,predictive_alpha,1.0,0.9252380379790383,0.20737426844483942,False,0.0,0.8822496803566104,0.0,transformer,16.0,0.002312707838227656,0.012500000000000011,0.000541069340653604
predictive_alpha,31002.0,3,41013,scn3_env41013,9ee16b8d694709e472d7383902ee83a2267f98b5a674ace50eb6887d8d47d63e,2100,0.01,0.03830115517749862,7.308723582625043,26.987953546388827,0.03666666666666667,0.0,0.32476190476190475,0.004444444444444444,0.013308243535106772,0.18612755844970572,1.0,1.0,1.0,1.0,0.02092103772709033,0.03830115517749862,0.4393417922688969,0.01176659396443635,0.01202222530199113,26.987953546388827,1.2851406450661347,0.031485443033304666,44.99961226444558,0.011656050442495314,0.02922206783013359,,0.0,True,2.5,1.0,0.03,0.01,0.75,real_10kg_v1,thruster,real_10kg_x,True,0.004444444444444444,1.0,0.012222222222222223,0.031485443033304666,0.04220862960555483,0.0,0.012034802543477987,0.01202222530199113,,,step_change,real10kg_smc_steady,real10kg_mpc_ltv_v3,-1.0,-1.0,predictive_alpha,1.0,0.9188247892211051,0.22087840205508197,False,0.0,0.8793174975436359,0.0,transformer,16.0,0.0022323247409130847,0.012500000000000011,0.0007280681459816182
predictive_alpha,31003.0,3,41013,scn3_env41013,9ee16b8d694709e472d7383902ee83a2267f98b5a674ace50eb6887d8d47d63e,2100,0.01,0.03844005808141655,7.343607601899283,26.985620595006477,0.03666666666666667,0.0,0.2957142857142857,0.004444444444444444,0.013251799052455606,0.18527909842892462,1.0,1.0,1.0,1.0,0.021185482997908803,0.03844005808141655,0.4448951429560849,0.01175656317959297,0.012012263645262764,26.985620595006477,1.2850295521431656,0.031307366375646246,44.99961226444558,0.01127005629598796,0.029302806144838517,,0.0,True,2.5,1.0,0.03,0.01,0.75,real_10kg_v1,thruster,real_10kg_x,True,0.004444444444444444,1.0,0.012222222222222223,0.031307366375646246,0.041798444573732815,0.0,0.012113907946255635,0.012012263645262764,,,step_change,real10kg_smc_steady,real10kg_mpc_ltv_v3,-1.0,-1.0,predictive_alpha,1.0,0.9339570173584825,0.19531947205946282,False,0.0,0.8878655177620904,0.0,transformer,16.0,0.0021288213189983893,0.012500000000000011,0.000687212305342942
predictive_alpha,31004.0,3,41013,scn3_env41013,9ee16b8d694709e472d7383902ee83a2267f98b5a674ace50eb6887d8d47d63e,2100,0.01,0.03805365972175379,7.307750951651919,26.998034007248954,0.03666666666666667,0.0,0.3619047619047619,0.003968253968253968,0.013751815859201832,0.1868022890121418,1.0,1.0,1.0,1.0,0.020753710965200255,0.03805365972175379,0.43582793026920535,0.012371552188208578,0.012616831864146794,26.998034007248954,1.2856206670118548,0.02938008436380768,44.99961226444558,0.011956179252552225,0.02813317327807946,,0.0,True,2.5,1.0,0.03,0.01,0.75,real_10kg_v1,thruster,real_10kg_x,True,0.003968253968253968,1.0,0.012222222222222223,0.02938008436380768,0.03709681296310123,0.0,0.012292840399165422,0.012616831864146794,,,step_change,real10kg_smc_steady,real10kg_mpc_ltv_v3,-1.0,-1.0,predictive_alpha,1.0,0.9242179931404623,0.21453754742206213,False,0.0,0.8853782175902633,0.0,transformer,16.0,0.0021605104515872754,0.012500000000000011,0.00046608157176726393
real10kg_smc_steady,,3,41014,scn3_env41014,110a22318c7817039158dfbe2a90e2e69eeff4098b416fc62330d59b2c49cae4,2100,0.01,0.14069961849773635,7.214295426778109,26.352606211122204,0.03,0.0,0.0,0.004444444444444444,0.029333434183950666,0.35115697927478107,1.0,1.0,1.0,1.0,0.12243135021825272,0.14069961849773635,2.571058354583307,0.09117719274599675,0.09404435308159168,26.352606211122204,1.2548860100534383,0.06202861064942297,44.99961272289926,0.0200855872593707,0.06486391679396208,real10kg_smc_steady,0.0,True,2.5,1.0,0.03,0.01,0.75,real_10kg_v1,thruster,real_10kg_x,True,0.004444444444444444,1.0,0.009523809523809525,0.06202861064942297,0.10027842165897483,0.0,0.10760213573699362,0.09404435308159168,,,step_change,,,,,,,,,,,,,,,,,
real10kg_mpc_ltv_v3,,3,41014,scn3_env41014,110a22318c7817039158dfbe2a90e2e69eeff4098b416fc62330d59b2c49cae4,2100,0.01,0.060615380983812236,6.809133395572972,27.236558675781225,0.04666666666666667,0.0,0.009523809523809525,0.0004761904761904762,0.013572447976890783,0.26128922538338417,1.0,1.0,1.0,1.0,0.02911454824190592,0.060615380983812236,0.6114055130800243,0.013059791191569662,0.013283015045274104,27.236558675781225,1.2969789845610107,0.02722825361855326,44.99122033872542,0.012424921401197185,0.03261182324365086,real10kg_mpc_ltv_v3,0.0,True,2.5,1.0,0.03,0.01,0.75,real_10kg_v1,thruster,real_10kg_x,True,0.0004761904761904762,1.0,0.015873015873015872,0.02722825361855326,0.029180576800311133,0.0,0.012740653653737362,0.013283015045274104,,,step_change,,,,,,,,,,,,,,,,,
predictive_alpha,31000.0,3,41014,scn3_env41014,110a22318c7817039158dfbe2a90e2e69eeff4098b416fc62330d59b2c49cae4,2100,0.01,0.05417157147382321,7.281316611286521,27.16702155499121,0.039047619047619046,0.0,0.2823809523809524,0.004523809523809524,0.013762619128124083,0.2730060130843264,1.0,1.0,1.0,1.0,0.02581926482603922,0.05417157147382321,0.5422045613468237,0.01321371630568242,0.013440186110748847,27.16702155499121,1.2936676930948194,0.02728043539751737,44.99961272289926,0.013207618199707182,0.036619720596057614,,0.0,True,2.5,1.0,0.03,0.01,0.75,real_10kg_v1,thruster,real_10kg_x,True,0.004523809523809524,1.0,0.012777777777777779,0.02728043539751737,0.03255754366129012,0.0,0.012887106130283266,0.013440186110748847,,,step_change,real10kg_smc_steady,real10kg_mpc_ltv_v3,-1.0,-1.0,predictive_alpha,1.0,0.9092595800040026,0.24221866322107233,False,0.0,0.8709862043881523,0.0,transformer,16.0,0.002280983130257758,0.012500000000000011,0.0005642350030418318
predictive_alpha,31001.0,3,41014,scn3_env41014,110a22318c7817039158dfbe2a90e2e69eeff4098b416fc62330d59b2c49cae4,2100,0.01,0.05399212533027746,7.242057742344799,27.165320098537368,0.039523809523809524,0.0,0.3219047619047619,0.004841269841269841,0.013762382338824835,0.27070501009813674,1.0,1.0,1.0,1.0,0.025770930262124927,0.05399212533027746,0.5411895355046235,0.013213429037666717,0.013439846124727265,27.165320098537368,1.2935866713589224,0.027087395527236307,44.99961272289926,0.01291332593766775,0.0332842704948724,,0.0,True,2.5,1.0,0.03,0.01,0.75,real_10kg_v1,thruster,real_10kg_x,True,0.004841269841269841,1.0,0.012857142857142857,0.027087395527236307,0.03219478816546578,0.0,0.012928479804172992,0.013439846124727265,,,step_change,real10kg_smc_steady,real10kg_mpc_ltv_v3,-1.0,-1.0,predictive_alpha,1.0,0.9190328259679204,0.22591177542172658,False,0.0,0.8802701096023832,0.0,transformer,16.0,0.002149344616980545,0.012500000000000011,0.0005548820034401179
predictive_alpha,31002.0,3,41014,scn3_env41014,110a22318c7817039158dfbe2a90e2e69eeff4098b416fc62330d59b2c49cae4,2100,0.01,0.05319058472033898,7.284029117394832,27.157173181578166,0.039047619047619046,0.0,0.2966666666666667,0.004841269841269841,0.013755930063587917,0.2710212235080814,1.0,1.0,1.0,1.0,0.025516397922760337,0.05319058472033898,0.5358443563779671,0.013213528244579312,0.013439962713079338,27.157173181578166,1.2931987229322934,0.027137882663899583,44.99961272289926,0.012911730699719048,0.03286822747769769,,0.0,True,2.5,1.0,0.03,0.01,0.75,real_10kg_v1,thruster,real_10kg_x,True,0.004841269841269841,1.0,0.012777777777777779,0.027137882663899583,0.0324314818584344,0.0,0.012921925334570155,0.013439962713079338,,,step_change,real10kg_smc_steady,real10kg_mpc_ltv_v3,-1.0,-1.0,predictive_alpha,1.0,0.9154317438620883,0.22920292231171688,False,0.0,0.8788445181834201,0.0,transformer,16.0,0.0021900964135024487,0.012500000000000011,0.0006510583003669228
predictive_alpha,31003.0,3,41014,scn3_env41014,110a22318c7817039158dfbe2a90e2e69eeff4098b416fc62330d59b2c49cae4,2100,0.01,0.05376094015526115,7.334622739497317,27.159351095731623,0.039047619047619046,0.0,0.31238095238095237,0.004841269841269841,0.01371689946448302,0.27118781768993644,1.0,1.0,1.0,1.0,0.02597409945001384,0.05376094015526115,0.5454560884502907,0.013211942687325798,0.013438290498061112,27.159351095731623,1.2933024331300773,0.026659518324176405,44.99961272289926,0.01237642677308152,0.03247388779586499,,0.0,True,2.5,1.0,0.03,0.01,0.75,real_10kg_v1,thruster,real_10kg_x,True,0.004841269841269841,1.0,0.012777777777777779,0.026659518324176405,0.03143675540334935,0.0,0.013059191679670833,0.013438290498061112,,,step_change,real10kg_smc_steady,real10kg_mpc_ltv_v3,-1.0,-1.0,predictive_alpha,1.0,0.9335336423833928,0.19854828624977194,False,0.0,0.8904950710119945,0.0,transformer,16.0,0.00200573110777746,0.012500000000000011,0.0006537289146197136
predictive_alpha,31004.0,3,41014,scn3_env41014,110a22318c7817039158dfbe2a90e2e69eeff4098b416fc62330d59b2c49cae4,2100,0.01,0.05378506704359174,7.299524967289901,27.166668828352822,0.039047619047619046,0.0,0.3319047619047619,0.004603174603174603,0.01376545775095509,0.2719951917249622,1.0,1.0,1.0,1.0,0.025609083713269722,0.05378506704359174,0.5377907579786642,0.013214268221436813,0.013440766729495575,27.166668828352822,1.2936508965882296,0.027027830555880386,44.99961272289926,0.012748442226985035,0.03162161933607022,,0.0,True,2.5,1.0,0.03,0.01,0.75,real_10kg_v1,thruster,real_10kg_x,True,0.004603174603174603,1.0,0.012777777777777779,0.027027830555880386,0.03200596426034933,0.0,0.012931437576667816,0.013440766729495575,,,step_change,real10kg_smc_steady,real10kg_mpc_ltv_v3,-1.0,-1.0,predictive_alpha,1.0,0.9222317844675729,0.2200108468726069,False,0.0,0.8840263015266863,0.0,transformer,16.0,0.00212473652548123,0.012500000000000011,0.0004776694937319758
real10kg_smc_steady,,3,41015,scn3_env41015,69ffe168af8db61e61c37e0db66c83270249d4cd33a29197b6d00c2837e00dc7,2100,0.01,0.13616734216130943,7.146471709742963,26.172400664793795,0.028095238095238097,0.0,0.0,0.004285714285714286,0.03039521562671919,0.327561414370306,1.0,1.0,1.0,1.0,0.11994209196863662,0.13616734216130943,2.518783931341369,0.09095861453562157,0.09374803637681808,26.172400664793795,1.2463047935616094,0.06074514426196631,44.99961388989693,0.020779884488965828,0.059391584992779634,real10kg_smc_steady,0.0,True,2.5,1.0,0.03,0.01,0.75,real_10kg_v1,thruster,real_10kg_x,True,0.004285714285714286,1.0,0.009285714285714286,0.06074514426196631,0.09796579186833237,0.0,0.10787016328459159,0.09374803637681808,,,step_change,,,,,,,,,,,,,,,,,
real10kg_mpc_ltv_v3,,3,41015,scn3_env41015,69ffe168af8db61e61c37e0db66c83270249d4cd33a29197b6d00c2837e00dc7,2100,0.01,0.05418225999164934,6.9119109603314755,27.182272661955405,0.04523809523809524,0.0,0.011428571428571429,0.00047619047619047614,0.012538899725307901,0.2248133864845491,1.0,1.0,1.0,1.0,0.02667571214753033,0.05418225999164934,0.560189955098137,0.011353992583060302,0.011604542994075467,27.182272661955405,1.2943939362835906,0.02800485821516118,44.99131239063404,0.012614480462360547,0.052452295147396154,real10kg_mpc_ltv_v3,0.0,True,2.5,1.0,0.03,0.01,0.75,real_10kg_v1,thruster,real_10kg_x,True,0.00047619047619047614,1.0,0.015317460317460318,0.02800485821516118,0.03255323791434184,0.0,0.011808589419949365,0.011604542994075467,,,step_change,,,,,,,,,,,,,,,,,
predictive_alpha,31000.0,3,41015,scn3_env41015,69ffe168af8db61e61c37e0db66c83270249d4cd33a29197b6d00c2837e00dc7,2100,0.01,0.04630004446760353,7.253576802245688,27.08035653850476,0.03857142857142857,0.0,0.32904761904761903,0.004285714285714286,0.012899152389913725,0.23040293059755323,1.0,1.0,1.0,1.0,0.023063477596996645,0.04630004446760353,0.4843330295369296,0.011894785204288645,0.012124521079864238,27.08035653850476,1.2895407875478455,0.0316191974540395,44.99961388989693,0.013601505042711896,0.05243725591169732,,0.0,True,2.5,1.0,0.03,0.01,0.75,real_10kg_v1,thruster,real_10kg_x,True,0.004285714285714286,1.0,0.012698412698412698,0.0316191974540395,0.04194297220539548,0.0,0.012074214618961417,0.012124521079864238,,,step_change,real10kg_smc_steady,real10kg_mpc_ltv_v3,-1.0,-1.0,predictive_alpha,1.0,0.9145605479927869,0.23280374749608135,False,0.0,0.8768935045670896,0.0,transformer,16.0,0.00222732170758107,0.012500000000000011,0.0006089610374282239
predictive_alpha,31001.0,3,41015,scn3_env41015,69ffe168af8db61e61c37e0db66c83270249d4cd33a29197b6d00c2837e00dc7,2100,0.01,0.0457199591215622,7.254004541647101,27.081102429748167,0.03666666666666667,0.0,0.35714285714285715,0.004761904761904762,0.013392824365359738,0.22747984828818213,1.0,1.0,1.0,1.0,0.02317983051595843,0.0457199591215622,0.48677644083512706,0.012576871813513866,0.012798106283491678,27.081102429748167,1.2895763061784842,0.029081258312323156,44.99961388989693,0.013760628152296549,0.05243725591169732,,0.0,True,2.5,1.0,0.03,0.01,0.75,real_10kg_v1,thruster,real_10kg_x,True,0.004761904761904762,1.0,0.012142857142857143,0.029081258312323156,0.03647282312816371,0.0,0.01249850427427868,0.012798106283491678,,,step_change,real10kg_smc_steady,real10kg_mpc_ltv_v3,-1.0,-1.0,predictive_alpha,1.0,0.9245209589678259,0.21280279396871812,False,0.0,0.8890421921520361,0.0,transformer,16.0,0.0022351462873507985,0.012500000000000011,0.0005949368841426934
predictive_alpha,31002.0,3,41015,scn3_env41015,69ffe168af8db61e61c37e0db66c83270249d4cd33a29197b6d00c2837e00dc7,2100,0.01,0.04552234605737977,7.252363653599268,27.07820935482294,0.03666666666666667,0.0,0.33666666666666667,0.004523809523809524,0.013307423475180954,0.2283534746405267,1.0,1.0,1.0,1.0,0.022994166896087024,0.04552234605737977,0.48287750481782754,0.012530149035318345,0.012751398062342222,27.07820935482294,1.2894385407058542,0.02922325278602202,44.99961388989693,0.013906871074002087,0.05243725591169732,,0.0,True,2.5,1.0,0.03,0.01,0.75,real_10kg_v1,thruster,real_10kg_x,True,0.004523809523809524,1.0,0.012142857142857143,0.02922325278602202,0.0369674693971837,0.0,0.012414281932504722,0.012751398062342222,,,step_change,real10kg_smc_steady,real10kg_mpc_ltv_v3,-1.0,-1.0,predictive_alpha,1.0,0.9173234851491573,0.22663375175481373,False,0.0,0.882296109335231,0.0,transformer,16.0,0.002148964565518386,0.012500000000000011,0.0006758907388713777
predictive_alpha,31003.0,3,41015,scn3_env41015,69ffe168af8db61e61c37e0db66c83270249d4cd33a29197b6d00c2837e00dc7,2100,0.01,0.046484138920198814,7.315829831054165,27.083310094164535,0.037142857142857144,0.0,0.34476190476190477,0.004523809523809524,0.01329681570733391,0.22976175543645483,1.0,1.0,1.0,1.0,0.023726647856835526,0.046484138920198814,0.4982596049935461,0.012622442168187939,0.012843465796591727,27.083310094164535,1.289681433055454,0.028675836570650436,44.99961388989693,0.01357579759722764,0.05243725591169732,,0.0,True,2.5,1.0,0.03,0.01,0.75,real_10kg_v1,thruster,real_10kg_x,True,0.004523809523809524,1.0,0.012301587301587301,0.028675836570650436,0.03561820537887058,0.0,0.012609045446397439,0.012843465796591727,,,step_change,real10kg_smc_steady,real10kg_mpc_ltv_v3,-1.0,-1.0,predictive_alpha,1.0,0.9348476495026607,0.19707375818350284,False,0.0,0.8956396502424918,0.0,transformer,16.0,0.002026290172154192,0.012500000000000011,0.0006653484593618655
predictive_alpha,31004.0,3,41015,scn3_env41015,69ffe168af8db61e61c37e0db66c83270249d4cd33a29197b6d00c2837e00dc7,2100,0.01,0.044888403777271914,7.310466688251393,27.07859620052846,0.0380952380952381,0.0,0.3580952380952381,0.004365079365079365,0.01315528914862851,0.22731382217613913,1.0,1.0,1.0,1.0,0.022705440391151677,0.044888403777271914,0.4768142482141853,0.01218614350856709,0.012410492250132044,27.07859620052846,1.2894569619299265,0.03051300872575861,44.99961388989693,0.013503586849446164,0.05243725591169732,,0.0,True,2.5,1.0,0.03,0.01,0.75,real_10kg_v1,thruster,real_10kg_x,True,0.004365079365079365,1.0,0.012619047619047618,0.03051300872575861,0.03921091692696381,0.0,0.012236323109550275,0.012410492250132044,,,step_change,real10kg_smc_steady,real10kg_mpc_ltv_v3,-1.0,-1.0,predictive_alpha,1.0,0.924280434686631,0.21367746073202531,False,0.0,0.8894421071035876,0.0,transformer,16.0,0.0022398327079799695,0.012500000000000011,0.0005152548394969946
real10kg_smc_steady,,3,41016,scn3_env41016,3b29fe731f8e4825ce33c900520b5f14d9bb64129269cb080f05bcdfff1b75fa,2100,0.01,0.13886478201450925,7.210015046414071,26.301845195542764,0.02857142857142857,0.0,0.0,0.004365079365079365,0.02976995349372319,0.3422300760063324,1.0,1.0,1.0,1.0,0.12141650245526661,0.13886478201450925,2.549746551560599,0.09112342064771695,0.09399071817326501,26.301845195542764,1.2524688188353696,0.05978863464053498,44.99960913921912,0.01998059585325932,0.06391698606301,real10kg_smc_steady,0.0,True,2.5,1.0,0.03,0.01,0.75,real_10kg_v1,thruster,real_10kg_x,True,0.004365079365079365,1.0,0.009285714285714286,0.05978863464053498,0.09573499634544548,0.0,0.10780574245337092,0.09399071817326501,,,step_change,,,,,,,,,,,,,,,,,
real10kg_mpc_ltv_v3,,3,41016,scn3_env41016,3b29fe731f8e4825ce33c900520b5f14d9bb64129269cb080f05bcdfff1b75fa,2100,0.01,0.05836565182138571,6.812443662532248,27.216304641219946,0.045714285714285714,0.0,0.006666666666666667,0.0005555555555555556,0.012650873006057944,0.2501582274429858,1.0,1.0,1.0,1.0,0.027852943168697245,0.05836565182138571,0.5849118065426422,0.01167239123733028,0.011916499809852352,27.216304641219946,1.2960145067247593,0.03124290929381186,44.99089439168184,0.01155349071826832,0.03231103637214103,real10kg_mpc_ltv_v3,0.0,True,2.5,1.0,0.03,0.01,0.75,real_10kg_v1,thruster,real_10kg_x,True,0.0005555555555555556,1.0,0.015476190476190477,0.03124290929381186,0.037440882279946644,0.0,0.011984627161269877,0.011916499809852352,,,step_change,,,,,,,,,,,,,,,,,
predictive_alpha,31000.0,3,41016,scn3_env41016,3b29fe731f8e4825ce33c900520b5f14d9bb64129269cb080f05bcdfff1b75fa,2100,0.01,0.05077766684172545,7.278457252909153,27.143499621223846,0.03761904761904762,0.0,0.35,0.004206349206349206,0.01322184796127935,0.2554459179602704,1.0,1.0,1.0,1.0,0.024518635016509287,0.05077766684172545,0.5148913353466951,0.012507303246003226,0.012743538662700522,27.143499621223846,1.2925476010106594,0.02861484568502937,44.99960913921912,0.01290155175779251,0.037565084331682486,,0.0,True,2.5,1.0,0.03,0.01,0.75,real_10kg_v1,thruster,real_10kg_x,True,0.004206349206349206,1.0,0.01246031746031746,0.02861484568502937,0.035347634028436714,0.0,0.012434977315050992,0.012743538662700522,,,step_change,real10kg_smc_steady,real10kg_mpc_ltv_v3,-1.0,-1.0,predictive_alpha,1.0,0.9095701649487533,0.24325812652474554,False,0.0,0.8714785995023946,0.0,transformer,16.0,0.0021604593496899072,0.012500000000000011,0.0006372206609079311
predictive_alpha,31001.0,3,41016,scn3_env41016,3b29fe731f8e4825ce33c900520b5f14d9bb64129269cb080f05bcdfff1b75fa,2100,0.01,0.05049169769662265,7.259885351079934,27.147322165998755,0.03761904761904762,0.0,0.38142857142857145,0.004761904761904762,0.012935569855433893,0.2532602885554251,1.0,1.0,1.0,1.0,0.024275182091379285,0.05049169769662265,0.509778823918965,0.011997824153515411,0.012236153732022038,27.147322165998755,1.2927296269523216,0.030227805280227733,44.99960913921912,0.012118189754167728,0.03271292183694513,,0.0,True,2.5,1.0,0.03,0.01,0.75,real_10kg_v1,thruster,real_10kg_x,True,0.004761904761904762,1.0,0.01246031746031746,0.030227805280227733,0.03868780680824192,0.0,0.012226480356035435,0.012236153732022038,,,step_change,real10kg_smc_steady,real10kg_mpc_ltv_v3,-1.0,-1.0,predictive_alpha,1.0,0.9179497384579567,0.2231083735084995,False,0.0,0.8799258940684653,0.0,transformer,16.0,0.002330604201305585,0.012500000000000011,0.0005919189144128237
predictive_alpha,31002.0,3,41016,scn3_env41016,3b29fe731f8e4825ce33c900520b5f14d9bb64129269cb080f05bcdfff1b75fa,2100,0.01,0.049954377184072876,7.280257848924061,27.13345375261273,0.03761904761904762,0.0,0.3180952380952381,0.004682539682539682,0.012876320411224561,0.25348321686804076,1.0,1.0,1.0,1.0,0.02408441844551249,0.049954377184072876,0.5057727873557623,0.011973585087820652,0.012212194233726329,27.13345375261273,1.292069226314892,0.030348999832514642,44.99960913921912,0.012237758853544348,0.032726225987763535,,0.0,True,2.5,1.0,0.03,0.01,0.75,real_10kg_v1,thruster,real_10kg_x,True,0.004682539682539682,1.0,0.01246031746031746,0.030348999832514642,0.039111128677540526,0.0,0.012176385499728746,0.012212194233726329,,,step_change,real10kg_smc_steady,real10kg_mpc_ltv_v3,-1.0,-1.0,predictive_alpha,1.0,0.915270223339844,0.23136860729928052,False,0.0,0.8795006300056619,0.0,transformer,16.0,0.0021051827692732806,0.012500000000000011,0.0007474021750771182
predictive_alpha,31003.0,3,41016,scn3_env41016,3b29fe731f8e4825ce33c900520b5f14d9bb64129269cb080f05bcdfff1b75fa,2100,0.01,0.05057824091474568,7.331989689422248,27.136181314190026,0.03761904761904762,0.0,0.35,0.004682539682539682,0.013056649816896145,0.2539462365551198,1.0,1.0,1.0,1.0,0.024662922405355316,0.05057824091474568,0.5179213705124617,0.012264187429400582,0.012500293815996922,27.136181314190026,1.292199110199525,0.028884652982702493,44.99960913921912,0.011820379325196598,0.032372924326970975,,0.0,True,2.5,1.0,0.03,0.01,0.75,real_10kg_v1,thruster,real_10kg_x,True,0.004682539682539682,1.0,0.01246031746031746,0.028884652982702493,0.036091853843128685,0.0,0.012452655994575264,0.012500293815996922,,,step_change,real10kg_smc_steady,real10kg_mpc_ltv_v3,-1.0,-1.0,predictive_alpha,1.0,0.9341355507471842,0.19869221102693585,False,0.0,0.8909703627273086,0.0,transformer,16.0,0.0019482291281813489,0.012500000000000011,0.0006394907772326942
predictive_alpha,31004.0,3,41016,scn3_env41016,3b29fe731f8e4825ce33c900520b5f14d9bb64129269cb080f05bcdfff1b75fa,2100,0.01,0.050498566987178736,7.296018258870875,27.143049874757253,0.03761904761904762,0.0,0.33904761904761904,0.004206349206349206,0.013147108216143915,0.2548792995365416,1.0,1.0,1.0,1.0,0.02427757042013249,0.050498566987178736,0.5098289788227823,0.012324217503601347,0.012560398358214991,27.143049874757253,1.2925261845122502,0.029092511534151672,44.99960913921912,0.01227247864310179,0.03134085187339353,,0.0,True,2.5,1.0,0.03,0.01,0.75,real_10kg_v1,thruster,real_10kg_x,True,0.004206349206349206,1.0,0.01246031746031746,0.029092511534151672,0.036165305689508404,0.0,0.012395924545712025,0.012560398358214991,,,step_change,real10kg_smc_steady,real10kg_mpc_ltv_v3,-1.0,-1.0,predictive_alpha,1.0,0.9209457863777204,0.22183564484802618,False,0.0,0.8836642348965896,0.0,transformer,16.0,0.0021551154570092997,0.012500000000000011,0.00046157897589596146
real10kg_smc_steady,,3,41017,scn3_env41017,0840921dbe848b2ebe7637d8f595ffb1376d7c0df878117830ecb9321cd70e2a,2100,0.01,0.1400325613505276,7.2178014945904145,26.34568919815576,0.029523809523809525,0.0,0.0,0.004444444444444444,0.03033497483746067,0.3484827932550727,1.0,1.0,1.0,1.0,0.12200332365202225,0.1400325613505276,2.5620697966924673,0.0912132541704073,0.09404535118310277,26.34568919815576,1.2545566284836076,0.06119865454410195,44.99961382869706,0.020195167230751845,0.06465729622470118,real10kg_smc_steady,0.0,True,2.5,1.0,0.03,0.01,0.75,real_10kg_v1,thruster,real_10kg_x,True,0.004444444444444444,1.0,0.009682539682539683,0.06119865454410195,0.09741809755867677,0.0,0.10755674335799563,0.09404535118310277,,,step_change,,,,,,,,,,,,,,,,,
real10kg_mpc_ltv_v3,,3,41017,scn3_env41017,0840921dbe848b2ebe7637d8f595ffb1376d7c0df878117830ecb9321cd70e2a,2100,0.01,0.059838051465126746,6.799972698591229,27.228398897177204,0.045714285714285714,0.0,0.011904761904761904,0.00039682539682539677,0.013208368511279382,0.25842734180611276,1.0,1.0,1.0,1.0,0.028536875810275798,0.059838051465126746,0.5992743920157918,0.012358382598990858,0.012597351096730972,27.228398897177204,1.296590423675105,0.030233665944498014,44.991009588864124,0.011895912332081331,0.032289403076156464,real10kg_mpc_ltv_v3,0.0,True,2.5,1.0,0.03,0.01,0.75,real_10kg_v1,thruster,real_10kg_x,True,0.00039682539682539677,1.0,0.015555555555555555,0.030233665944498014,0.03427434206749596,0.0,0.012299933752997809,0.012597351096730972,,,step_change,,,,,,,,,,,,,,,,,
predictive_alpha,31000.0,3,41017,scn3_env41017,0840921dbe848b2ebe7637d8f595ffb1376d7c0df878117830ecb9321cd70e2a,2100,0.01,0.05271001555851401,7.292703195363034,27.156991489270837,0.039523809523809524,0.0,0.35904761904761906,0.004365079365079365,0.01358896058051142,0.26644990418596315,1.0,1.0,1.0,1.0,0.02519188980610955,0.05271001555851401,0.5290296859283006,0.012813904112387054,0.013055161196324008,27.156991489270837,1.293190070917659,0.029182343505580653,44.99961382869706,0.013053748064992503,0.03863182589790548,,0.0,True,2.5,1.0,0.03,0.01,0.75,real_10kg_v1,thruster,real_10kg_x,True,0.004365079365079365,1.0,0.012936507936507937,0.029182343505580653,0.03568130672934991,0.0,0.012583805804821647,0.013055161196324008,,,step_change,real10kg_smc_steady,real10kg_mpc_ltv_v3,-1.0,-1.0,predictive_alpha,1.0,0.9094683971782463,0.2417296772271936,False,0.0,0.8702601644920096,0.0,transformer,16.0,0.0022487964557091024,0.012500000000000011,0.0006005675200834316
predictive_alpha,31001.0,3,41017,scn3_env41017,0840921dbe848b2ebe7637d8f595ffb1376d7c0df878117830ecb9321cd70e2a,2100,0.01,0.052638847506271465,7.2526477652768975,27.153412623946362,0.039523809523809524,0.0,0.3466666666666667,0.004603174603174603,0.01358643503470952,0.26440442605882797,1.0,1.0,1.0,1.0,0.025209696472686,0.052638847506271465,0.529403625926406,0.012765601006536162,0.013006387706573527,27.153412623946362,1.2930196487593504,0.02925746813640666,44.99961382869706,0.012818013658149078,0.035300466109728534,,0.0,True,2.5,1.0,0.03,0.01,0.75,real_10kg_v1,thruster,real_10kg_x,True,0.004603174603174603,1.0,0.012857142857142857,0.02925746813640666,0.03585631511073902,0.0,0.012612064039617022,0.013006387706573527,,,step_change,real10kg_smc_steady,real10kg_mpc_ltv_v3,-1.0,-1.0,predictive_alpha,1.0,0.9142877480207015,0.23226311376968095,False,0.0,0.8767751080188013,0.0,transformer,16.0,0.0022436131450717426,0.012500000000000011,0.0005126903223758928
predictive_alpha,31002.0,3,41017,scn3_env41017,0840921dbe848b2ebe7637d8f595ffb1376d7c0df878117830ecb9321cd70e2a,2100,0.01,0.051991844883383674,7.290164883362492,27.147182931585967,0.039523809523809524,0.0,0.3838095238095238,0.004523809523809524,0.0134903546449175,0.2648752324922226,1.0,1.0,1.0,1.0,0.024934784005563183,0.051991844883383674,0.5236304641168268,0.012658303210744515,0.01289827991482175,27.147182931585967,1.292722996742189,0.029621052891080586,44.99961382869706,0.012642540755516577,0.03383861946080946,,0.0,True,2.5,1.0,0.03,0.01,0.75,real_10kg_v1,thruster,real_10kg_x,True,0.004523809523809524,1.0,0.012936507936507937,0.029621052891080586,0.03672195368137717,0.0,0.012533381432980868,0.01289827991482175,,,step_change,real10kg_smc_steady,real10kg_mpc_ltv_v3,-1.0,-1.0,predictive_alpha,1.0,0.9146251216547322,0.23073889962205751,False,0.0,0.8783241937628814,0.0,transformer,16.0,0.002247632210795415,0.012500000000000011,0.0007065908745159296
predictive_alpha,31003.0,3,41017,scn3_env41017,0840921dbe848b2ebe7637d8f595ffb1376d7c0df878117830ecb9321cd70e2a,2100,0.01,0.05227722789862829,7.338642847820626,27.14723791747108,0.039523809523809524,0.0,0.4342857142857143,0.004761904761904762,0.013211960989034922,0.2646454884237139,1.0,1.0,1.0,1.0,0.02509683431604915,0.05227722789862829,0.5270335206370321,0.012261436640317432,0.012501285275332813,27.14723791747108,1.2927256151176705,0.03055829308584933,44.99961382869706,0.011785768351007316,0.030832431651599768,,0.0,True,2.5,1.0,0.03,0.01,0.75,real_10kg_v1,thruster,real_10kg_x,True,0.004761904761904762,1.0,0.012936507936507937,0.03055829308584933,0.03853061999762977,0.0,0.012417298213086582,0.012501285275332813,,,step_change,real10kg_smc_steady,real10kg_mpc_ltv_v3,-1.0,-1.0,predictive_alpha,1.0,0.9316201907717128,0.20054035633583164,False,0.0,0.8886900404814099,0.0,transformer,16.0,0.002090762386699026,0.012500000000000011,0.0006844917554969874
predictive_alpha,31004.0,3,41017,scn3_env41017,0840921dbe848b2ebe7637d8f595ffb1376d7c0df878117830ecb9321cd70e2a,2100,0.01,0.052519951104088775,7.3005164107211735,27.157258822460253,0.039523809523809524,0.0,0.33,0.004285714285714286,0.01354805501197387,0.2658762667840931,1.0,1.0,1.0,1.0,0.02498946340979455,0.052519951104088775,0.5247787316056856,0.012700613857819839,0.012940976034624697,27.157258822460253,1.2932028010695358,0.029384491430330218,44.99961382869706,0.012518233216300245,0.03239568444597385,,0.0,True,2.5,1.0,0.03,0.01,0.75,real_10kg_v1,thruster,real_10kg_x,True,0.004285714285714286,1.0,0.012857142857142857,0.029384491430330218,0.03599240799899044,0.0,0.012564932042657422,0.012940976034624697,,,step_change,real10kg_smc_steady,real10kg_mpc_ltv_v3,-1.0,-1.0,predictive_alpha,1.0,0.9195827388292909,0.22215810248468812,False,0.0,0.8808454732579135,0.0,transformer,16.0,0.0022259331898085676,0.012500000000000011,0.00042086694148236596
real10kg_smc_steady,,3,41018,scn3_env41018,52569e8e646d5a196bd741d0d5ba7a23822c696f3c0443d41651a2a7b04f41a6,2100,0.01,0.1400275091210256,7.206768602451451,26.292797230515763,0.02857142857142857,0.0,0.0,0.004206349206349206,0.029056760194441394,0.3503672868535108,1.0,1.0,1.0,1.0,0.1220246597295635,0.1400275091210256,2.562517854320834,0.0912931964670867,0.0941501432660206,26.292797230515763,1.2520379633578935,0.061525565890678105,44.9996125788856,0.020441556839567776,0.06637440261355917,real10kg_smc_steady,0.0,True,2.5,1.0,0.03,0.01,0.75,real_10kg_v1,thruster,real_10kg_x,True,0.004206349206349206,1.0,0.009285714285714286,0.061525565890678105,0.09949971784078027,0.0,0.10749951526944755,0.0941501432660206,,,step_change,,,,,,,,,,,,,,,,,
real10kg_mpc_ltv_v3,,3,41018,scn3_env41018,52569e8e646d5a196bd741d0d5ba7a23822c696f3c0443d41651a2a7b04f41a6,2100,0.01,0.05895879104450854,6.836831124764154,27.231862691562885,0.04523809523809524,0.0,0.01904761904761905,0.0002380952380952381,0.013545001025469133,0.24874707102200697,1.0,1.0,1.0,1.0,0.028773778692023664,0.05895879104450854,0.6042493525324969,0.013258649673421278,0.013505757564818612,27.231862691562885,1.2967553662648992,0.027266910158124186,44.991369006799516,0.012693319295844451,0.033036241875428696,real10kg_mpc_ltv_v3,0.0,True,2.5,1.0,0.03,0.01,0.75,real_10kg_v1,thruster,real_10kg_x,True,0.0002380952380952381,1.0,0.015396825396825397,0.027266910158124186,0.02828738892319652,0.0,0.012848274946638467,0.013505757564818612,,,step_change,,,,,,,,,,,,,,,,,
predictive_alpha,31000.0,3,41018,scn3_env41018,52569e8e646d5a196bd741d0d5ba7a23822c696f3c0443d41651a2a7b04f41a6,2100,0.01,0.0517139821493017,7.332014260465012,27.121158433822497,0.037142857142857144,0.0,0.3466666666666667,0.004206349206349206,0.013202226617426954,0.26354325570901194,1.0,1.0,1.0,1.0,0.024799731301724345,0.0517139821493017,0.5207943573362113,0.01265000111150121,0.012888579381687257,27.121158433822497,1.2914837349439285,0.029189855909964542,44.9996125788856,0.013447528546000986,0.03890400579686715,,0.0,True,2.5,1.0,0.03,0.01,0.75,real_10kg_v1,thruster,real_10kg_x,True,0.004206349206349206,1.0,0.012301587301587301,0.029189855909964542,0.036071040024439165,0.0,0.012465966006547488,0.012888579381687257,,,step_change,real10kg_smc_steady,real10kg_mpc_ltv_v3,-1.0,-1.0,predictive_alpha,1.0,0.910216758537727,0.23908795265303934,False,0.0,0.8717764850457509,0.0,transformer,16.0,0.0023025700971846565,0.012500000000000011,0.0006696315688965782
predictive_alpha,31001.0,3,41018,scn3_env41018,52569e8e646d5a196bd741d0d5ba7a23822c696f3c0443d41651a2a7b04f41a6,2100,0.01,0.05185758782680613,7.291240573233064,27.1201390964521,0.03761904761904762,0.0,0.30523809523809525,0.004285714285714286,0.013220430421806728,0.26234618633964524,1.0,1.0,1.0,1.0,0.024876059547075165,0.05185758782680613,0.5223972504885785,0.012649214221176552,0.012887700330897095,27.1201390964521,1.2914351950691476,0.029165359402224488,44.9996125788856,0.013420225700185801,0.037899657633330364,,0.0,True,2.5,1.0,0.03,0.01,0.75,real_10kg_v1,thruster,real_10kg_x,True,0.004285714285714286,1.0,0.01253968253968254,0.029165359402224488,0.03612026939265897,0.0,0.012498924520253243,0.012887700330897095,,,step_change,real10kg_smc_steady,real10kg_mpc_ltv_v3,-1.0,-1.0,predictive_alpha,1.0,0.9110861701691348,0.2359547892979136,False,0.0,0.8759828548293028,0.0,transformer,16.0,0.002332114274457148,0.012500000000000011,0.0005786654966570662
predictive_alpha,31002.0,3,41018,scn3_env41018,52569e8e646d5a196bd741d0d5ba7a23822c696f3c0443d41651a2a7b04f41a6,2100,0.01,0.050727473542181656,7.332206951087404,27.11431314571325,0.037142857142857144,0.0,0.34095238095238095,0.004444444444444444,0.013202055054155894,0.2617029513352074,1.0,1.0,1.0,1.0,0.024538935367147265,0.050727473542181656,0.5153176427100926,0.012650249417233141,0.01288885042794638,27.11431314571325,1.291157768843488,0.029102985057482832,44.9996125788856,0.013092042909844713,0.03757168861831768,,0.0,True,2.5,1.0,0.03,0.01,0.75,real_10kg_v1,thruster,real_10kg_x,True,0.004444444444444444,1.0,0.012301587301587301,0.029102985057482832,0.035959181987071445,0.0,0.012511646287393,0.01288885042794638,,,step_change,real10kg_smc_steady,real10kg_mpc_ltv_v3,-1.0,-1.0,predictive_alpha,1.0,0.9171393394339726,0.22508261853279385,False,0.0,0.8808697997787523,0.0,transformer,16.0,0.0022985744705115436,0.012500000000000011,0.0008024424935479447
predictive_alpha,31003.0,3,41018,scn3_env41018,52569e8e646d5a196bd741d0d5ba7a23822c696f3c0443d41651a2a7b04f41a6,2100,0.01,0.0512206931726356,7.372921647397111,27.114356015891627,0.03761904761904762,0.0,0.30238095238095236,0.004444444444444444,0.013189582346354187,0.26200757022136173,1.0,1.0,1.0,1.0,0.0248780441219267,0.0512206931726356,0.5224389265604608,0.012649137650297562,0.012887647051392634,27.114356015891627,1.2911598102805537,0.02871477745115258,44.9996125788856,0.012636676249008343,0.03757168861831768,,0.0,True,2.5,1.0,0.03,0.01,0.75,real_10kg_v1,thruster,real_10kg_x,True,0.004444444444444444,1.0,0.01246031746031746,0.02871477745115258,0.035253354006726516,0.0,0.012604472435886997,0.012887647051392634,,,step_change,real10kg_smc_steady,real10kg_mpc_ltv_v3,-1.0,-1.0,predictive_alpha,1.0,0.9311511980837485,0.20063111413985676,False,0.0,0.8887184287448014,0.0,transformer,16.0,0.002093068093277293,0.012500000000000011,0.0006678671800760828
predictive_alpha,31004.0,3,41018,scn3_env41018,52569e8e646d5a196bd741d0d5ba7a23822c696f3c0443d41651a2a7b04f41a6,2100,0.01,0.051504293216777915,7.342277649886093,27.121005027585376,0.03619047619047619,0.0,0.38047619047619047,0.004285714285714286,0.013229732122521614,0.2630540067929273,1.0,1.0,1.0,1.0,0.02466554630719864,0.051504293216777915,0.5179764724511715,0.012651476993648048,0.01289014105349141,27.121005027585376,1.2914764298850179,0.029045440909432615,44.9996125788856,0.012895938754264785,0.03757168861831768,,0.0,True,2.5,1.0,0.03,0.01,0.75,real_10kg_v1,thruster,real_10kg_x,True,0.004285714285714286,1.0,0.011984126984126984,0.029045440909432615,0.03573450459605403,0.0,0.012558117640750393,0.01289014105349141,,,step_change,real10kg_smc_steady,real10kg_mpc_ltv_v3,-1.0,-1.0,predictive_alpha,1.0,0.921720900242848,0.21653608598289745,False,0.0,0.8846670604718938,0.0,transformer,16.0,0.0021836586120666493,0.012500000000000011,0.0004736272838911119
real10kg_smc_steady,,3,41019,scn3_env41019,e00f5398dd3f13ba1051f5cf4dab1d2d1965df2c45fda18e7166864a2cc40461,2100,0.01,0.14189321883390552,7.224833230573165,26.318194852773363,0.029523809523809525,0.0,0.0,0.004365079365079365,0.030806605881996824,0.35954075589150813,1.0,1.0,1.0,1.0,0.1230316070626582,0.14189321883390552,2.5836637483158222,0.09100716418284832,0.09372039227526248,26.318194852773363,1.2532473739415888,0.062268959563889226,44.99961461115188,0.020969225451528142,0.07031453448455735,real10kg_smc_steady,0.0,True,2.5,1.0,0.03,0.01,0.75,real_10kg_v1,thruster,real_10kg_x,True,0.004365079365079365,1.0,0.009444444444444445,0.062268959563889226,0.10122479439643754,0.0,0.10736276875141777,0.09372039227526248,,,step_change,,,,,,,,,,,,,,,,,
real10kg_mpc_ltv_v3,,3,41019,scn3_env41019,e00f5398dd3f13ba1051f5cf4dab1d2d1965df2c45fda18e7166864a2cc40461,2100,0.01,0.05963085208480241,6.858236261330631,27.2658554343735,0.047142857142857146,0.0,0.01,0.0007142857142857143,0.0139031933268852,0.2532758963100865,1.0,1.0,1.0,1.0,0.02912958950403626,0.05963085208480241,0.6117213795847615,0.013396989064451609,0.013629989937289633,27.2658554343735,1.2983740683034999,0.02691861257911892,44.99141170733705,0.013060643102606887,0.03965352739293612,real10kg_mpc_ltv_v3,0.0,True,2.5,1.0,0.03,0.01,0.75,real_10kg_v1,thruster,real_10kg_x,True,0.0007142857142857143,1.0,0.01611111111111111,0.02691861257911892,0.027302155143121107,0.0,0.012964565177261135,0.013629989937289633,,,step_change,,,,,,,,,,,,,,,,,
predictive_alpha,31000.0,3,41019,scn3_env41019,e00f5398dd3f13ba1051f5cf4dab1d2d1965df2c45fda18e7166864a2cc40461,2100,0.01,0.05483868281004374,7.323758514378648,27.138733102496143,0.04047619047619048,0.0,0.30428571428571427,0.003968253968253968,0.013927122104249177,0.2806177789545053,1.0,1.0,1.0,1.0,0.02592833634096308,0.05483868281004374,0.5444950631602248,0.013268425253819669,0.013498882783659101,27.138733102496143,1.2923206239283878,0.0273703734647876,44.99961461115188,0.014338097465466371,0.04447835994013171,,0.0,True,2.5,1.0,0.03,0.01,0.75,real_10kg_v1,thruster,real_10kg_x,True,0.003968253968253968,1.0,0.013253968253968254,0.0273703734647876,0.03244738334540984,0.0,0.012850008353424848,0.013498882783659101,,,step_change,real10kg_smc_steady,real10kg_mpc_ltv_v3,-1.0,-1.0,predictive_alpha,1.0,0.9085507744061447,0.2420436824571044,False,0.0,0.8714940500017699,0.0,transformer,16.0,0.00227094255846386,0.012500000000000011,0.0006145123128611051
predictive_alpha,31001.0,3,41019,scn3_env41019,e00f5398dd3f13ba1051f5cf4dab1d2d1965df2c45fda18e7166864a2cc40461,2100,0.01,0.0548586136452158,7.286265590271303,27.13654337917954,0.04047619047619048,0.0,0.36523809523809525,0.0041269841269841265,0.013944793713919509,0.2791556152509109,1.0,1.0,1.0,1.0,0.02599338187341453,0.0548586136452158,0.5458610193417052,0.0132686884657856,0.013499135158709732,27.13654337917954,1.2922163513895017,0.027352801705850024,44.99961461115188,0.014361719529588583,0.04447835994013171,,0.0,True,2.5,1.0,0.03,0.01,0.75,real_10kg_v1,thruster,real_10kg_x,True,0.0041269841269841265,1.0,0.013253968253968254,0.027352801705850024,0.032438648656425345,0.0,0.012878970136340573,0.013499135158709732,,,step_change,real10kg_smc_steady,real10kg_mpc_ltv_v3,-1.0,-1.0,predictive_alpha,1.0,0.9087876014110847,0.24031349047695405,False,0.0,0.8765890950057655,0.0,transformer,16.0,0.0022446583685013844,0.012500000000000011,0.0005466090642953533
predictive_alpha,31002.0,3,41019,scn3_env41019,e00f5398dd3f13ba1051f5cf4dab1d2d1965df2c45fda18e7166864a2cc40461,2100,0.01,0.05332722554568188,7.345629238750702,27.132533871061387,0.04047619047619048,0.0,0.35333333333333333,0.004444444444444444,0.01389434867025586,0.27840312709641307,1.0,1.0,1.0,1.0,0.025565606081700824,0.05332722554568188,0.5368777277157173,0.01326784067531095,0.013498252018970595,27.132533871061387,1.2920254224314947,0.02730841300239272,44.99961461115188,0.01382999809615531,0.04447835994013171,,0.0,True,2.5,1.0,0.03,0.01,0.75,real_10kg_v1,thruster,real_10kg_x,True,0.004444444444444444,1.0,0.013253968253968254,0.02730841300239272,0.03226171396147329,0.0,0.012933612078958144,0.013498252018970595,,,step_change,real10kg_smc_steady,real10kg_mpc_ltv_v3,-1.0,-1.0,predictive_alpha,1.0,0.918033697427037,0.2218972698365182,False,0.0,0.883870983167241,0.0,transformer,16.0,0.0023397373383044003,0.012500000000000011,0.0007279425549672684
predictive_alpha,31003.0,3,41019,scn3_env41019,e00f5398dd3f13ba1051f5cf4dab1d2d1965df2c45fda18e7166864a2cc40461,2100,0.01,0.053794122241143376,7.38816741235583,27.130912459056507,0.04047619047619048,0.0,0.3138095238095238,0.004444444444444444,0.01385279260080438,0.27865814354030294,1.0,1.0,1.0,1.0,0.025857690941986134,0.053794122241143376,0.5430115097817089,0.01326515566537214,0.013495386465426638,27.130912459056507,1.2919482123360242,0.02677188420757061,44.99961461115188,0.013401936222326681,0.04447835994013171,,0.0,True,2.5,1.0,0.03,0.01,0.75,real_10kg_v1,thruster,real_10kg_x,True,0.004444444444444444,1.0,0.013253968253968254,0.02677188420757061,0.03138673085035483,0.0,0.013018037775131407,0.013495386465426638,,,step_change,real10kg_smc_steady,real10kg_mpc_ltv_v3,-1.0,-1.0,predictive_alpha,1.0,0.9320232546906356,0.1993299019664103,False,0.0,0.8910415592860608,0.0,transformer,16.0,0.002027194292123178,0.012500000000000011,0.0006775534220165745
predictive_alpha,31004.0,3,41019,scn3_env41019,e00f5398dd3f13ba1051f5cf4dab1d2d1965df2c45fda18e7166864a2cc40461,2100,0.01,0.054263949337256825,7.3592158434655595,27.13359797872847,0.04047619047619048,0.0,0.37476190476190474,0.004047619047619047,0.013966949537754457,0.279388654793704,1.0,1.0,1.0,1.0,0.02577558067216364,0.054263949337256825,0.5412871941154365,0.01327043813637237,0.013501036927084377,27.13359797872847,1.2920760942251652,0.027094385196609172,44.99961461115188,0.013648229961817577,0.04447835994013171,,0.0,True,2.5,1.0,0.03,0.01,0.75,real_10kg_v1,thruster,real_10kg_x,True,0.004047619047619047,1.0,0.013253968253968254,0.027094385196609172,0.03185784161083569,0.0,0.012975561055347596,0.013501036927084377,,,step_change,real10kg_smc_steady,real10kg_mpc_ltv_v3,-1.0,-1.0,predictive_alpha,1.0,0.9225394359450112,0.2134508787362644,False,0.0,0.8875169733224348,0.0,transformer,16.0,0.002221063496108418,0.012500000000000011,0.0004215079927752134
