window,window_start_s,window_end_s,n_steps,rmse_3d,xy_rmse,z_rmse,xy_share,z_share,z_energy_share,mean_error,max_error,window_action_peak_abs,window_action_saturation_fraction,window_action_saturation_step_fraction,window_action_tv_mean,window_action_jerk_mean,method,model_seed,scenario,scenario_id,environment_seed,episode_uid,episode_fingerprint
startup_0_3s,0.0,3.0,300,0.24293031703299958,0.2406148175159104,0.03346114949518065,0.9904684621278675,0.1377397020835209,0.018972225530057094,0.23296000456695964,0.32880023552894444,0.8936816135149769,0.0,0.0,0.059140734755373014,0.07951692688701366,real10kg_smc_steady,,constant,1,41000,scn1_env41000,e5c4f072e4d9c9dadad755ba6e065444af2cfd2100496b9bd6fd7eb026b1158a
pre_step_3_10s,3.0,10.0,700,0.12286169787195186,0.12246717005953722,0.009838143198143324,0.9967888461640354,0.08007494091768755,0.006411996162971152,0.11477085345855577,0.22319791397381722,1.0,0.025952380952380952,0.07857142857142857,0.05671843039387061,0.09689336674698752,real10kg_smc_steady,,constant,1,41000,scn1_env41000,e5c4f072e4d9c9dadad755ba6e065444af2cfd2100496b9bd6fd7eb026b1158a
step_recovery_10_13s,10.0,13.0,300,0.14204083418585792,0.14012337956316515,0.023260203696690573,0.9865006803593971,0.16375716060816012,0.026816407650446742,0.13676237932119364,0.19647658656481728,1.0,0.20833333333333334,0.63,0.06468817640138246,0.11080229777205117,real10kg_smc_steady,,constant,1,41000,scn1_env41000,e5c4f072e4d9c9dadad755ba6e065444af2cfd2100496b9bd6fd7eb026b1158a
post_step_13_20p9s,13.0,20.9,790,0.12336366776868667,0.12193637156272358,0.018711381976228125,0.9884301737150086,0.1516766023146535,0.02300579168971755,0.11519090018454338,0.19029483184601698,0.6353533515461609,0.0,0.0,0.05772660514483165,0.09911751997456437,real10kg_smc_steady,,constant,1,41000,scn1_env41000,e5c4f072e4d9c9dadad755ba6e065444af2cfd2100496b9bd6fd7eb026b1158a
startup_0_3s,0.0,3.0,300,0.13466710189378842,0.13324965712864664,0.019487360200142564,0.9894744540781778,0.14470765261965907,0.020940304726691922,0.11711137567781132,0.21284654755895668,1.0,0.018333333333333333,0.04666666666666667,0.04894301225735431,0.033611721462184725,real10kg_mpc_ltv_v3,,constant,1,41000,scn1_env41000,e5c4f072e4d9c9dadad755ba6e065444af2cfd2100496b9bd6fd7eb026b1158a
pre_step_3_10s,3.0,10.0,700,0.00963716601380818,0.007149966555496745,0.006461652035894338,0.7419158853600983,0.6704929671893222,0.44956081905034134,0.008352271240528451,0.03170782985317454,1.0,0.03666666666666667,0.11142857142857143,0.023207954053907163,0.03343385562516334,real10kg_mpc_ltv_v3,,constant,1,41000,scn1_env41000,e5c4f072e4d9c9dadad755ba6e065444af2cfd2100496b9bd6fd7eb026b1158a
step_recovery_10_13s,10.0,13.0,300,0.06690413445785635,0.06607445175372556,0.010503810403825661,0.987598932250541,0.1569979267939282,0.02464834901759164,0.06129508024258811,0.0991749541608424,1.0,0.19555555555555557,0.5866666666666667,0.02567553396905556,0.03798907088990996,real10kg_mpc_ltv_v3,,constant,1,41000,scn1_env41000,e5c4f072e4d9c9dadad755ba6e065444af2cfd2100496b9bd6fd7eb026b1158a
post_step_13_20p9s,13.0,20.9,790,0.012935029377203372,0.0054898241700222766,0.011712250662078294,0.4244152842588447,0.9054676507128699,0.8198716664874838,0.012616397494105416,0.01910301005961721,0.6601462081907853,0.0,0.0,0.0226507416186557,0.03249175547203714,real10kg_mpc_ltv_v3,,constant,1,41000,scn1_env41000,e5c4f072e4d9c9dadad755ba6e065444af2cfd2100496b9bd6fd7eb026b1158a
startup_0_3s,0.0,3.0,300,0.1123902982269375,0.11002737086708347,0.022925025531441077,0.9789756998857426,0.20397690808819696,0.04160657903322076,0.09027827422415942,0.22073152598475518,0.9065765201384445,0.0,0.0,0.044927518603055105,0.05857919040460905,predictive_alpha,31000,constant,1,41000,scn1_env41000,e5c4f072e4d9c9dadad755ba6e065444af2cfd2100496b9bd6fd7eb026b1158a
pre_step_3_10s,3.0,10.0,700,0.009612313931861152,0.0069357057617367305,0.006655265938432807,0.721543825025056,0.6923687663147519,0.47937450856821145,0.0083466313991174,0.032612694034439824,1.0,0.03666666666666667,0.11142857142857143,0.02449916446631829,0.03579630664050754,predictive_alpha,31000,constant,1,41000,scn1_env41000,e5c4f072e4d9c9dadad755ba6e065444af2cfd2100496b9bd6fd7eb026b1158a
step_recovery_10_13s,10.0,13.0,300,0.07121478616877028,0.06919369810383152,0.016845709001983112,0.9716198254088831,0.23654791242454698,0.05595491487241116,0.06614401170005473,0.10336016146289283,1.0,0.2038888888888889,0.6166666666666667,0.04568974955879843,0.07705173236908135,predictive_alpha,31000,constant,1,41000,scn1_env41000,e5c4f072e4d9c9dadad755ba6e065444af2cfd2100496b9bd6fd7eb026b1158a
post_step_13_20p9s,13.0,20.9,790,0.012895123802423927,0.005409466923503102,0.011705634774900763,0.4194970910233736,0.907756680296503,0.8240221906229275,0.012524486412212384,0.022565301376991538,0.6579691740552291,0.0,0.0,0.023307411336429357,0.03376507207194684,predictive_alpha,31000,constant,1,41000,scn1_env41000,e5c4f072e4d9c9dadad755ba6e065444af2cfd2100496b9bd6fd7eb026b1158a
startup_0_3s,0.0,3.0,300,0.1102349842681241,0.10803916993903412,0.021892681779034598,0.9800806037786597,0.19860012612497968,0.039442010096857834,0.08886666098744615,0.21766675048803685,0.9065765201384445,0.0,0.0,0.043529790451585115,0.0556790370947375,predictive_alpha,31001,constant,1,41000,scn1_env41000,e5c4f072e4d9c9dadad755ba6e065444af2cfd2100496b9bd6fd7eb026b1158a
pre_step_3_10s,3.0,10.0,700,0.009671040476720648,0.0070439622143716055,0.006626584355825722,0.7283561920071854,0.6851986993309255,0.46949725756479216,0.00832776635446812,0.0321760098548499,1.0,0.03666666666666667,0.11142857142857143,0.022048127466605182,0.03106266598008533,predictive_alpha,31001,constant,1,41000,scn1_env41000,e5c4f072e4d9c9dadad755ba6e065444af2cfd2100496b9bd6fd7eb026b1158a
step_recovery_10_13s,10.0,13.0,300,0.07097947104864148,0.06897018288762041,0.01676899468641836,0.9716919817612599,0.23625133350073493,0.05581469258087548,0.06604456065090218,0.10331120486486114,1.0,0.20222222222222222,0.6066666666666667,0.04512129963743543,0.07573607337146088,predictive_alpha,31001,constant,1,41000,scn1_env41000,e5c4f072e4d9c9dadad755ba6e065444af2cfd2100496b9bd6fd7eb026b1158a
post_step_13_20p9s,13.0,20.9,790,0.013440262816303061,0.005433804806707931,0.012292860932016456,0.40429304701666374,0.9146295053922008,0.8365471321339818,0.013062311337449973,0.02335013914059724,0.6474462732309244,0.0,0.0,0.021148608677754747,0.029667197262314395,predictive_alpha,31001,constant,1,41000,scn1_env41000,e5c4f072e4d9c9dadad755ba6e065444af2cfd2100496b9bd6fd7eb026b1158a
startup_0_3s,0.0,3.0,300,0.10877580402210943,0.10650431681446358,0.022113480968421223,0.9791177162231396,0.20329411643720424,0.04132849777798355,0.08790573202027552,0.21707660202553689,0.9065765201384445,0.0,0.0,0.044740938462794255,0.057017310535851864,predictive_alpha,31002,constant,1,41000,scn1_env41000,e5c4f072e4d9c9dadad755ba6e065444af2cfd2100496b9bd6fd7eb026b1158a
pre_step_3_10s,3.0,10.0,700,0.009652344150904104,0.00694178115808134,0.006706669960628715,0.7191808590280244,0.6948229213315527,0.48277889200771307,0.008290058624637326,0.032291216406132035,1.0,0.03619047619047619,0.10857142857142857,0.020941104072475042,0.02889863069681208,predictive_alpha,31002,constant,1,41000,scn1_env41000,e5c4f072e4d9c9dadad755ba6e065444af2cfd2100496b9bd6fd7eb026b1158a
step_recovery_10_13s,10.0,13.0,300,0.07170079044378994,0.06957773897478951,0.01731882182541105,0.9703901246295912,0.241542969306429,0.058343006021366495,0.06678597581472599,0.10394836596346961,1.0,0.2038888888888889,0.6166666666666667,0.04532424250107191,0.07613900745390287,predictive_alpha,31002,constant,1,41000,scn1_env41000,e5c4f072e4d9c9dadad755ba6e065444af2cfd2100496b9bd6fd7eb026b1158a
post_step_13_20p9s,13.0,20.9,790,0.013744071525506042,0.005488997523147331,0.012600413020576287,0.39937201381416937,0.9167889585842616,0.8405019945820148,0.013355214737684244,0.024190967856588964,0.6465131972067234,0.0,0.0,0.02002705016373069,0.027542343479285122,predictive_alpha,31002,constant,1,41000,scn1_env41000,e5c4f072e4d9c9dadad755ba6e065444af2cfd2100496b9bd6fd7eb026b1158a
startup_0_3s,0.0,3.0,300,0.11006156278833006,0.10815213155011326,0.020412350295262758,0.9826512436327203,0.1854630243123088,0.034396533387068044,0.089999532506265,0.2174380578529665,0.9065765201384445,0.0,0.0,0.04132841261554734,0.05097244965526031,predictive_alpha,31003,constant,1,41000,scn1_env41000,e5c4f072e4d9c9dadad755ba6e065444af2cfd2100496b9bd6fd7eb026b1158a
pre_step_3_10s,3.0,10.0,700,0.009887460248108515,0.007389074891895437,0.006569889070592178,0.747317785000347,0.6644667999397527,0.44151612822217523,0.008481817649453835,0.032259999672667794,1.0,0.03666666666666667,0.11142857142857143,0.022110091390917047,0.031181311330711708,predictive_alpha,31003,constant,1,41000,scn1_env41000,e5c4f072e4d9c9dadad755ba6e065444af2cfd2100496b9bd6fd7eb026b1158a
step_recovery_10_13s,10.0,13.0,300,0.07129701508552354,0.069204043582368,0.01714831513458634,0.9706443320152331,0.24051939781793485,0.057849580726702016,0.06641807373401114,0.10323827814199259,1.0,0.2038888888888889,0.6166666666666667,0.04545444962081619,0.07650483460141551,predictive_alpha,31003,constant,1,41000,scn1_env41000,e5c4f072e4d9c9dadad755ba6e065444af2cfd2100496b9bd6fd7eb026b1158a
post_step_13_20p9s,13.0,20.9,790,0.013469539753484916,0.005435317179670707,0.012324196863369514,0.4035265702574916,0.9149679268128614,0.8371663070962259,0.013085194182883326,0.023740971522194267,0.6471210423761528,0.0,0.0,0.02109913227502315,0.029578602629667605,predictive_alpha,31003,constant,1,41000,scn1_env41000,e5c4f072e4d9c9dadad755ba6e065444af2cfd2100496b9bd6fd7eb026b1158a
startup_0_3s,0.0,3.0,300,0.10937416418157495,0.10725968158864951,0.021402534801271442,0.9806674399868773,0.1956818135381636,0.038291372149584633,0.08701806634386014,0.21827500597526264,0.9065765201384445,0.0,0.0,0.0442655247416545,0.05369148904149317,predictive_alpha,31004,constant,1,41000,scn1_env41000,e5c4f072e4d9c9dadad755ba6e065444af2cfd2100496b9bd6fd7eb026b1158a
pre_step_3_10s,3.0,10.0,700,0.009590413610545833,0.006909843007629477,0.006650571616880522,0.7204947865888973,0.6934603539483849,0.4808872624982193,0.008240492283003628,0.032732595176784916,1.0,0.03619047619047619,0.10857142857142857,0.021368411062170575,0.029698965383212983,predictive_alpha,31004,constant,1,41000,scn1_env41000,e5c4f072e4d9c9dadad755ba6e065444af2cfd2100496b9bd6fd7eb026b1158a
step_recovery_10_13s,10.0,13.0,300,0.07196587020290425,0.06983490376979587,0.017383115069647695,0.9703892077299945,0.24154665288749866,0.058344785521153755,0.0669527626699571,0.10414663662268238,1.0,0.205,0.62,0.045264772432492204,0.07625078999595096,predictive_alpha,31004,constant,1,41000,scn1_env41000,e5c4f072e4d9c9dadad755ba6e065444af2cfd2100496b9bd6fd7eb026b1158a
post_step_13_20p9s,13.0,20.9,790,0.013636020715190711,0.005420469085251775,0.012512376906125389,0.397511062682187,0.9175973817776936,0.8419849550452783,0.013255382592003224,0.02366747058346062,0.6476654038614031,0.0,0.0,0.0203728317869093,0.02817324683089749,predictive_alpha,31004,constant,1,41000,scn1_env41000,e5c4f072e4d9c9dadad755ba6e065444af2cfd2100496b9bd6fd7eb026b1158a
startup_0_3s,0.0,3.0,300,0.266634120366753,0.2642448956064112,0.03561445338214495,0.9910393135092559,0.13357050227914405,0.017841079079102828,0.2570215693161058,0.3577099090804351,0.9999999999999999,0.0005555555555555556,0.0033333333333333335,0.061189128237825484,0.07775688255866425,real10kg_smc_steady,,constant,1,41001,scn1_env41001,3e708b3cb90b0a92e69335f2975a5a005d0822c2835eaf85c12c19176eebb09d
pre_step_3_10s,3.0,10.0,700,0.12128141341770698,0.12088097179144518,0.009847431104231624,0.9966982440674348,0.08119489068218516,0.006592610272891999,0.11358021597732976,0.21688910215409485,1.0,0.026904761904761904,0.08142857142857143,0.05720754602035454,0.09794646721170297,real10kg_smc_steady,,constant,1,41001,scn1_env41001,3e708b3cb90b0a92e69335f2975a5a005d0822c2835eaf85c12c19176eebb09d
step_recovery_10_13s,10.0,13.0,300,0.14344336231609678,0.1415976084127108,0.022937207422605507,0.9871325248266377,0.15990427895896836,0.025569378429387564,0.13800255756622087,0.19891750076212705,1.0,0.20944444444444443,0.6333333333333333,0.06231296365484334,0.10486955658799325,real10kg_smc_steady,,constant,1,41001,scn1_env41001,3e708b3cb90b0a92e69335f2975a5a005d0822c2835eaf85c12c19176eebb09d
post_step_13_20p9s,13.0,20.9,790,0.12336866719895133,0.12189653017538352,0.019001683547713,0.9880671725082856,0.15402357810245126,0.02372326261148191,0.11528994825175867,0.18996604122677035,0.6431481710952478,0.0,0.0,0.054710952926150566,0.09401814837227962,real10kg_smc_steady,,constant,1,41001,scn1_env41001,3e708b3cb90b0a92e69335f2975a5a005d0822c2835eaf85c12c19176eebb09d
startup_0_3s,0.0,3.0,300,0.15383808873985189,0.15248495909713036,0.02035914527373447,0.9912041962182088,0.13234138203681686,0.017514241399414713,0.13174502042612052,0.2511098630569907,1.0,0.021111111111111112,0.05333333333333334,0.04592480736825675,0.02786163975530854,real10kg_mpc_ltv_v3,,constant,1,41001,scn1_env41001,3e708b3cb90b0a92e69335f2975a5a005d0822c2835eaf85c12c19176eebb09d
pre_step_3_10s,3.0,10.0,700,0.00963130283926491,0.006872463401333396,0.00674768413449869,0.7135549069556536,0.7005993111326249,0.49083939475950844,0.00836226169171114,0.03052186309426415,1.0,0.03785714285714286,0.11428571428571428,0.018436819539849006,0.023582057178960288,real10kg_mpc_ltv_v3,,constant,1,41001,scn1_env41001,3e708b3cb90b0a92e69335f2975a5a005d0822c2835eaf85c12c19176eebb09d
step_recovery_10_13s,10.0,13.0,300,0.0661714521292172,0.06518275783538545,0.0113960149992347,0.9850585975973285,0.17221950905627667,0.029659559299584963,0.060685930437411544,0.09820062472129742,1.0,0.19444444444444445,0.5833333333333334,0.021806985611007766,0.029851067165984988,real10kg_mpc_ltv_v3,,constant,1,41001,scn1_env41001,3e708b3cb90b0a92e69335f2975a5a005d0822c2835eaf85c12c19176eebb09d
post_step_13_20p9s,13.0,20.9,790,0.01434843446128336,0.005649609525064243,0.013189370102626101,0.3937439683966001,0.9192201517325961,0.844965687351297,0.01400689636042732,0.019731551066714457,0.6586134472484119,0.0,0.0,0.017589428980512325,0.022835680339506573,real10kg_mpc_ltv_v3,,constant,1,41001,scn1_env41001,3e708b3cb90b0a92e69335f2975a5a005d0822c2835eaf85c12c19176eebb09d
startup_0_3s,0.0,3.0,300,0.14138457336577678,0.13914990675723107,0.02503799183793726,0.9841944099320907,0.1770913986009021,0.03136136345842358,0.11033539491849666,0.27929079641095345,0.999999978594602,0.0005555555555555556,0.0033333333333333335,0.045128318002741384,0.054363482783355774,predictive_alpha,31000,constant,1,41001,scn1_env41001,3e708b3cb90b0a92e69335f2975a5a005d0822c2835eaf85c12c19176eebb09d
pre_step_3_10s,3.0,10.0,700,0.009270979357036037,0.006302196303426255,0.0067995132172581855,0.679776759360738,0.7334190871752747,0.5379035574330132,0.008044913199698845,0.031561749559095936,1.0,0.03785714285714286,0.11428571428571428,0.020876344491453733,0.028168363742943583,predictive_alpha,31000,constant,1,41001,scn1_env41001,3e708b3cb90b0a92e69335f2975a5a005d0822c2835eaf85c12c19176eebb09d
step_recovery_10_13s,10.0,13.0,300,0.07082005746343159,0.06867880537431406,0.017283004121993482,0.9697648919555992,0.24404109147917138,0.05955605433034529,0.06595147075611786,0.10265395668167544,1.0,0.2061111111111111,0.62,0.04201199442453717,0.06789781283501875,predictive_alpha,31000,constant,1,41001,scn1_env41001,3e708b3cb90b0a92e69335f2975a5a005d0822c2835eaf85c12c19176eebb09d
post_step_13_20p9s,13.0,20.9,790,0.013965726401709639,0.005451249926730663,0.012857892057554714,0.3903305685598522,0.9206747782185316,0.8476420472477424,0.013577485063412062,0.023683759254318818,0.6481201158776904,0.0,0.0,0.01926890331649902,0.025812946300749685,predictive_alpha,31000,constant,1,41001,scn1_env41001,3e708b3cb90b0a92e69335f2975a5a005d0822c2835eaf85c12c19176eebb09d
startup_0_3s,0.0,3.0,300,0.1408852981325444,0.1386860540747044,0.024796081042860223,0.9843898257164423,0.17600190631340507,0.030976671025952612,0.11016549698873554,0.2771979351398523,0.999999978594602,0.0005555555555555556,0.0033333333333333335,0.045162106935421345,0.05389625404241875,predictive_alpha,31001,constant,1,41001,scn1_env41001,3e708b3cb90b0a92e69335f2975a5a005d0822c2835eaf85c12c19176eebb09d
pre_step_3_10s,3.0,10.0,700,0.009380736656344053,0.0065713701421703154,0.006694424147771747,0.7005174948308772,0.7136352285557881,0.5092752394358718,0.00813091122704494,0.031925413348400884,1.0,0.0380952380952381,0.11428571428571428,0.022398768278444312,0.031051158727402824,predictive_alpha,31001,constant,1,41001,scn1_env41001,3e708b3cb90b0a92e69335f2975a5a005d0822c2835eaf85c12c19176eebb09d
step_recovery_10_13s,10.0,13.0,300,0.07088815795900283,0.06888453865776836,0.016734732526304495,0.9717354864490451,0.23607232869533432,0.05573014437563796,0.06588575102556064,0.10331217821358615,1.0,0.2038888888888889,0.6133333333333333,0.04284778984799167,0.06969572707941644,predictive_alpha,31001,constant,1,41001,scn1_env41001,3e708b3cb90b0a92e69335f2975a5a005d0822c2835eaf85c12c19176eebb09d
post_step_13_20p9s,13.0,20.9,790,0.01361130759186043,0.0054411145828800675,0.012476456486366923,0.39974958659621046,0.9166243876398658,0.840200268016159,0.01323304260012726,0.023074585923642758,0.6493657888696129,0.0,0.0,0.020484784696041095,0.028056298931859482,predictive_alpha,31001,constant,1,41001,scn1_env41001,3e708b3cb90b0a92e69335f2975a5a005d0822c2835eaf85c12c19176eebb09d
startup_0_3s,0.0,3.0,300,0.13659592390691866,0.13462704685649685,0.023108541336123292,0.9855861215026923,0.16917445759121097,0.02861999710128044,0.1066652207788588,0.2764265684080598,0.999999978594602,0.0005555555555555556,0.0033333333333333335,0.04525504256670569,0.05363155262804559,predictive_alpha,31002,constant,1,41001,scn1_env41001,3e708b3cb90b0a92e69335f2975a5a005d0822c2835eaf85c12c19176eebb09d
pre_step_3_10s,3.0,10.0,700,0.009503552631910547,0.006826264491385969,0.006612081799338007,0.7182855460246608,0.6957484275023946,0.48406587437205495,0.008226833501104446,0.03214836520694821,1.0,0.0380952380952381,0.11428571428571428,0.022673712073104316,0.0315899420207711,predictive_alpha,31002,constant,1,41001,scn1_env41001,3e708b3cb90b0a92e69335f2975a5a005d0822c2835eaf85c12c19176eebb09d
step_recovery_10_13s,10.0,13.0,300,0.07126314309887641,0.06921586038049676,0.016958780502103216,0.971271506849774,0.23797407417987718,0.05663165998176969,0.06630339029837451,0.10361237813211802,1.0,0.205,0.6166666666666667,0.04295361009457268,0.06962363769857766,predictive_alpha,31002,constant,1,41001,scn1_env41001,3e708b3cb90b0a92e69335f2975a5a005d0822c2835eaf85c12c19176eebb09d
post_step_13_20p9s,13.0,20.9,790,0.013578249375040539,0.005472346292540613,0.012426676230807085,0.4030229627833945,0.9151898663497616,0.8375724914692944,0.013192420961909077,0.02357543026896204,0.6488102912176806,0.0,0.0,0.020681926618179698,0.028407476515702437,predictive_alpha,31002,constant,1,41001,scn1_env41001,3e708b3cb90b0a92e69335f2975a5a005d0822c2835eaf85c12c19176eebb09d
startup_0_3s,0.0,3.0,300,0.13812208104948218,0.13649637865114828,0.021129313490079984,0.9882299601484321,0.15297563814224907,0.02340154586502833,0.10881986330035388,0.276759716328856,0.999999978594602,0.0005555555555555556,0.0033333333333333335,0.04174172983483921,0.047013438599917835,predictive_alpha,31003,constant,1,41001,scn1_env41001,3e708b3cb90b0a92e69335f2975a5a005d0822c2835eaf85c12c19176eebb09d
pre_step_3_10s,3.0,10.0,700,0.009799719838622505,0.007269187170655984,0.00657217063027596,0.7417749987103484,0.6706488285893463,0.44976985128826236,0.008449436628760063,0.031742605528620724,1.0,0.0380952380952381,0.11428571428571428,0.02157389218187988,0.029508466324412504,predictive_alpha,31003,constant,1,41001,scn1_env41001,3e708b3cb90b0a92e69335f2975a5a005d0822c2835eaf85c12c19176eebb09d
step_recovery_10_13s,10.0,13.0,300,0.07091103018926483,0.06879233311829447,0.017204333949456904,0.9701217558775348,0.24261858703135097,0.05886377877308922,0.06608087588444884,0.10278913398923738,1.0,0.205,0.6166666666666667,0.04241590435847112,0.06848509405182968,predictive_alpha,31003,constant,1,41001,scn1_env41001,3e708b3cb90b0a92e69335f2975a5a005d0822c2835eaf85c12c19176eebb09d
post_step_13_20p9s,13.0,20.9,790,0.013848477801874062,0.005466710576448923,0.012723812828800184,0.39475173045438494,0.9187878271414291,0.8441710713032686,0.0134582736957435,0.02378015470687873,0.6480565238560813,0.0,0.0,0.01972896537863109,0.026619172173562924,predictive_alpha,31003,constant,1,41001,scn1_env41001,3e708b3cb90b0a92e69335f2975a5a005d0822c2835eaf85c12c19176eebb09d
startup_0_3s,0.0,3.0,300,0.13939547358423815,0.13757945524285362,0.022427473126807415,0.9869721857195951,0.16089097120685383,0.025885904615884674,0.1081149044293246,0.2777577668696827,0.999999978594602,0.0005555555555555556,0.0033333333333333335,0.04363699588618065,0.04946778673605011,predictive_alpha,31004,constant,1,41001,scn1_env41001,3e708b3cb90b0a92e69335f2975a5a005d0822c2835eaf85c12c19176eebb09d
pre_step_3_10s,3.0,10.0,700,0.009550056133720909,0.006907038538579524,0.006595179359486562,0.7232458576019272,0.6905906381219287,0.47691542946165266,0.008258791128569821,0.03225627400309927,1.0,0.03785714285714286,0.11428571428571428,0.022095050417055142,0.030458848920329476,predictive_alpha,31004,constant,1,41001,scn1_env41001,3e708b3cb90b0a92e69335f2975a5a005d0822c2835eaf85c12c19176eebb09d
step_recovery_10_13s,10.0,13.0,300,0.07135818378967865,0.06926051334085961,0.017174739751220743,0.9706036457569924,0.24068353255516745,0.05792856284323435,0.0663102888274678,0.10357153306595096,1.0,0.2061111111111111,0.62,0.042308947972042786,0.06844207314492436,predictive_alpha,31004,constant,1,41001,scn1_env41001,3e708b3cb90b0a92e69335f2975a5a005d0822c2835eaf85c12c19176eebb09d
post_step_13_20p9s,13.0,20.9,790,0.013690204367158877,0.0054010226339939555,0.012579771465398765,0.394517312462504,0.9188885080179003,0.844356090167363,0.013311966148148452,0.023069633149105515,0.6498886252719177,0.0,0.0,0.020205313518991394,0.02748228377659945,predictive_alpha,31004,constant,1,41001,scn1_env41001,3e708b3cb90b0a92e69335f2975a5a005d0822c2835eaf85c12c19176eebb09d
startup_0_3s,0.0,3.0,300,0.2530545777785029,0.2508934021063907,0.033001819860991356,0.9914596460135812,0.13041384254221097,0.0170077703266246,0.24380787693513245,0.33775909867811255,0.9890445719604228,0.0,0.0,0.06071105852721916,0.07634036841651826,real10kg_smc_steady,,constant,1,41002,scn1_env41002,5d24bdc9ed8b873105a40817b8b3368d1a37f001db9be0de5fd1af5db8d2cd72
pre_step_3_10s,3.0,10.0,700,0.12289168796572479,0.12250472307953558,0.009744731616179633,0.9968511712012847,0.07929528658518789,0.006287742474627078,0.11478301949970886,0.22503922057163314,1.0,0.026904761904761904,0.08285714285714285,0.054890488233679265,0.0929266390710891,real10kg_smc_steady,,constant,1,41002,scn1_env41002,5d24bdc9ed8b873105a40817b8b3368d1a37f001db9be0de5fd1af5db8d2cd72
step_recovery_10_13s,10.0,13.0,300,0.14292189345973833,0.1410613809415807,0.022985961736917786,0.9869823126945785,0.16082883581019045,0.025865914428061198,0.13741718361490698,0.19824747352853037,1.0,0.20722222222222222,0.6266666666666667,0.06574557454848179,0.11124641875488503,real10kg_smc_steady,,constant,1,41002,scn1_env41002,5d24bdc9ed8b873105a40817b8b3368d1a37f001db9be0de5fd1af5db8d2cd72
post_step_13_20p9s,13.0,20.9,790,0.12345545503951598,0.12197247963908946,0.019077829795494574,0.9879877693541217,0.15453209248135766,0.02388016760666687,0.11527642228568426,0.19030774932922384,0.6394951961931847,0.0,0.0,0.054926998862092305,0.09405326201730771,real10kg_smc_steady,,constant,1,41002,scn1_env41002,5d24bdc9ed8b873105a40817b8b3368d1a37f001db9be0de5fd1af5db8d2cd72
startup_0_3s,0.0,3.0,300,0.15563969353418092,0.15430840384744202,0.02031331350293436,0.9914463357225352,0.13051499294088006,0.017034163382357973,0.13188840381962105,0.2578872331361679,1.0,0.019444444444444445,0.05333333333333334,0.04474447601320183,0.028437937467940082,real10kg_mpc_ltv_v3,,constant,1,41002,scn1_env41002,5d24bdc9ed8b873105a40817b8b3368d1a37f001db9be0de5fd1af5db8d2cd72
pre_step_3_10s,3.0,10.0,700,0.009493297386086758,0.006746801793196111,0.0066785747599324985,0.7106910822244048,0.7035042186417254,0.49491818564670464,0.008204821960282115,0.030817578740283933,1.0,0.03666666666666667,0.11142857142857143,0.01895644329344699,0.02423621904771204,real10kg_mpc_ltv_v3,,constant,1,41002,scn1_env41002,5d24bdc9ed8b873105a40817b8b3368d1a37f001db9be0de5fd1af5db8d2cd72
step_recovery_10_13s,10.0,13.0,300,0.06640096561929318,0.06543470885994042,0.011286589900824382,0.9854481519908498,0.16997629169333944,0.02889193973781922,0.06090145382777872,0.09848828067360904,1.0,0.19555555555555557,0.5866666666666667,0.023468665941356458,0.031917678910085096,real10kg_mpc_ltv_v3,,constant,1,41002,scn1_env41002,5d24bdc9ed8b873105a40817b8b3368d1a37f001db9be0de5fd1af5db8d2cd72
post_step_13_20p9s,13.0,20.9,790,0.014144418655324717,0.005602804526370125,0.012987423167679734,0.39611416085035983,0.9182012696428901,0.8430935715738153,0.013812191762189962,0.01979661421319438,0.6651858339118708,0.0,0.0,0.01849206624997242,0.02467236926511898,real10kg_mpc_ltv_v3,,constant,1,41002,scn1_env41002,5d24bdc9ed8b873105a40817b8b3368d1a37f001db9be0de5fd1af5db8d2cd72
startup_0_3s,0.0,3.0,300,0.1290303571799115,0.1272927987464703,0.021103944211121863,0.9865337237575925,0.1635579771487101,0.026751211888977968,0.10225428587173784,0.24979636031084465,0.9897978154374769,0.0,0.0,0.044425947537816715,0.05255322489171046,predictive_alpha,31000,constant,1,41002,scn1_env41002,5d24bdc9ed8b873105a40817b8b3368d1a37f001db9be0de5fd1af5db8d2cd72
pre_step_3_10s,3.0,10.0,700,0.009589269039662876,0.00674427823856431,0.006816802164935175,0.7033151547494192,0.7108781844309198,0.5053477930998008,0.008272879690381372,0.03152883526977939,1.0,0.03642857142857143,0.11,0.01962953904168326,0.025415307846937,predictive_alpha,31000,constant,1,41002,scn1_env41002,5d24bdc9ed8b873105a40817b8b3368d1a37f001db9be0de5fd1af5db8d2cd72
step_recovery_10_13s,10.0,13.0,300,0.07132381271316533,0.06910885565893775,0.01763667569171676,0.9689450553753314,0.24727612028599935,0.061145479663696024,0.06651449754296086,0.10315398096263846,1.0,0.2038888888888889,0.6133333333333333,0.0436322003163987,0.07123988368876148,predictive_alpha,31000,constant,1,41002,scn1_env41002,5d24bdc9ed8b873105a40817b8b3368d1a37f001db9be0de5fd1af5db8d2cd72
post_step_13_20p9s,13.0,20.9,790,0.014276715794578433,0.005605504158980782,0.013130229891468559,0.3926326082017733,0.9196954033682416,0.8458396349766728,0.013881830189150107,0.02459379978740695,0.6515047111689444,0.0,0.0,0.018648077042480754,0.024948914037447388,predictive_alpha,31000,constant,1,41002,scn1_env41002,5d24bdc9ed8b873105a40817b8b3368d1a37f001db9be0de5fd1af5db8d2cd72
startup_0_3s,0.0,3.0,300,0.12844299699548403,0.126801533467039,0.020468868742295015,0.9872202956420992,0.15936150059636717,0.025396087872325935,0.10152787611634831,0.24830624462482462,0.9897978154374769,0.0,0.0,0.042981622824998,0.05049707323389539,predictive_alpha,31001,constant,1,41002,scn1_env41002,5d24bdc9ed8b873105a40817b8b3368d1a37f001db9be0de5fd1af5db8d2cd72
pre_step_3_10s,3.0,10.0,700,0.009650763319385464,0.00687072171364735,0.0067771982249607236,0.7119355729972311,0.7022447863110872,0.4931477399011045,0.008324249171248778,0.03156399338923314,1.0,0.03642857142857143,0.11,0.01957970594384436,0.025318414865781923,predictive_alpha,31001,constant,1,41002,scn1_env41002,5d24bdc9ed8b873105a40817b8b3368d1a37f001db9be0de5fd1af5db8d2cd72
step_recovery_10_13s,10.0,13.0,300,0.0709338292286673,0.06880115782587393,0.0172629316994803,0.9699343539467137,0.24336669664103844,0.05922734903397123,0.06608522883504071,0.10318267269294278,1.0,0.20277777777777778,0.61,0.043261493629702955,0.07051516956956136,predictive_alpha,31001,constant,1,41002,scn1_env41002,5d24bdc9ed8b873105a40817b8b3368d1a37f001db9be0de5fd1af5db8d2cd72
post_step_13_20p9s,13.0,20.9,790,0.014264555718827355,0.00560869149465424,0.013115644458939995,0.39319075933444586,0.9194569194769279,0.8454010267740019,0.01387630350491586,0.024134437198134802,0.6519244036981907,0.0,0.0,0.018644971646541632,0.02494381656583561,predictive_alpha,31001,constant,1,41002,scn1_env41002,5d24bdc9ed8b873105a40817b8b3368d1a37f001db9be0de5fd1af5db8d2cd72
startup_0_3s,0.0,3.0,300,0.12923371997810404,0.12741860561966145,0.021583635498223872,0.9859547929228524,0.16701241364777528,0.027893146312455597,0.10235592284486773,0.24964410596887915,0.9897978154374769,0.0,0.0,0.04451761915554676,0.054009093693208735,predictive_alpha,31002,constant,1,41002,scn1_env41002,5d24bdc9ed8b873105a40817b8b3368d1a37f001db9be0de5fd1af5db8d2cd72
pre_step_3_10s,3.0,10.0,700,0.009530241246927184,0.006633972341723889,0.006842215225632315,0.6960970000484371,0.7179477463740425,0.5154489665235663,0.008223514030560517,0.03165660629345826,1.0,0.03642857142857143,0.11,0.019648960620185438,0.025459331662003263,predictive_alpha,31002,constant,1,41002,scn1_env41002,5d24bdc9ed8b873105a40817b8b3368d1a37f001db9be0de5fd1af5db8d2cd72
step_recovery_10_13s,10.0,13.0,300,0.07163166433531373,0.06944509302267718,0.017563439028811252,0.9694747939626108,0.24519099467793104,0.06011862387115321,0.06688463318800678,0.10372834855536286,1.0,0.2038888888888889,0.6133333333333333,0.04381876514788783,0.07155224475805946,predictive_alpha,31002,constant,1,41002,scn1_env41002,5d24bdc9ed8b873105a40817b8b3368d1a37f001db9be0de5fd1af5db8d2cd72
post_step_13_20p9s,13.0,20.9,790,0.014316004051889698,0.005713716827661917,0.01312636324451732,0.39911394317520554,0.9169013362206092,0.8407080603631387,0.013910873995133842,0.02532753716843401,0.650269551686754,0.0,0.0,0.01864046924813643,0.024945119124421374,predictive_alpha,31002,constant,1,41002,scn1_env41002,5d24bdc9ed8b873105a40817b8b3368d1a37f001db9be0de5fd1af5db8d2cd72
startup_0_3s,0.0,3.0,300,0.1296170061109123,0.1281532074605073,0.01942482151116054,0.9887067392287056,0.14986321698048533,0.02245898380374002,0.1039274541013363,0.24922403500380555,0.9897978154374769,0.0,0.0,0.0418178046043232,0.0479748808815998,predictive_alpha,31003,constant,1,41002,scn1_env41002,5d24bdc9ed8b873105a40817b8b3368d1a37f001db9be0de5fd1af5db8d2cd72
pre_step_3_10s,3.0,10.0,700,0.009907910390356215,0.007267665631354445,0.006734071916319133,0.7335215343114496,0.6796662112400298,0.46194615870137673,0.008509621008797338,0.03143919495527578,1.0,0.03642857142857143,0.11,0.019642857789899326,0.025473675513299522,predictive_alpha,31003,constant,1,41002,scn1_env41002,5d24bdc9ed8b873105a40817b8b3368d1a37f001db9be0de5fd1af5db8d2cd72
step_recovery_10_13s,10.0,13.0,300,0.07120156587757216,0.0689959833726815,0.017584574542902874,0.9690233988858747,0.2469689300532905,0.060993652411667085,0.06646224927356027,0.102973992925091,1.0,0.2038888888888889,0.6133333333333333,0.0435437997080387,0.0710676077139564,predictive_alpha,31003,constant,1,41002,scn1_env41002,5d24bdc9ed8b873105a40817b8b3368d1a37f001db9be0de5fd1af5db8d2cd72
post_step_13_20p9s,13.0,20.9,790,0.014288831868099466,0.005637662193142662,0.013129641318437631,0.3945502505162109,0.9188743656330798,0.8443300998175949,0.013890394310892751,0.024778349900902347,0.6510477264567948,0.0,0.0,0.018646276205796265,0.024943546415668368,predictive_alpha,31003,constant,1,41002,scn1_env41002,5d24bdc9ed8b873105a40817b8b3368d1a37f001db9be0de5fd1af5db8d2cd72
startup_0_3s,0.0,3.0,300,0.12952613403337235,0.1278337530653155,0.020869858046164886,0.9869340578973753,0.16112468886616949,0.025961165362219922,0.10170043674516938,0.25038123137019963,0.9897978154374769,0.0,0.0,0.04399259355007322,0.051240036499522155,predictive_alpha,31004,constant,1,41002,scn1_env41002,5d24bdc9ed8b873105a40817b8b3368d1a37f001db9be0de5fd1af5db8d2cd72
pre_step_3_10s,3.0,10.0,700,0.009562463310411265,0.006720897594647285,0.0068022231722596315,0.7028416608228776,0.7113463290210605,0.506013599811739,0.008247909447940687,0.0319129741322763,1.0,0.03619047619047619,0.10857142857142857,0.019697558436810324,0.02554407868200019,predictive_alpha,31004,constant,1,41002,scn1_env41002,5d24bdc9ed8b873105a40817b8b3368d1a37f001db9be0de5fd1af5db8d2cd72
step_recovery_10_13s,10.0,13.0,300,0.07181719873308796,0.06960635111184434,0.01768236179820159,0.9692156243874068,0.24621347128727378,0.06062107344332919,0.06689875960875649,0.10396289151773139,1.0,0.205,0.6166666666666667,0.0437509974695554,0.07134337925610001,predictive_alpha,31004,constant,1,41002,scn1_env41002,5d24bdc9ed8b873105a40817b8b3368d1a37f001db9be0de5fd1af5db8d2cd72
post_step_13_20p9s,13.0,20.9,790,0.01427283054875532,0.005599703391000729,0.013128481016716974,0.3923330674929829,0.9198232244032254,0.8460747641515463,0.013881767780594327,0.024397860665594587,0.6521666600687718,0.0,0.0,0.01864723477292286,0.024947743804708856,predictive_alpha,31004,constant,1,41002,scn1_env41002,5d24bdc9ed8b873105a40817b8b3368d1a37f001db9be0de5fd1af5db8d2cd72
startup_0_3s,0.0,3.0,300,0.23737698398601437,0.2349413920261524,0.03391717616651329,0.989739561439514,0.14288317088278282,0.020415600521518515,0.22812622736207222,0.31701928226858894,0.9201114934711289,0.0,0.0,0.06240135006577734,0.0828649406645919,real10kg_smc_steady,,constant,1,41003,scn1_env41003,d92f2c94e903cf178c49ddce36a67b78fbcd4db4dbb20c7da93875adca9dc8fa
pre_step_3_10s,3.0,10.0,700,0.12394896304632107,0.12357321762539146,0.009643926895508073,0.9969685472819229,0.07780562788495482,0.006053715730572059,0.11535950595046143,0.23077390046060686,1.0,0.027142857142857142,0.08285714285714285,0.05794856167238325,0.09916246692470444,real10kg_smc_steady,,constant,1,41003,scn1_env41003,d92f2c94e903cf178c49ddce36a67b78fbcd4db4dbb20c7da93875adca9dc8fa
step_recovery_10_13s,10.0,13.0,300,0.14358744477461374,0.14171004418775443,0.023143415331524423,0.9869250365879396,0.16117993720030444,0.025978972155894082,0.13809690670582078,0.19953397049625543,1.0,0.20777777777777778,0.6266666666666667,0.0613213045470185,0.10160248285944805,real10kg_smc_steady,,constant,1,41003,scn1_env41003,d92f2c94e903cf178c49ddce36a67b78fbcd4db4dbb20c7da93875adca9dc8fa
post_step_13_20p9s,13.0,20.9,790,0.12344929676174698,0.12197824469925436,0.019000965529643383,0.9880837550226657,0.1539171629816135,0.02369049306030857,0.11539422966889955,0.19024919453723957,0.6484027953579614,0.0,0.0,0.05421979819448697,0.09377892486692431,real10kg_smc_steady,,constant,1,41003,scn1_env41003,d92f2c94e903cf178c49ddce36a67b78fbcd4db4dbb20c7da93875adca9dc8fa
startup_0_3s,0.0,3.0,300,0.14899002815709825,0.1471922721088131,0.023075171108748974,0.9879337156283403,0.15487728537387765,0.02398697352478154,0.1270160003377928,0.2449524251287036,1.0,0.017222222222222222,0.04666666666666667,0.044686739199214315,0.03014106406609576,real10kg_mpc_ltv_v3,,constant,1,41003,scn1_env41003,d92f2c94e903cf178c49ddce36a67b78fbcd4db4dbb20c7da93875adca9dc8fa
pre_step_3_10s,3.0,10.0,700,0.009482245414002185,0.006783749805251225,0.00662523332956051,0.7154159704866779,0.6986987828618315,0.48817998917260474,0.008241797972687046,0.0310258765583026,1.0,0.036904761904761905,0.11142857142857143,0.02071135738714428,0.027198360297355322,real10kg_mpc_ltv_v3,,constant,1,41003,scn1_env41003,d92f2c94e903cf178c49ddce36a67b78fbcd4db4dbb20c7da93875adca9dc8fa
step_recovery_10_13s,10.0,13.0,300,0.06646695954128228,0.06554256149776917,0.011046689231330838,0.9860923675478346,0.1661982029502914,0.02762184266390625,0.06092149956820615,0.09863530031813286,1.0,0.19555555555555557,0.5866666666666667,0.022596290359693013,0.031352270924053884,real10kg_mpc_ltv_v3,,constant,1,41003,scn1_env41003,d92f2c94e903cf178c49ddce36a67b78fbcd4db4dbb20c7da93875adca9dc8fa
post_step_13_20p9s,13.0,20.9,790,0.013892581636374822,0.005578836215288579,0.012723223294681405,0.40156943909413945,0.9158285787119871,0.8387419855856184,0.013564922847967318,0.0193353006970464,0.6623312596390548,0.0,0.0,0.018694696232628285,0.025061127008661758,real10kg_mpc_ltv_v3,,constant,1,41003,scn1_env41003,d92f2c94e903cf178c49ddce36a67b78fbcd4db4dbb20c7da93875adca9dc8fa
startup_0_3s,0.0,3.0,300,0.1124029504909276,0.11001029447319388,0.023068558450564092,0.9787135835199732,0.205230897852864,0.0421197214334927,0.09088423325784406,0.21312216905153084,0.9294937400495463,0.0,0.0,0.043235986195566296,0.05185416003906296,predictive_alpha,31000,constant,1,41003,scn1_env41003,d92f2c94e903cf178c49ddce36a67b78fbcd4db4dbb20c7da93875adca9dc8fa
pre_step_3_10s,3.0,10.0,700,0.009700795599340185,0.006934768679732062,0.0067833928545223705,0.7148659724573252,0.6992614971687223,0.488966641422643,0.008412656998493667,0.031775028305501045,1.0,0.03642857142857143,0.11,0.02069888901664801,0.027154274092875262,predictive_alpha,31000,constant,1,41003,scn1_env41003,d92f2c94e903cf178c49ddce36a67b78fbcd4db4dbb20c7da93875adca9dc8fa
step_recovery_10_13s,10.0,13.0,300,0.07125387481509252,0.06907882436138339,0.017470852898871896,0.9694746361604405,0.24519161862017555,0.06011892984158162,0.06645148006965453,0.10317209758269565,1.0,0.2038888888888889,0.6133333333333333,0.04207238256251833,0.06876606973766826,predictive_alpha,31000,constant,1,41003,scn1_env41003,d92f2c94e903cf178c49ddce36a67b78fbcd4db4dbb20c7da93875adca9dc8fa
post_step_13_20p9s,13.0,20.9,790,0.014194881822717859,0.005593303820854836,0.01304644098321594,0.39403665988280134,0.9190947234471566,0.8447351106684052,0.013803105580223065,0.02415535020630192,0.6473441054895719,0.0,0.0,0.01831010716336631,0.02436905919576277,predictive_alpha,31000,constant,1,41003,scn1_env41003,d92f2c94e903cf178c49ddce36a67b78fbcd4db4dbb20c7da93875adca9dc8fa
startup_0_3s,0.0,3.0,300,0.110315185724612,0.10792523649480835,0.022838203278614657,0.9783352653208611,0.20702683069969496,0.04286010862956016,0.08953628911628687,0.21076828213543894,0.9294937400495463,0.0,0.0,0.04274344745213372,0.05127377015758814,predictive_alpha,31001,constant,1,41003,scn1_env41003,d92f2c94e903cf178c49ddce36a67b78fbcd4db4dbb20c7da93875adca9dc8fa
pre_step_3_10s,3.0,10.0,700,0.009723113214742856,0.006976803931602296,0.006772232828741633,0.7175483589992128,0.6965086880273189,0.485124352497537,0.008428633598510966,0.031751371804199444,1.0,0.03642857142857143,0.11,0.020650616458824,0.027101964262175142,predictive_alpha,31001,constant,1,41003,scn1_env41003,d92f2c94e903cf178c49ddce36a67b78fbcd4db4dbb20c7da93875adca9dc8fa
step_recovery_10_13s,10.0,13.0,300,0.07096762652306869,0.06887033190177916,0.01712546052100623,0.9704471640937887,0.24131369978168057,0.05823230170232307,0.06614767959291465,0.1032299078532671,1.0,0.20333333333333334,0.61,0.04158458677568433,0.06799003460006141,predictive_alpha,31001,constant,1,41003,scn1_env41003,d92f2c94e903cf178c49ddce36a67b78fbcd4db4dbb20c7da93875adca9dc8fa
post_step_13_20p9s,13.0,20.9,790,0.014193651257550559,0.00562250626137072,0.013032542321504794,0.39612825194501877,0.9181951905836708,0.8430824080109837,0.013804809250095928,0.023987592572108602,0.6473049918267064,0.0,0.0,0.018311061246130175,0.02436113222792949,predictive_alpha,31001,constant,1,41003,scn1_env41003,d92f2c94e903cf178c49ddce36a67b78fbcd4db4dbb20c7da93875adca9dc8fa
startup_0_3s,0.0,3.0,300,0.11457519028124181,0.11197905155837662,0.02425213887617345,0.9773411790415308,0.21167007287217218,0.04480421974971068,0.09213734207699512,0.2144116077647086,0.9294937400495463,0.0,0.0,0.044884240242379664,0.055443114133120766,predictive_alpha,31002,constant,1,41003,scn1_env41003,d92f2c94e903cf178c49ddce36a67b78fbcd4db4dbb20c7da93875adca9dc8fa
pre_step_3_10s,3.0,10.0,700,0.009489900063095677,0.0065713034271420185,0.006846617739875281,0.6924523317897207,0.7214636291587946,0.5205097681989788,0.008249932818074967,0.03187563867424838,1.0,0.03642857142857143,0.11,0.020718810557285007,0.02725782433066888,predictive_alpha,31002,constant,1,41003,scn1_env41003,d92f2c94e903cf178c49ddce36a67b78fbcd4db4dbb20c7da93875adca9dc8fa
step_recovery_10_13s,10.0,13.0,300,0.07155730149992419,0.06942301358056846,0.01734625560007863,0.9701737226723399,0.24241070074584922,0.05876294783609367,0.06675337586333503,0.1038369677405911,1.0,0.2038888888888889,0.6133333333333333,0.04223165758672181,0.06900073279596239,predictive_alpha,31002,constant,1,41003,scn1_env41003,d92f2c94e903cf178c49ddce36a67b78fbcd4db4dbb20c7da93875adca9dc8fa
post_step_13_20p9s,13.0,20.9,790,0.01422210490173258,0.005679881346776702,0.013038681517792508,0.39936995163667804,0.9167898569081779,0.8405036417297174,0.013823641932024245,0.024684290097984094,0.6464228390476908,0.0,0.0,0.0182943101787875,0.02433573951483192,predictive_alpha,31002,constant,1,41003,scn1_env41003,d92f2c94e903cf178c49ddce36a67b78fbcd4db4dbb20c7da93875adca9dc8fa
startup_0_3s,0.0,3.0,300,0.11314108742500732,0.11088585027041509,0.02247740806944244,0.9800670366007658,0.1986670676498581,0.03946860376859329,0.09293824840385442,0.2121898283409801,0.9294937400495463,0.0,0.0,0.041987160262911,0.04929926867652017,predictive_alpha,31003,constant,1,41003,scn1_env41003,d92f2c94e903cf178c49ddce36a67b78fbcd4db4dbb20c7da93875adca9dc8fa
pre_step_3_10s,3.0,10.0,700,0.00994906374954465,0.007302105418594669,0.0067574496630188685,0.7339490028826957,0.6792045797603965,0.4613188611674969,0.008585280805920113,0.03187008353075341,1.0,0.03642857142857143,0.11,0.02079001621247616,0.027376185307302354,predictive_alpha,31003,constant,1,41003,scn1_env41003,d92f2c94e903cf178c49ddce36a67b78fbcd4db4dbb20c7da93875adca9dc8fa
step_recovery_10_13s,10.0,13.0,300,0.07115765791443542,0.06899613632834746,0.01740532825395442,0.9696234860809063,0.24460232059469575,0.059830295240310326,0.06640689544055502,0.10302749011714991,1.0,0.2038888888888889,0.6133333333333333,0.042012133533244636,0.06869029478373136,predictive_alpha,31003,constant,1,41003,scn1_env41003,d92f2c94e903cf178c49ddce36a67b78fbcd4db4dbb20c7da93875adca9dc8fa
post_step_13_20p9s,13.0,20.9,790,0.014201589575747619,0.005613739703917279,0.013044963511434065,0.3952895324833208,0.9185565771955028,0.8437461855091176,0.013807666025814886,0.024263836287426458,0.6469966159332091,0.0,0.0,0.01830182628096907,0.024357483189958996,predictive_alpha,31003,constant,1,41003,scn1_env41003,d92f2c94e903cf178c49ddce36a67b78fbcd4db4dbb20c7da93875adca9dc8fa
startup_0_3s,0.0,3.0,300,0.11230377325504505,0.10985569161731965,0.023320902782717066,0.978201252132769,0.20765912049771146,0.04312231032588305,0.09005670569247687,0.21359740244246844,0.9294937400495463,0.0,0.0,0.04376715089160062,0.05202569479694065,predictive_alpha,31004,constant,1,41003,scn1_env41003,d92f2c94e903cf178c49ddce36a67b78fbcd4db4dbb20c7da93875adca9dc8fa
pre_step_3_10s,3.0,10.0,700,0.009572795644212801,0.006744274146305996,0.006793613374731307,0.70452503082349,0.7096791394307431,0.5036444809431601,0.0083179691777488,0.03188070583047703,1.0,0.03642857142857143,0.11,0.020702038962882113,0.027198990804076846,predictive_alpha,31004,constant,1,41003,scn1_env41003,d92f2c94e903cf178c49ddce36a67b78fbcd4db4dbb20c7da93875adca9dc8fa
step_recovery_10_13s,10.0,13.0,300,0.07154143198691973,0.06936699935763978,0.017504167813874066,0.9696059672152283,0.24467175631981256,0.05986426834062173,0.06660855582687863,0.10369200648432303,1.0,0.20444444444444446,0.6133333333333333,0.04189945890842098,0.06842883429681197,predictive_alpha,31004,constant,1,41003,scn1_env41003,d92f2c94e903cf178c49ddce36a67b78fbcd4db4dbb20c7da93875adca9dc8fa
post_step_13_20p9s,13.0,20.9,790,0.014182920691171776,0.005571082450784695,0.013042939839569423,0.3928022000611229,0.9196229834161069,0.8457064316271413,0.013797754433889897,0.023729414163374044,0.6483890072830011,0.0,0.0,0.0183017774747161,0.024349206581849792,predictive_alpha,31004,constant,1,41003,scn1_env41003,d92f2c94e903cf178c49ddce36a67b78fbcd4db4dbb20c7da93875adca9dc8fa
startup_0_3s,0.0,3.0,300,0.2474974316961577,0.24525320610458662,0.03325422667294204,0.9909323277571371,0.13436190608138054,0.01805312180582173,0.2375171034516982,0.33354068922487906,0.9265774644368977,0.0,0.0,0.060853424078118744,0.08044330319240152,real10kg_smc_steady,,constant,1,41004,scn1_env41004,1b4e9bd3ef93e398fec9afea158ea07868fe664a2918e220fd6293661c6e3c05
pre_step_3_10s,3.0,10.0,700,0.12282275466054782,0.1224417485156431,0.009666813478966666,0.9968979189079603,0.07870539547564606,0.0061945392769778476,0.11469445436643469,0.2235530385637124,1.0,0.02666666666666667,0.08142857142857143,0.05555450241991692,0.0935138076464734,real10kg_smc_steady,,constant,1,41004,scn1_env41004,1b4e9bd3ef93e398fec9afea158ea07868fe664a2918e220fd6293661c6e3c05
step_recovery_10_13s,10.0,13.0,300,0.14331644915801,0.14152261841860367,0.022604271171678403,0.9874834274087506,0.15772279668160508,0.024876480593066932,0.13786237848559801,0.19910558584116114,1.0,0.20722222222222222,0.6266666666666667,0.05775889246112683,0.09578117906290357,real10kg_smc_steady,,constant,1,41004,scn1_env41004,1b4e9bd3ef93e398fec9afea158ea07868fe664a2918e220fd6293661c6e3c05
post_step_13_20p9s,13.0,20.9,790,0.12348358159960889,0.12201605565714715,0.018980966427957064,0.9881156189069723,0.1537124707760921,0.023627523672090964,0.11537537587825918,0.19009990146533112,0.6402114970225018,0.0,0.0,0.0560680347627589,0.09733788099301555,real10kg_smc_steady,,constant,1,41004,scn1_env41004,1b4e9bd3ef93e398fec9afea158ea07868fe664a2918e220fd6293661c6e3c05
startup_0_3s,0.0,3.0,300,0.14235908980577672,0.14104851193912604,0.019272460405651826,0.9907938589068058,0.1353792050226341,0.018327529152560397,0.1217584878456096,0.23026052218054813,1.0,0.01888888888888889,0.05,0.046383738097750364,0.028797426732557117,real10kg_mpc_ltv_v3,,constant,1,41004,scn1_env41004,1b4e9bd3ef93e398fec9afea158ea07868fe664a2918e220fd6293661c6e3c05
pre_step_3_10s,3.0,10.0,700,0.009924419602661248,0.007323959941450999,0.006697291633616376,0.7379736281492036,0.674829551928708,0.45539492415630073,0.008912682091040113,0.03208223487702334,1.0,0.03857142857142857,0.11571428571428571,0.021911400889546177,0.03149910470208467,real10kg_mpc_ltv_v3,,constant,1,41004,scn1_env41004,1b4e9bd3ef93e398fec9afea158ea07868fe664a2918e220fd6293661c6e3c05
step_recovery_10_13s,10.0,13.0,300,0.06700167488881308,0.0663092634503999,0.009607602123925914,0.9896657592580752,0.1433934620271716,0.020561684952137903,0.06129837221993841,0.09939589554205659,1.0,0.19444444444444445,0.5833333333333334,0.019514194236665162,0.026893351106225278,real10kg_mpc_ltv_v3,,constant,1,41004,scn1_env41004,1b4e9bd3ef93e398fec9afea158ea07868fe664a2918e220fd6293661c6e3c05
post_step_13_20p9s,13.0,20.9,790,0.011731925498040953,0.006036890103291226,0.010059524530134013,0.5145694203649087,0.8574487224466091,0.7352183116253221,0.0114077057281929,0.018770711462669076,0.6611967510308677,0.0,0.0,0.021291592650977718,0.03136697108643616,real10kg_mpc_ltv_v3,,constant,1,41004,scn1_env41004,1b4e9bd3ef93e398fec9afea158ea07868fe664a2918e220fd6293661c6e3c05
startup_0_3s,0.0,3.0,300,0.11848706499835393,0.11633368607760325,0.022486841830764253,0.9818260421862877,0.18978309430718576,0.03601762288481017,0.09457068363047025,0.23266848851029043,0.93531683574626,0.0,0.0,0.04649293914448316,0.05886967875225881,predictive_alpha,31000,constant,1,41004,scn1_env41004,1b4e9bd3ef93e398fec9afea158ea07868fe664a2918e220fd6293661c6e3c05
pre_step_3_10s,3.0,10.0,700,0.009557806866615112,0.006897821213701969,0.006616021055235397,0.7216949777250339,0.692211209911009,0.4791563591264631,0.00834142588996531,0.03239029454135145,1.0,0.03857142857142857,0.11571428571428571,0.024929480819625375,0.035777071629196994,predictive_alpha,31000,constant,1,41004,scn1_env41004,1b4e9bd3ef93e398fec9afea158ea07868fe664a2918e220fd6293661c6e3c05
step_recovery_10_13s,10.0,13.0,300,0.07081846715825071,0.06890703433158342,0.016342457289839237,0.9730094013134171,0.230765476091433,0.05325270495570573,0.06568761165574062,0.10301934300343497,1.0,0.2038888888888889,0.6133333333333333,0.04189188440948463,0.06807518005252267,predictive_alpha,31000,constant,1,41004,scn1_env41004,1b4e9bd3ef93e398fec9afea158ea07868fe664a2918e220fd6293661c6e3c05
post_step_13_20p9s,13.0,20.9,790,0.01291461021067988,0.005403627870172054,0.011729789543486996,0.41841199866051426,0.9082573420440453,0.824931399376914,0.01254403161467762,0.022030676595578363,0.6524308520795852,0.0,0.0,0.022956228873814127,0.03337629679512065,predictive_alpha,31000,constant,1,41004,scn1_env41004,1b4e9bd3ef93e398fec9afea158ea07868fe664a2918e220fd6293661c6e3c05
startup_0_3s,0.0,3.0,300,0.1175200180359886,0.11533074776805338,0.02257815888066921,0.9813710863517329,0.19212181258987734,0.036910790872819954,0.09397770070496053,0.23027928389661573,0.93531683574626,0.0,0.0,0.04761142194830583,0.060018916921855535,predictive_alpha,31001,constant,1,41004,scn1_env41004,1b4e9bd3ef93e398fec9afea158ea07868fe664a2918e220fd6293661c6e3c05
pre_step_3_10s,3.0,10.0,700,0.00985527396058509,0.007139305280874793,0.006793875546745012,0.7244146950584563,0.6893644533796066,0.4752233495833638,0.00875598331397886,0.03274867491843416,1.0,0.03857142857142857,0.11571428571428571,0.027054134324799608,0.040827656287108674,predictive_alpha,31001,constant,1,41004,scn1_env41004,1b4e9bd3ef93e398fec9afea158ea07868fe664a2918e220fd6293661c6e3c05
step_recovery_10_13s,10.0,13.0,300,0.07075401196982248,0.069027624852319,0.01553438821046048,0.9756001522819681,0.21955487438770402,0.04820434286740048,0.06536295458494278,0.10351171725772172,1.0,0.20333333333333334,0.61,0.04125584024144527,0.06712458721469527,predictive_alpha,31001,constant,1,41004,scn1_env41004,1b4e9bd3ef93e398fec9afea158ea07868fe664a2918e220fd6293661c6e3c05
post_step_13_20p9s,13.0,20.9,790,0.01215024620305681,0.005703410014103086,0.01072844802410512,0.4694069501791822,0.8829819449589436,0.7796571151234788,0.01178980091164977,0.020932625366189575,0.6593056314754797,0.0,0.0,0.025450353198210235,0.038791324445485165,predictive_alpha,31001,constant,1,41004,scn1_env41004,1b4e9bd3ef93e398fec9afea158ea07868fe664a2918e220fd6293661c6e3c05
startup_0_3s,0.0,3.0,300,0.11581962349702955,0.11375959696322198,0.021747167304248593,0.9822134930885835,0.1877675530935079,0.03525665399472331,0.09240921950063329,0.23001240846171642,0.93531683574626,0.0,0.0,0.046592883695912204,0.05984603329960068,predictive_alpha,31002,constant,1,41004,scn1_env41004,1b4e9bd3ef93e398fec9afea158ea07868fe664a2918e220fd6293661c6e3c05
pre_step_3_10s,3.0,10.0,700,0.00953950967592612,0.006914330652328156,0.006572235273281335,0.7248098578669238,0.6889489603293772,0.4746506699389298,0.008267848704595139,0.03218614612136214,1.0,0.03857142857142857,0.11571428571428571,0.023310671523908724,0.0324776041186817,predictive_alpha,31002,constant,1,41004,scn1_env41004,1b4e9bd3ef93e398fec9afea158ea07868fe664a2918e220fd6293661c6e3c05
step_recovery_10_13s,10.0,13.0,300,0.0712179829094277,0.06926256444162418,0.016574023550646723,0.9725431922118555,0.23272245117816565,0.05415973928237369,0.06612971261024225,0.10361083653326561,1.0,0.2038888888888889,0.6133333333333333,0.04206515113269149,0.06820787392484956,predictive_alpha,31002,constant,1,41004,scn1_env41004,1b4e9bd3ef93e398fec9afea158ea07868fe664a2918e220fd6293661c6e3c05
post_step_13_20p9s,13.0,20.9,790,0.013344953594942874,0.00541935451182024,0.01219501468332008,0.4060976663024087,0.9138296807522381,0.8350846854237375,0.01296583348633279,0.022880851065110383,0.650884928785558,0.0,0.0,0.02137540267660463,0.030227183037121717,predictive_alpha,31002,constant,1,41004,scn1_env41004,1b4e9bd3ef93e398fec9afea158ea07868fe664a2918e220fd6293661c6e3c05
startup_0_3s,0.0,3.0,300,0.1170461992429052,0.1153335462382099,0.019949583186837844,0.9853677179116168,0.17044195638883247,0.02905046049765267,0.09435921348909491,0.2303098301258049,0.93531683574626,0.0,0.0,0.0431016522707063,0.05294122703037591,predictive_alpha,31003,constant,1,41004,scn1_env41004,1b4e9bd3ef93e398fec9afea158ea07868fe664a2918e220fd6293661c6e3c05
pre_step_3_10s,3.0,10.0,700,0.009841499722643319,0.007398806858414126,0.006489435558095374,0.7517966841365604,0.6593949846042756,0.43480174572127284,0.008539848446788482,0.03229710990317532,1.0,0.03857142857142857,0.11571428571428571,0.0245322190805278,0.034969981869496104,predictive_alpha,31003,constant,1,41004,scn1_env41004,1b4e9bd3ef93e398fec9afea158ea07868fe664a2918e220fd6293661c6e3c05
step_recovery_10_13s,10.0,13.0,300,0.07103402303093022,0.06909933923122251,0.016465532052355833,0.9727639838325742,0.23179782518000247,0.053730231758178995,0.06598327534456638,0.10322880505113462,1.0,0.2038888888888889,0.6133333333333333,0.042298750033910586,0.06861983622757493,predictive_alpha,31003,constant,1,41004,scn1_env41004,1b4e9bd3ef93e398fec9afea158ea07868fe664a2918e220fd6293661c6e3c05
post_step_13_20p9s,13.0,20.9,790,0.01306455589999779,0.0054338497330099576,0.01188090476113813,0.41592303439957545,0.9093998182624898,0.8270080294558495,0.012686369437595098,0.022620815371651597,0.6512472860601265,0.0,0.0,0.022452122194125772,0.032359811564830615,predictive_alpha,31003,constant,1,41004,scn1_env41004,1b4e9bd3ef93e398fec9afea158ea07868fe664a2918e220fd6293661c6e3c05
startup_0_3s,0.0,3.0,300,0.11724541913185557,0.11532714422280278,0.021121981744555405,0.9836388071853326,0.18015187203861138,0.03245469699901621,0.09237325704815412,0.2320119208644326,0.93531683574626,0.0,0.0,0.04575587983733546,0.05638874087371869,predictive_alpha,31004,constant,1,41004,scn1_env41004,1b4e9bd3ef93e398fec9afea158ea07868fe664a2918e220fd6293661c6e3c05
pre_step_3_10s,3.0,10.0,700,0.009526609753080447,0.006932346809702062,0.006534436555472944,0.7276824588579872,0.6859141630484047,0.4704782390703935,0.00827459513228056,0.03252630180606482,1.0,0.03857142857142857,0.11571428571428571,0.023823128903868573,0.03355355481737265,predictive_alpha,31004,constant,1,41004,scn1_env41004,1b4e9bd3ef93e398fec9afea158ea07868fe664a2918e220fd6293661c6e3c05
step_recovery_10_13s,10.0,13.0,300,0.07128798688669219,0.06933123361618199,0.016587860609963947,0.9725514303886805,0.23268802128371666,0.054143715248931384,0.06610207536768059,0.10360103720516634,1.0,0.20444444444444446,0.6133333333333333,0.04179210412886264,0.06790634296047539,predictive_alpha,31004,constant,1,41004,scn1_env41004,1b4e9bd3ef93e398fec9afea158ea07868fe664a2918e220fd6293661c6e3c05
post_step_13_20p9s,13.0,20.9,790,0.013196283423344076,0.005367325017397753,0.012055443515144594,0.40673005006114193,0.9135483930133428,0.8345706663772609,0.012825970899396948,0.02219739383141028,0.6524821618185243,0.0,0.0,0.021863843692276976,0.031188758023233967,predictive_alpha,31004,constant,1,41004,scn1_env41004,1b4e9bd3ef93e398fec9afea158ea07868fe664a2918e220fd6293661c6e3c05
startup_0_3s,0.0,3.0,300,0.23874457676008032,0.236443961772765,0.033063966391664514,0.9903636973935234,0.1384909631890454,0.019179746885029533,0.228633980499854,0.32275855310654616,0.8602423679041483,0.0,0.0,0.0564734583277391,0.07449813015783684,real10kg_smc_steady,,constant,1,41005,scn1_env41005,17236ace6e7baade97a670ab9f52d1a1fb8261b87abd98c40a312ca53f86b45b
pre_step_3_10s,3.0,10.0,700,0.12312854017224452,0.12273684900130545,0.009813424589753405,0.996818843377895,0.07970064922417991,0.00635219348675577,0.11488090319518851,0.22485411697852628,1.0,0.027142857142857142,0.08142857142857143,0.05584800643605221,0.09574194390984342,real10kg_smc_steady,,constant,1,41005,scn1_env41005,17236ace6e7baade97a670ab9f52d1a1fb8261b87abd98c40a312ca53f86b45b
step_recovery_10_13s,10.0,13.0,300,0.14335513528841518,0.14154593663353232,0.02270336177961027,0.9873796034495524,0.1583714579455667,0.025081518691804406,0.1379673072898907,0.19876868154107688,1.0,0.20722222222222222,0.6266666666666667,0.061577008408491285,0.1034830221805994,real10kg_smc_steady,,constant,1,41005,scn1_env41005,17236ace6e7baade97a670ab9f52d1a1fb8261b87abd98c40a312ca53f86b45b
post_step_13_20p9s,13.0,20.9,790,0.1234329820955702,0.12198562645693246,0.018846962803462285,0.9882741580567413,0.15268984418499817,0.023314188517239022,0.11522672485140842,0.19040581541179735,0.6486781671676097,0.0,0.0,0.055429840059397155,0.09609106553762614,real10kg_smc_steady,,constant,1,41005,scn1_env41005,17236ace6e7baade97a670ab9f52d1a1fb8261b87abd98c40a312ca53f86b45b
startup_0_3s,0.0,3.0,300,0.1321553306559044,0.13071679296019376,0.019446116809616856,0.989114796288799,0.14714591316977682,0.0216519197625675,0.11509382035201005,0.20965956363191046,1.0,0.017777777777777778,0.043333333333333335,0.048201856972408405,0.03079763258696913,real10kg_mpc_ltv_v3,,constant,1,41005,scn1_env41005,17236ace6e7baade97a670ab9f52d1a1fb8261b87abd98c40a312ca53f86b45b
pre_step_3_10s,3.0,10.0,700,0.009639025276793492,0.007163532343734787,0.0064493885482989335,0.7431801596144171,0.6690913617403004,0.44768325035548956,0.00836655621599337,0.031517824906111984,1.0,0.03642857142857143,0.11,0.022779811827416462,0.03244686914496817,real10kg_mpc_ltv_v3,,constant,1,41005,scn1_env41005,17236ace6e7baade97a670ab9f52d1a1fb8261b87abd98c40a312ca53f86b45b
step_recovery_10_13s,10.0,13.0,300,0.06672966000574922,0.06592320351606523,0.010343053836383669,0.9879145721765329,0.1549993486478508,0.024024798081258007,0.061088864102329644,0.09896430180044521,1.0,0.19555555555555557,0.5866666666666667,0.024382286630295884,0.03541872546955085,real10kg_mpc_ltv_v3,,constant,1,41005,scn1_env41005,17236ace6e7baade97a670ab9f52d1a1fb8261b87abd98c40a312ca53f86b45b
post_step_13_20p9s,13.0,20.9,790,0.01304479555239185,0.005466259562483605,0.011844268546400775,0.4190375802004294,0.9079688906453616,0.8244075063797686,0.01273626826880529,0.018769218724698968,0.6650123510627312,0.0,0.0,0.022210770620361114,0.03128802608829999,real10kg_mpc_ltv_v3,,constant,1,41005,scn1_env41005,17236ace6e7baade97a670ab9f52d1a1fb8261b87abd98c40a312ca53f86b45b
startup_0_3s,0.0,3.0,300,0.10599394540036022,0.10375484853774498,0.02167136051207082,0.9788752380698942,0.20445847571966286,0.04180326829360797,0.08565402883097516,0.20834511859916763,0.8773364173514081,0.0,0.0,0.04129343025975438,0.050796822544762,predictive_alpha,31000,constant,1,41005,scn1_env41005,17236ace6e7baade97a670ab9f52d1a1fb8261b87abd98c40a312ca53f86b45b
pre_step_3_10s,3.0,10.0,700,0.00966036029829167,0.007053031726655353,0.006601310821011458,0.7301002766845668,0.6833400222327968,0.4669535859851192,0.008352519228023986,0.03216151719046284,1.0,0.03642857142857143,0.11,0.022498479324354764,0.03175242546139604,predictive_alpha,31000,constant,1,41005,scn1_env41005,17236ace6e7baade97a670ab9f52d1a1fb8261b87abd98c40a312ca53f86b45b
step_recovery_10_13s,10.0,13.0,300,0.07126338118506803,0.06922886624719102,0.0169066133822491,0.9714507661011276,0.237241246501388,0.05628340904153235,0.06611743631953464,0.10342269598291072,1.0,0.20444444444444446,0.6133333333333333,0.042060930754681376,0.06914782569324424,predictive_alpha,31000,constant,1,41005,scn1_env41005,17236ace6e7baade97a670ab9f52d1a1fb8261b87abd98c40a312ca53f86b45b
post_step_13_20p9s,13.0,20.9,790,0.013385363359535824,0.005320875042884238,0.012282354865611718,0.3975144267632907,0.9175959244215575,0.8419822805150526,0.013032204379037739,0.02226659385302858,0.6567800531760374,0.0,0.0,0.021317986971874495,0.029566252623645026,predictive_alpha,31000,constant,1,41005,scn1_env41005,17236ace6e7baade97a670ab9f52d1a1fb8261b87abd98c40a312ca53f86b45b
startup_0_3s,0.0,3.0,300,0.10428927238232827,0.10205469161829081,0.021473058765136825,0.9785732442753518,0.2058990179394081,0.0423944055884127,0.085091013855608,0.20555682417855456,0.8773364173514081,0.0,0.0,0.041691763650461844,0.05068492075771321,predictive_alpha,31001,constant,1,41005,scn1_env41005,17236ace6e7baade97a670ab9f52d1a1fb8261b87abd98c40a312ca53f86b45b
pre_step_3_10s,3.0,10.0,700,0.009748713784335953,0.007166925829488253,0.006608524389265423,0.7351662986561296,0.6778867997831544,0.45953051332024636,0.008404527233285889,0.03213181112205724,1.0,0.03619047619047619,0.11,0.022049616896501523,0.03085682126364606,predictive_alpha,31001,constant,1,41005,scn1_env41005,17236ace6e7baade97a670ab9f52d1a1fb8261b87abd98c40a312ca53f86b45b
step_recovery_10_13s,10.0,13.0,300,0.07106109897926725,0.06908928510543465,0.016623792339932077,0.972251852248895,0.23393660636718025,0.05472633579859303,0.06610862454050662,0.10335610810129697,1.0,0.2038888888888889,0.6133333333333333,0.041482260304569314,0.06816893061555501,predictive_alpha,31001,constant,1,41005,scn1_env41005,17236ace6e7baade97a670ab9f52d1a1fb8261b87abd98c40a312ca53f86b45b
post_step_13_20p9s,13.0,20.9,790,0.013538491749351164,0.005426829090078254,0.012403236870846658,0.4008444360383302,0.9161461335928418,0.8393237380971131,0.013174192785762682,0.02307387255864657,0.6547319056832571,0.0,0.0,0.020894843392789766,0.028730320111133942,predictive_alpha,31001,constant,1,41005,scn1_env41005,17236ace6e7baade97a670ab9f52d1a1fb8261b87abd98c40a312ca53f86b45b
startup_0_3s,0.0,3.0,300,0.10345939922180507,0.10111446485048096,0.021902335157185624,0.9773347381778543,0.2116998099924158,0.044816809550824954,0.08472063138797412,0.20515115724368366,0.8773364173514081,0.0,0.0,0.04345713693705966,0.053249029685401815,predictive_alpha,31002,constant,1,41005,scn1_env41005,17236ace6e7baade97a670ab9f52d1a1fb8261b87abd98c40a312ca53f86b45b
pre_step_3_10s,3.0,10.0,700,0.009686008246218146,0.007072937678647398,0.006617575714699143,0.7302221409329268,0.6832097956640645,0.46677562489133273,0.00835512808767109,0.03234647207520339,1.0,0.03642857142857143,0.11,0.02251922034235977,0.03181785376507598,predictive_alpha,31002,constant,1,41005,scn1_env41005,17236ace6e7baade97a670ab9f52d1a1fb8261b87abd98c40a312ca53f86b45b
step_recovery_10_13s,10.0,13.0,300,0.07163064513164845,0.06961482039271054,0.016873828956902627,0.9718580680764068,0.23556717834790644,0.05549189551479437,0.06666441504982347,0.1038866410249694,1.0,0.20444444444444446,0.6133333333333333,0.042158894116893456,0.06943455341524211,predictive_alpha,31002,constant,1,41005,scn1_env41005,17236ace6e7baade97a670ab9f52d1a1fb8261b87abd98c40a312ca53f86b45b
post_step_13_20p9s,13.0,20.9,790,0.01344750637269608,0.005456238530261577,0.012290845729427681,0.40574351697947253,0.9139869793542622,0.8353721984291285,0.013077183204877408,0.02349302479711139,0.6545983431476055,0.0,0.0,0.021271876251680883,0.029477321252624412,predictive_alpha,31002,constant,1,41005,scn1_env41005,17236ace6e7baade97a670ab9f52d1a1fb8261b87abd98c40a312ca53f86b45b
startup_0_3s,0.0,3.0,300,0.10460455332644017,0.10261757543920805,0.020291520090976668,0.9810048623693144,0.19398314361758973,0.03762946000776245,0.0865064063484925,0.20544827060421073,0.8773364173514081,0.0,0.0,0.03976060564004895,0.046800762753899335,predictive_alpha,31003,constant,1,41005,scn1_env41005,17236ace6e7baade97a670ab9f52d1a1fb8261b87abd98c40a312ca53f86b45b
pre_step_3_10s,3.0,10.0,700,0.009936898000427845,0.007495174487365016,0.00652413222389457,0.7542770879848321,0.6565562234425336,0.43106607454112217,0.008596980641487563,0.03238572775279016,1.0,0.03642857142857143,0.11,0.024146900757916555,0.03498813873920415,predictive_alpha,31003,constant,1,41005,scn1_env41005,17236ace6e7baade97a670ab9f52d1a1fb8261b87abd98c40a312ca53f86b45b
step_recovery_10_13s,10.0,13.0,300,0.07143021018843856,0.06944407270604633,0.016727094594156645,0.9721947131731428,0.23417395174995626,0.05483743967819083,0.06635966024408928,0.10356446538188716,1.0,0.20444444444444446,0.6133333333333333,0.04264091345309237,0.07034311674541174,predictive_alpha,31003,constant,1,41005,scn1_env41005,17236ace6e7baade97a670ab9f52d1a1fb8261b87abd98c40a312ca53f86b45b
post_step_13_20p9s,13.0,20.9,790,0.01304724956558265,0.005414230174048381,0.011870839601688696,0.41497099805085225,0.9098346392486271,0.8277990707766791,0.012687088780222412,0.022554181927824837,0.6546477812551016,0.0,0.0,0.022656977792881196,0.03222642757308502,predictive_alpha,31003,constant,1,41005,scn1_env41005,17236ace6e7baade97a670ab9f52d1a1fb8261b87abd98c40a312ca53f86b45b
startup_0_3s,0.0,3.0,300,0.10344981258169086,0.10124457930845618,0.021246149859226064,0.9786830616875861,0.20537639778176195,0.04217946476581251,0.0829522334118562,0.2060797794740818,0.8773364173514081,0.0,0.0,0.043141125800235956,0.049865422537017576,predictive_alpha,31004,constant,1,41005,scn1_env41005,17236ace6e7baade97a670ab9f52d1a1fb8261b87abd98c40a312ca53f86b45b
pre_step_3_10s,3.0,10.0,700,0.009553879885986804,0.006927793647927757,0.006578928183799779,0.7251288199770157,0.6886132400983448,0.4741881944387407,0.008264245883640692,0.03261277085867718,1.0,0.03642857142857143,0.11,0.02276542128217611,0.03226681785724763,predictive_alpha,31004,constant,1,41005,scn1_env41005,17236ace6e7baade97a670ab9f52d1a1fb8261b87abd98c40a312ca53f86b45b
step_recovery_10_13s,10.0,13.0,300,0.07169391668094117,0.06966267810450852,0.016944880299410946,0.9716679089319076,0.23635032208967746,0.05586147475189428,0.06658353578271327,0.10395552235967154,1.0,0.20444444444444446,0.6133333333333333,0.041885574060176525,0.06904789766948914,predictive_alpha,31004,constant,1,41005,scn1_env41005,17236ace6e7baade97a670ab9f52d1a1fb8261b87abd98c40a312ca53f86b45b
post_step_13_20p9s,13.0,20.9,790,0.013368840341779212,0.00536631693901295,0.012244530803344242,0.40140481910331244,0.9159007430942705,0.8388741712006368,0.01301050635057381,0.022629539183593575,0.6561055356051813,0.0,0.0,0.021440940814070632,0.029812539098763222,predictive_alpha,31004,constant,1,41005,scn1_env41005,17236ace6e7baade97a670ab9f52d1a1fb8261b87abd98c40a312ca53f86b45b
startup_0_3s,0.0,3.0,300,0.2514493046762678,0.2491663804427271,0.033806326024114805,0.9909209363832606,0.13444589185736372,0.018075697837321943,0.24169034597373285,0.3370865733786855,0.9363005431346251,0.0,0.0,0.06078769998655601,0.08050693530242818,real10kg_smc_steady,,constant,1,41006,scn1_env41006,bc8b2864cdbdbad48665d39ec70f42532a3fa9c7bf385621456e6a6c8403a726
pre_step_3_10s,3.0,10.0,700,0.12246042020675112,0.12207751953651565,0.009676452915490134,0.9968732699954074,0.07901698278638342,0.006243683568663614,0.1144243290169367,0.22263391651252745,1.0,0.027142857142857142,0.08142857142857143,0.05346793809732733,0.09183841923582124,real10kg_smc_steady,,constant,1,41006,scn1_env41006,bc8b2864cdbdbad48665d39ec70f42532a3fa9c7bf385621456e6a6c8403a726
step_recovery_10_13s,10.0,13.0,300,0.14339016701884244,0.14151792652937828,0.023095810626973565,0.9869430343210485,0.16106969611060304,0.025943447005162008,0.1379106397581213,0.19902068765168068,1.0,0.20777777777777778,0.6266666666666667,0.062379659351715314,0.10820400595617176,real10kg_smc_steady,,constant,1,41006,scn1_env41006,bc8b2864cdbdbad48665d39ec70f42532a3fa9c7bf385621456e6a6c8403a726
post_step_13_20p9s,13.0,20.9,790,0.12342163406271532,0.12198312928070933,0.01878871804026466,0.9883447922811083,0.1522319663238082,0.02317457157081308,0.11530611774401904,0.18993501116110922,0.6394452694206654,0.0,0.0,0.05522703936820674,0.09454841803582649,real10kg_smc_steady,,constant,1,41006,scn1_env41006,bc8b2864cdbdbad48665d39ec70f42532a3fa9c7bf385621456e6a6c8403a726
startup_0_3s,0.0,3.0,300,0.14485514587377854,0.143341022609962,0.020889339942755995,0.9895473284384672,0.14420847679762927,0.02079608478029238,0.12395422146679005,0.23356624263201906,1.0,0.019444444444444445,0.05,0.04256087738406774,0.026306372802989565,real10kg_mpc_ltv_v3,,constant,1,41006,scn1_env41006,bc8b2864cdbdbad48665d39ec70f42532a3fa9c7bf385621456e6a6c8403a726
pre_step_3_10s,3.0,10.0,700,0.009933495029897757,0.007330822855682525,0.006703235022554867,0.7379902877706458,0.6748113330081227,0.45537033515619946,0.008913995282122658,0.03215222185049022,1.0,0.03833333333333333,0.11714285714285715,0.021242780558043718,0.03006330188293202,real10kg_mpc_ltv_v3,,constant,1,41006,scn1_env41006,bc8b2864cdbdbad48665d39ec70f42532a3fa9c7bf385621456e6a6c8403a726
step_recovery_10_13s,10.0,13.0,300,0.06701967792633598,0.06630362686327368,0.009770685448093053,0.9893158086517614,0.14578830800757364,0.021254230751711158,0.061318790828813856,0.09944196550068228,1.0,0.19555555555555557,0.5866666666666667,0.019913369650551432,0.029187707232395062,real10kg_mpc_ltv_v3,,constant,1,41006,scn1_env41006,bc8b2864cdbdbad48665d39ec70f42532a3fa9c7bf385621456e6a6c8403a726
post_step_13_20p9s,13.0,20.9,790,0.011668725646515863,0.006006588192670699,0.01000400202405647,0.5147595696933874,0.8573345819509898,0.7350225854090783,0.01134022013203538,0.018867830933641517,0.6553713906750793,0.0,0.0,0.020999889527886218,0.030563357897707078,real10kg_mpc_ltv_v3,,constant,1,41006,scn1_env41006,bc8b2864cdbdbad48665d39ec70f42532a3fa9c7bf385621456e6a6c8403a726
startup_0_3s,0.0,3.0,300,0.12606115626677092,0.12377963264949966,0.02387504262760914,0.9819014541446607,0.1893925403721089,0.03586953434860091,0.09948731181468591,0.2455767054034351,0.9451004188794292,0.0,0.0,0.04546187269560721,0.05763776633021972,predictive_alpha,31000,constant,1,41006,scn1_env41006,bc8b2864cdbdbad48665d39ec70f42532a3fa9c7bf385621456e6a6c8403a726
pre_step_3_10s,3.0,10.0,700,0.009359531717075244,0.006571779751342696,0.006664273768594714,0.7021483499386344,0.712030683804043,0.506987694678453,0.00812934034981824,0.032377749164195425,1.0,0.037142857142857144,0.11285714285714285,0.022804596115521433,0.031269531782007046,predictive_alpha,31000,constant,1,41006,scn1_env41006,bc8b2864cdbdbad48665d39ec70f42532a3fa9c7bf385621456e6a6c8403a726
step_recovery_10_13s,10.0,13.0,300,0.07101451710458628,0.06897896182045375,0.016880890550263122,0.9713360680727481,0.2377104180741224,0.05650624286097406,0.0658883977133776,0.10320665855050776,1.0,0.2038888888888889,0.6166666666666667,0.044110442471795366,0.07552731107017638,predictive_alpha,31000,constant,1,41006,scn1_env41006,bc8b2864cdbdbad48665d39ec70f42532a3fa9c7bf385621456e6a6c8403a726
post_step_13_20p9s,13.0,20.9,790,0.013212454919403092,0.005320102625377083,0.012094026337523616,0.4026581477726951,0.9153504334582808,0.8378664160322628,0.012834706026083094,0.02264081595566777,0.6477627185295854,0.0,0.0,0.021637371961637373,0.03064153840122189,predictive_alpha,31000,constant,1,41006,scn1_env41006,bc8b2864cdbdbad48665d39ec70f42532a3fa9c7bf385621456e6a6c8403a726
startup_0_3s,0.0,3.0,300,0.12416436111589607,0.12226829031809758,0.021616053155191287,0.9847293476102319,0.17409225127824463,0.03030811195512747,0.09803349413352488,0.24189761269475415,0.9451004188794292,0.0,0.0,0.04519076835188802,0.05708025031097795,predictive_alpha,31001,constant,1,41006,scn1_env41006,bc8b2864cdbdbad48665d39ec70f42532a3fa9c7bf385621456e6a6c8403a726
pre_step_3_10s,3.0,10.0,700,0.009711763235791624,0.007166168334888128,0.006554721698449178,0.7378854035977742,0.6749260190253074,0.45552513115734955,0.008497383540213918,0.03255407506060751,1.0,0.03833333333333333,0.11571428571428571,0.024824927297907896,0.0354641428379073,predictive_alpha,31001,constant,1,41006,scn1_env41006,bc8b2864cdbdbad48665d39ec70f42532a3fa9c7bf385621456e6a6c8403a726
step_recovery_10_13s,10.0,13.0,300,0.07063603134736268,0.06875624208508806,0.016187282009107316,0.9733876716115251,0.22916465860750396,0.05251644075469383,0.06546736869362532,0.1031839576097775,1.0,0.20222222222222222,0.6066666666666667,0.044003847906951686,0.075664214315063,predictive_alpha,31001,constant,1,41006,scn1_env41006,bc8b2864cdbdbad48665d39ec70f42532a3fa9c7bf385621456e6a6c8403a726
post_step_13_20p9s,13.0,20.9,790,0.012724342746086865,0.005441965856466264,0.011501908795367352,0.4276814893358511,0.9039295014985783,0.8170885436794684,0.012350037959843057,0.022095084584687473,0.6585577098137605,0.0,0.0,0.023447160718040466,0.03421390366914546,predictive_alpha,31001,constant,1,41006,scn1_env41006,bc8b2864cdbdbad48665d39ec70f42532a3fa9c7bf385621456e6a6c8403a726
startup_0_3s,0.0,3.0,300,0.12241705402916052,0.12035742249519021,0.022361260418247594,0.9831752891759699,0.18266458538465563,0.03336635075374815,0.09667997907296103,0.24213144970951725,0.9451004188794292,0.0,0.0,0.04554410440349722,0.05849338451264252,predictive_alpha,31002,constant,1,41006,scn1_env41006,bc8b2864cdbdbad48665d39ec70f42532a3fa9c7bf385621456e6a6c8403a726
pre_step_3_10s,3.0,10.0,700,0.009623250697335039,0.007005580107975623,0.006597636041378424,0.7279847868782713,0.6855932832764612,0.470038150073798,0.008406479471862764,0.032726073590376964,1.0,0.03761904761904762,0.11428571428571428,0.024661690974530043,0.035121627423366136,predictive_alpha,31002,constant,1,41006,scn1_env41006,bc8b2864cdbdbad48665d39ec70f42532a3fa9c7bf385621456e6a6c8403a726
step_recovery_10_13s,10.0,13.0,300,0.07136194511900183,0.06939841830874767,0.01662488338038811,0.9724849594979534,0.23296567032561638,0.05427300355026378,0.06623444281360681,0.1038449395670204,1.0,0.2038888888888889,0.6166666666666667,0.044829953005289344,0.07694000733365379,predictive_alpha,31002,constant,1,41006,scn1_env41006,bc8b2864cdbdbad48665d39ec70f42532a3fa9c7bf385621456e6a6c8403a726
post_step_13_20p9s,13.0,20.9,790,0.012798812490090168,0.005467173717332152,0.011572364179414707,0.42716257633786425,0.9041748356243932,0.8175321333763982,0.012413529829702256,0.02288764569673496,0.6582733238841846,0.0,0.0,0.023265371054666306,0.033852269330359376,predictive_alpha,31002,constant,1,41006,scn1_env41006,bc8b2864cdbdbad48665d39ec70f42532a3fa9c7bf385621456e6a6c8403a726
startup_0_3s,0.0,3.0,300,0.12485433007730898,0.12317029811412875,0.020437255234748937,0.9865120259574699,0.163688798154572,0.026794022641288214,0.10027669166960375,0.2434061678247828,0.9451004188794292,0.0,0.0,0.041887180425350286,0.051166679862271615,predictive_alpha,31003,constant,1,41006,scn1_env41006,bc8b2864cdbdbad48665d39ec70f42532a3fa9c7bf385621456e6a6c8403a726
pre_step_3_10s,3.0,10.0,700,0.009913384914749947,0.007484692725482402,0.006500351934557283,0.7550087875984783,0.6557146716744072,0.4299617306490757,0.00854710151937126,0.032238705707996584,1.0,0.03761904761904762,0.11428571428571428,0.02260271477815281,0.030893243516640346,predictive_alpha,31003,constant,1,41006,scn1_env41006,bc8b2864cdbdbad48665d39ec70f42532a3fa9c7bf385621456e6a6c8403a726
step_recovery_10_13s,10.0,13.0,300,0.07107779242500131,0.06902928330292861,0.016941387862143876,0.9711793367213224,0.2383499442532604,0.05681069592553233,0.06610074603831496,0.1031917693757319,1.0,0.2038888888888889,0.6166666666666667,0.044408256896871195,0.07606503848103473,predictive_alpha,31003,constant,1,41006,scn1_env41006,bc8b2864cdbdbad48665d39ec70f42532a3fa9c7bf385621456e6a6c8403a726
post_step_13_20p9s,13.0,20.9,790,0.013314576056011936,0.005394501062758035,0.012172809611393286,0.40515755365130485,0.9142468795239554,0.8358473567192898,0.012924870118739473,0.02342138629661373,0.6468589026119583,0.0,0.0,0.021392273368605486,0.030162818132670025,predictive_alpha,31003,constant,1,41006,scn1_env41006,bc8b2864cdbdbad48665d39ec70f42532a3fa9c7bf385621456e6a6c8403a726
startup_0_3s,0.0,3.0,300,0.12314343884730933,0.12119225000691351,0.02183449265274522,0.984155153870478,0.17730942758402837,0.0314386331101758,0.09658823276894404,0.2433002362821737,0.9451004188794292,0.0,0.0,0.044979482747631964,0.054560077117581325,predictive_alpha,31004,constant,1,41006,scn1_env41006,bc8b2864cdbdbad48665d39ec70f42532a3fa9c7bf385621456e6a6c8403a726
pre_step_3_10s,3.0,10.0,700,0.00954322611694454,0.0069337576973615405,0.006557146400181405,0.7265632829395355,0.6870995531101186,0.4721057958841246,0.00826686290175923,0.03267260292625375,1.0,0.03642857142857143,0.11,0.022625676816170438,0.03089261567024483,predictive_alpha,31004,constant,1,41006,scn1_env41006,bc8b2864cdbdbad48665d39ec70f42532a3fa9c7bf385621456e6a6c8403a726
step_recovery_10_13s,10.0,13.0,300,0.07153853037337723,0.06948374858231361,0.01702263231502255,0.9712772714180846,0.23795054533797708,0.05662046202664068,0.06636252692292416,0.10393793436434792,1.0,0.20444444444444446,0.6166666666666667,0.044130108320509495,0.07561920183713161,predictive_alpha,31004,constant,1,41006,scn1_env41006,bc8b2864cdbdbad48665d39ec70f42532a3fa9c7bf385621456e6a6c8403a726
post_step_13_20p9s,13.0,20.9,790,0.013276850973215425,0.005339579485462005,0.012155807775849563,0.4021721337562661,0.9155640746719653,0.8382575748299321,0.012897478348999921,0.022815104325181936,0.6482597394419698,0.0,0.0,0.02142605115038862,0.030229697279512843,predictive_alpha,31004,constant,1,41006,scn1_env41006,bc8b2864cdbdbad48665d39ec70f42532a3fa9c7bf385621456e6a6c8403a726
startup_0_3s,0.0,3.0,300,0.23157770553303994,0.2295465130520686,0.030604444866454385,0.9912288945246436,0.13215626606201067,0.017465278659452955,0.22248588102548325,0.31109465184129975,0.8999999999999999,0.0,0.0,0.06042004267968681,0.08009338487569131,real10kg_smc_steady,,constant,1,41007,scn1_env41007,e6d526464c468af26c5d51f464c4e9c2e0771ee392d7465a47dc987ab36ffb47
pre_step_3_10s,3.0,10.0,700,0.12429689619295166,0.12392706300366634,0.009581307764951233,0.9970245983559298,0.07708404681382984,0.00594195027319671,0.11564802036034341,0.23146594121745226,1.0,0.027142857142857142,0.08285714285714285,0.05767229323804204,0.09973087041076584,real10kg_smc_steady,,constant,1,41007,scn1_env41007,e6d526464c468af26c5d51f464c4e9c2e0771ee392d7465a47dc987ab36ffb47
step_recovery_10_13s,10.0,13.0,300,0.1437639205785001,0.14190541010462882,0.023041689242292825,0.9870724833714001,0.16027449132977187,0.025687912571017112,0.13822511768651718,0.19971994238625365,1.0,0.20833333333333334,0.6266666666666667,0.05730353951007583,0.09417025345057142,real10kg_smc_steady,,constant,1,41007,scn1_env41007,e6d526464c468af26c5d51f464c4e9c2e0771ee392d7465a47dc987ab36ffb47
post_step_13_20p9s,13.0,20.9,790,0.12349350846492754,0.12201019267908457,0.01908296400955036,0.987988714513976,0.1545260495613012,0.023878299993021712,0.11538940415524596,0.19030272524147757,0.6506581378712648,0.0,0.0,0.056963279609034884,0.09915988341261661,real10kg_smc_steady,,constant,1,41007,scn1_env41007,e6d526464c468af26c5d51f464c4e9c2e0771ee392d7465a47dc987ab36ffb47
startup_0_3s,0.0,3.0,300,0.14798504184840275,0.14680088157348314,0.01868351626760047,0.9919981083214298,0.12625273496722755,0.015939753086705002,0.12608028146957698,0.24423391811631334,1.0,0.016666666666666666,0.04666666666666667,0.04728128480190361,0.03221162282051632,real10kg_mpc_ltv_v3,,constant,1,41007,scn1_env41007,e6d526464c468af26c5d51f464c4e9c2e0771ee392d7465a47dc987ab36ffb47
pre_step_3_10s,3.0,10.0,700,0.009413332427939554,0.006856727369891397,0.006449505188297827,0.7284059521301999,0.6851458011994944,0.4694247689012971,0.008165544819297989,0.03146000467619938,1.0,0.036904761904761905,0.11142857142857143,0.022062571842327554,0.03078843147262149,real10kg_mpc_ltv_v3,,constant,1,41007,scn1_env41007,e6d526464c468af26c5d51f464c4e9c2e0771ee392d7465a47dc987ab36ffb47
step_recovery_10_13s,10.0,13.0,300,0.06664172046126962,0.0657829204159966,0.01066425279054553,0.9871131771609629,0.1600236716088881,0.02560757547518926,0.06100701031824776,0.0989575769498333,1.0,0.19555555555555557,0.5866666666666667,0.023216087943831218,0.03187046917477687,real10kg_mpc_ltv_v3,,constant,1,41007,scn1_env41007,e6d526464c468af26c5d51f464c4e9c2e0771ee392d7465a47dc987ab36ffb47
post_step_13_20p9s,13.0,20.9,790,0.013363199856656117,0.005449676475517854,0.012201480923278182,0.40781224062913407,0.9130658116439611,0.8336891763930455,0.013027726231429886,0.01914339512730677,0.6586633202273094,0.0,0.0,0.021270538783785174,0.030091858762449734,real10kg_mpc_ltv_v3,,constant,1,41007,scn1_env41007,e6d526464c468af26c5d51f464c4e9c2e0771ee392d7465a47dc987ab36ffb47
startup_0_3s,0.0,3.0,300,0.10553383728519002,0.10364503208862864,0.019877075627065886,0.9821023735595139,0.18834789048133393,0.035474927848768566,0.08708570591829956,0.19784062889981638,0.9132695221865397,0.0,0.0,0.04648613618905528,0.05969083305464222,predictive_alpha,31000,constant,1,41007,scn1_env41007,e6d526464c468af26c5d51f464c4e9c2e0771ee392d7465a47dc987ab36ffb47
pre_step_3_10s,3.0,10.0,700,0.009543089237808762,0.006904494201089034,0.006587754703076712,0.7235072447750065,0.6903167872492157,0.4765372667580791,0.008324173123284791,0.03233595082615387,1.0,0.03642857142857143,0.11,0.02473430110096658,0.0360355758495282,predictive_alpha,31000,constant,1,41007,scn1_env41007,e6d526464c468af26c5d51f464c4e9c2e0771ee392d7465a47dc987ab36ffb47
step_recovery_10_13s,10.0,13.0,300,0.07074809935926404,0.06873458277296375,0.016758600597152878,0.9715396370427493,0.23687704332594822,0.05611073365484314,0.065511041695593,0.10304784209768822,1.0,0.20555555555555555,0.62,0.039171433180277465,0.06248131091913311,predictive_alpha,31000,constant,1,41007,scn1_env41007,e6d526464c468af26c5d51f464c4e9c2e0771ee392d7465a47dc987ab36ffb47
post_step_13_20p9s,13.0,20.9,790,0.012951310769218717,0.0053398977224588685,0.01179923484614826,0.41230558185277766,0.9110456120156898,0.8300041071730427,0.012577237677358554,0.021727075089940477,0.6558385320376222,0.0,0.0,0.023091365780207308,0.03383067909311215,predictive_alpha,31000,constant,1,41007,scn1_env41007,e6d526464c468af26c5d51f464c4e9c2e0771ee392d7465a47dc987ab36ffb47
startup_0_3s,0.0,3.0,300,0.104252179095776,0.10259438420377798,0.018517806999354534,0.9840982231126794,0.17762513129190624,0.03155068726646693,0.08628263281617263,0.19600642244710284,0.9132695221865397,0.0,0.0,0.04476232625427706,0.05644241856537405,predictive_alpha,31001,constant,1,41007,scn1_env41007,e6d526464c468af26c5d51f464c4e9c2e0771ee392d7465a47dc987ab36ffb47
pre_step_3_10s,3.0,10.0,700,0.009687214542261239,0.007160729245131949,0.006524268715013942,0.7391938326432951,0.6734927451592306,0.4535924777821164,0.008438892505874753,0.03229536772678853,1.0,0.03642857142857143,0.11,0.024837994626387375,0.03618430669056789,predictive_alpha,31001,constant,1,41007,scn1_env41007,e6d526464c468af26c5d51f464c4e9c2e0771ee392d7465a47dc987ab36ffb47
step_recovery_10_13s,10.0,13.0,300,0.07087960807304304,0.06894026350519941,0.01646690342541232,0.9726388926157,0.2323221568669342,0.053973584571304384,0.06572880210152507,0.1035055039733335,1.0,0.20333333333333334,0.6133333333333333,0.03971741936756872,0.06351889256126328,predictive_alpha,31001,constant,1,41007,scn1_env41007,e6d526464c468af26c5d51f464c4e9c2e0771ee392d7465a47dc987ab36ffb47
post_step_13_20p9s,13.0,20.9,790,0.012984255839372289,0.005441996918515125,0.011788789982061147,0.4191227426383038,0.9079295824034737,0.824336126603346,0.012601973328949155,0.022333194034104015,0.6545060587007259,0.0,0.0,0.023081526254532553,0.033820264170485,predictive_alpha,31001,constant,1,41007,scn1_env41007,e6d526464c468af26c5d51f464c4e9c2e0771ee392d7465a47dc987ab36ffb47
startup_0_3s,0.0,3.0,300,0.10828192256020629,0.1064081865799071,0.020056734083848067,0.9826957636510621,0.18522698535109808,0.0343090361022559,0.08833749261798465,0.20016326389851777,0.9132695221865397,0.0,0.0,0.045802747089035804,0.058673455522386224,predictive_alpha,31002,constant,1,41007,scn1_env41007,e6d526464c468af26c5d51f464c4e9c2e0771ee392d7465a47dc987ab36ffb47
pre_step_3_10s,3.0,10.0,700,0.009532000771077591,0.006892494817775585,0.006584265630027427,0.7230900398884871,0.6907537869704847,0.47714079421406586,0.008318757677716768,0.03242018995213418,1.0,0.03619047619047619,0.10857142857142857,0.024842400865062824,0.03630236546582616,predictive_alpha,31002,constant,1,41007,scn1_env41007,e6d526464c468af26c5d51f464c4e9c2e0771ee392d7465a47dc987ab36ffb47
step_recovery_10_13s,10.0,13.0,300,0.07141418696927485,0.06939647427552423,0.01685572480224594,0.9717463324952685,0.23602767905903524,0.055709065281994936,0.06629640433891358,0.10392638346001297,1.0,0.20555555555555555,0.62,0.04035217399250094,0.06446614481884466,predictive_alpha,31002,constant,1,41007,scn1_env41007,e6d526464c468af26c5d51f464c4e9c2e0771ee392d7465a47dc987ab36ffb47
post_step_13_20p9s,13.0,20.9,790,0.013003958362332224,0.005463836052628434,0.011800399513544783,0.4201671445254082,0.9074467315833833,0.823459570661365,0.012613355906591172,0.022911268378188073,0.6538489165580555,0.0,0.0,0.023079395833296056,0.033822997281826715,predictive_alpha,31002,constant,1,41007,scn1_env41007,e6d526464c468af26c5d51f464c4e9c2e0771ee392d7465a47dc987ab36ffb47
startup_0_3s,0.0,3.0,300,0.10604718911276387,0.10451286722976023,0.017974061926365244,0.9855317062541645,0.1694911678163649,0.028727255967755168,0.08814053320696538,0.19696893664584464,0.9132695221865397,0.0,0.0,0.04348765409390856,0.054745820043278236,predictive_alpha,31003,constant,1,41007,scn1_env41007,e6d526464c468af26c5d51f464c4e9c2e0771ee392d7465a47dc987ab36ffb47
pre_step_3_10s,3.0,10.0,700,0.009812034292951504,0.007350207390442184,0.006500036021711373,0.7491012741080839,0.6624554936972334,0.4388472811296452,0.00853285022963213,0.03228183021925511,1.0,0.03642857142857143,0.11,0.02483904216729661,0.03626031521949868,predictive_alpha,31003,constant,1,41007,scn1_env41007,e6d526464c468af26c5d51f464c4e9c2e0771ee392d7465a47dc987ab36ffb47
step_recovery_10_13s,10.0,13.0,300,0.07119506338643296,0.06917025639781742,0.01685860849709744,0.9715597277071687,0.2367946272565584,0.05607169549757243,0.06603320877767141,0.10353787924478455,1.0,0.20555555555555555,0.62,0.040283194305178266,0.06441531675985573,predictive_alpha,31003,constant,1,41007,scn1_env41007,e6d526464c468af26c5d51f464c4e9c2e0771ee392d7465a47dc987ab36ffb47
post_step_13_20p9s,13.0,20.9,790,0.012982505727174186,0.00541321101298744,0.011800110231899617,0.41696195840351824,0.9089239380961989,0.8261427252443028,0.012598521294566394,0.022457659824526816,0.6545583162866913,0.0,0.0,0.0230878798177656,0.03382791426307416,predictive_alpha,31003,constant,1,41007,scn1_env41007,e6d526464c468af26c5d51f464c4e9c2e0771ee392d7465a47dc987ab36ffb47
startup_0_3s,0.0,3.0,300,0.10648794308380934,0.10470550180757986,0.019402059515512975,0.9832615672290088,0.18219958949007917,0.03319669041035336,0.0859339477512782,0.20074691979095635,0.9132695221865397,0.0,0.0,0.046129735169840445,0.05858882160606884,predictive_alpha,31004,constant,1,41007,scn1_env41007,e6d526464c468af26c5d51f464c4e9c2e0771ee392d7465a47dc987ab36ffb47
pre_step_3_10s,3.0,10.0,700,0.009502136594982667,0.006877946262588231,0.006556253128018884,0.7238315502873254,0.6899767291790698,0.4760678868086475,0.008289874161695724,0.03273017309345279,1.0,0.03595238095238095,0.10857142857142857,0.024852507615751557,0.03625291961327129,predictive_alpha,31004,constant,1,41007,scn1_env41007,e6d526464c468af26c5d51f464c4e9c2e0771ee392d7465a47dc987ab36ffb47
step_recovery_10_13s,10.0,13.0,300,0.07137135534856746,0.06934949517534102,0.01686765790549604,0.9716712655469134,0.23633652216798767,0.055854951710459726,0.06615194086461926,0.10379072617676591,1.0,0.20555555555555555,0.62,0.039749304135537775,0.06339571284894753,predictive_alpha,31004,constant,1,41007,scn1_env41007,e6d526464c468af26c5d51f464c4e9c2e0771ee392d7465a47dc987ab36ffb47
post_step_13_20p9s,13.0,20.9,790,0.012975943788342851,0.005394178285425535,0.011801608272743045,0.41570604600425926,0.9094990287600668,0.8271884833155049,0.012594720341339552,0.022281525473720955,0.6551403335614666,0.0,0.0,0.02308944273883947,0.033828788602076255,predictive_alpha,31004,constant,1,41007,scn1_env41007,e6d526464c468af26c5d51f464c4e9c2e0771ee392d7465a47dc987ab36ffb47
startup_0_3s,0.0,3.0,300,0.24915309043239234,0.24693490374798704,0.03317251547567991,0.9910970934353824,0.13314109577413116,0.01772655138393637,0.2395717789411994,0.33438089156253886,0.8920869296783565,0.0,0.0,0.059393993531814744,0.0806185889194279,real10kg_smc_steady,,constant,1,41008,scn1_env41008,6c18537607c311fc3f49d49c47a137cbd8c1f8daa74a78885bb4da7abc9c4a92
pre_step_3_10s,3.0,10.0,700,0.12260392242902024,0.12221499661025768,0.009757889040971834,0.9968277864928202,0.07958871826976843,0.00633436407582457,0.11460547016822556,0.22204824063027795,1.0,0.027142857142857142,0.08285714285714285,0.05508315591616073,0.09417299593697656,real10kg_smc_steady,,constant,1,41008,scn1_env41008,6c18537607c311fc3f49d49c47a137cbd8c1f8daa74a78885bb4da7abc9c4a92
step_recovery_10_13s,10.0,13.0,300,0.14337086755863548,0.14147788230913544,0.02322099226644312,0.9867965837011773,0.16196450967938975,0.026232502395685132,0.13785835941719327,0.19954302795258969,1.0,0.20722222222222222,0.63,0.06210715097811761,0.10711196526608034,real10kg_smc_steady,,constant,1,41008,scn1_env41008,6c18537607c311fc3f49d49c47a137cbd8c1f8daa74a78885bb4da7abc9c4a92
post_step_13_20p9s,13.0,20.9,790,0.12332103104613495,0.12186196205386059,0.018913986958471154,0.9881685307048031,0.15337194960197298,0.023522954924710137,0.11514805636525031,0.19011273480988308,0.6539708947327989,0.0,0.0,0.056293210237018124,0.0973855902244034,real10kg_smc_steady,,constant,1,41008,scn1_env41008,6c18537607c311fc3f49d49c47a137cbd8c1f8daa74a78885bb4da7abc9c4a92
startup_0_3s,0.0,3.0,300,0.1370066058865692,0.1355636040950674,0.01983227927681353,0.9894676480585433,0.14475418282555744,0.020953773445494903,0.1201121538220262,0.21204235018326376,1.0,0.01888888888888889,0.04666666666666667,0.045208044049642314,0.028966901196823047,real10kg_mpc_ltv_v3,,constant,1,41008,scn1_env41008,6c18537607c311fc3f49d49c47a137cbd8c1f8daa74a78885bb4da7abc9c4a92
pre_step_3_10s,3.0,10.0,700,0.009824001746620929,0.007144830261604641,0.006742581912774185,0.7272830813636798,0.6863376133960246,0.4710593195621509,0.008487732239344736,0.031140473311030897,1.0,0.03666666666666667,0.11142857142857143,0.018623744139586125,0.02381988171849312,real10kg_mpc_ltv_v3,,constant,1,41008,scn1_env41008,6c18537607c311fc3f49d49c47a137cbd8c1f8daa74a78885bb4da7abc9c4a92
step_recovery_10_13s,10.0,13.0,300,0.06660099048776005,0.06561788782291825,0.011401084668119158,0.9852389182556905,0.1711849115849779,0.029304273954356693,0.06109566065459588,0.0987508020546121,1.0,0.195,0.5866666666666667,0.021675022894343848,0.030070778947766077,real10kg_mpc_ltv_v3,,constant,1,41008,scn1_env41008,6c18537607c311fc3f49d49c47a137cbd8c1f8daa74a78885bb4da7abc9c4a92
post_step_13_20p9s,13.0,20.9,790,0.014154135222432465,0.005589366161488168,0.013003789055798864,0.3948928050814259,0.9187272024354797,0.8440596724949229,0.013803892307436505,0.019802959919673953,0.6574568459674354,0.0,0.0,0.018039337356237608,0.023885277535950013,real10kg_mpc_ltv_v3,,constant,1,41008,scn1_env41008,6c18537607c311fc3f49d49c47a137cbd8c1f8daa74a78885bb4da7abc9c4a92
startup_0_3s,0.0,3.0,300,0.12311488358396509,0.12078006340562092,0.0238631691865826,0.9810354352749575,0.1938284672974391,0.037569474734874424,0.09804489914918245,0.2390701218244334,0.9054117943814752,0.0,0.0,0.04559696155071586,0.058665706408810483,predictive_alpha,31000,constant,1,41008,scn1_env41008,6c18537607c311fc3f49d49c47a137cbd8c1f8daa74a78885bb4da7abc9c4a92
pre_step_3_10s,3.0,10.0,700,0.009501262403244342,0.006381656371659096,0.007039065933017484,0.6716640485037008,0.7408558604395448,0.5488674059476182,0.00824767677367042,0.03184346127451832,1.0,0.03619047619047619,0.10857142857142857,0.01899657010129019,0.02447130411989995,predictive_alpha,31000,constant,1,41008,scn1_env41008,6c18537607c311fc3f49d49c47a137cbd8c1f8daa74a78885bb4da7abc9c4a92
step_recovery_10_13s,10.0,13.0,300,0.07148883707099107,0.06925975680077469,0.017712704865724273,0.9688191840636207,0.2477688208598903,0.06138938859030041,0.06674140961566825,0.1031926327007502,1.0,0.20444444444444446,0.6133333333333333,0.04105787678323849,0.07008452197306785,predictive_alpha,31000,constant,1,41008,scn1_env41008,6c18537607c311fc3f49d49c47a137cbd8c1f8daa74a78885bb4da7abc9c4a92
post_step_13_20p9s,13.0,20.9,790,0.014379589927033186,0.005642436646302808,0.013226319032977139,0.39239204142360146,0.9197980679624296,0.8460284858274182,0.0139576149453041,0.025032605613327256,0.6438346968186083,0.0,0.0,0.01794386328528644,0.023814234394130523,predictive_alpha,31000,constant,1,41008,scn1_env41008,6c18537607c311fc3f49d49c47a137cbd8c1f8daa74a78885bb4da7abc9c4a92
startup_0_3s,0.0,3.0,300,0.1199904341923623,0.11812177662074921,0.021093842362866173,0.9844266121362862,0.17579603328253354,0.03090424531787364,0.09532592340977508,0.23466735891524862,0.9054117943814752,0.0,0.0,0.04310963266412214,0.05379903919179336,predictive_alpha,31001,constant,1,41008,scn1_env41008,6c18537607c311fc3f49d49c47a137cbd8c1f8daa74a78885bb4da7abc9c4a92
pre_step_3_10s,3.0,10.0,700,0.009892662899260822,0.007099408779327466,0.006889352235328051,0.7176438590521398,0.6964102896746661,0.48498729156475234,0.008557958000160116,0.03192849498625519,1.0,0.03571428571428571,0.10714285714285714,0.018973364818593654,0.02448590409183059,predictive_alpha,31001,constant,1,41008,scn1_env41008,6c18537607c311fc3f49d49c47a137cbd8c1f8daa74a78885bb4da7abc9c4a92
step_recovery_10_13s,10.0,13.0,300,0.07130965415796447,0.06913649306873174,0.01747032061198957,0.9695250087117409,0.24499236209012432,0.06002125748249858,0.0665187909091836,0.10352658747034087,1.0,0.2038888888888889,0.6133333333333333,0.04113629340812395,0.07004552795831111,predictive_alpha,31001,constant,1,41008,scn1_env41008,6c18537607c311fc3f49d49c47a137cbd8c1f8daa74a78885bb4da7abc9c4a92
post_step_13_20p9s,13.0,20.9,790,0.014371289417605716,0.005649611728672982,0.013214228953663044,0.39311794262189576,0.91948805494619,0.8454582831887277,0.013953701299924598,0.024784235975944573,0.6439942634233503,0.0,0.0,0.01793816616334035,0.02380765642295874,predictive_alpha,31001,constant,1,41008,scn1_env41008,6c18537607c311fc3f49d49c47a137cbd8c1f8daa74a78885bb4da7abc9c4a92
startup_0_3s,0.0,3.0,300,0.11641005186631183,0.11449064294427584,0.02105214605981429,0.9835116564999019,0.18084474426650968,0.03270482152881928,0.09283499665008492,0.2337563677965013,0.9054117943814752,0.0,0.0,0.04428895733305795,0.05571656618089985,predictive_alpha,31002,constant,1,41008,scn1_env41008,6c18537607c311fc3f49d49c47a137cbd8c1f8daa74a78885bb4da7abc9c4a92
pre_step_3_10s,3.0,10.0,700,0.009829985858442246,0.006998866428473051,0.00690249887313047,0.7119915053043788,0.7021880776361876,0.49306809637440463,0.008505504044575982,0.031910882701390156,1.0,0.03642857142857143,0.11,0.018994832982325384,0.024509489282987334,predictive_alpha,31002,constant,1,41008,scn1_env41008,6c18537607c311fc3f49d49c47a137cbd8c1f8daa74a78885bb4da7abc9c4a92
step_recovery_10_13s,10.0,13.0,300,0.0720199031190406,0.06979679140978581,0.01775596672036875,0.969131981397139,0.24654249660708624,0.06078320263325513,0.06728136394011822,0.10410414763927228,1.0,0.2038888888888889,0.6133333333333333,0.04185755468184991,0.07134203008972641,predictive_alpha,31002,constant,1,41008,scn1_env41008,6c18537607c311fc3f49d49c47a137cbd8c1f8daa74a78885bb4da7abc9c4a92
post_step_13_20p9s,13.0,20.9,790,0.014419714675816497,0.005750548856994764,0.0132234397633624,0.39879768679744326,0.9170389332002258,0.8409604050050081,0.013986014613027438,0.02590294228655977,0.6425144618263756,0.0,0.0,0.01793696951771332,0.02380396838510363,predictive_alpha,31002,constant,1,41008,scn1_env41008,6c18537607c311fc3f49d49c47a137cbd8c1f8daa74a78885bb4da7abc9c4a92
startup_0_3s,0.0,3.0,300,0.1191469475502821,0.11750415582789642,0.019717212625599827,0.986212053634925,0.16548651082545626,0.02738578526518385,0.09652817022716274,0.23489533682307592,0.9054117943814752,0.0,0.0,0.04121438963852579,0.049977393358022655,predictive_alpha,31003,constant,1,41008,scn1_env41008,6c18537607c311fc3f49d49c47a137cbd8c1f8daa74a78885bb4da7abc9c4a92
pre_step_3_10s,3.0,10.0,700,0.010215176485906178,0.007584807452856138,0.006842552633433554,0.7425038092411672,0.6698418419764148,0.44868809326235626,0.008780302668560891,0.03193154994387465,1.0,0.03619047619047619,0.10857142857142857,0.019047650657267094,0.024634151500084692,predictive_alpha,31003,constant,1,41008,scn1_env41008,6c18537607c311fc3f49d49c47a137cbd8c1f8daa74a78885bb4da7abc9c4a92
step_recovery_10_13s,10.0,13.0,300,0.07150583030867161,0.06927902682500302,0.017705937148681256,0.9688584347030714,0.24761529335789048,0.06131333350471415,0.06679989197333147,0.10322473494761777,1.0,0.20444444444444446,0.6133333333333333,0.041078358487605195,0.07009422188801565,predictive_alpha,31003,constant,1,41008,scn1_env41008,6c18537607c311fc3f49d49c47a137cbd8c1f8daa74a78885bb4da7abc9c4a92
post_step_13_20p9s,13.0,20.9,790,0.014389939693436264,0.005667248990371592,0.013226966895772619,0.3938341029293274,0.919181537765991,0.844894699369852,0.013964378621269147,0.02522938088665479,0.6434091819149266,0.0,0.0,0.01794228213816833,0.023815199210111843,predictive_alpha,31003,constant,1,41008,scn1_env41008,6c18537607c311fc3f49d49c47a137cbd8c1f8daa74a78885bb4da7abc9c4a92
startup_0_3s,0.0,3.0,300,0.11776015868037272,0.1158564536443375,0.02108879136849807,0.983834048311685,0.17908256582549065,0.03207056538264119,0.09293958227546958,0.23530571219222002,0.9054117943814752,0.0,0.0,0.04402401723729843,0.05401467226173888,predictive_alpha,31004,constant,1,41008,scn1_env41008,6c18537607c311fc3f49d49c47a137cbd8c1f8daa74a78885bb4da7abc9c4a92
pre_step_3_10s,3.0,10.0,700,0.0097583369984216,0.006901897419843838,0.006898474685081975,0.7072821343391003,0.7069313845379387,0.4997519824447269,0.008452703494574648,0.03213372067647286,1.0,0.035238095238095235,0.10714285714285714,0.019055053561458563,0.024656165532771397,predictive_alpha,31004,constant,1,41008,scn1_env41008,6c18537607c311fc3f49d49c47a137cbd8c1f8daa74a78885bb4da7abc9c4a92
step_recovery_10_13s,10.0,13.0,300,0.07204463163291237,0.06980937341026401,0.017806749596385164,0.968973979434892,0.24716275443138572,0.06108942717810948,0.06716338688679327,0.10412395380019397,1.0,0.20444444444444446,0.6133333333333333,0.04130494706332142,0.07042814572967163,predictive_alpha,31004,constant,1,41008,scn1_env41008,6c18537607c311fc3f49d49c47a137cbd8c1f8daa74a78885bb4da7abc9c4a92
post_step_13_20p9s,13.0,20.9,790,0.014375296372405106,0.005635116456617303,0.013224772524124725,0.39200001938287005,0.9199652084746627,0.8463359848038294,0.013956724447868067,0.024874883682036636,0.6444792270717714,0.0,0.0,0.017937026700551674,0.023803090919499625,predictive_alpha,31004,constant,1,41008,scn1_env41008,6c18537607c311fc3f49d49c47a137cbd8c1f8daa74a78885bb4da7abc9c4a92
startup_0_3s,0.0,3.0,300,0.23534925036428092,0.23298379795406834,0.03328392311502422,0.9899491823043784,0.14142353571768904,0.020000616454892463,0.22521477942421322,0.3180075395245319,0.8831813734689439,0.0,0.0,0.057649855376292976,0.07488988177616035,real10kg_smc_steady,,constant,1,41009,scn1_env41009,628a1efed4cd7862d29251431f234c979da06e950c2555f6fee1b7f01abe76db
pre_step_3_10s,3.0,10.0,700,0.12372967091296344,0.1233475132096912,0.009717121446976168,0.9969113495538102,0.07853509489903673,0.006167761130800704,0.11530191436095628,0.22857125524286304,1.0,0.02738095238095238,0.08285714285714285,0.05631736373034896,0.09629395385568917,real10kg_smc_steady,,constant,1,41009,scn1_env41009,628a1efed4cd7862d29251431f234c979da06e950c2555f6fee1b7f01abe76db
step_recovery_10_13s,10.0,13.0,300,0.14275000038343433,0.1409182640224449,0.022794856313892522,0.9871682216737703,0.15968375658608958,0.025498902117445505,0.13734378980500087,0.19775624760249214,1.0,0.20944444444444443,0.6333333333333333,0.06659409072118819,0.1160603495966612,real10kg_smc_steady,,constant,1,41009,scn1_env41009,628a1efed4cd7862d29251431f234c979da06e950c2555f6fee1b7f01abe76db
post_step_13_20p9s,13.0,20.9,790,0.12351348431606957,0.12205207524421118,0.018943910274211447,0.9881680200348112,0.1533752397894808,0.023523964180480736,0.11539717829388452,0.19022341358002828,0.6382209696875124,0.0,0.0,0.057208958090655966,0.09898504023910709,real10kg_smc_steady,,constant,1,41009,scn1_env41009,628a1efed4cd7862d29251431f234c979da06e950c2555f6fee1b7f01abe76db
startup_0_3s,0.0,3.0,300,0.13871443650991827,0.1372374807221274,0.02018833280159259,0.9893525445155432,0.14553880122022553,0.021181542660620323,0.11880189375701274,0.2266916682715948,1.0,0.017222222222222222,0.04666666666666667,0.04724608030937126,0.027621641523119217,real10kg_mpc_ltv_v3,,constant,1,41009,scn1_env41009,628a1efed4cd7862d29251431f234c979da06e950c2555f6fee1b7f01abe76db
pre_step_3_10s,3.0,10.0,700,0.00994309221298751,0.00732976593203923,0.006718602096975975,0.737171674065861,0.6757055001662604,0.45657792295493616,0.008923301666133183,0.03230007971069124,1.0,0.035476190476190474,0.10714285714285714,0.022012123430725027,0.03139262540217534,real10kg_mpc_ltv_v3,,constant,1,41009,scn1_env41009,628a1efed4cd7862d29251431f234c979da06e950c2555f6fee1b7f01abe76db
step_recovery_10_13s,10.0,13.0,300,0.06715434178833914,0.06645328322098992,0.00967815944154525,0.9895604878451665,0.14411814908482645,0.020770040895636263,0.06144702601227857,0.09960254256247775,1.0,0.19555555555555557,0.5866666666666667,0.021319276665055252,0.03174303317261329,real10kg_mpc_ltv_v3,,constant,1,41009,scn1_env41009,628a1efed4cd7862d29251431f234c979da06e950c2555f6fee1b7f01abe76db
post_step_13_20p9s,13.0,20.9,790,0.01174385420121118,0.006064219260887201,0.010057005332363613,0.5163738545273986,0.8563632654198315,0.7333580423605168,0.011421565460982209,0.018998746524597033,0.6634339670753311,0.0,0.0,0.021323585681408762,0.03162825753268928,real10kg_mpc_ltv_v3,,constant,1,41009,scn1_env41009,628a1efed4cd7862d29251431f234c979da06e950c2555f6fee1b7f01abe76db
startup_0_3s,0.0,3.0,300,0.10341588306165728,0.10053090777128644,0.024256575440557756,0.9721031701808243,0.2345536751457783,0.05501542652439129,0.08473135201036598,0.19982730088633127,0.8866559414199201,0.0,0.0,0.04535362645090492,0.05704905226131138,predictive_alpha,31000,constant,1,41009,scn1_env41009,628a1efed4cd7862d29251431f234c979da06e950c2555f6fee1b7f01abe76db
pre_step_3_10s,3.0,10.0,700,0.00950022763657697,0.0067571774527652355,0.006677939653712209,0.7112647939876013,0.7029241728904866,0.4941023928337747,0.008307508676719035,0.03270049066019318,1.0,0.03571428571428571,0.10714285714285714,0.025533161570290154,0.0364798960778337,predictive_alpha,31000,constant,1,41009,scn1_env41009,628a1efed4cd7862d29251431f234c979da06e950c2555f6fee1b7f01abe76db
step_recovery_10_13s,10.0,13.0,300,0.07096557430833425,0.06904013200935614,0.016418675617795336,0.9728679388880535,0.23136113218021423,0.05352797348371057,0.06568122773515511,0.10334835176315658,1.0,0.20555555555555555,0.6166666666666667,0.0468968721092262,0.08028299965156493,predictive_alpha,31000,constant,1,41009,scn1_env41009,628a1efed4cd7862d29251431f234c979da06e950c2555f6fee1b7f01abe76db
post_step_13_20p9s,13.0,20.9,790,0.012832909574343314,0.005396962308614775,0.01164286760135422,0.4205564044030092,0.9072663945697605,0.8231323107156124,0.012476016142183898,0.02172872180168154,0.6570869591245004,0.0,0.0,0.02336361613775168,0.03449991299673856,predictive_alpha,31000,constant,1,41009,scn1_env41009,628a1efed4cd7862d29251431f234c979da06e950c2555f6fee1b7f01abe76db
startup_0_3s,0.0,3.0,300,0.10282195546789703,0.10013844610113458,0.023337654952723195,0.973901397278908,0.22697151446423963,0.051516068378190547,0.08507774038575953,0.1980615011659198,0.8866559414199201,0.0,0.0,0.0445054397000435,0.05498021050436452,predictive_alpha,31001,constant,1,41009,scn1_env41009,628a1efed4cd7862d29251431f234c979da06e950c2555f6fee1b7f01abe76db
pre_step_3_10s,3.0,10.0,700,0.009653490554746815,0.007030823262380472,0.0066149379546414176,0.7283192771057589,0.6852379372131586,0.4695510305961446,0.00837428424940315,0.0325952750418594,1.0,0.035476190476190474,0.10714285714285714,0.024243280189594388,0.03388289574421676,predictive_alpha,31001,constant,1,41009,scn1_env41009,628a1efed4cd7862d29251431f234c979da06e950c2555f6fee1b7f01abe76db
step_recovery_10_13s,10.0,13.0,300,0.07101265849629512,0.06911596271065137,0.016302802375398023,0.9732907368093717,0.2295760040619881,0.05270514164106998,0.06584367527731019,0.10363426125270346,1.0,0.20444444444444446,0.6166666666666667,0.04703709167769051,0.08073131901577561,predictive_alpha,31001,constant,1,41009,scn1_env41009,628a1efed4cd7862d29251431f234c979da06e950c2555f6fee1b7f01abe76db
post_step_13_20p9s,13.0,20.9,790,0.01315892892476037,0.005426177053403058,0.011988077954034884,0.41235704550337265,0.9110223197176508,0.8299616670237294,0.012793883958821245,0.022497549217708402,0.654703278157925,0.0,0.0,0.022175970255987484,0.03208462755636403,predictive_alpha,31001,constant,1,41009,scn1_env41009,628a1efed4cd7862d29251431f234c979da06e950c2555f6fee1b7f01abe76db
startup_0_3s,0.0,3.0,300,0.10227015954415777,0.09966310250830454,0.022944531627528728,0.9745081356333705,0.22435216420701715,0.05033389358437239,0.08377951446844266,0.19830439522154292,0.8866559414199201,0.0,0.0,0.04343158046450892,0.053838805412182396,predictive_alpha,31002,constant,1,41009,scn1_env41009,628a1efed4cd7862d29251431f234c979da06e950c2555f6fee1b7f01abe76db
pre_step_3_10s,3.0,10.0,700,0.00959879788325298,0.0069763465690131175,0.006592989409407605,0.7267937770816851,0.6868557385618455,0.47177080559533824,0.008326121496441834,0.032507553492969986,1.0,0.03571428571428571,0.10857142857142857,0.023839723507264186,0.033101604121488555,predictive_alpha,31002,constant,1,41009,scn1_env41009,628a1efed4cd7862d29251431f234c979da06e950c2555f6fee1b7f01abe76db
step_recovery_10_13s,10.0,13.0,300,0.071512116989313,0.06952695844056102,0.01673275011161312,0.9722402491727571,0.23398482405595286,0.05474889788849522,0.06647508269730897,0.10397649674692008,1.0,0.20555555555555555,0.6166666666666667,0.04735843853161284,0.08111006462927284,predictive_alpha,31002,constant,1,41009,scn1_env41009,628a1efed4cd7862d29251431f234c979da06e950c2555f6fee1b7f01abe76db
post_step_13_20p9s,13.0,20.9,790,0.013309220277719025,0.005477219631841885,0.012129938561485507,0.4115357261770851,0.9113936285052134,0.8306383460798991,0.012929035285986795,0.02355763542620159,0.6528345025894804,0.0,0.0,0.021730882365436174,0.031212950958589798,predictive_alpha,31002,constant,1,41009,scn1_env41009,628a1efed4cd7862d29251431f234c979da06e950c2555f6fee1b7f01abe76db
startup_0_3s,0.0,3.0,300,0.10302063633373588,0.1007512684198631,0.0215042652140583,0.9779717152345947,0.20873745279921513,0.04357132420110456,0.0852925084797205,0.1984175641701255,0.8866559414199201,0.0,0.0,0.04197451460264511,0.05046050576363663,predictive_alpha,31003,constant,1,41009,scn1_env41009,628a1efed4cd7862d29251431f234c979da06e950c2555f6fee1b7f01abe76db
pre_step_3_10s,3.0,10.0,700,0.009825387549832948,0.007339564218080931,0.006532154131148343,0.746999971335046,0.6648240690780084,0.44199104282544044,0.008492233412972854,0.03237335780027404,1.0,0.035476190476190474,0.10714285714285714,0.023503229583498986,0.03251399191044911,predictive_alpha,31003,constant,1,41009,scn1_env41009,628a1efed4cd7862d29251431f234c979da06e950c2555f6fee1b7f01abe76db
step_recovery_10_13s,10.0,13.0,300,0.0712314753767783,0.0692215683365566,0.01680171304897213,0.9717834422270447,0.2358748426885672,0.05563694141335634,0.06618190616840663,0.10343132506718884,1.0,0.20555555555555555,0.6166666666666667,0.04706303627411783,0.08051016393207189,predictive_alpha,31003,constant,1,41009,scn1_env41009,628a1efed4cd7862d29251431f234c979da06e950c2555f6fee1b7f01abe76db
post_step_13_20p9s,13.0,20.9,790,0.013378181223984336,0.005411303703190577,0.01223493053080413,0.4044872477500319,0.9145436383287594,0.8363900664076046,0.013004725275767286,0.023106046417205615,0.6535636545068529,0.0,0.0,0.02138542319620436,0.030531055550243758,predictive_alpha,31003,constant,1,41009,scn1_env41009,628a1efed4cd7862d29251431f234c979da06e950c2555f6fee1b7f01abe76db
startup_0_3s,0.0,3.0,300,0.10226693117597346,0.09980255771440613,0.022315346419312605,0.9759025382571926,0.21820686474803852,0.047614235823168774,0.08218396253854118,0.1997546944047886,0.8866559414199201,0.0,0.0,0.04343029586182716,0.05189620315256982,predictive_alpha,31004,constant,1,41009,scn1_env41009,628a1efed4cd7862d29251431f234c979da06e950c2555f6fee1b7f01abe76db
pre_step_3_10s,3.0,10.0,700,0.009552369778115254,0.00693946504925072,0.006564418725833795,0.7264652866715051,0.6872031630175227,0.472248187261288,0.00829044806879178,0.03297789616014927,1.0,0.035476190476190474,0.10714285714285714,0.024165512173548297,0.033700089783294404,predictive_alpha,31004,constant,1,41009,scn1_env41009,628a1efed4cd7862d29251431f234c979da06e950c2555f6fee1b7f01abe76db
step_recovery_10_13s,10.0,13.0,300,0.07166075566693336,0.06967304409445867,0.016760991300264434,0.972262201898718,0.23389358853772887,0.05470621075905641,0.06644265188733636,0.10412819341294284,1.0,0.2061111111111111,0.62,0.047037746644908666,0.08049394292940856,predictive_alpha,31004,constant,1,41009,scn1_env41009,628a1efed4cd7862d29251431f234c979da06e950c2555f6fee1b7f01abe76db
post_step_13_20p9s,13.0,20.9,790,0.01320928443492702,0.0053891037922685564,0.012059964991614274,0.4079784805011151,0.9129915440177971,0.8335535594480011,0.012843395493961934,0.02261358542336099,0.6550545428537263,0.0,0.0,0.02197063857217583,0.03168363760170826,predictive_alpha,31004,constant,1,41009,scn1_env41009,628a1efed4cd7862d29251431f234c979da06e950c2555f6fee1b7f01abe76db
startup_0_3s,0.0,3.0,300,0.2502929523547946,0.24683344339631763,0.04147063080779382,0.9861781607275419,0.1656883680408567,0.027452635304042385,0.2414907617074161,0.3320203236834542,0.9656993252724089,0.0,0.0,0.06121876323034148,0.07740435379354883,real10kg_smc_steady,,constant,1,41010,scn1_env41010,c59df2c773c55ad0a3d5d619b484451042fbc761beafcf08fc6fea5476aea568
pre_step_3_10s,3.0,10.0,700,0.12299778186115015,0.1226201391270516,0.009630982464192661,0.9969296785000166,0.07830208251287729,0.006131216125853444,0.1148951142316712,0.22479224285162758,1.0,0.027142857142857142,0.08571428571428572,0.05685579616005111,0.09871238746271462,real10kg_smc_steady,,constant,1,41010,scn1_env41010,c59df2c773c55ad0a3d5d619b484451042fbc761beafcf08fc6fea5476aea568
step_recovery_10_13s,10.0,13.0,300,0.14290728254148102,0.14104058100467315,0.023022726017023164,0.9869376738287216,0.16110253870610455,0.025954027977551912,0.13750384700160126,0.1983663972252159,1.0,0.20777777777777778,0.6266666666666667,0.06204297027437963,0.10666770071799664,real10kg_smc_steady,,constant,1,41010,scn1_env41010,c59df2c773c55ad0a3d5d619b484451042fbc761beafcf08fc6fea5476aea568
post_step_13_20p9s,13.0,20.9,790,0.12334504905069052,0.12189852488156794,0.01883482829799664,0.9882725396742263,0.15270031868288594,0.02331738732585492,0.11520183934291492,0.19011705934415418,0.6373847045580363,0.0,0.0,0.05639003257951739,0.09638662526562174,real10kg_smc_steady,,constant,1,41010,scn1_env41010,c59df2c773c55ad0a3d5d619b484451042fbc761beafcf08fc6fea5476aea568
startup_0_3s,0.0,3.0,300,0.15224075877797946,0.14915920812169647,0.030475880066100934,0.9797587014080968,0.2001821346052635,0.04007288701511983,0.1298247955916283,0.2482890781283897,1.0,0.01888888888888889,0.05,0.0441880426218916,0.029183524685377257,real10kg_mpc_ltv_v3,,constant,1,41010,scn1_env41010,c59df2c773c55ad0a3d5d619b484451042fbc761beafcf08fc6fea5476aea568
pre_step_3_10s,3.0,10.0,700,0.009549904914112822,0.006970657878390099,0.006527680492413385,0.7299190872663959,0.6835335588280882,0.46721812604419155,0.008321379909194663,0.031550999786947136,1.0,0.037142857142857144,0.11142857142857143,0.02233008916030328,0.030649184208988708,real10kg_mpc_ltv_v3,,constant,1,41010,scn1_env41010,c59df2c773c55ad0a3d5d619b484451042fbc761beafcf08fc6fea5476aea568
step_recovery_10_13s,10.0,13.0,300,0.06673856851159139,0.06588956443693601,0.010611400722206097,0.9872786591982727,0.15899952544476695,0.02528084909166109,0.061140021078494276,0.09899800755375081,1.0,0.19555555555555557,0.5866666666666667,0.024125100101704867,0.03552491328738025,real10kg_mpc_ltv_v3,,constant,1,41010,scn1_env41010,c59df2c773c55ad0a3d5d619b484451042fbc761beafcf08fc6fea5476aea568
post_step_13_20p9s,13.0,20.9,790,0.013272404514155673,0.0054904525008759265,0.01208352816535821,0.41367428901222,0.9104249461708714,0.8288735826102342,0.012952304059359853,0.019217870642400693,0.6606530172281762,0.0,0.0,0.021125706622018868,0.029627535440329787,real10kg_mpc_ltv_v3,,constant,1,41010,scn1_env41010,c59df2c773c55ad0a3d5d619b484451042fbc761beafcf08fc6fea5476aea568
startup_0_3s,0.0,3.0,300,0.12677940000835108,0.122643658645603,0.032117740588315034,0.9673784434815462,0.2533356411704063,0.06417894708722086,0.10054066734205606,0.24359477181952094,0.9703478642170982,0.0,0.0,0.04449292668218463,0.050665270162020166,predictive_alpha,31000,constant,1,41010,scn1_env41010,c59df2c773c55ad0a3d5d619b484451042fbc761beafcf08fc6fea5476aea568
pre_step_3_10s,3.0,10.0,700,0.009669124398902792,0.006924923026824672,0.006748141056173223,0.7161892577998563,0.697906116187622,0.4870729470120906,0.00840382020576135,0.03190064053485692,1.0,0.037142857142857144,0.11142857142857143,0.020936723040289294,0.02780817106220762,predictive_alpha,31000,constant,1,41010,scn1_env41010,c59df2c773c55ad0a3d5d619b484451042fbc761beafcf08fc6fea5476aea568
step_recovery_10_13s,10.0,13.0,300,0.0711112945425199,0.06899025091046536,0.01723837262690578,0.9701729008633602,0.2424139897579612,0.05876454243037291,0.06624027084899019,0.10301590440254908,1.0,0.205,0.62,0.04303604996226,0.07175197622933907,predictive_alpha,31000,constant,1,41010,scn1_env41010,c59df2c773c55ad0a3d5d619b484451042fbc761beafcf08fc6fea5476aea568
post_step_13_20p9s,13.0,20.9,790,0.013894350506840906,0.005507664037793815,0.012756120603606052,0.39639593337465523,0.9180796610338536,0.8428702640040356,0.013510546142550296,0.02389397256482176,0.6492671014040026,0.0,0.0,0.019449503487208412,0.026495301091430456,predictive_alpha,31000,constant,1,41010,scn1_env41010,c59df2c773c55ad0a3d5d619b484451042fbc761beafcf08fc6fea5476aea568
startup_0_3s,0.0,3.0,300,0.1242249862276811,0.12007988307214379,0.03182245880895811,0.9666322912852643,0.2561679399234024,0.0656220134445999,0.09890424068701326,0.2416626986030831,0.9703478642170982,0.0,0.0,0.04338879435263867,0.04932323267549688,predictive_alpha,31001,constant,1,41010,scn1_env41010,c59df2c773c55ad0a3d5d619b484451042fbc761beafcf08fc6fea5476aea568
pre_step_3_10s,3.0,10.0,700,0.009741932888581868,0.007067917580222172,0.00670446101374446,0.7255149117795913,0.6882064463411046,0.4736281127854517,0.00845670600608736,0.03192889483521068,1.0,0.036904761904761905,0.11142857142857143,0.021146410689843388,0.02821871661924352,predictive_alpha,31001,constant,1,41010,scn1_env41010,c59df2c773c55ad0a3d5d619b484451042fbc761beafcf08fc6fea5476aea568
step_recovery_10_13s,10.0,13.0,300,0.07088134100988454,0.06884330822570874,0.016874934545046464,0.9712472597846082,0.23807301476834675,0.056678760360889445,0.06599352936145159,0.103177614490188,1.0,0.20277777777777778,0.61,0.042713678683279466,0.07113802854504098,predictive_alpha,31001,constant,1,41010,scn1_env41010,c59df2c773c55ad0a3d5d619b484451042fbc761beafcf08fc6fea5476aea568
post_step_13_20p9s,13.0,20.9,790,0.013839070142443122,0.005530760412808578,0.012685840597436585,0.3996482679747578,0.916668567097605,0.8402812619047764,0.013457606736665548,0.02376095965074945,0.6490998845591976,0.0,0.0,0.019630422276663465,0.026822766456005374,predictive_alpha,31001,constant,1,41010,scn1_env41010,c59df2c773c55ad0a3d5d619b484451042fbc761beafcf08fc6fea5476aea568
startup_0_3s,0.0,3.0,300,0.1258475662359222,0.12157730876490508,0.032504890724131895,0.9660680170563505,0.25828779766146664,0.06671258642081075,0.09917002387122224,0.2427774892038168,0.9703478642170982,0.0,0.0,0.04600340403727815,0.054466568257058416,predictive_alpha,31002,constant,1,41010,scn1_env41010,c59df2c773c55ad0a3d5d619b484451042fbc761beafcf08fc6fea5476aea568
pre_step_3_10s,3.0,10.0,700,0.009485562507148916,0.00676516815873822,0.00664893945385456,0.7132068502673999,0.7009536280893728,0.4913359887316548,0.00830375072501471,0.03247027759427073,1.0,0.03738095238095238,0.11285714285714285,0.02401674346276098,0.03399303066004238,predictive_alpha,31002,constant,1,41010,scn1_env41010,c59df2c773c55ad0a3d5d619b484451042fbc761beafcf08fc6fea5476aea568
step_recovery_10_13s,10.0,13.0,300,0.07148510925819748,0.06949205029208837,0.01676233253035784,0.9721192429193838,0.23448705197908942,0.054984177545844184,0.06649784450459456,0.10388909325900803,1.0,0.20444444444444446,0.6166666666666667,0.04420357113235872,0.07395722878682383,predictive_alpha,31002,constant,1,41010,scn1_env41010,c59df2c773c55ad0a3d5d619b484451042fbc761beafcf08fc6fea5476aea568
post_step_13_20p9s,13.0,20.9,790,0.013167283733157068,0.005533164905995022,0.011948282179147255,0.4202206786249875,0.907421942238535,0.8234145812559552,0.012784981030723284,0.02354619845073479,0.6489620655620392,0.0,0.0,0.022110359366219835,0.03159407555789599,predictive_alpha,31002,constant,1,41010,scn1_env41010,c59df2c773c55ad0a3d5d619b484451042fbc761beafcf08fc6fea5476aea568
startup_0_3s,0.0,3.0,300,0.1272309794407761,0.12331955445780492,0.03130510529909909,0.9692572909509677,0.24604939329002884,0.06054030393839129,0.10291491515532297,0.24313079584752278,0.9703478642170982,0.0,0.0,0.044970354530589514,0.0499587647046695,predictive_alpha,31003,constant,1,41010,scn1_env41010,c59df2c773c55ad0a3d5d619b484451042fbc761beafcf08fc6fea5476aea568
pre_step_3_10s,3.0,10.0,700,0.009991835876244914,0.007530017879489824,0.006567770924170434,0.7536170502351887,0.6573137314820171,0.43206134159481324,0.008682650433541007,0.03240605939366391,1.0,0.03738095238095238,0.11285714285714285,0.02417556534827526,0.034312221885569934,predictive_alpha,31003,constant,1,41010,scn1_env41010,c59df2c773c55ad0a3d5d619b484451042fbc761beafcf08fc6fea5476aea568
step_recovery_10_13s,10.0,13.0,300,0.07116719867200903,0.06916359655815407,0.016768037391480948,0.9718465507812238,0.23561468913172257,0.05551428173463827,0.06619661180337962,0.1033375109702088,1.0,0.20444444444444446,0.6166666666666667,0.043967554527482126,0.0735944246379902,predictive_alpha,31003,constant,1,41010,scn1_env41010,c59df2c773c55ad0a3d5d619b484451042fbc761beafcf08fc6fea5476aea568
post_step_13_20p9s,13.0,20.9,790,0.013121500190835156,0.005488031803734573,0.011918694315204368,0.41824728300257497,0.9083332044249864,0.8250692102609641,0.012743510368384503,0.023180385614557462,0.6494650063524816,0.0,0.0,0.022247257048852335,0.03186191022402473,predictive_alpha,31003,constant,1,41010,scn1_env41010,c59df2c773c55ad0a3d5d619b484451042fbc761beafcf08fc6fea5476aea568
startup_0_3s,0.0,3.0,300,0.12329235053242878,0.11916307690202653,0.03164118839508086,0.9665082739312675,0.2566354543363052,0.06586175642240177,0.09789211385543409,0.24135532962626693,0.9703478642170982,0.0,0.0,0.04544843672465237,0.05157657492500048,predictive_alpha,31004,constant,1,41010,scn1_env41010,c59df2c773c55ad0a3d5d619b484451042fbc761beafcf08fc6fea5476aea568
pre_step_3_10s,3.0,10.0,700,0.009732410201829316,0.0071556836447751754,0.006596665817863476,0.7352427092962218,0.6778039232895834,0.45941815842675143,0.008487607926165076,0.03282911542720313,1.0,0.036904761904761905,0.11142857142857143,0.024283062612757648,0.03457875411852055,predictive_alpha,31004,constant,1,41010,scn1_env41010,c59df2c773c55ad0a3d5d619b484451042fbc761beafcf08fc6fea5476aea568
step_recovery_10_13s,10.0,13.0,300,0.07160469456273416,0.0695989416692231,0.01682912956592023,0.9719885280461077,0.23502829903388422,0.055238301346760915,0.06647004630118673,0.10399164336061652,1.0,0.20555555555555555,0.62,0.04388528258900187,0.07346291472900786,predictive_alpha,31004,constant,1,41010,scn1_env41010,c59df2c773c55ad0a3d5d619b484451042fbc761beafcf08fc6fea5476aea568
post_step_13_20p9s,13.0,20.9,790,0.013081193050094399,0.005455608805161853,0.011889236484269226,0.41705743384946703,0.9088801333899303,0.8260630968708975,0.01271120180283764,0.022737338104603093,0.6507839429824499,0.0,0.0,0.02234140257381096,0.03204905438968184,predictive_alpha,31004,constant,1,41010,scn1_env41010,c59df2c773c55ad0a3d5d619b484451042fbc761beafcf08fc6fea5476aea568
startup_0_3s,0.0,3.0,300,0.2580907067218764,0.2554965660743174,0.0365009262955006,0.9899487250799989,0.1414267362010625,0.020001521712484923,0.24853215575929408,0.347710876906828,0.9431128080288541,0.0,0.0,0.0601688309523821,0.0766895673646421,real10kg_smc_steady,,constant,1,41011,scn1_env41011,a59f92e2dc50b5e5e6f42d0350337bf63f24f427dc7299ad4a933731800914bd
pre_step_3_10s,3.0,10.0,700,0.12197916396766013,0.12156726568971139,0.010015805258511956,0.9966232078942765,0.08211078788150579,0.006742181486521639,0.11415425974075441,0.21894929429565263,1.0,0.026904761904761904,0.08285714285714285,0.058234318367050134,0.1000356895093162,real10kg_smc_steady,,constant,1,41011,scn1_env41011,a59f92e2dc50b5e5e6f42d0350337bf63f24f427dc7299ad4a933731800914bd
step_recovery_10_13s,10.0,13.0,300,0.14327234262124247,0.14141114768321023,0.02301850279874861,0.987009391317398,0.16066257016262214,0.025812461451259486,0.13779260300516158,0.19929378769869852,1.0,0.2088888888888889,0.63,0.06403802035402464,0.10853000041955348,real10kg_smc_steady,,constant,1,41011,scn1_env41011,a59f92e2dc50b5e5e6f42d0350337bf63f24f427dc7299ad4a933731800914bd
post_step_13_20p9s,13.0,20.9,790,0.12350607334197258,0.12201146585726967,0.01915600041013321,0.9878985102168657,0.15510168764812632,0.024056533511296937,0.11539893392038197,0.19051840077404622,0.6328338299158494,0.0,0.0,0.054023332898754675,0.09196722680902397,real10kg_smc_steady,,constant,1,41011,scn1_env41011,a59f92e2dc50b5e5e6f42d0350337bf63f24f427dc7299ad4a933731800914bd
startup_0_3s,0.0,3.0,300,0.14392341153713067,0.14236673017928547,0.021110720654321714,0.9891839601269902,0.1466802407534328,0.021515093027485006,0.12463572933248948,0.22538486379507774,1.0,0.020555555555555556,0.05,0.048628063157763544,0.0302583153194947,real10kg_mpc_ltv_v3,,constant,1,41011,scn1_env41011,a59f92e2dc50b5e5e6f42d0350337bf63f24f427dc7299ad4a933731800914bd
pre_step_3_10s,3.0,10.0,700,0.009672869326572464,0.007147501927112228,0.006517485497557585,0.7389226180774751,0.6737902971203505,0.4539933644935302,0.00833125943682873,0.03173194727593955,1.0,0.03619047619047619,0.11,0.022108659657815614,0.030280887509453857,real10kg_mpc_ltv_v3,,constant,1,41011,scn1_env41011,a59f92e2dc50b5e5e6f42d0350337bf63f24f427dc7299ad4a933731800914bd
step_recovery_10_13s,10.0,13.0,300,0.06681389350156328,0.0659503993514288,0.010707062632921338,0.9870761288576263,0.1602520384876361,0.025680715839442807,0.06117584126871544,0.09917102959898029,1.0,0.19555555555555557,0.5866666666666667,0.024929779278710776,0.035843071270787306,real10kg_mpc_ltv_v3,,constant,1,41011,scn1_env41011,a59f92e2dc50b5e5e6f42d0350337bf63f24f427dc7299ad4a933731800914bd
post_step_13_20p9s,13.0,20.9,790,0.013544524100483013,0.005533242535059034,0.012362740802782312,0.4085224769810637,0.9127482598182569,0.8331093858012562,0.013223696158981824,0.019270323574172122,0.6652828476086595,0.0,0.0,0.020168557193857364,0.02781626741817051,real10kg_mpc_ltv_v3,,constant,1,41011,scn1_env41011,a59f92e2dc50b5e5e6f42d0350337bf63f24f427dc7299ad4a933731800914bd
startup_0_3s,0.0,3.0,300,0.1307073386233441,0.12804884753915172,0.026227867124351104,0.9796607358684482,0.20066101414497664,0.040264842597690524,0.10304781183304669,0.25771520855786517,0.9498466435321589,0.0,0.0,0.04593496973914074,0.05607248739365821,predictive_alpha,31000,constant,1,41011,scn1_env41011,a59f92e2dc50b5e5e6f42d0350337bf63f24f427dc7299ad4a933731800914bd
pre_step_3_10s,3.0,10.0,700,0.009517671171906026,0.006711023097762881,0.00674894314080539,0.7051118888801576,0.7090960613061225,0.5028172241598563,0.00826020631522495,0.032767367068543614,1.0,0.03595238095238095,0.10857142857142857,0.024960061279132924,0.03580546614779625,predictive_alpha,31000,constant,1,41011,scn1_env41011,a59f92e2dc50b5e5e6f42d0350337bf63f24f427dc7299ad4a933731800914bd
step_recovery_10_13s,10.0,13.0,300,0.07094396915574994,0.0689706462960905,0.01661615807193638,0.972184769429418,0.23421523026795094,0.054856774089469276,0.06572741199198327,0.10342888799938707,1.0,0.2038888888888889,0.6166666666666667,0.04442897582347542,0.07363060222327833,predictive_alpha,31000,constant,1,41011,scn1_env41011,a59f92e2dc50b5e5e6f42d0350337bf63f24f427dc7299ad4a933731800914bd
post_step_13_20p9s,13.0,20.9,790,0.013089685931210142,0.0054074587947582865,0.011920539717676879,0.41310836815917146,0.9106818742880888,0.8293414761568663,0.012731600338413298,0.021814304984785586,0.6552469889151505,0.0,0.0,0.022108203888060424,0.03156297146990696,predictive_alpha,31000,constant,1,41011,scn1_env41011,a59f92e2dc50b5e5e6f42d0350337bf63f24f427dc7299ad4a933731800914bd
startup_0_3s,0.0,3.0,300,0.12885864112378304,0.12627617061591173,0.025668621444266616,0.9799588876201903,0.19919984581871428,0.039680578574199536,0.10190709809715177,0.25494634718934656,0.9498466435321589,0.0,0.0,0.04509263000107134,0.054587870635619824,predictive_alpha,31001,constant,1,41011,scn1_env41011,a59f92e2dc50b5e5e6f42d0350337bf63f24f427dc7299ad4a933731800914bd
pre_step_3_10s,3.0,10.0,700,0.009627950082303561,0.006872800523682353,0.006742554096853856,0.7138384043260414,0.700310454376665,0.49043473250925096,0.008282083685446806,0.03272808517195695,1.0,0.03571428571428571,0.10857142857142857,0.02293320102682472,0.031837876121809695,predictive_alpha,31001,constant,1,41011,scn1_env41011,a59f92e2dc50b5e5e6f42d0350337bf63f24f427dc7299ad4a933731800914bd
step_recovery_10_13s,10.0,13.0,300,0.07105734752545047,0.06909539885412502,0.01658229461027695,0.9723892216688396,0.23336495362900656,0.05445920158226837,0.06592856384651281,0.10374451039914852,1.0,0.20222222222222222,0.6066666666666667,0.04396165984414004,0.07273711486658348,predictive_alpha,31001,constant,1,41011,scn1_env41011,a59f92e2dc50b5e5e6f42d0350337bf63f24f427dc7299ad4a933731800914bd
post_step_13_20p9s,13.0,20.9,790,0.013570454612278597,0.005453279208976276,0.012426543536030465,0.40184941218123443,0.9157057660239977,0.8385170499295963,0.013205686516402712,0.022602826733438375,0.6538537833318668,0.0,0.0,0.020443061406390545,0.028371955828370286,predictive_alpha,31001,constant,1,41011,scn1_env41011,a59f92e2dc50b5e5e6f42d0350337bf63f24f427dc7299ad4a933731800914bd
startup_0_3s,0.0,3.0,300,0.1256515886932744,0.12324442116924132,0.024477221897152908,0.9808425221752735,0.1948023272264688,0.03794794669284823,0.09957981869688202,0.254249474722975,0.9498466435321589,0.0,0.0,0.04611858523361531,0.05516564632227098,predictive_alpha,31002,constant,1,41011,scn1_env41011,a59f92e2dc50b5e5e6f42d0350337bf63f24f427dc7299ad4a933731800914bd
pre_step_3_10s,3.0,10.0,700,0.009958057789090606,0.007268808394147382,0.006806418989456987,0.7299423791364829,0.683508685490222,0.46718412314057123,0.00879008824565348,0.03321560396939673,1.0,0.03642857142857143,0.11,0.027941774901339457,0.042427577280262356,predictive_alpha,31002,constant,1,41011,scn1_env41011,a59f92e2dc50b5e5e6f42d0350337bf63f24f427dc7299ad4a933731800914bd
step_recovery_10_13s,10.0,13.0,300,0.07141342675080926,0.06955016980724364,0.016206523380317427,0.9739088708056639,0.22693944427101412,0.051501511366036715,0.06612716585968657,0.10424665042275379,1.0,0.20333333333333334,0.6133333333333333,0.04499673416957601,0.07509451555716945,predictive_alpha,31002,constant,1,41011,scn1_env41011,a59f92e2dc50b5e5e6f42d0350337bf63f24f427dc7299ad4a933731800914bd
post_step_13_20p9s,13.0,20.9,790,0.012310487044989098,0.00573515694842804,0.010892936521514386,0.4658757145406767,0.8848501673171643,0.7829598186012137,0.011942399605219221,0.021893891503284277,0.6630759836959857,0.0,0.0,0.02463322834336809,0.03678346245701133,predictive_alpha,31002,constant,1,41011,scn1_env41011,a59f92e2dc50b5e5e6f42d0350337bf63f24f427dc7299ad4a933731800914bd
startup_0_3s,0.0,3.0,300,0.12668660969500306,0.12464812252835941,0.0226349867720117,0.9839092136765575,0.17866913343490082,0.03192265924237839,0.10114825874230325,0.25444407672493274,0.9498466435321589,0.0,0.0,0.041995072665906234,0.048627571486225075,predictive_alpha,31003,constant,1,41011,scn1_env41011,a59f92e2dc50b5e5e6f42d0350337bf63f24f427dc7299ad4a933731800914bd
pre_step_3_10s,3.0,10.0,700,0.00994955111717089,0.007466450169457931,0.006576145474379206,0.750430856782309,0.6609489611074136,0.43685352918896936,0.008547093998280072,0.03269701903072415,1.0,0.03595238095238095,0.10857142857142857,0.023592138007266488,0.033135826830184324,predictive_alpha,31003,constant,1,41011,scn1_env41011,a59f92e2dc50b5e5e6f42d0350337bf63f24f427dc7299ad4a933731800914bd
step_recovery_10_13s,10.0,13.0,300,0.071208518200284,0.06918414172673992,0.016858457753144006,0.9715711473190577,0.23674776809323875,0.05604950569712995,0.06621308553817197,0.10356754441695042,1.0,0.20333333333333334,0.6133333333333333,0.04459010146546503,0.07391007100654844,predictive_alpha,31003,constant,1,41011,scn1_env41011,a59f92e2dc50b5e5e6f42d0350337bf63f24f427dc7299ad4a933731800914bd
post_step_13_20p9s,13.0,20.9,790,0.013457377212428597,0.0054705443604787345,0.012295289579250536,0.40650895595215975,0.913646796486851,0.8347504687306853,0.013082823224298447,0.023113203869160513,0.6526535026307433,0.0,0.0,0.020921324137580743,0.029266948734776598,predictive_alpha,31003,constant,1,41011,scn1_env41011,a59f92e2dc50b5e5e6f42d0350337bf63f24f427dc7299ad4a933731800914bd
startup_0_3s,0.0,3.0,300,0.12739945717462078,0.12519152452955698,0.023615754791100178,0.9826692146573475,0.1853677818951074,0.0343612145647121,0.09980564526735922,0.25540154071791393,0.9498466435321589,0.0,0.0,0.04383422706199489,0.050947268717785044,predictive_alpha,31004,constant,1,41011,scn1_env41011,a59f92e2dc50b5e5e6f42d0350337bf63f24f427dc7299ad4a933731800914bd
pre_step_3_10s,3.0,10.0,700,0.009703905225471866,0.00710367973156639,0.0066108630976804425,0.7320433955723186,0.681258003254971,0.46411246699895015,0.008380270068194091,0.03304019775264647,1.0,0.03571428571428571,0.10857142857142857,0.024272006071086094,0.03446963451790082,predictive_alpha,31004,constant,1,41011,scn1_env41011,a59f92e2dc50b5e5e6f42d0350337bf63f24f427dc7299ad4a933731800914bd
step_recovery_10_13s,10.0,13.0,300,0.07155772880043651,0.06954873909462614,0.01683690712169076,0.9719249095871512,0.235291245319514,0.055361970124007724,0.06635264036520304,0.10416732541256174,1.0,0.20444444444444446,0.62,0.04457768977670208,0.07394278642413309,predictive_alpha,31004,constant,1,41011,scn1_env41011,a59f92e2dc50b5e5e6f42d0350337bf63f24f427dc7299ad4a933731800914bd
post_step_13_20p9s,13.0,20.9,790,0.01327683335834379,0.005432437023849489,0.012114575188884659,0.4091666195716382,0.9124596853715338,0.8325826774283185,0.012913072033824712,0.02238312707162678,0.654542902248863,0.0,0.0,0.021459711720555042,0.030296459425328468,predictive_alpha,31004,constant,1,41011,scn1_env41011,a59f92e2dc50b5e5e6f42d0350337bf63f24f427dc7299ad4a933731800914bd
startup_0_3s,0.0,3.0,300,0.24817092802947954,0.2460014830948843,0.03274263022621252,0.9912582631985905,0.1319358012084442,0.017407055640514105,0.23881545705868215,0.33187319867789794,0.9637722269068864,0.0,0.0,0.06327177708065881,0.08447973959438873,real10kg_smc_steady,,constant,1,41012,scn1_env41012,2e5a5031b78fb19e9ff3eee8856b3ae19c07db49feac1d49952b55c8cb43dfe5
pre_step_3_10s,3.0,10.0,700,0.12303694417296682,0.12264631634804837,0.009796464549836103,0.9968251176299592,0.07962213801461222,0.006339684862017957,0.11479308672917317,0.22628289992529768,1.0,0.027857142857142858,0.08428571428571428,0.057079752644727796,0.09747690749351864,real10kg_smc_steady,,constant,1,41012,scn1_env41012,2e5a5031b78fb19e9ff3eee8856b3ae19c07db49feac1d49952b55c8cb43dfe5
step_recovery_10_13s,10.0,13.0,300,0.1424787913675438,0.14063065922290988,0.02287408306546654,0.9870287210686227,0.16054377529396407,0.025774303785638827,0.1370066703223596,0.19761154875329207,1.0,0.20833333333333334,0.6266666666666667,0.06224162219410142,0.10394271811737431,real10kg_smc_steady,,constant,1,41012,scn1_env41012,2e5a5031b78fb19e9ff3eee8856b3ae19c07db49feac1d49952b55c8cb43dfe5
post_step_13_20p9s,13.0,20.9,790,0.1234458937594898,0.12197084538636352,0.019026338633984518,0.9880510535571144,0.15412694626403386,0.023755115564676382,0.11531217287787825,0.19022306248882204,0.6359280474516835,0.0,0.0,0.05562548813661482,0.09517172850638507,real10kg_smc_steady,,constant,1,41012,scn1_env41012,2e5a5031b78fb19e9ff3eee8856b3ae19c07db49feac1d49952b55c8cb43dfe5
startup_0_3s,0.0,3.0,300,0.151782658668233,0.15042218440490024,0.020276634613650993,0.9910366950001416,0.1335899291234035,0.01784626916319597,0.12875387399220944,0.25064100594583716,1.0,0.01888888888888889,0.05,0.04703113586109984,0.034083783001140185,real10kg_mpc_ltv_v3,,constant,1,41012,scn1_env41012,2e5a5031b78fb19e9ff3eee8856b3ae19c07db49feac1d49952b55c8cb43dfe5
pre_step_3_10s,3.0,10.0,700,0.009544409541621952,0.006967098221738974,0.0065234420260201435,0.7299663946058002,0.6834830376433707,0.4671490627462094,0.008337363536688477,0.031677146282250365,1.0,0.03666666666666667,0.11142857142857143,0.02331040071073159,0.032555700975738976,real10kg_mpc_ltv_v3,,constant,1,41012,scn1_env41012,2e5a5031b78fb19e9ff3eee8856b3ae19c07db49feac1d49952b55c8cb43dfe5
step_recovery_10_13s,10.0,13.0,300,0.06677928946424812,0.06595718321544504,0.010446218628482567,0.9876892034132347,0.15642901732392941,0.02447003746093021,0.06114563952567555,0.09909079762096229,1.0,0.19666666666666666,0.59,0.024899239673646274,0.03573444102653685,real10kg_mpc_ltv_v3,,constant,1,41012,scn1_env41012,2e5a5031b78fb19e9ff3eee8856b3ae19c07db49feac1d49952b55c8cb43dfe5
post_step_13_20p9s,13.0,20.9,790,0.013125332377711962,0.005427240023460976,0.011950707751139981,0.41349353047065956,0.9105070566771625,0.8290231002589096,0.012804767350253961,0.01890785233475677,0.6645879064855836,0.0,0.0,0.022021572551156218,0.031081072375082862,real10kg_mpc_ltv_v3,,constant,1,41012,scn1_env41012,2e5a5031b78fb19e9ff3eee8856b3ae19c07db49feac1d49952b55c8cb43dfe5
startup_0_3s,0.0,3.0,300,0.12269176075925099,0.12093019577660495,0.020716078481152696,0.9856423530663756,0.16884653340171987,0.028509151841778105,0.09760903699828063,0.23678308111611276,0.9677225786931365,0.0,0.0,0.04692888292241004,0.05948189523379443,predictive_alpha,31000,constant,1,41012,scn1_env41012,2e5a5031b78fb19e9ff3eee8856b3ae19c07db49feac1d49952b55c8cb43dfe5
pre_step_3_10s,3.0,10.0,700,0.009632717090906004,0.006928786612392349,0.006691872281608876,0.7192972187394183,0.6947024622914024,0.48261151111373735,0.008370716352578779,0.03200860449848448,1.0,0.03595238095238095,0.10857142857142857,0.02204455439915287,0.029899590499713337,predictive_alpha,31000,constant,1,41012,scn1_env41012,2e5a5031b78fb19e9ff3eee8856b3ae19c07db49feac1d49952b55c8cb43dfe5
step_recovery_10_13s,10.0,13.0,300,0.0711296677494365,0.06901723960613751,0.017206111451871738,0.9703017290796254,0.24189781839671318,0.058514554545089234,0.06614218200761561,0.10332204550294735,1.0,0.20555555555555555,0.6166666666666667,0.04344882194290693,0.07106790395265944,predictive_alpha,31000,constant,1,41012,scn1_env41012,2e5a5031b78fb19e9ff3eee8856b3ae19c07db49feac1d49952b55c8cb43dfe5
post_step_13_20p9s,13.0,20.9,790,0.013705257352599597,0.005351314170330395,0.012617349791117248,0.39045703649741126,0.9206211504466206,0.8475433026496594,0.013328832496402158,0.023015208903872115,0.6527184376283398,0.0,0.0,0.020516103165139014,0.02801199422789389,predictive_alpha,31000,constant,1,41012,scn1_env41012,2e5a5031b78fb19e9ff3eee8856b3ae19c07db49feac1d49952b55c8cb43dfe5
startup_0_3s,0.0,3.0,300,0.12190961466253546,0.12017958597582996,0.02046512305963426,0.9858089233446068,0.16787128001581225,0.028180766654147246,0.09703220473129963,0.23508895812692895,0.9677225786931365,0.0,0.0,0.045121869501959885,0.05674457279732704,predictive_alpha,31001,constant,1,41012,scn1_env41012,2e5a5031b78fb19e9ff3eee8856b3ae19c07db49feac1d49952b55c8cb43dfe5
pre_step_3_10s,3.0,10.0,700,0.009737745284388453,0.00695622872367646,0.006814291244695087,0.7143572275225438,0.6997812168716052,0.4896937514863046,0.008455317477094406,0.03180245872815221,1.0,0.03619047619047619,0.10857142857142857,0.02040221699336467,0.02679782736234197,predictive_alpha,31001,constant,1,41012,scn1_env41012,2e5a5031b78fb19e9ff3eee8856b3ae19c07db49feac1d49952b55c8cb43dfe5
step_recovery_10_13s,10.0,13.0,300,0.07083787327827847,0.0687407849595685,0.01710873384361917,0.9703959446880653,0.24151958623051073,0.05833171053295711,0.06595159905628944,0.10317765010712227,1.0,0.205,0.6166666666666667,0.04234729836568041,0.06911917568707011,predictive_alpha,31001,constant,1,41012,scn1_env41012,2e5a5031b78fb19e9ff3eee8856b3ae19c07db49feac1d49952b55c8cb43dfe5
post_step_13_20p9s,13.0,20.9,790,0.014143629444633866,0.0054759726028541745,0.013040551288956483,0.38716883981514194,0.922008833730023,0.8501002894761972,0.013759495728762696,0.023531850130430135,0.650498393203335,0.0,0.0,0.01905279773939716,0.025280436245351177,predictive_alpha,31001,constant,1,41012,scn1_env41012,2e5a5031b78fb19e9ff3eee8856b3ae19c07db49feac1d49952b55c8cb43dfe5
startup_0_3s,0.0,3.0,300,0.12304589373892134,0.12112107292526016,0.021678968136046854,0.9843568870510603,0.17618603496062427,0.031041518915146313,0.09784672543368335,0.2364373810804555,0.9677225786931365,0.0,0.0,0.046992073123734455,0.06030063719443927,predictive_alpha,31002,constant,1,41012,scn1_env41012,2e5a5031b78fb19e9ff3eee8856b3ae19c07db49feac1d49952b55c8cb43dfe5
pre_step_3_10s,3.0,10.0,700,0.009545913753602938,0.00671764570702397,0.00678216083163236,0.7037195055830577,0.7104779077930127,0.5047788574619367,0.008294202977803216,0.03207976675628925,1.0,0.03571428571428571,0.10714285714285714,0.021517890866727545,0.02885346228605268,predictive_alpha,31002,constant,1,41012,scn1_env41012,2e5a5031b78fb19e9ff3eee8856b3ae19c07db49feac1d49952b55c8cb43dfe5
step_recovery_10_13s,10.0,13.0,300,0.07134860275385858,0.06924310192652429,0.017205114080437955,0.9704899501031865,0.241141569930849,0.05814925674871454,0.06636422879285431,0.10378516916796651,1.0,0.205,0.6166666666666667,0.043290990161562244,0.07050289576809025,predictive_alpha,31002,constant,1,41012,scn1_env41012,2e5a5031b78fb19e9ff3eee8856b3ae19c07db49feac1d49952b55c8cb43dfe5
post_step_13_20p9s,13.0,20.9,790,0.013878859889516992,0.005416930925411064,0.012778091061741922,0.39030085817802596,0.920687373708088,0.8476652401054964,0.01349758536810681,0.023391899452017355,0.6519063696044809,0.0,0.0,0.019933355753541496,0.026914799585367296,predictive_alpha,31002,constant,1,41012,scn1_env41012,2e5a5031b78fb19e9ff3eee8856b3ae19c07db49feac1d49952b55c8cb43dfe5
startup_0_3s,0.0,3.0,300,0.12337394830982219,0.12181339752669937,0.01956086154945602,0.9873510509754952,0.1585493681399732,0.025137902137584742,0.09968102413098745,0.23613222620125052,0.9677225786931365,0.0,0.0,0.0442710411939632,0.054301662684786436,predictive_alpha,31003,constant,1,41012,scn1_env41012,2e5a5031b78fb19e9ff3eee8856b3ae19c07db49feac1d49952b55c8cb43dfe5
pre_step_3_10s,3.0,10.0,700,0.009996436451136346,0.007340263701430666,0.006785961281577344,0.7342880372731485,0.6788380354087029,0.46082107831754743,0.00863910357007166,0.03177903938665466,1.0,0.03642857142857143,0.11,0.020473709325953996,0.02697427948777319,predictive_alpha,31003,constant,1,41012,scn1_env41012,2e5a5031b78fb19e9ff3eee8856b3ae19c07db49feac1d49952b55c8cb43dfe5
step_recovery_10_13s,10.0,13.0,300,0.07115710549572261,0.06898647839021947,0.01744131479691771,0.9694952866564588,0.2451099531861388,0.06007888915091114,0.06624088971559994,0.10328137727192421,1.0,0.20555555555555555,0.6166666666666667,0.04314586121106616,0.07043893984485639,predictive_alpha,31003,constant,1,41012,scn1_env41012,2e5a5031b78fb19e9ff3eee8856b3ae19c07db49feac1d49952b55c8cb43dfe5
post_step_13_20p9s,13.0,20.9,790,0.014147442068386952,0.005443627427752853,0.0130582172407332,0.38477820947695307,0.923009062529567,0.8519457295117102,0.013762596186483417,0.02356608142680977,0.6506739220327956,0.0,0.0,0.019046713478737983,0.025254887609227034,predictive_alpha,31003,constant,1,41012,scn1_env41012,2e5a5031b78fb19e9ff3eee8856b3ae19c07db49feac1d49952b55c8cb43dfe5
startup_0_3s,0.0,3.0,300,0.12319686697801309,0.12141305417440294,0.020888712484060577,0.9855206317549576,0.16955554955621216,0.02874908438530912,0.09722777558295602,0.23776738456864965,0.9677225786931365,0.0,0.0,0.04697310780209756,0.05809045295529963,predictive_alpha,31004,constant,1,41012,scn1_env41012,2e5a5031b78fb19e9ff3eee8856b3ae19c07db49feac1d49952b55c8cb43dfe5
pre_step_3_10s,3.0,10.0,700,0.009636654953804986,0.0068097066282918044,0.006818578615466191,0.7066463063101606,0.7075669563922602,0.5006509977782065,0.008365883799751896,0.032235739878541184,1.0,0.035238095238095235,0.10571428571428572,0.02067848648469442,0.02732957320338805,predictive_alpha,31004,constant,1,41012,scn1_env41012,2e5a5031b78fb19e9ff3eee8856b3ae19c07db49feac1d49952b55c8cb43dfe5
step_recovery_10_13s,10.0,13.0,300,0.07172143660781935,0.06955057752509719,0.01751232808666212,0.9697320747408804,0.24417146274441548,0.05961970321874748,0.06671483384418822,0.10404704033158628,1.0,0.2061111111111111,0.62,0.04305701490761834,0.07043059329688812,predictive_alpha,31004,constant,1,41012,scn1_env41012,2e5a5031b78fb19e9ff3eee8856b3ae19c07db49feac1d49952b55c8cb43dfe5
post_step_13_20p9s,13.0,20.9,790,0.014093364841613056,0.005430976671500683,0.013004900036233665,0.3853569912179383,0.9227675705828949,0.8514999893194579,0.01371069450729315,0.023494262337621676,0.6514245343484808,0.0,0.0,0.019201883717192843,0.025553911207136626,predictive_alpha,31004,constant,1,41012,scn1_env41012,2e5a5031b78fb19e9ff3eee8856b3ae19c07db49feac1d49952b55c8cb43dfe5
startup_0_3s,0.0,3.0,300,0.2298055599665393,0.22773166384960558,0.030803971689133715,0.990975431067744,0.13404363103146377,0.017967695020099195,0.21907889121388593,0.3109486686814975,0.8576099840290157,0.0,0.0,0.05760355825670144,0.07522439146280353,real10kg_smc_steady,,constant,1,41013,scn1_env41013,8700d9340f94e98177765b4e904e78f93319dc0c22e453e333604222db58afdb
pre_step_3_10s,3.0,10.0,700,0.12408219930742409,0.12372281713325924,0.00943698604308658,0.9971036766258917,0.07605430993131942,0.0057842580591291924,0.1156453600358229,0.2284829628703631,1.0,0.02666666666666667,0.08,0.05782492883939113,0.10021852724846694,real10kg_smc_steady,,constant,1,41013,scn1_env41013,8700d9340f94e98177765b4e904e78f93319dc0c22e453e333604222db58afdb
step_recovery_10_13s,10.0,13.0,300,0.14278218281196994,0.1409395774077859,0.022864541295760415,0.987094990650125,0.16013581558611387,0.025643479433429865,0.13739694763405438,0.19764217727978206,1.0,0.20777777777777778,0.6266666666666667,0.0607995834926113,0.10290482750647305,real10kg_smc_steady,,constant,1,41013,scn1_env41013,8700d9340f94e98177765b4e904e78f93319dc0c22e453e333604222db58afdb
post_step_13_20p9s,13.0,20.9,790,0.12334630432459476,0.12187153786411592,0.01901680964754353,0.9880436915515695,0.1541741339691817,0.023769663585147188,0.1152463172926825,0.18987112526884695,0.6429073798094288,0.0,0.0,0.056135267666112015,0.09706540305459072,real10kg_smc_steady,,constant,1,41013,scn1_env41013,8700d9340f94e98177765b4e904e78f93319dc0c22e453e333604222db58afdb
startup_0_3s,0.0,3.0,300,0.1355223083161647,0.1342701552149458,0.018379920290794886,0.9907605388605268,0.1356228396576284,0.01839355463679878,0.11603718494676689,0.22132505818820875,1.0,0.01611111111111111,0.043333333333333335,0.04558697677458596,0.02720994178927139,real10kg_mpc_ltv_v3,,constant,1,41013,scn1_env41013,8700d9340f94e98177765b4e904e78f93319dc0c22e453e333604222db58afdb
pre_step_3_10s,3.0,10.0,700,0.009876168758096023,0.007279205382931155,0.006674719344773832,0.7370474888821641,0.6758409569806316,0.4567609991324959,0.008861665619396669,0.03203887374450101,1.0,0.03642857142857143,0.11,0.02251342687162546,0.03316024176467029,real10kg_mpc_ltv_v3,,constant,1,41013,scn1_env41013,8700d9340f94e98177765b4e904e78f93319dc0c22e453e333604222db58afdb
step_recovery_10_13s,10.0,13.0,300,0.06699633573258149,0.06629022075741571,0.00970132122578498,0.989460394102981,0.1448037585892486,0.020968128501573393,0.061331773136834196,0.09939289232858611,1.0,0.19444444444444445,0.5833333333333334,0.020283680887686627,0.028548830265465952,real10kg_mpc_ltv_v3,,constant,1,41013,scn1_env41013,8700d9340f94e98177765b4e904e78f93319dc0c22e453e333604222db58afdb
post_step_13_20p9s,13.0,20.9,790,0.011752682915129813,0.006039288743799849,0.01008228878641138,0.5138646883789549,0.8578712502684769,0.7359430820371998,0.01142038601408369,0.01903332276618632,0.6602960426403213,0.0,0.0,0.021465542226614318,0.031806570245063205,real10kg_mpc_ltv_v3,,constant,1,41013,scn1_env41013,8700d9340f94e98177765b4e904e78f93319dc0c22e453e333604222db58afdb
startup_0_3s,0.0,3.0,300,0.09727686607041909,0.09533814219291382,0.019324267532975132,0.9800700417702415,0.19865224193166567,0.039462713224477024,0.08019041504147652,0.18691322967106092,0.8749210140632011,0.0,0.0,0.04114811421190281,0.05048079020116908,predictive_alpha,31000,constant,1,41013,scn1_env41013,8700d9340f94e98177765b4e904e78f93319dc0c22e453e333604222db58afdb
pre_step_3_10s,3.0,10.0,700,0.009569188275117066,0.007034749447802516,0.006487038187900554,0.7351458917466493,0.67790893034981,0.45956051784802365,0.008260693006863816,0.03208795531797821,1.0,0.03571428571428571,0.10714285714285714,0.023104887706303156,0.03258393049237699,predictive_alpha,31000,constant,1,41013,scn1_env41013,8700d9340f94e98177765b4e904e78f93319dc0c22e453e333604222db58afdb
step_recovery_10_13s,10.0,13.0,300,0.07089589753705913,0.0688243664991892,0.017012785297254245,0.9707806641874153,0.23996854385489963,0.05758490203984089,0.06597424854783955,0.10288521181102832,1.0,0.20444444444444446,0.6133333333333333,0.04336308978764725,0.07094085331013195,predictive_alpha,31000,constant,1,41013,scn1_env41013,8700d9340f94e98177765b4e904e78f93319dc0c22e453e333604222db58afdb
post_step_13_20p9s,13.0,20.9,790,0.013445391816265499,0.005370382196562361,0.012326295313505403,0.3994217699231023,0.9167672821995211,0.8404622497114962,0.013063718973273264,0.023091747218972985,0.6463438113382748,0.0,0.0,0.021315974160521008,0.02989936933466331,predictive_alpha,31000,constant,1,41013,scn1_env41013,8700d9340f94e98177765b4e904e78f93319dc0c22e453e333604222db58afdb
startup_0_3s,0.0,3.0,300,0.09637540396006902,0.09444492384529748,0.019193093766312085,0.9799691618872862,0.1991492951278763,0.03966044174992998,0.08014309003694527,0.18440907970593257,0.8749210140632011,0.0,0.0,0.04236675908287302,0.05287665226873893,predictive_alpha,31001,constant,1,41013,scn1_env41013,8700d9340f94e98177765b4e904e78f93319dc0c22e453e333604222db58afdb
pre_step_3_10s,3.0,10.0,700,0.009788526117713128,0.00728085264979759,0.006542509323576656,0.7438150097615104,0.6683855408770333,0.44673923125348436,0.0085718674376567,0.03261214071505227,1.0,0.03571428571428571,0.10714285714285714,0.02673566674625697,0.03992201470286392,predictive_alpha,31001,constant,1,41013,scn1_env41013,8700d9340f94e98177765b4e904e78f93319dc0c22e453e333604222db58afdb
step_recovery_10_13s,10.0,13.0,300,0.0707202876326058,0.06887274992760617,0.01605937110374875,0.9738754215113258,0.2270829438248004,0.05156666337613745,0.0655433878499364,0.10331722830769045,1.0,0.2038888888888889,0.6133333333333333,0.04341728355847495,0.0715467151641992,predictive_alpha,31001,constant,1,41013,scn1_env41013,8700d9340f94e98177765b4e904e78f93319dc0c22e453e333604222db58afdb
post_step_13_20p9s,13.0,20.9,790,0.012615885791124366,0.005533102036713076,0.011337784446090661,0.438582127987063,0.8986911132365446,0.8076457170103397,0.01224451991923103,0.021850601311910883,0.6686204774144178,0.0,0.0,0.02429438772164569,0.035984194985995074,predictive_alpha,31001,constant,1,41013,scn1_env41013,8700d9340f94e98177765b4e904e78f93319dc0c22e453e333604222db58afdb
startup_0_3s,0.0,3.0,300,0.09695642152606246,0.09489197498346358,0.019901275307809465,0.9787074800193204,0.20526000232444516,0.042131668554231234,0.07980368773294666,0.18612755844970572,0.8749210140632011,0.0,0.0,0.04240776522552377,0.05369992169279925,predictive_alpha,31002,constant,1,41013,scn1_env41013,8700d9340f94e98177765b4e904e78f93319dc0c22e453e333604222db58afdb
pre_step_3_10s,3.0,10.0,700,0.009687578896410361,0.007110120307698078,0.0065799220424131765,0.7339419254002323,0.6792122276135788,0.4613292501397999,0.00850873658538106,0.03256158575143432,1.0,0.03571428571428571,0.10714285714285714,0.02696182229436086,0.04037035981912596,predictive_alpha,31002,constant,1,41013,scn1_env41013,8700d9340f94e98177765b4e904e78f93319dc0c22e453e333604222db58afdb
step_recovery_10_13s,10.0,13.0,300,0.071333811011398,0.06940028471265362,0.016495850242181,0.9728946726477934,0.2312486885012386,0.05347595593354288,0.06626178371757407,0.10380366335539999,1.0,0.20444444444444446,0.6133333333333333,0.04438365499106936,0.07320364795093434,predictive_alpha,31002,constant,1,41013,scn1_env41013,8700d9340f94e98177765b4e904e78f93319dc0c22e453e333604222db58afdb
post_step_13_20p9s,13.0,20.9,790,0.012611470694111527,0.005595065300922589,0.011302408475490782,0.4436489158663314,0.8962006691866664,0.8031756394506285,0.012224922187092792,0.022768604228026113,0.6685661944730454,0.0,0.0,0.0244053342963018,0.03624298442272919,predictive_alpha,31002,constant,1,41013,scn1_env41013,8700d9340f94e98177765b4e904e78f93319dc0c22e453e333604222db58afdb
startup_0_3s,0.0,3.0,300,0.09728249811236465,0.09553715066727259,0.018344952476392177,0.9820589779358243,0.18857402752140598,0.03556016385564397,0.0812369959170539,0.18527909842892462,0.8749210140632011,0.0,0.0,0.04091382021561361,0.049941329039475305,predictive_alpha,31003,constant,1,41013,scn1_env41013,8700d9340f94e98177765b4e904e78f93319dc0c22e453e333604222db58afdb
pre_step_3_10s,3.0,10.0,700,0.009920571540450207,0.007475520007538155,0.0065218356546364546,0.7535372309001975,0.6574052339670429,0.4321816416472623,0.008685801093911972,0.032615860692632476,1.0,0.03571428571428571,0.10714285714285714,0.027114163233357018,0.040683435536871725,predictive_alpha,31003,constant,1,41013,scn1_env41013,8700d9340f94e98177765b4e904e78f93319dc0c22e453e333604222db58afdb
step_recovery_10_13s,10.0,13.0,300,0.07111429434443674,0.06916092041682308,0.016553245820836848,0.9725319087305762,0.23276959960626828,0.05418168650086244,0.06603080835682432,0.10337051461433683,1.0,0.20444444444444446,0.6133333333333333,0.044082968438341044,0.07272397312630915,predictive_alpha,31003,constant,1,41013,scn1_env41013,8700d9340f94e98177765b4e904e78f93319dc0c22e453e333604222db58afdb
post_step_13_20p9s,13.0,20.9,790,0.012579288619969098,0.005547119155390921,0.0112901714451278,0.4409724049565967,0.8975206616378228,0.8055433380667955,0.012198904308641727,0.022331655512310294,0.6701780035420642,0.0,0.0,0.024471919128142994,0.03637332108411988,predictive_alpha,31003,constant,1,41013,scn1_env41013,8700d9340f94e98177765b4e904e78f93319dc0c22e453e333604222db58afdb
startup_0_3s,0.0,3.0,300,0.0960748542490191,0.09407091895410664,0.019520241445744525,0.9791419377049649,0.20317742450224766,0.04128106582736654,0.07748326198597276,0.1868022890121418,0.8749210140632011,0.0,0.0,0.042886236131325556,0.05095007544981963,predictive_alpha,31004,constant,1,41013,scn1_env41013,8700d9340f94e98177765b4e904e78f93319dc0c22e453e333604222db58afdb
pre_step_3_10s,3.0,10.0,700,0.009355387915184307,0.006740903853900947,0.006487179531663967,0.7205370760692981,0.693416413138243,0.48082632200950653,0.008107536405116019,0.03237152379468328,1.0,0.03571428571428571,0.10714285714285714,0.023520770909190705,0.03338591953535591,predictive_alpha,31004,constant,1,41013,scn1_env41013,8700d9340f94e98177765b4e904e78f93319dc0c22e453e333604222db58afdb
step_recovery_10_13s,10.0,13.0,300,0.07130770888370214,0.06924633015472366,0.017021607043573257,0.9710917829047006,0.2387064079051299,0.056980749174970265,0.06624376964501806,0.10353473127138116,1.0,0.205,0.6166666666666667,0.04344495933914014,0.07138711313051475,predictive_alpha,31004,constant,1,41013,scn1_env41013,8700d9340f94e98177765b4e904e78f93319dc0c22e453e333604222db58afdb
post_step_13_20p9s,13.0,20.9,790,0.01335118363258274,0.005364033184304965,0.0122262525897603,0.40176461742420894,0.9157429727745549,0.838585192185979,0.01297450566183606,0.022781480504572706,0.6473396104860186,0.0,0.0,0.021620586003117743,0.030506059888062372,predictive_alpha,31004,constant,1,41013,scn1_env41013,8700d9340f94e98177765b4e904e78f93319dc0c22e453e333604222db58afdb
startup_0_3s,0.0,3.0,300,0.26311675968796816,0.2609408151891322,0.033768627409581455,0.9917301182128557,0.12834084552283131,0.01647137262951525,0.25369459855477106,0.35115697927478107,1.0,0.0016666666666666668,0.01,0.06318408232077624,0.07973932455018093,real10kg_smc_steady,,constant,1,41014,scn1_env41014,1991967a150a7108deffcd053ee63685ec140a9ea7eb389da26dc5657e45ead1
pre_step_3_10s,3.0,10.0,700,0.12203946530412872,0.12163107344583927,0.009975623495826851,0.996653608262936,0.08174096363800903,0.006681585136470315,0.1141581099764835,0.22066397282920422,1.0,0.026904761904761904,0.08285714285714285,0.055984366763726055,0.09736419880960989,real10kg_smc_steady,,constant,1,41014,scn1_env41014,1991967a150a7108deffcd053ee63685ec140a9ea7eb389da26dc5657e45ead1
step_recovery_10_13s,10.0,13.0,300,0.14352641668845173,0.14164558962490698,0.023159430632887213,0.9868956035624619,0.16136005598996217,0.02603706766908373,0.13812479952535575,0.19942133540370074,1.0,0.20833333333333334,0.63,0.0612483462153786,0.10351505957740284,real10kg_smc_steady,,constant,1,41014,scn1_env41014,1991967a150a7108deffcd053ee63685ec140a9ea7eb389da26dc5657e45ead1
post_step_13_20p9s,13.0,20.9,790,0.12329346233921518,0.12183598498389574,0.01890160359851518,0.9881787944983692,0.1533058058383625,0.0235026701037497,0.11523207221080892,0.1897369446862167,0.640037692193438,0.0,0.0,0.05644011153667948,0.09664647098591415,real10kg_smc_steady,,constant,1,41014,scn1_env41014,1991967a150a7108deffcd053ee63685ec140a9ea7eb389da26dc5657e45ead1
startup_0_3s,0.0,3.0,300,0.15731019958624076,0.15604177083389603,0.019936515464964624,0.9919367672555183,0.12673377516144468,0.016061449766671614,0.13347599208680722,0.26128922538338417,1.0,0.020555555555555556,0.05333333333333334,0.04592159189121687,0.030442587040963642,real10kg_mpc_ltv_v3,,constant,1,41014,scn1_env41014,1991967a150a7108deffcd053ee63685ec140a9ea7eb389da26dc5657e45ead1
pre_step_3_10s,3.0,10.0,700,0.009564000053282666,0.006853295308987766,0.006671014947292288,0.7165720693022685,0.6975130604482364,0.48652446949586514,0.008275693499519565,0.031120200094488463,1.0,0.03785714285714286,0.11428571428571428,0.019317863612931835,0.025366650566734924,real10kg_mpc_ltv_v3,,constant,1,41014,scn1_env41014,1991967a150a7108deffcd053ee63685ec140a9ea7eb389da26dc5657e45ead1
step_recovery_10_13s,10.0,13.0,300,0.06650018951324646,0.06555762053712909,0.011156773494495887,0.9858260708275182,0.1677705518759991,0.02814695807677731,0.06093544707376412,0.09866876193124069,1.0,0.195,0.5866666666666667,0.02235264778250012,0.03206110632972283,real10kg_mpc_ltv_v3,,constant,1,41014,scn1_env41014,1991967a150a7108deffcd053ee63685ec140a9ea7eb389da26dc5657e45ead1
post_step_13_20p9s,13.0,20.9,790,0.013946279204421454,0.005573360052359092,0.012784223143173236,0.39963060904389064,0.9166762658186417,0.840295376315209,0.01361418384240135,0.01941344402642688,0.6562421348342908,0.0,0.0,0.019349405782212226,0.025553180855801993,real10kg_mpc_ltv_v3,,constant,1,41014,scn1_env41014,1991967a150a7108deffcd053ee63685ec140a9ea7eb389da26dc5657e45ead1
startup_0_3s,0.0,3.0,300,0.1398072748768459,0.1379535872253289,0.022691008795413185,0.9867411216394147,0.16230206057160723,0.02634195886578966,0.1097466721327168,0.2730060130843264,0.9999993149388774,0.0016666666666666668,0.01,0.04709684941292093,0.05596960460169109,predictive_alpha,31000,constant,1,41014,scn1_env41014,1991967a150a7108deffcd053ee63685ec140a9ea7eb389da26dc5657e45ead1
pre_step_3_10s,3.0,10.0,700,0.00955809440040758,0.006538136429641899,0.006972082945181604,0.6840418346739804,0.7294427793979831,0.5320867684158546,0.008254259517936973,0.03201576123901362,1.0,0.03666666666666667,0.11,0.019463344381404596,0.025599309337080486,predictive_alpha,31000,constant,1,41014,scn1_env41014,1991967a150a7108deffcd053ee63685ec140a9ea7eb389da26dc5657e45ead1
step_recovery_10_13s,10.0,13.0,300,0.0713795166329358,0.06921116750867036,0.01745994521292467,0.9696222498197062,0.24460722118239075,0.059832692654571036,0.06657100854930124,0.10324485336394604,1.0,0.205,0.6166666666666667,0.04157095980991342,0.06891625758494775,predictive_alpha,31000,constant,1,41014,scn1_env41014,1991967a150a7108deffcd053ee63685ec140a9ea7eb389da26dc5657e45ead1
post_step_13_20p9s,13.0,20.9,790,0.014234806866532971,0.005635784724327883,0.013071635592707086,0.3959157842582331,0.9182868243502073,0.8432506917751883,0.013833544404147845,0.024638516633329142,0.644453448588191,0.0,0.0,0.019098021149711247,0.025049854199894646,predictive_alpha,31000,constant,1,41014,scn1_env41014,1991967a150a7108deffcd053ee63685ec140a9ea7eb389da26dc5657e45ead1
startup_0_3s,0.0,3.0,300,0.13929762691717673,0.13762423784652372,0.021526681628166087,0.9879869520559171,0.15453731771730306,0.02388178256725867,0.109122686830643,0.27070501009813674,0.9999993149388774,0.0016666666666666668,0.01,0.04566738340080546,0.053525683727395024,predictive_alpha,31001,constant,1,41014,scn1_env41014,1991967a150a7108deffcd053ee63685ec140a9ea7eb389da26dc5657e45ead1
pre_step_3_10s,3.0,10.0,700,0.009705681165118664,0.006828591322136926,0.006897143425663661,0.7035664170257583,0.7106295074323447,0.5049942968335367,0.00837866823567332,0.0319755314268473,1.0,0.036904761904761905,0.11142857142857143,0.019413114446590038,0.02552822259970519,predictive_alpha,31001,constant,1,41014,scn1_env41014,1991967a150a7108deffcd053ee63685ec140a9ea7eb389da26dc5657e45ead1
step_recovery_10_13s,10.0,13.0,300,0.07120919877078694,0.06911136203283752,0.01715720337186417,0.9705398070170389,0.2409408288259352,0.058052482995328614,0.06632763830973523,0.10355344288377345,1.0,0.2038888888888889,0.6133333333333333,0.041413115435696736,0.06878276714494813,predictive_alpha,31001,constant,1,41014,scn1_env41014,1991967a150a7108deffcd053ee63685ec140a9ea7eb389da26dc5657e45ead1
post_step_13_20p9s,13.0,20.9,790,0.014226159849647627,0.005647239974715057,0.013057270186976545,0.3969616561601433,0.9178351941054539,0.8424214435385962,0.01383023240935776,0.024356422174364935,0.6447493962389781,0.0,0.0,0.019095028045165142,0.025037273078741644,predictive_alpha,31001,constant,1,41014,scn1_env41014,1991967a150a7108deffcd053ee63685ec140a9ea7eb389da26dc5657e45ead1
startup_0_3s,0.0,3.0,300,0.1371256717905747,0.13542848183671466,0.021507584044216994,0.9876231056395328,0.15684578797954385,0.02460060120692402,0.10741580982198765,0.2710212235080814,0.9999993149388774,0.0016666666666666668,0.01,0.04592408234101217,0.0549453487272367,predictive_alpha,31002,constant,1,41014,scn1_env41014,1991967a150a7108deffcd053ee63685ec140a9ea7eb389da26dc5657e45ead1
pre_step_3_10s,3.0,10.0,700,0.009654419725108653,0.006740444593913668,0.006911890255563022,0.6981719032148056,0.7159301596953549,0.5125559935614163,0.008334233320935882,0.03205671849727568,1.0,0.03666666666666667,0.11,0.01949296184732043,0.025676939640741255,predictive_alpha,31002,constant,1,41014,scn1_env41014,1991967a150a7108deffcd053ee63685ec140a9ea7eb389da26dc5657e45ead1
step_recovery_10_13s,10.0,13.0,300,0.07179966518582799,0.06964793400524126,0.017445836454540068,0.9700314594083728,0.24297935665003037,0.05903896775806265,0.06694210190382495,0.10407913526776649,1.0,0.20444444444444446,0.6166666666666667,0.04200369577960801,0.069894194529163,predictive_alpha,31002,constant,1,41014,scn1_env41014,1991967a150a7108deffcd053ee63685ec140a9ea7eb389da26dc5657e45ead1
post_step_13_20p9s,13.0,20.9,790,0.014255787533139939,0.005701172334616906,0.01306614373872517,0.39991984457986535,0.9165501175119758,0.8400641179112167,0.013850029433757264,0.025030133212191063,0.6441254522852532,0.0,0.0,0.019096462711880823,0.025047470129959882,predictive_alpha,31002,constant,1,41014,scn1_env41014,1991967a150a7108deffcd053ee63685ec140a9ea7eb389da26dc5657e45ead1
startup_0_3s,0.0,3.0,300,0.1385977540915489,0.13725434951346155,0.019250479964354084,0.9903071692114146,0.13889460251742922,0.019291710608474656,0.1098611393819138,0.27118781768993644,0.9999993149388774,0.0016666666666666668,0.01,0.042466999015631536,0.04758281169048575,predictive_alpha,31003,constant,1,41014,scn1_env41014,1991967a150a7108deffcd053ee63685ec140a9ea7eb389da26dc5657e45ead1
pre_step_3_10s,3.0,10.0,700,0.010068419993638937,0.007415871604878834,0.006810134323804495,0.7365477015821807,0.6763856025182726,0.45749748329400675,0.008638700777674228,0.03214132453781565,1.0,0.03666666666666667,0.11,0.019606392418413467,0.025897029877359867,predictive_alpha,31003,constant,1,41014,scn1_env41014,1991967a150a7108deffcd053ee63685ec140a9ea7eb389da26dc5657e45ead1
step_recovery_10_13s,10.0,13.0,300,0.07158237732360896,0.06940999154622988,0.01750113758736333,0.9696519470489479,0.24448947131560533,0.059775101584184205,0.06677249477184775,0.10351433235831967,1.0,0.205,0.6166666666666667,0.04190377363411331,0.06949264428098693,predictive_alpha,31003,constant,1,41014,scn1_env41014,1991967a150a7108deffcd053ee63685ec140a9ea7eb389da26dc5657e45ead1
post_step_13_20p9s,13.0,20.9,790,0.014245324352602862,0.005662599705548323,0.013071504522647125,0.3975058458050251,0.9175996417560502,0.8419891025508318,0.013841529707860659,0.02480392831161472,0.6442709490156759,0.0,0.0,0.01910292933722605,0.025056543980336805,predictive_alpha,31003,constant,1,41014,scn1_env41014,1991967a150a7108deffcd053ee63685ec140a9ea7eb389da26dc5657e45ead1
startup_0_3s,0.0,3.0,300,0.13873399112483897,0.13715903533461457,0.020845126996611313,0.9886476574525476,0.1502524855487935,0.022575809413590397,0.10798570526949838,0.2719951917249622,0.9999993149388774,0.0016666666666666668,0.01,0.0452347260539022,0.051979625749496834,predictive_alpha,31004,constant,1,41014,scn1_env41014,1991967a150a7108deffcd053ee63685ec140a9ea7eb389da26dc5657e45ead1
pre_step_3_10s,3.0,10.0,700,0.009690821618726125,0.006833071153420854,0.006871765585223162,0.7051075153645303,0.7091004102216121,0.5028233917764585,0.008368623055661608,0.03211181104922691,1.0,0.03666666666666667,0.11,0.01947175165938161,0.025631379995978646,predictive_alpha,31004,constant,1,41014,scn1_env41014,1991967a150a7108deffcd053ee63685ec140a9ea7eb389da26dc5657e45ead1
step_recovery_10_13s,10.0,13.0,300,0.07169322704414245,0.0695183006340101,0.01752497306595225,0.9696634326588031,0.24444391455781306,0.059752827364347415,0.06673673793511595,0.10386918140931639,1.0,0.205,0.6166666666666667,0.0415587127671956,0.06906274936992773,predictive_alpha,31004,constant,1,41014,scn1_env41014,1991967a150a7108deffcd053ee63685ec140a9ea7eb389da26dc5657e45ead1
post_step_13_20p9s,13.0,20.9,790,0.014220474629587627,0.005605114535999494,0.01306922299637865,0.3941580490103539,0.9190426716972131,0.8446394324003513,0.01382596731178318,0.024209077596906218,0.6455034605355309,0.0,0.0,0.019098552751642787,0.025040576267197655,predictive_alpha,31004,constant,1,41014,scn1_env41014,1991967a150a7108deffcd053ee63685ec140a9ea7eb389da26dc5657e45ead1
startup_0_3s,0.0,3.0,300,0.2451617939483782,0.24238721539976274,0.0367796550111074,0.9886826633794348,0.1500219688343927,0.022506591132947496,0.23563526492146336,0.327561414370306,0.9072841780840385,0.0,0.0,0.05974222489674229,0.0787875831839853,real10kg_smc_steady,,constant,1,41015,scn1_env41015,94542c7cffbe8de85086d6561b342869547d6dac90a91ec62f00af9eecb8e5f1
pre_step_3_10s,3.0,10.0,700,0.12281878640965405,0.12243489664583362,0.009703111792835284,0.996874340033454,0.07900348209329465,0.0062415501828655285,0.11469334925770384,0.22377390406474187,1.0,0.026904761904761904,0.08142857142857143,0.05579422878950462,0.09477446103096533,real10kg_smc_steady,,constant,1,41015,scn1_env41015,94542c7cffbe8de85086d6561b342869547d6dac90a91ec62f00af9eecb8e5f1
step_recovery_10_13s,10.0,13.0,300,0.14353375234798738,0.14166525962702625,0.023084459662305892,0.9869822066907922,0.1608294863380932,0.025866123675774916,0.1380346517829955,0.1989752852771216,1.0,0.20944444444444443,0.6333333333333333,0.06203654571553148,0.10622336908734165,real10kg_smc_steady,,constant,1,41015,scn1_env41015,94542c7cffbe8de85086d6561b342869547d6dac90a91ec62f00af9eecb8e5f1
post_step_13_20p9s,13.0,20.9,790,0.12332476262323842,0.1218671154486579,0.018905111697675652,0.9881804177557293,0.153295342277945,0.02349946196411231,0.1151879651208168,0.19018910605323294,0.640882207488401,0.0,0.0,0.05504318791472475,0.09396126982154661,real10kg_smc_steady,,constant,1,41015,scn1_env41015,94542c7cffbe8de85086d6561b342869547d6dac90a91ec62f00af9eecb8e5f1
startup_0_3s,0.0,3.0,300,0.14040743616375012,0.13817177713171466,0.024956124185084177,0.9840773459503376,0.17774075837393047,0.03159177718733993,0.1209336906448697,0.2248133864845491,1.0,0.018333333333333333,0.04666666666666667,0.04206962133287237,0.027203281658224266,real10kg_mpc_ltv_v3,,constant,1,41015,scn1_env41015,94542c7cffbe8de85086d6561b342869547d6dac90a91ec62f00af9eecb8e5f1
pre_step_3_10s,3.0,10.0,700,0.009924700525511105,0.007278184380644871,0.006747422666649649,0.7333404531387668,0.6798615887003974,0.46221177979022837,0.00889414667929411,0.03203027670055493,1.0,0.037142857142857144,0.11285714285714285,0.022117671377489864,0.03139471572003738,real10kg_mpc_ltv_v3,,constant,1,41015,scn1_env41015,94542c7cffbe8de85086d6561b342869547d6dac90a91ec62f00af9eecb8e5f1
step_recovery_10_13s,10.0,13.0,300,0.0670244891072548,0.06631038380936752,0.009757824508715388,0.9893456062493137,0.14558595878441677,0.0211952713951779,0.06136005780032498,0.09938060829260183,1.0,0.19444444444444445,0.5833333333333334,0.020594440558120052,0.029389679655729462,real10kg_mpc_ltv_v3,,constant,1,41015,scn1_env41015,94542c7cffbe8de85086d6561b342869547d6dac90a91ec62f00af9eecb8e5f1
post_step_13_20p9s,13.0,20.9,790,0.011733739935376257,0.006066285924610033,0.010043944840147312,0.5169950892060153,0.8559883630849571,0.7327160777368641,0.011412045744172646,0.019109943152356878,0.6640428561309956,0.0,0.0,0.021144432967459152,0.030530320239086722,real10kg_mpc_ltv_v3,,constant,1,41015,scn1_env41015,94542c7cffbe8de85086d6561b342869547d6dac90a91ec62f00af9eecb8e5f1
startup_0_3s,0.0,3.0,300,0.11887685488147975,0.11578298021855658,0.026944537817927605,0.9739741208159673,0.22665924199282791,0.05137441198076332,0.09462729150191211,0.23040293059755323,0.9184490353093394,0.0,0.0,0.04613960254528531,0.059788878560461764,predictive_alpha,31000,constant,1,41015,scn1_env41015,94542c7cffbe8de85086d6561b342869547d6dac90a91ec62f00af9eecb8e5f1
pre_step_3_10s,3.0,10.0,700,0.009614994888434031,0.006925116750773921,0.006670148775909201,0.7202413346162263,0.6937235904236191,0.4812524199102373,0.008426172897121722,0.03248998290413746,1.0,0.037142857142857144,0.11285714285714285,0.02604650921313381,0.037355644745004205,predictive_alpha,31000,constant,1,41015,scn1_env41015,94542c7cffbe8de85086d6561b342869547d6dac90a91ec62f00af9eecb8e5f1
step_recovery_10_13s,10.0,13.0,300,0.07095870135886646,0.06895785075120156,0.01673176973042025,0.9718026039182172,0.23579588422568523,0.055599699017772744,0.0657798509841363,0.10325748135881609,1.0,0.20555555555555555,0.62,0.04487444438113159,0.07591706460374767,predictive_alpha,31000,constant,1,41015,scn1_env41015,94542c7cffbe8de85086d6561b342869547d6dac90a91ec62f00af9eecb8e5f1
post_step_13_20p9s,13.0,20.9,790,0.012687473752610192,0.005481588144880531,0.011442210522144653,0.4320472500487187,0.9018509709066904,0.8133351737253404,0.012323052496735196,0.022172956091107702,0.6564183322896098,0.0,0.0,0.023813913254616247,0.03435980440396275,predictive_alpha,31000,constant,1,41015,scn1_env41015,94542c7cffbe8de85086d6561b342869547d6dac90a91ec62f00af9eecb8e5f1
startup_0_3s,0.0,3.0,300,0.1170279125179586,0.11405754716939888,0.02619939392450366,0.9746183172488537,0.22387303473847073,0.05011913568301252,0.09333623681162831,0.22747984828818213,0.9184490353093394,0.0,0.0,0.04435055947361222,0.05515202507846676,predictive_alpha,31001,constant,1,41015,scn1_env41015,94542c7cffbe8de85086d6561b342869547d6dac90a91ec62f00af9eecb8e5f1
pre_step_3_10s,3.0,10.0,700,0.009644075715888828,0.007021443196772468,0.006611167207709559,0.7280576598133178,0.6855158962322865,0.4699320439871549,0.00832392719144757,0.03216535817189907,1.0,0.035476190476190474,0.10714285714285714,0.022785816001689604,0.0307839025930626,predictive_alpha,31001,constant,1,41015,scn1_env41015,94542c7cffbe8de85086d6561b342869547d6dac90a91ec62f00af9eecb8e5f1
step_recovery_10_13s,10.0,13.0,300,0.07095051637127685,0.06891349025585497,0.016879177530525806,0.9712894814639216,0.23790070028805405,0.056596743197546526,0.06593367517288742,0.10334517448955421,1.0,0.205,0.6166666666666667,0.04424405321464494,0.07480486642580071,predictive_alpha,31001,constant,1,41015,scn1_env41015,94542c7cffbe8de85086d6561b342869547d6dac90a91ec62f00af9eecb8e5f1
post_step_13_20p9s,13.0,20.9,790,0.01351794011148257,0.00544183987002939,0.012374210426794428,0.40256428310456244,0.9153917183198185,0.8379419979685098,0.013144883257297563,0.023218758477241423,0.6546166990389748,0.0,0.0,0.020852936718678085,0.028627939598749708,predictive_alpha,31001,constant,1,41015,scn1_env41015,94542c7cffbe8de85086d6561b342869547d6dac90a91ec62f00af9eecb8e5f1
startup_0_3s,0.0,3.0,300,0.1165409721933509,0.11341659297413871,0.026804377215483573,0.9731907228813178,0.22999960195126004,0.05289981689773807,0.092515071543443,0.2283534746405267,0.9184490353093394,0.0,0.0,0.044647720299184006,0.05709958847412001,predictive_alpha,31002,constant,1,41015,scn1_env41015,94542c7cffbe8de85086d6561b342869547d6dac90a91ec62f00af9eecb8e5f1
pre_step_3_10s,3.0,10.0,700,0.00947174439637799,0.006744350421783487,0.0066503894095388694,0.7120494535687151,0.7021293154914515,0.4929855756724941,0.008194470547887417,0.03220801523631067,1.0,0.035476190476190474,0.10714285714285714,0.02299427750222707,0.031177408717307894,predictive_alpha,31002,constant,1,41015,scn1_env41015,94542c7cffbe8de85086d6561b342869547d6dac90a91ec62f00af9eecb8e5f1
step_recovery_10_13s,10.0,13.0,300,0.07138956757626241,0.06929260537211158,0.017175715399090352,0.9706264896210397,0.24059139146265696,0.05788421764593743,0.06644675449938325,0.10369009604455458,1.0,0.20555555555555555,0.62,0.04492580454863442,0.07593971281209394,predictive_alpha,31002,constant,1,41015,scn1_env41015,94542c7cffbe8de85086d6561b342869547d6dac90a91ec62f00af9eecb8e5f1
post_step_13_20p9s,13.0,20.9,790,0.013500222810776574,0.005491715979254941,0.01233276414855194,0.40678706242323426,0.9135230078356404,0.8345242858450754,0.01311593590306279,0.02394798850476048,0.6534214914992094,0.0,0.0,0.02101077278638647,0.02893077405293791,predictive_alpha,31002,constant,1,41015,scn1_env41015,94542c7cffbe8de85086d6561b342869547d6dac90a91ec62f00af9eecb8e5f1
startup_0_3s,0.0,3.0,300,0.1190477941337721,0.11629668201278542,0.025445216464672862,0.9768906921711182,0.21373950395150101,0.045684575549433726,0.0965719325676581,0.22976175543645483,0.9184490353093394,0.0,0.0,0.04318022571248309,0.0518924526246454,predictive_alpha,31003,constant,1,41015,scn1_env41015,94542c7cffbe8de85086d6561b342869547d6dac90a91ec62f00af9eecb8e5f1
pre_step_3_10s,3.0,10.0,700,0.009907369736686494,0.007399530505675009,0.0065880895102447086,0.7468713394509663,0.6649685724203209,0.4421832023067196,0.00851112321565106,0.0319882863229798,1.0,0.03595238095238095,0.10857142857142857,0.022550372015550886,0.030434171192526078,predictive_alpha,31003,constant,1,41015,scn1_env41015,94542c7cffbe8de85086d6561b342869547d6dac90a91ec62f00af9eecb8e5f1
step_recovery_10_13s,10.0,13.0,300,0.0710987696864355,0.06896932859153038,0.01727040140119246,0.970049536661513,0.24290717655677485,0.05900389642278418,0.06617858075768167,0.10314471583356352,1.0,0.20555555555555555,0.62,0.04484430089917543,0.07553929294199292,predictive_alpha,31003,constant,1,41015,scn1_env41015,94542c7cffbe8de85086d6561b342869547d6dac90a91ec62f00af9eecb8e5f1
post_step_13_20p9s,13.0,20.9,790,0.013583447757659378,0.005444319324988751,0.012444655080500048,0.4008054083263824,0.9161632085258183,0.8393550246563222,0.013202471098312902,0.02370531860843072,0.65377808197229,0.0,0.0,0.020660655890352635,0.028239677164132528,predictive_alpha,31003,constant,1,41015,scn1_env41015,94542c7cffbe8de85086d6561b342869547d6dac90a91ec62f00af9eecb8e5f1
startup_0_3s,0.0,3.0,300,0.11492163422863622,0.11193465121122381,0.026031055914083126,0.9740085229603522,0.2265113621887279,0.05130739720059307,0.09135128024250748,0.22731382217613913,0.9184490353093394,0.0,0.0,0.04552633293667759,0.055969026321040734,predictive_alpha,31004,constant,1,41015,scn1_env41015,94542c7cffbe8de85086d6561b342869547d6dac90a91ec62f00af9eecb8e5f1
pre_step_3_10s,3.0,10.0,700,0.009581004727647224,0.006963107184267037,0.006581093369008466,0.726761689635127,0.68688969018227,0.47181744647869484,0.00833047808990941,0.032397545905370605,1.0,0.036904761904761905,0.11142857142857143,0.024522209992093907,0.03423569974191135,predictive_alpha,31004,constant,1,41015,scn1_env41015,94542c7cffbe8de85086d6561b342869547d6dac90a91ec62f00af9eecb8e5f1
step_recovery_10_13s,10.0,13.0,300,0.071331473729525,0.06926744172284673,0.017035276974500524,0.971064217535941,0.23881851984574107,0.057034285421310615,0.06615950295273453,0.10371390404682289,1.0,0.2061111111111111,0.62,0.04494926946249289,0.07599960822861224,predictive_alpha,31004,constant,1,41015,scn1_env41015,94542c7cffbe8de85086d6561b342869547d6dac90a91ec62f00af9eecb8e5f1
post_step_13_20p9s,13.0,20.9,790,0.013063832254976067,0.005417594568120972,0.011887530537568315,0.41470178599831514,0.9099573774028142,0.8280224286898077,0.012697115053748147,0.022617955433933152,0.6561919947813568,0.0,0.0,0.022469599394603308,0.03167951064922481,predictive_alpha,31004,constant,1,41015,scn1_env41015,94542c7cffbe8de85086d6561b342869547d6dac90a91ec62f00af9eecb8e5f1
startup_0_3s,0.0,3.0,300,0.255695758252779,0.2534841088572811,0.03355782092588334,0.9913504650581201,0.131241210864,0.017224255429048912,0.24601922883832653,0.3422300760063324,0.9853806936152318,0.0,0.0,0.06093450065282825,0.07753404123624541,real10kg_smc_steady,,constant,1,41016,scn1_env41016,d42ebac280f92b0bc0db4db990f7adbc075c2b3b8c3a5bb086b44edb05ad89f9
pre_step_3_10s,3.0,10.0,700,0.12246280782234398,0.12207189559010459,0.009777096029545464,0.9968079105877886,0.07983726817475095,0.0063739893896071,0.11441161721694555,0.22331200943703322,1.0,0.026904761904761904,0.08285714285714285,0.05481848853917226,0.09322344709960527,real10kg_smc_steady,,constant,1,41016,scn1_env41016,d42ebac280f92b0bc0db4db990f7adbc075c2b3b8c3a5bb086b44edb05ad89f9
step_recovery_10_13s,10.0,13.0,300,0.14377733929542674,0.14188352399577597,0.023259168373188224,0.9868281378071725,0.16177214356009473,0.026170226432027897,0.13832349807486813,0.1992269630707583,1.0,0.21,0.6333333333333333,0.05835409542332076,0.09858232844651763,real10kg_smc_steady,,constant,1,41016,scn1_env41016,d42ebac280f92b0bc0db4db990f7adbc075c2b3b8c3a5bb086b44edb05ad89f9
post_step_13_20p9s,13.0,20.9,790,0.12341700091673521,0.12198062674152799,0.018774525693754592,0.9883616182167941,0.152122686131557,0.0231413116358802,0.11523886478352913,0.1902077557300009,0.6390726916892976,0.0,0.0,0.05564633033385501,0.09490746311845617,real10kg_smc_steady,,constant,1,41016,scn1_env41016,d42ebac280f92b0bc0db4db990f7adbc075c2b3b8c3a5bb086b44edb05ad89f9
startup_0_3s,0.0,3.0,300,0.1516078183065115,0.1503215429215685,0.019706960834670606,0.9915157714205577,0.1299864416941102,0.016896475024296306,0.12856211200174714,0.2501582274429858,1.0,0.02,0.05333333333333334,0.04710732869852617,0.032770233279996605,real10kg_mpc_ltv_v3,,constant,1,41016,scn1_env41016,d42ebac280f92b0bc0db4db990f7adbc075c2b3b8c3a5bb086b44edb05ad89f9
pre_step_3_10s,3.0,10.0,700,0.009722645078425097,0.007229874217063807,0.0065006727441442366,0.7436118626922997,0.6686115446679697,0.4470413976632883,0.008547665038038254,0.03222780823929533,1.0,0.036904761904761905,0.11142857142857143,0.025282736616134463,0.0370546593713139,real10kg_mpc_ltv_v3,,constant,1,41016,scn1_env41016,d42ebac280f92b0bc0db4db990f7adbc075c2b3b8c3a5bb086b44edb05ad89f9
step_recovery_10_13s,10.0,13.0,300,0.06719376725229549,0.06642517310128206,0.010134038485242414,0.9885615261289405,0.15081813239004266,0.02274610905762043,0.06153355046910683,0.09955494585347656,1.0,0.19555555555555557,0.5866666666666667,0.02333528446641128,0.034062211927594066,real10kg_mpc_ltv_v3,,constant,1,41016,scn1_env41016,d42ebac280f92b0bc0db4db990f7adbc075c2b3b8c3a5bb086b44edb05ad89f9
post_step_13_20p9s,13.0,20.9,790,0.012421505527586092,0.005691378958251583,0.011040924106496834,0.45818753174580806,0.8888555483050572,0.7900641857526838,0.012090084079160844,0.01894822238003634,0.6762179904134863,0.0,0.0,0.024697922550914134,0.03588530881338967,real10kg_mpc_ltv_v3,,constant,1,41016,scn1_env41016,d42ebac280f92b0bc0db4db990f7adbc075c2b3b8c3a5bb086b44edb05ad89f9
startup_0_3s,0.0,3.0,300,0.13084880373592883,0.12884155384924031,0.022831194468028407,0.9846597765560056,0.17448531294260014,0.030445124432677103,0.10319121847922226,0.2554459179602704,0.986690313603676,0.0,0.0,0.04697704518325428,0.05771235370039968,predictive_alpha,31000,constant,1,41016,scn1_env41016,d42ebac280f92b0bc0db4db990f7adbc075c2b3b8c3a5bb086b44edb05ad89f9
pre_step_3_10s,3.0,10.0,700,0.009408390879907346,0.006608751411001152,0.006696433658053665,0.7024316373924119,0.7117512169221877,0.506589794790215,0.008120902551726289,0.032363621707223525,1.0,0.03642857142857143,0.11,0.021570670971102924,0.02939143734235504,predictive_alpha,31000,constant,1,41016,scn1_env41016,d42ebac280f92b0bc0db4db990f7adbc075c2b3b8c3a5bb086b44edb05ad89f9
step_recovery_10_13s,10.0,13.0,300,0.07139694379177605,0.06925203606945983,0.017368911394795676,0.9699579896784982,0.24327247739694338,0.05918149825884633,0.06643449448633294,0.10347255850690579,1.0,0.20444444444444446,0.6133333333333333,0.039996998403492676,0.0658877498298665,predictive_alpha,31000,constant,1,41016,scn1_env41016,d42ebac280f92b0bc0db4db990f7adbc075c2b3b8c3a5bb086b44edb05ad89f9
post_step_13_20p9s,13.0,20.9,790,0.013527718656849885,0.00539253614376742,0.01240643889264951,0.398628643938929,0.9171124272581908,0.8410952042314104,0.013134170115410558,0.023148932394227557,0.6510658723022772,0.0,0.0,0.020890332379909816,0.02852815439729547,predictive_alpha,31000,constant,1,41016,scn1_env41016,d42ebac280f92b0bc0db4db990f7adbc075c2b3b8c3a5bb086b44edb05ad89f9
startup_0_3s,0.0,3.0,300,0.13019075859567011,0.12849809377743443,0.020925427577034646,0.9869985793423899,0.1607289780223355,0.0258338043761044,0.10247357645585929,0.2532602885554251,0.986690313603676,0.0,0.0,0.04593458242042333,0.055525787440155246,predictive_alpha,31001,constant,1,41016,scn1_env41016,d42ebac280f92b0bc0db4db990f7adbc075c2b3b8c3a5bb086b44edb05ad89f9
pre_step_3_10s,3.0,10.0,700,0.009676076242246482,0.007113299964965292,0.006559528569507991,0.7351430256314109,0.6779120384426688,0.4595647318654945,0.00841242905289805,0.032600332878124104,1.0,0.03642857142857143,0.11,0.024124342798868766,0.03441493871018912,predictive_alpha,31001,constant,1,41016,scn1_env41016,d42ebac280f92b0bc0db4db990f7adbc075c2b3b8c3a5bb086b44edb05ad89f9
step_recovery_10_13s,10.0,13.0,300,0.07123940701471643,0.06926395294520517,0.01666007005425949,0.9722702061640803,0.23386031344727365,0.05469064620565708,0.06610183335378918,0.10381196640372255,1.0,0.20444444444444446,0.6133333333333333,0.04054599813525566,0.0668916081491333,predictive_alpha,31001,constant,1,41016,scn1_env41016,d42ebac280f92b0bc0db4db990f7adbc075c2b3b8c3a5bb086b44edb05ad89f9
post_step_13_20p9s,13.0,20.9,790,0.012930243207495777,0.005449138870722437,0.011725957315825963,0.4214258605409311,0.906862858467219,0.8224002440673354,0.012550279696261421,0.02213383859480457,0.6576266102718012,0.0,0.0,0.023107335224954645,0.0327597146501943,predictive_alpha,31001,constant,1,41016,scn1_env41016,d42ebac280f92b0bc0db4db990f7adbc075c2b3b8c3a5bb086b44edb05ad89f9
startup_0_3s,0.0,3.0,300,0.12875996973020806,0.1269552773916259,0.021482256570002446,0.9859840574491937,0.16683955902610426,0.027835438456024927,0.10140041163989133,0.25348321686804076,0.986690313603676,0.0,0.0,0.04650376343471652,0.05788877240490421,predictive_alpha,31002,constant,1,41016,scn1_env41016,d42ebac280f92b0bc0db4db990f7adbc075c2b3b8c3a5bb086b44edb05ad89f9
pre_step_3_10s,3.0,10.0,700,0.009605464362786559,0.006979847554595359,0.006598990357575301,0.7266538389998769,0.6870037832987103,0.4719741982667412,0.008356180867397062,0.03271525393377472,1.0,0.03642857142857143,0.11,0.02420077920854507,0.034608070309086365,predictive_alpha,31002,constant,1,41016,scn1_env41016,d42ebac280f92b0bc0db4db990f7adbc075c2b3b8c3a5bb086b44edb05ad89f9
step_recovery_10_13s,10.0,13.0,300,0.07166128080677404,0.06961072663928627,0.01702016168013343,0.9713854658414934,0.2375084772211403,0.05641027675190492,0.0666393947680689,0.1040565039225937,1.0,0.20444444444444446,0.6133333333333333,0.040801433577652556,0.0672450004215863,predictive_alpha,31002,constant,1,41016,scn1_env41016,d42ebac280f92b0bc0db4db990f7adbc075c2b3b8c3a5bb086b44edb05ad89f9
post_step_13_20p9s,13.0,20.9,790,0.012933262205828968,0.005499861451220215,0.011705588208292046,0.4252493581040559,0.9050762307298144,0.8191629834320882,0.012539776991475812,0.02299479804453225,0.6563040790179583,0.0,0.0,0.023202983278480676,0.03295646770175951,predictive_alpha,31002,constant,1,41016,scn1_env41016,d42ebac280f92b0bc0db4db990f7adbc075c2b3b8c3a5bb086b44edb05ad89f9
startup_0_3s,0.0,3.0,300,0.13029816544933812,0.1288960714855748,0.01906343817491167,0.9892393422506899,0.14630626693146975,0.021405523743422476,0.10401552350521726,0.2539462365551198,0.986690313603676,0.0,0.0,0.04338284850853697,0.05138560298141163,predictive_alpha,31003,constant,1,41016,scn1_env41016,d42ebac280f92b0bc0db4db990f7adbc075c2b3b8c3a5bb086b44edb05ad89f9
pre_step_3_10s,3.0,10.0,700,0.009911718455890336,0.007496401010685994,0.0064842990859323504,0.7563169841886533,0.6542053343009215,0.4279846194277805,0.008535484466346582,0.03243758541395477,1.0,0.03642857142857143,0.11,0.02273970803323334,0.031693560553858365,predictive_alpha,31003,constant,1,41016,scn1_env41016,d42ebac280f92b0bc0db4db990f7adbc075c2b3b8c3a5bb086b44edb05ad89f9
step_recovery_10_13s,10.0,13.0,300,0.07141302092778172,0.06930242275875648,0.01723350683402495,0.9704451913445918,0.24132163308779195,0.05823613059615888,0.06646712968301441,0.10351447047050144,1.0,0.20444444444444446,0.6133333333333333,0.040461226402534814,0.06663190527769575,predictive_alpha,31003,constant,1,41016,scn1_env41016,d42ebac280f92b0bc0db4db990f7adbc075c2b3b8c3a5bb086b44edb05ad89f9
post_step_13_20p9s,13.0,20.9,790,0.01327395545470198,0.005426171811880622,0.012114229355652989,0.4087833374458501,0.9126314606820392,0.8328961830266324,0.012879740096773047,0.02311236395496409,0.6500052827948665,0.0,0.0,0.02186422558471167,0.030376948714049827,predictive_alpha,31003,constant,1,41016,scn1_env41016,d42ebac280f92b0bc0db4db990f7adbc075c2b3b8c3a5bb086b44edb05ad89f9
startup_0_3s,0.0,3.0,300,0.13011291928983076,0.12844162074461607,0.020787540177188413,0.987155014626243,0.15976538141368954,0.025524977098261688,0.10169030921560519,0.2548792995365416,0.986690313603676,0.0,0.0,0.04585218590020105,0.05423281488178522,predictive_alpha,31004,constant,1,41016,scn1_env41016,d42ebac280f92b0bc0db4db990f7adbc075c2b3b8c3a5bb086b44edb05ad89f9
pre_step_3_10s,3.0,10.0,700,0.009599608559178038,0.007007694038482234,0.006560846649058703,0.729997894735227,0.6834493936511586,0.4671030736821365,0.008282201338122954,0.032913158009269125,1.0,0.03642857142857143,0.11,0.022488662023406044,0.03121958745266778,predictive_alpha,31004,constant,1,41016,scn1_env41016,d42ebac280f92b0bc0db4db990f7adbc075c2b3b8c3a5bb086b44edb05ad89f9
step_recovery_10_13s,10.0,13.0,300,0.07191911602119064,0.06979749454576432,0.017339809814512958,0.9704998949820075,0.24110154259131694,0.05812995383991261,0.06683531786847001,0.10424020257240826,1.0,0.20444444444444446,0.6133333333333333,0.04022141463911701,0.06626302356922828,predictive_alpha,31004,constant,1,41016,scn1_env41016,d42ebac280f92b0bc0db4db990f7adbc075c2b3b8c3a5bb086b44edb05ad89f9
post_step_13_20p9s,13.0,20.9,790,0.013325578580084456,0.0053934559763941115,0.01218530578708242,0.40474460031737913,0.914429772324767,0.8361818085139251,0.012937026039360155,0.022849993196039694,0.651426833522094,0.0,0.0,0.02161774906938087,0.029915392968017335,predictive_alpha,31004,constant,1,41016,scn1_env41016,d42ebac280f92b0bc0db4db990f7adbc075c2b3b8c3a5bb086b44edb05ad89f9
startup_0_3s,0.0,3.0,300,0.2607299329984482,0.2585354916179641,0.03375644435115912,0.9915834697027395,0.1294690025151812,0.016762222612276,0.2513023084857051,0.3484827932550727,1.0,0.0011111111111111111,0.006666666666666667,0.06344615382266718,0.08346741831502177,real10kg_smc_steady,,constant,1,41017,scn1_env41017,e3f00914118ed5b913f64b7027dbd04644e29dafcfe90a5dd2dc833833746692
pre_step_3_10s,3.0,10.0,700,0.12188183437293196,0.12145518209527845,0.010189224323449255,0.9964994596623148,0.083599203900004,0.006988826892714444,0.11384923863314955,0.2219496271615988,1.0,0.02761904761904762,0.08285714285714285,0.056387210053455705,0.09489723580864458,real10kg_smc_steady,,constant,1,41017,scn1_env41017,e3f00914118ed5b913f64b7027dbd04644e29dafcfe90a5dd2dc833833746692
step_recovery_10_13s,10.0,13.0,300,0.14378725860734057,0.14187592685734388,0.023366581183045142,0.986707224489089,0.162508009467344,0.02640885314103837,0.13836764127893308,0.19926413899965884,1.0,0.20777777777777778,0.6266666666666667,0.0622517822129148,0.10186897975746093,real10kg_smc_steady,,constant,1,41017,scn1_env41017,e3f00914118ed5b913f64b7027dbd04644e29dafcfe90a5dd2dc833833746692
post_step_13_20p9s,13.0,20.9,790,0.12356225490841478,0.12208925441365145,0.01902221845029561,0.9880788797852942,0.1539484567062572,0.02370012732223835,0.11540252258657388,0.19042025541626167,0.6366029264661338,0.0,0.0,0.05472816711958005,0.09354875523892567,real10kg_smc_steady,,constant,1,41017,scn1_env41017,e3f00914118ed5b913f64b7027dbd04644e29dafcfe90a5dd2dc833833746692
startup_0_3s,0.0,3.0,300,0.15542612251540944,0.15422558448301515,0.019280784502904005,0.9922758284581458,0.12405111953424977,0.015388680257700725,0.1316645914455768,0.25842734180611276,1.0,0.020555555555555556,0.05333333333333334,0.047460744920490724,0.033959772053304284,real10kg_mpc_ltv_v3,,constant,1,41017,scn1_env41017,e3f00914118ed5b913f64b7027dbd04644e29dafcfe90a5dd2dc833833746692
pre_step_3_10s,3.0,10.0,700,0.009578460283745678,0.006951018528144458,0.006590162579837146,0.7256926815200246,0.688018991008443,0.473370131988276,0.00835371023792924,0.031467817596543254,1.0,0.036904761904761905,0.11142857142857143,0.023947005224123775,0.032436293247477314,real10kg_mpc_ltv_v3,,constant,1,41017,scn1_env41017,e3f00914118ed5b913f64b7027dbd04644e29dafcfe90a5dd2dc833833746692
step_recovery_10_13s,10.0,13.0,300,0.06672084114937252,0.06587116577824963,0.010614149174293496,0.9872652179366165,0.15908296405512745,0.02530738945256497,0.06111500506123586,0.09893792276531696,1.0,0.19555555555555557,0.5866666666666667,0.025231605288867247,0.03584922911870699,real10kg_mpc_ltv_v3,,constant,1,41017,scn1_env41017,e3f00914118ed5b913f64b7027dbd04644e29dafcfe90a5dd2dc833833746692
post_step_13_20p9s,13.0,20.9,790,0.013216461925253574,0.005491546697873252,0.012021554836490778,0.41550807840487086,0.9095894880550741,0.8273530367802918,0.012894351576581116,0.019188012743206563,0.661238183690333,0.0,0.0,0.02182285090660673,0.030129941448078283,real10kg_mpc_ltv_v3,,constant,1,41017,scn1_env41017,e3f00914118ed5b913f64b7027dbd04644e29dafcfe90a5dd2dc833833746692
startup_0_3s,0.0,3.0,300,0.13601065108418262,0.13408604110657377,0.02279979799711986,0.985849564263775,0.167632445072321,0.028100636640924718,0.10687550960293293,0.26644990418596315,1.0,0.0016666666666666668,0.01,0.04836268574590729,0.060278697530721376,predictive_alpha,31000,constant,1,41017,scn1_env41017,e3f00914118ed5b913f64b7027dbd04644e29dafcfe90a5dd2dc833833746692
pre_step_3_10s,3.0,10.0,700,0.009451302693285974,0.006446774689038885,0.006911310925496139,0.6821043509291635,0.7312548491760615,0.5347336544435045,0.008213706285046144,0.03184198481222582,1.0,0.037142857142857144,0.11142857142857143,0.02242827189152262,0.029660182316723686,predictive_alpha,31000,constant,1,41017,scn1_env41017,e3f00914118ed5b913f64b7027dbd04644e29dafcfe90a5dd2dc833833746692
step_recovery_10_13s,10.0,13.0,300,0.0710283619087462,0.06886149291815057,0.017410427580140792,0.9694929049133989,0.24511937361738492,0.060083507322579145,0.06609902613147271,0.10286913478392008,1.0,0.205,0.62,0.04326647831262703,0.06975259242446129,predictive_alpha,31000,constant,1,41017,scn1_env41017,e3f00914118ed5b913f64b7027dbd04644e29dafcfe90a5dd2dc833833746692
post_step_13_20p9s,13.0,20.9,790,0.01380346300717471,0.005406560482583634,0.012700578519839393,0.3916814555719411,0.9201008843388021,0.8465856373610459,0.013421898006958324,0.023517560987841055,0.653029480290063,0.0,0.0,0.02020201931326599,0.027023245189986445,predictive_alpha,31000,constant,1,41017,scn1_env41017,e3f00914118ed5b913f64b7027dbd04644e29dafcfe90a5dd2dc833833746692
startup_0_3s,0.0,3.0,300,0.13580210504094423,0.13401102108783888,0.02198312899808515,0.9868110737122571,0.16187620207696526,0.02620390479886249,0.10683246591979613,0.26440442605882797,1.0,0.0016666666666666668,0.01,0.04757492940598727,0.05915211135892783,predictive_alpha,31001,constant,1,41017,scn1_env41017,e3f00914118ed5b913f64b7027dbd04644e29dafcfe90a5dd2dc833833746692
pre_step_3_10s,3.0,10.0,700,0.00962500010368773,0.006759627365859985,0.006851865794855121,0.7022989395366445,0.7118821528354989,0.5067761995257046,0.00834399894598306,0.03208366818347425,1.0,0.036904761904761905,0.11142857142857143,0.02268044095652074,0.030105887591250838,predictive_alpha,31001,constant,1,41017,scn1_env41017,e3f00914118ed5b913f64b7027dbd04644e29dafcfe90a5dd2dc833833746692
step_recovery_10_13s,10.0,13.0,300,0.07104916373306805,0.06896442809267533,0.017084827333588237,0.9706578440778687,0.24046486173681075,0.05782334973010351,0.06611704124664207,0.1032424661189199,1.0,0.20222222222222222,0.61,0.04330250055496569,0.06993304530960573,predictive_alpha,31001,constant,1,41017,scn1_env41017,e3f00914118ed5b913f64b7027dbd04644e29dafcfe90a5dd2dc833833746692
post_step_13_20p9s,13.0,20.9,790,0.013765820364591529,0.005460517607142002,0.012636477269092644,0.39667215338560985,0.9179603492136377,0.8426512027284235,0.013384297141672583,0.02359756486420349,0.65264855527313,0.0,0.0,0.020377351894963522,0.027350499157381674,predictive_alpha,31001,constant,1,41017,scn1_env41017,e3f00914118ed5b913f64b7027dbd04644e29dafcfe90a5dd2dc833833746692
startup_0_3s,0.0,3.0,300,0.13409026584108147,0.13235226231089076,0.021519248465526632,0.9870385555633805,0.1604833007865791,0.025754889831355626,0.10532957020653659,0.2648752324922226,1.0,0.0016666666666666668,0.01,0.04790376532780695,0.06076904221077529,predictive_alpha,31002,constant,1,41017,scn1_env41017,e3f00914118ed5b913f64b7027dbd04644e29dafcfe90a5dd2dc833833746692
pre_step_3_10s,3.0,10.0,700,0.00958379053535973,0.006740552759748015,0.0068127813350131955,0.7033284726829651,0.7108650079399378,0.5053290595134478,0.008320080667991078,0.032052848286331335,1.0,0.037142857142857144,0.11142857142857143,0.02317235969426139,0.03103579906654233,predictive_alpha,31002,constant,1,41017,scn1_env41017,e3f00914118ed5b913f64b7027dbd04644e29dafcfe90a5dd2dc833833746692
step_recovery_10_13s,10.0,13.0,300,0.07150607509628869,0.06937492582365279,0.017327389954599398,0.9701962487835315,0.24232052914758184,0.058719238846364055,0.06668893978664281,0.10357132205706898,1.0,0.20444444444444446,0.6166666666666667,0.04421092087303415,0.0712852063168159,predictive_alpha,31002,constant,1,41017,scn1_env41017,e3f00914118ed5b913f64b7027dbd04644e29dafcfe90a5dd2dc833833746692
post_step_13_20p9s,13.0,20.9,790,0.013700808883262996,0.005542574718047593,0.012529646026546715,0.4045436123715616,0.914518707129257,0.8363444656893679,0.013303652837132926,0.024570251239423888,0.6510491065078803,0.0,0.0,0.020756401505409753,0.028068293176070864,predictive_alpha,31002,constant,1,41017,scn1_env41017,e3f00914118ed5b913f64b7027dbd04644e29dafcfe90a5dd2dc833833746692
startup_0_3s,0.0,3.0,300,0.13493003858230762,0.13359042860454395,0.01896609335306743,0.9900718180188876,0.14056242444115266,0.01975779516477475,0.10703227561350197,0.2646454884237139,1.0,0.0016666666666666668,0.01,0.04513416653834064,0.05463686373839316,predictive_alpha,31003,constant,1,41017,scn1_env41017,e3f00914118ed5b913f64b7027dbd04644e29dafcfe90a5dd2dc833833746692
pre_step_3_10s,3.0,10.0,700,0.009940903563658723,0.007384282666157435,0.006655368747729125,0.7428180566153354,0.6694933418385999,0.4482213347662164,0.008629832811406234,0.032334475999623,1.0,0.037142857142857144,0.11142857142857143,0.025190438997255694,0.03483700023003104,predictive_alpha,31003,constant,1,41017,scn1_env41017,e3f00914118ed5b913f64b7027dbd04644e29dafcfe90a5dd2dc833833746692
step_recovery_10_13s,10.0,13.0,300,0.07117494762091223,0.06909906623459548,0.017064355081472762,0.9708341002599232,0.2397522675023228,0.05748114977250536,0.066224691216172,0.10311639753593792,1.0,0.20444444444444446,0.6166666666666667,0.0443056320698676,0.07156408044082693,predictive_alpha,31003,constant,1,41017,scn1_env41017,e3f00914118ed5b913f64b7027dbd04644e29dafcfe90a5dd2dc833833746692
post_step_13_20p9s,13.0,20.9,790,0.013217452020619674,0.00545031287959499,0.012041392254714739,0.4123573038958127,0.9110222027611493,0.8299614539237765,0.012836800803862137,0.023260341836314608,0.6515700633472515,0.0,0.0,0.022333310978867992,0.03106170169907838,predictive_alpha,31003,constant,1,41017,scn1_env41017,e3f00914118ed5b913f64b7027dbd04644e29dafcfe90a5dd2dc833833746692
startup_0_3s,0.0,3.0,300,0.13550548336936216,0.1338804360819433,0.020922831014783268,0.9880075163970354,0.15440578856688486,0.023841147542961554,0.10553505122245449,0.2658762667840931,1.0,0.0016666666666666668,0.01,0.046917111901133464,0.05693663862158599,predictive_alpha,31004,constant,1,41017,scn1_env41017,e3f00914118ed5b913f64b7027dbd04644e29dafcfe90a5dd2dc833833746692
pre_step_3_10s,3.0,10.0,700,0.009579718565661054,0.006763249285554997,0.00678450196394038,0.7059966573337737,0.7082151649276778,0.5015687198335378,0.008320896861628974,0.032148421967846126,1.0,0.036904761904761905,0.11142857142857143,0.023003633101043565,0.030705548779866837,predictive_alpha,31004,constant,1,41017,scn1_env41017,e3f00914118ed5b913f64b7027dbd04644e29dafcfe90a5dd2dc833833746692
step_recovery_10_13s,10.0,13.0,300,0.07149050833130992,0.0693333045454294,0.017429448134689482,0.9698253119717187,0.2438008700947521,0.05943886425895819,0.06647743034560501,0.1035505024775735,1.0,0.205,0.62,0.043621160667190254,0.07045486746644121,predictive_alpha,31004,constant,1,41017,scn1_env41017,e3f00914118ed5b913f64b7027dbd04644e29dafcfe90a5dd2dc833833746692
post_step_13_20p9s,13.0,20.9,790,0.01369054460020699,0.0054138804829763415,0.012574613694515816,0.3954466853637428,0.9184889324509193,0.8436219190348294,0.013310657412130356,0.023455796796227408,0.653300115988619,0.0,0.0,0.02062088687415824,0.02780143623957295,predictive_alpha,31004,constant,1,41017,scn1_env41017,e3f00914118ed5b913f64b7027dbd04644e29dafcfe90a5dd2dc833833746692
startup_0_3s,0.0,3.0,300,0.26084806915706005,0.25843809371707305,0.0353760780592158,0.9907609995052871,0.135619474483882,0.018392641859284325,0.25138453128914506,0.3503672868535108,0.9871470432485412,0.0,0.0,0.06178329169448178,0.07868934978202576,real10kg_smc_steady,,constant,1,41018,scn1_env41018,fc78a096affe43aa0db9c3cbaf59503c657307e3b1a0fa808857b2d905545af5
pre_step_3_10s,3.0,10.0,700,0.12187913850924839,0.12148545147199287,0.009788231934451679,0.9967698570725814,0.08031097080415392,0.0064498520315056625,0.11399726823077413,0.22036066562410175,1.0,0.026904761904761904,0.08285714285714285,0.05469515926295121,0.093561395427886,real10kg_smc_steady,,constant,1,41018,scn1_env41018,fc78a096affe43aa0db9c3cbaf59503c657307e3b1a0fa808857b2d905545af5
step_recovery_10_13s,10.0,13.0,300,0.14434138782379968,0.14247688314962637,0.023125181228873977,0.9870826746071657,0.16021171458530892,0.025667793490364483,0.13881255959152475,0.20065710483570517,1.0,0.20833333333333334,0.63,0.062173044865181874,0.10433950598772171,real10kg_smc_steady,,constant,1,41018,scn1_env41018,fc78a096affe43aa0db9c3cbaf59503c657307e3b1a0fa808857b2d905545af5
post_step_13_20p9s,13.0,20.9,790,0.1233151126389497,0.1218542672445051,0.018924971848369658,0.9881535574741617,0.15346839039736732,0.023552546851158745,0.11517851394977556,0.19024075631893023,0.6336363792257628,0.0,0.0,0.057044545382998656,0.09825271653473379,real10kg_smc_steady,,constant,1,41018,scn1_env41018,fc78a096affe43aa0db9c3cbaf59503c657307e3b1a0fa808857b2d905545af5
startup_0_3s,0.0,3.0,300,0.1527855903512923,0.15135654190545586,0.020847873786429334,0.9906467066524356,0.13645183252226115,0.018619102598683202,0.13055652149472408,0.24874707102200697,1.0,0.02,0.05333333333333334,0.047645134768914785,0.029189097408926126,real10kg_mpc_ltv_v3,,constant,1,41018,scn1_env41018,fc78a096affe43aa0db9c3cbaf59503c657307e3b1a0fa808857b2d905545af5
pre_step_3_10s,3.0,10.0,700,0.009606479950401385,0.006958656288021271,0.006622806029368959,0.7243710832634922,0.6894102796823346,0.4752865337316748,0.008292962054918923,0.031253006595413226,1.0,0.03666666666666667,0.11,0.018963458648380768,0.02450372095343739,real10kg_mpc_ltv_v3,,constant,1,41018,scn1_env41018,fc78a096affe43aa0db9c3cbaf59503c657307e3b1a0fa808857b2d905545af5
step_recovery_10_13s,10.0,13.0,300,0.06660662526834664,0.0656447584319838,0.011278662156676526,0.9855589915794766,0.1693324366943489,0.02867347411684567,0.06108486429941289,0.09879654543328602,1.0,0.195,0.5866666666666667,0.023097732367416995,0.03133747202581476,real10kg_mpc_ltv_v3,,constant,1,41018,scn1_env41018,fc78a096affe43aa0db9c3cbaf59503c657307e3b1a0fa808857b2d905545af5
post_step_13_20p9s,13.0,20.9,790,0.014050360851714825,0.005560164807341938,0.012903379688228845,0.39573110370779757,0.9183664266283956,0.8433968935582083,0.013722376069696403,0.019535954086917634,0.6613762945855575,0.0,0.0,0.01880515710829904,0.02518787088730083,real10kg_mpc_ltv_v3,,constant,1,41018,scn1_env41018,fc78a096affe43aa0db9c3cbaf59503c657307e3b1a0fa808857b2d905545af5
startup_0_3s,0.0,3.0,300,0.13337381785279498,0.13102535789840716,0.024918484629384032,0.9823918967590789,0.18683190622080434,0.034906161182099424,0.10496898836470689,0.26354325570901194,0.9884643062430954,0.0,0.0,0.04693800623195003,0.05559659229468409,predictive_alpha,31000,constant,1,41018,scn1_env41018,fc78a096affe43aa0db9c3cbaf59503c657307e3b1a0fa808857b2d905545af5
pre_step_3_10s,3.0,10.0,700,0.009393593040322102,0.006606791026429466,0.006677567112375502,0.7033294925668743,0.71086399886731,0.5053276248856229,0.008104773055449342,0.03244131084348166,1.0,0.03595238095238095,0.10857142857142857,0.021737886285125886,0.029874033635031032,predictive_alpha,31000,constant,1,41018,scn1_env41018,fc78a096affe43aa0db9c3cbaf59503c657307e3b1a0fa808857b2d905545af5
step_recovery_10_13s,10.0,13.0,300,0.0713518691035388,0.06925229132407372,0.017181657979780617,0.9705743128267827,0.2408017925199449,0.0579855032808186,0.06639252951023915,0.10346938530641535,1.0,0.205,0.6166666666666667,0.04256065395322499,0.07005690367850569,predictive_alpha,31000,constant,1,41018,scn1_env41018,fc78a096affe43aa0db9c3cbaf59503c657307e3b1a0fa808857b2d905545af5
post_step_13_20p9s,13.0,20.9,790,0.013577799065903475,0.005409673343819716,0.012453596339500316,0.39842048903231086,0.9172028750059902,0.8412611139192541,0.013202799766790719,0.02341214484508603,0.6491434665920747,0.0,0.0,0.02103228995590895,0.029350795471627403,predictive_alpha,31000,constant,1,41018,scn1_env41018,fc78a096affe43aa0db9c3cbaf59503c657307e3b1a0fa808857b2d905545af5
startup_0_3s,0.0,3.0,300,0.13374524508205737,0.1314244849060954,0.024807163264409963,0.9826479051682315,0.1854807118502785,0.03440309446848605,0.10530385012121635,0.26234618633964524,0.9884643062430954,0.0,0.0,0.04653177421438602,0.05542586166315134,predictive_alpha,31001,constant,1,41018,scn1_env41018,fc78a096affe43aa0db9c3cbaf59503c657307e3b1a0fa808857b2d905545af5
pre_step_3_10s,3.0,10.0,700,0.009482460547333293,0.00674393653143111,0.006666061662763205,0.7112011168164232,0.7029885997931064,0.4941929714390723,0.008176435884910748,0.032462437148767606,1.0,0.03666666666666667,0.11,0.021767869946372066,0.029955309574024307,predictive_alpha,31001,constant,1,41018,scn1_env41018,fc78a096affe43aa0db9c3cbaf59503c657307e3b1a0fa808857b2d905545af5
step_recovery_10_13s,10.0,13.0,300,0.07103328031456399,0.06902170824978424,0.016784835493060108,0.9716812731177316,0.23629537336203668,0.055835503472304315,0.06605910629310068,0.10349760728677856,1.0,0.20444444444444446,0.6133333333333333,0.042183177803649365,0.0690623914911068,predictive_alpha,31001,constant,1,41018,scn1_env41018,fc78a096affe43aa0db9c3cbaf59503c657307e3b1a0fa808857b2d905545af5
post_step_13_20p9s,13.0,20.9,790,0.013576157942506493,0.005442571578436619,0.012437462727320074,0.4008918871955747,0.9161253706675581,0.8392856947807708,0.013204175489338882,0.02319998074204092,0.6494292039869162,0.0,0.0,0.02100143010181754,0.029276481197747267,predictive_alpha,31001,constant,1,41018,scn1_env41018,fc78a096affe43aa0db9c3cbaf59503c657307e3b1a0fa808857b2d905545af5
startup_0_3s,0.0,3.0,300,0.13066900648921898,0.1285189702628113,0.023606430044930075,0.9835459357641549,0.1806582194139339,0.032637392241813085,0.1028561165464861,0.2617029513352074,0.9884643062430954,0.0,0.0,0.046216011078779796,0.05470929244885175,predictive_alpha,31002,constant,1,41018,scn1_env41018,fc78a096affe43aa0db9c3cbaf59503c657307e3b1a0fa808857b2d905545af5
pre_step_3_10s,3.0,10.0,700,0.009542614359791776,0.006887292574389114,0.006605050326414535,0.7217406378077085,0.6921636018579147,0.47909045173692194,0.008228250721875269,0.03243369809624382,1.0,0.03595238095238095,0.10857142857142857,0.021793019851278628,0.029987501302816886,predictive_alpha,31002,constant,1,41018,scn1_env41018,fc78a096affe43aa0db9c3cbaf59503c657307e3b1a0fa808857b2d905545af5
step_recovery_10_13s,10.0,13.0,300,0.07171411670879606,0.06962771038798536,0.01717255023139126,0.9709066162066416,0.23945843607225198,0.05734034260616879,0.06678929949982337,0.1040763066200311,1.0,0.205,0.6166666666666667,0.043049963485151305,0.07075397871571622,predictive_alpha,31002,constant,1,41018,scn1_env41018,fc78a096affe43aa0db9c3cbaf59503c657307e3b1a0fa808857b2d905545af5
post_step_13_20p9s,13.0,20.9,790,0.013611468090061706,0.0055028722739414474,0.012449516468660722,0.40428205374549725,0.9146343646612688,0.8365560210193227,0.013227137460000449,0.02408445525206472,0.6480768578740066,0.0,0.0,0.021013226681542867,0.029295667264373586,predictive_alpha,31002,constant,1,41018,scn1_env41018,fc78a096affe43aa0db9c3cbaf59503c657307e3b1a0fa808857b2d905545af5
startup_0_3s,0.0,3.0,300,0.13195670123975256,0.13013540839798798,0.021848260415103855,0.9861977995459627,0.16557143524986792,0.0274139001707012,0.1046901751285312,0.26200757022136173,0.9884643062430954,0.0,0.0,0.0434542199687351,0.04954692479908196,predictive_alpha,31003,constant,1,41018,scn1_env41018,fc78a096affe43aa0db9c3cbaf59503c657307e3b1a0fa808857b2d905545af5
pre_step_3_10s,3.0,10.0,700,0.009826190870417133,0.007351834461309711,0.0065195519075599,0.7481876302080847,0.6634872040993783,0.4402152700036101,0.008448186996599466,0.032407379832436835,1.0,0.03642857142857143,0.11,0.021806283282435907,0.030029478428485044,predictive_alpha,31003,constant,1,41018,scn1_env41018,fc78a096affe43aa0db9c3cbaf59503c657307e3b1a0fa808857b2d905545af5
step_recovery_10_13s,10.0,13.0,300,0.0714427371674967,0.0693434120757075,0.017191739169805882,0.9706152763034911,0.24063662523875648,0.05790598540629773,0.06655397830466567,0.10352902957904311,1.0,0.205,0.6166666666666667,0.042864262535886405,0.07048768239888717,predictive_alpha,31003,constant,1,41018,scn1_env41018,fc78a096affe43aa0db9c3cbaf59503c657307e3b1a0fa808857b2d905545af5
post_step_13_20p9s,13.0,20.9,790,0.013598385021977463,0.005461387879986927,0.012453486163732342,0.4016203299995059,0.9158062625528872,0.8387011105310879,0.013216621766302497,0.023847972174731707,0.6483202151032875,0.0,0.0,0.02101237761705799,0.029308912416017772,predictive_alpha,31003,constant,1,41018,scn1_env41018,fc78a096affe43aa0db9c3cbaf59503c657307e3b1a0fa808857b2d905545af5
startup_0_3s,0.0,3.0,300,0.13275257859514156,0.13077203410622223,0.022845617071558466,0.9850809339458525,0.17209170106767752,0.02961555357636688,0.1035289648944773,0.2630540067929273,0.9884643062430954,0.0,0.0,0.04557771286441404,0.052391989435402214,predictive_alpha,31004,constant,1,41018,scn1_env41018,fc78a096affe43aa0db9c3cbaf59503c657307e3b1a0fa808857b2d905545af5
pre_step_3_10s,3.0,10.0,700,0.009617388219361315,0.007025381871831994,0.006567965112334582,0.7304874994740044,0.6829260670908798,0.4663880131122168,0.008276266295979565,0.03296232298290662,1.0,0.035,0.10571428571428572,0.02183399349724436,0.03010268608587079,predictive_alpha,31004,constant,1,41018,scn1_env41018,fc78a096affe43aa0db9c3cbaf59503c657307e3b1a0fa808857b2d905545af5
step_recovery_10_13s,10.0,13.0,300,0.07191863646711665,0.06982154940054401,0.017240693448834183,0.9708408394598598,0.23972497666466666,0.05746806443687497,0.06686970792433987,0.10425204126429007,1.0,0.205,0.6166666666666667,0.042593421811516145,0.0700919179360982,predictive_alpha,31004,constant,1,41018,scn1_env41018,fc78a096affe43aa0db9c3cbaf59503c657307e3b1a0fa808857b2d905545af5
post_step_13_20p9s,13.0,20.9,790,0.013580528885392342,0.005423296518989355,0.012450647359639327,0.39934354285883733,0.9168013605885149,0.8405247347769522,0.01320685769864456,0.02338277878141769,0.649662799418065,0.0,0.0,0.021007725521386852,0.029286416133434377,predictive_alpha,31004,constant,1,41018,scn1_env41018,fc78a096affe43aa0db9c3cbaf59503c657307e3b1a0fa808857b2d905545af5
startup_0_3s,0.0,3.0,300,0.2681363069438927,0.26554336789018557,0.037199447187384695,0.9903297726322094,0.1387333465257603,0.01924694143823669,0.2585818936608125,0.35954075589150813,0.9999999999999999,0.0011111111111111111,0.006666666666666667,0.061566420698368915,0.07904749845634375,real10kg_smc_steady,,constant,1,41019,scn1_env41019,e018b8bb4fa7ab12712858a2ae7a9fc035bab8de51a836a63b65133e6f084661
pre_step_3_10s,3.0,10.0,700,0.12152158053168856,0.1211087376710003,0.010008406199615235,0.9966027197895061,0.08235908515858542,0.006783018908159126,0.11379317581398975,0.21835446858318272,1.0,0.026904761904761904,0.08285714285714285,0.05753067208371657,0.09964042998004816,real10kg_smc_steady,,constant,1,41019,scn1_env41019,e018b8bb4fa7ab12712858a2ae7a9fc035bab8de51a836a63b65133e6f084661
step_recovery_10_13s,10.0,13.0,300,0.14418870444399243,0.14231357568875358,0.023178193715611455,0.9869953144910376,0.16074902541769226,0.025840249172737872,0.13863414568550936,0.20043936818559663,1.0,0.20944444444444443,0.63,0.06553350661862178,0.11227525926047298,real10kg_smc_steady,,constant,1,41019,scn1_env41019,e018b8bb4fa7ab12712858a2ae7a9fc035bab8de51a836a63b65133e6f084661
post_step_13_20p9s,13.0,20.9,790,0.12327884727664834,0.1218120782970769,0.018960268110076724,0.988102022269239,0.15379984911384068,0.023654393587440162,0.11523162854279514,0.190134950863797,0.6348841251870609,0.0,0.0,0.05741502157964322,0.09910260301683795,real10kg_smc_steady,,constant,1,41019,scn1_env41019,e018b8bb4fa7ab12712858a2ae7a9fc035bab8de51a836a63b65133e6f084661
startup_0_3s,0.0,3.0,300,0.1545424833253309,0.15298895132301513,0.021857720042225245,0.989947540838687,0.14143502532059135,0.020003866387436318,0.1322989645305418,0.2532758963100865,1.0,0.021111111111111112,0.05333333333333334,0.047355932376004536,0.02806059888697725,real10kg_mpc_ltv_v3,,constant,1,41019,scn1_env41019,e018b8bb4fa7ab12712858a2ae7a9fc035bab8de51a836a63b65133e6f084661
pre_step_3_10s,3.0,10.0,700,0.009692552227881221,0.0069196679664726415,0.006787029094086572,0.7139159845399432,0.7002313667769843,0.49032396701836356,0.008389627911490704,0.030690383871018165,1.0,0.03833333333333333,0.11571428571428571,0.018878634971833952,0.023939050385881913,real10kg_mpc_ltv_v3,,constant,1,41019,scn1_env41019,e018b8bb4fa7ab12712858a2ae7a9fc035bab8de51a836a63b65133e6f084661
step_recovery_10_13s,10.0,13.0,300,0.06617915413464466,0.06517988390000454,0.011457014303865719,0.9849005287585414,0.17312119584598912,0.02997094845114532,0.06064840515260965,0.09825583404134598,1.0,0.19555555555555557,0.5866666666666667,0.02285810360709498,0.0316164571770445,real10kg_mpc_ltv_v3,,constant,1,41019,scn1_env41019,e018b8bb4fa7ab12712858a2ae7a9fc035bab8de51a836a63b65133e6f084661
post_step_13_20p9s,13.0,20.9,790,0.014259292187342192,0.0056247912230180195,0.013103020162598296,0.39446496706274675,0.9189109803240931,0.8443973897601857,0.013925516848534521,0.019469659646496263,0.6608410953030818,0.0,0.0,0.018190133042899584,0.023873249688829295,real10kg_mpc_ltv_v3,,constant,1,41019,scn1_env41019,e018b8bb4fa7ab12712858a2ae7a9fc035bab8de51a836a63b65133e6f084661
startup_0_3s,0.0,3.0,300,0.14163641885566858,0.1390556218352985,0.026914850589532312,0.9817787187700644,0.19002775421030157,0.036110547370210785,0.1106573888297361,0.2806177789545053,0.9999999861317038,0.0011111111111111111,0.006666666666666667,0.04611587578678246,0.05572560570108431,predictive_alpha,31000,constant,1,41019,scn1_env41019,e018b8bb4fa7ab12712858a2ae7a9fc035bab8de51a836a63b65133e6f084661
pre_step_3_10s,3.0,10.0,700,0.00941599227890519,0.006301205591678218,0.006996836334216009,0.6692025019811154,0.7430800840704959,0.5521680113422153,0.00815966708406282,0.031375443914879134,1.0,0.03833333333333333,0.11571428571428571,0.019898152317115034,0.025803089591022368,predictive_alpha,31000,constant,1,41019,scn1_env41019,e018b8bb4fa7ab12712858a2ae7a9fc035bab8de51a836a63b65133e6f084661
step_recovery_10_13s,10.0,13.0,300,0.071018780364172,0.06880758210793805,0.01758362331471718,0.9688645982809715,0.24759117552500065,0.06130139019785168,0.06612258535056702,0.10303697841977258,1.0,0.20444444444444446,0.6166666666666667,0.044959820123772316,0.07539266696702156,predictive_alpha,31000,constant,1,41019,scn1_env41019,e018b8bb4fa7ab12712858a2ae7a9fc035bab8de51a836a63b65133e6f084661
post_step_13_20p9s,13.0,20.9,790,0.014260284821268628,0.005529619942046082,0.013144543601062408,0.3877636394610353,0.9217588404305826,0.8496393599119323,0.013869454066040973,0.024125483654807458,0.6464802755266066,0.0,0.0,0.018658828992793204,0.02471488873444218,predictive_alpha,31000,constant,1,41019,scn1_env41019,e018b8bb4fa7ab12712858a2ae7a9fc035bab8de51a836a63b65133e6f084661
startup_0_3s,0.0,3.0,300,0.14167478497463917,0.13907921376304094,0.026994758688764053,0.9816793707358521,0.1905403187560603,0.036305613071661066,0.11094281949705218,0.2791556152509109,0.9999999861317038,0.0011111111111111111,0.006666666666666667,0.045756181898942413,0.05518581672117025,predictive_alpha,31001,constant,1,41019,scn1_env41019,e018b8bb4fa7ab12712858a2ae7a9fc035bab8de51a836a63b65133e6f084661
pre_step_3_10s,3.0,10.0,700,0.009497878823802377,0.0064261709410957405,0.0069938565318034855,0.6765901166259658,0.7363598400809632,0.5422258140840618,0.008221033060009203,0.031433865292040994,1.0,0.03833333333333333,0.11571428571428571,0.01992738821881965,0.025872258971920442,predictive_alpha,31001,constant,1,41019,scn1_env41019,e018b8bb4fa7ab12712858a2ae7a9fc035bab8de51a836a63b65133e6f084661
step_recovery_10_13s,10.0,13.0,300,0.07063911321553111,0.0685094929706954,0.01721434543556215,0.9698521095764906,0.24369424603389994,0.059386885550030966,0.0656701724470962,0.10304749108027503,1.0,0.20333333333333334,0.61,0.04397780348240205,0.07375373321370413,predictive_alpha,31001,constant,1,41019,scn1_env41019,e018b8bb4fa7ab12712858a2ae7a9fc035bab8de51a836a63b65133e6f084661
post_step_13_20p9s,13.0,20.9,790,0.014241485818449643,0.005517421080770918,0.013129279604554355,0.3874189218110359,0.9219037796987137,0.8499065790227746,0.013859340698888702,0.023499451805471843,0.6473175426652423,0.0,0.0,0.018637236868783512,0.024673577263337035,predictive_alpha,31001,constant,1,41019,scn1_env41019,e018b8bb4fa7ab12712858a2ae7a9fc035bab8de51a836a63b65133e6f084661
startup_0_3s,0.0,3.0,300,0.13749055510905583,0.13518906323479943,0.02505134579007109,0.9832607274555631,0.1822041213681963,0.033198341843556405,0.10762663364610627,0.27840312709641307,0.9999999861317038,0.0011111111111111111,0.006666666666666667,0.045620367477167224,0.05428571644819475,predictive_alpha,31002,constant,1,41019,scn1_env41019,e018b8bb4fa7ab12712858a2ae7a9fc035bab8de51a836a63b65133e6f084661
pre_step_3_10s,3.0,10.0,700,0.009676652225455268,0.00678856362058064,0.006895868492201506,0.7015405186023672,0.7126295676991811,0.5078409007591217,0.008359760610360648,0.03152570540140197,1.0,0.03833333333333333,0.11571428571428571,0.01996096364928476,0.025968207769418838,predictive_alpha,31002,constant,1,41019,scn1_env41019,e018b8bb4fa7ab12712858a2ae7a9fc035bab8de51a836a63b65133e6f084661
step_recovery_10_13s,10.0,13.0,300,0.07137976503849924,0.06920124165023021,0.01750025745575765,0.9694798184458295,0.24517112722798606,0.06010888162624132,0.06655903723202249,0.10360357683161464,1.0,0.20333333333333334,0.61,0.04517190505826618,0.07593381470155117,predictive_alpha,31002,constant,1,41019,scn1_env41019,e018b8bb4fa7ab12712858a2ae7a9fc035bab8de51a836a63b65133e6f084661
post_step_13_20p9s,13.0,20.9,790,0.014304411325248314,0.0056532275473910164,0.013139908738621878,0.39520868205269405,0.9185913659675735,0.8438100976301727,0.01390129967640846,0.02504112327452996,0.6449457334840799,0.0,0.0,0.018638083999291545,0.02467344697212374,predictive_alpha,31002,constant,1,41019,scn1_env41019,e018b8bb4fa7ab12712858a2ae7a9fc035bab8de51a836a63b65133e6f084661
startup_0_3s,0.0,3.0,300,0.13871110252820176,0.13672060472632097,0.02341465797013468,0.9856500469998348,0.1688016138821633,0.028493984849222945,0.10918318330535044,0.27865814354030294,0.9999999861317038,0.0011111111111111111,0.006666666666666667,0.04186909060483577,0.04801728792280962,predictive_alpha,31003,constant,1,41019,scn1_env41019,e018b8bb4fa7ab12712858a2ae7a9fc035bab8de51a836a63b65133e6f084661
pre_step_3_10s,3.0,10.0,700,0.009936428637742207,0.0072343856554171046,0.006811481355890118,0.7280669865567443,0.6855059905545549,0.4699184630861815,0.008557391185555784,0.031468726982426365,1.0,0.03833333333333333,0.11571428571428571,0.020021804478146384,0.026077684978486157,predictive_alpha,31003,constant,1,41019,scn1_env41019,e018b8bb4fa7ab12712858a2ae7a9fc035bab8de51a836a63b65133e6f084661
step_recovery_10_13s,10.0,13.0,300,0.071108521610168,0.06890017795224984,0.017583723261358285,0.9689440364120525,0.24728011303280903,0.061147454301518814,0.06626633354312655,0.10308636817575728,1.0,0.2038888888888889,0.6133333333333333,0.04509101459833008,0.07566009172079423,predictive_alpha,31003,constant,1,41019,scn1_env41019,e018b8bb4fa7ab12712858a2ae7a9fc035bab8de51a836a63b65133e6f084661
post_step_13_20p9s,13.0,20.9,790,0.014275764627081714,0.005569424002986599,0.013144541527295437,0.3901313974048838,0.9207591936868796,0.8477974927589127,0.013880454390554868,0.024428757552603368,0.6458840752972858,0.0,0.0,0.01865471353770894,0.024710489029080237,predictive_alpha,31003,constant,1,41019,scn1_env41019,e018b8bb4fa7ab12712858a2ae7a9fc035bab8de51a836a63b65133e6f084661
startup_0_3s,0.0,3.0,300,0.14000922595977716,0.1378758119674655,0.02434838450838234,0.984762332784237,0.1739055718755085,0.030243147929347663,0.10886918119636652,0.279388654793704,0.9999999861317038,0.0011111111111111111,0.006666666666666667,0.043685332675338154,0.050422469634562095,predictive_alpha,31004,constant,1,41019,scn1_env41019,e018b8bb4fa7ab12712858a2ae7a9fc035bab8de51a836a63b65133e6f084661
pre_step_3_10s,3.0,10.0,700,0.009760468022570372,0.006944925077041333,0.006858188659835862,0.7115360719364787,0.7026495700797133,0.49371641833320595,0.008423556446974916,0.031868492107375315,1.0,0.03833333333333333,0.11571428571428571,0.019993999140688876,0.026065824129504655,predictive_alpha,31004,constant,1,41019,scn1_env41019,e018b8bb4fa7ab12712858a2ae7a9fc035bab8de51a836a63b65133e6f084661
step_recovery_10_13s,10.0,13.0,300,0.07147277149388451,0.0692705994480785,0.01760514462084582,0.9691886574456618,0.24631960189695715,0.060673346278675454,0.06649137870572688,0.10371760488038946,1.0,0.205,0.62,0.04482087397352935,0.07520196280185042,predictive_alpha,31004,constant,1,41019,scn1_env41019,e018b8bb4fa7ab12712858a2ae7a9fc035bab8de51a836a63b65133e6f084661
post_step_13_20p9s,13.0,20.9,790,0.014260589043070537,0.005534989197917174,0.01314261368352139,0.3881318773859989,0.9216038442610902,0.84935364575682,0.013872106066191468,0.023993823711860995,0.6470033690762148,0.0,0.0,0.018648654256869752,0.024689018601141578,predictive_alpha,31004,constant,1,41019,scn1_env41019,e018b8bb4fa7ab12712858a2ae7a9fc035bab8de51a836a63b65133e6f084661
startup_0_3s,0.0,3.0,300,0.2408931060990038,0.23823297422534148,0.03570068007438619,0.9889572104542956,0.14820133565679416,0.021963635890457765,0.23100463734259763,0.3673602969406154,0.7957174982153319,0.0,0.0,0.058421169032168395,0.07885364861297266,real10kg_smc_steady,,sinusoidal,2,41000,scn2_env41000,51d5451fcbf1c3eaa6c47bcba922cba98d7b493c44c6a511b8f980f1cb0683b4
pre_step_3_10s,3.0,10.0,700,0.10340090719194323,0.10287952941980665,0.010370633272659692,0.9949577060173298,0.10029537993712834,0.010059163236732926,0.09721165030457302,0.18101427215775326,1.0,0.07833333333333334,0.24571428571428572,0.06552174522260651,0.11157627306860388,real10kg_smc_steady,,sinusoidal,2,41000,scn2_env41000,51d5451fcbf1c3eaa6c47bcba922cba98d7b493c44c6a511b8f980f1cb0683b4
step_recovery_10_13s,10.0,13.0,300,0.06378106128225157,0.059381009750508466,0.023279163629743,0.9310131966561128,0.36498551704439763,0.13321442765216626,0.060207013655358174,0.10508641768441446,1.0,0.09666666666666666,0.29,0.06713401834598301,0.11616016949456452,real10kg_smc_steady,,sinusoidal,2,41000,scn2_env41000,51d5451fcbf1c3eaa6c47bcba922cba98d7b493c44c6a511b8f980f1cb0683b4
post_step_13_20p9s,13.0,20.9,790,0.15958920338813554,0.15861544445456902,0.017602687821444137,0.993898340784381,0.11029999177721811,0.012166088186054382,0.1575440575987745,0.27764890143982096,1.0,0.09556962025316455,0.1670886075949367,0.0552052231433317,0.09507645517432617,real10kg_smc_steady,,sinusoidal,2,41000,scn2_env41000,51d5451fcbf1c3eaa6c47bcba922cba98d7b493c44c6a511b8f980f1cb0683b4
startup_0_3s,0.0,3.0,300,0.1357059140718055,0.13431306741841847,0.019393169795565143,0.9897362862708399,0.14290585585904325,0.020422083638805644,0.11867567345217893,0.21238407873262583,1.0,0.023333333333333334,0.05333333333333334,0.04750439119992807,0.0315829943875606,real10kg_mpc_ltv_v3,,sinusoidal,2,41000,scn2_env41000,51d5451fcbf1c3eaa6c47bcba922cba98d7b493c44c6a511b8f980f1cb0683b4
pre_step_3_10s,3.0,10.0,700,0.018475691269821317,0.017335377192314243,0.006390294633109085,0.9382803024334092,0.34587580728560674,0.11963007406547016,0.014717065484753534,0.05524368503050232,1.0,0.13404761904761905,0.4228571428571429,0.02328326816624582,0.03085829585847453,real10kg_mpc_ltv_v3,,sinusoidal,2,41000,scn2_env41000,51d5451fcbf1c3eaa6c47bcba922cba98d7b493c44c6a511b8f980f1cb0683b4
step_recovery_10_13s,10.0,13.0,300,0.03635785132015192,0.0344930050596295,0.011494605455371067,0.9487085679486016,0.31615194622351067,0.09995205310091358,0.03176401988745836,0.060188748574039136,1.0,0.1,0.3,0.029127386748115564,0.043697717378466616,real10kg_mpc_ltv_v3,,sinusoidal,2,41000,scn2_env41000,51d5451fcbf1c3eaa6c47bcba922cba98d7b493c44c6a511b8f980f1cb0683b4
post_step_13_20p9s,13.0,20.9,790,0.043492810599956785,0.041952293234590744,0.011472997264996855,0.9645799536954374,0.2637906611859261,0.06958551292890805,0.023395660753472727,0.22274019541432766,1.0,0.07742616033755274,0.16582278481012658,0.021306694102279703,0.02993740050553933,real10kg_mpc_ltv_v3,,sinusoidal,2,41000,scn2_env41000,51d5451fcbf1c3eaa6c47bcba922cba98d7b493c44c6a511b8f980f1cb0683b4
startup_0_3s,0.0,3.0,300,0.11748880951108778,0.11466607018652897,0.025599076317529182,0.9759743984443691,0.21788523029602508,0.047473973581151886,0.09480319294468434,0.2221908123710066,0.82052874219846,0.0,0.0,0.04574327935170885,0.054310130037997936,predictive_alpha,31000,sinusoidal,2,41000,scn2_env41000,51d5451fcbf1c3eaa6c47bcba922cba98d7b493c44c6a511b8f980f1cb0683b4
pre_step_3_10s,3.0,10.0,700,0.018286591932095822,0.01703423152166405,0.006650894748628862,0.9315148270884919,0.36370335015544936,0.1322801269142974,0.014451676014930174,0.055359723630346226,1.0,0.13452380952380952,0.42428571428571427,0.023602951223079698,0.03137154851492884,predictive_alpha,31000,sinusoidal,2,41000,scn2_env41000,51d5451fcbf1c3eaa6c47bcba922cba98d7b493c44c6a511b8f980f1cb0683b4
step_recovery_10_13s,10.0,13.0,300,0.03838109567517717,0.034432973256931725,0.016955201500263223,0.8971336709181318,0.4417591838377073,0.19515117650495725,0.03424074834300486,0.06084903127819523,1.0,0.09777777777777778,0.29333333333333333,0.04488579247239551,0.07361208506800626,predictive_alpha,31000,sinusoidal,2,41000,scn2_env41000,51d5451fcbf1c3eaa6c47bcba922cba98d7b493c44c6a511b8f980f1cb0683b4
post_step_13_20p9s,13.0,20.9,790,0.04366909225363539,0.042114458110628354,0.011548248192026727,0.9643996689013472,0.2644490094951619,0.06993327862297223,0.023501040125989223,0.22323379904263127,1.0,0.07679324894514768,0.16582278481012658,0.021447828019759987,0.030156121999735486,predictive_alpha,31000,sinusoidal,2,41000,scn2_env41000,51d5451fcbf1c3eaa6c47bcba922cba98d7b493c44c6a511b8f980f1cb0683b4
startup_0_3s,0.0,3.0,300,0.11443745843073996,0.11172294860920017,0.02477730102641043,0.9762795341773282,0.21651390520356753,0.046878271146499416,0.09279840193258311,0.2196549416895158,0.82052874219846,0.0,0.0,0.04332338615087299,0.05258921349923673,predictive_alpha,31001,sinusoidal,2,41000,scn2_env41000,51d5451fcbf1c3eaa6c47bcba922cba98d7b493c44c6a511b8f980f1cb0683b4
pre_step_3_10s,3.0,10.0,700,0.018353612728302573,0.017102139287342492,0.006661226011542223,0.9318132370184417,0.36293813703882616,0.13172409131721377,0.014525766648018048,0.05539103800061109,1.0,0.13357142857142856,0.42142857142857143,0.022497132853674492,0.02903039298953998,predictive_alpha,31001,sinusoidal,2,41000,scn2_env41000,51d5451fcbf1c3eaa6c47bcba922cba98d7b493c44c6a511b8f980f1cb0683b4
step_recovery_10_13s,10.0,13.0,300,0.03806610952972824,0.03432245582032463,0.016462008419118598,0.9016538922507972,0.43245838943069215,0.18702025858898821,0.03396311441382999,0.060682620265150575,1.0,0.09722222222222222,0.29333333333333333,0.04300284741012212,0.06996035299844189,predictive_alpha,31001,sinusoidal,2,41000,scn2_env41000,51d5451fcbf1c3eaa6c47bcba922cba98d7b493c44c6a511b8f980f1cb0683b4
post_step_13_20p9s,13.0,20.9,790,0.04367166805515155,0.04204025785964614,0.011825028956150783,0.9626437397938372,0.2707711768924726,0.07331703023573467,0.023669760093187723,0.22306109075186678,1.0,0.07679324894514768,0.16582278481012658,0.020522494829925117,0.028336820192509136,predictive_alpha,31001,sinusoidal,2,41000,scn2_env41000,51d5451fcbf1c3eaa6c47bcba922cba98d7b493c44c6a511b8f980f1cb0683b4
startup_0_3s,0.0,3.0,300,0.11291003086519673,0.11055097961270263,0.022959877539993276,0.9791068053527453,0.20334665896429582,0.04134986371194164,0.0914982952130439,0.21851071772124916,0.82052874219846,0.0,0.0,0.043030220737073535,0.05186618173696032,predictive_alpha,31002,sinusoidal,2,41000,scn2_env41000,51d5451fcbf1c3eaa6c47bcba922cba98d7b493c44c6a511b8f980f1cb0683b4
pre_step_3_10s,3.0,10.0,700,0.018415537564388487,0.017197610809453746,0.006585909673838785,0.9338641757984878,0.3576278808485317,0.1278977011602116,0.014608730759384002,0.055450846643075855,1.0,0.1330952380952381,0.42,0.022644896380957086,0.029364730384160185,predictive_alpha,31002,sinusoidal,2,41000,scn2_env41000,51d5451fcbf1c3eaa6c47bcba922cba98d7b493c44c6a511b8f980f1cb0683b4
step_recovery_10_13s,10.0,13.0,300,0.03846524870082867,0.0344674750832218,0.017075377565491375,0.8960679118780598,0.4439169937077129,0.1970622973024936,0.03435190535118901,0.06096237790937264,1.0,0.09777777777777778,0.29333333333333333,0.04413872371194799,0.0721219481559091,predictive_alpha,31002,sinusoidal,2,41000,scn2_env41000,51d5451fcbf1c3eaa6c47bcba922cba98d7b493c44c6a511b8f980f1cb0683b4
post_step_13_20p9s,13.0,20.9,790,0.043661926109857474,0.042029636749773246,0.011826809641858758,0.9626152690566779,0.2708723754444869,0.07337184377893904,0.023667373217609377,0.22300459415622326,1.0,0.07679324894514768,0.16582278481012658,0.020498231101109963,0.028261305283318782,predictive_alpha,31002,sinusoidal,2,41000,scn2_env41000,51d5451fcbf1c3eaa6c47bcba922cba98d7b493c44c6a511b8f980f1cb0683b4
startup_0_3s,0.0,3.0,300,0.11408825102129766,0.11213743300336178,0.021007740014460694,0.9829007982813961,0.1841358757488449,0.03390602073779405,0.09278343654424596,0.21900745175936306,0.82052874219846,0.0,0.0,0.04094129974190765,0.04779662798727942,predictive_alpha,31003,sinusoidal,2,41000,scn2_env41000,51d5451fcbf1c3eaa6c47bcba922cba98d7b493c44c6a511b8f980f1cb0683b4
pre_step_3_10s,3.0,10.0,700,0.018512282800603363,0.01733773131091242,0.006489043649115201,0.9365528550777832,0.35052638937126146,0.12286874964565318,0.014743377739247896,0.05542172401303264,1.0,0.13285714285714287,0.4185714285714286,0.02251904442567724,0.02915072345782975,predictive_alpha,31003,sinusoidal,2,41000,scn2_env41000,51d5451fcbf1c3eaa6c47bcba922cba98d7b493c44c6a511b8f980f1cb0683b4
step_recovery_10_13s,10.0,13.0,300,0.03834631383073368,0.03438468796935035,0.016974481366319592,0.8966882220056264,0.442662662211744,0.1959502325163886,0.034215407816212004,0.06084183220784696,1.0,0.09777777777777778,0.29333333333333333,0.043846979288936334,0.07155991454743836,predictive_alpha,31003,sinusoidal,2,41000,scn2_env41000,51d5451fcbf1c3eaa6c47bcba922cba98d7b493c44c6a511b8f980f1cb0683b4
post_step_13_20p9s,13.0,20.9,790,0.043610066785434644,0.04197910953322203,0.011814918020359548,0.9626013585295096,0.27092180524487575,0.07339862455714237,0.023641953415901185,0.2228484033759894,1.0,0.07679324894514768,0.16582278481012658,0.02039796368915204,0.028099609065538468,predictive_alpha,31003,sinusoidal,2,41000,scn2_env41000,51d5451fcbf1c3eaa6c47bcba922cba98d7b493c44c6a511b8f980f1cb0683b4
startup_0_3s,0.0,3.0,300,0.11609323937332755,0.11378971395033792,0.023011762802814546,0.9801579709944861,0.1982179403988748,0.03929035189597188,0.09268167803432434,0.22130683068869766,0.82052874219846,0.0,0.0,0.043011737597085146,0.04947522402598801,predictive_alpha,31004,sinusoidal,2,41000,scn2_env41000,51d5451fcbf1c3eaa6c47bcba922cba98d7b493c44c6a511b8f980f1cb0683b4
pre_step_3_10s,3.0,10.0,700,0.018488194869235676,0.017252015361011393,0.0066469027002250625,0.933136819631792,0.3595214539460257,0.12925567584746428,0.014673112989894268,0.055644419480518716,1.0,0.13380952380952382,0.4228571428571429,0.021375910916080123,0.02670717626441194,predictive_alpha,31004,sinusoidal,2,41000,scn2_env41000,51d5451fcbf1c3eaa6c47bcba922cba98d7b493c44c6a511b8f980f1cb0683b4
step_recovery_10_13s,10.0,13.0,300,0.03870092797537409,0.03459759713215587,0.017342667004706422,0.8939733216260545,0.44812018501834866,0.20081170022087902,0.034614609140621824,0.06112452829570836,1.0,0.09777777777777778,0.29333333333333333,0.04360258998516889,0.07111793478752357,predictive_alpha,31004,sinusoidal,2,41000,scn2_env41000,51d5451fcbf1c3eaa6c47bcba922cba98d7b493c44c6a511b8f980f1cb0683b4
post_step_13_20p9s,13.0,20.9,790,0.04361535980786674,0.041890379143205876,0.012144782682622994,0.9604501562692661,0.2784519659157434,0.07753549732234234,0.023852146412283233,0.22261748532105252,1.0,0.07679324894514768,0.16582278481012658,0.019305344495242138,0.02593832099547167,predictive_alpha,31004,sinusoidal,2,41000,scn2_env41000,51d5451fcbf1c3eaa6c47bcba922cba98d7b493c44c6a511b8f980f1cb0683b4
startup_0_3s,0.0,3.0,300,0.26628275391452255,0.2635408267463593,0.03811479594786795,0.9897029487345492,0.14313655461180524,0.020488073266138305,0.25690047561720547,0.3974702720244301,0.8999999999999999,0.0,0.0,0.059810122513189956,0.07552443313332988,real10kg_smc_steady,,sinusoidal,2,41001,scn2_env41001,1a4a8d31f4408ccf2a07e90e7fd8f9518bd719c0c9b5ebb4a2e28b2d88fa8cc7
pre_step_3_10s,3.0,10.0,700,0.10377613872842273,0.10326533597324976,0.010283839541372294,0.9950778400369114,0.09909637867992581,0.009820092267475255,0.09753476046520583,0.18477193990629875,1.0,0.08119047619047619,0.2542857142857143,0.06631304820081016,0.11247516165776286,real10kg_smc_steady,,sinusoidal,2,41001,scn2_env41001,1a4a8d31f4408ccf2a07e90e7fd8f9518bd719c0c9b5ebb4a2e28b2d88fa8cc7
step_recovery_10_13s,10.0,13.0,300,0.0641609042484542,0.05995433181007141,0.022849501771092712,0.934437139132369,0.3561281131982053,0.12682723301011375,0.06059996158328872,0.10467579680281776,1.0,0.09722222222222222,0.29333333333333333,0.06490054239550101,0.1096801500706116,real10kg_smc_steady,,sinusoidal,2,41001,scn2_env41001,1a4a8d31f4408ccf2a07e90e7fd8f9518bd719c0c9b5ebb4a2e28b2d88fa8cc7
post_step_13_20p9s,13.0,20.9,790,0.15939844073831372,0.15838572801077747,0.017939455741513986,0.9936466585065357,0.11254473794361264,0.012666318038796441,0.15742851846364242,0.27283258941924826,1.0,0.09451476793248945,0.1670886075949367,0.05174197459422034,0.08826394292089218,real10kg_smc_steady,,sinusoidal,2,41001,scn2_env41001,1a4a8d31f4408ccf2a07e90e7fd8f9518bd719c0c9b5ebb4a2e28b2d88fa8cc7
startup_0_3s,0.0,3.0,300,0.15545541272271945,0.1541365945586977,0.020206324817707275,0.991516421712674,0.1299814812736602,0.016895185474094875,0.13362454145604497,0.25294215566768297,1.0,0.026111111111111113,0.06,0.045831529840326436,0.02892087144992503,real10kg_mpc_ltv_v3,,sinusoidal,2,41001,scn2_env41001,1a4a8d31f4408ccf2a07e90e7fd8f9518bd719c0c9b5ebb4a2e28b2d88fa8cc7
pre_step_3_10s,3.0,10.0,700,0.01897429364102525,0.01780787651204453,0.006550065137662675,0.9385264531556129,0.34520732426636735,0.11916809672714489,0.015184284337073096,0.05609972736182581,1.0,0.13071428571428573,0.41714285714285715,0.020664684667695582,0.024681426465933753,real10kg_mpc_ltv_v3,,sinusoidal,2,41001,scn2_env41001,1a4a8d31f4408ccf2a07e90e7fd8f9518bd719c0c9b5ebb4a2e28b2d88fa8cc7
step_recovery_10_13s,10.0,13.0,300,0.0368730268707731,0.034852604508685964,0.01203810905308133,0.945205953143798,0.3264746638585066,0.10658570614152485,0.03233554073614903,0.06086561788239659,1.0,0.10222222222222223,0.30666666666666664,0.025961374225534916,0.03689729653288307,real10kg_mpc_ltv_v3,,sinusoidal,2,41001,scn2_env41001,1a4a8d31f4408ccf2a07e90e7fd8f9518bd719c0c9b5ebb4a2e28b2d88fa8cc7
post_step_13_20p9s,13.0,20.9,790,0.04343324864206033,0.041592807278028686,0.012509415267541481,0.9576259795992009,0.28801472739544254,0.0829524831966711,0.02402643155797672,0.2217114290879778,1.0,0.0770042194092827,0.1670886075949367,0.01797530412634111,0.022800114780916265,real10kg_mpc_ltv_v3,,sinusoidal,2,41001,scn2_env41001,1a4a8d31f4408ccf2a07e90e7fd8f9518bd719c0c9b5ebb4a2e28b2d88fa8cc7
startup_0_3s,0.0,3.0,300,0.1455206980171497,0.14295808726343892,0.0271893147647647,0.982390060048992,0.18684156367611995,0.03490976991693759,0.1148316692154296,0.2797730049277802,0.9029484370985479,0.0,0.0,0.046127079869302146,0.05347658090098259,predictive_alpha,31000,sinusoidal,2,41001,scn2_env41001,1a4a8d31f4408ccf2a07e90e7fd8f9518bd719c0c9b5ebb4a2e28b2d88fa8cc7
pre_step_3_10s,3.0,10.0,700,0.018564516660365547,0.017303007654925633,0.006726604264156988,0.9320473013911975,0.36233662245125947,0.13128782796938657,0.01466747941002699,0.055913574422299876,1.0,0.13214285714285715,0.42,0.022356784799352238,0.028120166544655677,predictive_alpha,31000,sinusoidal,2,41001,scn2_env41001,1a4a8d31f4408ccf2a07e90e7fd8f9518bd719c0c9b5ebb4a2e28b2d88fa8cc7
step_recovery_10_13s,10.0,13.0,300,0.03864577707357361,0.03466085931517956,0.017091545195027813,0.8968860750087237,0.44226165157680813,0.19559536845544603,0.034648275348586034,0.06111134923427282,1.0,0.09777777777777778,0.29333333333333333,0.04276507567983819,0.0684897432467884,predictive_alpha,31000,sinusoidal,2,41001,scn2_env41001,1a4a8d31f4408ccf2a07e90e7fd8f9518bd719c0c9b5ebb4a2e28b2d88fa8cc7
post_step_13_20p9s,13.0,20.9,790,0.04359307686389676,0.04184563883192397,0.012218791315420178,0.9599147810229474,0.28029201410969057,0.07856361317366699,0.023887547284239707,0.22244992669904132,1.0,0.07637130801687764,0.16455696202531644,0.01929502123072094,0.025307707577165273,predictive_alpha,31000,sinusoidal,2,41001,scn2_env41001,1a4a8d31f4408ccf2a07e90e7fd8f9518bd719c0c9b5ebb4a2e28b2d88fa8cc7
startup_0_3s,0.0,3.0,300,0.1431205727742248,0.14064736680800063,0.026491820647095987,0.9827194237817529,0.18510141577540565,0.034262534122059596,0.1127986747554235,0.27836229329501033,0.9029484370985479,0.0,0.0,0.04437807526702463,0.05170749302790799,predictive_alpha,31001,sinusoidal,2,41001,scn2_env41001,1a4a8d31f4408ccf2a07e90e7fd8f9518bd719c0c9b5ebb4a2e28b2d88fa8cc7
pre_step_3_10s,3.0,10.0,700,0.018557136243687253,0.01730696437675241,0.0066959905636577825,0.9326312071799266,0.36083102886824026,0.13019903139411282,0.014665694029904705,0.055848308006659866,1.0,0.13214285714285715,0.42,0.022201067388917375,0.027810159813225092,predictive_alpha,31001,sinusoidal,2,41001,scn2_env41001,1a4a8d31f4408ccf2a07e90e7fd8f9518bd719c0c9b5ebb4a2e28b2d88fa8cc7
step_recovery_10_13s,10.0,13.0,300,0.03816414730285557,0.03451867838584746,0.016277683552904126,0.9044792252770877,0.42651767963609594,0.18191733104215935,0.03411391559303564,0.06089683312233583,1.0,0.09777777777777778,0.29333333333333333,0.041078803761331176,0.0654692906197371,predictive_alpha,31001,sinusoidal,2,41001,scn2_env41001,1a4a8d31f4408ccf2a07e90e7fd8f9518bd719c0c9b5ebb4a2e28b2d88fa8cc7
post_step_13_20p9s,13.0,20.9,790,0.043570754981438156,0.04182367997958489,0.012214355595682815,0.9599025767949729,0.2803338064921374,0.07858704306237113,0.023873439498832676,0.22241564444971323,1.0,0.07637130801687764,0.16455696202531644,0.019315396109433457,0.025376633407340206,predictive_alpha,31001,sinusoidal,2,41001,scn2_env41001,1a4a8d31f4408ccf2a07e90e7fd8f9518bd719c0c9b5ebb4a2e28b2d88fa8cc7
startup_0_3s,0.0,3.0,300,0.14256974913435705,0.1402545934375636,0.025588716026741874,0.9837612417020413,0.1794820863620037,0.03221381932485775,0.11295850283520499,0.27774783992969826,0.9029484370985479,0.0,0.0,0.044112123706153264,0.051247111173919356,predictive_alpha,31002,sinusoidal,2,41001,scn2_env41001,1a4a8d31f4408ccf2a07e90e7fd8f9518bd719c0c9b5ebb4a2e28b2d88fa8cc7
pre_step_3_10s,3.0,10.0,700,0.01863226761791078,0.01739898189566101,0.00666609522733563,0.9338091451056533,0.3577715479423268,0.12800048051704865,0.01476789616064519,0.05590355313190116,1.0,0.1319047619047619,0.42,0.022342376473891024,0.028106542431736967,predictive_alpha,31002,sinusoidal,2,41001,scn2_env41001,1a4a8d31f4408ccf2a07e90e7fd8f9518bd719c0c9b5ebb4a2e28b2d88fa8cc7
step_recovery_10_13s,10.0,13.0,300,0.03856838821762063,0.034641145410782614,0.0169561674423825,0.8981745676101708,0.4396389951975173,0.19328244609828263,0.03453273359684808,0.06114700666124594,1.0,0.09777777777777778,0.29333333333333333,0.04247156921624649,0.06796298431171795,predictive_alpha,31002,sinusoidal,2,41001,scn2_env41001,1a4a8d31f4408ccf2a07e90e7fd8f9518bd719c0c9b5ebb4a2e28b2d88fa8cc7
post_step_13_20p9s,13.0,20.9,790,0.04357976811361191,0.04182900331115002,0.012228273419906274,0.9598262019683613,0.28059519243028824,0.0787336620149905,0.02388195126592042,0.222393845449017,1.0,0.07658227848101266,0.16582278481012658,0.01932841972140965,0.025390148895491592,predictive_alpha,31002,sinusoidal,2,41001,scn2_env41001,1a4a8d31f4408ccf2a07e90e7fd8f9518bd719c0c9b5ebb4a2e28b2d88fa8cc7
startup_0_3s,0.0,3.0,300,0.14238981856504962,0.14065762701420667,0.022142547137131086,0.9878348636981259,0.15550653382576962,0.02418228206250523,0.1125464782097069,0.277891389005379,0.9029484370985479,0.0,0.0,0.04181299119266498,0.046292983035421606,predictive_alpha,31003,sinusoidal,2,41001,scn2_env41001,1a4a8d31f4408ccf2a07e90e7fd8f9518bd719c0c9b5ebb4a2e28b2d88fa8cc7
pre_step_3_10s,3.0,10.0,700,0.018729354579347147,0.017564779945012567,0.006501325129709808,0.9378208880930283,0.3471195498043919,0.1204919818564037,0.01491144280497108,0.055865859469445084,1.0,0.13142857142857142,0.4185714285714286,0.0222123001107347,0.02782958625209952,predictive_alpha,31003,sinusoidal,2,41001,scn2_env41001,1a4a8d31f4408ccf2a07e90e7fd8f9518bd719c0c9b5ebb4a2e28b2d88fa8cc7
step_recovery_10_13s,10.0,13.0,300,0.03845024853697769,0.034546745415313246,0.01688028417310824,0.8984791185963222,0.43901625647164366,0.19273527344637598,0.03441807660215749,0.06101331301620429,1.0,0.09777777777777778,0.29333333333333333,0.04218749981937339,0.06739639944839973,predictive_alpha,31003,sinusoidal,2,41001,scn2_env41001,1a4a8d31f4408ccf2a07e90e7fd8f9518bd719c0c9b5ebb4a2e28b2d88fa8cc7
post_step_13_20p9s,13.0,20.9,790,0.04354584061047228,0.04179958602257142,0.012207982749590932,0.9598984756426793,0.28034784903555293,0.07859491645886117,0.023862517647291543,0.2223127803063575,1.0,0.07658227848101266,0.16582278481012658,0.019248091302823067,0.02522073823916126,predictive_alpha,31003,sinusoidal,2,41001,scn2_env41001,1a4a8d31f4408ccf2a07e90e7fd8f9518bd719c0c9b5ebb4a2e28b2d88fa8cc7
startup_0_3s,0.0,3.0,300,0.14554291699465188,0.14348569266194205,0.024384353356913847,0.9858651703896698,0.16754063928655405,0.02806986581254721,0.1140616645935455,0.2794936877577583,0.9029484370985479,0.0,0.0,0.04500347488786234,0.049763379557484576,predictive_alpha,31004,sinusoidal,2,41001,scn2_env41001,1a4a8d31f4408ccf2a07e90e7fd8f9518bd719c0c9b5ebb4a2e28b2d88fa8cc7
pre_step_3_10s,3.0,10.0,700,0.01860141672272094,0.017400906482349078,0.006574280012660257,0.9354613544620242,0.3534289947189892,0.12491205430807527,0.014736472676222493,0.055869385465086116,1.0,0.1319047619047619,0.42,0.02223536048166858,0.027886020740592238,predictive_alpha,31004,sinusoidal,2,41001,scn2_env41001,1a4a8d31f4408ccf2a07e90e7fd8f9518bd719c0c9b5ebb4a2e28b2d88fa8cc7
step_recovery_10_13s,10.0,13.0,300,0.03853528993937485,0.034597802439015474,0.01696940296835865,0.8978212566571063,0.44036006982315556,0.19391699109465443,0.03452130806805291,0.0610317811523852,1.0,0.09777777777777778,0.29333333333333333,0.0424525403060887,0.06788833917609872,predictive_alpha,31004,sinusoidal,2,41001,scn2_env41001,1a4a8d31f4408ccf2a07e90e7fd8f9518bd719c0c9b5ebb4a2e28b2d88fa8cc7
post_step_13_20p9s,13.0,20.9,790,0.04351321520024752,0.04176580802032985,0.01220725921212468,0.9598419199345276,0.2805414207143038,0.07870348873640003,0.02384722063610291,0.22222151214623626,1.0,0.07679324894514768,0.1670886075949367,0.01926178186209708,0.02529933652936571,predictive_alpha,31004,sinusoidal,2,41001,scn2_env41001,1a4a8d31f4408ccf2a07e90e7fd8f9518bd719c0c9b5ebb4a2e28b2d88fa8cc7
startup_0_3s,0.0,3.0,300,0.2560006027353235,0.25359116261059195,0.03504041732995228,0.990588146672363,0.13687630792877556,0.018735123672212983,0.24675603428755727,0.38308443168385703,0.8543542498058919,0.0,0.0,0.058364534003486804,0.07402830069922646,real10kg_smc_steady,,sinusoidal,2,41002,scn2_env41002,a7e3052043cf690463581e217453669398f6d18f39f0fc3314126d6aec6e1c27
pre_step_3_10s,3.0,10.0,700,0.1042718591763989,0.10376176212138087,0.010301326980964053,0.9951080084401767,0.09879297312170372,0.009760051538225675,0.0980083174988118,0.18629005290119544,1.0,0.075,0.24142857142857144,0.06361950442302976,0.10761432929370877,real10kg_smc_steady,,sinusoidal,2,41002,scn2_env41002,a7e3052043cf690463581e217453669398f6d18f39f0fc3314126d6aec6e1c27
step_recovery_10_13s,10.0,13.0,300,0.06399058414797677,0.059727792372878744,0.022964879225930705,0.9333840778005649,0.358879037153731,0.12879416330838905,0.06043219415232888,0.1048021520284024,1.0,0.09722222222222222,0.2966666666666667,0.06695951724895799,0.11556832172496685,real10kg_smc_steady,,sinusoidal,2,41002,scn2_env41002,a7e3052043cf690463581e217453669398f6d18f39f0fc3314126d6aec6e1c27
post_step_13_20p9s,13.0,20.9,790,0.15906024443625977,0.15804026806271101,0.017984299563484595,0.9935874839299804,0.1130659620650303,0.01278391177769087,0.15713727243590025,0.26835263247293706,1.0,0.09578059071729958,0.16835443037974684,0.05333299740551777,0.0909969134259858,real10kg_smc_steady,,sinusoidal,2,41002,scn2_env41002,a7e3052043cf690463581e217453669398f6d18f39f0fc3314126d6aec6e1c27
startup_0_3s,0.0,3.0,300,0.15651953175792263,0.15520307291135615,0.020257590690692055,0.9915891720874648,0.1294253213204279,0.016750913798896008,0.13358170594968974,0.2566591626594765,1.0,0.023333333333333334,0.056666666666666664,0.04310473690222867,0.02544581149446293,real10kg_mpc_ltv_v3,,sinusoidal,2,41002,scn2_env41002,a7e3052043cf690463581e217453669398f6d18f39f0fc3314126d6aec6e1c27
pre_step_3_10s,3.0,10.0,700,0.019282937158470372,0.018020772389592668,0.006861736510535224,0.9345449939236422,0.35584498638067097,0.12662565433225992,0.015601013262704428,0.05643158628170968,1.0,0.13357142857142856,0.42428571428571427,0.018787843394812525,0.02069154242614417,real10kg_mpc_ltv_v3,,sinusoidal,2,41002,scn2_env41002,a7e3052043cf690463581e217453669398f6d18f39f0fc3314126d6aec6e1c27
step_recovery_10_13s,10.0,13.0,300,0.03719224380373604,0.035036887786221285,0.012477158867798363,0.9420482391735062,0.33547744345946146,0.11254511507009614,0.03268727282454164,0.06120455930691274,1.0,0.10333333333333333,0.31,0.025352110336063233,0.03451305781113402,real10kg_mpc_ltv_v3,,sinusoidal,2,41002,scn2_env41002,a7e3052043cf690463581e217453669398f6d18f39f0fc3314126d6aec6e1c27
post_step_13_20p9s,13.0,20.9,790,0.04338788058070363,0.04140263206334773,0.012974214408296532,0.9542441693213561,0.2990285359563449,0.08941806531619503,0.024317896125283907,0.22109644790569952,1.0,0.07763713080168777,0.16835443037974684,0.01680549801200198,0.020940573246094687,real10kg_mpc_ltv_v3,,sinusoidal,2,41002,scn2_env41002,a7e3052043cf690463581e217453669398f6d18f39f0fc3314126d6aec6e1c27
startup_0_3s,0.0,3.0,300,0.13832014665676956,0.13602443899207425,0.02509611460050547,0.9834029407849608,0.18143499126544077,0.03291865605549057,0.10980677069736934,0.2622737296895237,0.8684787340097706,0.0,0.0,0.046400225048472826,0.05025616443031377,predictive_alpha,31000,sinusoidal,2,41002,scn2_env41002,a7e3052043cf690463581e217453669398f6d18f39f0fc3314126d6aec6e1c27
pre_step_3_10s,3.0,10.0,700,0.01864785881937387,0.017332840581763733,0.006878610027793695,0.9294815426077807,0.3688686242437272,0.13606406195146004,0.014802707982247861,0.0559964217934423,1.0,0.13547619047619047,0.42857142857142855,0.020558235223470566,0.024330829715735178,predictive_alpha,31000,sinusoidal,2,41002,scn2_env41002,a7e3052043cf690463581e217453669398f6d18f39f0fc3314126d6aec6e1c27
step_recovery_10_13s,10.0,13.0,300,0.03896618657932121,0.03479859772766131,0.0175334335691238,0.8930460171365195,0.4499653445284415,0.20246881127659908,0.03505168308185777,0.0612651454149818,1.0,0.09888888888888889,0.2966666666666667,0.043874714925034614,0.07039959909036639,predictive_alpha,31000,sinusoidal,2,41002,scn2_env41002,a7e3052043cf690463581e217453669398f6d18f39f0fc3314126d6aec6e1c27
post_step_13_20p9s,13.0,20.9,790,0.0436016771682098,0.04173622100702114,0.012617214745492595,0.9572159540103936,0.2893745278838005,0.08373761738797245,0.024155688552655524,0.22210204484591045,1.0,0.0770042194092827,0.1670886075949367,0.018417084000919987,0.023951224309429146,predictive_alpha,31000,sinusoidal,2,41002,scn2_env41002,a7e3052043cf690463581e217453669398f6d18f39f0fc3314126d6aec6e1c27
startup_0_3s,0.0,3.0,300,0.13365613205394206,0.13153744510902285,0.023703631996206793,0.9841482249084978,0.17734788244986982,0.031452271409452844,0.10610245248857644,0.25947430301939467,0.8684787340097706,0.0,0.0,0.04373045035913029,0.049182284725282445,predictive_alpha,31001,sinusoidal,2,41002,scn2_env41002,a7e3052043cf690463581e217453669398f6d18f39f0fc3314126d6aec6e1c27
pre_step_3_10s,3.0,10.0,700,0.018674754068640796,0.017379467732401486,0.006833779398153812,0.9306397111587995,0.36593678144491865,0.13390972801426615,0.01485309618553005,0.05590666740261269,1.0,0.13452380952380952,0.42714285714285716,0.020424060714273534,0.024074151165500254,predictive_alpha,31001,sinusoidal,2,41002,scn2_env41002,a7e3052043cf690463581e217453669398f6d18f39f0fc3314126d6aec6e1c27
step_recovery_10_13s,10.0,13.0,300,0.038506206581045255,0.03459442430232456,0.016910167132611943,0.8984116425364457,0.4391543243040721,0.1928565205549661,0.0345591136841591,0.06101401037986785,1.0,0.09888888888888889,0.2966666666666667,0.04230135832639119,0.06724179115839252,predictive_alpha,31001,sinusoidal,2,41002,scn2_env41002,a7e3052043cf690463581e217453669398f6d18f39f0fc3314126d6aec6e1c27
post_step_13_20p9s,13.0,20.9,790,0.04357940606576052,0.04171174706434111,0.012621203979211947,0.9571435416398023,0.28961395114395966,0.08387624069721585,0.024141202239097048,0.22204209754196227,1.0,0.0770042194092827,0.1670886075949367,0.018523703856199208,0.02409108021264629,predictive_alpha,31001,sinusoidal,2,41002,scn2_env41002,a7e3052043cf690463581e217453669398f6d18f39f0fc3314126d6aec6e1c27
startup_0_3s,0.0,3.0,300,0.13758770935018078,0.13540773044352514,0.02439516961128676,0.9841557148022047,0.1773063141068618,0.03143752902216113,0.1095348741449639,0.2607996628458694,0.8684787340097706,0.0,0.0,0.046022069964412694,0.05013165907616205,predictive_alpha,31002,sinusoidal,2,41002,scn2_env41002,a7e3052043cf690463581e217453669398f6d18f39f0fc3314126d6aec6e1c27
pre_step_3_10s,3.0,10.0,700,0.0187065064276847,0.017406352730121005,0.0068521724557703695,0.9304972469023113,0.36629888548454426,0.13417487350721927,0.014887324018987015,0.05597949409757081,1.0,0.13452380952380952,0.42714285714285716,0.020568794642773978,0.02434475218262293,predictive_alpha,31002,sinusoidal,2,41002,scn2_env41002,a7e3052043cf690463581e217453669398f6d18f39f0fc3314126d6aec6e1c27
step_recovery_10_13s,10.0,13.0,300,0.038879417045204825,0.034758868157164904,0.017419246660168478,0.8940172152465921,0.4480326091287645,0.2007332188427283,0.03492421539213852,0.061300136756110894,1.0,0.09888888888888889,0.2966666666666667,0.04353677772559412,0.06970979233688995,predictive_alpha,31002,sinusoidal,2,41002,scn2_env41002,a7e3052043cf690463581e217453669398f6d18f39f0fc3314126d6aec6e1c27
post_step_13_20p9s,13.0,20.9,790,0.0435803390954811,0.04171209866014743,0.01262326348624813,0.9571311175151598,0.28965500838787767,0.08390002388418147,0.024145343440221755,0.22202635744094057,1.0,0.0770042194092827,0.1670886075949367,0.018469897099248747,0.024012518033223112,predictive_alpha,31002,sinusoidal,2,41002,scn2_env41002,a7e3052043cf690463581e217453669398f6d18f39f0fc3314126d6aec6e1c27
startup_0_3s,0.0,3.0,300,0.13756560672339987,0.1359570594512,0.020975560506455663,0.9883070535542061,0.15247677821558087,0.023249167895003437,0.10959030332019996,0.26103489946238034,0.8684787340097706,0.0,0.0,0.042825196342589376,0.04545848294449964,predictive_alpha,31003,sinusoidal,2,41002,scn2_env41002,a7e3052043cf690463581e217453669398f6d18f39f0fc3314126d6aec6e1c27
pre_step_3_10s,3.0,10.0,700,0.01882688465323074,0.017598359507544035,0.006689493881400116,0.9347462329368504,0.35531602836118625,0.12624948001036732,0.015061624842475998,0.0559397943045615,1.0,0.13452380952380952,0.42714285714285716,0.020458888341820296,0.024110306140068448,predictive_alpha,31003,sinusoidal,2,41002,scn2_env41002,a7e3052043cf690463581e217453669398f6d18f39f0fc3314126d6aec6e1c27
step_recovery_10_13s,10.0,13.0,300,0.03876604912732628,0.03466187859654511,0.017359744730284555,0.8941297701681927,0.4478079433183102,0.20053195409897492,0.034805246291155445,0.06116745237875848,1.0,0.09888888888888889,0.2966666666666667,0.04326908325174808,0.06916168518375453,predictive_alpha,31003,sinusoidal,2,41002,scn2_env41002,a7e3052043cf690463581e217453669398f6d18f39f0fc3314126d6aec6e1c27
post_step_13_20p9s,13.0,20.9,790,0.04356445051032742,0.04169850112053718,0.012613340262092576,0.9571680724092253,0.2895328671505325,0.0838292811604079,0.024136315773742544,0.22197885217944643,1.0,0.0770042194092827,0.1670886075949367,0.018406234779406887,0.02388027658309663,predictive_alpha,31003,sinusoidal,2,41002,scn2_env41002,a7e3052043cf690463581e217453669398f6d18f39f0fc3314126d6aec6e1c27
startup_0_3s,0.0,3.0,300,0.1376282349005791,0.13568309820166832,0.023057057579955978,0.9858667322129364,0.1675314487366063,0.028066786315786147,0.10850369093806568,0.2613393858238576,0.8684787340097706,0.0,0.0,0.044945454965668666,0.048306695085452815,predictive_alpha,31004,sinusoidal,2,41002,scn2_env41002,a7e3052043cf690463581e217453669398f6d18f39f0fc3314126d6aec6e1c27
pre_step_3_10s,3.0,10.0,700,0.018675618738435273,0.017403393543137125,0.006775000254323802,0.9318777485706617,0.3627724654916275,0.1316038617188741,0.014852086516239486,0.0559610849989067,1.0,0.13452380952380952,0.42714285714285716,0.02052480858708923,0.02428039702455085,predictive_alpha,31004,sinusoidal,2,41002,scn2_env41002,a7e3052043cf690463581e217453669398f6d18f39f0fc3314126d6aec6e1c27
step_recovery_10_13s,10.0,13.0,300,0.038874706071063136,0.03473852428550693,0.017449289457648377,0.8936022364260389,0.44885971422525994,0.20147504305438202,0.034931963415545934,0.06119815425158796,1.0,0.09888888888888889,0.2966666666666667,0.043641922963133364,0.06992515662762419,predictive_alpha,31004,sinusoidal,2,41002,scn2_env41002,a7e3052043cf690463581e217453669398f6d18f39f0fc3314126d6aec6e1c27
post_step_13_20p9s,13.0,20.9,790,0.04351919153418366,0.041650953910279315,0.012614201130184634,0.9570709482864158,0.28985375613598824,0.08401519994614094,0.02411563094992482,0.22184636346341527,1.0,0.0770042194092827,0.1670886075949367,0.018425462515282598,0.023918259421646392,predictive_alpha,31004,sinusoidal,2,41002,scn2_env41002,a7e3052043cf690463581e217453669398f6d18f39f0fc3314126d6aec6e1c27
startup_0_3s,0.0,3.0,300,0.2406072187040099,0.2379862016246264,0.03541753137588677,0.9891066565105521,0.1472006183632283,0.021668022046516786,0.23138289783282934,0.36415669458307,0.7842173180420156,0.0,0.0,0.058840878133434284,0.07723744010096045,real10kg_smc_steady,,sinusoidal,2,41003,scn2_env41003,9d096523b8c9229a567fef3150fce7919d670da540f8143a9fa7f3f6b74b5693
pre_step_3_10s,3.0,10.0,700,0.10386997280777825,0.1033583550919663,0.010296683144177855,0.9950744406493803,0.09913050774772893,0.009826857566322542,0.09759521901406142,0.18459394675057525,1.0,0.07238095238095238,0.23,0.0675677494362896,0.11541520894161021,real10kg_smc_steady,,sinusoidal,2,41003,scn2_env41003,9d096523b8c9229a567fef3150fce7919d670da540f8143a9fa7f3f6b74b5693
step_recovery_10_13s,10.0,13.0,300,0.06403646318385292,0.05975280402054086,0.023027614483045928,0.9331059376122415,0.35960159787295126,0.12931330919277978,0.06051277656553109,0.10357279003301138,1.0,0.09444444444444444,0.2866666666666667,0.06374707030848378,0.10835980685488442,real10kg_smc_steady,,sinusoidal,2,41003,scn2_env41003,9d096523b8c9229a567fef3150fce7919d670da540f8143a9fa7f3f6b74b5693
post_step_13_20p9s,13.0,20.9,790,0.15913042342619177,0.15812059342580265,0.01789887131835691,0.9936540733151665,0.11247925401680846,0.012651582584177722,0.15720387975106476,0.2689939995573934,1.0,0.09578059071729958,0.1670886075949367,0.05115557563047981,0.08744602813091797,real10kg_smc_steady,,sinusoidal,2,41003,scn2_env41003,9d096523b8c9229a567fef3150fce7919d670da540f8143a9fa7f3f6b74b5693
startup_0_3s,0.0,3.0,300,0.15155536414565415,0.14960014026659288,0.024265746094805453,0.9870989463811906,0.1601114301139784,0.02563567005314339,0.13239220718345887,0.2441961176941654,1.0,0.021666666666666667,0.05333333333333334,0.03957538953532491,0.0211679050581422,real10kg_mpc_ltv_v3,,sinusoidal,2,41003,scn2_env41003,9d096523b8c9229a567fef3150fce7919d670da540f8143a9fa7f3f6b74b5693
pre_step_3_10s,3.0,10.0,700,0.02085315201160603,0.018600595317399556,0.009427184238015203,0.8919800376963257,0.45207478623703556,0.20437161235126136,0.018032324940246838,0.05539846223759854,1.0,0.135,0.42142857142857143,0.021732921585520943,0.027038461346870737,real10kg_mpc_ltv_v3,,sinusoidal,2,41003,scn2_env41003,9d096523b8c9229a567fef3150fce7919d670da540f8143a9fa7f3f6b74b5693
step_recovery_10_13s,10.0,13.0,300,0.03619884225111667,0.03461228456340387,0.010599336659583174,0.9561710378274914,0.29280871984949197,0.08573694641989826,0.031395788140594585,0.060190603102223725,1.0,0.10222222222222223,0.30666666666666664,0.023683813799996546,0.03328699776240515,real10kg_mpc_ltv_v3,,sinusoidal,2,41003,scn2_env41003,9d096523b8c9229a567fef3150fce7919d670da540f8143a9fa7f3f6b74b5693
post_step_13_20p9s,13.0,20.9,790,0.043378225468480316,0.042310569094813726,0.009564841225410287,0.9753872740957932,0.22049867467170448,0.04861966553197817,0.02218916610324751,0.22363103438242102,1.0,0.07742616033755274,0.1670886075949367,0.02031116526329461,0.028373847868637257,real10kg_mpc_ltv_v3,,sinusoidal,2,41003,scn2_env41003,9d096523b8c9229a567fef3150fce7919d670da540f8143a9fa7f3f6b74b5693
startup_0_3s,0.0,3.0,300,0.12332971189965508,0.12045942267930593,0.026452699768081074,0.9767267013265667,0.21448764746652307,0.04600495091572348,0.09948459908931334,0.2294029740075547,0.7992256634460415,0.0,0.0,0.04864596254148402,0.055603065727799716,predictive_alpha,31000,sinusoidal,2,41003,scn2_env41003,9d096523b8c9229a567fef3150fce7919d670da540f8143a9fa7f3f6b74b5693
pre_step_3_10s,3.0,10.0,700,0.018402812800252466,0.01714741004516103,0.006680557439633816,0.9317820178514116,0.36301827944161696,0.1317822712087519,0.014699559482111383,0.05537254060512151,1.0,0.13404761904761905,0.42142857142857143,0.028239493515359957,0.03997532878249682,predictive_alpha,31000,sinusoidal,2,41003,scn2_env41003,9d096523b8c9229a567fef3150fce7919d670da540f8143a9fa7f3f6b74b5693
step_recovery_10_13s,10.0,13.0,300,0.03795559921570533,0.03432502817624587,0.016199381238898546,0.904346891776716,0.4267981950920048,0.18215669933379294,0.033687836303620385,0.06049514769251119,1.0,0.09388888888888888,0.2833333333333333,0.04314113541510634,0.06946744472740854,predictive_alpha,31000,sinusoidal,2,41003,scn2_env41003,9d096523b8c9229a567fef3150fce7919d670da540f8143a9fa7f3f6b74b5693
post_step_13_20p9s,13.0,20.9,790,0.04374260763669839,0.042403841902629774,0.01073917663300703,0.9693944689994786,0.2455083776029225,0.060274363473219184,0.02307283834122464,0.22401457864837612,1.0,0.07721518987341772,0.1670886075949367,0.023570728814013436,0.034002208701797806,predictive_alpha,31000,sinusoidal,2,41003,scn2_env41003,9d096523b8c9229a567fef3150fce7919d670da540f8143a9fa7f3f6b74b5693
startup_0_3s,0.0,3.0,300,0.11726972576517873,0.11479495537258635,0.02396469908106773,0.9788967666083925,0.20435537752560895,0.04176112032363416,0.09413018898325913,0.22652432673675352,0.7992256634460415,0.0,0.0,0.044113457397322454,0.051826518413372116,predictive_alpha,31001,sinusoidal,2,41003,scn2_env41003,9d096523b8c9229a567fef3150fce7919d670da540f8143a9fa7f3f6b74b5693
pre_step_3_10s,3.0,10.0,700,0.018315582873504436,0.01711570447299322,0.006520217510893999,0.9344886587121956,0.35599290265155753,0.12673094673828134,0.014559835261057544,0.05525501437932208,1.0,0.13285714285714287,0.42142857142857143,0.02615820975620941,0.03539075309996113,predictive_alpha,31001,sinusoidal,2,41003,scn2_env41003,9d096523b8c9229a567fef3150fce7919d670da540f8143a9fa7f3f6b74b5693
step_recovery_10_13s,10.0,13.0,300,0.037591325021418216,0.0341897216748819,0.01562596072758453,0.9095109484808476,0.41567996655295886,0.172789834593469,0.033372404598307925,0.06027820880215872,1.0,0.09333333333333334,0.28,0.04132638707245585,0.06590976987713067,predictive_alpha,31001,sinusoidal,2,41003,scn2_env41003,9d096523b8c9229a567fef3150fce7919d670da540f8143a9fa7f3f6b74b5693
post_step_13_20p9s,13.0,20.9,790,0.04374305479823433,0.042259685636971585,0.011294857809891609,0.966089035891416,0.25820916856377213,0.06667197473039449,0.023404822582481586,0.22367353289531652,1.0,0.07721518987341772,0.1670886075949367,0.02194356684187596,0.03071067365300256,predictive_alpha,31001,sinusoidal,2,41003,scn2_env41003,9d096523b8c9229a567fef3150fce7919d670da540f8143a9fa7f3f6b74b5693
startup_0_3s,0.0,3.0,300,0.12396936158654438,0.12112711171613345,0.026393662487095532,0.9770729651743288,0.21290472217742143,0.045328420725445004,0.10028930192690563,0.22927538294673538,0.7992256634460415,0.0,0.0,0.04757559213790988,0.053127492569895476,predictive_alpha,31002,sinusoidal,2,41003,scn2_env41003,9d096523b8c9229a567fef3150fce7919d670da540f8143a9fa7f3f6b74b5693
pre_step_3_10s,3.0,10.0,700,0.0182496633388642,0.017002819993575984,0.006629805747375754,0.9316785563581901,0.36328372881580906,0.13197506762231828,0.014433084939432283,0.0553247561920414,1.0,0.13380952380952382,0.42428571428571427,0.024613208054866283,0.03230009917706714,predictive_alpha,31002,sinusoidal,2,41003,scn2_env41003,9d096523b8c9229a567fef3150fce7919d670da540f8143a9fa7f3f6b74b5693
step_recovery_10_13s,10.0,13.0,300,0.038164642909986946,0.03430065270952502,0.01673335567503932,0.898754713634415,0.43845178152212,0.19223996471992083,0.034027863949808425,0.06057262781371695,1.0,0.09388888888888888,0.2833333333333333,0.041952533249799445,0.06688096866011357,predictive_alpha,31002,sinusoidal,2,41003,scn2_env41003,9d096523b8c9229a567fef3150fce7919d670da540f8143a9fa7f3f6b74b5693
post_step_13_20p9s,13.0,20.9,790,0.043764397478670926,0.04216181113498069,0.011734741943874045,0.9633815056068971,0.2681344339218449,0.07189607465458821,0.023682273895092233,0.22339605157343911,1.0,0.07679324894514768,0.1670886075949367,0.020485319914997625,0.027815361021600597,predictive_alpha,31002,sinusoidal,2,41003,scn2_env41003,9d096523b8c9229a567fef3150fce7919d670da540f8143a9fa7f3f6b74b5693
startup_0_3s,0.0,3.0,300,0.12174102491296364,0.11951627287397558,0.02316759946935037,0.9817255354916011,0.19030231991157948,0.03621497296372913,0.09851085233479794,0.22778009821873724,0.7992256634460415,0.0,0.0,0.04527402147128455,0.05058526687620537,predictive_alpha,31003,sinusoidal,2,41003,scn2_env41003,9d096523b8c9229a567fef3150fce7919d670da540f8143a9fa7f3f6b74b5693
pre_step_3_10s,3.0,10.0,700,0.018444414550216077,0.0172696720471252,0.00647725678701755,0.9363090381701968,0.35117714196798233,0.12332538504080043,0.014752417622051147,0.05529729741074686,1.0,0.13333333333333333,0.42142857142857143,0.02696347129582182,0.03712385787810934,predictive_alpha,31003,sinusoidal,2,41003,scn2_env41003,9d096523b8c9229a567fef3150fce7919d670da540f8143a9fa7f3f6b74b5693
step_recovery_10_13s,10.0,13.0,300,0.03784599689426128,0.0342199683252057,0.01616518631944443,0.9041899047028297,0.42713067816944233,0.18244061623348773,0.03360032391734779,0.06039737776938954,1.0,0.09333333333333334,0.28,0.042489397198748426,0.06806841904747356,predictive_alpha,31003,sinusoidal,2,41003,scn2_env41003,9d096523b8c9229a567fef3150fce7919d670da540f8143a9fa7f3f6b74b5693
post_step_13_20p9s,13.0,20.9,790,0.04372172535989279,0.042293691760676363,0.011083000753351424,0.9673381233823309,0.2534895560987669,0.0642569550511499,0.02327123324459736,0.22371740533606255,1.0,0.07721518987341772,0.1670886075949367,0.022504491482466964,0.031863248658811544,predictive_alpha,31003,sinusoidal,2,41003,scn2_env41003,9d096523b8c9229a567fef3150fce7919d670da540f8143a9fa7f3f6b74b5693
startup_0_3s,0.0,3.0,300,0.12142115055090942,0.119030750369654,0.023974492018470923,0.9803131483237497,0.19744905981943323,0.03898613122357812,0.0973886102919325,0.228808630207652,0.7992256634460415,0.0,0.0,0.04541256052653419,0.0505748437627161,predictive_alpha,31004,sinusoidal,2,41003,scn2_env41003,9d096523b8c9229a567fef3150fce7919d670da540f8143a9fa7f3f6b74b5693
pre_step_3_10s,3.0,10.0,700,0.018334510740055876,0.017143170131281093,0.006501230800946545,0.935021958007746,0.35458981660978495,0.12573393804336092,0.014550250881083793,0.05534768110679721,1.0,0.1330952380952381,0.4228571428571429,0.02503293012554907,0.033098261983096185,predictive_alpha,31004,sinusoidal,2,41003,scn2_env41003,9d096523b8c9229a567fef3150fce7919d670da540f8143a9fa7f3f6b74b5693
step_recovery_10_13s,10.0,13.0,300,0.038097046427606134,0.03428945520719697,0.0166017531634707,0.9000554747034122,0.4357753348417222,0.1899001424564151,0.03393702799583996,0.06048807786613892,1.0,0.09388888888888888,0.2833333333333333,0.04221131676646719,0.0673599726335304,predictive_alpha,31004,sinusoidal,2,41003,scn2_env41003,9d096523b8c9229a567fef3150fce7919d670da540f8143a9fa7f3f6b74b5693
post_step_13_20p9s,13.0,20.9,790,0.0436833075535643,0.042118223969248726,0.011588208165867996,0.9641720448389473,0.2652777185349021,0.07037226795108277,0.023562495968313096,0.22326000974053814,1.0,0.07721518987341772,0.1670886075949367,0.020851421574745087,0.02856200976109323,predictive_alpha,31004,sinusoidal,2,41003,scn2_env41003,9d096523b8c9229a567fef3150fce7919d670da540f8143a9fa7f3f6b74b5693
startup_0_3s,0.0,3.0,300,0.24785009682924194,0.24527414323036076,0.03564077946506071,0.9896068081802852,0.14379973992754044,0.02067836520322827,0.2379713008280614,0.37470538559497113,0.8144392389670064,0.0,0.0,0.05890502910995824,0.0779665243169309,real10kg_smc_steady,,sinusoidal,2,41004,scn2_env41004,603079211b92087c4b63321946fd82e45043354fcf1602555230283cd736f148
pre_step_3_10s,3.0,10.0,700,0.1039228633081075,0.10342122405836926,0.010198624045633802,0.9951729654691,0.09813648047203258,0.00963076879943763,0.09774248098289269,0.18366673321737984,1.0,0.07285714285714286,0.22857142857142856,0.065081169392755,0.10847603218250379,real10kg_smc_steady,,sinusoidal,2,41004,scn2_env41004,603079211b92087c4b63321946fd82e45043354fcf1602555230283cd736f148
step_recovery_10_13s,10.0,13.0,300,0.06371164301537767,0.0595943922793888,0.02253179674524975,0.9353767923549685,0.3536527340820797,0.12507025632373017,0.06011638583820499,0.10425873166652168,1.0,0.09666666666666666,0.29333333333333333,0.06126294484475738,0.1031703195750089,real10kg_smc_steady,,sinusoidal,2,41004,scn2_env41004,603079211b92087c4b63321946fd82e45043354fcf1602555230283cd736f148
post_step_13_20p9s,13.0,20.9,790,0.1589606240259874,0.157954745947799,0.017854361464291847,0.9936721557030127,0.112319397169534,0.012615646980527521,0.15704839424534528,0.26760882200499453,1.0,0.09556962025316455,0.16835443037974684,0.05395275363888045,0.09247301964603076,real10kg_smc_steady,,sinusoidal,2,41004,scn2_env41004,603079211b92087c4b63321946fd82e45043354fcf1602555230283cd736f148
startup_0_3s,0.0,3.0,300,0.14472408866096406,0.143412697391724,0.019438623037046507,0.9909386800678899,0.13431504884155213,0.01804053234530853,0.12514250608668281,0.22995986120982537,1.0,0.023333333333333334,0.05333333333333334,0.04556070059858596,0.027858316206161252,real10kg_mpc_ltv_v3,,sinusoidal,2,41004,scn2_env41004,603079211b92087c4b63321946fd82e45043354fcf1602555230283cd736f148
pre_step_3_10s,3.0,10.0,700,0.01930262585347967,0.018107500662175112,0.006686537565044379,0.9380848387998406,0.34640559350835687,0.119996835213877,0.015577301701063523,0.05654162939909847,1.0,0.12880952380952382,0.41285714285714287,0.01999318804771145,0.022816333617067915,real10kg_mpc_ltv_v3,,sinusoidal,2,41004,scn2_env41004,603079211b92087c4b63321946fd82e45043354fcf1602555230283cd736f148
step_recovery_10_13s,10.0,13.0,300,0.037100922340840815,0.03505313194723974,0.012155508184790201,0.9448048656368075,0.32763358476965354,0.10734376586901373,0.03245477323050028,0.061334200787179674,1.0,0.10222222222222223,0.30666666666666664,0.02426952584207235,0.033295256299224814,real10kg_mpc_ltv_v3,,sinusoidal,2,41004,scn2_env41004,603079211b92087c4b63321946fd82e45043354fcf1602555230283cd736f148
post_step_13_20p9s,13.0,20.9,790,0.04336986460967867,0.04146032198305787,0.0127274057577743,0.9559707496482557,0.2934619665594709,0.086119925816952,0.024125170497998467,0.22129622923422307,1.0,0.07869198312236286,0.17088607594936708,0.017410545130991766,0.021946833626781518,real10kg_mpc_ltv_v3,,sinusoidal,2,41004,scn2_env41004,603079211b92087c4b63321946fd82e45043354fcf1602555230283cd736f148
startup_0_3s,0.0,3.0,300,0.12630126995536103,0.1236682760989359,0.02565479056734523,0.9791530690280809,0.20312377362802816,0.04125926741289043,0.10097018031785503,0.23999914945179032,0.8368618952754435,0.0,0.0,0.04494075715420649,0.05129782544778065,predictive_alpha,31000,sinusoidal,2,41004,scn2_env41004,603079211b92087c4b63321946fd82e45043354fcf1602555230283cd736f148
pre_step_3_10s,3.0,10.0,700,0.019284987057354222,0.017943005368598774,0.007068188179778133,0.9304131402959024,0.36651246686124783,0.13433138836471728,0.015500116857924708,0.05697465176321147,1.0,0.12928571428571428,0.4157142857142857,0.019987558603944,0.022793246351797428,predictive_alpha,31000,sinusoidal,2,41004,scn2_env41004,603079211b92087c4b63321946fd82e45043354fcf1602555230283cd736f148
step_recovery_10_13s,10.0,13.0,300,0.03947371292172767,0.03528340230997356,0.017699026336483095,0.8938455417137205,0.44837500773181516,0.2010401475585053,0.03540264997490561,0.06231397019759971,1.0,0.09777777777777778,0.29333333333333333,0.040028127092241746,0.06375499348996108,predictive_alpha,31000,sinusoidal,2,41004,scn2_env41004,603079211b92087c4b63321946fd82e45043354fcf1602555230283cd736f148
post_step_13_20p9s,13.0,20.9,790,0.04361833301620243,0.041657721989979975,0.012930319938728256,0.955050757545132,0.2964423224043241,0.08787805051246923,0.024352415236611163,0.22190680765421794,1.0,0.07721518987341772,0.16962025316455695,0.0169999636677499,0.02134169872012345,predictive_alpha,31000,sinusoidal,2,41004,scn2_env41004,603079211b92087c4b63321946fd82e45043354fcf1602555230283cd736f148
startup_0_3s,0.0,3.0,300,0.12236226921677743,0.11984154123302351,0.02470890371450426,0.9793994668463676,0.20193237566336628,0.04077668434105088,0.09811045788831022,0.23694085858307676,0.8368618952754435,0.0,0.0,0.04354670424591375,0.05041685666649745,predictive_alpha,31001,sinusoidal,2,41004,scn2_env41004,603079211b92087c4b63321946fd82e45043354fcf1602555230283cd736f148
pre_step_3_10s,3.0,10.0,700,0.01930449131543903,0.017978595508050012,0.007030895284797294,0.9313167186991033,0.3642103368543174,0.13264916947153538,0.015534663027306458,0.056887041020442015,1.0,0.12857142857142856,0.41285714285714287,0.019879462763244544,0.022530263395732286,predictive_alpha,31001,sinusoidal,2,41004,scn2_env41004,603079211b92087c4b63321946fd82e45043354fcf1602555230283cd736f148
step_recovery_10_13s,10.0,13.0,300,0.038943081488230086,0.0350503486877981,0.016971642603551936,0.9000404525869762,0.435806360333384,0.18992718370703132,0.03483725317509473,0.06200950894889827,1.0,0.09777777777777778,0.29333333333333333,0.03849305462057574,0.06073552718296267,predictive_alpha,31001,sinusoidal,2,41004,scn2_env41004,603079211b92087c4b63321946fd82e45043354fcf1602555230283cd736f148
post_step_13_20p9s,13.0,20.9,790,0.04364958034907403,0.04168717675470117,0.012940833005358325,0.955041868016161,0.29647096035902326,0.08789503033620154,0.024365335095302264,0.22201374275423094,1.0,0.07679324894514768,0.16835443037974684,0.017113823776810345,0.02157682990520555,predictive_alpha,31001,sinusoidal,2,41004,scn2_env41004,603079211b92087c4b63321946fd82e45043354fcf1602555230283cd736f148
startup_0_3s,0.0,3.0,300,0.12427845562423849,0.12198806069616956,0.02374968589125891,0.9815704587205843,0.19110058756335976,0.03651943456706133,0.09999910471053235,0.23746281567270597,0.8368618952754435,0.0,0.0,0.044315176452936825,0.050946355935391506,predictive_alpha,31002,sinusoidal,2,41004,scn2_env41004,603079211b92087c4b63321946fd82e45043354fcf1602555230283cd736f148
pre_step_3_10s,3.0,10.0,700,0.01939042426065802,0.018090631073023097,0.0069798008845586975,0.9329672641422229,0.35996122574379585,0.12957208403897597,0.015644735980042783,0.056969818313141275,1.0,0.12833333333333333,0.41285714285714287,0.02000110726142017,0.022813072092721296,predictive_alpha,31002,sinusoidal,2,41004,scn2_env41004,603079211b92087c4b63321946fd82e45043354fcf1602555230283cd736f148
step_recovery_10_13s,10.0,13.0,300,0.03935413323487823,0.03522435378936205,0.01754972087499977,0.8950611001678447,0.44594352441349283,0.19886562696632745,0.03525484701492775,0.06231096637342454,1.0,0.09777777777777778,0.29333333333333333,0.03966391792286959,0.06297571927220623,predictive_alpha,31002,sinusoidal,2,41004,scn2_env41004,603079211b92087c4b63321946fd82e45043354fcf1602555230283cd736f148
post_step_13_20p9s,13.0,20.9,790,0.0435923392690689,0.04163119394944955,0.012928098595420824,0.9550116980987325,0.2965681312861777,0.08795265649457552,0.02433683416841623,0.221825163208737,1.0,0.07721518987341772,0.16962025316455695,0.017034046572736865,0.021436689485680952,predictive_alpha,31002,sinusoidal,2,41004,scn2_env41004,603079211b92087c4b63321946fd82e45043354fcf1602555230283cd736f148
startup_0_3s,0.0,3.0,300,0.12403300637985083,0.12219431507570512,0.021277594666771475,0.9851757902367155,0.17154784268962153,0.02942866233146314,0.09957080503817216,0.23758487866441835,0.8368618952754435,0.0,0.0,0.04104441215862904,0.0452360270269639,predictive_alpha,31003,sinusoidal,2,41004,scn2_env41004,603079211b92087c4b63321946fd82e45043354fcf1602555230283cd736f148
pre_step_3_10s,3.0,10.0,700,0.01948151230451473,0.018234389177581255,0.006858306860404128,0.9359842753765857,0.3520418103688364,0.1239334362477678,0.015772753970833484,0.05694204612562069,1.0,0.12833333333333333,0.41285714285714287,0.019877957038974468,0.022565800971290663,predictive_alpha,31003,sinusoidal,2,41004,scn2_env41004,603079211b92087c4b63321946fd82e45043354fcf1602555230283cd736f148
step_recovery_10_13s,10.0,13.0,300,0.03924654968096021,0.035136171585556604,0.017485454188278973,0.895267784586993,0.4455284434025481,0.1984955938806975,0.03513847955462825,0.062190113045389614,1.0,0.09777777777777778,0.29333333333333333,0.0394640967393066,0.06258047488218303,predictive_alpha,31003,sinusoidal,2,41004,scn2_env41004,603079211b92087c4b63321946fd82e45043354fcf1602555230283cd736f148
post_step_13_20p9s,13.0,20.9,790,0.04360654842974154,0.04164702241543391,0.012925037326202976,0.9550634919554616,0.29640129273307825,0.08785372633383995,0.02434457008753176,0.2218710172665743,1.0,0.07679324894514768,0.16835443037974684,0.016971211657510026,0.02130061753172517,predictive_alpha,31003,sinusoidal,2,41004,scn2_env41004,603079211b92087c4b63321946fd82e45043354fcf1602555230283cd736f148
startup_0_3s,0.0,3.0,300,0.12546909449495033,0.12330027938939711,0.023227887891054344,0.9827143479891735,0.18512836156627543,0.034272510256213605,0.09931889376496748,0.23918990578163826,0.8368618952754435,0.0,0.0,0.043491574198868295,0.04845038377838428,predictive_alpha,31004,sinusoidal,2,41004,scn2_env41004,603079211b92087c4b63321946fd82e45043354fcf1602555230283cd736f148
pre_step_3_10s,3.0,10.0,700,0.01929669900436893,0.01800556354612648,0.0069399044555104785,0.9330903457658677,0.35964205349004136,0.12934240663853377,0.015529877070919377,0.05693370887629831,1.0,0.12833333333333333,0.41285714285714287,0.019888593609442763,0.02262473048367962,predictive_alpha,31004,sinusoidal,2,41004,scn2_env41004,603079211b92087c4b63321946fd82e45043354fcf1602555230283cd736f148
step_recovery_10_13s,10.0,13.0,300,0.039366162505507736,0.035220474078533674,0.017584452112402615,0.8946890384249662,0.4466895169155075,0.19953152452220949,0.035267523683542405,0.062239074662283574,1.0,0.09777777777777778,0.29333333333333333,0.0398513587935801,0.06330301222202663,predictive_alpha,31004,sinusoidal,2,41004,scn2_env41004,603079211b92087c4b63321946fd82e45043354fcf1602555230283cd736f148
post_step_13_20p9s,13.0,20.9,790,0.043539938016688894,0.04157912306770741,0.012919083845906135,0.9549651414701165,0.29671801188495583,0.08804157857696078,0.024311943768854104,0.2216739090508661,1.0,0.07784810126582278,0.16962025316455695,0.01699333338526935,0.021370097727054012,predictive_alpha,31004,sinusoidal,2,41004,scn2_env41004,603079211b92087c4b63321946fd82e45043354fcf1602555230283cd736f148
startup_0_3s,0.0,3.0,300,0.23668236677537757,0.23404809014982023,0.035214119889839655,0.988869992042722,0.1487821858873816,0.02213613883742737,0.226648888163434,0.362330880503614,0.7743709017537355,0.0,0.0,0.055264001446295355,0.07096720493955988,real10kg_smc_steady,,sinusoidal,2,41005,scn2_env41005,f6605d0695f5f7480425ba67230c2225797669354946f22ef91d04837fc4a609
pre_step_3_10s,3.0,10.0,700,0.10337381376938158,0.10285189812260356,0.010374604850516661,0.9949511812736022,0.10036008610131716,0.010072146882263794,0.09724465747739393,0.18081585701478944,1.0,0.07761904761904762,0.24857142857142858,0.06597698558475476,0.11339413218499778,real10kg_smc_steady,,sinusoidal,2,41005,scn2_env41005,f6605d0695f5f7480425ba67230c2225797669354946f22ef91d04837fc4a609
step_recovery_10_13s,10.0,13.0,300,0.06387591600546,0.05971965207677522,0.022664858291317376,0.9349322218983207,0.3548263525391953,0.1259017404562693,0.06019851857629327,0.10475654582465573,1.0,0.09666666666666666,0.29,0.06355219678855646,0.10870689248689298,real10kg_smc_steady,,sinusoidal,2,41005,scn2_env41005,f6605d0695f5f7480425ba67230c2225797669354946f22ef91d04837fc4a609
post_step_13_20p9s,13.0,20.9,790,0.1593018843338242,0.158308050446701,0.017766584254489508,0.9937613174427957,0.11152777212138205,0.012438443954358926,0.15731247611642224,0.2719735242554149,1.0,0.09472573839662447,0.1670886075949367,0.05329236527735031,0.09212751524898717,real10kg_smc_steady,,sinusoidal,2,41005,scn2_env41005,f6605d0695f5f7480425ba67230c2225797669354946f22ef91d04837fc4a609
startup_0_3s,0.0,3.0,300,0.1334353696796452,0.1320169263189641,0.019404356388109577,0.9893698097881655,0.14542138590911852,0.021147379479728775,0.11699083251202282,0.2095545966368624,1.0,0.022222222222222223,0.05,0.045860065085067625,0.02782488398352035,real10kg_mpc_ltv_v3,,sinusoidal,2,41005,scn2_env41005,f6605d0695f5f7480425ba67230c2225797669354946f22ef91d04837fc4a609
pre_step_3_10s,3.0,10.0,700,0.018676861218350348,0.017511422773414085,0.006494244946125279,0.937599876590013,0.3477160787458531,0.12090647141839232,0.014894217786792296,0.05549402123754586,1.0,0.13452380952380952,0.42142857142857143,0.02142781164768216,0.02670521454955966,real10kg_mpc_ltv_v3,,sinusoidal,2,41005,scn2_env41005,f6605d0695f5f7480425ba67230c2225797669354946f22ef91d04837fc4a609
step_recovery_10_13s,10.0,13.0,300,0.03646333819028937,0.03452176248750704,0.011739801818411028,0.9467526617379372,0.3219617950815452,0.1036593974921309,0.031901365638043334,0.06029018338613237,1.0,0.10333333333333333,0.31,0.026252165221032454,0.03775782213238264,real10kg_mpc_ltv_v3,,sinusoidal,2,41005,scn2_env41005,f6605d0695f5f7480425ba67230c2225797669354946f22ef91d04837fc4a609
post_step_13_20p9s,13.0,20.9,790,0.04334334840256877,0.04160004326563707,0.012168905088116374,0.9597791771706227,0.280755999169533,0.07882393106968279,0.023754088409106283,0.22172042322384297,1.0,0.07742616033755274,0.1670886075949367,0.019429065227842726,0.024984967962820372,real10kg_mpc_ltv_v3,,sinusoidal,2,41005,scn2_env41005,f6605d0695f5f7480425ba67230c2225797669354946f22ef91d04837fc4a609
startup_0_3s,0.0,3.0,300,0.11204157289561553,0.10921118181800538,0.025024624329609762,0.9747380279974549,0.22335124081954974,0.0498857767756325,0.0911692839549862,0.21161227181979075,0.798011655546484,0.0,0.0,0.042967126352881524,0.0488668112459842,predictive_alpha,31000,sinusoidal,2,41005,scn2_env41005,f6605d0695f5f7480425ba67230c2225797669354946f22ef91d04837fc4a609
pre_step_3_10s,3.0,10.0,700,0.018418138127994452,0.01715054708624229,0.006714651647291105,0.9311770259869264,0.3645673412061799,0.1329093462741432,0.014554960575179597,0.05552810661009281,1.0,0.13523809523809524,0.4228571428571429,0.022341303440500632,0.02855316596392938,predictive_alpha,31000,sinusoidal,2,41005,scn2_env41005,f6605d0695f5f7480425ba67230c2225797669354946f22ef91d04837fc4a609
step_recovery_10_13s,10.0,13.0,300,0.0382253921713343,0.03432348001173848,0.01682496141261829,0.8979235545287118,0.44015144010047696,0.19373329022252375,0.03413551031265514,0.06072067392725487,1.0,0.09722222222222222,0.29333333333333333,0.04077201122325271,0.0661401789131345,predictive_alpha,31000,sinusoidal,2,41005,scn2_env41005,f6605d0695f5f7480425ba67230c2225797669354946f22ef91d04837fc4a609
post_step_13_20p9s,13.0,20.9,790,0.04351021783963244,0.04179022392269001,0.012112647974068077,0.9604691954592853,0.2783862866123127,0.07749892457379272,0.023770980677896153,0.2222828601557527,1.0,0.07679324894514768,0.16582278481012658,0.020003882384425384,0.02611903786069996,predictive_alpha,31000,sinusoidal,2,41005,scn2_env41005,f6605d0695f5f7480425ba67230c2225797669354946f22ef91d04837fc4a609
startup_0_3s,0.0,3.0,300,0.10908680601886465,0.10636181659159884,0.02423004784833272,0.9750199907146004,0.22211712609994794,0.04933601770690017,0.0893082461104912,0.2088152843583715,0.798011655546484,0.0,0.0,0.04090380210003794,0.048063072875813004,predictive_alpha,31001,sinusoidal,2,41005,scn2_env41005,f6605d0695f5f7480425ba67230c2225797669354946f22ef91d04837fc4a609
pre_step_3_10s,3.0,10.0,700,0.01843977976378644,0.01718588681743851,0.006683619680617769,0.9320006549747178,0.3624565892995974,0.131374779126697,0.014595962869256908,0.05545520783943589,1.0,0.135,0.42142857142857143,0.02215997221527342,0.028200435348847683,predictive_alpha,31001,sinusoidal,2,41005,scn2_env41005,f6605d0695f5f7480425ba67230c2225797669354946f22ef91d04837fc4a609
step_recovery_10_13s,10.0,13.0,300,0.037738217198944525,0.0341966448193363,0.015961281917655362,0.9061542213046758,0.4229474284254682,0.17888452721171652,0.03359818738927794,0.060507985088409016,1.0,0.09666666666666666,0.29,0.03931142759488481,0.06327870498344143,predictive_alpha,31001,sinusoidal,2,41005,scn2_env41005,f6605d0695f5f7480425ba67230c2225797669354946f22ef91d04837fc4a609
post_step_13_20p9s,13.0,20.9,790,0.04353923309645774,0.04181525831762039,0.012130498359851525,0.9604041078303327,0.2786107493666083,0.07762394966262302,0.02378532013201482,0.22236516245882224,1.0,0.07679324894514768,0.1670886075949367,0.020099323961962467,0.026342634378982148,predictive_alpha,31001,sinusoidal,2,41005,scn2_env41005,f6605d0695f5f7480425ba67230c2225797669354946f22ef91d04837fc4a609
startup_0_3s,0.0,3.0,300,0.10724859688896343,0.10486349711446889,0.022492409999267483,0.9777610165197417,0.2097221842683342,0.043983394574281125,0.0873957308794394,0.20756329438187876,0.798011655546484,0.0,0.0,0.040462929517007036,0.04669323818011481,predictive_alpha,31002,sinusoidal,2,41005,scn2_env41005,f6605d0695f5f7480425ba67230c2225797669354946f22ef91d04837fc4a609
pre_step_3_10s,3.0,10.0,700,0.018498777740963732,0.01727838002456652,0.006607750119082582,0.9340281972416609,0.3571992815747154,0.12759132675749285,0.014662088882206875,0.05554956840829596,1.0,0.13452380952380952,0.42142857142857143,0.02238250204181119,0.028664275228252597,predictive_alpha,31002,sinusoidal,2,41005,scn2_env41005,f6605d0695f5f7480425ba67230c2225797669354946f22ef91d04837fc4a609
step_recovery_10_13s,10.0,13.0,300,0.03818419812426195,0.03432935066779192,0.016719110895040575,0.8990460021204245,0.43785418357174766,0.1917162860712817,0.034051408683988656,0.060790909449831995,1.0,0.09722222222222222,0.29333333333333333,0.04055367102683389,0.0655933977661859,predictive_alpha,31002,sinusoidal,2,41005,scn2_env41005,f6605d0695f5f7480425ba67230c2225797669354946f22ef91d04837fc4a609
post_step_13_20p9s,13.0,20.9,790,0.04350084365198777,0.041776997132602904,0.012124599334294422,0.9603721129370305,0.27872101587943315,0.07768540469286322,0.023767881820831015,0.2222316832041096,1.0,0.07658227848101266,0.16582278481012658,0.020045506723241818,0.02621366894739157,predictive_alpha,31002,sinusoidal,2,41005,scn2_env41005,f6605d0695f5f7480425ba67230c2225797669354946f22ef91d04837fc4a609
startup_0_3s,0.0,3.0,300,0.10876468706797411,0.10674141819468363,0.020881254626626135,0.981397741051505,0.19198560846845525,0.03685847385900299,0.0891523332268599,0.20822827469706984,0.798011655546484,0.0,0.0,0.03914327664327285,0.04381046180513947,predictive_alpha,31003,sinusoidal,2,41005,scn2_env41005,f6605d0695f5f7480425ba67230c2225797669354946f22ef91d04837fc4a609
pre_step_3_10s,3.0,10.0,700,0.018586398913584483,0.017405242968414766,0.006520102896837041,0.9364505221984432,0.35079968568153397,0.12306041947426302,0.014796149766551577,0.055479956938601804,1.0,0.13452380952380952,0.42142857142857143,0.022236360042731093,0.02830484709738537,predictive_alpha,31003,sinusoidal,2,41005,scn2_env41005,f6605d0695f5f7480425ba67230c2225797669354946f22ef91d04837fc4a609
step_recovery_10_13s,10.0,13.0,300,0.038059545152711406,0.034225818078702286,0.016646992343208846,0.8992702866356772,0.4373933602310246,0.19131295157418685,0.03394186567097555,0.06062904763059643,1.0,0.09722222222222222,0.29333333333333333,0.040310996472995936,0.06518486815781392,predictive_alpha,31003,sinusoidal,2,41005,scn2_env41005,f6605d0695f5f7480425ba67230c2225797669354946f22ef91d04837fc4a609
post_step_13_20p9s,13.0,20.9,790,0.04349370038964079,0.041774551492717506,0.012107387049488947,0.9604736115455298,0.27837105008367263,0.07749044152468657,0.02376204051966731,0.22223377542958908,1.0,0.07679324894514768,0.16582278481012658,0.019971406483307506,0.02604847906041893,predictive_alpha,31003,sinusoidal,2,41005,scn2_env41005,f6605d0695f5f7480425ba67230c2225797669354946f22ef91d04837fc4a609
startup_0_3s,0.0,3.0,300,0.109980179155249,0.10761780561941785,0.02267262050760494,0.9785200064777453,0.20615187829072426,0.042498596922793584,0.08824170731864471,0.2101385757529304,0.798011655546484,0.0,0.0,0.04123424860552113,0.04657812555589466,predictive_alpha,31004,sinusoidal,2,41005,scn2_env41005,f6605d0695f5f7480425ba67230c2225797669354946f22ef91d04837fc4a609
pre_step_3_10s,3.0,10.0,700,0.01840716538328297,0.017186034471819663,0.006592719968340627,0.9336600239071945,0.3581605223326785,0.12827895975761708,0.01455754903518126,0.05548828443756475,1.0,0.13476190476190475,0.42142857142857143,0.02226243102935946,0.028401968876730316,predictive_alpha,31004,sinusoidal,2,41005,scn2_env41005,f6605d0695f5f7480425ba67230c2225797669354946f22ef91d04837fc4a609
step_recovery_10_13s,10.0,13.0,300,0.03814000702254276,0.034279849999371594,0.01671980920047219,0.8987898187619732,0.4383798144187519,0.19217686168981932,0.03404008351599271,0.060635686567715945,1.0,0.09722222222222222,0.29333333333333333,0.040614224574416206,0.06579775178593744,predictive_alpha,31004,sinusoidal,2,41005,scn2_env41005,f6605d0695f5f7480425ba67230c2225797669354946f22ef91d04837fc4a609
post_step_13_20p9s,13.0,20.9,790,0.04345089415504347,0.04173018926745385,0.012106671985945231,0.9603988612650934,0.2786288342593285,0.07763402728071235,0.02374185898091719,0.22210871149424435,1.0,0.07679324894514768,0.16582278481012658,0.01999352809192193,0.02609357251978839,predictive_alpha,31004,sinusoidal,2,41005,scn2_env41005,f6605d0695f5f7480425ba67230c2225797669354946f22ef91d04837fc4a609
startup_0_3s,0.0,3.0,300,0.2510804764414223,0.24853795520436955,0.03564113456222183,0.989873680052356,0.14195103923397642,0.020150097539605918,0.24132244638894135,0.38019155292439993,0.8276230103785853,0.0,0.0,0.0588692120023031,0.07558218784414344,real10kg_smc_steady,,sinusoidal,2,41006,scn2_env41006,c103856d3e1a3df08fa27a90a4714e901e438818b800f87372eab22a1475ce3d
pre_step_3_10s,3.0,10.0,700,0.10357011188226187,0.10306584433511021,0.01020783066057965,0.9951311479925318,0.09855961797341568,0.009713998295065642,0.09738710066244007,0.1829079536772087,1.0,0.07428571428571429,0.23142857142857143,0.06363135244367916,0.10866247464712661,real10kg_smc_steady,,sinusoidal,2,41006,scn2_env41006,c103856d3e1a3df08fa27a90a4714e901e438818b800f87372eab22a1475ce3d
step_recovery_10_13s,10.0,13.0,300,0.06390001718640943,0.05958560596982534,0.02308176244640204,0.9324818457560337,0.36121684254118136,0.1304776073354206,0.060303323746471404,0.10453769375253946,1.0,0.09777777777777778,0.2966666666666667,0.06382237620869814,0.11212462021424183,real10kg_smc_steady,,sinusoidal,2,41006,scn2_env41006,c103856d3e1a3df08fa27a90a4714e901e438818b800f87372eab22a1475ce3d
post_step_13_20p9s,13.0,20.9,790,0.15925191077750586,0.15826885024752282,0.017667544470409354,0.9938270095147775,0.11094086334130739,0.012307875158914641,0.15727108536118772,0.2726033418990964,1.0,0.09556962025316455,0.16962025316455695,0.05409764379407259,0.0924653470041623,real10kg_smc_steady,,sinusoidal,2,41006,scn2_env41006,c103856d3e1a3df08fa27a90a4714e901e438818b800f87372eab22a1475ce3d
startup_0_3s,0.0,3.0,300,0.14949309122750348,0.1478377457061143,0.022185248912035486,0.9889269429925024,0.14840317187817895,0.02202350142350433,0.13125010999083153,0.23444444728180305,1.0,0.024444444444444446,0.056666666666666664,0.04000279723655843,0.02208179244852839,real10kg_mpc_ltv_v3,,sinusoidal,2,41006,scn2_env41006,c103856d3e1a3df08fa27a90a4714e901e438818b800f87372eab22a1475ce3d
pre_step_3_10s,3.0,10.0,700,0.020587979426069422,0.018526201072116038,0.008980243353260775,0.8998552353640558,0.4361886694859229,0.19026055538789968,0.017725819100404456,0.0552826386783886,1.0,0.13595238095238096,0.42,0.020926588255732917,0.025766259256036806,real10kg_mpc_ltv_v3,,sinusoidal,2,41006,scn2_env41006,c103856d3e1a3df08fa27a90a4714e901e438818b800f87372eab22a1475ce3d
step_recovery_10_13s,10.0,13.0,300,0.036101149553589416,0.03448484066751911,0.010681234162139208,0.9552283263536798,0.29586964111166947,0.0875388445315481,0.031282729853906066,0.06012290756126531,1.0,0.10222222222222223,0.30666666666666664,0.022977357006530624,0.03411423708661771,real10kg_mpc_ltv_v3,,sinusoidal,2,41006,scn2_env41006,c103856d3e1a3df08fa27a90a4714e901e438818b800f87372eab22a1475ce3d
post_step_13_20p9s,13.0,20.9,790,0.043221695229077185,0.04216819315056542,0.009484641526796914,0.9756256187331813,0.21944168262091135,0.04815465207149678,0.02202334775793109,0.2231728882454283,1.0,0.07742616033755274,0.16835443037974684,0.020756135137118544,0.02951168297762048,real10kg_mpc_ltv_v3,,sinusoidal,2,41006,scn2_env41006,c103856d3e1a3df08fa27a90a4714e901e438818b800f87372eab22a1475ce3d
startup_0_3s,0.0,3.0,300,0.13021590880668402,0.12766660754316264,0.0256402071904798,0.9804225053076577,0.19690533534227947,0.03877171108625554,0.103190452268017,0.24852600627810803,0.8499999744801043,0.0,0.0,0.047141096611589085,0.05495864912579707,predictive_alpha,31000,sinusoidal,2,41006,scn2_env41006,c103856d3e1a3df08fa27a90a4714e901e438818b800f87372eab22a1475ce3d
pre_step_3_10s,3.0,10.0,700,0.018212327765672526,0.016978064004516166,0.006590464725862579,0.9322292143521181,0.3618683350452656,0.1309486919084326,0.014378632513968443,0.055310062899653775,1.0,0.13523809523809524,0.42142857142857143,0.024623532923424268,0.03279778639079984,predictive_alpha,31000,sinusoidal,2,41006,scn2_env41006,c103856d3e1a3df08fa27a90a4714e901e438818b800f87372eab22a1475ce3d
step_recovery_10_13s,10.0,13.0,300,0.038056842651406804,0.03412568885960623,0.01684519612385928,0.8967031020463475,0.44263251889175265,0.19592354678045776,0.033859116353426054,0.060585208332519874,1.0,0.10111111111111111,0.30333333333333334,0.043081447493414686,0.07187899810401875,predictive_alpha,31000,sinusoidal,2,41006,scn2_env41006,c103856d3e1a3df08fa27a90a4714e901e438818b800f87372eab22a1475ce3d
post_step_13_20p9s,13.0,20.9,790,0.04351618005333633,0.042018532885933955,0.011318163302765753,0.965584130648261,0.26009091994962463,0.06764728664024205,0.02325586603511848,0.22290550429501535,1.0,0.07721518987341772,0.1670886075949367,0.022386597607756333,0.03166026109908321,predictive_alpha,31000,sinusoidal,2,41006,scn2_env41006,c103856d3e1a3df08fa27a90a4714e901e438818b800f87372eab22a1475ce3d
startup_0_3s,0.0,3.0,300,0.12680182384913447,0.12442824836203437,0.024419531957488853,0.9812812196619182,0.1925802895906496,0.037087167938818465,0.10069138096251928,0.24615087216194842,0.8499999744801043,0.0,0.0,0.044697040597364165,0.0535557608702263,predictive_alpha,31001,sinusoidal,2,41006,scn2_env41006,c103856d3e1a3df08fa27a90a4714e901e438818b800f87372eab22a1475ce3d
pre_step_3_10s,3.0,10.0,700,0.01823064794540905,0.017014407024707568,0.006547249659744846,0.9332859191651627,0.35913422711854925,0.12897739308803768,0.014402488312511626,0.05525522402496132,1.0,0.13404761904761905,0.42,0.02394869950674986,0.03128453845754796,predictive_alpha,31001,sinusoidal,2,41006,scn2_env41006,c103856d3e1a3df08fa27a90a4714e901e438818b800f87372eab22a1475ce3d
step_recovery_10_13s,10.0,13.0,300,0.03760530574128056,0.03402367049264325,0.016017142882025687,0.9047571831145722,0.4259277398838736,0.18141443960258472,0.03339348891196565,0.06037298926066998,1.0,0.1,0.30333333333333334,0.04132483895669294,0.06848315807866057,predictive_alpha,31001,sinusoidal,2,41006,scn2_env41006,c103856d3e1a3df08fa27a90a4714e901e438818b800f87372eab22a1475ce3d
post_step_13_20p9s,13.0,20.9,790,0.04355922707408082,0.04201623436175691,0.011490966597691105,0.9645771328839294,0.2638009755808686,0.06959095471741804,0.023372552698416104,0.22293205098121777,1.0,0.07721518987341772,0.1670886075949367,0.02196317714025705,0.03082912450858556,predictive_alpha,31001,sinusoidal,2,41006,scn2_env41006,c103856d3e1a3df08fa27a90a4714e901e438818b800f87372eab22a1475ce3d
startup_0_3s,0.0,3.0,300,0.1285348760046606,0.1260772900087219,0.02501462159598094,0.9808800064828351,0.194613496146166,0.03787441288223377,0.10188317380619938,0.24662070550588858,0.8499999744801043,0.0,0.0,0.04743781660322481,0.056781509290416816,predictive_alpha,31002,sinusoidal,2,41006,scn2_env41006,c103856d3e1a3df08fa27a90a4714e901e438818b800f87372eab22a1475ce3d
pre_step_3_10s,3.0,10.0,700,0.01845535963004364,0.01719944793721016,0.006691732939190093,0.9319486740974167,0.3625902216663696,0.13147166884806705,0.014833323946295362,0.0552964740388567,1.0,0.13595238095238096,0.4157142857142857,0.027780104967372533,0.04009771003246873,predictive_alpha,31002,sinusoidal,2,41006,scn2_env41006,c103856d3e1a3df08fa27a90a4714e901e438818b800f87372eab22a1475ce3d
step_recovery_10_13s,10.0,13.0,300,0.03773571521372658,0.03413115650836099,0.016094979282162594,0.9044788555099543,0.4265184637684555,0.18191799993540328,0.033345033140900246,0.060562679794016014,1.0,0.10111111111111111,0.30333333333333334,0.04302421302702415,0.07214549671064568,predictive_alpha,31002,sinusoidal,2,41006,scn2_env41006,c103856d3e1a3df08fa27a90a4714e901e438818b800f87372eab22a1475ce3d
post_step_13_20p9s,13.0,20.9,790,0.043461561124460715,0.04221856093866262,0.01031990347065637,0.9714000106384003,0.2374489825872407,0.056382019331715744,0.022629505219603864,0.22338448365357247,1.0,0.07721518987341772,0.1670886075949367,0.02534117348959866,0.037643315899117596,predictive_alpha,31002,sinusoidal,2,41006,scn2_env41006,c103856d3e1a3df08fa27a90a4714e901e438818b800f87372eab22a1475ce3d
startup_0_3s,0.0,3.0,300,0.12919527176085416,0.12737690284026404,0.02159960342651896,0.9859254220699656,0.16718571145932282,0.027951062116159945,0.10311315325969796,0.24718085474829984,0.8499999744801043,0.0,0.0,0.04383895289192607,0.05049861606239171,predictive_alpha,31003,sinusoidal,2,41006,scn2_env41006,c103856d3e1a3df08fa27a90a4714e901e438818b800f87372eab22a1475ce3d
pre_step_3_10s,3.0,10.0,700,0.018375295806425104,0.017220865263665668,0.0064104052558552945,0.9371748593916089,0.3488599760997498,0.12170328292431802,0.014642499255985807,0.05522300803085781,1.0,0.13380952380952382,0.4157142857142857,0.024982191431775283,0.03362127468025005,predictive_alpha,31003,sinusoidal,2,41006,scn2_env41006,c103856d3e1a3df08fa27a90a4714e901e438818b800f87372eab22a1475ce3d
step_recovery_10_13s,10.0,13.0,300,0.037809773235624115,0.03401550749006623,0.016508307070156106,0.8996485453135976,0.43661481298179516,0.19063249491512796,0.03356464739316055,0.060425465326642065,1.0,0.10055555555555555,0.30333333333333334,0.042720967031874904,0.07120670267947354,predictive_alpha,31003,sinusoidal,2,41006,scn2_env41006,c103856d3e1a3df08fa27a90a4714e901e438818b800f87372eab22a1475ce3d
post_step_13_20p9s,13.0,20.9,790,0.04351888929530195,0.04206000599322599,0.011173612725817014,0.9664770097376211,0.25675316872168547,0.0659221896486263,0.02316876088099161,0.22300601192618388,1.0,0.07721518987341772,0.1670886075949367,0.022864160994713542,0.03259722793608585,predictive_alpha,31003,sinusoidal,2,41006,scn2_env41006,c103856d3e1a3df08fa27a90a4714e901e438818b800f87372eab22a1475ce3d
startup_0_3s,0.0,3.0,300,0.1284939139610032,0.12633467558168546,0.023457102776941244,0.9831957926040523,0.18255419306520831,0.03332603340568935,0.10121205783795008,0.2471079935504307,0.8499999744801043,0.0,0.0,0.04581807900705867,0.0523730452107811,predictive_alpha,31004,sinusoidal,2,41006,scn2_env41006,c103856d3e1a3df08fa27a90a4714e901e438818b800f87372eab22a1475ce3d
pre_step_3_10s,3.0,10.0,700,0.018233699505870355,0.017044162242232336,0.006477988200887549,0.9347616064828179,0.35527558183143004,0.12622073904566117,0.014419280533372051,0.055271544523364156,1.0,0.13428571428571429,0.42,0.024310644096788996,0.03215700791977915,predictive_alpha,31004,sinusoidal,2,41006,scn2_env41006,c103856d3e1a3df08fa27a90a4714e901e438818b800f87372eab22a1475ce3d
step_recovery_10_13s,10.0,13.0,300,0.03799270746154861,0.03408997173519226,0.016772586185576872,0.897276714740422,0.4414685687391969,0.194894497184635,0.033803344819151586,0.06050502512048302,1.0,0.10111111111111111,0.30333333333333334,0.04294750746439369,0.07157366951510144,predictive_alpha,31004,sinusoidal,2,41006,scn2_env41006,c103856d3e1a3df08fa27a90a4714e901e438818b800f87372eab22a1475ce3d
post_step_13_20p9s,13.0,20.9,790,0.04348147104940384,0.041968928729609396,0.011368700273519007,0.9652140950319761,0.26146080155848084,0.06836175075160328,0.02327130919777557,0.2227710029157346,1.0,0.07721518987341772,0.1670886075949367,0.022205757058277955,0.031316913852657925,predictive_alpha,31004,sinusoidal,2,41006,scn2_env41006,c103856d3e1a3df08fa27a90a4714e901e438818b800f87372eab22a1475ce3d
startup_0_3s,0.0,3.0,300,0.2360486805188917,0.23377904285569845,0.03265484184900143,0.9903848746021201,0.13833943819223324,0.019137800159342723,0.22706909227864774,0.3573711482667583,0.757910153969892,0.0,0.0,0.058154628682580166,0.07927444278202479,real10kg_smc_steady,,sinusoidal,2,41007,scn2_env41007,875decf0113b810ad3cde6551654675e050b78edcf6f9d3bf108808704a4fe69
pre_step_3_10s,3.0,10.0,700,0.10392561232598313,0.10341998224173883,0.010239148912334434,0.9951346922772195,0.0985238256784798,0.009706944226323478,0.09764128917308992,0.18466831744882817,1.0,0.0761904761904762,0.24142857142857144,0.06784126333117267,0.11675077949649024,real10kg_smc_steady,,sinusoidal,2,41007,scn2_env41007,875decf0113b810ad3cde6551654675e050b78edcf6f9d3bf108808704a4fe69
step_recovery_10_13s,10.0,13.0,300,0.06425372179268164,0.05998358502586133,0.023032809026616665,0.9335425770261503,0.3584665352294044,0.12849825687937383,0.06075169464363846,0.10439418798034254,1.0,0.09666666666666666,0.2966666666666667,0.059210322999514474,0.10038805062282444,real10kg_smc_steady,,sinusoidal,2,41007,scn2_env41007,875decf0113b810ad3cde6551654675e050b78edcf6f9d3bf108808704a4fe69
post_step_13_20p9s,13.0,20.9,790,0.15944125911541257,0.15842155685902998,0.018003483848112758,0.9936045270713494,0.11291609178199491,0.012750043783319898,0.15743935114284607,0.27386609104510723,1.0,0.09535864978902954,0.16835443037974684,0.05273445979277503,0.09111251258606975,real10kg_smc_steady,,sinusoidal,2,41007,scn2_env41007,875decf0113b810ad3cde6551654675e050b78edcf6f9d3bf108808704a4fe69
startup_0_3s,0.0,3.0,300,0.14811897956280765,0.1469411692305643,0.01864201952262913,0.9920482146466321,0.1258584117825647,0.015840339816429624,0.12711149333423125,0.24237036199094586,1.0,0.02,0.05,0.04494123378819069,0.02744989573307604,real10kg_mpc_ltv_v3,,sinusoidal,2,41007,scn2_env41007,875decf0113b810ad3cde6551654675e050b78edcf6f9d3bf108808704a4fe69
pre_step_3_10s,3.0,10.0,700,0.018789299662669894,0.01760475833124405,0.006565840838163849,0.9369566001558185,0.34944574603856554,0.12211232942444965,0.015007163353780563,0.05584318669870835,1.0,0.13095238095238096,0.4185714285714286,0.020529252353483542,0.024811337480263054,real10kg_mpc_ltv_v3,,sinusoidal,2,41007,scn2_env41007,875decf0113b810ad3cde6551654675e050b78edcf6f9d3bf108808704a4fe69
step_recovery_10_13s,10.0,13.0,300,0.036722006046707535,0.034675920311245716,0.012086615682752625,0.9442817548458721,0.3291382193930089,0.10833196746520048,0.03218351050891002,0.0605698023539981,1.0,0.10222222222222223,0.30666666666666664,0.02468923185755551,0.033916401987589016,real10kg_mpc_ltv_v3,,sinusoidal,2,41007,scn2_env41007,875decf0113b810ad3cde6551654675e050b78edcf6f9d3bf108808704a4fe69
post_step_13_20p9s,13.0,20.9,790,0.043485063148434824,0.04165221347765538,0.012491750455207949,0.9578510518767542,0.28726531711746106,0.08252136241859546,0.024007861438683307,0.22189370774948933,1.0,0.07742616033755274,0.1670886075949367,0.018267728912154783,0.023332266881970844,real10kg_mpc_ltv_v3,,sinusoidal,2,41007,scn2_env41007,875decf0113b810ad3cde6551654675e050b78edcf6f9d3bf108808704a4fe69
startup_0_3s,0.0,3.0,300,0.11916341549662636,0.11677223225799425,0.023752165507731206,0.9799335792057773,0.19932430946814927,0.03973018034495454,0.09699077421721493,0.21874671404952414,0.7809341999851324,0.0,0.0,0.045366393339023696,0.05161283803981613,predictive_alpha,31000,sinusoidal,2,41007,scn2_env41007,875decf0113b810ad3cde6551654675e050b78edcf6f9d3bf108808704a4fe69
pre_step_3_10s,3.0,10.0,700,0.018757982574888976,0.017443360635720308,0.006898628850144183,0.9299166670018911,0.3677702984637203,0.13525499243209388,0.014920942492767644,0.05620709395496143,1.0,0.13166666666666665,0.42142857142857143,0.020450166352094026,0.024583430753761907,predictive_alpha,31000,sinusoidal,2,41007,scn2_env41007,875decf0113b810ad3cde6551654675e050b78edcf6f9d3bf108808704a4fe69
step_recovery_10_13s,10.0,13.0,300,0.039079851689023545,0.03484105424582095,0.01770129224310581,0.8915349659734467,0.45295187873186366,0.20516540444672493,0.03514068966697048,0.06137575274648042,1.0,0.09888888888888889,0.2966666666666667,0.03905460397268045,0.0626029487529953,predictive_alpha,31000,sinusoidal,2,41007,scn2_env41007,875decf0113b810ad3cde6551654675e050b78edcf6f9d3bf108808704a4fe69
post_step_13_20p9s,13.0,20.9,790,0.043676828154530056,0.041783420850623254,0.012720497618413009,0.9566496152786584,0.2912413322095522,0.08482151358719472,0.024223523898477817,0.22230023649284608,1.0,0.0770042194092827,0.1670886075949367,0.01793018255046908,0.022654231053457763,predictive_alpha,31000,sinusoidal,2,41007,scn2_env41007,875decf0113b810ad3cde6551654675e050b78edcf6f9d3bf108808704a4fe69
startup_0_3s,0.0,3.0,300,0.11285744376527855,0.1108123402389263,0.021387563302196044,0.9818788778292227,0.1895095492919191,0.03591386927282632,0.09201143965451841,0.2154935558878883,0.7809341999851324,0.0,0.0,0.04313039900443905,0.050968159357647556,predictive_alpha,31001,sinusoidal,2,41007,scn2_env41007,875decf0113b810ad3cde6551654675e050b78edcf6f9d3bf108808704a4fe69
pre_step_3_10s,3.0,10.0,700,0.018356055210981444,0.017146619828309097,0.006552723965805074,0.934112456692285,0.35697887647913207,0.12743391825230344,0.014496396814309183,0.05545112326431324,1.0,0.13142857142857142,0.42142857142857143,0.023390778674349025,0.030744740667647177,predictive_alpha,31001,sinusoidal,2,41007,scn2_env41007,875decf0113b810ad3cde6551654675e050b78edcf6f9d3bf108808704a4fe69
step_recovery_10_13s,10.0,13.0,300,0.03784408975273088,0.03427493160937946,0.01604382100327448,0.9056878321906562,0.42394522125127176,0.1797295506217898,0.0337557762131893,0.06041264026187718,1.0,0.09833333333333333,0.2966666666666667,0.03882992676875511,0.06233469544298953,predictive_alpha,31001,sinusoidal,2,41007,scn2_env41007,875decf0113b810ad3cde6551654675e050b78edcf6f9d3bf108808704a4fe69
post_step_13_20p9s,13.0,20.9,790,0.043698920532187116,0.04205182846483028,0.011884417463338064,0.9623081749549478,0.27196135095795815,0.07396297641487769,0.02368466975019718,0.22306636233614394,1.0,0.07679324894514768,0.1670886075949367,0.020773563633605545,0.02827575016846107,predictive_alpha,31001,sinusoidal,2,41007,scn2_env41007,875decf0113b810ad3cde6551654675e050b78edcf6f9d3bf108808704a4fe69
startup_0_3s,0.0,3.0,300,0.12079195324838025,0.11845284120839099,0.02365629681963326,0.9806351998035876,0.1958433172364524,0.03835460490617773,0.09875227119312693,0.2189762403433477,0.7809341999851324,0.0,0.0,0.045227539888752506,0.0513325384809243,predictive_alpha,31002,sinusoidal,2,41007,scn2_env41007,875decf0113b810ad3cde6551654675e050b78edcf6f9d3bf108808704a4fe69
pre_step_3_10s,3.0,10.0,700,0.018725544537761298,0.01743494133777557,0.0068314594915000835,0.9310779348828473,0.36482033821360943,0.13309387917429238,0.014887777310678483,0.05609951590039573,1.0,0.13142857142857142,0.42,0.020724582899208442,0.025227440009500328,predictive_alpha,31002,sinusoidal,2,41007,scn2_env41007,875decf0113b810ad3cde6551654675e050b78edcf6f9d3bf108808704a4fe69
step_recovery_10_13s,10.0,13.0,300,0.038912461478478294,0.03475147114032081,0.017507567275252926,0.8930679227152246,0.4499218659024182,0.20242968541711362,0.034954227881561925,0.06125070421668117,1.0,0.09888888888888889,0.2966666666666667,0.0390664656534555,0.06268043124989923,predictive_alpha,31002,sinusoidal,2,41007,scn2_env41007,875decf0113b810ad3cde6551654675e050b78edcf6f9d3bf108808704a4fe69
post_step_13_20p9s,13.0,20.9,790,0.04364787690180885,0.041777904991290124,0.012638979886612462,0.9571577807844938,0.28956688809962894,0.08384898268370303,0.024150123552848707,0.22226877222622296,1.0,0.07679324894514768,0.1670886075949367,0.018273217706015376,0.023326490019358125,predictive_alpha,31002,sinusoidal,2,41007,scn2_env41007,875decf0113b810ad3cde6551654675e050b78edcf6f9d3bf108808704a4fe69
startup_0_3s,0.0,3.0,300,0.11752119419742273,0.11589833233935208,0.01946298144029938,0.9861909005507176,0.1656125226876414,0.027427507670964534,0.09574649996291096,0.21684625872230706,0.7809341999851324,0.0,0.0,0.04321373454643078,0.04974818438297625,predictive_alpha,31003,sinusoidal,2,41007,scn2_env41007,875decf0113b810ad3cde6551654675e050b78edcf6f9d3bf108808704a4fe69
pre_step_3_10s,3.0,10.0,700,0.018426329119828885,0.017271796659224296,0.006419863315886281,0.9373433279577006,0.34840706871873667,0.12138748553318252,0.014642328444827523,0.0553857509354431,1.0,0.13095238095238096,0.4185714285714286,0.02496135548855555,0.03409863017659553,predictive_alpha,31003,sinusoidal,2,41007,scn2_env41007,875decf0113b810ad3cde6551654675e050b78edcf6f9d3bf108808704a4fe69
step_recovery_10_13s,10.0,13.0,300,0.03803341751765702,0.034258264991324235,0.01652005229582003,0.9007411699308858,0.43435624180105803,0.18866534479153915,0.03391010758867176,0.06042299903329194,1.0,0.09833333333333333,0.2966666666666667,0.040470498343950244,0.06555580609807049,predictive_alpha,31003,sinusoidal,2,41007,scn2_env41007,875decf0113b810ad3cde6551654675e050b78edcf6f9d3bf108808704a4fe69
post_step_13_20p9s,13.0,20.9,790,0.04366210498967991,0.042140528256272965,0.011426079398117754,0.9651510907738738,0.26169327843489115,0.06848337197800147,0.023396633815395092,0.2232740140251847,1.0,0.0770042194092827,0.1670886075949367,0.02210116673862188,0.03102621034023501,predictive_alpha,31003,sinusoidal,2,41007,scn2_env41007,875decf0113b810ad3cde6551654675e050b78edcf6f9d3bf108808704a4fe69
startup_0_3s,0.0,3.0,300,0.11757571123269718,0.11578278346200138,0.020454704242933715,0.9847508660428397,0.17397049125606626,0.030265731827877024,0.09464331586990421,0.218985529066252,0.7809341999851324,0.0,0.0,0.043458914589779164,0.049438025788050094,predictive_alpha,31004,sinusoidal,2,41007,scn2_env41007,875decf0113b810ad3cde6551654675e050b78edcf6f9d3bf108808704a4fe69
pre_step_3_10s,3.0,10.0,700,0.018455191837027093,0.01725636107170459,0.00654309623224584,0.9350410022334604,0.3545395946043904,0.12569832414224547,0.014599167290011462,0.055650778895200405,1.0,0.1319047619047619,0.42428571428571427,0.02227781259974445,0.02845601245199962,predictive_alpha,31004,sinusoidal,2,41007,scn2_env41007,875decf0113b810ad3cde6551654675e050b78edcf6f9d3bf108808704a4fe69
step_recovery_10_13s,10.0,13.0,300,0.038465048288193485,0.034450799501016,0.017108546213920474,0.8956390550428706,0.44478161279656564,0.19783068308191404,0.0344571350452631,0.060716678052908354,1.0,0.09888888888888889,0.2966666666666667,0.03973789421809333,0.06390570623921327,predictive_alpha,31004,sinusoidal,2,41007,scn2_env41007,875decf0113b810ad3cde6551654675e050b78edcf6f9d3bf108808704a4fe69
post_step_13_20p9s,13.0,20.9,790,0.04360982940885186,0.0418766168081815,0.012172353337374485,0.9602563774230551,0.2791194898575723,0.0779076896183514,0.023836020564456047,0.22255231694861888,1.0,0.0770042194092827,0.1670886075949367,0.01971057192163031,0.02615486897139483,predictive_alpha,31004,sinusoidal,2,41007,scn2_env41007,875decf0113b810ad3cde6551654675e050b78edcf6f9d3bf108808704a4fe69
startup_0_3s,0.0,3.0,300,0.2458511362118486,0.24334220544628296,0.03503358710146507,0.989794918973229,0.14249918727760857,0.020306018374778963,0.23626635902338805,0.37491409514305973,0.8220446991429318,0.0,0.0,0.05943286947855562,0.07779630320047365,real10kg_smc_steady,,sinusoidal,2,41008,scn2_env41008,5dd16e393076b1a05b18fbc5bbd48313dc474c031384416396f3cb20510aee8a
pre_step_3_10s,3.0,10.0,700,0.10346834096346906,0.10295624461081147,0.010281501707991964,0.9950506952378951,0.09936857605189583,0.009874113906581404,0.09742871719210723,0.18044180111843924,1.0,0.07547619047619047,0.2357142857142857,0.06449202217588727,0.11020007550918828,real10kg_smc_steady,,sinusoidal,2,41008,scn2_env41008,5dd16e393076b1a05b18fbc5bbd48313dc474c031384416396f3cb20510aee8a
step_recovery_10_13s,10.0,13.0,300,0.06380286927732913,0.059453147447611904,0.023154467961766397,0.9318256078608239,0.36290637433752215,0.13170103653480578,0.06024416106783311,0.10447489166712147,1.0,0.09722222222222222,0.29333333333333333,0.06358525097090514,0.11012809713393981,real10kg_smc_steady,,sinusoidal,2,41008,scn2_env41008,5dd16e393076b1a05b18fbc5bbd48313dc474c031384416396f3cb20510aee8a
post_step_13_20p9s,13.0,20.9,790,0.1588931850936374,0.15789393614516609,0.017791829523327113,0.9937111906474627,0.11197352178976212,0.012538069582002332,0.15699290743758842,0.2666543387933157,1.0,0.0949367088607595,0.16835443037974684,0.05362070086159187,0.09164462286269012,real10kg_smc_steady,,sinusoidal,2,41008,scn2_env41008,5dd16e393076b1a05b18fbc5bbd48313dc474c031384416396f3cb20510aee8a
startup_0_3s,0.0,3.0,300,0.136911433666277,0.13553040305645048,0.019397178039896677,0.9899129636375527,0.14167683092982208,0.02007232442231739,0.11974223908344984,0.21140001587570234,1.0,0.02388888888888889,0.05333333333333334,0.04254625564174168,0.026538536219190365,real10kg_mpc_ltv_v3,,sinusoidal,2,41008,scn2_env41008,5dd16e393076b1a05b18fbc5bbd48313dc474c031384416396f3cb20510aee8a
pre_step_3_10s,3.0,10.0,700,0.01895373205805365,0.017755353463717195,0.006632599965847221,0.9367734760275219,0.34993635794428973,0.12245545461131407,0.015540176661859818,0.05547537426175647,1.0,0.1330952380952381,0.4142857142857143,0.02320584197265603,0.032854079659345184,real10kg_mpc_ltv_v3,,sinusoidal,2,41008,scn2_env41008,5dd16e393076b1a05b18fbc5bbd48313dc474c031384416396f3cb20510aee8a
step_recovery_10_13s,10.0,13.0,300,0.03625333235748201,0.03465009115662006,0.010661861463176691,0.95577672184579,0.29409328108223637,0.08649085797771529,0.031450745758333246,0.06028278702385262,1.0,0.10222222222222223,0.30666666666666664,0.02333915288036297,0.033451294773580595,real10kg_mpc_ltv_v3,,sinusoidal,2,41008,scn2_env41008,5dd16e393076b1a05b18fbc5bbd48313dc474c031384416396f3cb20510aee8a
post_step_13_20p9s,13.0,20.9,790,0.04322204419117344,0.04216359149582936,0.009506663780558176,0.9755112763602182,0.21994942530967965,0.04837774969405835,0.02207067943847313,0.22313114171496531,1.0,0.07763713080168777,0.16835443037974684,0.021146548113248412,0.029691743645875388,real10kg_mpc_ltv_v3,,sinusoidal,2,41008,scn2_env41008,5dd16e393076b1a05b18fbc5bbd48313dc474c031384416396f3cb20510aee8a
startup_0_3s,0.0,3.0,300,0.12285003443730066,0.120322818293656,0.024790126242474047,0.9794284457857886,0.201791772839317,0.04071991958563451,0.0983513110472143,0.23358524789604254,0.8438092546369196,0.0,0.0,0.04632790468552856,0.054713684341600496,predictive_alpha,31000,sinusoidal,2,41008,scn2_env41008,5dd16e393076b1a05b18fbc5bbd48313dc474c031384416396f3cb20510aee8a
pre_step_3_10s,3.0,10.0,700,0.01838269292247396,0.017130729402589803,0.006667946401795643,0.9318944441293715,0.3627295755805001,0.13157274500080976,0.014512070471443964,0.055660428585732,1.0,0.13333333333333333,0.42,0.02265115954179087,0.029306875625548772,predictive_alpha,31000,sinusoidal,2,41008,scn2_env41008,5dd16e393076b1a05b18fbc5bbd48313dc474c031384416396f3cb20510aee8a
step_recovery_10_13s,10.0,13.0,300,0.03844695716447237,0.03448361159586363,0.017001442483283377,0.89691393387378,0.44220515060666177,0.1955453952230604,0.03433936605610049,0.06098647840869731,1.0,0.09888888888888889,0.2966666666666667,0.04263217962097013,0.07037242407565336,predictive_alpha,31000,sinusoidal,2,41008,scn2_env41008,5dd16e393076b1a05b18fbc5bbd48313dc474c031384416396f3cb20510aee8a
post_step_13_20p9s,13.0,20.9,790,0.043578220151846904,0.04192696446830752,0.011882378637129586,0.9621082348525104,0.2726678280050406,0.07434774442898641,0.0236541415812228,0.22264902715880433,1.0,0.0770042194092827,0.16582278481012658,0.020605543540735478,0.027596127088616824,predictive_alpha,31000,sinusoidal,2,41008,scn2_env41008,5dd16e393076b1a05b18fbc5bbd48313dc474c031384416396f3cb20510aee8a
startup_0_3s,0.0,3.0,300,0.12096207855654145,0.1186132072891123,0.023721962509644492,0.9805817550801161,0.19611073811497134,0.03845942160399887,0.09708270691735683,0.23224294210983532,0.8438092546369196,0.0,0.0,0.04439456497986594,0.0532213839366752,predictive_alpha,31001,sinusoidal,2,41008,scn2_env41008,5dd16e393076b1a05b18fbc5bbd48313dc474c031384416396f3cb20510aee8a
pre_step_3_10s,3.0,10.0,700,0.018381568177575032,0.017154917182245807,0.006602337853906487,0.9332673369606352,0.3591825131634385,0.1290120777624037,0.014547418077602146,0.05550478055964528,1.0,0.13357142857142856,0.42142857142857143,0.02299604633372286,0.030101207149275014,predictive_alpha,31001,sinusoidal,2,41008,scn2_env41008,5dd16e393076b1a05b18fbc5bbd48313dc474c031384416396f3cb20510aee8a
step_recovery_10_13s,10.0,13.0,300,0.037854763103797685,0.034295547526371706,0.016024933993967715,0.9059770743336415,0.42332675415316634,0.17920554078185535,0.03369831593253577,0.060618760181832196,1.0,0.09777777777777778,0.29333333333333333,0.0411654874989112,0.06763718697532103,predictive_alpha,31001,sinusoidal,2,41008,scn2_env41008,5dd16e393076b1a05b18fbc5bbd48313dc474c031384416396f3cb20510aee8a
post_step_13_20p9s,13.0,20.9,790,0.04355383312815696,0.04194297392456606,0.011735557869931648,0.9630145250625598,0.2694494841682435,0.07260302451853251,0.023549350322783436,0.22271200290972956,1.0,0.07721518987341772,0.1670886075949367,0.02118417444334945,0.028725220419967796,predictive_alpha,31001,sinusoidal,2,41008,scn2_env41008,5dd16e393076b1a05b18fbc5bbd48313dc474c031384416396f3cb20510aee8a
startup_0_3s,0.0,3.0,300,0.11926759798185015,0.11705519762424982,0.022865708768985152,0.9814501139032161,0.19171769328719776,0.03675567391936403,0.09578670114195569,0.2308453637258475,0.8438092546369196,0.0,0.0,0.045334341690134485,0.05424721841936713,predictive_alpha,31002,sinusoidal,2,41008,scn2_env41008,5dd16e393076b1a05b18fbc5bbd48313dc474c031384416396f3cb20510aee8a
pre_step_3_10s,3.0,10.0,700,0.018387580298755386,0.017178541439273175,0.0065575012971673475,0.9342469841143781,0.3566266572666557,0.12718257267318872,0.014604477701889938,0.055452878357297467,1.0,0.1330952380952381,0.4185714285714286,0.024665944344298064,0.03366534533642174,predictive_alpha,31002,sinusoidal,2,41008,scn2_env41008,5dd16e393076b1a05b18fbc5bbd48313dc474c031384416396f3cb20510aee8a
step_recovery_10_13s,10.0,13.0,300,0.03810247809405835,0.03434792339200243,0.0164929983800802,0.9014616662783045,0.4328589426484599,0.1873668642307427,0.03388223076953649,0.0607496730196549,1.0,0.09833333333333333,0.2966666666666667,0.043226590712332855,0.07163213068708595,predictive_alpha,31002,sinusoidal,2,41008,scn2_env41008,5dd16e393076b1a05b18fbc5bbd48313dc474c031384416396f3cb20510aee8a
post_step_13_20p9s,13.0,20.9,790,0.043521951818429716,0.04203747346169319,0.011269920809089947,0.9658912733755679,0.258947963917317,0.0670540480169241,0.023253130509696667,0.22293533479809552,1.0,0.0770042194092827,0.16582278481012658,0.0227688424734844,0.03187918485768685,predictive_alpha,31002,sinusoidal,2,41008,scn2_env41008,5dd16e393076b1a05b18fbc5bbd48313dc474c031384416396f3cb20510aee8a
startup_0_3s,0.0,3.0,300,0.12017539321227355,0.11846325428351287,0.020213424209775465,0.9857529991540247,0.1681993598645539,0.028291024658845698,0.09712189322030221,0.23122071013100776,0.8438092546369196,0.0,0.0,0.04259270000201749,0.0493351975082571,predictive_alpha,31003,sinusoidal,2,41008,scn2_env41008,5dd16e393076b1a05b18fbc5bbd48313dc474c031384416396f3cb20510aee8a
pre_step_3_10s,3.0,10.0,700,0.018516805762986328,0.017362657546013304,0.006435077202647298,0.9376702314780405,0.34752631123401007,0.12077453699991805,0.014763736316204208,0.0554542897394731,1.0,0.1330952380952381,0.4185714285714286,0.023764844397756738,0.031735381821091035,predictive_alpha,31003,sinusoidal,2,41008,scn2_env41008,5dd16e393076b1a05b18fbc5bbd48313dc474c031384416396f3cb20510aee8a
step_recovery_10_13s,10.0,13.0,300,0.0380541676854716,0.03427704776612574,0.016528873968686603,0.9007435939588845,0.43435121496553003,0.18866097794203207,0.03387183304100993,0.060652646790107706,1.0,0.09833333333333333,0.2966666666666667,0.042583326421378256,0.07031484167747487,predictive_alpha,31003,sinusoidal,2,41008,scn2_env41008,5dd16e393076b1a05b18fbc5bbd48313dc474c031384416396f3cb20510aee8a
post_step_13_20p9s,13.0,20.9,790,0.0435629920867302,0.04201658005861031,0.011503967999212677,0.9645017030730783,0.2640766266997744,0.06973646476913199,0.02341509997664057,0.22288171192578993,1.0,0.0770042194092827,0.16582278481012658,0.021925391435730968,0.030177650855178803,predictive_alpha,31003,sinusoidal,2,41008,scn2_env41008,5dd16e393076b1a05b18fbc5bbd48313dc474c031384416396f3cb20510aee8a
startup_0_3s,0.0,3.0,300,0.12064234701043988,0.11856712768313844,0.022280308013080573,0.9827985829294099,0.18468065787175483,0.034106945391944164,0.09582896066087665,0.23198951455388056,0.8438092546369196,0.0,0.0,0.044636687450679224,0.052113480253044776,predictive_alpha,31004,sinusoidal,2,41008,scn2_env41008,5dd16e393076b1a05b18fbc5bbd48313dc474c031384416396f3cb20510aee8a
pre_step_3_10s,3.0,10.0,700,0.018370552394546307,0.01717329621421284,0.00652342643245665,0.9348274262733167,0.35510235578943555,0.12609768308720687,0.01453721298259487,0.055538612399359505,1.0,0.13333333333333333,0.42,0.023073382698477408,0.03020673300922553,predictive_alpha,31004,sinusoidal,2,41008,scn2_env41008,5dd16e393076b1a05b18fbc5bbd48313dc474c031384416396f3cb20510aee8a
step_recovery_10_13s,10.0,13.0,300,0.03824355559352754,0.034380254982846095,0.016750152588848783,0.8989816571517927,0.4379862784433054,0.19183198010461666,0.034093017874041835,0.06079311908682011,1.0,0.09833333333333333,0.2966666666666667,0.042603568372765195,0.07026995134051982,predictive_alpha,31004,sinusoidal,2,41008,scn2_env41008,5dd16e393076b1a05b18fbc5bbd48313dc474c031384416396f3cb20510aee8a
post_step_13_20p9s,13.0,20.9,790,0.04350648726347297,0.04189942090810594,0.011715500909995744,0.9630614545910194,0.26928170134829077,0.07251263468103006,0.02352119972313472,0.22256705858918838,1.0,0.0770042194092827,0.16582278481012658,0.02114152436038727,0.028651582950233366,predictive_alpha,31004,sinusoidal,2,41008,scn2_env41008,5dd16e393076b1a05b18fbc5bbd48313dc474c031384416396f3cb20510aee8a
startup_0_3s,0.0,3.0,300,0.23649866856240345,0.23381022024100823,0.035558418730882474,0.9886322898232899,0.15035356836057576,0.022606195518758324,0.2264969602712524,0.3600312961377511,0.7590518738667923,0.0,0.0,0.05658953666924169,0.07307449503207425,real10kg_smc_steady,,sinusoidal,2,41009,scn2_env41009,0b0b5fd2b70efa15b1813af4c23f2fb8c2f53c5b70c007fd0e9a8b4a115f4b1e
pre_step_3_10s,3.0,10.0,700,0.10365376645937378,0.10314103121217691,0.010297134635574572,0.9950533852776317,0.09934163501536093,0.009868760447525186,0.09742027173501011,0.18330003866129455,1.0,0.07809523809523809,0.24714285714285714,0.06544191848437972,0.11282555780458291,real10kg_smc_steady,,sinusoidal,2,41009,scn2_env41009,0b0b5fd2b70efa15b1813af4c23f2fb8c2f53c5b70c007fd0e9a8b4a115f4b1e
step_recovery_10_13s,10.0,13.0,300,0.06367371072599506,0.05944534065001115,0.022816505267499457,0.9335931575563466,0.3583347822413705,0.12840381616397042,0.06014820701173213,0.10497431175182452,1.0,0.09555555555555556,0.29333333333333333,0.06591668049503796,0.115897483714196,real10kg_smc_steady,,sinusoidal,2,41009,scn2_env41009,0b0b5fd2b70efa15b1813af4c23f2fb8c2f53c5b70c007fd0e9a8b4a115f4b1e
post_step_13_20p9s,13.0,20.9,790,0.15895520641663305,0.15794776531901283,0.017867878376697715,0.9936621069524477,0.11240826129258527,0.012635617206822124,0.15706509842257,0.2676567842323396,1.0,0.09578059071729958,0.16962025316455695,0.053767978255643015,0.09198657773039699,real10kg_smc_steady,,sinusoidal,2,41009,scn2_env41009,0b0b5fd2b70efa15b1813af4c23f2fb8c2f53c5b70c007fd0e9a8b4a115f4b1e
startup_0_3s,0.0,3.0,300,0.14212988501700982,0.14047992315275887,0.021593874268954046,0.9883911686549701,0.15193056876370323,0.02308289772486236,0.1252048199567383,0.22536507269537107,1.0,0.021666666666666667,0.05,0.04350788783142339,0.02179849624790272,real10kg_mpc_ltv_v3,,sinusoidal,2,41009,scn2_env41009,0b0b5fd2b70efa15b1813af4c23f2fb8c2f53c5b70c007fd0e9a8b4a115f4b1e
pre_step_3_10s,3.0,10.0,700,0.02098848042031531,0.018723143148942197,0.009484736210257928,0.8920675901252749,0.45190199672947257,0.2042154146480842,0.018259799125685247,0.055259211215666904,1.0,0.13785714285714284,0.42714285714285716,0.02085351380574124,0.025670737868673223,real10kg_mpc_ltv_v3,,sinusoidal,2,41009,scn2_env41009,0b0b5fd2b70efa15b1813af4c23f2fb8c2f53c5b70c007fd0e9a8b4a115f4b1e
step_recovery_10_13s,10.0,13.0,300,0.03612518568989239,0.034539183293068876,0.010586494158927085,0.9560970451352651,0.29305023508541084,0.08587844028361456,0.03133890246500798,0.06005424354040168,1.0,0.10111111111111111,0.30333333333333334,0.023897225764436755,0.035170039448302604,real10kg_mpc_ltv_v3,,sinusoidal,2,41009,scn2_env41009,0b0b5fd2b70efa15b1813af4c23f2fb8c2f53c5b70c007fd0e9a8b4a115f4b1e
post_step_13_20p9s,13.0,20.9,790,0.04323656668844454,0.04216973502828481,0.009545373049208805,0.9753257082633979,0.22077083774924047,0.048739762800501456,0.022088528965052832,0.22319109862655567,1.0,0.07763713080168777,0.1670886075949367,0.020922987507526705,0.029505890640837966,real10kg_mpc_ltv_v3,,sinusoidal,2,41009,scn2_env41009,0b0b5fd2b70efa15b1813af4c23f2fb8c2f53c5b70c007fd0e9a8b4a115f4b1e
startup_0_3s,0.0,3.0,300,0.11333747895253682,0.11030427204444067,0.026045185813557716,0.9732373885838206,0.22980205713297058,0.052808985462545074,0.09193657949413173,0.21300264864546903,0.7818260543244128,0.0,0.0,0.0446094518945611,0.05038753038680446,predictive_alpha,31000,sinusoidal,2,41009,scn2_env41009,0b0b5fd2b70efa15b1813af4c23f2fb8c2f53c5b70c007fd0e9a8b4a115f4b1e
pre_step_3_10s,3.0,10.0,700,0.018284648363909178,0.01704570223602675,0.006616071422870163,0.932241183793947,0.3618374983863062,0.1309263752384601,0.014499264669642574,0.055290123801066446,1.0,0.13523809523809524,0.4257142857142857,0.025346884622569312,0.034028207729941216,predictive_alpha,31000,sinusoidal,2,41009,scn2_env41009,0b0b5fd2b70efa15b1813af4c23f2fb8c2f53c5b70c007fd0e9a8b4a115f4b1e
step_recovery_10_13s,10.0,13.0,300,0.03818968306842423,0.03432451168446831,0.016741558783144612,0.8987901686162016,0.4383790971281134,0.1921762327988599,0.03409352974805033,0.06051523449939594,1.0,0.09777777777777778,0.29333333333333333,0.043907828883701934,0.0738033298386647,predictive_alpha,31000,sinusoidal,2,41009,scn2_env41009,0b0b5fd2b70efa15b1813af4c23f2fb8c2f53c5b70c007fd0e9a8b4a115f4b1e
post_step_13_20p9s,13.0,20.9,790,0.043556800066787624,0.0420420195021349,0.011386985037323053,0.9652228684767926,0.2614284111748997,0.06834481416943242,0.023341368465500133,0.22296585394614865,1.0,0.07721518987341772,0.1670886075949367,0.02220488029868684,0.031072024547549402,predictive_alpha,31000,sinusoidal,2,41009,scn2_env41009,0b0b5fd2b70efa15b1813af4c23f2fb8c2f53c5b70c007fd0e9a8b4a115f4b1e
startup_0_3s,0.0,3.0,300,0.10966350308594149,0.10673916048279009,0.025156222461043,0.9733334927221899,0.22939466416031307,0.05262191194522282,0.08965432300977642,0.21000216241425135,0.7818260543244128,0.0,0.0,0.04216044842320421,0.04929252318208274,predictive_alpha,31001,sinusoidal,2,41009,scn2_env41009,0b0b5fd2b70efa15b1813af4c23f2fb8c2f53c5b70c007fd0e9a8b4a115f4b1e
pre_step_3_10s,3.0,10.0,700,0.018359588567107583,0.017130957586402488,0.00660339189555993,0.933079601636266,0.35966992786485114,0.12936245701030724,0.014558280063970948,0.05537161716743828,1.0,0.13476190476190475,0.42857142857142855,0.023886351821098648,0.03094172635206859,predictive_alpha,31001,sinusoidal,2,41009,scn2_env41009,0b0b5fd2b70efa15b1813af4c23f2fb8c2f53c5b70c007fd0e9a8b4a115f4b1e
step_recovery_10_13s,10.0,13.0,300,0.03784223538443602,0.034279638131298105,0.016029385155966348,0.9058565854541679,0.42358452118711276,0.1794238465893156,0.033728043820026116,0.06045186207235786,1.0,0.09722222222222222,0.29333333333333333,0.041556475077878734,0.06915445230146441,predictive_alpha,31001,sinusoidal,2,41009,scn2_env41009,0b0b5fd2b70efa15b1813af4c23f2fb8c2f53c5b70c007fd0e9a8b4a115f4b1e
post_step_13_20p9s,13.0,20.9,790,0.0435582340784917,0.04193881597826721,0.011766710261484098,0.9628217687313423,0.2701374495641984,0.07297424165704981,0.023576433754902926,0.2227224990555726,1.0,0.07721518987341772,0.1670886075949367,0.020941200088978613,0.02858656341227875,predictive_alpha,31001,sinusoidal,2,41009,scn2_env41009,0b0b5fd2b70efa15b1813af4c23f2fb8c2f53c5b70c007fd0e9a8b4a115f4b1e
startup_0_3s,0.0,3.0,300,0.11313767754843138,0.11044380199024757,0.024541814989764325,0.9761894037728446,0.21691991139961836,0.04705424796161828,0.09213213302089852,0.2119804847875679,0.7818260543244128,0.0,0.0,0.04414557133746113,0.051507593736078196,predictive_alpha,31002,sinusoidal,2,41009,scn2_env41009,0b0b5fd2b70efa15b1813af4c23f2fb8c2f53c5b70c007fd0e9a8b4a115f4b1e
pre_step_3_10s,3.0,10.0,700,0.018382872289018717,0.017173545833202443,0.006557386454165045,0.9342144994099381,0.35671174509993187,0.12724326909223874,0.01467785334440506,0.0552379166532945,1.0,0.13523809523809524,0.42142857142857143,0.026376006363750287,0.036067420990708074,predictive_alpha,31002,sinusoidal,2,41009,scn2_env41009,0b0b5fd2b70efa15b1813af4c23f2fb8c2f53c5b70c007fd0e9a8b4a115f4b1e
step_recovery_10_13s,10.0,13.0,300,0.03802707526401655,0.03428817707678529,0.016443216409394952,0.9016779975511494,0.4324081275047331,0.18697678873214954,0.033850845558079774,0.06050601444563315,1.0,0.09722222222222222,0.29333333333333333,0.04395868936286067,0.07397207653855145,predictive_alpha,31002,sinusoidal,2,41009,scn2_env41009,0b0b5fd2b70efa15b1813af4c23f2fb8c2f53c5b70c007fd0e9a8b4a115f4b1e
post_step_13_20p9s,13.0,20.9,790,0.0435133171483841,0.04206836493505541,0.011120316584830564,0.9667928738137505,0.2555612238641642,0.06531153914294946,0.023161625295712054,0.2230249252688322,1.0,0.07742616033755274,0.1670886075949367,0.023091216790460386,0.032827769174464325,predictive_alpha,31002,sinusoidal,2,41009,scn2_env41009,0b0b5fd2b70efa15b1813af4c23f2fb8c2f53c5b70c007fd0e9a8b4a115f4b1e
startup_0_3s,0.0,3.0,300,0.11127249001097686,0.10905311200775351,0.022113023191488508,0.9800545669194209,0.19872857333656407,0.03949304586038612,0.09058990160745538,0.2107510697852692,0.7818260543244128,0.0,0.0,0.04200366966706007,0.04772678614793032,predictive_alpha,31003,sinusoidal,2,41009,scn2_env41009,0b0b5fd2b70efa15b1813af4c23f2fb8c2f53c5b70c007fd0e9a8b4a115f4b1e
pre_step_3_10s,3.0,10.0,700,0.018470093387404025,0.01730321072908318,0.006460901500902699,0.9368231316514826,0.349803401931298,0.12236242000270921,0.014830580189391018,0.05519607339670606,1.0,0.13357142857142856,0.41714285714285715,0.026866352882382923,0.03717803761021123,predictive_alpha,31003,sinusoidal,2,41009,scn2_env41009,0b0b5fd2b70efa15b1813af4c23f2fb8c2f53c5b70c007fd0e9a8b4a115f4b1e
step_recovery_10_13s,10.0,13.0,300,0.03786148830117527,0.03420876952745485,0.016225054200140854,0.9035241630053134,0.42853714759113704,0.18364408686554795,0.03366976474797661,0.06034886421225996,1.0,0.09722222222222222,0.29333333333333333,0.04373442670899901,0.07353514178219014,predictive_alpha,31003,sinusoidal,2,41009,scn2_env41009,0b0b5fd2b70efa15b1813af4c23f2fb8c2f53c5b70c007fd0e9a8b4a115f4b1e
post_step_13_20p9s,13.0,20.9,790,0.04351277782695632,0.042117428954173884,0.010930874279222904,0.96793243404658,0.25121067477450704,0.06310680312066314,0.023048229410663194,0.22313835992376907,1.0,0.07721518987341772,0.1670886075949367,0.023672818455078428,0.0339862201995238,predictive_alpha,31003,sinusoidal,2,41009,scn2_env41009,0b0b5fd2b70efa15b1813af4c23f2fb8c2f53c5b70c007fd0e9a8b4a115f4b1e
startup_0_3s,0.0,3.0,300,0.11195796674377123,0.10950752537178902,0.023295669218684596,0.9781128449966376,0.20807513655548454,0.04329526245258354,0.08958219791000789,0.21279427825599442,0.7818260543244128,0.0,0.0,0.043463738979751206,0.04884273554433681,predictive_alpha,31004,sinusoidal,2,41009,scn2_env41009,0b0b5fd2b70efa15b1813af4c23f2fb8c2f53c5b70c007fd0e9a8b4a115f4b1e
pre_step_3_10s,3.0,10.0,700,0.01834517823791722,0.01715087163481386,0.006511003513060724,0.9348980648966998,0.3549163397934877,0.12596560825240638,0.014652656170696948,0.05520387139693838,1.0,0.13452380952380952,0.41714285714285715,0.026803915510769744,0.03703010293653643,predictive_alpha,31004,sinusoidal,2,41009,scn2_env41009,0b0b5fd2b70efa15b1813af4c23f2fb8c2f53c5b70c007fd0e9a8b4a115f4b1e
step_recovery_10_13s,10.0,13.0,300,0.03793632650448637,0.034244907539364884,0.01632333226627898,0.9026943485241004,0.4302823644336933,0.18514291314264963,0.033751895657034195,0.0603628093192766,1.0,0.09722222222222222,0.29333333333333333,0.04409382753144487,0.07418156113965033,predictive_alpha,31004,sinusoidal,2,41009,scn2_env41009,0b0b5fd2b70efa15b1813af4c23f2fb8c2f53c5b70c007fd0e9a8b4a115f4b1e
post_step_13_20p9s,13.0,20.9,790,0.04347444924158564,0.042072584929922774,0.010951042606694607,0.9677542939331384,0.25189606303785783,0.06345162657397245,0.02304582742852842,0.2230240460626884,1.0,0.07742616033755274,0.1670886075949367,0.02357233548689939,0.033802036780272764,predictive_alpha,31004,sinusoidal,2,41009,scn2_env41009,0b0b5fd2b70efa15b1813af4c23f2fb8c2f53c5b70c007fd0e9a8b4a115f4b1e
startup_0_3s,0.0,3.0,300,0.25150715573029275,0.24792103352060282,0.04232033224843411,0.9857414704592519,0.16826691123578572,0.028313753416831795,0.24260455212674895,0.3786566751383819,0.8340009768851774,0.0,0.0,0.059716973940051196,0.07486454282974603,real10kg_smc_steady,,sinusoidal,2,41010,scn2_env41010,eb46f033569d87f8a33460c1cefcd21a2e57acac27529cfe2877e45fb55b42b5
pre_step_3_10s,3.0,10.0,700,0.10388339952980225,0.10337635853476929,0.010251302061657855,0.9951191335927787,0.09868084899086253,0.009737909957557415,0.09778566041313037,0.18374802015296018,1.0,0.07595238095238095,0.24142857142857144,0.06532856220493795,0.11240770746379787,real10kg_smc_steady,,sinusoidal,2,41010,scn2_env41010,eb46f033569d87f8a33460c1cefcd21a2e57acac27529cfe2877e45fb55b42b5
step_recovery_10_13s,10.0,13.0,300,0.06398797564870913,0.05972906973909546,0.02295428621678453,0.9334420902296573,0.3587281201518617,0.12868586418768854,0.06046722722618091,0.10433497941401859,1.0,0.09944444444444445,0.30333333333333334,0.06598915057011176,0.1152586507226438,real10kg_smc_steady,,sinusoidal,2,41010,scn2_env41010,eb46f033569d87f8a33460c1cefcd21a2e57acac27529cfe2877e45fb55b42b5
post_step_13_20p9s,13.0,20.9,790,0.1589722366994579,0.15798265266686753,0.017710265316148124,0.9937751141134084,0.11140476905807112,0.01241102256888216,0.15704995064440128,0.26753356462329003,1.0,0.09535864978902954,0.1670886075949367,0.0539622585185837,0.09171771957242504,real10kg_smc_steady,,sinusoidal,2,41010,scn2_env41010,eb46f033569d87f8a33460c1cefcd21a2e57acac27529cfe2877e45fb55b42b5
startup_0_3s,0.0,3.0,300,0.1536197320725649,0.15055170919742994,0.03054840322797775,0.9800284583644129,0.19885728751009465,0.03954422079587245,0.1321441530914282,0.2471830576837398,1.0,0.02388888888888889,0.056666666666666664,0.041114075462752024,0.025734543626387694,real10kg_mpc_ltv_v3,,sinusoidal,2,41010,scn2_env41010,eb46f033569d87f8a33460c1cefcd21a2e57acac27529cfe2877e45fb55b42b5
pre_step_3_10s,3.0,10.0,700,0.019458397806178744,0.01820387263069394,0.0068737374425398194,0.9355278277286301,0.3532530021745757,0.1247876835453508,0.015761442868667028,0.05678730729369843,1.0,0.135,0.4228571428571429,0.01931174450791614,0.021845661897593238,real10kg_mpc_ltv_v3,,sinusoidal,2,41010,scn2_env41010,eb46f033569d87f8a33460c1cefcd21a2e57acac27529cfe2877e45fb55b42b5
step_recovery_10_13s,10.0,13.0,300,0.03732550575598314,0.035209333836998556,0.012389357961360165,0.9433049365005491,0.33192739684107825,0.11017579677369464,0.03271764147991393,0.06151929638212534,1.0,0.10222222222222223,0.30666666666666664,0.02465515838023849,0.03543186808509398,real10kg_mpc_ltv_v3,,sinusoidal,2,41010,scn2_env41010,eb46f033569d87f8a33460c1cefcd21a2e57acac27529cfe2877e45fb55b42b5
post_step_13_20p9s,13.0,20.9,790,0.043426444570379086,0.0415178045858736,0.012732949006158,0.9560489005400327,0.29320726419410964,0.08597049977619442,0.024172104896037445,0.22148197011097,1.0,0.07763713080168777,0.16835443037974684,0.01725561484153872,0.021540404759676474,real10kg_mpc_ltv_v3,,sinusoidal,2,41010,scn2_env41010,eb46f033569d87f8a33460c1cefcd21a2e57acac27529cfe2877e45fb55b42b5
startup_0_3s,0.0,3.0,300,0.13433899773199942,0.1299637477349022,0.03400574343161531,0.9674312740830057,0.2531338182190053,0.06407672992613242,0.10736759376319358,0.25404203479344944,0.8583120420114562,0.0,0.0,0.04613472396912311,0.05030516738419945,predictive_alpha,31000,sinusoidal,2,41010,scn2_env41010,eb46f033569d87f8a33460c1cefcd21a2e57acac27529cfe2877e45fb55b42b5
pre_step_3_10s,3.0,10.0,700,0.01918395972489725,0.01784407985423958,0.007043658487036468,0.9301562404283641,0.3671639530130526,0.13480936839217111,0.015410558422571973,0.05682762189959545,1.0,0.13547619047619047,0.4228571428571429,0.01997918767864345,0.02330611227460898,predictive_alpha,31000,sinusoidal,2,41010,scn2_env41010,eb46f033569d87f8a33460c1cefcd21a2e57acac27529cfe2877e45fb55b42b5
step_recovery_10_13s,10.0,13.0,300,0.039469600955920836,0.03521322576135028,0.01782913713839801,0.8921606732400457,0.4517182010101742,0.2040493331238681,0.03540840544581352,0.062074102594229214,1.0,0.10111111111111111,0.30333333333333334,0.04327589268590096,0.07209911703302817,predictive_alpha,31000,sinusoidal,2,41010,scn2_env41010,eb46f033569d87f8a33460c1cefcd21a2e57acac27529cfe2877e45fb55b42b5
post_step_13_20p9s,13.0,20.9,790,0.043573686985379625,0.04167047257345982,0.012737264737940185,0.9563219331759005,0.2923155146869703,0.08544836012670835,0.02422361815050774,0.22194663863023273,1.0,0.07658227848101266,0.1670886075949367,0.017632907620014893,0.02222045941823024,predictive_alpha,31000,sinusoidal,2,41010,scn2_env41010,eb46f033569d87f8a33460c1cefcd21a2e57acac27529cfe2877e45fb55b42b5
startup_0_3s,0.0,3.0,300,0.128273265995487,0.12413558535705319,0.03231698032320971,0.9677432346769795,0.25193854754073786,0.06347303173693662,0.10168143307464661,0.2511361973111552,0.8583120420114562,0.0,0.0,0.04214771489420588,0.046657495129829765,predictive_alpha,31001,sinusoidal,2,41010,scn2_env41010,eb46f033569d87f8a33460c1cefcd21a2e57acac27529cfe2877e45fb55b42b5
pre_step_3_10s,3.0,10.0,700,0.019232916377969398,0.017942888050905183,0.006925159983325115,0.9329260159139519,0.36006811693195073,0.12964904883092093,0.01549568837698111,0.05672027570542955,1.0,0.13523809523809524,0.4228571428571429,0.019891116795723234,0.023028911859431532,predictive_alpha,31001,sinusoidal,2,41010,scn2_env41010,eb46f033569d87f8a33460c1cefcd21a2e57acac27529cfe2877e45fb55b42b5
step_recovery_10_13s,10.0,13.0,300,0.03896335001922763,0.03497563231444555,0.017171132429911466,0.8976546497461276,0.44069959131947994,0.19421612978915662,0.034894165663763535,0.0617695250094753,1.0,0.10055555555555555,0.30333333333333334,0.0418389552264488,0.06931867560938362,predictive_alpha,31001,sinusoidal,2,41010,scn2_env41010,eb46f033569d87f8a33460c1cefcd21a2e57acac27529cfe2877e45fb55b42b5
post_step_13_20p9s,13.0,20.9,790,0.04359874007593148,0.041693892709481185,0.012746350337994998,0.9563095776819969,0.2923559331254981,0.08547199163368072,0.024233819136467893,0.22203274514976362,1.0,0.07658227848101266,0.1670886075949367,0.017744437329862337,0.022432977257039396,predictive_alpha,31001,sinusoidal,2,41010,scn2_env41010,eb46f033569d87f8a33460c1cefcd21a2e57acac27529cfe2877e45fb55b42b5
startup_0_3s,0.0,3.0,300,0.13127131171152168,0.1269553075706936,0.033384235173118476,0.9671214975720451,0.2543147831605643,0.06467600893400482,0.10440998970096312,0.2519365772411912,0.8583120420114562,0.0,0.0,0.045448593548829914,0.04958244364896497,predictive_alpha,31002,sinusoidal,2,41010,scn2_env41010,eb46f033569d87f8a33460c1cefcd21a2e57acac27529cfe2877e45fb55b42b5
pre_step_3_10s,3.0,10.0,700,0.01919887778466591,0.017873378206971154,0.007009940061163641,0.9309595283348576,0.36512238578665573,0.13331435660253946,0.015431000944857883,0.05682148464221878,1.0,0.13547619047619047,0.4228571428571429,0.0199740135377353,0.023279805485870435,predictive_alpha,31002,sinusoidal,2,41010,scn2_env41010,eb46f033569d87f8a33460c1cefcd21a2e57acac27529cfe2877e45fb55b42b5
step_recovery_10_13s,10.0,13.0,300,0.03938547166996537,0.03516804801658333,0.017731998685115394,0.8929193056586353,0.4502167406728681,0.20269511358210057,0.03531179307208825,0.06208911421156388,1.0,0.10111111111111111,0.30333333333333334,0.04302258022817067,0.07158760146490196,predictive_alpha,31002,sinusoidal,2,41010,scn2_env41010,eb46f033569d87f8a33460c1cefcd21a2e57acac27529cfe2877e45fb55b42b5
post_step_13_20p9s,13.0,20.9,790,0.04352342596724217,0.04161772418313132,0.012737882152964697,0.9562143433849812,0.2926672675664788,0.0856541295048289,0.024199050283235136,0.22178685397290895,1.0,0.07679324894514768,0.16835443037974684,0.017627258130241526,0.02221509746181268,predictive_alpha,31002,sinusoidal,2,41010,scn2_env41010,eb46f033569d87f8a33460c1cefcd21a2e57acac27529cfe2877e45fb55b42b5
startup_0_3s,0.0,3.0,300,0.13137588066426054,0.127447020836098,0.03188853869830397,0.9700945119583785,0.2427274971407969,0.058916637868235554,0.10556145465245645,0.25167279355368666,0.8583120420114562,0.0,0.0,0.04286626462580264,0.04503550373550979,predictive_alpha,31003,sinusoidal,2,41010,scn2_env41010,eb46f033569d87f8a33460c1cefcd21a2e57acac27529cfe2877e45fb55b42b5
pre_step_3_10s,3.0,10.0,700,0.01938937520711853,0.018126255834544296,0.00688380130037696,0.9348550760877277,0.3550295575202274,0.12604598671300846,0.01568265017877136,0.05681669861395966,1.0,0.135,0.4228571428571429,0.019875827036910276,0.023035825562629234,predictive_alpha,31003,sinusoidal,2,41010,scn2_env41010,eb46f033569d87f8a33460c1cefcd21a2e57acac27529cfe2877e45fb55b42b5
step_recovery_10_13s,10.0,13.0,300,0.039287764949013544,0.03509849264288443,0.017652883302348224,0.8933695436336013,0.44932266636337276,0.2018908585078908,0.03520030615326155,0.06198775022644351,1.0,0.10111111111111111,0.30333333333333334,0.04279609296514438,0.07115550896005665,predictive_alpha,31003,sinusoidal,2,41010,scn2_env41010,eb46f033569d87f8a33460c1cefcd21a2e57acac27529cfe2877e45fb55b42b5
post_step_13_20p9s,13.0,20.9,790,0.04357274403752386,0.04166995459891102,0.012735733456863208,0.956330741140053,0.2922866975257625,0.08543151355051656,0.024222038675623662,0.22194076901693668,1.0,0.07658227848101266,0.1670886075949367,0.017610850148771458,0.02219225132886459,predictive_alpha,31003,sinusoidal,2,41010,scn2_env41010,eb46f033569d87f8a33460c1cefcd21a2e57acac27529cfe2877e45fb55b42b5
startup_0_3s,0.0,3.0,300,0.12905144938840346,0.12496686842237792,0.03221115312980495,0.9683492050233992,0.24959931316121614,0.06229981713055085,0.10281589737593677,0.2510786712982938,0.8583120420114562,0.0,0.0,0.043362945839619194,0.046836328657592,predictive_alpha,31004,sinusoidal,2,41010,scn2_env41010,eb46f033569d87f8a33460c1cefcd21a2e57acac27529cfe2877e45fb55b42b5
pre_step_3_10s,3.0,10.0,700,0.019278926275335007,0.01799336867261957,0.006922115438288737,0.9333179875084564,0.3590508796718998,0.1289175341931651,0.015550542413521763,0.056784321319739685,1.0,0.13523809523809524,0.4228571428571429,0.019885117537916237,0.023128578575724777,predictive_alpha,31004,sinusoidal,2,41010,scn2_env41010,eb46f033569d87f8a33460c1cefcd21a2e57acac27529cfe2877e45fb55b42b5
step_recovery_10_13s,10.0,13.0,300,0.03940158715010908,0.03517048006386842,0.017762950262405017,0.8926158210297134,0.45081814077014515,0.20323699604745044,0.035321359661560074,0.06199777399237413,1.0,0.10166666666666667,0.30666666666666664,0.043185221848017534,0.07188184304595521,predictive_alpha,31004,sinusoidal,2,41010,scn2_env41010,eb46f033569d87f8a33460c1cefcd21a2e57acac27529cfe2877e45fb55b42b5
post_step_13_20p9s,13.0,20.9,790,0.043515919912992446,0.04160982337115088,0.01273804870832258,0.9561977192334967,0.29272157715593666,0.08568592173265899,0.024196357259585185,0.22176308885729532,1.0,0.07679324894514768,0.16835443037974684,0.01762363220473297,0.022208129975050814,predictive_alpha,31004,sinusoidal,2,41010,scn2_env41010,eb46f033569d87f8a33460c1cefcd21a2e57acac27529cfe2877e45fb55b42b5
startup_0_3s,0.0,3.0,300,0.25625450634978536,0.2532892584716842,0.03887060029683755,0.9884285044569963,0.15168747996095527,0.023009091576905207,0.24684045067173666,0.38611670639279866,0.8508817721697937,0.0,0.0,0.058237445554291084,0.07111131852363348,real10kg_smc_steady,,sinusoidal,2,41011,scn2_env41011,6c00ada3d6e1b6d9eb3ea0656b9e6501f363be2a7ef5f0d6b1a2b1971b2fafa1
pre_step_3_10s,3.0,10.0,700,0.10364055181015748,0.10310816755049196,0.010491413817670858,0.9948631664887243,0.1012288494651051,0.01024727996402891,0.09744681717842983,0.1826241353364247,1.0,0.0769047619047619,0.24142857142857144,0.06828298834532111,0.11638048715574509,real10kg_smc_steady,,sinusoidal,2,41011,scn2_env41011,6c00ada3d6e1b6d9eb3ea0656b9e6501f363be2a7ef5f0d6b1a2b1971b2fafa1
step_recovery_10_13s,10.0,13.0,300,0.06345005840393678,0.05915641854432099,0.022944020059093895,0.9323304033499615,0.3616075483024351,0.13076001898929793,0.05992126029327818,0.10393886027928857,1.0,0.09666666666666666,0.29333333333333333,0.06638539670658271,0.11283381773992547,real10kg_smc_steady,,sinusoidal,2,41011,scn2_env41011,6c00ada3d6e1b6d9eb3ea0656b9e6501f363be2a7ef5f0d6b1a2b1971b2fafa1
post_step_13_20p9s,13.0,20.9,790,0.15923857832761548,0.15821373983589054,0.018037110493126726,0.9935641318674897,0.1132709842210309,0.012830315866401031,0.15726987395497094,0.27202902383570204,1.0,0.09451476793248945,0.16582278481012658,0.05177664292048785,0.0873101019858924,real10kg_smc_steady,,sinusoidal,2,41011,scn2_env41011,6c00ada3d6e1b6d9eb3ea0656b9e6501f363be2a7ef5f0d6b1a2b1971b2fafa1
startup_0_3s,0.0,3.0,300,0.14862910494809786,0.14692029608741314,0.02247303796240158,0.9885028651603504,0.15120213480562433,0.022862085569778194,0.1317367185814715,0.22714770830802514,1.0,0.025555555555555557,0.056666666666666664,0.044129533353977124,0.02101170004134065,real10kg_mpc_ltv_v3,,sinusoidal,2,41011,scn2_env41011,6c00ada3d6e1b6d9eb3ea0656b9e6501f363be2a7ef5f0d6b1a2b1971b2fafa1
pre_step_3_10s,3.0,10.0,700,0.02100476529465529,0.01878900844725318,0.009390065316737905,0.894511706447588,0.4470445246597079,0.1998488070282242,0.01812183421989196,0.055500439263820596,1.0,0.13476190476190475,0.41714285714285715,0.021869286110602383,0.027882342743573364,real10kg_mpc_ltv_v3,,sinusoidal,2,41011,scn2_env41011,6c00ada3d6e1b6d9eb3ea0656b9e6501f363be2a7ef5f0d6b1a2b1971b2fafa1
step_recovery_10_13s,10.0,13.0,300,0.03622350489778839,0.03464271147412197,0.010584179174637847,0.9563600091121239,0.2921909187005275,0.08537553297105827,0.031376988412382276,0.060276495066695884,1.0,0.10166666666666667,0.30666666666666664,0.024481442550649272,0.035125889985040425,real10kg_mpc_ltv_v3,,sinusoidal,2,41011,scn2_env41011,6c00ada3d6e1b6d9eb3ea0656b9e6501f363be2a7ef5f0d6b1a2b1971b2fafa1
post_step_13_20p9s,13.0,20.9,790,0.043250304271402674,0.04217497702915951,0.009584369158102124,0.9751371172906597,0.22160235215823346,0.04910760248206172,0.022136611793105276,0.22317379531523449,1.0,0.07848101265822785,0.16835443037974684,0.02016431183412417,0.028028601686158963,real10kg_mpc_ltv_v3,,sinusoidal,2,41011,scn2_env41011,6c00ada3d6e1b6d9eb3ea0656b9e6501f363be2a7ef5f0d6b1a2b1971b2fafa1
startup_0_3s,0.0,3.0,300,0.13435447445592602,0.13138366003513352,0.028097307381678684,0.9778882360797961,0.20912818494106644,0.04373459773674489,0.10710233046710395,0.25617180934149,0.868832916446739,0.0,0.0,0.0465971251074397,0.051742823755499684,predictive_alpha,31000,sinusoidal,2,41011,scn2_env41011,6c00ada3d6e1b6d9eb3ea0656b9e6501f363be2a7ef5f0d6b1a2b1971b2fafa1
pre_step_3_10s,3.0,10.0,700,0.018454828365290825,0.017197298622561412,0.006695790474528756,0.9318590388467373,0.36282052273766774,0.1316387317196345,0.014600251032225522,0.05568506624146139,1.0,0.13523809523809524,0.4228571428571429,0.02559248669950297,0.034717025174730756,predictive_alpha,31000,sinusoidal,2,41011,scn2_env41011,6c00ada3d6e1b6d9eb3ea0656b9e6501f363be2a7ef5f0d6b1a2b1971b2fafa1
step_recovery_10_13s,10.0,13.0,300,0.03824149499219497,0.03442580289012924,0.016651607568281282,0.900221157597408,0.43543296546538907,0.1896018674139827,0.033991133327830964,0.06085628904230241,1.0,0.09888888888888889,0.2966666666666667,0.04512464909533687,0.07341912631900606,predictive_alpha,31000,sinusoidal,2,41011,scn2_env41011,6c00ada3d6e1b6d9eb3ea0656b9e6501f363be2a7ef5f0d6b1a2b1971b2fafa1
post_step_13_20p9s,13.0,20.9,790,0.043570625434659685,0.042037387892285345,0.011456763066457959,0.9648102930109725,0.26294694997295814,0.06914109850008136,0.023411974657329478,0.22294209952385538,1.0,0.07721518987341772,0.1670886075949367,0.021658085920541966,0.029960117542827326,predictive_alpha,31000,sinusoidal,2,41011,scn2_env41011,6c00ada3d6e1b6d9eb3ea0656b9e6501f363be2a7ef5f0d6b1a2b1971b2fafa1
startup_0_3s,0.0,3.0,300,0.13156031973478777,0.12868913740872712,0.027335391742525503,0.9781759246872563,0.20777839243345467,0.043171860362230696,0.10485579843395533,0.25450825833423113,0.868832916446739,0.0,0.0,0.04478269479291756,0.050851941957245864,predictive_alpha,31001,sinusoidal,2,41011,scn2_env41011,6c00ada3d6e1b6d9eb3ea0656b9e6501f363be2a7ef5f0d6b1a2b1971b2fafa1
pre_step_3_10s,3.0,10.0,700,0.018447891162502027,0.017201672342973824,0.006665369978365031,0.9324465431549531,0.3613079630431335,0.13054344415837832,0.01459884726593214,0.0556127513796808,1.0,0.13523809523809524,0.4228571428571429,0.025341137317852622,0.034351257996667814,predictive_alpha,31001,sinusoidal,2,41011,scn2_env41011,6c00ada3d6e1b6d9eb3ea0656b9e6501f363be2a7ef5f0d6b1a2b1971b2fafa1
step_recovery_10_13s,10.0,13.0,300,0.037771489749582006,0.034328265637800094,0.01575612948040895,0.9088406590629639,0.4171434482692945,0.1740086564339976,0.03349985844150572,0.06062670572987448,1.0,0.09888888888888889,0.2966666666666667,0.043585849349938074,0.07067849359428423,predictive_alpha,31001,sinusoidal,2,41011,scn2_env41011,6c00ada3d6e1b6d9eb3ea0656b9e6501f363be2a7ef5f0d6b1a2b1971b2fafa1
post_step_13_20p9s,13.0,20.9,790,0.04359932030235526,0.042058679863968274,0.011487740375182472,0.9646636592565466,0.2634843913968516,0.06942402450976927,0.02343796614202733,0.2230248619579786,1.0,0.07679324894514768,0.16582278481012658,0.021693632158348856,0.030061189750795393,predictive_alpha,31001,sinusoidal,2,41011,scn2_env41011,6c00ada3d6e1b6d9eb3ea0656b9e6501f363be2a7ef5f0d6b1a2b1971b2fafa1
startup_0_3s,0.0,3.0,300,0.12922241155581607,0.1266195909388726,0.025805248279628757,0.9798578235338131,0.19969638369179088,0.03987864565957896,0.1033783662328603,0.2531685881141769,0.868832916446739,0.0,0.0,0.04393842736098958,0.04995545774405686,predictive_alpha,31002,sinusoidal,2,41011,scn2_env41011,6c00ada3d6e1b6d9eb3ea0656b9e6501f363be2a7ef5f0d6b1a2b1971b2fafa1
pre_step_3_10s,3.0,10.0,700,0.018520355201539666,0.017301468533083533,0.006607779005832265,0.9341866473298092,0.3567846800952789,0.12729530795069052,0.014697773384391941,0.05567555416749801,1.0,0.13476190476190475,0.42142857142857143,0.025565006312277917,0.03471436815758457,predictive_alpha,31002,sinusoidal,2,41011,scn2_env41011,6c00ada3d6e1b6d9eb3ea0656b9e6501f363be2a7ef5f0d6b1a2b1971b2fafa1
step_recovery_10_13s,10.0,13.0,300,0.03822088863032953,0.03443982021907782,0.01657513532281568,0.9010732469403836,0.4336669270861161,0.18806700364831472,0.03395809424893058,0.060887392427361894,1.0,0.09888888888888889,0.2966666666666667,0.04507605292243655,0.07335333754993266,predictive_alpha,31002,sinusoidal,2,41011,scn2_env41011,6c00ada3d6e1b6d9eb3ea0656b9e6501f363be2a7ef5f0d6b1a2b1971b2fafa1
post_step_13_20p9s,13.0,20.9,790,0.04352831859436397,0.0419914896692666,0.011464262514803515,0.96469358397647,0.2633748071373449,0.06936628903463363,0.023397137250073682,0.22280923440453484,1.0,0.07763713080168777,0.16835443037974684,0.021621933047653193,0.029920618680721975,predictive_alpha,31002,sinusoidal,2,41011,scn2_env41011,6c00ada3d6e1b6d9eb3ea0656b9e6501f363be2a7ef5f0d6b1a2b1971b2fafa1
startup_0_3s,0.0,3.0,300,0.12988662305970292,0.12780491487485587,0.023161143833675138,0.9839728823815046,0.17831816154792957,0.0317973667378335,0.10385951230333589,0.2534207333846395,0.868832916446739,0.0,0.0,0.04184985388001892,0.045109815626836317,predictive_alpha,31003,sinusoidal,2,41011,scn2_env41011,6c00ada3d6e1b6d9eb3ea0656b9e6501f363be2a7ef5f0d6b1a2b1971b2fafa1
pre_step_3_10s,3.0,10.0,700,0.018626321547172215,0.017464629432351532,0.006475073217292026,0.9376316943805232,0.3476302715430707,0.12084680569310909,0.014822591435425471,0.05571041237651996,1.0,0.13404761904761905,0.4185714285714286,0.02475658588456611,0.03303513957044073,predictive_alpha,31003,sinusoidal,2,41011,scn2_env41011,6c00ada3d6e1b6d9eb3ea0656b9e6501f363be2a7ef5f0d6b1a2b1971b2fafa1
step_recovery_10_13s,10.0,13.0,300,0.03818471205904793,0.03438199310342561,0.016611766470438778,0.900412527669663,0.4350371018838832,0.18925728001552822,0.03394486417699622,0.060831456356421815,1.0,0.09888888888888889,0.2966666666666667,0.04439792447835152,0.07209363064541613,predictive_alpha,31003,sinusoidal,2,41011,scn2_env41011,6c00ada3d6e1b6d9eb3ea0656b9e6501f363be2a7ef5f0d6b1a2b1971b2fafa1
post_step_13_20p9s,13.0,20.9,790,0.04357529818466676,0.04198988762506029,0.011647143388721125,0.9636167593647279,0.26728774957229123,0.07144274107141987,0.02353076185896512,0.22281074779222693,1.0,0.07679324894514768,0.16582278481012658,0.02101859749604597,0.028746214261086752,predictive_alpha,31003,sinusoidal,2,41011,scn2_env41011,6c00ada3d6e1b6d9eb3ea0656b9e6501f363be2a7ef5f0d6b1a2b1971b2fafa1
startup_0_3s,0.0,3.0,300,0.1333441785880776,0.13094849100502984,0.025162723756277965,0.9820338044868953,0.18870507901218406,0.03560960684499463,0.10529536141718969,0.2555098017784677,0.868832916446739,0.0,0.0,0.04447063727515777,0.047576862230032595,predictive_alpha,31004,sinusoidal,2,41011,scn2_env41011,6c00ada3d6e1b6d9eb3ea0656b9e6501f363be2a7ef5f0d6b1a2b1971b2fafa1
pre_step_3_10s,3.0,10.0,700,0.01853168221690184,0.017331867776054097,0.00655969550982464,0.935256042770178,0.3539719402182422,0.1252961344618668,0.014667825245528558,0.055790955907918875,1.0,0.135,0.42142857142857143,0.02412882735496217,0.03173010598157948,predictive_alpha,31004,sinusoidal,2,41011,scn2_env41011,6c00ada3d6e1b6d9eb3ea0656b9e6501f363be2a7ef5f0d6b1a2b1971b2fafa1
step_recovery_10_13s,10.0,13.0,300,0.038377536404602744,0.03448081767133715,0.016849584956390256,0.8984635519022465,0.4390481134263071,0.19276324590319943,0.034175059703956547,0.06095684860755689,1.0,0.09888888888888889,0.2966666666666667,0.04448775810288153,0.0720991850719166,predictive_alpha,31004,sinusoidal,2,41011,scn2_env41011,6c00ada3d6e1b6d9eb3ea0656b9e6501f363be2a7ef5f0d6b1a2b1971b2fafa1
post_step_13_20p9s,13.0,20.9,790,0.04352293509674441,0.04188973539681144,0.011810840267337013,0.9624749641470036,0.27137049100855526,0.07364194339022438,0.02360915339769406,0.2225361740355645,1.0,0.07763713080168777,0.16835443037974684,0.020456552088266414,0.027690910312251238,predictive_alpha,31004,sinusoidal,2,41011,scn2_env41011,6c00ada3d6e1b6d9eb3ea0656b9e6501f363be2a7ef5f0d6b1a2b1971b2fafa1
startup_0_3s,0.0,3.0,300,0.2509156059541394,0.24850523195118196,0.03469569143600132,0.9903936863799615,0.1382763391861037,0.01912034597871039,0.24151961243329903,0.3778644143993096,0.8293940971904878,0.0,0.0,0.060830198647870204,0.08137445739654824,real10kg_smc_steady,,sinusoidal,2,41012,scn2_env41012,58229971c681d013c00f06b7e9cf6f214643c9ba23b3821efd0aab14c242daf7
pre_step_3_10s,3.0,10.0,700,0.10395384515226096,0.10343456966282777,0.010377462146685019,0.9950047495725376,0.09982759301962495,0.009965548328091873,0.09772763879665493,0.1853659218727996,1.0,0.07404761904761904,0.2357142857142857,0.06678661780561382,0.11402981565844238,real10kg_smc_steady,,sinusoidal,2,41012,scn2_env41012,58229971c681d013c00f06b7e9cf6f214643c9ba23b3821efd0aab14c242daf7
step_recovery_10_13s,10.0,13.0,300,0.06401390541250869,0.05985238255807292,0.02270401700765083,0.9349903301850009,0.35467320516292594,0.12579308246054297,0.06034727584328389,0.10461272244439358,1.0,0.09777777777777778,0.29333333333333333,0.06500504288075212,0.10980134645741879,real10kg_smc_steady,,sinusoidal,2,41012,scn2_env41012,58229971c681d013c00f06b7e9cf6f214643c9ba23b3821efd0aab14c242daf7
post_step_13_20p9s,13.0,20.9,790,0.15927748391340263,0.15826650743373147,0.017917296294721864,0.9936527344930887,0.11249108068823649,0.012654243234407333,0.1572975299543838,0.27172977172795804,1.0,0.09535864978902954,0.16835443037974684,0.05268513317717877,0.0887291268814194,real10kg_smc_steady,,sinusoidal,2,41012,scn2_env41012,58229971c681d013c00f06b7e9cf6f214643c9ba23b3821efd0aab14c242daf7
startup_0_3s,0.0,3.0,300,0.15317263956739197,0.1518213901238954,0.020300813109088194,0.9911782584193043,0.13253550481616116,0.017565660036874677,0.13108048277154324,0.24959182949064826,1.0,0.023333333333333334,0.056666666666666664,0.04343471720821273,0.0271915654580146,real10kg_mpc_ltv_v3,,sinusoidal,2,41012,scn2_env41012,58229971c681d013c00f06b7e9cf6f214643c9ba23b3821efd0aab14c242daf7
pre_step_3_10s,3.0,10.0,700,0.0192637024675332,0.017993365135909233,0.0068796107334275,0.9340553907658729,0.3571281660429665,0.12754052698121263,0.015571350468478322,0.05645444999657423,1.0,0.13166666666666665,0.41714285714285715,0.019544377603169464,0.022140782566871388,real10kg_mpc_ltv_v3,,sinusoidal,2,41012,scn2_env41012,58229971c681d013c00f06b7e9cf6f214643c9ba23b3821efd0aab14c242daf7
step_recovery_10_13s,10.0,13.0,300,0.037082709067942414,0.03496467929354478,0.012353077095089303,0.9428836288493105,0.3331222935319038,0.11097046244795587,0.032495129475798475,0.06123143727435309,1.0,0.10222222222222223,0.30666666666666664,0.024946397621619057,0.03444162571021039,real10kg_mpc_ltv_v3,,sinusoidal,2,41012,scn2_env41012,58229971c681d013c00f06b7e9cf6f214643c9ba23b3821efd0aab14c242daf7
post_step_13_20p9s,13.0,20.9,790,0.04347935957827582,0.04153011263268246,0.012872624210071276,0.9551684531580064,0.29606287523386154,0.08765322609174106,0.02429778324200112,0.22154374592571036,1.0,0.07721518987341772,0.1670886075949367,0.01723132892962374,0.02094027300138473,real10kg_mpc_ltv_v3,,sinusoidal,2,41012,scn2_env41012,58229971c681d013c00f06b7e9cf6f214643c9ba23b3821efd0aab14c242daf7
startup_0_3s,0.0,3.0,300,0.13253900046371142,0.13014388188948114,0.025082995248902718,0.9819289524905838,0.18924992010763148,0.035815532260744895,0.1056057834602407,0.25018624339898626,0.8414735653581875,0.0,0.0,0.04702185285529392,0.053743506728726985,predictive_alpha,31000,sinusoidal,2,41012,scn2_env41012,58229971c681d013c00f06b7e9cf6f214643c9ba23b3821efd0aab14c242daf7
pre_step_3_10s,3.0,10.0,700,0.019127632256124533,0.017735173816875383,0.007164490589759575,0.9272017351335634,0.3745623344188644,0.1402969423653092,0.0153544554501475,0.056725732854250116,1.0,0.13166666666666665,0.4157142857142857,0.01991395590173458,0.022922785074818534,predictive_alpha,31000,sinusoidal,2,41012,scn2_env41012,58229971c681d013c00f06b7e9cf6f214643c9ba23b3821efd0aab14c242daf7
step_recovery_10_13s,10.0,13.0,300,0.039291042199096696,0.03505928052997469,0.01773789293607714,0.8922970368747486,0.4514487767006836,0.20380599798454369,0.03521666997892817,0.06200409229035061,1.0,0.09888888888888889,0.2966666666666667,0.04080641073382171,0.06512685433880946,predictive_alpha,31000,sinusoidal,2,41012,scn2_env41012,58229971c681d013c00f06b7e9cf6f214643c9ba23b3821efd0aab14c242daf7
post_step_13_20p9s,13.0,20.9,790,0.043671078954615694,0.04169511089144071,0.012987719769487635,0.9547533949131766,0.29739864643566205,0.08844595490176392,0.024440224101516906,0.2220339996615838,1.0,0.0770042194092827,0.1670886075949367,0.017186472738381583,0.02090191870711147,predictive_alpha,31000,sinusoidal,2,41012,scn2_env41012,58229971c681d013c00f06b7e9cf6f214643c9ba23b3821efd0aab14c242daf7
startup_0_3s,0.0,3.0,300,0.12763882256201903,0.12548378479797723,0.02335570118394041,0.9831161262632717,0.1829827376587715,0.03348268228109878,0.10182198309194547,0.24717456844528812,0.8414735653581875,0.0,0.0,0.04445939261205784,0.05231806972193586,predictive_alpha,31001,sinusoidal,2,41012,scn2_env41012,58229971c681d013c00f06b7e9cf6f214643c9ba23b3821efd0aab14c242daf7
pre_step_3_10s,3.0,10.0,700,0.01917616600740719,0.017810656459330783,0.007106747443897076,0.9287913158684091,0.37060314565236596,0.1373466915674288,0.01543655356421942,0.056621045815146105,1.0,0.13047619047619047,0.41,0.019825720687890704,0.02271200198531229,predictive_alpha,31001,sinusoidal,2,41012,scn2_env41012,58229971c681d013c00f06b7e9cf6f214643c9ba23b3821efd0aab14c242daf7
step_recovery_10_13s,10.0,13.0,300,0.03883913915655505,0.03485822418453674,0.01712842482900356,0.8975024921131283,0.4410093838578995,0.19448927665072416,0.03479101572776588,0.06170788699712529,1.0,0.09888888888888889,0.2966666666666667,0.03962077346334513,0.0628992427660246,predictive_alpha,31001,sinusoidal,2,41012,scn2_env41012,58229971c681d013c00f06b7e9cf6f214643c9ba23b3821efd0aab14c242daf7
post_step_13_20p9s,13.0,20.9,790,0.04368642729236065,0.04170995848723702,0.012991662424943063,0.9547578292018114,0.29738441044857167,0.08843748757784455,0.02444379154352381,0.22210621894710347,1.0,0.0770042194092827,0.1670886075949367,0.017258652245959124,0.02103305220455643,predictive_alpha,31001,sinusoidal,2,41012,scn2_env41012,58229971c681d013c00f06b7e9cf6f214643c9ba23b3821efd0aab14c242daf7
startup_0_3s,0.0,3.0,300,0.1324770821268091,0.13015239201315498,0.02470894862367376,0.9824521337854583,0.18651489168535565,0.03478780482039995,0.10562243840461556,0.24942561125349216,0.8414735653581875,0.0,0.0,0.04689204463726362,0.05328088625543649,predictive_alpha,31002,sinusoidal,2,41012,scn2_env41012,58229971c681d013c00f06b7e9cf6f214643c9ba23b3821efd0aab14c242daf7
pre_step_3_10s,3.0,10.0,700,0.01916373952352193,0.01778250419286454,0.007143630530490185,0.9279245405646411,0.37276808744566586,0.13895604701789957,0.01540567762976949,0.056716014320950234,1.0,0.13142857142857142,0.4157142857142857,0.019902011467200255,0.022905053876110304,predictive_alpha,31002,sinusoidal,2,41012,scn2_env41012,58229971c681d013c00f06b7e9cf6f214643c9ba23b3821efd0aab14c242daf7
step_recovery_10_13s,10.0,13.0,300,0.0392416465078038,0.035039985639606204,0.01766652843712145,0.8929285276711815,0.4501984500983717,0.2026786444709761,0.035174332797412916,0.06199192028664654,1.0,0.09888888888888889,0.2966666666666667,0.04063374020063551,0.0647885885691573,predictive_alpha,31002,sinusoidal,2,41012,scn2_env41012,58229971c681d013c00f06b7e9cf6f214643c9ba23b3821efd0aab14c242daf7
post_step_13_20p9s,13.0,20.9,790,0.04365523417224406,0.041678436660260325,0.012987970903498893,0.9547179725532069,0.29751234072537924,0.08851359288389414,0.024431024673190402,0.221990737264489,1.0,0.0770042194092827,0.1670886075949367,0.017234327163258838,0.020967875112780896,predictive_alpha,31002,sinusoidal,2,41012,scn2_env41012,58229971c681d013c00f06b7e9cf6f214643c9ba23b3821efd0aab14c242daf7
startup_0_3s,0.0,3.0,300,0.131821446894265,0.13011226921791227,0.02115871594079012,0.9870341456825028,0.1605104210224736,0.02576359525681174,0.10547821117498081,0.24887539089735705,0.8414735653581875,0.0,0.0,0.04368192035134693,0.0483327384714576,predictive_alpha,31003,sinusoidal,2,41012,scn2_env41012,58229971c681d013c00f06b7e9cf6f214643c9ba23b3821efd0aab14c242daf7
pre_step_3_10s,3.0,10.0,700,0.019315844004237318,0.01800906928986059,0.006983928186130705,0.932347004143849,0.36156474366839164,0.13072906386398972,0.015622762018042097,0.056674150030076066,1.0,0.13047619047619047,0.41,0.019792670219009056,0.02267204273696892,predictive_alpha,31003,sinusoidal,2,41012,scn2_env41012,58229971c681d013c00f06b7e9cf6f214643c9ba23b3821efd0aab14c242daf7
step_recovery_10_13s,10.0,13.0,300,0.03913794017648094,0.034948870256983705,0.017616890446906938,0.8929665204502878,0.45012308689391406,0.2026107933549061,0.03507197655541455,0.061880786560087865,1.0,0.09888888888888889,0.2966666666666667,0.040524513087037646,0.06456870112387482,predictive_alpha,31003,sinusoidal,2,41012,scn2_env41012,58229971c681d013c00f06b7e9cf6f214643c9ba23b3821efd0aab14c242daf7
post_step_13_20p9s,13.0,20.9,790,0.04363502699413367,0.04166020676814601,0.012978549719213492,0.9547423168489582,0.2974342085535627,0.08846710841788422,0.02442020344543468,0.22193024824665816,1.0,0.07721518987341772,0.1670886075949367,0.017189443406031343,0.02090778587675122,predictive_alpha,31003,sinusoidal,2,41012,scn2_env41012,58229971c681d013c00f06b7e9cf6f214643c9ba23b3821efd0aab14c242daf7
startup_0_3s,0.0,3.0,300,0.13176025015496773,0.12973669746982577,0.02300332259745492,0.984642161177123,0.17458469128891244,0.03047981443244486,0.10426599936506635,0.24934808685311835,0.8414735653581875,0.0,0.0,0.04532355180509689,0.05096242921111015,predictive_alpha,31004,sinusoidal,2,41012,scn2_env41012,58229971c681d013c00f06b7e9cf6f214643c9ba23b3821efd0aab14c242daf7
pre_step_3_10s,3.0,10.0,700,0.019164131659150478,0.01781580819868715,0.007061226556119376,0.9296433835644449,0.3684605533769533,0.13576317939485066,0.015416415069927445,0.0566793569302132,1.0,0.13047619047619047,0.41,0.019856564399705703,0.02278525648432967,predictive_alpha,31004,sinusoidal,2,41012,scn2_env41012,58229971c681d013c00f06b7e9cf6f214643c9ba23b3821efd0aab14c242daf7
step_recovery_10_13s,10.0,13.0,300,0.03923148927536117,0.03502777081619413,0.017668192392289526,0.8928483588868718,0.45035742253572325,0.20282180803302,0.035149754545300685,0.06192643266819332,1.0,0.09888888888888889,0.2966666666666667,0.0406778693876428,0.06487509170347924,predictive_alpha,31004,sinusoidal,2,41012,scn2_env41012,58229971c681d013c00f06b7e9cf6f214643c9ba23b3821efd0aab14c242daf7
post_step_13_20p9s,13.0,20.9,790,0.04359800938648444,0.041622378093567246,0.01297551788176947,0.9546852867661052,0.297617209234143,0.08857600323231966,0.02440236883072658,0.22182749471241991,1.0,0.07721518987341772,0.1670886075949367,0.0171963587739251,0.020874311719284413,predictive_alpha,31004,sinusoidal,2,41012,scn2_env41012,58229971c681d013c00f06b7e9cf6f214643c9ba23b3821efd0aab14c242daf7
startup_0_3s,0.0,3.0,300,0.2306465717127137,0.22828720046884096,0.032905852745783615,0.9897706207972106,0.1426678597537107,0.020354118206704467,0.22005431354850322,0.3535893016376959,0.7379522485145015,0.0,0.0,0.05510037400543673,0.06991017255132823,real10kg_smc_steady,,sinusoidal,2,41013,scn2_env41013,54847e342cfc2397ad1708564d992f4fe0bd23eccf8715e3c2ba2c1782397760
pre_step_3_10s,3.0,10.0,700,0.10375631789038876,0.10326856977496053,0.01004868144611618,0.9952990996081462,0.09684886328302345,0.009379702319213767,0.09759395202488415,0.18175758123840766,1.0,0.07285714285714286,0.23,0.06764722021878923,0.11666727836410905,real10kg_smc_steady,,sinusoidal,2,41013,scn2_env41013,54847e342cfc2397ad1708564d992f4fe0bd23eccf8715e3c2ba2c1782397760
step_recovery_10_13s,10.0,13.0,300,0.06348152803711038,0.0592632954093048,0.022754476903587628,0.9335518101369635,0.35844248881793916,0.1284810177899984,0.059854075294680696,0.10493739427427914,1.0,0.09388888888888888,0.2866666666666667,0.0633006275648423,0.10800231966705719,real10kg_smc_steady,,sinusoidal,2,41013,scn2_env41013,54847e342cfc2397ad1708564d992f4fe0bd23eccf8715e3c2ba2c1782397760
post_step_13_20p9s,13.0,20.9,790,0.15900538003572126,0.1579921048833439,0.01792221177295399,0.9936274159267457,0.11271449915045444,0.012704558318737794,0.15706550202792718,0.2693547944336584,1.0,0.09578059071729958,0.1670886075949367,0.05258498139963115,0.09107606520436787,real10kg_smc_steady,,sinusoidal,2,41013,scn2_env41013,54847e342cfc2397ad1708564d992f4fe0bd23eccf8715e3c2ba2c1782397760
startup_0_3s,0.0,3.0,300,0.1367460148804392,0.13549101294542046,0.018483992985965068,0.9908223875034602,0.13517024976651884,0.018270996421943086,0.11823164526190287,0.22049005819996317,1.0,0.020555555555555556,0.04666666666666667,0.04516347258661277,0.027200971263620703,real10kg_mpc_ltv_v3,,sinusoidal,2,41013,scn2_env41013,54847e342cfc2397ad1708564d992f4fe0bd23eccf8715e3c2ba2c1782397760
pre_step_3_10s,3.0,10.0,700,0.018845499151402167,0.017683718199088445,0.006514518318396839,0.9383523385090449,0.34568032749146566,0.11949488881460693,0.015124819580172871,0.05577067815683427,1.0,0.13238095238095238,0.41714285714285715,0.020469681634465865,0.02475844323691,real10kg_mpc_ltv_v3,,sinusoidal,2,41013,scn2_env41013,54847e342cfc2397ad1708564d992f4fe0bd23eccf8715e3c2ba2c1782397760
step_recovery_10_13s,10.0,13.0,300,0.03666544213944288,0.034619064055632656,0.012077874448463054,0.9441878247089558,0.32940757682750726,0.10850935167137012,0.032151413866539996,0.0605624029671622,1.0,0.10277777777777777,0.31,0.025958138779985724,0.03622216311018768,real10kg_mpc_ltv_v3,,sinusoidal,2,41013,scn2_env41013,54847e342cfc2397ad1708564d992f4fe0bd23eccf8715e3c2ba2c1782397760
post_step_13_20p9s,13.0,20.9,790,0.043395243779670606,0.04155651195520523,0.012498139734133435,0.9576282637378162,0.2880071327076735,0.08294810849049544,0.023975620088359857,0.22162732139042465,1.0,0.0770042194092827,0.1670886075949367,0.018048159626705855,0.02280500301092847,real10kg_mpc_ltv_v3,,sinusoidal,2,41013,scn2_env41013,54847e342cfc2397ad1708564d992f4fe0bd23eccf8715e3c2ba2c1782397760
startup_0_3s,0.0,3.0,300,0.10697561308800445,0.10447401932219157,0.022999153945760062,0.9766152892832227,0.21499436443369202,0.04622257673824718,0.087482506183657,0.19999055282019526,0.7690237275668075,0.0,0.0,0.04313150886079954,0.0472718801369675,predictive_alpha,31000,sinusoidal,2,41013,scn2_env41013,54847e342cfc2397ad1708564d992f4fe0bd23eccf8715e3c2ba2c1782397760
pre_step_3_10s,3.0,10.0,700,0.01868187900658532,0.017405224276975804,0.006787545291551684,0.9316634729750953,0.3633224093336162,0.1320031731239838,0.014935638336884247,0.055849115177279654,1.0,0.1330952380952381,0.42,0.02059235472420671,0.025006724840349874,predictive_alpha,31000,sinusoidal,2,41013,scn2_env41013,54847e342cfc2397ad1708564d992f4fe0bd23eccf8715e3c2ba2c1782397760
step_recovery_10_13s,10.0,13.0,300,0.038744572475351936,0.034579428724626,0.017475840620019098,0.8924973619627454,0.4510526121081003,0.20344845888954044,0.03478050614323574,0.06114886217017087,1.0,0.09666666666666666,0.29,0.041606253639786706,0.06678005739588838,predictive_alpha,31000,sinusoidal,2,41013,scn2_env41013,54847e342cfc2397ad1708564d992f4fe0bd23eccf8715e3c2ba2c1782397760
post_step_13_20p9s,13.0,20.9,790,0.04359585431689719,0.0417164339892969,0.01266245034883683,0.9568899300851216,0.2904507904993395,0.08436166170169118,0.024149183071992035,0.2221084446240024,1.0,0.07637130801687764,0.16582278481012658,0.017990168578414435,0.02268781166525288,predictive_alpha,31000,sinusoidal,2,41013,scn2_env41013,54847e342cfc2397ad1708564d992f4fe0bd23eccf8715e3c2ba2c1782397760
startup_0_3s,0.0,3.0,300,0.10328630078899534,0.10099559634714053,0.02163213926453584,0.9778217980084841,0.2094386099539799,0.04386453133945532,0.08514671915373531,0.19691407994629115,0.7690237275668075,0.0,0.0,0.040433645368717706,0.04599432565084666,predictive_alpha,31001,sinusoidal,2,41013,scn2_env41013,54847e342cfc2397ad1708564d992f4fe0bd23eccf8715e3c2ba2c1782397760
pre_step_3_10s,3.0,10.0,700,0.01872304583452612,0.017469356159287925,0.006736025586480121,0.9330402923585043,0.3597718900019245,0.12943581283555683,0.015002748417781365,0.05574744241736081,1.0,0.13285714285714287,0.42,0.020381624516641744,0.02468793870058457,predictive_alpha,31001,sinusoidal,2,41013,scn2_env41013,54847e342cfc2397ad1708564d992f4fe0bd23eccf8715e3c2ba2c1782397760
step_recovery_10_13s,10.0,13.0,300,0.03814211552421328,0.034355834478648824,0.016567969517660174,0.9007322747171467,0.43437468766362836,0.18868136928287466,0.03412746244839912,0.06083935747303751,1.0,0.09666666666666666,0.29,0.039725193680819615,0.06331669023349434,predictive_alpha,31001,sinusoidal,2,41013,scn2_env41013,54847e342cfc2397ad1708564d992f4fe0bd23eccf8715e3c2ba2c1782397760
post_step_13_20p9s,13.0,20.9,790,0.04356212758863331,0.04168392128166724,0.01265344485237661,0.9568844220672051,0.29046893604155094,0.08437220280511061,0.024128111075745435,0.2220430821920115,1.0,0.07658227848101266,0.16582278481012658,0.018044818775302337,0.022819871791975057,predictive_alpha,31001,sinusoidal,2,41013,scn2_env41013,54847e342cfc2397ad1708564d992f4fe0bd23eccf8715e3c2ba2c1782397760
startup_0_3s,0.0,3.0,300,0.10703300287136346,0.10476566419816334,0.02191390674386866,0.9788164527540623,0.20473971724595705,0.04191835181795443,0.08740612977408192,0.19915011912972788,0.7690237275668075,0.0,0.0,0.04251891253683835,0.04742703136406191,predictive_alpha,31002,sinusoidal,2,41013,scn2_env41013,54847e342cfc2397ad1708564d992f4fe0bd23eccf8715e3c2ba2c1782397760
pre_step_3_10s,3.0,10.0,700,0.01872401169735602,0.017471893013559475,0.006732129571350849,0.9331276489229414,0.3595452555875876,0.1292727908155437,0.01499503404790454,0.055835080628632565,1.0,0.13285714285714287,0.42,0.02058556027866226,0.024990677186145147,predictive_alpha,31002,sinusoidal,2,41013,scn2_env41013,54847e342cfc2397ad1708564d992f4fe0bd23eccf8715e3c2ba2c1782397760
step_recovery_10_13s,10.0,13.0,300,0.0386082779421054,0.03452221614199863,0.017286287001551007,0.8941661732172055,0.4477352506494193,0.20046685467409833,0.03461375741535177,0.06112171587098459,1.0,0.09666666666666666,0.29,0.041115004230402215,0.06586686765292575,predictive_alpha,31002,sinusoidal,2,41013,scn2_env41013,54847e342cfc2397ad1708564d992f4fe0bd23eccf8715e3c2ba2c1782397760
post_step_13_20p9s,13.0,20.9,790,0.04355455826342195,0.0416737713392433,0.01266081861043275,0.9568176788109414,0.2906887158367894,0.0844999295148417,0.02412832236438901,0.22198187715035927,1.0,0.07637130801687764,0.16582278481012658,0.01801288623024732,0.02271531398244038,predictive_alpha,31002,sinusoidal,2,41013,scn2_env41013,54847e342cfc2397ad1708564d992f4fe0bd23eccf8715e3c2ba2c1782397760
startup_0_3s,0.0,3.0,300,0.10549459472142528,0.10366903596828568,0.01954073941395421,0.9826952389555098,0.18522976902802027,0.03431006733417373,0.08644510218303193,0.19805662220080372,0.7690237275668075,0.0,0.0,0.03891601397346554,0.04183243494249414,predictive_alpha,31003,sinusoidal,2,41013,scn2_env41013,54847e342cfc2397ad1708564d992f4fe0bd23eccf8715e3c2ba2c1782397760
pre_step_3_10s,3.0,10.0,700,0.018827313784461733,0.017623595660265137,0.006623942960357272,0.9360653283852935,0.35182623693370646,0.12378170099493258,0.015139964986562648,0.05580079611980365,1.0,0.1326190476190476,0.4185714285714286,0.020475325918238856,0.024768204584714616,predictive_alpha,31003,sinusoidal,2,41013,scn2_env41013,54847e342cfc2397ad1708564d992f4fe0bd23eccf8715e3c2ba2c1782397760
step_recovery_10_13s,10.0,13.0,300,0.03851145943531892,0.034434973837134404,0.0172442768672416,0.8941487635639702,0.4477700175503307,0.20049798861702345,0.03452463816581899,0.061000000898471456,1.0,0.09666666666666666,0.29,0.04091365275226636,0.06555918808911582,predictive_alpha,31003,sinusoidal,2,41013,scn2_env41013,54847e342cfc2397ad1708564d992f4fe0bd23eccf8715e3c2ba2c1782397760
post_step_13_20p9s,13.0,20.9,790,0.04357971041905543,0.0417018216566001,0.01265500812839911,0.9569091041588423,0.2903876140229158,0.08432496637792192,0.02413939668483876,0.22206476206586226,1.0,0.07637130801687764,0.16582278481012658,0.017945826406690985,0.02259092964312971,predictive_alpha,31003,sinusoidal,2,41013,scn2_env41013,54847e342cfc2397ad1708564d992f4fe0bd23eccf8715e3c2ba2c1782397760
startup_0_3s,0.0,3.0,300,0.10516873897006454,0.10304376062496613,0.021034425421633272,0.9797945818699674,0.20000644324185116,0.040002577338255824,0.08442985896980196,0.19955098580682487,0.7690237275668075,0.0,0.0,0.04203875477768631,0.045154577848592836,predictive_alpha,31004,sinusoidal,2,41013,scn2_env41013,54847e342cfc2397ad1708564d992f4fe0bd23eccf8715e3c2ba2c1782397760
pre_step_3_10s,3.0,10.0,700,0.018636518114657295,0.01739355422192673,0.006692090776942911,0.9333049293283493,0.3590848213046674,0.1289419088914049,0.01488438084712853,0.055809381845525946,1.0,0.13285714285714287,0.42,0.02048915456048946,0.024851480052452083,predictive_alpha,31004,sinusoidal,2,41013,scn2_env41013,54847e342cfc2397ad1708564d992f4fe0bd23eccf8715e3c2ba2c1782397760
step_recovery_10_13s,10.0,13.0,300,0.03863172047798295,0.034519168528050995,0.017344648489405062,0.8935446855835533,0.44897426971418863,0.201577894865389,0.03466139494269225,0.06104106685879731,1.0,0.09666666666666666,0.29,0.04139191163216498,0.06638225931420087,predictive_alpha,31004,sinusoidal,2,41013,scn2_env41013,54847e342cfc2397ad1708564d992f4fe0bd23eccf8715e3c2ba2c1782397760
post_step_13_20p9s,13.0,20.9,790,0.043491814317601234,0.04161332809557385,0.012643924922539974,0.9568082810179028,0.2907196473848402,0.08451791337556581,0.024096838443394556,0.2218126960118646,1.0,0.07658227848101266,0.16582278481012658,0.017925952817063488,0.022554037267084475,predictive_alpha,31004,sinusoidal,2,41013,scn2_env41013,54847e342cfc2397ad1708564d992f4fe0bd23eccf8715e3c2ba2c1782397760
startup_0_3s,0.0,3.0,300,0.26455852468407365,0.26210702698175653,0.035932149807635184,0.9907336280120075,0.13581928554577508,0.018446878326164786,0.25518607829439544,0.3952926670681557,0.892227840458815,0.0,0.0,0.06162324075003293,0.07814967333473931,real10kg_smc_steady,,sinusoidal,2,41014,scn2_env41014,24c7f3d2889e507043a37167dbc4184036e903e971276cce7bf9d6f71d0b50d3
pre_step_3_10s,3.0,10.0,700,0.10403553012832684,0.10350811143300474,0.01046242785660557,0.9949303983487994,0.10056591093158523,0.010113502441499536,0.09775743097854234,0.18566797132704396,1.0,0.07547619047619047,0.2357142857142857,0.06428963373387456,0.11014687996698999,real10kg_smc_steady,,sinusoidal,2,41014,scn2_env41014,24c7f3d2889e507043a37167dbc4184036e903e971276cce7bf9d6f71d0b50d3
step_recovery_10_13s,10.0,13.0,300,0.06438297274263588,0.06009481106765599,0.023103698013991727,0.9333960286033799,0.35884795357844557,0.12877185378743825,0.06076858407858135,0.10424264442034956,1.0,0.09722222222222222,0.29333333333333333,0.06419259172301861,0.11026366799674618,real10kg_smc_steady,,sinusoidal,2,41014,scn2_env41014,24c7f3d2889e507043a37167dbc4184036e903e971276cce7bf9d6f71d0b50d3
post_step_13_20p9s,13.0,20.9,790,0.15958031471597173,0.158583887960082,0.01780526114138008,0.9937559544379693,0.11157554848209625,0.01244910301908061,0.15755070652519365,0.2764148331171496,1.0,0.09451476793248945,0.1670886075949367,0.05389125011197744,0.09168684322084468,real10kg_smc_steady,,sinusoidal,2,41014,scn2_env41014,24c7f3d2889e507043a37167dbc4184036e903e971276cce7bf9d6f71d0b50d3
startup_0_3s,0.0,3.0,300,0.15746800703058939,0.1562559064055927,0.01950038336937003,0.9923025594350653,0.12383711292911664,0.01533563053861879,0.13341225553616393,0.2620446977215614,1.0,0.025555555555555557,0.06,0.04450353233645235,0.027853146904288337,real10kg_mpc_ltv_v3,,sinusoidal,2,41014,scn2_env41014,24c7f3d2889e507043a37167dbc4184036e903e971276cce7bf9d6f71d0b50d3
pre_step_3_10s,3.0,10.0,700,0.018870293581714825,0.01765812065760957,0.006654228332527366,0.935762900621756,0.3526298254826975,0.12434779381995768,0.015470927916094827,0.05533125260455298,1.0,0.13214285714285715,0.4085714285714286,0.023233245839287927,0.03263041062156453,real10kg_mpc_ltv_v3,,sinusoidal,2,41014,scn2_env41014,24c7f3d2889e507043a37167dbc4184036e903e971276cce7bf9d6f71d0b50d3
step_recovery_10_13s,10.0,13.0,300,0.0361372882839389,0.034538996563509845,0.010628326345307748,0.9557716752881149,0.2941096814403607,0.08650050471695046,0.03132828721031713,0.06012967490010546,1.0,0.10222222222222223,0.30666666666666664,0.023284959258919793,0.03420067725730194,real10kg_mpc_ltv_v3,,sinusoidal,2,41014,scn2_env41014,24c7f3d2889e507043a37167dbc4184036e903e971276cce7bf9d6f71d0b50d3
post_step_13_20p9s,13.0,20.9,790,0.04323890776620816,0.042179842142812764,0.009511259728450893,0.97550665180717,0.21996993494558348,0.04838677227996423,0.022111935850813308,0.22317235883772715,1.0,0.07805907172995781,0.1670886075949367,0.021267855002308548,0.029715757536958504,real10kg_mpc_ltv_v3,,sinusoidal,2,41014,scn2_env41014,24c7f3d2889e507043a37167dbc4184036e903e971276cce7bf9d6f71d0b50d3
startup_0_3s,0.0,3.0,300,0.14527599374070374,0.14311096599240952,0.0249873121817533,0.9850971403289213,0.1719989073098476,0.029583624115781543,0.11415570801387491,0.2787092670461705,0.8983168720535093,0.0,0.0,0.048606476865035976,0.05618445794741436,predictive_alpha,31000,sinusoidal,2,41014,scn2_env41014,24c7f3d2889e507043a37167dbc4184036e903e971276cce7bf9d6f71d0b50d3
pre_step_3_10s,3.0,10.0,700,0.018318135090408572,0.01705715381876668,0.006678890386388382,0.9311621371161225,0.36460536803691707,0.13293707440133573,0.01449934216950895,0.05542023633337057,1.0,0.12928571428571428,0.4014285714285714,0.02339557491753334,0.031315897038935274,predictive_alpha,31000,sinusoidal,2,41014,scn2_env41014,24c7f3d2889e507043a37167dbc4184036e903e971276cce7bf9d6f71d0b50d3
step_recovery_10_13s,10.0,13.0,300,0.038180588881141224,0.034287404380171964,0.016796763622236557,0.8980323610751786,0.4399294016791105,0.19353787846174011,0.034057966324361866,0.060594463218242814,1.0,0.09777777777777778,0.2966666666666667,0.043087546166995894,0.07107740413359731,predictive_alpha,31000,sinusoidal,2,41014,scn2_env41014,24c7f3d2889e507043a37167dbc4184036e903e971276cce7bf9d6f71d0b50d3
post_step_13_20p9s,13.0,20.9,790,0.04359102345644815,0.04202083456568759,0.0115942566981988,0.9639790771985581,0.2659780794039543,0.0707443387234162,0.023523495616021746,0.2229153075436004,1.0,0.07763713080168777,0.1670886075949367,0.02196912586218616,0.030024417677202677,predictive_alpha,31000,sinusoidal,2,41014,scn2_env41014,24c7f3d2889e507043a37167dbc4184036e903e971276cce7bf9d6f71d0b50d3
startup_0_3s,0.0,3.0,300,0.14194600995262083,0.13987994103260853,0.02413030953352017,0.9854446847734437,0.169996391878676,0.028898773251768373,0.11164008203142418,0.2764442078415633,0.8983168720535093,0.0,0.0,0.047208842619947754,0.05556755020992212,predictive_alpha,31001,sinusoidal,2,41014,scn2_env41014,24c7f3d2889e507043a37167dbc4184036e903e971276cce7bf9d6f71d0b50d3
pre_step_3_10s,3.0,10.0,700,0.018324605515829075,0.017077746902967907,0.006643924143826707,0.9319571375337868,0.362568467740688,0.1314558937998303,0.014545764368357198,0.0552919256941413,1.0,0.12904761904761905,0.4014285714285714,0.024129259224306625,0.03282186758320915,predictive_alpha,31001,sinusoidal,2,41014,scn2_env41014,24c7f3d2889e507043a37167dbc4184036e903e971276cce7bf9d6f71d0b50d3
step_recovery_10_13s,10.0,13.0,300,0.037569110542693226,0.03414991551844385,0.01565954459913349,0.9089891941848389,0.41681967906421724,0.17373864485519705,0.03335415039121288,0.06033465576892311,1.0,0.09666666666666666,0.29,0.041811981071308534,0.06878028303982996,predictive_alpha,31001,sinusoidal,2,41014,scn2_env41014,24c7f3d2889e507043a37167dbc4184036e903e971276cce7bf9d6f71d0b50d3
post_step_13_20p9s,13.0,20.9,790,0.04362920283654894,0.04212466639910461,0.01135868922529697,0.9655153809919269,0.2603460179607407,0.06778004906801434,0.023388399630050904,0.2232187751556733,1.0,0.07742616033755274,0.1670886075949367,0.022920081511574444,0.0319786150183514,predictive_alpha,31001,sinusoidal,2,41014,scn2_env41014,24c7f3d2889e507043a37167dbc4184036e903e971276cce7bf9d6f71d0b50d3
startup_0_3s,0.0,3.0,300,0.14350691365573812,0.14140066581098285,0.024496652326516377,0.9853230217896819,0.17070015445584688,0.02913854273124998,0.112914477854725,0.27663074414950983,0.8983168720535093,0.0,0.0,0.04924055716429108,0.057686217472251014,predictive_alpha,31002,sinusoidal,2,41014,scn2_env41014,24c7f3d2889e507043a37167dbc4184036e903e971276cce7bf9d6f71d0b50d3
pre_step_3_10s,3.0,10.0,700,0.018651991257453995,0.01736393200293513,0.006811067703788114,0.9309425338699904,0.3651657139323487,0.13334599863172192,0.015107160009082184,0.05540237154289958,1.0,0.13166666666666665,0.4042857142857143,0.027900489836072274,0.04126655431469526,predictive_alpha,31002,sinusoidal,2,41014,scn2_env41014,24c7f3d2889e507043a37167dbc4184036e903e971276cce7bf9d6f71d0b50d3
step_recovery_10_13s,10.0,13.0,300,0.03783981762820445,0.03430167823597534,0.01597644104083848,0.9064969227126531,0.4222124217884763,0.17826332911249024,0.03349628716002868,0.06058754819836137,1.0,0.09722222222222222,0.29333333333333333,0.043408157759288565,0.07221084287145536,predictive_alpha,31002,sinusoidal,2,41014,scn2_env41014,24c7f3d2889e507043a37167dbc4184036e903e971276cce7bf9d6f71d0b50d3
post_step_13_20p9s,13.0,20.9,790,0.04350372178729893,0.042300036438518165,0.01016271256342239,0.9723314397175972,0.23360558926683442,0.05457157133670495,0.022620413947598717,0.22359073499543713,1.0,0.07763713080168777,0.1670886075949367,0.025873377195116617,0.038130855811740486,predictive_alpha,31002,sinusoidal,2,41014,scn2_env41014,24c7f3d2889e507043a37167dbc4184036e903e971276cce7bf9d6f71d0b50d3
startup_0_3s,0.0,3.0,300,0.14425528071850108,0.1427417291509841,0.0208418994854273,0.9895078255715954,0.14447928271061397,0.020874263132573522,0.1137576146930745,0.27747026575353384,0.8983168720535093,0.0,0.0,0.046395936353201286,0.05327841328750795,predictive_alpha,31003,sinusoidal,2,41014,scn2_env41014,24c7f3d2889e507043a37167dbc4184036e903e971276cce7bf9d6f71d0b50d3
pre_step_3_10s,3.0,10.0,700,0.018740474863626042,0.017516701364032827,0.0066611238869645735,0.9346989065912906,0.3554405070008846,0.12633795401704587,0.015249967985533637,0.05536929298487131,1.0,0.13142857142857142,0.4042857142857143,0.027817607051108813,0.04115220579206922,predictive_alpha,31003,sinusoidal,2,41014,scn2_env41014,24c7f3d2889e507043a37167dbc4184036e903e971276cce7bf9d6f71d0b50d3
step_recovery_10_13s,10.0,13.0,300,0.037682586837108525,0.03422356126299584,0.015771024228444883,0.9082062601204874,0.41852286565725144,0.17516138907795772,0.033325565782747,0.06046003441655156,1.0,0.09666666666666666,0.29,0.04275565243406492,0.07099101113666809,predictive_alpha,31003,sinusoidal,2,41014,scn2_env41014,24c7f3d2889e507043a37167dbc4184036e903e971276cce7bf9d6f71d0b50d3
post_step_13_20p9s,13.0,20.9,790,0.04350690592195995,0.042312417529743775,0.010124731388580424,0.9725448554222914,0.2327155005401109,0.05415650419163435,0.022600942009418545,0.22360912583457457,1.0,0.07763713080168777,0.1670886075949367,0.02586850410405373,0.03813015199400913,predictive_alpha,31003,sinusoidal,2,41014,scn2_env41014,24c7f3d2889e507043a37167dbc4184036e903e971276cce7bf9d6f71d0b50d3
startup_0_3s,0.0,3.0,300,0.14518167155651834,0.14321708104035744,0.02380305556487355,0.986468054162084,0.16395358525409431,0.026880778117671575,0.11396491469273509,0.277657914075548,0.8983168720535093,0.0,0.0,0.047919882541923996,0.05425373217470199,predictive_alpha,31004,sinusoidal,2,41014,scn2_env41014,24c7f3d2889e507043a37167dbc4184036e903e971276cce7bf9d6f71d0b50d3
pre_step_3_10s,3.0,10.0,700,0.018355267564546012,0.017121089071516573,0.0066169597528827825,0.9327616179557465,0.36049377812741473,0.12995576406857773,0.014549584849136656,0.055416682156398236,1.0,0.12904761904761905,0.4,0.022947176110976585,0.030329962466503043,predictive_alpha,31004,sinusoidal,2,41014,scn2_env41014,24c7f3d2889e507043a37167dbc4184036e903e971276cce7bf9d6f71d0b50d3
step_recovery_10_13s,10.0,13.0,300,0.03815209284336394,0.034264166039521635,0.01677942531628406,0.8980940096837031,0.4398035354226347,0.19342714977024866,0.03402146297334906,0.060577790196026854,1.0,0.09777777777777778,0.2966666666666667,0.04274602422402165,0.07039783950469886,predictive_alpha,31004,sinusoidal,2,41014,scn2_env41014,24c7f3d2889e507043a37167dbc4184036e903e971276cce7bf9d6f71d0b50d3
post_step_13_20p9s,13.0,20.9,790,0.04354243444928394,0.041939294829699124,0.011706372066432937,0.9631821316409841,0.2688497373767178,0.07228018128753012,0.023570673989730746,0.22268881103037594,1.0,0.07763713080168777,0.1670886075949367,0.021580086679541935,0.029224895768594217,predictive_alpha,31004,sinusoidal,2,41014,scn2_env41014,24c7f3d2889e507043a37167dbc4184036e903e971276cce7bf9d6f71d0b50d3
startup_0_3s,0.0,3.0,300,0.24380659983037414,0.2408238092821999,0.03802040246576548,0.9877657514183394,0.15594492721779382,0.02431882032496301,0.23425802351730274,0.3709183287050637,0.8116434153536359,0.0,0.0,0.05899658060607946,0.07645712737555424,real10kg_smc_steady,,sinusoidal,2,41015,scn2_env41015,941d5c6e7877dc671b973ca984d196e0756a5f8c06d8f6b213cee0b4496705f7
pre_step_3_10s,3.0,10.0,700,0.1033357265304703,0.10282121979872996,0.010298987167746342,0.9950210179091485,0.09966530950657719,0.009933173919041825,0.09721618758011466,0.18128889178132124,1.0,0.07642857142857143,0.24285714285714285,0.0649462008100152,0.10963030206530822,real10kg_smc_steady,,sinusoidal,2,41015,scn2_env41015,941d5c6e7877dc671b973ca984d196e0756a5f8c06d8f6b213cee0b4496705f7
step_recovery_10_13s,10.0,13.0,300,0.06352762059994388,0.0591709332591625,0.02312053711162766,0.9314205805343002,0.36394464161070883,0.13245570215714728,0.05997409164886887,0.1046875407384863,1.0,0.09555555555555556,0.29,0.0640807416427213,0.11089102144211434,real10kg_smc_steady,,sinusoidal,2,41015,scn2_env41015,941d5c6e7877dc671b973ca984d196e0756a5f8c06d8f6b213cee0b4496705f7
post_step_13_20p9s,13.0,20.9,790,0.15904561742375214,0.15804299384836926,0.0178303257723139,0.9936959999802348,0.11210824957727562,0.012568259623280719,0.15711671522264278,0.2699013497688904,1.0,0.09578059071729958,0.16962025316455695,0.05288169698718793,0.0893368102642171,real10kg_smc_steady,,sinusoidal,2,41015,scn2_env41015,941d5c6e7877dc671b973ca984d196e0756a5f8c06d8f6b213cee0b4496705f7
startup_0_3s,0.0,3.0,300,0.14498398654904554,0.14260923487687518,0.02613355091613209,0.9836205933586533,0.1802512921472991,0.03249052832077096,0.12822746732988047,0.22582446776388826,1.0,0.023333333333333334,0.05333333333333334,0.038714013766525064,0.020905952068363338,real10kg_mpc_ltv_v3,,sinusoidal,2,41015,scn2_env41015,941d5c6e7877dc671b973ca984d196e0756a5f8c06d8f6b213cee0b4496705f7
pre_step_3_10s,3.0,10.0,700,0.020735401397130836,0.018620619738936858,0.009123014394269605,0.8980110576259883,0.4399728859616848,0.1935761403814537,0.01785728235497046,0.055406770762015084,1.0,0.13476190476190475,0.41714285714285715,0.02168406735844689,0.02641475218822418,real10kg_mpc_ltv_v3,,sinusoidal,2,41015,scn2_env41015,941d5c6e7877dc671b973ca984d196e0756a5f8c06d8f6b213cee0b4496705f7
step_recovery_10_13s,10.0,13.0,300,0.036194699681222464,0.03458629630436303,0.010669788796442498,0.9555624610502332,0.2947887091318485,0.08690038303162158,0.031403877554718754,0.060216964239558704,1.0,0.10222222222222223,0.30666666666666664,0.02387864767353756,0.034010021963215446,real10kg_mpc_ltv_v3,,sinusoidal,2,41015,scn2_env41015,941d5c6e7877dc671b973ca984d196e0756a5f8c06d8f6b213cee0b4496705f7
post_step_13_20p9s,13.0,20.9,790,0.0432192203003329,0.042155665748009004,0.009528947933053642,0.9753916302762244,0.22047940399749055,0.04861116758708865,0.02208305814024187,0.22311628973049727,1.0,0.07784810126582278,0.16835443037974684,0.020556012314930365,0.028546942541980126,real10kg_mpc_ltv_v3,,sinusoidal,2,41015,scn2_env41015,941d5c6e7877dc671b973ca984d196e0756a5f8c06d8f6b213cee0b4496705f7
startup_0_3s,0.0,3.0,300,0.12285858732580517,0.11939463746710047,0.028968138079485572,0.9718053907821783,0.23578439822578942,0.05559428244669765,0.09800152248778266,0.2336831490041946,0.8295693174612421,0.0,0.0,0.04701762594362526,0.05436929552436782,predictive_alpha,31000,sinusoidal,2,41015,scn2_env41015,941d5c6e7877dc671b973ca984d196e0756a5f8c06d8f6b213cee0b4496705f7
pre_step_3_10s,3.0,10.0,700,0.018316383924145484,0.017075615169226746,0.006626710092434148,0.9322590768976456,0.3617913950634393,0.13089301354194963,0.014496138128720228,0.05541541135888025,1.0,0.13333333333333333,0.4142857142857143,0.025928541740111916,0.0344423591991215,predictive_alpha,31000,sinusoidal,2,41015,scn2_env41015,941d5c6e7877dc671b973ca984d196e0756a5f8c06d8f6b213cee0b4496705f7
step_recovery_10_13s,10.0,13.0,300,0.03804952704390656,0.034240096375815196,0.01659464698147761,0.8998823122375335,0.4361328056017232,0.19021182412203047,0.033901965544486275,0.06061388824976375,1.0,0.09777777777777778,0.29333333333333333,0.044122778202965736,0.0726843263845078,predictive_alpha,31000,sinusoidal,2,41015,scn2_env41015,941d5c6e7877dc671b973ca984d196e0756a5f8c06d8f6b213cee0b4496705f7
post_step_13_20p9s,13.0,20.9,790,0.04353169233116783,0.04206258317966723,0.011213711850633199,0.9662519632748404,0.25759880331149915,0.06635714346751642,0.023239670271678455,0.22300329052898551,1.0,0.07763713080168777,0.16835443037974684,0.022742654371005262,0.03182333545643649,predictive_alpha,31000,sinusoidal,2,41015,scn2_env41015,941d5c6e7877dc671b973ca984d196e0756a5f8c06d8f6b213cee0b4496705f7
startup_0_3s,0.0,3.0,300,0.11906262532410344,0.11597548320665527,0.026936890021876343,0.9740712745998622,0.2262413578446699,0.05118515199939997,0.09489913305300299,0.23126219750261431,0.8295693174612421,0.0,0.0,0.0430125905675327,0.05023130579492881,predictive_alpha,31001,sinusoidal,2,41015,scn2_env41015,941d5c6e7877dc671b973ca984d196e0756a5f8c06d8f6b213cee0b4496705f7
pre_step_3_10s,3.0,10.0,700,0.01836947676829979,0.01717234475303167,0.006522902147367488,0.9348303694020283,0.35509460773668095,0.1260921804436673,0.014544443190226599,0.05543144956070443,1.0,0.13285714285714287,0.4157142857142857,0.024439989435825482,0.031387283234059704,predictive_alpha,31001,sinusoidal,2,41015,scn2_env41015,941d5c6e7877dc671b973ca984d196e0756a5f8c06d8f6b213cee0b4496705f7
step_recovery_10_13s,10.0,13.0,300,0.03762315554440092,0.03416945345711227,0.015746437170370463,0.9082027534024154,0.4185304752491408,0.17516775871227164,0.03343282274768846,0.06048862413510013,1.0,0.09722222222222222,0.29333333333333333,0.041682969396013625,0.06774039645074084,predictive_alpha,31001,sinusoidal,2,41015,scn2_env41015,941d5c6e7877dc671b973ca984d196e0756a5f8c06d8f6b213cee0b4496705f7
post_step_13_20p9s,13.0,20.9,790,0.04352474244846668,0.041949470758278845,0.011603667881565126,0.9638074437303573,0.26659934622942055,0.07107521140995447,0.023474460716219458,0.22272752586733233,1.0,0.07742616033755274,0.16835443037974684,0.021496552934583673,0.029398753716186467,predictive_alpha,31001,sinusoidal,2,41015,scn2_env41015,941d5c6e7877dc671b973ca984d196e0756a5f8c06d8f6b213cee0b4496705f7
startup_0_3s,0.0,3.0,300,0.12097121842526828,0.11755036380363267,0.028564797512455335,0.9717217478159988,0.2361288733328056,0.055756844821420154,0.09656883037825463,0.23168903764509555,0.8295693174612421,0.0,0.0,0.046285728709013665,0.05388323945634753,predictive_alpha,31002,sinusoidal,2,41015,scn2_env41015,941d5c6e7877dc671b973ca984d196e0756a5f8c06d8f6b213cee0b4496705f7
pre_step_3_10s,3.0,10.0,700,0.01831594964707399,0.017080991362147628,0.006611637131632978,0.9325747062684435,0.360977031441512,0.13030441722832634,0.014455722390775182,0.05549938336619971,1.0,0.13333333333333333,0.41714285714285715,0.024985139153721924,0.03248283032887213,predictive_alpha,31002,sinusoidal,2,41015,scn2_env41015,941d5c6e7877dc671b973ca984d196e0756a5f8c06d8f6b213cee0b4496705f7
step_recovery_10_13s,10.0,13.0,300,0.03806697306397543,0.03426983143368262,0.016573264366455082,0.9002510227458503,0.4353712163717882,0.18954809604505043,0.03388677672216811,0.06074050765378474,1.0,0.09777777777777778,0.29333333333333333,0.04341520100540252,0.07112642204404804,predictive_alpha,31002,sinusoidal,2,41015,scn2_env41015,941d5c6e7877dc671b973ca984d196e0756a5f8c06d8f6b213cee0b4496705f7
post_step_13_20p9s,13.0,20.9,790,0.0435063832372876,0.04196039797512994,0.011494798134741264,0.9644653233130016,0.2642094625988015,0.0698066401267475,0.023398830685820975,0.22272652230330706,1.0,0.07763713080168777,0.16835443037974684,0.021842573655658653,0.03004511489227242,predictive_alpha,31002,sinusoidal,2,41015,scn2_env41015,941d5c6e7877dc671b973ca984d196e0756a5f8c06d8f6b213cee0b4496705f7
startup_0_3s,0.0,3.0,300,0.12108341021405764,0.11828114887455365,0.025899074307423293,0.9768567689450603,0.21389449026615243,0.04575085296621718,0.09760572002165249,0.23168257366119774,0.8295693174612421,0.0,0.0,0.04316636422420292,0.04810043374137991,predictive_alpha,31003,sinusoidal,2,41015,scn2_env41015,941d5c6e7877dc671b973ca984d196e0756a5f8c06d8f6b213cee0b4496705f7
pre_step_3_10s,3.0,10.0,700,0.018478793419376638,0.01731436157667633,0.0064559034556064855,0.9369855046120436,0.34936823574405584,0.1220581641469142,0.01470143700794321,0.055445754791121515,1.0,0.1330952380952381,0.4157142857142857,0.024856511195844574,0.03228259205876599,predictive_alpha,31003,sinusoidal,2,41015,scn2_env41015,941d5c6e7877dc671b973ca984d196e0756a5f8c06d8f6b213cee0b4496705f7
step_recovery_10_13s,10.0,13.0,300,0.037971278094221614,0.03418781131773246,0.016523060170919875,0.9003597727971944,0.4351462737156145,0.18935227952858447,0.03383211982788911,0.06058614810022029,1.0,0.09777777777777778,0.29333333333333333,0.043238303328499164,0.07071482457194163,predictive_alpha,31003,sinusoidal,2,41015,scn2_env41015,941d5c6e7877dc671b973ca984d196e0756a5f8c06d8f6b213cee0b4496705f7
post_step_13_20p9s,13.0,20.9,790,0.04354024811486774,0.04199557861133669,0.011494545793692086,0.9645231809553334,0.26399816931146586,0.06969503339980541,0.023414062467783724,0.2228250017763435,1.0,0.07742616033755274,0.16835443037974684,0.02181809308600403,0.030016253483813045,predictive_alpha,31003,sinusoidal,2,41015,scn2_env41015,941d5c6e7877dc671b973ca984d196e0756a5f8c06d8f6b213cee0b4496705f7
startup_0_3s,0.0,3.0,300,0.11892885545767293,0.11587092047714438,0.026795567697873855,0.9742876952043243,0.22530753865205122,0.05076348697344556,0.09441180386244916,0.23107224000140644,0.8295693174612421,0.0,0.0,0.04521134051231417,0.05310147942412447,predictive_alpha,31004,sinusoidal,2,41015,scn2_env41015,941d5c6e7877dc671b973ca984d196e0756a5f8c06d8f6b213cee0b4496705f7
pre_step_3_10s,3.0,10.0,700,0.018663844649967266,0.017429050102450074,0.006675875196885926,0.9338402901076784,0.3576902466822469,0.12794231257160668,0.015095659776583616,0.055478282607301845,1.0,0.1330952380952381,0.40714285714285714,0.028921156203261793,0.041400399734777056,predictive_alpha,31004,sinusoidal,2,41015,scn2_env41015,941d5c6e7877dc671b973ca984d196e0756a5f8c06d8f6b213cee0b4496705f7
step_recovery_10_13s,10.0,13.0,300,0.03772763997881421,0.034255918619517475,0.01580844261475544,0.907979365758201,0.41901488202369935,0.1755734713573347,0.03339817880588274,0.06055562911194829,1.0,0.09777777777777778,0.29333333333333333,0.04309637216058354,0.07143451884689192,predictive_alpha,31004,sinusoidal,2,41015,scn2_env41015,941d5c6e7877dc671b973ca984d196e0756a5f8c06d8f6b213cee0b4496705f7
post_step_13_20p9s,13.0,20.9,790,0.04339535752159495,0.04220150966723654,0.010108888971256287,0.9724890420878706,0.23294862742462194,0.05426506301901532,0.022520285363030527,0.22330344250483608,1.0,0.07763713080168777,0.16835443037974684,0.025108331631689518,0.0369048682217632,predictive_alpha,31004,sinusoidal,2,41015,scn2_env41015,941d5c6e7877dc671b973ca984d196e0756a5f8c06d8f6b213cee0b4496705f7
startup_0_3s,0.0,3.0,300,0.2571681352886295,0.2546731942756795,0.03573533160966621,0.9902984053209011,0.13895707401525115,0.01930906841887999,0.2475465416468572,0.38570847614504516,0.8537791769650567,0.0,0.0,0.059343968767818486,0.07624787870973695,real10kg_smc_steady,,sinusoidal,2,41016,scn2_env41016,d3fdf5f607f81950aa470703ea9faeed51e7cd0b493e9c319e81e204a50672f1
pre_step_3_10s,3.0,10.0,700,0.1039051297128252,0.10339304132179221,0.010303154219422411,0.9950715773855602,0.09915924505265955,0.009832555879413386,0.09767785971011055,0.18552609939507717,1.0,0.0730952380952381,0.22857142857142856,0.06435199177933379,0.109132337324084,real10kg_smc_steady,,sinusoidal,2,41016,scn2_env41016,d3fdf5f607f81950aa470703ea9faeed51e7cd0b493e9c319e81e204a50672f1
step_recovery_10_13s,10.0,13.0,300,0.0643809947271449,0.06003594227263061,0.023250765954996484,0.9325103243134222,0.3611433164948178,0.13042449504887613,0.06073744816278977,0.10464915061135138,1.0,0.09777777777777778,0.2966666666666667,0.059694621900301614,0.10151467708099238,real10kg_smc_steady,,sinusoidal,2,41016,scn2_env41016,d3fdf5f607f81950aa470703ea9faeed51e7cd0b493e9c319e81e204a50672f1
post_step_13_20p9s,13.0,20.9,790,0.1594927384910509,0.15850775535728936,0.017698167220603578,0.9938242759947545,0.11096534794025509,0.012313308443501874,0.15745985608402044,0.2756965627992289,1.0,0.09556962025316455,0.17088607594936708,0.051844977329432655,0.08678704431360425,real10kg_smc_steady,,sinusoidal,2,41016,scn2_env41016,d3fdf5f607f81950aa470703ea9faeed51e7cd0b493e9c319e81e204a50672f1
startup_0_3s,0.0,3.0,300,0.1532332263601236,0.15197042134879335,0.019631930516459537,0.9917589347863599,0.12811797403730985,0.0164142152714248,0.1308800823071334,0.2496491203234374,1.0,0.024444444444444446,0.06,0.045344886931762265,0.029424838660370854,real10kg_mpc_ltv_v3,,sinusoidal,2,41016,scn2_env41016,d3fdf5f607f81950aa470703ea9faeed51e7cd0b493e9c319e81e204a50672f1
pre_step_3_10s,3.0,10.0,700,0.018459604967019747,0.017315386712732854,0.006397999572283086,0.9380150194800391,0.34659460934910924,0.12012782322986165,0.014670761527859337,0.05530021606852311,1.0,0.13166666666666665,0.4142857142857143,0.02212116300197368,0.027564341931295342,real10kg_mpc_ltv_v3,,sinusoidal,2,41016,scn2_env41016,d3fdf5f607f81950aa470703ea9faeed51e7cd0b493e9c319e81e204a50672f1
step_recovery_10_13s,10.0,13.0,300,0.03639282117874262,0.03443090167398827,0.01178772426145476,0.9460904804516688,0.32390245877228335,0.1049128027987307,0.031853401903841304,0.06016063351581611,1.0,0.10166666666666667,0.30666666666666664,0.025856621494159238,0.03689351514493742,real10kg_mpc_ltv_v3,,sinusoidal,2,41016,scn2_env41016,d3fdf5f607f81950aa470703ea9faeed51e7cd0b493e9c319e81e204a50672f1
post_step_13_20p9s,13.0,20.9,790,0.043301792899102756,0.04163686813816743,0.01189186612444171,0.9615506737835369,0.2746275691667288,0.07542030174642643,0.023535075187078112,0.22178174870959275,1.0,0.07869198312236286,0.17088607594936708,0.02019213609536964,0.026073907448310053,real10kg_mpc_ltv_v3,,sinusoidal,2,41016,scn2_env41016,d3fdf5f607f81950aa470703ea9faeed51e7cd0b493e9c319e81e204a50672f1
startup_0_3s,0.0,3.0,300,0.13824448839380693,0.1359451318730699,0.02510895639565801,0.9833674633437318,0.18162717868456332,0.032988432036914296,0.10920091688079149,0.26414176735333433,0.8711602738502907,0.0,0.0,0.04700546437933213,0.052483880213487336,predictive_alpha,31000,sinusoidal,2,41016,scn2_env41016,d3fdf5f607f81950aa470703ea9faeed51e7cd0b493e9c319e81e204a50672f1
pre_step_3_10s,3.0,10.0,700,0.0182829775871578,0.017035123588861858,0.006638662046279863,0.9317477696208274,0.3631061742887518,0.13184609380661338,0.014414949060229953,0.05542195571722869,1.0,0.13238095238095238,0.41714285714285715,0.023251811110579047,0.02981327764628082,predictive_alpha,31000,sinusoidal,2,41016,scn2_env41016,d3fdf5f607f81950aa470703ea9faeed51e7cd0b493e9c319e81e204a50672f1
step_recovery_10_13s,10.0,13.0,300,0.0383724835019548,0.034326649061457895,0.017150179425280215,0.8945641753864901,0.44693952176450963,0.19975493611508857,0.03427356553613135,0.06074660944687259,1.0,0.09833333333333333,0.2966666666666667,0.040052040413596925,0.06416779549867913,predictive_alpha,31000,sinusoidal,2,41016,scn2_env41016,d3fdf5f607f81950aa470703ea9faeed51e7cd0b493e9c319e81e204a50672f1
post_step_13_20p9s,13.0,20.9,790,0.043467362474142374,0.04185272770921822,0.011737153988787823,0.9628540892978115,0.27002222634902123,0.07291200272248205,0.02349679539107193,0.22242781638417228,1.0,0.07848101265822785,0.17088607594936708,0.020987030469578203,0.027590713605757294,predictive_alpha,31000,sinusoidal,2,41016,scn2_env41016,d3fdf5f607f81950aa470703ea9faeed51e7cd0b493e9c319e81e204a50672f1
startup_0_3s,0.0,3.0,300,0.1341692166945373,0.1319741388278852,0.024170341103587973,0.9836394821350889,0.18014818673806918,0.03245336918501424,0.10611001574507668,0.26120658389758294,0.8711602738502907,0.0,0.0,0.04525614408498307,0.05181770239808024,predictive_alpha,31001,sinusoidal,2,41016,scn2_env41016,d3fdf5f607f81950aa470703ea9faeed51e7cd0b493e9c319e81e204a50672f1
pre_step_3_10s,3.0,10.0,700,0.018266706314591197,0.01703656700696483,0.0065899881791034575,0.9326567534157075,0.3607649931854143,0.13015138030807202,0.01442294161682957,0.055285168282911946,1.0,0.13166666666666665,0.41285714285714287,0.023677461650578217,0.030741447120046082,predictive_alpha,31001,sinusoidal,2,41016,scn2_env41016,d3fdf5f607f81950aa470703ea9faeed51e7cd0b493e9c319e81e204a50672f1
step_recovery_10_13s,10.0,13.0,300,0.037761399214469984,0.03412666450102801,0.016164592189995056,0.903744702551987,0.42807185449316887,0.18324551260922073,0.03361200397140159,0.060428899468167284,1.0,0.09777777777777778,0.29333333333333333,0.038864088844523484,0.06187414384500286,predictive_alpha,31001,sinusoidal,2,41016,scn2_env41016,d3fdf5f607f81950aa470703ea9faeed51e7cd0b493e9c319e81e204a50672f1
post_step_13_20p9s,13.0,20.9,790,0.043500562370867406,0.04192843719663866,0.011589006895728952,0.963859658621756,0.2664105074533515,0.07097455848155224,0.023413991353399496,0.2226611447885276,1.0,0.07827004219409282,0.17088607594936708,0.02160600200896094,0.02878739755372145,predictive_alpha,31001,sinusoidal,2,41016,scn2_env41016,d3fdf5f607f81950aa470703ea9faeed51e7cd0b493e9c319e81e204a50672f1
startup_0_3s,0.0,3.0,300,0.13690700122865904,0.13465868528250308,0.024709622890927155,0.9835777869212045,0.18048472809405627,0.03257473707518543,0.10845944812700538,0.26212454614476144,0.8711602738502907,0.0,0.0,0.04680771103219745,0.05324297964442331,predictive_alpha,31002,sinusoidal,2,41016,scn2_env41016,d3fdf5f607f81950aa470703ea9faeed51e7cd0b493e9c319e81e204a50672f1
pre_step_3_10s,3.0,10.0,700,0.018272804299524385,0.01703980150445989,0.006598525718470997,0.932522519540332,0.3611118255473654,0.13040175055015082,0.014446836096227858,0.05529980465660087,1.0,0.13214285714285715,0.41285714285714287,0.024476500284389253,0.03237501249241655,predictive_alpha,31002,sinusoidal,2,41016,scn2_env41016,d3fdf5f607f81950aa470703ea9faeed51e7cd0b493e9c319e81e204a50672f1
step_recovery_10_13s,10.0,13.0,300,0.03812371415020015,0.03423288567399149,0.016778769890477625,0.8979420404612327,0.4401137261803107,0.19370009197231752,0.0339495532257886,0.0606385595822571,1.0,0.09777777777777778,0.29333333333333333,0.04028467367052331,0.06470988213356327,predictive_alpha,31002,sinusoidal,2,41016,scn2_env41016,d3fdf5f607f81950aa470703ea9faeed51e7cd0b493e9c319e81e204a50672f1
post_step_13_20p9s,13.0,20.9,790,0.043443237012821295,0.04192010568859322,0.011402612911492721,0.9649397367931273,0.2624715305659083,0.06889130435761051,0.023277684340786677,0.22259488710672903,1.0,0.07848101265822785,0.17088607594936708,0.02218965853648339,0.029840350079888375,predictive_alpha,31002,sinusoidal,2,41016,scn2_env41016,d3fdf5f607f81950aa470703ea9faeed51e7cd0b493e9c319e81e204a50672f1
startup_0_3s,0.0,3.0,300,0.13703377594292776,0.13548716806942063,0.02053005206289305,0.9887136739620218,0.14981745866393892,0.02244527092052105,0.10870191413960022,0.2625953090322025,0.8711602738502907,0.0,0.0,0.04408739475403382,0.04809946427458372,predictive_alpha,31003,sinusoidal,2,41016,scn2_env41016,d3fdf5f607f81950aa470703ea9faeed51e7cd0b493e9c319e81e204a50672f1
pre_step_3_10s,3.0,10.0,700,0.018406462065367602,0.017253288253941502,0.006412635198591973,0.9373495130497763,0.34839042809088056,0.12137589038534702,0.014627166679529888,0.05529781140986813,1.0,0.13142857142857142,0.4114285714285714,0.024038251794611956,0.03146398568779694,predictive_alpha,31003,sinusoidal,2,41016,scn2_env41016,d3fdf5f607f81950aa470703ea9faeed51e7cd0b493e9c319e81e204a50672f1
step_recovery_10_13s,10.0,13.0,300,0.03805207356027,0.034167151614757266,0.016750106052511694,0.8979051183804878,0.44018904846227364,0.19376639838612186,0.033900570521558086,0.06053518630945245,1.0,0.09777777777777778,0.29333333333333333,0.03994912520861116,0.06399510466355804,predictive_alpha,31003,sinusoidal,2,41016,scn2_env41016,d3fdf5f607f81950aa470703ea9faeed51e7cd0b493e9c319e81e204a50672f1
post_step_13_20p9s,13.0,20.9,790,0.043452036887301544,0.041904922340579145,0.011491605339788031,0.9643948901466912,0.26446643616714655,0.06994249585895142,0.02333824212722467,0.22254957732250158,1.0,0.07848101265822785,0.17088607594936708,0.021868768717291594,0.029237341900904334,predictive_alpha,31003,sinusoidal,2,41016,scn2_env41016,d3fdf5f607f81950aa470703ea9faeed51e7cd0b493e9c319e81e204a50672f1
startup_0_3s,0.0,3.0,300,0.13761016861742456,0.13564688950752307,0.023162035183676252,0.9857330375391103,0.1683163055200516,0.02833037870391936,0.10810115460565081,0.2629852883646431,0.8711602738502907,0.0,0.0,0.04578819120492693,0.05058721306814172,predictive_alpha,31004,sinusoidal,2,41016,scn2_env41016,d3fdf5f607f81950aa470703ea9faeed51e7cd0b493e9c319e81e204a50672f1
pre_step_3_10s,3.0,10.0,700,0.018262017144220283,0.01704890661181613,0.006544925783946498,0.9335719311386099,0.3583900799270628,0.12844344939012645,0.014424982167049448,0.05529912671531025,1.0,0.1319047619047619,0.4142857142857143,0.022808219229325154,0.028930469335775665,predictive_alpha,31004,sinusoidal,2,41016,scn2_env41016,d3fdf5f607f81950aa470703ea9faeed51e7cd0b493e9c319e81e204a50672f1
step_recovery_10_13s,10.0,13.0,300,0.03828603429834375,0.03423274057465882,0.017144675413727196,0.8941312727220673,0.44780494318443614,0.20052926714041608,0.034218992240939286,0.06058251397147771,1.0,0.09777777777777778,0.29333333333333333,0.0397464013068172,0.06349503228575935,predictive_alpha,31004,sinusoidal,2,41016,scn2_env41016,d3fdf5f607f81950aa470703ea9faeed51e7cd0b493e9c319e81e204a50672f1
post_step_13_20p9s,13.0,20.9,790,0.04343186981993662,0.04179121198778449,0.011824631776422446,0.9622245636912686,0.27225702751104125,0.07412388902914786,0.02353370094106297,0.22225234541407757,1.0,0.07848101265822785,0.17088607594936708,0.02068630425750292,0.027049167484108204,predictive_alpha,31004,sinusoidal,2,41016,scn2_env41016,d3fdf5f607f81950aa470703ea9faeed51e7cd0b493e9c319e81e204a50672f1
startup_0_3s,0.0,3.0,300,0.262302711086998,0.25980090547541773,0.03614141333349001,0.9904621435241266,0.13778513071297604,0.018984742245591896,0.25293380729640613,0.39178778174944673,0.8806540853840603,0.0,0.0,0.06228269638016537,0.08337917023671242,real10kg_smc_steady,,sinusoidal,2,41017,scn2_env41017,744c8d4ba6e1a43a931a54ea972e145e6ab77cde5ccc2677e4505d2be2fe7877
pre_step_3_10s,3.0,10.0,700,0.10367306571983685,0.10312128710563394,0.010681980220307008,0.9946777052422273,0.10303524976461763,0.010616262694057138,0.09732324621351858,0.18603566340078156,1.0,0.08,0.25285714285714284,0.06610212985108475,0.11144021270593883,real10kg_smc_steady,,sinusoidal,2,41017,scn2_env41017,744c8d4ba6e1a43a931a54ea972e145e6ab77cde5ccc2677e4505d2be2fe7877
step_recovery_10_13s,10.0,13.0,300,0.06425347724241552,0.059852528622791765,0.023370583116377342,0.9315064521252312,0.36372479933194596,0.13229572964906436,0.06069276281263626,0.10491244314746538,1.0,0.09666666666666666,0.29,0.0652232423766044,0.10857202052221843,real10kg_smc_steady,,sinusoidal,2,41017,scn2_env41017,744c8d4ba6e1a43a931a54ea972e145e6ab77cde5ccc2677e4505d2be2fe7877
post_step_13_20p9s,13.0,20.9,790,0.15903211348855945,0.15801337158598497,0.01797185356794045,0.9935941120304123,0.11300770123534402,0.012770740538496776,0.1571231596598907,0.2677462371801252,1.0,0.09535864978902954,0.16835443037974684,0.05161156962550286,0.08718688243003131,real10kg_smc_steady,,sinusoidal,2,41017,scn2_env41017,744c8d4ba6e1a43a931a54ea972e145e6ab77cde5ccc2677e4505d2be2fe7877
startup_0_3s,0.0,3.0,300,0.15665241260712923,0.1554782858997823,0.019143693199062284,0.9925048922783491,0.12220490498970495,0.01493403880354281,0.133396808532096,0.2584469488886464,1.0,0.025555555555555557,0.06,0.046663574664933594,0.03296183762872581,real10kg_mpc_ltv_v3,,sinusoidal,2,41017,scn2_env41017,744c8d4ba6e1a43a931a54ea972e145e6ab77cde5ccc2677e4505d2be2fe7877
pre_step_3_10s,3.0,10.0,700,0.018571090383661136,0.017386844922054955,0.0065255667718998114,0.9362317754563253,0.3513830710576376,0.1234700626258968,0.014786516045882863,0.055492575384531534,1.0,0.1357142857142857,0.42714285714285716,0.02439076325400958,0.031001706444049072,real10kg_mpc_ltv_v3,,sinusoidal,2,41017,scn2_env41017,744c8d4ba6e1a43a931a54ea972e145e6ab77cde5ccc2677e4505d2be2fe7877
step_recovery_10_13s,10.0,13.0,300,0.03648413453641248,0.03460210094926959,0.011566619331836002,0.948415013510474,0.31703148447421986,0.1005089621479275,0.031913693535265526,0.06031032351888133,1.0,0.10333333333333333,0.31,0.029047098767288906,0.042233935308364584,real10kg_mpc_ltv_v3,,sinusoidal,2,41017,scn2_env41017,744c8d4ba6e1a43a931a54ea972e145e6ab77cde5ccc2677e4505d2be2fe7877
post_step_13_20p9s,13.0,20.9,790,0.043394860154019776,0.041783752346112174,0.011714603180035522,0.9628733033776499,0.2699537027762577,0.07287500164261207,0.02350406914472765,0.22222028901222365,1.0,0.07763713080168777,0.16835443037974684,0.020982591105438896,0.027777674955752823,real10kg_mpc_ltv_v3,,sinusoidal,2,41017,scn2_env41017,744c8d4ba6e1a43a931a54ea972e145e6ab77cde5ccc2677e4505d2be2fe7877
startup_0_3s,0.0,3.0,300,0.1431976272287752,0.14094692764800631,0.025288812359201995,0.9842825637245154,0.1766007778802097,0.03118783474789516,0.11288418876439875,0.2740468300145135,0.8930818712942664,0.0,0.0,0.05002420850845782,0.059993158840756594,predictive_alpha,31000,sinusoidal,2,41017,scn2_env41017,744c8d4ba6e1a43a931a54ea972e145e6ab77cde5ccc2677e4505d2be2fe7877
pre_step_3_10s,3.0,10.0,700,0.01839353895070036,0.017100038537050468,0.006775762478298667,0.9296763707562301,0.36837731425472475,0.13570184565752424,0.014578773544344387,0.05547924345194608,1.0,0.13666666666666666,0.42857142857142855,0.02605055610685083,0.03429759477890963,predictive_alpha,31000,sinusoidal,2,41017,scn2_env41017,744c8d4ba6e1a43a931a54ea972e145e6ab77cde5ccc2677e4505d2be2fe7877
step_recovery_10_13s,10.0,13.0,300,0.03823899034900569,0.03439565021388805,0.01670807078256534,0.8994915896042329,0.43693807368007015,0.19091488023125042,0.03413604213832409,0.060710371005944466,1.0,0.09722222222222222,0.29333333333333333,0.04518691627169463,0.07243790002232162,predictive_alpha,31000,sinusoidal,2,41017,scn2_env41017,744c8d4ba6e1a43a931a54ea972e145e6ab77cde5ccc2677e4505d2be2fe7877
post_step_13_20p9s,13.0,20.9,790,0.04356774669373998,0.04204378977094268,0.01142227182598393,0.9650209836760673,0.262172655066991,0.06873450106487546,0.023379415190803617,0.2229748059162916,1.0,0.07742616033755274,0.1670886075949367,0.022293608257302196,0.030368546328318487,predictive_alpha,31000,sinusoidal,2,41017,scn2_env41017,744c8d4ba6e1a43a931a54ea972e145e6ab77cde5ccc2677e4505d2be2fe7877
startup_0_3s,0.0,3.0,300,0.1395600644144462,0.1374012997534163,0.024451879384542453,0.9845316447073348,0.17520685080746765,0.03069744056987023,0.11007253864827038,0.27155380760335723,0.8930818712942664,0.0,0.0,0.04817991524780386,0.0592462863712114,predictive_alpha,31001,sinusoidal,2,41017,scn2_env41017,744c8d4ba6e1a43a931a54ea972e145e6ab77cde5ccc2677e4505d2be2fe7877
pre_step_3_10s,3.0,10.0,700,0.018395133537108758,0.017111056728726058,0.006752234850357486,0.9301947547272591,0.3670663676746955,0.13473771827789477,0.014601264746528031,0.05539893296469123,1.0,0.13642857142857143,0.42857142857142855,0.026253354421394808,0.034726845168238506,predictive_alpha,31001,sinusoidal,2,41017,scn2_env41017,744c8d4ba6e1a43a931a54ea972e145e6ab77cde5ccc2677e4505d2be2fe7877
step_recovery_10_13s,10.0,13.0,300,0.037695420684429375,0.03426860025484701,0.015703750416687277,0.9090918640152525,0.4165957066284694,0.17355198278127373,0.03349858956258314,0.06047042875796725,1.0,0.09666666666666666,0.29,0.04341063942621661,0.06932853877905318,predictive_alpha,31001,sinusoidal,2,41017,scn2_env41017,744c8d4ba6e1a43a931a54ea972e145e6ab77cde5ccc2677e4505d2be2fe7877
post_step_13_20p9s,13.0,20.9,790,0.04359136264599041,0.04208571818076014,0.01135778246595182,0.9654600275412872,0.260551214197855,0.0678869352199765,0.02334438537190931,0.2231080797306306,1.0,0.07742616033755274,0.1670886075949367,0.022653739732924432,0.031093694175480295,predictive_alpha,31001,sinusoidal,2,41017,scn2_env41017,744c8d4ba6e1a43a931a54ea972e145e6ab77cde5ccc2677e4505d2be2fe7877
startup_0_3s,0.0,3.0,300,0.14143775807261497,0.13925497095162684,0.024752625595461965,0.9845671541267822,0.17500719703683243,0.030627519014688697,0.11198086564409566,0.2718824924385785,0.8930818712942664,0.0,0.0,0.04920558349674751,0.05953618253998136,predictive_alpha,31002,sinusoidal,2,41017,scn2_env41017,744c8d4ba6e1a43a931a54ea972e145e6ab77cde5ccc2677e4505d2be2fe7877
pre_step_3_10s,3.0,10.0,700,0.018386908278004658,0.017098089438774763,0.0067626720730355585,0.9299056252555714,0.36779821657811856,0.1352755281180446,0.014585006337001317,0.055411099124423435,1.0,0.13666666666666666,0.42857142857142855,0.02551427746745152,0.03322561072315277,predictive_alpha,31002,sinusoidal,2,41017,scn2_env41017,744c8d4ba6e1a43a931a54ea972e145e6ab77cde5ccc2677e4505d2be2fe7877
step_recovery_10_13s,10.0,13.0,300,0.038182523357502045,0.034339698773924454,0.0166940162352359,0.8993564530139269,0.43721615983653644,0.19115797042220775,0.03406097531455278,0.06067928445474037,1.0,0.09722222222222222,0.29333333333333333,0.04474494779353028,0.07158776091119587,predictive_alpha,31002,sinusoidal,2,41017,scn2_env41017,744c8d4ba6e1a43a931a54ea972e145e6ab77cde5ccc2677e4505d2be2fe7877
post_step_13_20p9s,13.0,20.9,790,0.04353241927421507,0.041965918583127475,0.011572951453296952,0.9640153081954841,0.2658467332219184,0.07067448556476584,0.023453793013489134,0.22274823466485366,1.0,0.07742616033755274,0.1670886075949367,0.021859448481950993,0.029495663497514448,predictive_alpha,31002,sinusoidal,2,41017,scn2_env41017,744c8d4ba6e1a43a931a54ea972e145e6ab77cde5ccc2677e4505d2be2fe7877
startup_0_3s,0.0,3.0,300,0.14188478494014525,0.14034540836827708,0.02084366924159025,0.9891505169316247,0.1469055984430131,0.02158125485389981,0.11228911483753819,0.2725678567095937,0.8930818712942664,0.0,0.0,0.045983675387854826,0.05331632867101978,predictive_alpha,31003,sinusoidal,2,41017,scn2_env41017,744c8d4ba6e1a43a931a54ea972e145e6ab77cde5ccc2677e4505d2be2fe7877
pre_step_3_10s,3.0,10.0,700,0.01861771256106668,0.017396624543602288,0.00663149119696578,0.9344125647305389,0.35619258677532384,0.12687315887369663,0.014826544389969491,0.055648042861948036,1.0,0.13476190476190475,0.4257142857142857,0.024081349483684903,0.03036333623740158,predictive_alpha,31003,sinusoidal,2,41017,scn2_env41017,744c8d4ba6e1a43a931a54ea972e145e6ab77cde5ccc2677e4505d2be2fe7877
step_recovery_10_13s,10.0,13.0,300,0.03833908493394983,0.034425414649439996,0.016875315101850422,0.8979195697744935,0.44015956903830744,0.19374044621598854,0.034268184714699786,0.0608356189282193,1.0,0.09722222222222222,0.29333333333333333,0.04404657434080768,0.07012533623105414,predictive_alpha,31003,sinusoidal,2,41017,scn2_env41017,744c8d4ba6e1a43a931a54ea972e145e6ab77cde5ccc2677e4505d2be2fe7877
post_step_13_20p9s,13.0,20.9,790,0.04353601087740168,0.04186892703480735,0.011932191419484322,0.9617079330651384,0.27407636067267677,0.07511785147957921,0.023684291647121096,0.22249396913449024,1.0,0.07742616033755274,0.1670886075949367,0.02058912299146598,0.02706793839857825,predictive_alpha,31003,sinusoidal,2,41017,scn2_env41017,744c8d4ba6e1a43a931a54ea972e145e6ab77cde5ccc2677e4505d2be2fe7877
startup_0_3s,0.0,3.0,300,0.14313937584744685,0.14112373671790113,0.023936830466316266,0.9859183462439159,0.1672274335737452,0.027965014539661364,0.11260423404268115,0.2732442102412509,0.8930818712942664,0.0,0.0,0.04958308219795047,0.059703468051225575,predictive_alpha,31004,sinusoidal,2,41017,scn2_env41017,744c8d4ba6e1a43a931a54ea972e145e6ab77cde5ccc2677e4505d2be2fe7877
pre_step_3_10s,3.0,10.0,700,0.018491530979809306,0.017213819156007466,0.006754342902275371,0.93090286438711,0.3652668299693715,0.13341985707587373,0.01482303103387961,0.05533997749591703,1.0,0.1361904761904762,0.42714285714285716,0.028291813054389194,0.039205700938930235,predictive_alpha,31004,sinusoidal,2,41017,scn2_env41017,744c8d4ba6e1a43a931a54ea972e145e6ab77cde5ccc2677e4505d2be2fe7877
step_recovery_10_13s,10.0,13.0,300,0.03788810016371265,0.0342858406683565,0.01612418257399717,0.9049237232853862,0.4255737950524137,0.18111305503531386,0.033665063334412305,0.06048713876230164,1.0,0.09722222222222222,0.29333333333333333,0.04505488177858453,0.07251801735998936,predictive_alpha,31004,sinusoidal,2,41017,scn2_env41017,744c8d4ba6e1a43a931a54ea972e145e6ab77cde5ccc2677e4505d2be2fe7877
post_step_13_20p9s,13.0,20.9,790,0.04349536297140632,0.04214557369749045,0.010751614656589269,0.9689670534580155,0.24718990536203453,0.06110284931289159,0.02294074270175295,0.22320833735750598,1.0,0.07742616033755274,0.1670886075949367,0.024144536840557604,0.03433231204043569,predictive_alpha,31004,sinusoidal,2,41017,scn2_env41017,744c8d4ba6e1a43a931a54ea972e145e6ab77cde5ccc2677e4505d2be2fe7877
startup_0_3s,0.0,3.0,300,0.26159378470281675,0.25883221088579045,0.03791035218930743,0.9894432743493368,0.14492069156908843,0.021002006844862867,0.25228102668449887,0.39119904899304586,0.8786603720267703,0.0,0.0,0.058997516340485806,0.07589988535789699,real10kg_smc_steady,,sinusoidal,2,41018,scn2_env41018,9cfe11d6c591cbf3f42b421ae8a2ca7339801a4207a2dcc7d62c2bd0d8e54b8a
pre_step_3_10s,3.0,10.0,700,0.10390492816427345,0.10339796808969182,0.010251550699572178,0.9951209236795763,0.09866279569881903,0.009734347255106902,0.09765569426431989,0.18559304295666434,1.0,0.07428571428571429,0.23857142857142857,0.06443478383472033,0.11030997973354212,real10kg_smc_steady,,sinusoidal,2,41018,scn2_env41018,9cfe11d6c591cbf3f42b421ae8a2ca7339801a4207a2dcc7d62c2bd0d8e54b8a
step_recovery_10_13s,10.0,13.0,300,0.06404923568534396,0.05976175002763174,0.02303991808821363,0.9330595344060709,0.3597219832786503,0.12939990525392556,0.06052436784441343,0.10472645282304599,1.0,0.09666666666666666,0.2966666666666667,0.06573997456828165,0.11276198660921237,real10kg_smc_steady,,sinusoidal,2,41018,scn2_env41018,9cfe11d6c591cbf3f42b421ae8a2ca7339801a4207a2dcc7d62c2bd0d8e54b8a
post_step_13_20p9s,13.0,20.9,790,0.15895920787707538,0.15795501644007898,0.017839353977138154,0.993682709857406,0.1122259868766677,0.012594672130441992,0.15703491076068493,0.2676329872462866,1.0,0.09535864978902954,0.16582278481012658,0.05410853369240948,0.09230835576396543,real10kg_smc_steady,,sinusoidal,2,41018,scn2_env41018,9cfe11d6c591cbf3f42b421ae8a2ca7339801a4207a2dcc7d62c2bd0d8e54b8a
startup_0_3s,0.0,3.0,300,0.15436970043618173,0.15296187988443924,0.020800666214688214,0.9908802015695788,0.13474578337532925,0.01815642613743116,0.13264013844517156,0.24930426457915184,1.0,0.025555555555555557,0.06,0.04618003554779074,0.027449902279505,real10kg_mpc_ltv_v3,,sinusoidal,2,41018,scn2_env41018,9cfe11d6c591cbf3f42b421ae8a2ca7339801a4207a2dcc7d62c2bd0d8e54b8a
pre_step_3_10s,3.0,10.0,700,0.01918828729046445,0.017992603604581114,0.00666757712139981,0.9376867946688746,0.347481618367953,0.1207434751036117,0.015423139395657225,0.05644066965148035,1.0,0.13023809523809524,0.4085714285714286,0.019476832590611746,0.022186117960414323,real10kg_mpc_ltv_v3,,sinusoidal,2,41018,scn2_env41018,9cfe11d6c591cbf3f42b421ae8a2ca7339801a4207a2dcc7d62c2bd0d8e54b8a
step_recovery_10_13s,10.0,13.0,300,0.03711287367553948,0.03500014250189988,0.012343233664775733,0.9430728217892739,0.3325863088018152,0.11061365280241638,0.03258941704758675,0.06117972168267007,1.0,0.10222222222222223,0.30666666666666664,0.025965778180855624,0.03597504845729997,real10kg_mpc_ltv_v3,,sinusoidal,2,41018,scn2_env41018,9cfe11d6c591cbf3f42b421ae8a2ca7339801a4207a2dcc7d62c2bd0d8e54b8a
post_step_13_20p9s,13.0,20.9,790,0.043430392885488105,0.04153511637283956,0.012689883139041567,0.9563605948109709,0.29218900166297557,0.08537441269280636,0.024150069537913245,0.2215307368431578,1.0,0.07679324894514768,0.16582278481012658,0.017852238577664502,0.02218659270965714,real10kg_mpc_ltv_v3,,sinusoidal,2,41018,scn2_env41018,9cfe11d6c591cbf3f42b421ae8a2ca7339801a4207a2dcc7d62c2bd0d8e54b8a
startup_0_3s,0.0,3.0,300,0.140913744326836,0.13819112527621885,0.027566215465698093,0.9806788254501115,0.19562474616926565,0.03826904131378962,0.11191770515375997,0.26947585065992397,0.8828398836464973,0.0,0.0,0.04608231085279065,0.051051833938654395,predictive_alpha,31000,sinusoidal,2,41018,scn2_env41018,9cfe11d6c591cbf3f42b421ae8a2ca7339801a4207a2dcc7d62c2bd0d8e54b8a
pre_step_3_10s,3.0,10.0,700,0.01929408752327641,0.017931497190401945,0.007122023719874682,0.9293778298024908,0.36912985448431623,0.13625684947161248,0.015491957431100612,0.0570086848615122,1.0,0.12928571428571428,0.4057142857142857,0.01941136139066746,0.02184006386246324,predictive_alpha,31000,sinusoidal,2,41018,scn2_env41018,9cfe11d6c591cbf3f42b421ae8a2ca7339801a4207a2dcc7d62c2bd0d8e54b8a
step_recovery_10_13s,10.0,13.0,300,0.03963533271563509,0.03534767723987537,0.017930457697021847,0.8918223922447773,0.4523856990343557,0.20465282069080262,0.03569600771125466,0.0621975481447585,1.0,0.10055555555555555,0.30333333333333334,0.042722141589025646,0.0695248608649679,predictive_alpha,31000,sinusoidal,2,41018,scn2_env41018,9cfe11d6c591cbf3f42b421ae8a2ca7339801a4207a2dcc7d62c2bd0d8e54b8a
post_step_13_20p9s,13.0,20.9,790,0.04365541346372822,0.04168327739814684,0.012973030102416468,0.9548249367235988,0.29716887490242905,0.08830934021077551,0.02442854450013996,0.2219872544957386,1.0,0.07531645569620253,0.16329113924050634,0.017269303226109946,0.021191457654025095,predictive_alpha,31000,sinusoidal,2,41018,scn2_env41018,9cfe11d6c591cbf3f42b421ae8a2ca7339801a4207a2dcc7d62c2bd0d8e54b8a
startup_0_3s,0.0,3.0,300,0.13772463215480857,0.1350707018795398,0.02690687265264807,0.9807301698051686,0.19536717747340618,0.03816833403392539,0.10928853278552389,0.26740791601114794,0.8828398836464973,0.0,0.0,0.04467751063779162,0.04993185645066041,predictive_alpha,31001,sinusoidal,2,41018,scn2_env41018,9cfe11d6c591cbf3f42b421ae8a2ca7339801a4207a2dcc7d62c2bd0d8e54b8a
pre_step_3_10s,3.0,10.0,700,0.019282067039737363,0.01793133510407752,0.00708980470183793,0.9299487999457635,0.3676890391070074,0.13519522947943444,0.01548442424648928,0.05691139683971515,1.0,0.12928571428571428,0.4057142857142857,0.01923298654347046,0.021562959677680228,predictive_alpha,31001,sinusoidal,2,41018,scn2_env41018,9cfe11d6c591cbf3f42b421ae8a2ca7339801a4207a2dcc7d62c2bd0d8e54b8a
step_recovery_10_13s,10.0,13.0,300,0.03915563264708891,0.035124577425135806,0.01730397725089278,0.8970504382272367,0.4419281743409469,0.1953005112763223,0.03521601443130531,0.061930066788224075,1.0,0.09944444444444445,0.3,0.04120821041550758,0.06664350969648336,predictive_alpha,31001,sinusoidal,2,41018,scn2_env41018,9cfe11d6c591cbf3f42b421ae8a2ca7339801a4207a2dcc7d62c2bd0d8e54b8a
post_step_13_20p9s,13.0,20.9,790,0.04363287606135517,0.04165530161950558,0.012987059727805877,0.9546769633276342,0.29764390753302356,0.08859189569152709,0.024415719395154915,0.22190593723157395,1.0,0.07637130801687764,0.16582278481012658,0.017413984483535008,0.021471208889756156,predictive_alpha,31001,sinusoidal,2,41018,scn2_env41018,9cfe11d6c591cbf3f42b421ae8a2ca7339801a4207a2dcc7d62c2bd0d8e54b8a
startup_0_3s,0.0,3.0,300,0.1390656386417075,0.13663300257818117,0.025897383213303787,0.9825072815449843,0.1862241705877216,0.03467944171108483,0.11113262784322332,0.2675647780286439,0.8828398836464973,0.0,0.0,0.04492515329507009,0.04936704024083653,predictive_alpha,31002,sinusoidal,2,41018,scn2_env41018,9cfe11d6c591cbf3f42b421ae8a2ca7339801a4207a2dcc7d62c2bd0d8e54b8a
pre_step_3_10s,3.0,10.0,700,0.019393682402095037,0.018069782506762014,0.007042576039465127,0.9317355070644033,0.3631376390233317,0.13186894487543951,0.015631795123263723,0.056979231267678475,1.0,0.12904761904761905,0.4057142857142857,0.019380524984419452,0.02179634218381465,predictive_alpha,31002,sinusoidal,2,41018,scn2_env41018,9cfe11d6c591cbf3f42b421ae8a2ca7339801a4207a2dcc7d62c2bd0d8e54b8a
step_recovery_10_13s,10.0,13.0,300,0.039542874558762715,0.03529725156542008,0.017825346007791645,0.8926324137858662,0.45078528576121285,0.20320737385881835,0.03559045318092063,0.062193556871743966,1.0,0.10055555555555555,0.30333333333333334,0.0424417691416707,0.0689634186901118,predictive_alpha,31002,sinusoidal,2,41018,scn2_env41018,9cfe11d6c591cbf3f42b421ae8a2ca7339801a4207a2dcc7d62c2bd0d8e54b8a
post_step_13_20p9s,13.0,20.9,790,0.04364973807710726,0.04167107901471895,0.012993106170162591,0.9546696234718979,0.29766744870748757,0.08860591002002473,0.024427921786335054,0.22192951681637055,1.0,0.0759493670886076,0.16582278481012658,0.01735391593324853,0.021384126337783048,predictive_alpha,31002,sinusoidal,2,41018,scn2_env41018,9cfe11d6c591cbf3f42b421ae8a2ca7339801a4207a2dcc7d62c2bd0d8e54b8a
startup_0_3s,0.0,3.0,300,0.13830250845160308,0.1363546883445451,0.023129695425312496,0.9859162344279562,0.1672398836743181,0.027969178691399456,0.10996756824337058,0.2674832644964793,0.8828398836464973,0.0,0.0,0.04207596275383599,0.04441217303609887,predictive_alpha,31003,sinusoidal,2,41018,scn2_env41018,9cfe11d6c591cbf3f42b421ae8a2ca7339801a4207a2dcc7d62c2bd0d8e54b8a
pre_step_3_10s,3.0,10.0,700,0.01945987806886792,0.01819451335486833,0.006902647190370131,0.9349757121025372,0.35471173899147107,0.1258204177783535,0.015730860925145092,0.05694231241120256,1.0,0.12880952380952382,0.4057142857142857,0.019297432067694156,0.021622238470386943,predictive_alpha,31003,sinusoidal,2,41018,scn2_env41018,9cfe11d6c591cbf3f42b421ae8a2ca7339801a4207a2dcc7d62c2bd0d8e54b8a
step_recovery_10_13s,10.0,13.0,300,0.03941015533021157,0.0351908455528158,0.017741610198323817,0.8929385143995798,0.4501786417655455,0.20266080950187132,0.03544480809033087,0.062073500718117104,1.0,0.1,0.3,0.04213890856166007,0.06838642243280976,predictive_alpha,31003,sinusoidal,2,41018,scn2_env41018,9cfe11d6c591cbf3f42b421ae8a2ca7339801a4207a2dcc7d62c2bd0d8e54b8a
post_step_13_20p9s,13.0,20.9,790,0.04361369412220365,0.04163940932930995,0.012973584920572934,0.9547324565683007,0.29746585749470156,0.08848593637505808,0.0244078867585794,0.22184528666032632,1.0,0.0759493670886076,0.16455696202531644,0.017260402158473152,0.021165784555902876,predictive_alpha,31003,sinusoidal,2,41018,scn2_env41018,9cfe11d6c591cbf3f42b421ae8a2ca7339801a4207a2dcc7d62c2bd0d8e54b8a
startup_0_3s,0.0,3.0,300,0.14079450662365547,0.13852689061956724,0.02516731353706664,0.9838941443209175,0.17875209864784722,0.031952312771009704,0.11090762837241788,0.2689889585515739,0.8828398836464973,0.0,0.0,0.04446060894802519,0.0475938206318974,predictive_alpha,31004,sinusoidal,2,41018,scn2_env41018,9cfe11d6c591cbf3f42b421ae8a2ca7339801a4207a2dcc7d62c2bd0d8e54b8a
pre_step_3_10s,3.0,10.0,700,0.01931292472915751,0.018005941601309795,0.006983919289648535,0.9323259865516634,0.3616189358986434,0.13076825480046717,0.015530453105427482,0.05696333523934211,1.0,0.12904761904761905,0.4057142857142857,0.019329662214984077,0.0217187413429588,predictive_alpha,31004,sinusoidal,2,41018,scn2_env41018,9cfe11d6c591cbf3f42b421ae8a2ca7339801a4207a2dcc7d62c2bd0d8e54b8a
step_recovery_10_13s,10.0,13.0,300,0.03955869018234298,0.035299397788208176,0.017856160974085156,0.8923297921518155,0.451384029445324,0.20374754203829717,0.03560803815401044,0.06213873439879979,1.0,0.10055555555555555,0.30333333333333334,0.042542793016371955,0.06918636431882767,predictive_alpha,31004,sinusoidal,2,41018,scn2_env41018,9cfe11d6c591cbf3f42b421ae8a2ca7339801a4207a2dcc7d62c2bd0d8e54b8a
post_step_13_20p9s,13.0,20.9,790,0.043555941472070606,0.041582223576972825,0.012962974963837803,0.9546854498286212,0.2976166861678345,0.08857569188552328,0.024379009706086387,0.22168818318178982,1.0,0.07616033755274261,0.16582278481012658,0.01722839344972498,0.02111235659850582,predictive_alpha,31004,sinusoidal,2,41018,scn2_env41018,9cfe11d6c591cbf3f42b421ae8a2ca7339801a4207a2dcc7d62c2bd0d8e54b8a
startup_0_3s,0.0,3.0,300,0.2672468441589334,0.2642776947894674,0.03972626020247006,0.9888898618099293,0.14865006293149938,0.02209684120953873,0.2579413574284504,0.39816767820550375,0.8999999999999999,0.0,0.0,0.06028315832982646,0.07585438732357673,real10kg_smc_steady,,sinusoidal,2,41019,scn2_env41019,46e1c01a608decd1d9bbc6a701492db0c4da70ab0ae50b063a82c2c83e638b2e
pre_step_3_10s,3.0,10.0,700,0.10387416325199218,0.10334813034306152,0.010440581683751502,0.9949358638138481,0.10051182466253238,0.010102626896991651,0.09764033978891357,0.1853921611720213,1.0,0.0761904761904762,0.23857142857142857,0.06777853884261871,0.11783782090683768,real10kg_smc_steady,,sinusoidal,2,41019,scn2_env41019,46e1c01a608decd1d9bbc6a701492db0c4da70ab0ae50b063a82c2c83e638b2e
step_recovery_10_13s,10.0,13.0,300,0.0639420401541006,0.05961147958289421,0.02313127754809058,0.9322736565682027,0.3617538241248496,0.13086582926895263,0.06038598224000301,0.10368098782444131,1.0,0.09833333333333333,0.3,0.06633217136546052,0.1133783318159666,real10kg_smc_steady,,sinusoidal,2,41019,scn2_env41019,46e1c01a608decd1d9bbc6a701492db0c4da70ab0ae50b063a82c2c83e638b2e
post_step_13_20p9s,13.0,20.9,790,0.1595715473367801,0.15857206313350444,0.017831980064988064,0.9937364510155045,0.11174912045787952,0.012487865923109668,0.1575153538098331,0.2771980235336193,1.0,0.09662447257383966,0.17088607594936708,0.054308629460202915,0.09244066555898316,real10kg_smc_steady,,sinusoidal,2,41019,scn2_env41019,46e1c01a608decd1d9bbc6a701492db0c4da70ab0ae50b063a82c2c83e638b2e
startup_0_3s,0.0,3.0,300,0.15636748871799674,0.1548423263130167,0.021786360640228562,0.990246294690256,0.13932794354406686,0.019412275852218684,0.13447013677249361,0.2551200121979589,1.0,0.026111111111111113,0.06,0.0466108852005708,0.027495531456025943,real10kg_mpc_ltv_v3,,sinusoidal,2,41019,scn2_env41019,46e1c01a608decd1d9bbc6a701492db0c4da70ab0ae50b063a82c2c83e638b2e
pre_step_3_10s,3.0,10.0,700,0.01904729997491028,0.017828920204796997,0.006702927768162107,0.9360339905541377,0.35190960277789607,0.12384036852729659,0.015352762053143936,0.056027578998618606,1.0,0.13476190476190475,0.42428571428571427,0.020210413511346274,0.023656332439516974,real10kg_mpc_ltv_v3,,sinusoidal,2,41019,scn2_env41019,46e1c01a608decd1d9bbc6a701492db0c4da70ab0ae50b063a82c2c83e638b2e
step_recovery_10_13s,10.0,13.0,300,0.03680093630231267,0.03469094612082762,0.012281985587384043,0.9426647690658769,0.33374111697838,0.1113831331619767,0.03223499717780799,0.06076694762807396,1.0,0.10222222222222223,0.30666666666666664,0.026341475614256316,0.03709719149263117,real10kg_mpc_ltv_v3,,sinusoidal,2,41019,scn2_env41019,46e1c01a608decd1d9bbc6a701492db0c4da70ab0ae50b063a82c2c83e638b2e
post_step_13_20p9s,13.0,20.9,790,0.0433969589876171,0.04151441633411998,0.012643151735634277,0.9566204015808046,0.29133727409890353,0.08487740727937963,0.02409760801407992,0.22145592436831252,1.0,0.07848101265822785,0.17088607594936708,0.01784089172695227,0.022371311275999027,real10kg_mpc_ltv_v3,,sinusoidal,2,41019,scn2_env41019,46e1c01a608decd1d9bbc6a701492db0c4da70ab0ae50b063a82c2c83e638b2e
startup_0_3s,0.0,3.0,300,0.14683962772227113,0.14389837401109806,0.02924267817039532,0.9799696188501915,0.19914704650235293,0.03965954613061031,0.11618502630405854,0.281847068417135,0.9043894833398685,0.0,0.0,0.04620306289975677,0.05323021598507157,predictive_alpha,31000,sinusoidal,2,41019,scn2_env41019,46e1c01a608decd1d9bbc6a701492db0c4da70ab0ae50b063a82c2c83e638b2e
pre_step_3_10s,3.0,10.0,700,0.018907048156190414,0.017562373174611057,0.007002822177965488,0.9288796976412687,0.3703815698841743,0.13718250730986548,0.015099983224260935,0.05634417987167256,1.0,0.13547619047619047,0.42428571428571427,0.02093491479853276,0.025208546064078418,predictive_alpha,31000,sinusoidal,2,41019,scn2_env41019,46e1c01a608decd1d9bbc6a701492db0c4da70ab0ae50b063a82c2c83e638b2e
step_recovery_10_13s,10.0,13.0,300,0.03899187304745086,0.034738884700211234,0.01770807876461912,0.8909262875865445,0.45414793854784585,0.206250350087258,0.03494674433210327,0.06153221939909569,1.0,0.10111111111111111,0.30333333333333334,0.04319163288199795,0.0700466899351753,predictive_alpha,31000,sinusoidal,2,41019,scn2_env41019,46e1c01a608decd1d9bbc6a701492db0c4da70ab0ae50b063a82c2c83e638b2e
post_step_13_20p9s,13.0,20.9,790,0.04355580594485183,0.041677164323818475,0.012653940312449041,0.9568681699194822,0.29052246969028245,0.0844033053949411,0.024154821504045916,0.22193896718196035,1.0,0.07763713080168777,0.16835443037974684,0.0181212876608771,0.022938831984101685,predictive_alpha,31000,sinusoidal,2,41019,scn2_env41019,46e1c01a608decd1d9bbc6a701492db0c4da70ab0ae50b063a82c2c83e638b2e
startup_0_3s,0.0,3.0,300,0.14404473353484262,0.14117744558215467,0.028597449502037273,0.9800944617527833,0.1985317255289997,0.039414846041522074,0.1138466101855865,0.2802527730077019,0.9043894833398685,0.0,0.0,0.044562627557802256,0.051943728938019545,predictive_alpha,31001,sinusoidal,2,41019,scn2_env41019,46e1c01a608decd1d9bbc6a701492db0c4da70ab0ae50b063a82c2c83e638b2e
pre_step_3_10s,3.0,10.0,700,0.018889918402043463,0.017555647714939632,0.006973395911949577,0.9293659899049912,0.36915966302931263,0.13627885680791565,0.01508770294179856,0.056244137926688594,1.0,0.13547619047619047,0.42428571428571427,0.020776448423189816,0.02484816306308467,predictive_alpha,31001,sinusoidal,2,41019,scn2_env41019,46e1c01a608decd1d9bbc6a701492db0c4da70ab0ae50b063a82c2c83e638b2e
step_recovery_10_13s,10.0,13.0,300,0.03843105393847069,0.03454636496011823,0.01683729713653468,0.8989179691878353,0.438116976013505,0.19194648467121814,0.03434105728840426,0.06126121898758263,1.0,0.1,0.3,0.041492341624672316,0.06671184965291437,predictive_alpha,31001,sinusoidal,2,41019,scn2_env41019,46e1c01a608decd1d9bbc6a701492db0c4da70ab0ae50b063a82c2c83e638b2e
post_step_13_20p9s,13.0,20.9,790,0.04356316584241738,0.041685516889632936,0.01265176271742747,0.9568982438150494,0.2904233995112557,0.08434575098367443,0.024154912649262162,0.22199199009601273,1.0,0.07784810126582278,0.16962025316455695,0.01823465306624806,0.023160151848404992,predictive_alpha,31001,sinusoidal,2,41019,scn2_env41019,46e1c01a608decd1d9bbc6a701492db0c4da70ab0ae50b063a82c2c83e638b2e
startup_0_3s,0.0,3.0,300,0.14328187305234452,0.14073218584469124,0.02690997979864445,0.9822050957784324,0.18781147416193777,0.035273149826880214,0.11395584518900001,0.2796104480086802,0.9043894833398685,0.0,0.0,0.04430776719709613,0.05121071219864172,predictive_alpha,31002,sinusoidal,2,41019,scn2_env41019,46e1c01a608decd1d9bbc6a701492db0c4da70ab0ae50b063a82c2c83e638b2e
pre_step_3_10s,3.0,10.0,700,0.019015915129298823,0.0177198480466437,0.006900145897628059,0.9318430339090963,0.3628616267326856,0.13166856015509085,0.015250337920849795,0.056315196990274194,1.0,0.13476190476190475,0.42428571428571427,0.020973386162311574,0.025279338526520905,predictive_alpha,31002,sinusoidal,2,41019,scn2_env41019,46e1c01a608decd1d9bbc6a701492db0c4da70ab0ae50b063a82c2c83e638b2e
step_recovery_10_13s,10.0,13.0,300,0.03888292117043941,0.03469349640620548,0.017556846694643472,0.892255400619979,0.4515310621258311,0.20388030006448113,0.03480258460925149,0.0615484326604279,1.0,0.10055555555555555,0.30333333333333334,0.042830536872261356,0.06928526136023073,predictive_alpha,31002,sinusoidal,2,41019,scn2_env41019,46e1c01a608decd1d9bbc6a701492db0c4da70ab0ae50b063a82c2c83e638b2e
post_step_13_20p9s,13.0,20.9,790,0.04349633625341261,0.041616837299365765,0.012647929501228842,0.956789488128454,0.2907814908258283,0.08455387540689129,0.02412423161964261,0.22176100057802395,1.0,0.07827004219409282,0.17088607594936708,0.018145945352769893,0.022962573487816537,predictive_alpha,31002,sinusoidal,2,41019,scn2_env41019,46e1c01a608decd1d9bbc6a701492db0c4da70ab0ae50b063a82c2c83e638b2e
startup_0_3s,0.0,3.0,300,0.142839679184324,0.14076113501257884,0.024279143713301362,0.9854484119285724,0.16997478468129945,0.02889142742745411,0.11301984299817791,0.279634980096646,0.9043894833398685,0.0,0.0,0.041511444255018,0.04578905275139116,predictive_alpha,31003,sinusoidal,2,41019,scn2_env41019,46e1c01a608decd1d9bbc6a701492db0c4da70ab0ae50b063a82c2c83e638b2e
pre_step_3_10s,3.0,10.0,700,0.019077550763470567,0.01783926157443468,0.00676118995530333,0.9350918152760497,0.3544055544199921,0.125603297003742,0.01534132863045905,0.056281679022794594,1.0,0.13452380952380952,0.4228571428571429,0.020863100142679707,0.024979939134849652,predictive_alpha,31003,sinusoidal,2,41019,scn2_env41019,46e1c01a608decd1d9bbc6a701492db0c4da70ab0ae50b063a82c2c83e638b2e
step_recovery_10_13s,10.0,13.0,300,0.03882326063084682,0.034629674759618305,0.017550817418391537,0.8919826464061466,0.4520696390051954,0.20436695851028772,0.034775418693283815,0.06142734938073611,1.0,0.10055555555555555,0.30333333333333334,0.04279237517704114,0.06928899486936271,predictive_alpha,31003,sinusoidal,2,41019,scn2_env41019,46e1c01a608decd1d9bbc6a701492db0c4da70ab0ae50b063a82c2c83e638b2e
post_step_13_20p9s,13.0,20.9,790,0.043529490620047025,0.041652987274648556,0.012642990340055128,0.9568912174558214,0.2904465492236323,0.08435919795591586,0.02413970740708237,0.2218717173141022,1.0,0.07805907172995781,0.16962025316455695,0.0180985670554431,0.022883257217340504,predictive_alpha,31003,sinusoidal,2,41019,scn2_env41019,46e1c01a608decd1d9bbc6a701492db0c4da70ab0ae50b063a82c2c83e638b2e
startup_0_3s,0.0,3.0,300,0.1466523144723239,0.14425609153100258,0.02640229907202005,0.9836605173948786,0.18003329280563565,0.03241198651843974,0.11510560973648619,0.2815694199096461,0.9043894833398685,0.0,0.0,0.0442711565741872,0.04956317496178411,predictive_alpha,31004,sinusoidal,2,41019,scn2_env41019,46e1c01a608decd1d9bbc6a701492db0c4da70ab0ae50b063a82c2c83e638b2e
pre_step_3_10s,3.0,10.0,700,0.018947721921800928,0.01767020585471117,0.00683958997879452,0.9325767988171777,0.36097162535011684,0.13030051430790512,0.015169169088461096,0.05629762261972139,1.0,0.13452380952380952,0.4228571428571429,0.020918752407412283,0.025118981562598813,predictive_alpha,31004,sinusoidal,2,41019,scn2_env41019,46e1c01a608decd1d9bbc6a701492db0c4da70ab0ae50b063a82c2c83e638b2e
step_recovery_10_13s,10.0,13.0,300,0.03887912984014373,0.03467674230569654,0.017581532361858273,0.8919114817711761,0.452210027182884,0.20449390868474468,0.034802498447596066,0.061458412044894814,1.0,0.10111111111111111,0.30333333333333334,0.042896963297204764,0.0695384206823485,predictive_alpha,31004,sinusoidal,2,41019,scn2_env41019,46e1c01a608decd1d9bbc6a701492db0c4da70ab0ae50b063a82c2c83e638b2e
post_step_13_20p9s,13.0,20.9,790,0.04348639187408868,0.041607860694930304,0.012643267244588335,0.9568018614973274,0.29074077429086065,0.08453019783524919,0.02412028745551933,0.22174282944777704,1.0,0.07827004219409282,0.16962025316455695,0.01812351660958915,0.022880696896497667,predictive_alpha,31004,sinusoidal,2,41019,scn2_env41019,46e1c01a608decd1d9bbc6a701492db0c4da70ab0ae50b063a82c2c83e638b2e
startup_0_3s,0.0,3.0,300,0.24293031703299958,0.2406148175159104,0.03346114949518065,0.9904684621278675,0.1377397020835209,0.018972225530057094,0.23296000456695964,0.32880023552894444,0.8936816135149769,0.0,0.0,0.059140734755373014,0.07951692688701366,real10kg_smc_steady,,step_change,3,41000,scn3_env41000,2c24e196204e7e66256c72923587044c544a08e6655f36c3b6a622ccd635d12b
pre_step_3_10s,3.0,10.0,700,0.12286169787195186,0.12246717005953722,0.009838143198143324,0.9967888461640354,0.08007494091768755,0.006411996162971152,0.11477085345855577,0.22319791397381722,1.0,0.025952380952380952,0.07857142857142857,0.05671843039387061,0.09689336674698752,real10kg_smc_steady,,step_change,3,41000,scn3_env41000,2c24e196204e7e66256c72923587044c544a08e6655f36c3b6a622ccd635d12b
step_recovery_10_13s,10.0,13.0,300,0.058986726365617165,0.05447505211187127,0.022625264302127038,0.9235137372129926,0.38356534929382186,0.14712237717889157,0.05639116093074657,0.08394529959336311,1.0,0.0022222222222222222,0.006666666666666667,0.06457827032944012,0.09662149472209658,real10kg_smc_steady,,step_change,3,41000,scn3_env41000,2c24e196204e7e66256c72923587044c544a08e6655f36c3b6a622ccd635d12b
post_step_13_20p9s,13.0,20.9,790,0.10842373368046321,0.10680669402414192,0.01865572665015594,0.9850859253649493,0.1720631269269553,0.029605719647881532,0.10575312446847583,0.14674872405435962,0.864188650197009,0.0,0.0,0.0668132655164119,0.11458180761035698,real10kg_smc_steady,,step_change,3,41000,scn3_env41000,2c24e196204e7e66256c72923587044c544a08e6655f36c3b6a622ccd635d12b
startup_0_3s,0.0,3.0,300,0.13466710189378842,0.13324965712864664,0.019487360200142564,0.9894744540781778,0.14470765261965907,0.020940304726691922,0.11711137567781132,0.21284654755895668,1.0,0.018333333333333333,0.04666666666666667,0.04894301225735431,0.033611721462184725,real10kg_mpc_ltv_v3,,step_change,3,41000,scn3_env41000,2c24e196204e7e66256c72923587044c544a08e6655f36c3b6a622ccd635d12b
pre_step_3_10s,3.0,10.0,700,0.00963716601380818,0.007149966555496745,0.006461652035894338,0.7419158853600983,0.6704929671893222,0.44956081905034134,0.008352271240528451,0.03170782985317454,1.0,0.03666666666666667,0.11142857142857143,0.023207954053907163,0.03343385562516334,real10kg_mpc_ltv_v3,,step_change,3,41000,scn3_env41000,2c24e196204e7e66256c72923587044c544a08e6655f36c3b6a622ccd635d12b
step_recovery_10_13s,10.0,13.0,300,0.014701510015314629,0.008831581772466287,0.011753193613934792,0.6007261678063266,0.7994548588336462,0.6391280713127251,0.014253817552899598,0.032142573067188214,0.9999986342083086,0.0022222222222222222,0.006666666666666667,0.040781698491207406,0.04294604688894249,real10kg_mpc_ltv_v3,,step_change,3,41000,scn3_env41000,2c24e196204e7e66256c72923587044c544a08e6655f36c3b6a622ccd635d12b
post_step_13_20p9s,13.0,20.9,790,0.013089731774128694,0.0061387637418466616,0.011560997259770589,0.46897551819813993,0.8832111657643295,0.7800619633307859,0.012595659452500747,0.019082609686417392,0.8709522245410208,0.0,0.0,0.02596616635515184,0.035578456642320656,real10kg_mpc_ltv_v3,,step_change,3,41000,scn3_env41000,2c24e196204e7e66256c72923587044c544a08e6655f36c3b6a622ccd635d12b
startup_0_3s,0.0,3.0,300,0.1123902982269375,0.11002737086708347,0.022925025531441077,0.9789756998857426,0.20397690808819696,0.04160657903322076,0.09027827422415942,0.22073152598475518,0.9065765201384445,0.0,0.0,0.044927518603055105,0.05857919040460905,predictive_alpha,31000,step_change,3,41000,scn3_env41000,2c24e196204e7e66256c72923587044c544a08e6655f36c3b6a622ccd635d12b
pre_step_3_10s,3.0,10.0,700,0.009612313931861152,0.0069357057617367305,0.006655265938432807,0.721543825025056,0.6923687663147519,0.47937450856821145,0.0083466313991174,0.032612694034439824,1.0,0.03666666666666667,0.11142857142857143,0.02449916446631829,0.03579630664050754,predictive_alpha,31000,step_change,3,41000,scn3_env41000,2c24e196204e7e66256c72923587044c544a08e6655f36c3b6a622ccd635d12b
step_recovery_10_13s,10.0,13.0,300,0.014921798186709408,0.009236315301637805,0.011719664703975771,0.6189813845535341,0.7854056566998927,0.6168620455761897,0.014390321630144805,0.0330839577882697,0.9999988931131184,0.0022222222222222222,0.006666666666666667,0.04099636097461073,0.04371148507435821,predictive_alpha,31000,step_change,3,41000,scn3_env41000,2c24e196204e7e66256c72923587044c544a08e6655f36c3b6a622ccd635d12b
post_step_13_20p9s,13.0,20.9,790,0.012981192739776461,0.006196436426115283,0.011406819914609715,0.4773395288345428,0.8787189392587466,0.7721469742120166,0.01248499130552313,0.018926302588093535,0.8711787652809692,0.0,0.0,0.02664434754318396,0.03700088224535062,predictive_alpha,31000,step_change,3,41000,scn3_env41000,2c24e196204e7e66256c72923587044c544a08e6655f36c3b6a622ccd635d12b
startup_0_3s,0.0,3.0,300,0.1102349842681241,0.10803916993903412,0.021892681779034598,0.9800806037786597,0.19860012612497968,0.039442010096857834,0.08886666098744615,0.21766675048803685,0.9065765201384445,0.0,0.0,0.043529790451585115,0.0556790370947375,predictive_alpha,31001,step_change,3,41000,scn3_env41000,2c24e196204e7e66256c72923587044c544a08e6655f36c3b6a622ccd635d12b
pre_step_3_10s,3.0,10.0,700,0.009671040476720648,0.0070439622143716055,0.006626584355825722,0.7283561920071854,0.6851986993309255,0.46949725756479216,0.00832776635446812,0.0321760098548499,1.0,0.03666666666666667,0.11142857142857143,0.022048127466605182,0.03106266598008533,predictive_alpha,31001,step_change,3,41000,scn3_env41000,2c24e196204e7e66256c72923587044c544a08e6655f36c3b6a622ccd635d12b
step_recovery_10_13s,10.0,13.0,300,0.015141218563606632,0.00909576777706965,0.012104689510124889,0.6007289135190346,0.7994527956435203,0.6391247724622402,0.014667696401745705,0.03265490105088938,0.9999982591543829,0.0022222222222222222,0.006666666666666667,0.040719714120187774,0.042613886900480846,predictive_alpha,31001,step_change,3,41000,scn3_env41000,2c24e196204e7e66256c72923587044c544a08e6655f36c3b6a622ccd635d12b
post_step_13_20p9s,13.0,20.9,790,0.013453019210994045,0.006064217523191979,0.012008704831195835,0.45077000397324885,0.8926401310259119,0.7968064035179571,0.012959181997544488,0.01959433229419299,0.8702584943980278,0.0,0.0,0.02453307677525032,0.03247350971520792,predictive_alpha,31001,step_change,3,41000,scn3_env41000,2c24e196204e7e66256c72923587044c544a08e6655f36c3b6a622ccd635d12b
startup_0_3s,0.0,3.0,300,0.10877580402210943,0.10650431681446358,0.022113480968421223,0.9791177162231396,0.20329411643720424,0.04132849777798355,0.08790573202027552,0.21707660202553689,0.9065765201384445,0.0,0.0,0.044740938462794255,0.057017310535851864,predictive_alpha,31002,step_change,3,41000,scn3_env41000,2c24e196204e7e66256c72923587044c544a08e6655f36c3b6a622ccd635d12b
pre_step_3_10s,3.0,10.0,700,0.009652344150904104,0.00694178115808134,0.006706669960628715,0.7191808590280244,0.6948229213315527,0.48277889200771307,0.008290058624637326,0.032291216406132035,1.0,0.03619047619047619,0.10857142857142857,0.020941104072475042,0.02889863069681208,predictive_alpha,31002,step_change,3,41000,scn3_env41000,2c24e196204e7e66256c72923587044c544a08e6655f36c3b6a622ccd635d12b
step_recovery_10_13s,10.0,13.0,300,0.015336788547918607,0.009148015379495838,0.012309788689497272,0.5964752888724764,0.8026314408023747,0.644217229764496,0.014868951662300447,0.032780894876011824,0.9999982792932866,0.0022222222222222222,0.006666666666666667,0.04000510018650471,0.04113890312014913,predictive_alpha,31002,step_change,3,41000,scn3_env41000,2c24e196204e7e66256c72923587044c544a08e6655f36c3b6a622ccd635d12b
post_step_13_20p9s,13.0,20.9,790,0.013736514654257815,0.00610267361762762,0.012306470231685098,0.4442665240222356,0.89589466771111,0.8026272556332001,0.013238284479557775,0.020015887896498597,0.8697362892956875,0.0,0.0,0.02346006591773304,0.03025329309902535,predictive_alpha,31002,step_change,3,41000,scn3_env41000,2c24e196204e7e66256c72923587044c544a08e6655f36c3b6a622ccd635d12b
startup_0_3s,0.0,3.0,300,0.11006156278833006,0.10815213155011326,0.020412350295262758,0.9826512436327203,0.1854630243123088,0.034396533387068044,0.089999532506265,0.2174380578529665,0.9065765201384445,0.0,0.0,0.04132841261554734,0.05097244965526031,predictive_alpha,31003,step_change,3,41000,scn3_env41000,2c24e196204e7e66256c72923587044c544a08e6655f36c3b6a622ccd635d12b
pre_step_3_10s,3.0,10.0,700,0.009887460248108515,0.007389074891895437,0.006569889070592178,0.747317785000347,0.6644667999397527,0.44151612822217523,0.008481817649453835,0.032259999672667794,1.0,0.03666666666666667,0.11142857142857143,0.022110091390917047,0.031181311330711708,predictive_alpha,31003,step_change,3,41000,scn3_env41000,2c24e196204e7e66256c72923587044c544a08e6655f36c3b6a622ccd635d12b
step_recovery_10_13s,10.0,13.0,300,0.015207085103702249,0.009180325151824905,0.012123409894003167,0.6036873660679326,0.7972211512810996,0.635561564049962,0.014714067899616025,0.03276478161974418,0.9999981930612496,0.0022222222222222222,0.006666666666666667,0.04037045183251594,0.04236372149227384,predictive_alpha,31003,step_change,3,41000,scn3_env41000,2c24e196204e7e66256c72923587044c544a08e6655f36c3b6a622ccd635d12b
post_step_13_20p9s,13.0,20.9,790,0.013467817346412204,0.00606440772316835,0.012025184532617268,0.4502888305642112,0.8928829537342032,0.7972399690691153,0.012973934252312974,0.019620726232143886,0.8702305832259215,0.0,0.0,0.024452877904165605,0.032318692117334624,predictive_alpha,31003,step_change,3,41000,scn3_env41000,2c24e196204e7e66256c72923587044c544a08e6655f36c3b6a622ccd635d12b
startup_0_3s,0.0,3.0,300,0.10937416418157495,0.10725968158864951,0.021402534801271442,0.9806674399868773,0.1956818135381636,0.038291372149584633,0.08701806634386014,0.21827500597526264,0.9065765201384445,0.0,0.0,0.0442655247416545,0.05369148904149317,predictive_alpha,31004,step_change,3,41000,scn3_env41000,2c24e196204e7e66256c72923587044c544a08e6655f36c3b6a622ccd635d12b
pre_step_3_10s,3.0,10.0,700,0.009590413610545833,0.006909843007629477,0.006650571616880522,0.7204947865888973,0.6934603539483849,0.4808872624982193,0.008240492283003628,0.032732595176784916,1.0,0.03619047619047619,0.10857142857142857,0.021368411062170575,0.029698965383212983,predictive_alpha,31004,step_change,3,41000,scn3_env41000,2c24e196204e7e66256c72923587044c544a08e6655f36c3b6a622ccd635d12b
step_recovery_10_13s,10.0,13.0,300,0.0153529094903152,0.009256770573397044,0.012248429628703471,0.6029326610201361,0.7977920821086015,0.6364722062751776,0.01486480939844173,0.0332038079636173,0.9999982311919036,0.0022222222222222222,0.006666666666666667,0.04033484036132593,0.04181448468020611,predictive_alpha,31004,step_change,3,41000,scn3_env41000,2c24e196204e7e66256c72923587044c544a08e6655f36c3b6a622ccd635d12b
post_step_13_20p9s,13.0,20.9,790,0.013645759045233814,0.006083853191625106,0.012214477895650451,0.44584205037315766,0.8951116500856521,0.8012248661190589,0.013149537802017804,0.01987316539319157,0.8698779992771161,0.0,0.0,0.02379525815839627,0.03093227375340432,predictive_alpha,31004,step_change,3,41000,scn3_env41000,2c24e196204e7e66256c72923587044c544a08e6655f36c3b6a622ccd635d12b
startup_0_3s,0.0,3.0,300,0.266634120366753,0.2642448956064112,0.03561445338214495,0.9910393135092559,0.13357050227914405,0.017841079079102828,0.2570215693161058,0.3577099090804351,0.9999999999999999,0.0005555555555555556,0.0033333333333333335,0.061189128237825484,0.07775688255866425,real10kg_smc_steady,,step_change,3,41001,scn3_env41001,afeb9d21225329036f5eaf9d1aeeefed62ded94aa492315e9cad11d0ace1c262
pre_step_3_10s,3.0,10.0,700,0.12128141341770698,0.12088097179144518,0.009847431104231624,0.9966982440674348,0.08119489068218516,0.006592610272891999,0.11358021597732976,0.21688910215409485,1.0,0.026904761904761904,0.08142857142857143,0.05720754602035454,0.09794646721170297,real10kg_smc_steady,,step_change,3,41001,scn3_env41001,afeb9d21225329036f5eaf9d1aeeefed62ded94aa492315e9cad11d0ace1c262
step_recovery_10_13s,10.0,13.0,300,0.05988835064917634,0.05564547067930479,0.02214037344665465,0.9291535010752562,0.36969415932577787,0.13667377143959364,0.057383599945261564,0.0845269901614081,1.0,0.0022222222222222222,0.006666666666666667,0.06374484652838695,0.09302814262946635,real10kg_smc_steady,,step_change,3,41001,scn3_env41001,afeb9d21225329036f5eaf9d1aeeefed62ded94aa492315e9cad11d0ace1c262
post_step_13_20p9s,13.0,20.9,790,0.10854995054137974,0.10688036304810994,0.018965224945678885,0.9846191777615473,0.1747142661152043,0.030525074784174426,0.10588518370715892,0.14692546636803178,0.8572492662594879,0.0,0.0,0.06335229274019279,0.10811082817590391,real10kg_smc_steady,,step_change,3,41001,scn3_env41001,afeb9d21225329036f5eaf9d1aeeefed62ded94aa492315e9cad11d0ace1c262
startup_0_3s,0.0,3.0,300,0.15383808873985189,0.15248495909713036,0.02035914527373447,0.9912041962182088,0.13234138203681686,0.017514241399414713,0.13174502042612052,0.2511098630569907,1.0,0.021111111111111112,0.05333333333333334,0.04592480736825675,0.02786163975530854,real10kg_mpc_ltv_v3,,step_change,3,41001,scn3_env41001,afeb9d21225329036f5eaf9d1aeeefed62ded94aa492315e9cad11d0ace1c262
pre_step_3_10s,3.0,10.0,700,0.00963130283926491,0.006872463401333396,0.00674768413449869,0.7135549069556536,0.7005993111326249,0.49083939475950844,0.00836226169171114,0.03052186309426415,1.0,0.03785714285714286,0.11428571428571428,0.018436819539849006,0.023582057178960288,real10kg_mpc_ltv_v3,,step_change,3,41001,scn3_env41001,afeb9d21225329036f5eaf9d1aeeefed62ded94aa492315e9cad11d0ace1c262
step_recovery_10_13s,10.0,13.0,300,0.015157948363692202,0.008392531903606169,0.012622551518742623,0.553672020925258,0.8327348276879865,0.6934472932445406,0.014829297372975692,0.03096444070536273,1.0,0.0022222222222222222,0.006666666666666667,0.038704035512788525,0.03628696167239999,real10kg_mpc_ltv_v3,,step_change,3,41001,scn3_env41001,afeb9d21225329036f5eaf9d1aeeefed62ded94aa492315e9cad11d0ace1c262
post_step_13_20p9s,13.0,20.9,790,0.014561172377646998,0.006482896768778911,0.013038396776325909,0.44521804980008833,0.8954221842975558,0.801780888132206,0.014016843388320828,0.021399152872781563,0.868105596372823,0.0,0.0,0.020835774343721702,0.024708746787347764,real10kg_mpc_ltv_v3,,step_change,3,41001,scn3_env41001,afeb9d21225329036f5eaf9d1aeeefed62ded94aa492315e9cad11d0ace1c262
startup_0_3s,0.0,3.0,300,0.14138457336577678,0.13914990675723107,0.02503799183793726,0.9841944099320907,0.1770913986009021,0.03136136345842358,0.11033539491849666,0.27929079641095345,0.999999978594602,0.0005555555555555556,0.0033333333333333335,0.045128318002741384,0.054363482783355774,predictive_alpha,31000,step_change,3,41001,scn3_env41001,afeb9d21225329036f5eaf9d1aeeefed62ded94aa492315e9cad11d0ace1c262
pre_step_3_10s,3.0,10.0,700,0.009270979357036037,0.006302196303426255,0.0067995132172581855,0.679776759360738,0.7334190871752747,0.5379035574330132,0.008044913199698845,0.031561749559095936,1.0,0.03785714285714286,0.11428571428571428,0.020876344491453733,0.028168363742943583,predictive_alpha,31000,step_change,3,41001,scn3_env41001,afeb9d21225329036f5eaf9d1aeeefed62ded94aa492315e9cad11d0ace1c262
step_recovery_10_13s,10.0,13.0,300,0.015143149958486549,0.008853338387147544,0.012285495108780554,0.5846431166182794,0.8112905929387233,0.6581924261908652,0.014722185899250461,0.03203895324639531,1.0,0.0022222222222222222,0.006666666666666667,0.0400658067016081,0.03943252639646285,predictive_alpha,31000,step_change,3,41001,scn3_env41001,afeb9d21225329036f5eaf9d1aeeefed62ded94aa492315e9cad11d0ace1c262
post_step_13_20p9s,13.0,20.9,790,0.013996705380632326,0.006187124148956016,0.01255496938577021,0.44204146480909223,0.8969946172577805,0.8045993433894322,0.01347599512584725,0.0205311917475097,0.8690440166043311,0.0,0.0,0.022577743656098756,0.028125987958382472,predictive_alpha,31000,step_change,3,41001,scn3_env41001,afeb9d21225329036f5eaf9d1aeeefed62ded94aa492315e9cad11d0ace1c262
startup_0_3s,0.0,3.0,300,0.1408852981325444,0.1386860540747044,0.024796081042860223,0.9843898257164423,0.17600190631340507,0.030976671025952612,0.11016549698873554,0.2771979351398523,0.999999978594602,0.0005555555555555556,0.0033333333333333335,0.045162106935421345,0.05389625404241875,predictive_alpha,31001,step_change,3,41001,scn3_env41001,afeb9d21225329036f5eaf9d1aeeefed62ded94aa492315e9cad11d0ace1c262
pre_step_3_10s,3.0,10.0,700,0.009380736656344053,0.0065713701421703154,0.006694424147771747,0.7005174948308772,0.7136352285557881,0.5092752394358718,0.00813091122704494,0.031925413348400884,1.0,0.0380952380952381,0.11428571428571428,0.022398768278444312,0.031051158727402824,predictive_alpha,31001,step_change,3,41001,scn3_env41001,afeb9d21225329036f5eaf9d1aeeefed62ded94aa492315e9cad11d0ace1c262
step_recovery_10_13s,10.0,13.0,300,0.015071911681772786,0.009030381267053461,0.012067093101273765,0.5991530110924383,0.8006345416598415,0.6410156692988643,0.014596378853512674,0.032394984785412764,1.0,0.0022222222222222222,0.006666666666666667,0.04075936137226153,0.04102634388676756,predictive_alpha,31001,step_change,3,41001,scn3_env41001,afeb9d21225329036f5eaf9d1aeeefed62ded94aa492315e9cad11d0ace1c262
post_step_13_20p9s,13.0,20.9,790,0.013639375265319997,0.006113201814328555,0.012192674899525247,0.44820247961592624,0.8939320652410534,0.7991145372661349,0.013126249101319846,0.02000192710826671,0.8695791799519511,0.0,0.0,0.02380452220930559,0.03061466889937283,predictive_alpha,31001,step_change,3,41001,scn3_env41001,afeb9d21225329036f5eaf9d1aeeefed62ded94aa492315e9cad11d0ace1c262
startup_0_3s,0.0,3.0,300,0.13659592390691866,0.13462704685649685,0.023108541336123292,0.9855861215026923,0.16917445759121097,0.02861999710128044,0.1066652207788588,0.2764265684080598,0.999999978594602,0.0005555555555555556,0.0033333333333333335,0.04525504256670569,0.05363155262804559,predictive_alpha,31002,step_change,3,41001,scn3_env41001,afeb9d21225329036f5eaf9d1aeeefed62ded94aa492315e9cad11d0ace1c262
pre_step_3_10s,3.0,10.0,700,0.009503552631910547,0.006826264491385969,0.006612081799338007,0.7182855460246608,0.6957484275023946,0.48406587437205495,0.008226833501104446,0.03214836520694821,1.0,0.0380952380952381,0.11428571428571428,0.022673712073104316,0.0315899420207711,predictive_alpha,31002,step_change,3,41001,scn3_env41001,afeb9d21225329036f5eaf9d1aeeefed62ded94aa492315e9cad11d0ace1c262
step_recovery_10_13s,10.0,13.0,300,0.015017990972786536,0.0090655464963125,0.011973133239962462,0.6036457547976819,0.797252659271035,0.6356118027147368,0.014537802096571033,0.03262656641947403,1.0,0.0022222222222222222,0.006666666666666667,0.04059056609558373,0.040820158198015544,predictive_alpha,31002,step_change,3,41001,scn3_env41001,afeb9d21225329036f5eaf9d1aeeefed62ded94aa492315e9cad11d0ace1c262
post_step_13_20p9s,13.0,20.9,790,0.013586220035488006,0.006112536883688029,0.012133518356117865,0.4499071020285056,0.8930753605067783,0.797583599544312,0.013073718408883182,0.019929312368202546,0.8696555522213991,0.0,0.0,0.024000324457237245,0.03099974924491785,predictive_alpha,31002,step_change,3,41001,scn3_env41001,afeb9d21225329036f5eaf9d1aeeefed62ded94aa492315e9cad11d0ace1c262
startup_0_3s,0.0,3.0,300,0.13812208104948218,0.13649637865114828,0.021129313490079984,0.9882299601484321,0.15297563814224907,0.02340154586502833,0.10881986330035388,0.276759716328856,0.999999978594602,0.0005555555555555556,0.0033333333333333335,0.04174172983483921,0.047013438599917835,predictive_alpha,31003,step_change,3,41001,scn3_env41001,afeb9d21225329036f5eaf9d1aeeefed62ded94aa492315e9cad11d0ace1c262
pre_step_3_10s,3.0,10.0,700,0.009799719838622505,0.007269187170655984,0.00657217063027596,0.7417749987103484,0.6706488285893463,0.44976985128826236,0.008449436628760063,0.031742605528620724,1.0,0.0380952380952381,0.11428571428571428,0.02157389218187988,0.029508466324412504,predictive_alpha,31003,step_change,3,41001,scn3_env41001,afeb9d21225329036f5eaf9d1aeeefed62ded94aa492315e9cad11d0ace1c262
step_recovery_10_13s,10.0,13.0,300,0.015184758059402623,0.009015825152014092,0.012218501305434436,0.5937417716333888,0.8046556459863095,0.6474707086176449,0.01472402521134154,0.03224876072018618,1.0,0.0022222222222222222,0.006666666666666667,0.040283586027374425,0.040021853465438094,predictive_alpha,31003,step_change,3,41001,scn3_env41001,afeb9d21225329036f5eaf9d1aeeefed62ded94aa492315e9cad11d0ace1c262
post_step_13_20p9s,13.0,20.9,790,0.013859025065188095,0.006146455727034999,0.012421499818987661,0.44349842056884825,0.8962751535956672,0.8033091509529369,0.01334208949177357,0.020328071408986206,0.8692647417866853,0.0,0.0,0.023011638014237324,0.02901555168843571,predictive_alpha,31003,step_change,3,41001,scn3_env41001,afeb9d21225329036f5eaf9d1aeeefed62ded94aa492315e9cad11d0ace1c262
startup_0_3s,0.0,3.0,300,0.13939547358423815,0.13757945524285362,0.022427473126807415,0.9869721857195951,0.16089097120685383,0.025885904615884674,0.1081149044293246,0.2777577668696827,0.999999978594602,0.0005555555555555556,0.0033333333333333335,0.04363699588618065,0.04946778673605011,predictive_alpha,31004,step_change,3,41001,scn3_env41001,afeb9d21225329036f5eaf9d1aeeefed62ded94aa492315e9cad11d0ace1c262
pre_step_3_10s,3.0,10.0,700,0.009550056133720909,0.006907038538579524,0.006595179359486562,0.7232458576019272,0.6905906381219287,0.47691542946165266,0.008258791128569821,0.03225627400309927,1.0,0.03785714285714286,0.11428571428571428,0.022095050417055142,0.030458848920329476,predictive_alpha,31004,step_change,3,41001,scn3_env41001,afeb9d21225329036f5eaf9d1aeeefed62ded94aa492315e9cad11d0ace1c262
step_recovery_10_13s,10.0,13.0,300,0.015108698773019093,0.009071400953845449,0.012082320279995912,0.6004091477450747,0.7996929756500509,0.639508855304033,0.014638113941180081,0.03272440166157202,1.0,0.0022222222222222222,0.006666666666666667,0.040541740298237636,0.04053406683797168,predictive_alpha,31004,step_change,3,41001,scn3_env41001,afeb9d21225329036f5eaf9d1aeeefed62ded94aa492315e9cad11d0ace1c262
post_step_13_20p9s,13.0,20.9,790,0.013722848479172538,0.006122127146394216,0.012281536124838417,0.4461265571565481,0.8949698849680056,0.8009710949996451,0.013208694947448902,0.02012215153465465,0.8694615996284409,0.0,0.0,0.023520972023745763,0.03000081584483183,predictive_alpha,31004,step_change,3,41001,scn3_env41001,afeb9d21225329036f5eaf9d1aeeefed62ded94aa492315e9cad11d0ace1c262
startup_0_3s,0.0,3.0,300,0.2530545777785029,0.2508934021063907,0.033001819860991356,0.9914596460135812,0.13041384254221097,0.0170077703266246,0.24380787693513245,0.33775909867811255,0.9890445719604228,0.0,0.0,0.06071105852721916,0.07634036841651826,real10kg_smc_steady,,step_change,3,41002,scn3_env41002,aeb19456a3dbdd437ad7888c1da6027e958ae48e8ec22d9435926cd8f9fee765
pre_step_3_10s,3.0,10.0,700,0.12289168796572479,0.12250472307953558,0.009744731616179633,0.9968511712012847,0.07929528658518789,0.006287742474627078,0.11478301949970886,0.22503922057163314,1.0,0.026904761904761904,0.08285714285714285,0.054890488233679265,0.0929266390710891,real10kg_smc_steady,,step_change,3,41002,scn3_env41002,aeb19456a3dbdd437ad7888c1da6027e958ae48e8ec22d9435926cd8f9fee765
step_recovery_10_13s,10.0,13.0,300,0.05967710685446275,0.05536287849783265,0.02227798839557075,0.9277071462738399,0.37330878740320106,0.13935945075244835,0.05714154361743591,0.08394475052140751,1.0,0.0022222222222222222,0.006666666666666667,0.06496833697491708,0.09504202564944711,real10kg_smc_steady,,step_change,3,41002,scn3_env41002,aeb19456a3dbdd437ad7888c1da6027e958ae48e8ec22d9435926cd8f9fee765
post_step_13_20p9s,13.0,20.9,790,0.10847719773815456,0.10679702922564671,0.019018332674002995,0.9845113208347851,0.1753210174170428,0.030737459148147035,0.10584141503222864,0.14662997184069948,0.8687690066511042,0.0,0.0,0.06455229490751248,0.10933315628122635,real10kg_smc_steady,,step_change,3,41002,scn3_env41002,aeb19456a3dbdd437ad7888c1da6027e958ae48e8ec22d9435926cd8f9fee765
startup_0_3s,0.0,3.0,300,0.15563969353418092,0.15430840384744202,0.02031331350293436,0.9914463357225352,0.13051499294088006,0.017034163382357973,0.13188840381962105,0.2578872331361679,1.0,0.019444444444444445,0.05333333333333334,0.04474447601320183,0.028437937467940082,real10kg_mpc_ltv_v3,,step_change,3,41002,scn3_env41002,aeb19456a3dbdd437ad7888c1da6027e958ae48e8ec22d9435926cd8f9fee765
pre_step_3_10s,3.0,10.0,700,0.009493297386086758,0.006746801793196111,0.0066785747599324985,0.7106910822244048,0.7035042186417254,0.49491818564670464,0.008204821960282115,0.030817578740283933,1.0,0.03666666666666667,0.11142857142857143,0.01895644329344699,0.02423621904771204,real10kg_mpc_ltv_v3,,step_change,3,41002,scn3_env41002,aeb19456a3dbdd437ad7888c1da6027e958ae48e8ec22d9435926cd8f9fee765
step_recovery_10_13s,10.0,13.0,300,0.015108132081849884,0.008500939968639253,0.012489582645237323,0.5626731301119504,0.8266794715305442,0.6833989486500198,0.014761719852853504,0.03125377953377758,1.0,0.0022222222222222222,0.006666666666666667,0.040317752392556416,0.038663256567515694,real10kg_mpc_ltv_v3,,step_change,3,41002,scn3_env41002,aeb19456a3dbdd437ad7888c1da6027e958ae48e8ec22d9435926cd8f9fee765
post_step_13_20p9s,13.0,20.9,790,0.014383367386515864,0.006493384893201153,0.012834220272546177,0.45145095155454207,0.8922959365258247,0.7961920383404987,0.013848854930317627,0.020810021624153848,0.8713542053589893,0.0,0.0,0.02196346855406679,0.027023147450677052,real10kg_mpc_ltv_v3,,step_change,3,41002,scn3_env41002,aeb19456a3dbdd437ad7888c1da6027e958ae48e8ec22d9435926cd8f9fee765
startup_0_3s,0.0,3.0,300,0.1290303571799115,0.1272927987464703,0.021103944211121863,0.9865337237575925,0.1635579771487101,0.026751211888977968,0.10225428587173784,0.24979636031084465,0.9897978154374769,0.0,0.0,0.044425947537816715,0.05255322489171046,predictive_alpha,31000,step_change,3,41002,scn3_env41002,aeb19456a3dbdd437ad7888c1da6027e958ae48e8ec22d9435926cd8f9fee765
pre_step_3_10s,3.0,10.0,700,0.009589269039662876,0.00674427823856431,0.006816802164935175,0.7033151547494192,0.7108781844309198,0.5053477930998008,0.008272879690381372,0.03152883526977939,1.0,0.03642857142857143,0.11,0.01962953904168326,0.025415307846937,predictive_alpha,31000,step_change,3,41002,scn3_env41002,aeb19456a3dbdd437ad7888c1da6027e958ae48e8ec22d9435926cd8f9fee765
step_recovery_10_13s,10.0,13.0,300,0.015358102523105824,0.008869184276055382,0.012538296670106407,0.5774921910250272,0.8163962085318092,0.6665027693051132,0.014953714212851094,0.032010997255481,1.0,0.0022222222222222222,0.006666666666666667,0.04054708599764008,0.03935841160476916,predictive_alpha,31000,step_change,3,41002,scn3_env41002,aeb19456a3dbdd437ad7888c1da6027e958ae48e8ec22d9435926cd8f9fee765
post_step_13_20p9s,13.0,20.9,790,0.014368489426892233,0.006482879944834619,0.012822860680502418,0.4511872996684804,0.8924292804574852,0.7964300206178646,0.013834877653834354,0.020785292534747875,0.8714083570633542,0.0,0.0,0.02211429768401418,0.027305779564002482,predictive_alpha,31000,step_change,3,41002,scn3_env41002,aeb19456a3dbdd437ad7888c1da6027e958ae48e8ec22d9435926cd8f9fee765
startup_0_3s,0.0,3.0,300,0.12844299699548403,0.126801533467039,0.020468868742295015,0.9872202956420992,0.15936150059636717,0.025396087872325935,0.10152787611634831,0.24830624462482462,0.9897978154374769,0.0,0.0,0.042981622824998,0.05049707323389539,predictive_alpha,31001,step_change,3,41002,scn3_env41002,aeb19456a3dbdd437ad7888c1da6027e958ae48e8ec22d9435926cd8f9fee765
pre_step_3_10s,3.0,10.0,700,0.009650763319385464,0.00687072171364735,0.0067771982249607236,0.7119355729972311,0.7022447863110872,0.4931477399011045,0.008324249171248778,0.03156399338923314,1.0,0.03642857142857143,0.11,0.01957970594384436,0.025318414865781923,predictive_alpha,31001,step_change,3,41002,scn3_env41002,aeb19456a3dbdd437ad7888c1da6027e958ae48e8ec22d9435926cd8f9fee765
step_recovery_10_13s,10.0,13.0,300,0.015381407201212245,0.008875577805788376,0.012562316908233954,0.5770328871528003,0.8167209114159522,0.6670330471441035,0.014979530179930993,0.032042028972443994,1.0,0.0022222222222222222,0.006666666666666667,0.040786946729405735,0.0396619269634809,predictive_alpha,31001,step_change,3,41002,scn3_env41002,aeb19456a3dbdd437ad7888c1da6027e958ae48e8ec22d9435926cd8f9fee765
post_step_13_20p9s,13.0,20.9,790,0.014368799262158831,0.006482531382866017,0.01282338407388523,0.4511533124370514,0.8924464626391189,0.7964606886770761,0.013835179140482042,0.020789595482897622,0.8714095260664688,0.0,0.0,0.02211888390829551,0.027318773711501283,predictive_alpha,31001,step_change,3,41002,scn3_env41002,aeb19456a3dbdd437ad7888c1da6027e958ae48e8ec22d9435926cd8f9fee765
startup_0_3s,0.0,3.0,300,0.12923371997810404,0.12741860561966145,0.021583635498223872,0.9859547929228524,0.16701241364777528,0.027893146312455597,0.10235592284486773,0.24964410596887915,0.9897978154374769,0.0,0.0,0.04451761915554676,0.054009093693208735,predictive_alpha,31002,step_change,3,41002,scn3_env41002,aeb19456a3dbdd437ad7888c1da6027e958ae48e8ec22d9435926cd8f9fee765
pre_step_3_10s,3.0,10.0,700,0.009530241246927184,0.006633972341723889,0.006842215225632315,0.6960970000484371,0.7179477463740425,0.5154489665235663,0.008223514030560517,0.03165660629345826,1.0,0.03642857142857143,0.11,0.019648960620185438,0.025459331662003263,predictive_alpha,31002,step_change,3,41002,scn3_env41002,aeb19456a3dbdd437ad7888c1da6027e958ae48e8ec22d9435926cd8f9fee765
step_recovery_10_13s,10.0,13.0,300,0.015400968225049893,0.008939472170812405,0.012540959276557236,0.5804487120668314,0.8142968087005847,0.6630792926599566,0.01498584924156356,0.03214794916938034,1.0,0.0022222222222222222,0.006666666666666667,0.0405111467918606,0.03930978581330893,predictive_alpha,31002,step_change,3,41002,scn3_env41002,aeb19456a3dbdd437ad7888c1da6027e958ae48e8ec22d9435926cd8f9fee765
post_step_13_20p9s,13.0,20.9,790,0.01436864682076334,0.006482587716873908,0.012823184781982515,0.4511620194816312,0.8924420609637671,0.7964528321772562,0.013834987247759924,0.020786691143111186,0.8714072202513553,0.0,0.0,0.022116596967001145,0.027312167519585137,predictive_alpha,31002,step_change,3,41002,scn3_env41002,aeb19456a3dbdd437ad7888c1da6027e958ae48e8ec22d9435926cd8f9fee765
startup_0_3s,0.0,3.0,300,0.1296170061109123,0.1281532074605073,0.01942482151116054,0.9887067392287056,0.14986321698048533,0.02245898380374002,0.1039274541013363,0.24922403500380555,0.9897978154374769,0.0,0.0,0.0418178046043232,0.0479748808815998,predictive_alpha,31003,step_change,3,41002,scn3_env41002,aeb19456a3dbdd437ad7888c1da6027e958ae48e8ec22d9435926cd8f9fee765
pre_step_3_10s,3.0,10.0,700,0.009907910390356215,0.007267665631354445,0.006734071916319133,0.7335215343114496,0.6796662112400298,0.46194615870137673,0.008509621008797338,0.03143919495527578,1.0,0.03642857142857143,0.11,0.019642857789899326,0.025473675513299522,predictive_alpha,31003,step_change,3,41002,scn3_env41002,aeb19456a3dbdd437ad7888c1da6027e958ae48e8ec22d9435926cd8f9fee765
step_recovery_10_13s,10.0,13.0,300,0.015396284898514394,0.008912188381090938,0.012554620143045748,0.5788531739855558,0.815431789279059,0.6649290029668476,0.014982660544285148,0.03194757826502429,1.0,0.0022222222222222222,0.006666666666666667,0.04043809393181037,0.03931278363599675,predictive_alpha,31003,step_change,3,41002,scn3_env41002,aeb19456a3dbdd437ad7888c1da6027e958ae48e8ec22d9435926cd8f9fee765
post_step_13_20p9s,13.0,20.9,790,0.014368840724550908,0.006482475153270725,0.012823458958281901,0.451148097298805,0.8924490989987428,0.7964653943036679,0.013835271547466511,0.02079235110337873,0.8714113349352784,0.0,0.0,0.022114304196772155,0.027304736166739327,predictive_alpha,31003,step_change,3,41002,scn3_env41002,aeb19456a3dbdd437ad7888c1da6027e958ae48e8ec22d9435926cd8f9fee765
startup_0_3s,0.0,3.0,300,0.12952613403337235,0.1278337530653155,0.020869858046164886,0.9869340578973753,0.16112468886616949,0.025961165362219922,0.10170043674516938,0.25038123137019963,0.9897978154374769,0.0,0.0,0.04399259355007322,0.051240036499522155,predictive_alpha,31004,step_change,3,41002,scn3_env41002,aeb19456a3dbdd437ad7888c1da6027e958ae48e8ec22d9435926cd8f9fee765
pre_step_3_10s,3.0,10.0,700,0.009562463310411265,0.006720897594647285,0.0068022231722596315,0.7028416608228776,0.7113463290210605,0.506013599811739,0.008247909447940687,0.0319129741322763,1.0,0.03619047619047619,0.10857142857142857,0.019697558436810324,0.02554407868200019,predictive_alpha,31004,step_change,3,41002,scn3_env41002,aeb19456a3dbdd437ad7888c1da6027e958ae48e8ec22d9435926cd8f9fee765
step_recovery_10_13s,10.0,13.0,300,0.01544382465903298,0.008997481803148624,0.012552172772112584,0.5825941437301972,0.8127632273247101,0.6605840636912784,0.015021692107674482,0.032393165821834775,1.0,0.0022222222222222222,0.006666666666666667,0.040652046124041226,0.039503676559574964,predictive_alpha,31004,step_change,3,41002,scn3_env41002,aeb19456a3dbdd437ad7888c1da6027e958ae48e8ec22d9435926cd8f9fee765
post_step_13_20p9s,13.0,20.9,790,0.014368917444987606,0.006482853672074615,0.012823353571017913,0.45117203135828904,0.8924369995243558,0.7964437981200351,0.013835331538955293,0.02078542020044572,0.8714086704196891,0.0,0.0,0.02212274857553875,0.027314771455197565,predictive_alpha,31004,step_change,3,41002,scn3_env41002,aeb19456a3dbdd437ad7888c1da6027e958ae48e8ec22d9435926cd8f9fee765
startup_0_3s,0.0,3.0,300,0.23737698398601437,0.2349413920261524,0.03391717616651329,0.989739561439514,0.14288317088278282,0.020415600521518515,0.22812622736207222,0.31701928226858894,0.9201114934711289,0.0,0.0,0.06240135006577734,0.0828649406645919,real10kg_smc_steady,,step_change,3,41003,scn3_env41003,8e5d7a93e5d5b099752f06959757b8d91a1d7758e1c60e3e3d7df27ab774e72b
pre_step_3_10s,3.0,10.0,700,0.12394896304632107,0.12357321762539146,0.009643926895508073,0.9969685472819229,0.07780562788495482,0.006053715730572059,0.11535950595046143,0.23077390046060686,1.0,0.027142857142857142,0.08285714285714285,0.05794856167238325,0.09916246692470444,real10kg_smc_steady,,step_change,3,41003,scn3_env41003,8e5d7a93e5d5b099752f06959757b8d91a1d7758e1c60e3e3d7df27ab774e72b
step_recovery_10_13s,10.0,13.0,300,0.05921778795720504,0.05482939798656916,0.022371489154164596,0.925894057815749,0.37778326286574254,0.14272019370148675,0.056820874747820486,0.08343439320811806,1.0,0.0022222222222222222,0.006666666666666667,0.06351329711147836,0.0934050117484548,real10kg_smc_steady,,step_change,3,41003,scn3_env41003,8e5d7a93e5d5b099752f06959757b8d91a1d7758e1c60e3e3d7df27ab774e72b
post_step_13_20p9s,13.0,20.9,790,0.1085473732433178,0.10687326403033988,0.018990462699086726,0.9845771559185935,0.17495091895515566,0.030607824043253448,0.10589910653051199,0.147234699972179,0.8605004240568899,0.0,0.0,0.06317114511191727,0.1087685758108816,real10kg_smc_steady,,step_change,3,41003,scn3_env41003,8e5d7a93e5d5b099752f06959757b8d91a1d7758e1c60e3e3d7df27ab774e72b
startup_0_3s,0.0,3.0,300,0.14899002815709825,0.1471922721088131,0.023075171108748974,0.9879337156283403,0.15487728537387765,0.02398697352478154,0.1270160003377928,0.2449524251287036,1.0,0.017222222222222222,0.04666666666666667,0.044686739199214315,0.03014106406609576,real10kg_mpc_ltv_v3,,step_change,3,41003,scn3_env41003,8e5d7a93e5d5b099752f06959757b8d91a1d7758e1c60e3e3d7df27ab774e72b
pre_step_3_10s,3.0,10.0,700,0.009482245414002185,0.006783749805251225,0.00662523332956051,0.7154159704866779,0.6986987828618315,0.48817998917260474,0.008241797972687046,0.0310258765583026,1.0,0.036904761904761905,0.11142857142857143,0.02071135738714428,0.027198360297355322,real10kg_mpc_ltv_v3,,step_change,3,41003,scn3_env41003,8e5d7a93e5d5b099752f06959757b8d91a1d7758e1c60e3e3d7df27ab774e72b
step_recovery_10_13s,10.0,13.0,300,0.014947271787455214,0.00855541461203855,0.01225666409363379,0.5723729877728488,0.8199933919660464,0.6723891628679822,0.014578167582818002,0.031456687519177,1.0,0.0022222222222222222,0.006666666666666667,0.03918705107013258,0.038216855513056126,real10kg_mpc_ltv_v3,,step_change,3,41003,scn3_env41003,8e5d7a93e5d5b099752f06959757b8d91a1d7758e1c60e3e3d7df27ab774e72b
post_step_13_20p9s,13.0,20.9,790,0.014052322909126815,0.006276297655410249,0.012572822550368795,0.44663773356174935,0.8947148903191584,0.8005147349588236,0.013542151097785554,0.020311254471544887,0.8659834958475542,0.0,0.0,0.022017073009015647,0.027598715256795588,real10kg_mpc_ltv_v3,,step_change,3,41003,scn3_env41003,8e5d7a93e5d5b099752f06959757b8d91a1d7758e1c60e3e3d7df27ab774e72b
startup_0_3s,0.0,3.0,300,0.1124029504909276,0.11001029447319388,0.023068558450564092,0.9787135835199732,0.205230897852864,0.0421197214334927,0.09088423325784406,0.21312216905153084,0.9294937400495463,0.0,0.0,0.043235986195566296,0.05185416003906296,predictive_alpha,31000,step_change,3,41003,scn3_env41003,8e5d7a93e5d5b099752f06959757b8d91a1d7758e1c60e3e3d7df27ab774e72b
pre_step_3_10s,3.0,10.0,700,0.009700795599340185,0.006934768679732062,0.0067833928545223705,0.7148659724573252,0.6992614971687223,0.488966641422643,0.008412656998493667,0.031775028305501045,1.0,0.03642857142857143,0.11,0.02069888901664801,0.027154274092875262,predictive_alpha,31000,step_change,3,41003,scn3_env41003,8e5d7a93e5d5b099752f06959757b8d91a1d7758e1c60e3e3d7df27ab774e72b
step_recovery_10_13s,10.0,13.0,300,0.015317975046767629,0.008922516990379754,0.012451066223009993,0.5824867166278983,0.8128402210471934,0.6607092249520503,0.014896067947364833,0.0322498699512785,1.0,0.0022222222222222222,0.006666666666666667,0.03892105531934057,0.037789369175291534,predictive_alpha,31000,step_change,3,41003,scn3_env41003,8e5d7a93e5d5b099752f06959757b8d91a1d7758e1c60e3e3d7df27ab774e72b
post_step_13_20p9s,13.0,20.9,790,0.014237976945733982,0.006356627712816876,0.012740222589417378,0.4464558228352424,0.8948056762540717,0.8006771982565065,0.013721683361671832,0.020597500359443358,0.8653301994005848,0.0,0.0,0.02154866095660945,0.026615879458819297,predictive_alpha,31000,step_change,3,41003,scn3_env41003,8e5d7a93e5d5b099752f06959757b8d91a1d7758e1c60e3e3d7df27ab774e72b
startup_0_3s,0.0,3.0,300,0.110315185724612,0.10792523649480835,0.022838203278614657,0.9783352653208611,0.20702683069969496,0.04286010862956016,0.08953628911628687,0.21076828213543894,0.9294937400495463,0.0,0.0,0.04274344745213372,0.05127377015758814,predictive_alpha,31001,step_change,3,41003,scn3_env41003,8e5d7a93e5d5b099752f06959757b8d91a1d7758e1c60e3e3d7df27ab774e72b
pre_step_3_10s,3.0,10.0,700,0.009723113214742856,0.006976803931602296,0.006772232828741633,0.7175483589992128,0.6965086880273189,0.485124352497537,0.008428633598510966,0.031751371804199444,1.0,0.03642857142857143,0.11,0.020650616458824,0.027101964262175142,predictive_alpha,31001,step_change,3,41003,scn3_env41003,8e5d7a93e5d5b099752f06959757b8d91a1d7758e1c60e3e3d7df27ab774e72b
step_recovery_10_13s,10.0,13.0,300,0.015335717318217978,0.008918946580963365,0.012475440575395033,0.5815800067185741,0.8134892106138983,0.6617646957852235,0.014917001481305705,0.03222849544533813,1.0,0.0022222222222222222,0.006666666666666667,0.03903354935833137,0.03802776782759635,predictive_alpha,31001,step_change,3,41003,scn3_env41003,8e5d7a93e5d5b099752f06959757b8d91a1d7758e1c60e3e3d7df27ab774e72b
post_step_13_20p9s,13.0,20.9,790,0.014238421555271115,0.006356406705524881,0.012740829728850765,0.44642635989181795,0.8948203759379538,0.8007035051937411,0.013722140685228252,0.020601956359210076,0.8653793607670187,0.0,0.0,0.021553168156389385,0.0266349446009103,predictive_alpha,31001,step_change,3,41003,scn3_env41003,8e5d7a93e5d5b099752f06959757b8d91a1d7758e1c60e3e3d7df27ab774e72b
startup_0_3s,0.0,3.0,300,0.11457519028124181,0.11197905155837662,0.02425213887617345,0.9773411790415308,0.21167007287217218,0.04480421974971068,0.09213734207699512,0.2144116077647086,0.9294937400495463,0.0,0.0,0.044884240242379664,0.055443114133120766,predictive_alpha,31002,step_change,3,41003,scn3_env41003,8e5d7a93e5d5b099752f06959757b8d91a1d7758e1c60e3e3d7df27ab774e72b
pre_step_3_10s,3.0,10.0,700,0.009489900063095677,0.0065713034271420185,0.006846617739875281,0.6924523317897207,0.7214636291587946,0.5205097681989788,0.008249932818074967,0.03187563867424838,1.0,0.03642857142857143,0.11,0.020718810557285007,0.02725782433066888,predictive_alpha,31002,step_change,3,41003,scn3_env41003,8e5d7a93e5d5b099752f06959757b8d91a1d7758e1c60e3e3d7df27ab774e72b
step_recovery_10_13s,10.0,13.0,300,0.015349643222486784,0.00898147278745536,0.012447678242380517,0.5851258336934999,0.8109425126015325,0.6576277587444868,0.014917496836742507,0.03235813161085824,1.0,0.0022222222222222222,0.006666666666666667,0.03886851115638797,0.03768237361420203,predictive_alpha,31002,step_change,3,41003,scn3_env41003,8e5d7a93e5d5b099752f06959757b8d91a1d7758e1c60e3e3d7df27ab774e72b
post_step_13_20p9s,13.0,20.9,790,0.014238256256485992,0.006356059601354977,0.012740818167189489,0.4464071643927313,0.8948299523254913,0.8007206435788412,0.013721856231001682,0.020598805296222825,0.8655110404434563,0.0,0.0,0.021546765164855545,0.026618877181579865,predictive_alpha,31002,step_change,3,41003,scn3_env41003,8e5d7a93e5d5b099752f06959757b8d91a1d7758e1c60e3e3d7df27ab774e72b
startup_0_3s,0.0,3.0,300,0.11314108742500732,0.11088585027041509,0.02247740806944244,0.9800670366007658,0.1986670676498581,0.03946860376859329,0.09293824840385442,0.2121898283409801,0.9294937400495463,0.0,0.0,0.041987160262911,0.04929926867652017,predictive_alpha,31003,step_change,3,41003,scn3_env41003,8e5d7a93e5d5b099752f06959757b8d91a1d7758e1c60e3e3d7df27ab774e72b
pre_step_3_10s,3.0,10.0,700,0.00994906374954465,0.007302105418594669,0.0067574496630188685,0.7339490028826957,0.6792045797603965,0.4613188611674969,0.008585280805920113,0.03187008353075341,1.0,0.03642857142857143,0.11,0.02079001621247616,0.027376185307302354,predictive_alpha,31003,step_change,3,41003,scn3_env41003,8e5d7a93e5d5b099752f06959757b8d91a1d7758e1c60e3e3d7df27ab774e72b
step_recovery_10_13s,10.0,13.0,300,0.015384420361431558,0.00901380381965896,0.012467226257589593,0.5859046755025227,0.8103799795307652,0.6567157112242834,0.014944332966011371,0.03236833207575126,1.0,0.0022222222222222222,0.006666666666666667,0.03877189173911793,0.03780094994552012,predictive_alpha,31003,step_change,3,41003,scn3_env41003,8e5d7a93e5d5b099752f06959757b8d91a1d7758e1c60e3e3d7df27ab774e72b
post_step_13_20p9s,13.0,20.9,790,0.014238081925431125,0.006356096705202899,0.012740604836089901,0.4464152361597286,0.8948259254874402,0.8007134369244538,0.013721759254662791,0.020603071515711495,0.8654390978844713,0.0,0.0,0.02154303226029996,0.026598863692584768,predictive_alpha,31003,step_change,3,41003,scn3_env41003,8e5d7a93e5d5b099752f06959757b8d91a1d7758e1c60e3e3d7df27ab774e72b
startup_0_3s,0.0,3.0,300,0.11230377325504505,0.10985569161731965,0.023320902782717066,0.978201252132769,0.20765912049771146,0.04312231032588305,0.09005670569247687,0.21359740244246844,0.9294937400495463,0.0,0.0,0.04376715089160062,0.05202569479694065,predictive_alpha,31004,step_change,3,41003,scn3_env41003,8e5d7a93e5d5b099752f06959757b8d91a1d7758e1c60e3e3d7df27ab774e72b
pre_step_3_10s,3.0,10.0,700,0.009572795644212801,0.006744274146305996,0.006793613374731307,0.70452503082349,0.7096791394307431,0.5036444809431601,0.0083179691777488,0.03188070583047703,1.0,0.03642857142857143,0.11,0.020702038962882113,0.027198990804076846,predictive_alpha,31004,step_change,3,41003,scn3_env41003,8e5d7a93e5d5b099752f06959757b8d91a1d7758e1c60e3e3d7df27ab774e72b
step_recovery_10_13s,10.0,13.0,300,0.015368451465107248,0.008979596366775873,0.012472215100981166,0.58428764844417,0.8115466369073203,0.658607943875582,0.014938360379245315,0.032364295160161045,1.0,0.0022222222222222222,0.006666666666666667,0.03897883662396753,0.03792585803269728,predictive_alpha,31004,step_change,3,41003,scn3_env41003,8e5d7a93e5d5b099752f06959757b8d91a1d7758e1c60e3e3d7df27ab774e72b
post_step_13_20p9s,13.0,20.9,790,0.014238677107832814,0.0063565722870820305,0.012741032710899967,0.44642997653098176,0.8948185715856299,0.8007002760545471,0.013722434775731065,0.020600489367202976,0.8653325449655442,0.0,0.0,0.021557913678474087,0.026649432458014523,predictive_alpha,31004,step_change,3,41003,scn3_env41003,8e5d7a93e5d5b099752f06959757b8d91a1d7758e1c60e3e3d7df27ab774e72b
startup_0_3s,0.0,3.0,300,0.2474974316961577,0.24525320610458662,0.03325422667294204,0.9909323277571371,0.13436190608138054,0.01805312180582173,0.2375171034516982,0.33354068922487906,0.9265774644368977,0.0,0.0,0.060853424078118744,0.08044330319240152,real10kg_smc_steady,,step_change,3,41004,scn3_env41004,f163e4eddb0eef10d01fbf4217845814b1cc58f91dc7dd02cd47bf261e7365cb
pre_step_3_10s,3.0,10.0,700,0.12282275466054782,0.1224417485156431,0.009666813478966666,0.9968979189079603,0.07870539547564606,0.0061945392769778476,0.11469445436643469,0.2235530385637124,1.0,0.02666666666666667,0.08142857142857143,0.05555450241991692,0.0935138076464734,real10kg_smc_steady,,step_change,3,41004,scn3_env41004,f163e4eddb0eef10d01fbf4217845814b1cc58f91dc7dd02cd47bf261e7365cb
step_recovery_10_13s,10.0,13.0,300,0.05966438913680122,0.05548642708530158,0.021933894783534292,0.9299756167465284,0.36762120757229677,0.1351453522569137,0.05709636862127679,0.08540516988902469,1.0,0.0022222222222222222,0.006666666666666667,0.06010760590289376,0.08627568011417586,real10kg_smc_steady,,step_change,3,41004,scn3_env41004,f163e4eddb0eef10d01fbf4217845814b1cc58f91dc7dd02cd47bf261e7365cb
post_step_13_20p9s,13.0,20.9,790,0.10856851113538435,0.1069019508806439,0.018949789129868277,0.9846496904368316,0.1745422216045497,0.03046498712265174,0.10595025668741587,0.14674412497815456,0.8599935328414393,0.0,0.0,0.06667548689603428,0.11479352126233505,real10kg_smc_steady,,step_change,3,41004,scn3_env41004,f163e4eddb0eef10d01fbf4217845814b1cc58f91dc7dd02cd47bf261e7365cb
startup_0_3s,0.0,3.0,300,0.14235908980577672,0.14104851193912604,0.019272460405651826,0.9907938589068058,0.1353792050226341,0.018327529152560397,0.1217584878456096,0.23026052218054813,1.0,0.01888888888888889,0.05,0.046383738097750364,0.028797426732557117,real10kg_mpc_ltv_v3,,step_change,3,41004,scn3_env41004,f163e4eddb0eef10d01fbf4217845814b1cc58f91dc7dd02cd47bf261e7365cb
pre_step_3_10s,3.0,10.0,700,0.009924419602661248,0.007323959941450999,0.006697291633616376,0.7379736281492036,0.674829551928708,0.45539492415630073,0.008912682091040113,0.03208223487702334,1.0,0.03857142857142857,0.11571428571428571,0.021911400889546177,0.03149910470208467,real10kg_mpc_ltv_v3,,step_change,3,41004,scn3_env41004,f163e4eddb0eef10d01fbf4217845814b1cc58f91dc7dd02cd47bf261e7365cb
step_recovery_10_13s,10.0,13.0,300,0.014081642286348029,0.008900179292101964,0.010912353460601628,0.6320412854635977,0.7749347156177241,0.6005238134695229,0.013519593019408159,0.032513326154122446,1.0,0.0022222222222222222,0.006666666666666667,0.034407468162809436,0.030509362054595826,real10kg_mpc_ltv_v3,,step_change,3,41004,scn3_env41004,f163e4eddb0eef10d01fbf4217845814b1cc58f91dc7dd02cd47bf261e7365cb
post_step_13_20p9s,13.0,20.9,790,0.01231151665450514,0.007318502578605583,0.00990014961205642,0.5944436241271323,0.8041372878648276,0.6466367777346007,0.011754349696292458,0.018199920613323983,0.8716734946613985,0.0,0.0,0.025486786805927232,0.03650598116407845,real10kg_mpc_ltv_v3,,step_change,3,41004,scn3_env41004,f163e4eddb0eef10d01fbf4217845814b1cc58f91dc7dd02cd47bf261e7365cb
startup_0_3s,0.0,3.0,300,0.11848706499835393,0.11633368607760325,0.022486841830764253,0.9818260421862877,0.18978309430718576,0.03601762288481017,0.09457068363047025,0.23266848851029043,0.93531683574626,0.0,0.0,0.04649293914448316,0.05886967875225881,predictive_alpha,31000,step_change,3,41004,scn3_env41004,f163e4eddb0eef10d01fbf4217845814b1cc58f91dc7dd02cd47bf261e7365cb
pre_step_3_10s,3.0,10.0,700,0.009557806866615112,0.006897821213701969,0.006616021055235397,0.7216949777250339,0.692211209911009,0.4791563591264631,0.00834142588996531,0.03239029454135145,1.0,0.03857142857142857,0.11571428571428571,0.024929480819625375,0.035777071629196994,predictive_alpha,31000,step_change,3,41004,scn3_env41004,f163e4eddb0eef10d01fbf4217845814b1cc58f91dc7dd02cd47bf261e7365cb
step_recovery_10_13s,10.0,13.0,300,0.014653436409674238,0.0090875154888119,0.011495227742544748,0.6201627546431565,0.7844731721055935,0.6153981577534121,0.014113272449609896,0.032852795992582694,1.0,0.0022222222222222222,0.006666666666666667,0.0395383476032296,0.03949874376287522,predictive_alpha,31000,step_change,3,41004,scn3_env41004,f163e4eddb0eef10d01fbf4217845814b1cc58f91dc7dd02cd47bf261e7365cb
post_step_13_20p9s,13.0,20.9,790,0.013047213595868204,0.006274856441978885,0.011439228962161926,0.4809345992439342,0.876756472032044,0.7687019112500764,0.012534040931765567,0.019100031117110613,0.8712160784054406,0.0,0.0,0.026534920354902212,0.037004204116467834,predictive_alpha,31000,step_change,3,41004,scn3_env41004,f163e4eddb0eef10d01fbf4217845814b1cc58f91dc7dd02cd47bf261e7365cb
startup_0_3s,0.0,3.0,300,0.1175200180359886,0.11533074776805338,0.02257815888066921,0.9813710863517329,0.19212181258987734,0.036910790872819954,0.09397770070496053,0.23027928389661573,0.93531683574626,0.0,0.0,0.04761142194830583,0.060018916921855535,predictive_alpha,31001,step_change,3,41004,scn3_env41004,f163e4eddb0eef10d01fbf4217845814b1cc58f91dc7dd02cd47bf261e7365cb
pre_step_3_10s,3.0,10.0,700,0.00985527396058509,0.007139305280874793,0.006793875546745012,0.7244146950584563,0.6893644533796066,0.4752233495833638,0.00875598331397886,0.03274867491843416,1.0,0.03857142857142857,0.11571428571428571,0.027054134324799608,0.040827656287108674,predictive_alpha,31001,step_change,3,41004,scn3_env41004,f163e4eddb0eef10d01fbf4217845814b1cc58f91dc7dd02cd47bf261e7365cb
step_recovery_10_13s,10.0,13.0,300,0.014486238205068535,0.00924503543029046,0.011152596882639544,0.6381943538009578,0.7698752930030796,0.5927079667765774,0.013855789963168885,0.033195269056232254,1.0,0.0022222222222222222,0.006666666666666667,0.037960721666613656,0.03712263582461589,predictive_alpha,31001,step_change,3,41004,scn3_env41004,f163e4eddb0eef10d01fbf4217845814b1cc58f91dc7dd02cd47bf261e7365cb
post_step_13_20p9s,13.0,20.9,790,0.012537471645600958,0.006916121092051904,0.010457316305071908,0.5516360305770721,0.8340849415791965,0.6956976897691717,0.011995091021548525,0.018502976198129413,0.8725908230960036,0.0,0.0,0.029360656824199447,0.04367380328113349,predictive_alpha,31001,step_change,3,41004,scn3_env41004,f163e4eddb0eef10d01fbf4217845814b1cc58f91dc7dd02cd47bf261e7365cb
startup_0_3s,0.0,3.0,300,0.11581962349702955,0.11375959696322198,0.021747167304248593,0.9822134930885835,0.1877675530935079,0.03525665399472331,0.09240921950063329,0.23001240846171642,0.93531683574626,0.0,0.0,0.046592883695912204,0.05984603329960068,predictive_alpha,31002,step_change,3,41004,scn3_env41004,f163e4eddb0eef10d01fbf4217845814b1cc58f91dc7dd02cd47bf261e7365cb
pre_step_3_10s,3.0,10.0,700,0.00953950967592612,0.006914330652328156,0.006572235273281335,0.7248098578669238,0.6889489603293772,0.4746506699389298,0.008267848704595139,0.03218614612136214,1.0,0.03857142857142857,0.11571428571428571,0.023310671523908724,0.0324776041186817,predictive_alpha,31002,step_change,3,41004,scn3_env41004,f163e4eddb0eef10d01fbf4217845814b1cc58f91dc7dd02cd47bf261e7365cb
step_recovery_10_13s,10.0,13.0,300,0.014833169811198924,0.009054131573745678,0.01174928202458196,0.6103976216135462,0.7920951606521316,0.627414743528526,0.01432005429624711,0.03266324709851578,1.0,0.0022222222222222222,0.006666666666666667,0.039386679742424026,0.03873975717588233,predictive_alpha,31002,step_change,3,41004,scn3_env41004,f163e4eddb0eef10d01fbf4217845814b1cc58f91dc7dd02cd47bf261e7365cb
post_step_13_20p9s,13.0,20.9,790,0.013397867600554928,0.006132872947693154,0.011911789355485302,0.4577499293573506,0.8890809874096626,0.7904650021733406,0.012888291287697726,0.01957927177388094,0.8702231768418278,0.0,0.0,0.02488538299223186,0.03345185325700433,predictive_alpha,31002,step_change,3,41004,scn3_env41004,f163e4eddb0eef10d01fbf4217845814b1cc58f91dc7dd02cd47bf261e7365cb
startup_0_3s,0.0,3.0,300,0.1170461992429052,0.1153335462382099,0.019949583186837844,0.9853677179116168,0.17044195638883247,0.02905046049765267,0.09435921348909491,0.2303098301258049,0.93531683574626,0.0,0.0,0.0431016522707063,0.05294122703037591,predictive_alpha,31003,step_change,3,41004,scn3_env41004,f163e4eddb0eef10d01fbf4217845814b1cc58f91dc7dd02cd47bf261e7365cb
pre_step_3_10s,3.0,10.0,700,0.009841499722643319,0.007398806858414126,0.006489435558095374,0.7517966841365604,0.6593949846042756,0.43480174572127284,0.008539848446788482,0.03229710990317532,1.0,0.03857142857142857,0.11571428571428571,0.0245322190805278,0.034969981869496104,predictive_alpha,31003,step_change,3,41004,scn3_env41004,f163e4eddb0eef10d01fbf4217845814b1cc58f91dc7dd02cd47bf261e7365cb
step_recovery_10_13s,10.0,13.0,300,0.01477343497435239,0.009147094854147084,0.011601079116644897,0.6191582979873682,0.7852661981986653,0.6166430020333853,0.014220865534741278,0.03278830154405465,1.0,0.0022222222222222222,0.006666666666666667,0.03956651996505589,0.03935020385252598,predictive_alpha,31003,step_change,3,41004,scn3_env41004,f163e4eddb0eef10d01fbf4217845814b1cc58f91dc7dd02cd47bf261e7365cb
post_step_13_20p9s,13.0,20.9,790,0.01315193628802575,0.006213455794008801,0.01159165196251971,0.4724365795222012,0.8813646681875573,0.7768036783293629,0.012640709227692296,0.01924695093048208,0.8708694908012413,0.0,0.0,0.025972822569516118,0.035799714087142796,predictive_alpha,31003,step_change,3,41004,scn3_env41004,f163e4eddb0eef10d01fbf4217845814b1cc58f91dc7dd02cd47bf261e7365cb
startup_0_3s,0.0,3.0,300,0.11724541913185557,0.11532714422280278,0.021121981744555405,0.9836388071853326,0.18015187203861138,0.03245469699901621,0.09237325704815412,0.2320119208644326,0.93531683574626,0.0,0.0,0.04575587983733546,0.05638874087371869,predictive_alpha,31004,step_change,3,41004,scn3_env41004,f163e4eddb0eef10d01fbf4217845814b1cc58f91dc7dd02cd47bf261e7365cb
pre_step_3_10s,3.0,10.0,700,0.009526609753080447,0.006932346809702062,0.006534436555472944,0.7276824588579872,0.6859141630484047,0.4704782390703935,0.00827459513228056,0.03252630180606482,1.0,0.03857142857142857,0.11571428571428571,0.023823128903868573,0.03355355481737265,predictive_alpha,31004,step_change,3,41004,scn3_env41004,f163e4eddb0eef10d01fbf4217845814b1cc58f91dc7dd02cd47bf261e7365cb
step_recovery_10_13s,10.0,13.0,300,0.01483656402879632,0.00913761744337594,0.011688780074887398,0.6158850139183654,0.7878360550462101,0.620685649630775,0.014305638996021722,0.03299165885418275,1.0,0.0022222222222222222,0.006666666666666667,0.039608074632501655,0.03933323703351012,predictive_alpha,31004,step_change,3,41004,scn3_env41004,f163e4eddb0eef10d01fbf4217845814b1cc58f91dc7dd02cd47bf261e7365cb
post_step_13_20p9s,13.0,20.9,790,0.013283327003822017,0.0061614289107671675,0.011767904234315884,0.4638468140545164,0.8859154209581606,0.7848461330914749,0.012773617100585272,0.019416514000999974,0.8705926836729682,0.0,0.0,0.025388058702840218,0.034530312044476076,predictive_alpha,31004,step_change,3,41004,scn3_env41004,f163e4eddb0eef10d01fbf4217845814b1cc58f91dc7dd02cd47bf261e7365cb
startup_0_3s,0.0,3.0,300,0.23874457676008032,0.236443961772765,0.033063966391664514,0.9903636973935234,0.1384909631890454,0.019179746885029533,0.228633980499854,0.32275855310654616,0.8602423679041483,0.0,0.0,0.0564734583277391,0.07449813015783684,real10kg_smc_steady,,step_change,3,41005,scn3_env41005,fff2a0256b796088bc361abb12c7daeb71e93adbab1acccee1776d500f3081c4
pre_step_3_10s,3.0,10.0,700,0.12312854017224452,0.12273684900130545,0.009813424589753405,0.996818843377895,0.07970064922417991,0.00635219348675577,0.11488090319518851,0.22485411697852628,1.0,0.027142857142857142,0.08142857142857143,0.05584800643605221,0.09574194390984342,real10kg_smc_steady,,step_change,3,41005,scn3_env41005,fff2a0256b796088bc361abb12c7daeb71e93adbab1acccee1776d500f3081c4
step_recovery_10_13s,10.0,13.0,300,0.059620466094901715,0.05543314510671852,0.02194917768279289,0.9297670537912607,0.368148374550695,0.13553322568431883,0.05693611704646306,0.08516008104565059,1.0,0.0022222222222222222,0.006666666666666667,0.06450354951595386,0.09553834082192933,real10kg_smc_steady,,step_change,3,41005,scn3_env41005,fff2a0256b796088bc361abb12c7daeb71e93adbab1acccee1776d500f3081c4
post_step_13_20p9s,13.0,20.9,790,0.1085454439369994,0.10690454981316036,0.018802410183957792,0.984882883478818,0.17322155128750363,0.03000570583044925,0.10589395121282368,0.14633191829338954,0.8548941376270589,0.0,0.0,0.06561570808830916,0.1131694473608121,real10kg_smc_steady,,step_change,3,41005,scn3_env41005,fff2a0256b796088bc361abb12c7daeb71e93adbab1acccee1776d500f3081c4
startup_0_3s,0.0,3.0,300,0.1321553306559044,0.13071679296019376,0.019446116809616856,0.989114796288799,0.14714591316977682,0.0216519197625675,0.11509382035201005,0.20965956363191046,1.0,0.017777777777777778,0.043333333333333335,0.048201856972408405,0.03079763258696913,real10kg_mpc_ltv_v3,,step_change,3,41005,scn3_env41005,fff2a0256b796088bc361abb12c7daeb71e93adbab1acccee1776d500f3081c4
pre_step_3_10s,3.0,10.0,700,0.009639025276793492,0.007163532343734787,0.0064493885482989335,0.7431801596144171,0.6690913617403004,0.44768325035548956,0.00836655621599337,0.031517824906111984,1.0,0.03642857142857143,0.11,0.022779811827416462,0.03244686914496817,real10kg_mpc_ltv_v3,,step_change,3,41005,scn3_env41005,fff2a0256b796088bc361abb12c7daeb71e93adbab1acccee1776d500f3081c4
step_recovery_10_13s,10.0,13.0,300,0.01450066072383257,0.008708953371579387,0.011594105942217216,0.6005901067160189,0.7995570797102862,0.639291523714841,0.014053829370367919,0.03194521695432471,1.0,0.0022222222222222222,0.006666666666666667,0.040424891915874055,0.041747701437506744,real10kg_mpc_ltv_v3,,step_change,3,41005,scn3_env41005,fff2a0256b796088bc361abb12c7daeb71e93adbab1acccee1776d500f3081c4
post_step_13_20p9s,13.0,20.9,790,0.013188535807382855,0.0060926165710295166,0.011696901301671152,0.46196307611485654,0.886899157912837,0.7865901163064994,0.012703511849333618,0.01911188402664683,0.8714336762039596,0.0,0.0,0.025765524996851606,0.03459467164902404,real10kg_mpc_ltv_v3,,step_change,3,41005,scn3_env41005,fff2a0256b796088bc361abb12c7daeb71e93adbab1acccee1776d500f3081c4
startup_0_3s,0.0,3.0,300,0.10599394540036022,0.10375484853774498,0.02167136051207082,0.9788752380698942,0.20445847571966286,0.04180326829360797,0.08565402883097516,0.20834511859916763,0.8773364173514081,0.0,0.0,0.04129343025975438,0.050796822544762,predictive_alpha,31000,step_change,3,41005,scn3_env41005,fff2a0256b796088bc361abb12c7daeb71e93adbab1acccee1776d500f3081c4
pre_step_3_10s,3.0,10.0,700,0.00966036029829167,0.007053031726655353,0.006601310821011458,0.7301002766845668,0.6833400222327968,0.4669535859851192,0.008352519228023986,0.03216151719046284,1.0,0.03642857142857143,0.11,0.022498479324354764,0.03175242546139604,predictive_alpha,31000,step_change,3,41005,scn3_env41005,fff2a0256b796088bc361abb12c7daeb71e93adbab1acccee1776d500f3081c4
step_recovery_10_13s,10.0,13.0,300,0.014897037194233256,0.009037489950741922,0.011842528976388777,0.6066635823558523,0.7949586768148166,0.631959297843164,0.014399792776499614,0.03261909206391607,1.0,0.0022222222222222222,0.006666666666666667,0.040234259149136045,0.04147638016071619,predictive_alpha,31000,step_change,3,41005,scn3_env41005,fff2a0256b796088bc361abb12c7daeb71e93adbab1acccee1776d500f3081c4
post_step_13_20p9s,13.0,20.9,790,0.013428912458952679,0.006039103266064833,0.011994370411656442,0.44970903522710304,0.8931751136451956,0.7977617836351082,0.01294481707907707,0.01944050680249399,0.8711403333395995,0.0,0.0,0.024847467694872394,0.03261115129529996,predictive_alpha,31000,step_change,3,41005,scn3_env41005,fff2a0256b796088bc361abb12c7daeb71e93adbab1acccee1776d500f3081c4
startup_0_3s,0.0,3.0,300,0.10428927238232827,0.10205469161829081,0.021473058765136825,0.9785732442753518,0.2058990179394081,0.0423944055884127,0.085091013855608,0.20555682417855456,0.8773364173514081,0.0,0.0,0.041691763650461844,0.05068492075771321,predictive_alpha,31001,step_change,3,41005,scn3_env41005,fff2a0256b796088bc361abb12c7daeb71e93adbab1acccee1776d500f3081c4
pre_step_3_10s,3.0,10.0,700,0.009748713784335953,0.007166925829488253,0.006608524389265423,0.7351662986561296,0.6778867997831544,0.45953051332024636,0.008404527233285889,0.03213181112205724,1.0,0.03619047619047619,0.11,0.022049616896501523,0.03085682126364606,predictive_alpha,31001,step_change,3,41005,scn3_env41005,fff2a0256b796088bc361abb12c7daeb71e93adbab1acccee1776d500f3081c4
step_recovery_10_13s,10.0,13.0,300,0.014972519194040183,0.009022433413278887,0.0119487248825492,0.602599555649277,0.7980437178070471,0.6368737755312938,0.014483456622682063,0.032585999918160385,1.0,0.0022222222222222222,0.006666666666666667,0.039831272890887615,0.041193863619142304,predictive_alpha,31001,step_change,3,41005,scn3_env41005,fff2a0256b796088bc361abb12c7daeb71e93adbab1acccee1776d500f3081c4
post_step_13_20p9s,13.0,20.9,790,0.013542774627767363,0.006035131261041869,0.012123693137014587,0.44563477034224336,0.8952148632937323,0.8014096514620159,0.013057835904014126,0.019602711278231034,0.8710455828010921,0.0,0.0,0.024406777563709063,0.031715841802398836,predictive_alpha,31001,step_change,3,41005,scn3_env41005,fff2a0256b796088bc361abb12c7daeb71e93adbab1acccee1776d500f3081c4
startup_0_3s,0.0,3.0,300,0.10345939922180507,0.10111446485048096,0.021902335157185624,0.9773347381778543,0.2116998099924158,0.044816809550824954,0.08472063138797412,0.20515115724368366,0.8773364173514081,0.0,0.0,0.04345713693705966,0.053249029685401815,predictive_alpha,31002,step_change,3,41005,scn3_env41005,fff2a0256b796088bc361abb12c7daeb71e93adbab1acccee1776d500f3081c4
pre_step_3_10s,3.0,10.0,700,0.009686008246218146,0.007072937678647398,0.006617575714699143,0.7302221409329268,0.6832097956640645,0.46677562489133273,0.00835512808767109,0.03234647207520339,1.0,0.03642857142857143,0.11,0.02251922034235977,0.03181785376507598,predictive_alpha,31002,step_change,3,41005,scn3_env41005,fff2a0256b796088bc361abb12c7daeb71e93adbab1acccee1776d500f3081c4
step_recovery_10_13s,10.0,13.0,300,0.014942253672766977,0.009116198866268136,0.011839166484679982,0.6100953086402807,0.7923280345760338,0.6277837143751207,0.014432642742868413,0.03280686567429924,1.0,0.0022222222222222222,0.006666666666666667,0.04028700710042687,0.04138171928728714,predictive_alpha,31002,step_change,3,41005,scn3_env41005,fff2a0256b796088bc361abb12c7daeb71e93adbab1acccee1776d500f3081c4
post_step_13_20p9s,13.0,20.9,790,0.013436786748856155,0.006037311927171215,0.012004086921889253,0.44931217857462524,0.8933748184186323,0.7981185661845243,0.012952410700290379,0.01945588477419626,0.8711543499841478,0.0,0.0,0.02482823861633023,0.03257074552480395,predictive_alpha,31002,step_change,3,41005,scn3_env41005,fff2a0256b796088bc361abb12c7daeb71e93adbab1acccee1776d500f3081c4
startup_0_3s,0.0,3.0,300,0.10460455332644017,0.10261757543920805,0.020291520090976668,0.9810048623693144,0.19398314361758973,0.03762946000776245,0.0865064063484925,0.20544827060421073,0.8773364173514081,0.0,0.0,0.03976060564004895,0.046800762753899335,predictive_alpha,31003,step_change,3,41005,scn3_env41005,fff2a0256b796088bc361abb12c7daeb71e93adbab1acccee1776d500f3081c4
pre_step_3_10s,3.0,10.0,700,0.009936898000427845,0.007495174487365016,0.00652413222389457,0.7542770879848321,0.6565562234425336,0.43106607454112217,0.008596980641487563,0.03238572775279016,1.0,0.03642857142857143,0.11,0.024146900757916555,0.03498813873920415,predictive_alpha,31003,step_change,3,41005,scn3_env41005,fff2a0256b796088bc361abb12c7daeb71e93adbab1acccee1776d500f3081c4
step_recovery_10_13s,10.0,13.0,300,0.014831218085447653,0.00919646500653361,0.011635723496272688,0.6200748282136822,0.7845426740565312,0.6155072074157725,0.014274190570481972,0.03285212338009997,1.0,0.0022222222222222222,0.006666666666666667,0.04052179650278162,0.042528143242188905,predictive_alpha,31003,step_change,3,41005,scn3_env41005,fff2a0256b796088bc361abb12c7daeb71e93adbab1acccee1776d500f3081c4
post_step_13_20p9s,13.0,20.9,790,0.01310276301368833,0.006128810456142225,0.011581022449920413,0.4677494700728019,0.8838610938640828,0.7812104332466131,0.01261615834460053,0.01900195952820595,0.8715364120644469,0.0,0.0,0.0262583541856414,0.035604625657301714,predictive_alpha,31003,step_change,3,41005,scn3_env41005,fff2a0256b796088bc361abb12c7daeb71e93adbab1acccee1776d500f3081c4
startup_0_3s,0.0,3.0,300,0.10344981258169086,0.10124457930845618,0.021246149859226064,0.9786830616875861,0.20537639778176195,0.04217946476581251,0.0829522334118562,0.2060797794740818,0.8773364173514081,0.0,0.0,0.043141125800235956,0.049865422537017576,predictive_alpha,31004,step_change,3,41005,scn3_env41005,fff2a0256b796088bc361abb12c7daeb71e93adbab1acccee1776d500f3081c4
pre_step_3_10s,3.0,10.0,700,0.009553879885986804,0.006927793647927757,0.006578928183799779,0.7251288199770157,0.6886132400983448,0.4741881944387407,0.008264245883640692,0.03261277085867718,1.0,0.03642857142857143,0.11,0.02276542128217611,0.03226681785724763,predictive_alpha,31004,step_change,3,41005,scn3_env41005,fff2a0256b796088bc361abb12c7daeb71e93adbab1acccee1776d500f3081c4
step_recovery_10_13s,10.0,13.0,300,0.0149603212358567,0.009182032522612547,0.011811074897472728,0.6137590482084818,0.7894934013291172,0.6232998307422186,0.014441508135402905,0.03306634960604485,1.0,0.0022222222222222222,0.006666666666666667,0.040490525533900826,0.04174813036677574,predictive_alpha,31004,step_change,3,41005,scn3_env41005,fff2a0256b796088bc361abb12c7daeb71e93adbab1acccee1776d500f3081c4
post_step_13_20p9s,13.0,20.9,790,0.013394855941768195,0.006042654713812987,0.01195443389334503,0.4511175588660585,0.8924645360364345,0.7964929480827283,0.012910831504118706,0.01939380495550663,0.8711896995698409,0.0,0.0,0.02499536812951067,0.03291560084391933,predictive_alpha,31004,step_change,3,41005,scn3_env41005,fff2a0256b796088bc361abb12c7daeb71e93adbab1acccee1776d500f3081c4
startup_0_3s,0.0,3.0,300,0.2514493046762678,0.2491663804427271,0.033806326024114805,0.9909209363832606,0.13444589185736372,0.018075697837321943,0.24169034597373285,0.3370865733786855,0.9363005431346251,0.0,0.0,0.06078769998655601,0.08050693530242818,real10kg_smc_steady,,step_change,3,41006,scn3_env41006,d5b68146e547d878c1dbb3d5905b18d01d79f67d20425eac97e58dc84aacc7f6
pre_step_3_10s,3.0,10.0,700,0.12246042020675112,0.12207751953651565,0.009676452915490134,0.9968732699954074,0.07901698278638342,0.006243683568663614,0.1144243290169367,0.22263391651252745,1.0,0.027142857142857142,0.08142857142857143,0.05346793809732733,0.09183841923582124,real10kg_smc_steady,,step_change,3,41006,scn3_env41006,d5b68146e547d878c1dbb3d5905b18d01d79f67d20425eac97e58dc84aacc7f6
step_recovery_10_13s,10.0,13.0,300,0.059832585900313526,0.05544114178758402,0.022499291829019923,0.9266044740228001,0.37603742994671446,0.14140414872093018,0.05729156763292825,0.08525842019662998,1.0,0.0022222222222222222,0.006666666666666667,0.06423781855673161,0.09649811384105049,real10kg_smc_steady,,step_change,3,41006,scn3_env41006,d5b68146e547d878c1dbb3d5905b18d01d79f67d20425eac97e58dc84aacc7f6
post_step_13_20p9s,13.0,20.9,790,0.10848684147396893,0.1068548636668952,0.01874654324741786,0.9849569055112981,0.1728001570763403,0.029859894285607883,0.10587800503070435,0.14683499340498818,0.8503073863979983,0.0,0.0,0.06644876783872884,0.11363768583962389,real10kg_smc_steady,,step_change,3,41006,scn3_env41006,d5b68146e547d878c1dbb3d5905b18d01d79f67d20425eac97e58dc84aacc7f6
startup_0_3s,0.0,3.0,300,0.14485514587377854,0.143341022609962,0.020889339942755995,0.9895473284384672,0.14420847679762927,0.02079608478029238,0.12395422146679005,0.23356624263201906,1.0,0.019444444444444445,0.05,0.04256087738406774,0.026306372802989565,real10kg_mpc_ltv_v3,,step_change,3,41006,scn3_env41006,d5b68146e547d878c1dbb3d5905b18d01d79f67d20425eac97e58dc84aacc7f6
pre_step_3_10s,3.0,10.0,700,0.009933495029897757,0.007330822855682525,0.006703235022554867,0.7379902877706458,0.6748113330081227,0.45537033515619946,0.008913995282122658,0.03215222185049022,1.0,0.03833333333333333,0.11714285714285715,0.021242780558043718,0.03006330188293202,real10kg_mpc_ltv_v3,,step_change,3,41006,scn3_env41006,d5b68146e547d878c1dbb3d5905b18d01d79f67d20425eac97e58dc84aacc7f6
step_recovery_10_13s,10.0,13.0,300,0.014200217343347019,0.008881388990966438,0.0110800316872035,0.6254403560328238,0.7802719788929593,0.6088243610455347,0.01365622755328209,0.032578017813319184,1.0,0.0022222222222222222,0.006666666666666667,0.034962273539025125,0.033222911621143374,real10kg_mpc_ltv_v3,,step_change,3,41006,scn3_env41006,d5b68146e547d878c1dbb3d5905b18d01d79f67d20425eac97e58dc84aacc7f6
post_step_13_20p9s,13.0,20.9,790,0.012258766602970317,0.007304089949785387,0.00984518301666071,0.5958258433614028,0.8031136684073263,0.644991564382673,0.011696738375247906,0.018212557518608133,0.8687100551021018,0.0,0.0,0.025406435758438175,0.035785859914158336,real10kg_mpc_ltv_v3,,step_change,3,41006,scn3_env41006,d5b68146e547d878c1dbb3d5905b18d01d79f67d20425eac97e58dc84aacc7f6
startup_0_3s,0.0,3.0,300,0.12606115626677092,0.12377963264949966,0.02387504262760914,0.9819014541446607,0.1893925403721089,0.03586953434860091,0.09948731181468591,0.2455767054034351,0.9451004188794292,0.0,0.0,0.04546187269560721,0.05763776633021972,predictive_alpha,31000,step_change,3,41006,scn3_env41006,d5b68146e547d878c1dbb3d5905b18d01d79f67d20425eac97e58dc84aacc7f6
pre_step_3_10s,3.0,10.0,700,0.009359531717075244,0.006571779751342696,0.006664273768594714,0.7021483499386344,0.712030683804043,0.506987694678453,0.00812934034981824,0.032377749164195425,1.0,0.037142857142857144,0.11285714285714285,0.022804596115521433,0.031269531782007046,predictive_alpha,31000,step_change,3,41006,scn3_env41006,d5b68146e547d878c1dbb3d5905b18d01d79f67d20425eac97e58dc84aacc7f6
step_recovery_10_13s,10.0,13.0,300,0.01498012720547446,0.00906527285583268,0.011925813982345157,0.6051532628187425,0.7961089928520027,0.6337895284998301,0.014482301394354078,0.03284074264546832,1.0,0.0022222222222222222,0.006666666666666667,0.04032923075936331,0.042744582453802416,predictive_alpha,31000,step_change,3,41006,scn3_env41006,d5b68146e547d878c1dbb3d5905b18d01d79f67d20425eac97e58dc84aacc7f6
post_step_13_20p9s,13.0,20.9,790,0.013296724801933547,0.0061281359373250004,0.011800374586936658,0.46087559369762066,0.8874647526149224,0.7875936871338653,0.012785392054417581,0.01954823433839325,0.8671098443530378,0.0,0.0,0.025450438989941034,0.03413363263100998,predictive_alpha,31000,step_change,3,41006,scn3_env41006,d5b68146e547d878c1dbb3d5905b18d01d79f67d20425eac97e58dc84aacc7f6
startup_0_3s,0.0,3.0,300,0.12416436111589607,0.12226829031809758,0.021616053155191287,0.9847293476102319,0.17409225127824463,0.03030811195512747,0.09803349413352488,0.24189761269475415,0.9451004188794292,0.0,0.0,0.04519076835188802,0.05708025031097795,predictive_alpha,31001,step_change,3,41006,scn3_env41006,d5b68146e547d878c1dbb3d5905b18d01d79f67d20425eac97e58dc84aacc7f6
pre_step_3_10s,3.0,10.0,700,0.009711763235791624,0.007166168334888128,0.006554721698449178,0.7378854035977742,0.6749260190253074,0.45552513115734955,0.008497383540213918,0.03255407506060751,1.0,0.03833333333333333,0.11571428571428571,0.024824927297907896,0.0354641428379073,predictive_alpha,31001,step_change,3,41006,scn3_env41006,d5b68146e547d878c1dbb3d5905b18d01d79f67d20425eac97e58dc84aacc7f6
step_recovery_10_13s,10.0,13.0,300,0.014770831321088373,0.009125537074660737,0.011614733359618618,0.6178079538172082,0.7863290228652343,0.6183133322001942,0.014233194235735951,0.03301383925099045,1.0,0.0022222222222222222,0.006666666666666667,0.040482504193899684,0.04348583379896513,predictive_alpha,31001,step_change,3,41006,scn3_env41006,d5b68146e547d878c1dbb3d5905b18d01d79f67d20425eac97e58dc84aacc7f6
post_step_13_20p9s,13.0,20.9,790,0.012884369191730168,0.006329604085585413,0.011222436526376344,0.4912622412006068,0.8710117165518251,0.7586614103705568,0.012364810688984085,0.01899903743674817,0.868845249810214,0.0,0.0,0.02745018386580603,0.03840218003399809,predictive_alpha,31001,step_change,3,41006,scn3_env41006,d5b68146e547d878c1dbb3d5905b18d01d79f67d20425eac97e58dc84aacc7f6
startup_0_3s,0.0,3.0,300,0.12241705402916052,0.12035742249519021,0.022361260418247594,0.9831752891759699,0.18266458538465563,0.03336635075374815,0.09667997907296103,0.24213144970951725,0.9451004188794292,0.0,0.0,0.04554410440349722,0.05849338451264252,predictive_alpha,31002,step_change,3,41006,scn3_env41006,d5b68146e547d878c1dbb3d5905b18d01d79f67d20425eac97e58dc84aacc7f6
pre_step_3_10s,3.0,10.0,700,0.009623250697335039,0.007005580107975623,0.006597636041378424,0.7279847868782713,0.6855932832764612,0.470038150073798,0.008406479471862764,0.032726073590376964,1.0,0.03761904761904762,0.11428571428571428,0.024661690974530043,0.035121627423366136,predictive_alpha,31002,step_change,3,41006,scn3_env41006,d5b68146e547d878c1dbb3d5905b18d01d79f67d20425eac97e58dc84aacc7f6
step_recovery_10_13s,10.0,13.0,300,0.014820017240463498,0.009192046116835802,0.011624938674831758,0.6202453052307192,0.784407904944393,0.6152957613392519,0.014270775506375113,0.03318837510778556,1.0,0.0022222222222222222,0.006666666666666667,0.04034074693048154,0.04313743499550302,predictive_alpha,31002,step_change,3,41006,scn3_env41006,d5b68146e547d878c1dbb3d5905b18d01d79f67d20425eac97e58dc84aacc7f6
post_step_13_20p9s,13.0,20.9,790,0.01292110293715084,0.006300209805354935,0.011281057464659844,0.48759071388871383,0.8730723313274189,0.7622552957294945,0.012402945942811824,0.0190417060572888,0.8687116919282936,0.0,0.0,0.027256835074948103,0.03796173312501682,predictive_alpha,31002,step_change,3,41006,scn3_env41006,d5b68146e547d878c1dbb3d5905b18d01d79f67d20425eac97e58dc84aacc7f6
startup_0_3s,0.0,3.0,300,0.12485433007730898,0.12317029811412875,0.020437255234748937,0.9865120259574699,0.163688798154572,0.026794022641288214,0.10027669166960375,0.2434061678247828,0.9451004188794292,0.0,0.0,0.041887180425350286,0.051166679862271615,predictive_alpha,31003,step_change,3,41006,scn3_env41006,d5b68146e547d878c1dbb3d5905b18d01d79f67d20425eac97e58dc84aacc7f6
pre_step_3_10s,3.0,10.0,700,0.009913384914749947,0.007484692725482402,0.006500351934557283,0.7550087875984783,0.6557146716744072,0.4299617306490757,0.00854710151937126,0.032238705707996584,1.0,0.03761904761904762,0.11428571428571428,0.02260271477815281,0.030893243516640346,predictive_alpha,31003,step_change,3,41006,scn3_env41006,d5b68146e547d878c1dbb3d5905b18d01d79f67d20425eac97e58dc84aacc7f6
step_recovery_10_13s,10.0,13.0,300,0.015044953160211887,0.009083303584294019,0.011993507059593582,0.6037442248950208,0.7971780923394162,0.6354929109059108,0.01454259613723292,0.0327269751123392,1.0,0.0022222222222222222,0.006666666666666667,0.04013568537785287,0.04242254991521839,predictive_alpha,31003,step_change,3,41006,scn3_env41006,d5b68146e547d878c1dbb3d5905b18d01d79f67d20425eac97e58dc84aacc7f6
post_step_13_20p9s,13.0,20.9,790,0.013359513098068713,0.006117538626117865,0.011876544589038742,0.45791628641033577,0.8889953175580664,0.7903126746401673,0.012848226604388656,0.019650073519810622,0.8669924283604634,0.0,0.0,0.025178047942514718,0.03357275869037818,predictive_alpha,31003,step_change,3,41006,scn3_env41006,d5b68146e547d878c1dbb3d5905b18d01d79f67d20425eac97e58dc84aacc7f6
startup_0_3s,0.0,3.0,300,0.12314343884730933,0.12119225000691351,0.02183449265274522,0.984155153870478,0.17730942758402837,0.0314386331101758,0.09658823276894404,0.2433002362821737,0.9451004188794292,0.0,0.0,0.044979482747631964,0.054560077117581325,predictive_alpha,31004,step_change,3,41006,scn3_env41006,d5b68146e547d878c1dbb3d5905b18d01d79f67d20425eac97e58dc84aacc7f6
pre_step_3_10s,3.0,10.0,700,0.00954322611694454,0.0069337576973615405,0.006557146400181405,0.7265632829395355,0.6870995531101186,0.4721057958841246,0.00826686290175923,0.03267260292625375,1.0,0.03642857142857143,0.11,0.022625676816170438,0.03089261567024483,predictive_alpha,31004,step_change,3,41006,scn3_env41006,d5b68146e547d878c1dbb3d5905b18d01d79f67d20425eac97e58dc84aacc7f6
step_recovery_10_13s,10.0,13.0,300,0.015080704022063993,0.009155565588741617,0.011983457453979945,0.6071046534264225,0.7946218847904855,0.6314239397879835,0.01457222020197286,0.03313273665438537,1.0,0.0022222222222222222,0.006666666666666667,0.04037701275038599,0.04281922355235136,predictive_alpha,31004,step_change,3,41006,scn3_env41006,d5b68146e547d878c1dbb3d5905b18d01d79f67d20425eac97e58dc84aacc7f6
post_step_13_20p9s,13.0,20.9,790,0.013348080005513036,0.006119760337533472,0.011862536543451789,0.45847495182871867,0.8887073300843502,0.789800718545654,0.01283685082821955,0.01962041523649944,0.8669346843745132,0.0,0.0,0.02524973332459935,0.03372021059635384,predictive_alpha,31004,step_change,3,41006,scn3_env41006,d5b68146e547d878c1dbb3d5905b18d01d79f67d20425eac97e58dc84aacc7f6
startup_0_3s,0.0,3.0,300,0.23157770553303994,0.2295465130520686,0.030604444866454385,0.9912288945246436,0.13215626606201067,0.017465278659452955,0.22248588102548325,0.31109465184129975,0.8999999999999999,0.0,0.0,0.06042004267968681,0.08009338487569131,real10kg_smc_steady,,step_change,3,41007,scn3_env41007,86a6f0f119779a5426b4df338ff427a4a96e730b9dc6d0ebb196b55bb515663f
pre_step_3_10s,3.0,10.0,700,0.12429689619295166,0.12392706300366634,0.009581307764951233,0.9970245983559298,0.07708404681382984,0.00594195027319671,0.11564802036034341,0.23146594121745226,1.0,0.027142857142857142,0.08285714285714285,0.05767229323804204,0.09973087041076584,real10kg_smc_steady,,step_change,3,41007,scn3_env41007,86a6f0f119779a5426b4df338ff427a4a96e730b9dc6d0ebb196b55bb515663f
step_recovery_10_13s,10.0,13.0,300,0.05985853454471341,0.05553567037959854,0.02233458021385738,0.9277819913568757,0.373122736527634,0.13922057651387015,0.05738658372887026,0.08442439492853286,1.0,0.0022222222222222222,0.006666666666666667,0.061688450629194404,0.08946210902002495,real10kg_smc_steady,,step_change,3,41007,scn3_env41007,86a6f0f119779a5426b4df338ff427a4a96e730b9dc6d0ebb196b55bb515663f
post_step_13_20p9s,13.0,20.9,790,0.10850540777002719,0.10681968907753266,0.019051969470874272,0.9844641965120545,0.17558543728303522,0.030830245785874694,0.10589178876624082,0.14688027499286846,0.860452643765955,0.0,0.0,0.0651306914793214,0.11252636052454544,real10kg_smc_steady,,step_change,3,41007,scn3_env41007,86a6f0f119779a5426b4df338ff427a4a96e730b9dc6d0ebb196b55bb515663f
startup_0_3s,0.0,3.0,300,0.14798504184840275,0.14680088157348314,0.01868351626760047,0.9919981083214298,0.12625273496722755,0.015939753086705002,0.12608028146957698,0.24423391811631334,1.0,0.016666666666666666,0.04666666666666667,0.04728128480190361,0.03221162282051632,real10kg_mpc_ltv_v3,,step_change,3,41007,scn3_env41007,86a6f0f119779a5426b4df338ff427a4a96e730b9dc6d0ebb196b55bb515663f
pre_step_3_10s,3.0,10.0,700,0.009413332427939554,0.006856727369891397,0.006449505188297827,0.7284059521301999,0.6851458011994944,0.4694247689012971,0.008165544819297989,0.03146000467619938,1.0,0.036904761904761905,0.11142857142857143,0.022062571842327554,0.03078843147262149,real10kg_mpc_ltv_v3,,step_change,3,41007,scn3_env41007,86a6f0f119779a5426b4df338ff427a4a96e730b9dc6d0ebb196b55bb515663f
step_recovery_10_13s,10.0,13.0,300,0.014720939030860624,0.008647932217526568,0.011912989310470388,0.5874579195931218,0.8092547143559444,0.6548931927073212,0.01430912840069983,0.03189379492873762,1.0,0.0022222222222222222,0.006666666666666667,0.03940624799327706,0.03914946710179952,real10kg_mpc_ltv_v3,,step_change,3,41007,scn3_env41007,86a6f0f119779a5426b4df338ff427a4a96e730b9dc6d0ebb196b55bb515663f
post_step_13_20p9s,13.0,20.9,790,0.013508066257591263,0.006098803512559744,0.012052902129141537,0.45149345555899517,0.8922744306475434,0.7961536595873978,0.012999758497365226,0.019617324037423466,0.8720393513839714,0.0,0.0,0.02447773310010939,0.032523295207878736,real10kg_mpc_ltv_v3,,step_change,3,41007,scn3_env41007,86a6f0f119779a5426b4df338ff427a4a96e730b9dc6d0ebb196b55bb515663f
startup_0_3s,0.0,3.0,300,0.10553383728519002,0.10364503208862864,0.019877075627065886,0.9821023735595139,0.18834789048133393,0.035474927848768566,0.08708570591829956,0.19784062889981638,0.9132695221865397,0.0,0.0,0.04648613618905528,0.05969083305464222,predictive_alpha,31000,step_change,3,41007,scn3_env41007,86a6f0f119779a5426b4df338ff427a4a96e730b9dc6d0ebb196b55bb515663f
pre_step_3_10s,3.0,10.0,700,0.009543089237808762,0.006904494201089034,0.006587754703076712,0.7235072447750065,0.6903167872492157,0.4765372667580791,0.008324173123284791,0.03233595082615387,1.0,0.03642857142857143,0.11,0.02473430110096658,0.0360355758495282,predictive_alpha,31000,step_change,3,41007,scn3_env41007,86a6f0f119779a5426b4df338ff427a4a96e730b9dc6d0ebb196b55bb515663f
step_recovery_10_13s,10.0,13.0,300,0.014754670161771568,0.00905302421745239,0.011650881687704704,0.6135700844677783,0.7896402671129452,0.6235317514462037,0.014245193456257538,0.03280296990919045,1.0,0.0022222222222222222,0.006666666666666667,0.03985397906028362,0.04058817793574071,predictive_alpha,31000,step_change,3,41007,scn3_env41007,86a6f0f119779a5426b4df338ff427a4a96e730b9dc6d0ebb196b55bb515663f
post_step_13_20p9s,13.0,20.9,790,0.013085705833127301,0.006240361885321022,0.011501894656593518,0.47688385822667256,0.8789663166258663,0.7725817857628426,0.012574359463667969,0.019036689858312663,0.872917232448424,0.0,0.0,0.026354557878139586,0.03657970706350739,predictive_alpha,31000,step_change,3,41007,scn3_env41007,86a6f0f119779a5426b4df338ff427a4a96e730b9dc6d0ebb196b55bb515663f
startup_0_3s,0.0,3.0,300,0.104252179095776,0.10259438420377798,0.018517806999354534,0.9840982231126794,0.17762513129190624,0.03155068726646693,0.08628263281617263,0.19600642244710284,0.9132695221865397,0.0,0.0,0.04476232625427706,0.05644241856537405,predictive_alpha,31001,step_change,3,41007,scn3_env41007,86a6f0f119779a5426b4df338ff427a4a96e730b9dc6d0ebb196b55bb515663f
pre_step_3_10s,3.0,10.0,700,0.009687214542261239,0.007160729245131949,0.006524268715013942,0.7391938326432951,0.6734927451592306,0.4535924777821164,0.008438892505874753,0.03229536772678853,1.0,0.03642857142857143,0.11,0.024837994626387375,0.03618430669056789,predictive_alpha,31001,step_change,3,41007,scn3_env41007,86a6f0f119779a5426b4df338ff427a4a96e730b9dc6d0ebb196b55bb515663f
step_recovery_10_13s,10.0,13.0,300,0.014851284124287798,0.0091073774514859,0.011730998086117352,0.6132383823020187,0.7898978962319139,0.6239386864716033,0.014318123369340456,0.0327573655446644,1.0,0.0022222222222222222,0.006666666666666667,0.03985917109090988,0.04096050503203581,predictive_alpha,31001,step_change,3,41007,scn3_env41007,86a6f0f119779a5426b4df338ff427a4a96e730b9dc6d0ebb196b55bb515663f
post_step_13_20p9s,13.0,20.9,790,0.01308737564743552,0.006237249713324046,0.011505482056425426,0.4765852132124166,0.8791282810530415,0.7728665345472756,0.012575508061205387,0.019051938238518883,0.873097289139485,0.0,0.0,0.026396125973958393,0.03664596842245214,predictive_alpha,31001,step_change,3,41007,scn3_env41007,86a6f0f119779a5426b4df338ff427a4a96e730b9dc6d0ebb196b55bb515663f
startup_0_3s,0.0,3.0,300,0.10828192256020629,0.1064081865799071,0.020056734083848067,0.9826957636510621,0.18522698535109808,0.0343090361022559,0.08833749261798465,0.20016326389851777,0.9132695221865397,0.0,0.0,0.045802747089035804,0.058673455522386224,predictive_alpha,31002,step_change,3,41007,scn3_env41007,86a6f0f119779a5426b4df338ff427a4a96e730b9dc6d0ebb196b55bb515663f
pre_step_3_10s,3.0,10.0,700,0.009532000771077591,0.006892494817775585,0.006584265630027427,0.7230900398884871,0.6907537869704847,0.47714079421406586,0.008318757677716768,0.03242018995213418,1.0,0.03619047619047619,0.10857142857142857,0.024842400865062824,0.03630236546582616,predictive_alpha,31002,step_change,3,41007,scn3_env41007,86a6f0f119779a5426b4df338ff427a4a96e730b9dc6d0ebb196b55bb515663f
step_recovery_10_13s,10.0,13.0,300,0.014795209880423137,0.00911391454583779,0.011654818619649848,0.6160044108530845,0.7877427027967598,0.6205385658095444,0.014269720007547552,0.032887383686357026,1.0,0.0022222222222222222,0.006666666666666667,0.03999078688378604,0.04049216387568747,predictive_alpha,31002,step_change,3,41007,scn3_env41007,86a6f0f119779a5426b4df338ff427a4a96e730b9dc6d0ebb196b55bb515663f
post_step_13_20p9s,13.0,20.9,790,0.013086848225682072,0.006238601010792413,0.011504149421412167,0.47670767653204477,0.8790618812890362,0.7727497911354195,0.012575106890115473,0.01904328253459374,0.8731364221105367,0.0,0.0,0.02636858948278798,0.03659370959803154,predictive_alpha,31002,step_change,3,41007,scn3_env41007,86a6f0f119779a5426b4df338ff427a4a96e730b9dc6d0ebb196b55bb515663f
startup_0_3s,0.0,3.0,300,0.10604718911276387,0.10451286722976023,0.017974061926365244,0.9855317062541645,0.1694911678163649,0.028727255967755168,0.08814053320696538,0.19696893664584464,0.9132695221865397,0.0,0.0,0.04348765409390856,0.054745820043278236,predictive_alpha,31003,step_change,3,41007,scn3_env41007,86a6f0f119779a5426b4df338ff427a4a96e730b9dc6d0ebb196b55bb515663f
pre_step_3_10s,3.0,10.0,700,0.009812034292951504,0.007350207390442184,0.006500036021711373,0.7491012741080839,0.6624554936972334,0.4388472811296452,0.00853285022963213,0.03228183021925511,1.0,0.03642857142857143,0.11,0.02483904216729661,0.03626031521949868,predictive_alpha,31003,step_change,3,41007,scn3_env41007,86a6f0f119779a5426b4df338ff427a4a96e730b9dc6d0ebb196b55bb515663f
step_recovery_10_13s,10.0,13.0,300,0.014845382312937309,0.009136012340472165,0.011701224488574356,0.6154110515907968,0.7882063420069072,0.6212692375799097,0.014310162675849674,0.03276837810877866,1.0,0.0022222222222222222,0.006666666666666667,0.03989941037866289,0.04071342652980279,predictive_alpha,31003,step_change,3,41007,scn3_env41007,86a6f0f119779a5426b4df338ff427a4a96e730b9dc6d0ebb196b55bb515663f
post_step_13_20p9s,13.0,20.9,790,0.013086096029645262,0.006239058675316365,0.011503045515995191,0.47677005129584804,0.8790280531287692,0.7726903181873542,0.01257460469520129,0.01904736633713404,0.8731205357382952,0.0,0.0,0.02635955854120865,0.0365841517638087,predictive_alpha,31003,step_change,3,41007,scn3_env41007,86a6f0f119779a5426b4df338ff427a4a96e730b9dc6d0ebb196b55bb515663f
startup_0_3s,0.0,3.0,300,0.10648794308380934,0.10470550180757986,0.019402059515512975,0.9832615672290088,0.18219958949007917,0.03319669041035336,0.0859339477512782,0.20074691979095635,0.9132695221865397,0.0,0.0,0.046129735169840445,0.05858882160606884,predictive_alpha,31004,step_change,3,41007,scn3_env41007,86a6f0f119779a5426b4df338ff427a4a96e730b9dc6d0ebb196b55bb515663f
pre_step_3_10s,3.0,10.0,700,0.009502136594982667,0.006877946262588231,0.006556253128018884,0.7238315502873254,0.6899767291790698,0.4760678868086475,0.008289874161695724,0.03273017309345279,1.0,0.03595238095238095,0.10857142857142857,0.024852507615751557,0.03625291961327129,predictive_alpha,31004,step_change,3,41007,scn3_env41007,86a6f0f119779a5426b4df338ff427a4a96e730b9dc6d0ebb196b55bb515663f
step_recovery_10_13s,10.0,13.0,300,0.014826056079823614,0.009162786024482525,0.01165569779771346,0.61801911278023,0.786163072293743,0.6180523762383371,0.014298714443531502,0.03318655253746219,1.0,0.0022222222222222222,0.006666666666666667,0.0399164066464039,0.040711530092665725,predictive_alpha,31004,step_change,3,41007,scn3_env41007,86a6f0f119779a5426b4df338ff427a4a96e730b9dc6d0ebb196b55bb515663f
post_step_13_20p9s,13.0,20.9,790,0.013087095953579366,0.006240286273606209,0.011503517189174592,0.4768274257131483,0.8789969317851865,0.7726356060877716,0.012575683040912245,0.019035680895320903,0.8729165531320081,0.0,0.0,0.026396278785084503,0.0366436416267021,predictive_alpha,31004,step_change,3,41007,scn3_env41007,86a6f0f119779a5426b4df338ff427a4a96e730b9dc6d0ebb196b55bb515663f
startup_0_3s,0.0,3.0,300,0.24915309043239234,0.24693490374798704,0.03317251547567991,0.9910970934353824,0.13314109577413116,0.01772655138393637,0.2395717789411994,0.33438089156253886,0.8920869296783565,0.0,0.0,0.059393993531814744,0.0806185889194279,real10kg_smc_steady,,step_change,3,41008,scn3_env41008,f95532b66d0f2d64a93d6cbcc4ad3fcc571859fc60dfbb4732e4c4adae101395
pre_step_3_10s,3.0,10.0,700,0.12260392242902024,0.12221499661025768,0.009757889040971834,0.9968277864928202,0.07958871826976843,0.00633436407582457,0.11460547016822556,0.22204824063027795,1.0,0.027142857142857142,0.08285714285714285,0.05508315591616073,0.09417299593697656,real10kg_smc_steady,,step_change,3,41008,scn3_env41008,f95532b66d0f2d64a93d6cbcc4ad3fcc571859fc60dfbb4732e4c4adae101395
step_recovery_10_13s,10.0,13.0,300,0.059317399081491765,0.05490027497370679,0.022461381115246325,0.9255340898929736,0.3786642951824018,0.1433866484459851,0.05681955933635014,0.08358245213039939,1.0,0.0022222222222222222,0.006666666666666667,0.06322579542343237,0.09401829278464073,real10kg_smc_steady,,step_change,3,41008,scn3_env41008,f95532b66d0f2d64a93d6cbcc4ad3fcc571859fc60dfbb4732e4c4adae101395
post_step_13_20p9s,13.0,20.9,790,0.10832157177833832,0.10666706409115453,0.018860019901983837,0.9847259630743778,0.17411139436360526,0.030314777647238875,0.10566251456875511,0.14656031555647756,0.8570369322406411,0.0,0.0,0.06547625257553605,0.11283659686746272,real10kg_smc_steady,,step_change,3,41008,scn3_env41008,f95532b66d0f2d64a93d6cbcc4ad3fcc571859fc60dfbb4732e4c4adae101395
startup_0_3s,0.0,3.0,300,0.1370066058865692,0.1355636040950674,0.01983227927681353,0.9894676480585433,0.14475418282555744,0.020953773445494903,0.1201121538220262,0.21204235018326376,1.0,0.01888888888888889,0.04666666666666667,0.045208044049642314,0.028966901196823047,real10kg_mpc_ltv_v3,,step_change,3,41008,scn3_env41008,f95532b66d0f2d64a93d6cbcc4ad3fcc571859fc60dfbb4732e4c4adae101395
pre_step_3_10s,3.0,10.0,700,0.009824001746620929,0.007144830261604641,0.006742581912774185,0.7272830813636798,0.6863376133960246,0.4710593195621509,0.008487732239344736,0.031140473311030897,1.0,0.03666666666666667,0.11142857142857143,0.018623744139586125,0.02381988171849312,real10kg_mpc_ltv_v3,,step_change,3,41008,scn3_env41008,f95532b66d0f2d64a93d6cbcc4ad3fcc571859fc60dfbb4732e4c4adae101395
step_recovery_10_13s,10.0,13.0,300,0.015262779148313647,0.00857671048963044,0.012625072851562521,0.5619363555147859,0.8271804714515206,0.68422753235076,0.014915740238958967,0.03157337391361759,1.0,0.0022222222222222222,0.006666666666666667,0.03854131395623071,0.036670705442971734,real10kg_mpc_ltv_v3,,step_change,3,41008,scn3_env41008,f95532b66d0f2d64a93d6cbcc4ad3fcc571859fc60dfbb4732e4c4adae101395
post_step_13_20p9s,13.0,20.9,790,0.014383010304082637,0.006458623056159302,0.01285134909749925,0.44904529160533335,0.8935089960862628,0.798358326087081,0.01383925558834828,0.02092052778076011,0.868812796334414,0.0,0.0,0.021475570238623957,0.02614436589248788,real10kg_mpc_ltv_v3,,step_change,3,41008,scn3_env41008,f95532b66d0f2d64a93d6cbcc4ad3fcc571859fc60dfbb4732e4c4adae101395
startup_0_3s,0.0,3.0,300,0.12311488358396509,0.12078006340562092,0.0238631691865826,0.9810354352749575,0.1938284672974391,0.037569474734874424,0.09804489914918245,0.2390701218244334,0.9054117943814752,0.0,0.0,0.04559696155071586,0.058665706408810483,predictive_alpha,31000,step_change,3,41008,scn3_env41008,f95532b66d0f2d64a93d6cbcc4ad3fcc571859fc60dfbb4732e4c4adae101395
pre_step_3_10s,3.0,10.0,700,0.009501262403244342,0.006381656371659096,0.007039065933017484,0.6716640485037008,0.7408558604395448,0.5488674059476182,0.00824767677367042,0.03184346127451832,1.0,0.03619047619047619,0.10857142857142857,0.01899657010129019,0.02447130411989995,predictive_alpha,31000,step_change,3,41008,scn3_env41008,f95532b66d0f2d64a93d6cbcc4ad3fcc571859fc60dfbb4732e4c4adae101395
step_recovery_10_13s,10.0,13.0,300,0.015571960139120569,0.008952011864684105,0.012741562939801181,0.574880219619524,0.8182375774127023,0.6695127330902081,0.01517029747454283,0.03232675007115812,1.0,0.0022222222222222222,0.006666666666666667,0.03854644795646039,0.036896977369456685,predictive_alpha,31000,step_change,3,41008,scn3_env41008,f95532b66d0f2d64a93d6cbcc4ad3fcc571859fc60dfbb4732e4c4adae101395
post_step_13_20p9s,13.0,20.9,790,0.014456093822546874,0.006503155997702577,0.012910755619862957,0.44985568560434613,0.8931012608486475,0.7976298621294439,0.013909030103747532,0.02103355033632636,0.8686079063919365,0.0,0.0,0.021360890508729063,0.02592462918390374,predictive_alpha,31000,step_change,3,41008,scn3_env41008,f95532b66d0f2d64a93d6cbcc4ad3fcc571859fc60dfbb4732e4c4adae101395
startup_0_3s,0.0,3.0,300,0.1199904341923623,0.11812177662074921,0.021093842362866173,0.9844266121362862,0.17579603328253354,0.03090424531787364,0.09532592340977508,0.23466735891524862,0.9054117943814752,0.0,0.0,0.04310963266412214,0.05379903919179336,predictive_alpha,31001,step_change,3,41008,scn3_env41008,f95532b66d0f2d64a93d6cbcc4ad3fcc571859fc60dfbb4732e4c4adae101395
pre_step_3_10s,3.0,10.0,700,0.009892662899260822,0.007099408779327466,0.006889352235328051,0.7176438590521398,0.6964102896746661,0.48498729156475234,0.008557958000160116,0.03192849498625519,1.0,0.03571428571428571,0.10714285714285714,0.018973364818593654,0.02448590409183059,predictive_alpha,31001,step_change,3,41008,scn3_env41008,f95532b66d0f2d64a93d6cbcc4ad3fcc571859fc60dfbb4732e4c4adae101395
step_recovery_10_13s,10.0,13.0,300,0.015613502041458801,0.008976907876449815,0.01277484132881389,0.5749451886330995,0.8181919274031305,0.6694380300676497,0.015211150631375221,0.032410805157874,1.0,0.0022222222222222222,0.006666666666666667,0.03870705618614006,0.03720984245024577,predictive_alpha,31001,step_change,3,41008,scn3_env41008,f95532b66d0f2d64a93d6cbcc4ad3fcc571859fc60dfbb4732e4c4adae101395
post_step_13_20p9s,13.0,20.9,790,0.014457090691604517,0.006502144151065028,0.012912381372312732,0.44975467677192726,0.8931521319023872,0.7977207307217792,0.013910009434910279,0.02104183426378589,0.8686107161909952,0.0,0.0,0.021384952324157415,0.025977618233527105,predictive_alpha,31001,step_change,3,41008,scn3_env41008,f95532b66d0f2d64a93d6cbcc4ad3fcc571859fc60dfbb4732e4c4adae101395
startup_0_3s,0.0,3.0,300,0.11641005186631183,0.11449064294427584,0.02105214605981429,0.9835116564999019,0.18084474426650968,0.03270482152881928,0.09283499665008492,0.2337563677965013,0.9054117943814752,0.0,0.0,0.04428895733305795,0.05571656618089985,predictive_alpha,31002,step_change,3,41008,scn3_env41008,f95532b66d0f2d64a93d6cbcc4ad3fcc571859fc60dfbb4732e4c4adae101395
pre_step_3_10s,3.0,10.0,700,0.009829985858442246,0.006998866428473051,0.00690249887313047,0.7119915053043788,0.7021880776361876,0.49306809637440463,0.008505504044575982,0.031910882701390156,1.0,0.03642857142857143,0.11,0.018994832982325384,0.024509489282987334,predictive_alpha,31002,step_change,3,41008,scn3_env41008,f95532b66d0f2d64a93d6cbcc4ad3fcc571859fc60dfbb4732e4c4adae101395
step_recovery_10_13s,10.0,13.0,300,0.015576380663465852,0.008974418887291686,0.012731199480355932,0.5761555961675384,0.8173400326698971,0.6680447290048284,0.015169542918961942,0.032393202630649605,1.0,0.0022222222222222222,0.006666666666666667,0.03852617604771059,0.0367077337890647,predictive_alpha,31002,step_change,3,41008,scn3_env41008,f95532b66d0f2d64a93d6cbcc4ad3fcc571859fc60dfbb4732e4c4adae101395
post_step_13_20p9s,13.0,20.9,790,0.014456610933432841,0.0065015900629440395,0.012912123231059922,0.44973127470064544,0.893163915838595,0.7977417805561327,0.013909348732010244,0.02103669699509404,0.8689271684552653,0.0,0.0,0.021374574253242372,0.025939576828972178,predictive_alpha,31002,step_change,3,41008,scn3_env41008,f95532b66d0f2d64a93d6cbcc4ad3fcc571859fc60dfbb4732e4c4adae101395
startup_0_3s,0.0,3.0,300,0.1191469475502821,0.11750415582789642,0.019717212625599827,0.986212053634925,0.16548651082545626,0.02738578526518385,0.09652817022716274,0.23489533682307592,0.9054117943814752,0.0,0.0,0.04121438963852579,0.049977393358022655,predictive_alpha,31003,step_change,3,41008,scn3_env41008,f95532b66d0f2d64a93d6cbcc4ad3fcc571859fc60dfbb4732e4c4adae101395
pre_step_3_10s,3.0,10.0,700,0.010215176485906178,0.007584807452856138,0.006842552633433554,0.7425038092411672,0.6698418419764148,0.44868809326235626,0.008780302668560891,0.03193154994387465,1.0,0.03619047619047619,0.10857142857142857,0.019047650657267094,0.024634151500084692,predictive_alpha,31003,step_change,3,41008,scn3_env41008,f95532b66d0f2d64a93d6cbcc4ad3fcc571859fc60dfbb4732e4c4adae101395
step_recovery_10_13s,10.0,13.0,300,0.015626518526915073,0.009023954625084884,0.012757598684565568,0.5774769734884996,0.8164069727106466,0.6665203450905625,0.01520983577336063,0.03243238518358739,1.0,0.0022222222222222222,0.006666666666666667,0.03841601333125861,0.036850311136669554,predictive_alpha,31003,step_change,3,41008,scn3_env41008,f95532b66d0f2d64a93d6cbcc4ad3fcc571859fc60dfbb4732e4c4adae101395
post_step_13_20p9s,13.0,20.9,790,0.014456129822926725,0.006502169102831237,0.012911292980003913,0.44978629705712175,0.8931362085256889,0.7976922869796428,0.013909002663859846,0.021042233988721157,0.8687340846280234,0.0,0.0,0.021353900674289335,0.025905585352749276,predictive_alpha,31003,step_change,3,41008,scn3_env41008,f95532b66d0f2d64a93d6cbcc4ad3fcc571859fc60dfbb4732e4c4adae101395
startup_0_3s,0.0,3.0,300,0.11776015868037272,0.1158564536443375,0.02108879136849807,0.983834048311685,0.17908256582549065,0.03207056538264119,0.09293958227546958,0.23530571219222002,0.9054117943814752,0.0,0.0,0.04402401723729843,0.05401467226173888,predictive_alpha,31004,step_change,3,41008,scn3_env41008,f95532b66d0f2d64a93d6cbcc4ad3fcc571859fc60dfbb4732e4c4adae101395
pre_step_3_10s,3.0,10.0,700,0.0097583369984216,0.006901897419843838,0.006898474685081975,0.7072821343391003,0.7069313845379387,0.4997519824447269,0.008452703494574648,0.03213372067647286,1.0,0.035238095238095235,0.10714285714285714,0.019055053561458563,0.024656165532771397,predictive_alpha,31004,step_change,3,41008,scn3_env41008,f95532b66d0f2d64a93d6cbcc4ad3fcc571859fc60dfbb4732e4c4adae101395
step_recovery_10_13s,10.0,13.0,300,0.01565414898611655,0.009057731347014743,0.012767532389809719,0.5786153789035687,0.8156005415007274,0.6652042432962797,0.01523813983772401,0.032619592838253476,1.0,0.0022222222222222222,0.006666666666666667,0.0386817567982985,0.03712952512653951,predictive_alpha,31004,step_change,3,41008,scn3_env41008,f95532b66d0f2d64a93d6cbcc4ad3fcc571859fc60dfbb4732e4c4adae101395
post_step_13_20p9s,13.0,20.9,790,0.01445750629933614,0.006503146488826385,0.012912341930889578,0.44981107766316497,0.8931237285009855,0.7976699944115021,0.013910528757328714,0.02103822000365073,0.8686106311409454,0.0,0.0,0.02139692614375374,0.025992108406756313,predictive_alpha,31004,step_change,3,41008,scn3_env41008,f95532b66d0f2d64a93d6cbcc4ad3fcc571859fc60dfbb4732e4c4adae101395
startup_0_3s,0.0,3.0,300,0.23534925036428092,0.23298379795406834,0.03328392311502422,0.9899491823043784,0.14142353571768904,0.020000616454892463,0.22521477942421322,0.3180075395245319,0.8831813734689439,0.0,0.0,0.057649855376292976,0.07488988177616035,real10kg_smc_steady,,step_change,3,41009,scn3_env41009,547fe04ed74b8f781a037dcd1117ad1794791abbb5d6cfbfd958e95f47af3c69
pre_step_3_10s,3.0,10.0,700,0.12372967091296344,0.1233475132096912,0.009717121446976168,0.9969113495538102,0.07853509489903673,0.006167761130800704,0.11530191436095628,0.22857125524286304,1.0,0.02738095238095238,0.08285714285714285,0.05631736373034896,0.09629395385568917,real10kg_smc_steady,,step_change,3,41009,scn3_env41009,547fe04ed74b8f781a037dcd1117ad1794791abbb5d6cfbfd958e95f47af3c69
step_recovery_10_13s,10.0,13.0,300,0.05964085968643054,0.05538257676563749,0.022131478372100815,0.9286012484866663,0.37107913079153954,0.13769972130900449,0.05704300846446644,0.08475922479726213,1.0,0.0022222222222222222,0.006666666666666667,0.06652556152134004,0.10109068144916236,real10kg_smc_steady,,step_change,3,41009,scn3_env41009,547fe04ed74b8f781a037dcd1117ad1794791abbb5d6cfbfd958e95f47af3c69
post_step_13_20p9s,13.0,20.9,790,0.10853978498977623,0.10688070291194085,0.01890503294565475,0.9847145258488244,0.17417606776570901,0.03033730258232486,0.10588384498696451,0.1466451559186261,0.8567506263585001,0.0,0.0,0.06652152998953255,0.11468278124864169,real10kg_smc_steady,,step_change,3,41009,scn3_env41009,547fe04ed74b8f781a037dcd1117ad1794791abbb5d6cfbfd958e95f47af3c69
startup_0_3s,0.0,3.0,300,0.13871443650991827,0.1372374807221274,0.02018833280159259,0.9893525445155432,0.14553880122022553,0.021181542660620323,0.11880189375701274,0.2266916682715948,1.0,0.017222222222222222,0.04666666666666667,0.04724608030937126,0.027621641523119217,real10kg_mpc_ltv_v3,,step_change,3,41009,scn3_env41009,547fe04ed74b8f781a037dcd1117ad1794791abbb5d6cfbfd958e95f47af3c69
pre_step_3_10s,3.0,10.0,700,0.00994309221298751,0.00732976593203923,0.006718602096975975,0.737171674065861,0.6757055001662604,0.45657792295493616,0.008923301666133183,0.03230007971069124,1.0,0.035476190476190474,0.10714285714285714,0.022012123430725027,0.03139262540217534,real10kg_mpc_ltv_v3,,step_change,3,41009,scn3_env41009,547fe04ed74b8f781a037dcd1117ad1794791abbb5d6cfbfd958e95f47af3c69
step_recovery_10_13s,10.0,13.0,300,0.014171790477839992,0.008955205687408156,0.010983803368779362,0.6319036187707647,0.7750469770177882,0.6006978165844119,0.013616653771390552,0.032728246322952265,1.0,0.0022222222222222222,0.006666666666666667,0.03594539307640601,0.0342638897827376,real10kg_mpc_ltv_v3,,step_change,3,41009,scn3_env41009,547fe04ed74b8f781a037dcd1117ad1794791abbb5d6cfbfd958e95f47af3c69
post_step_13_20p9s,13.0,20.9,790,0.012320063345405542,0.007336106389277297,0.009897752466090978,0.5954601192868959,0.8033848681291152,0.6454272463388359,0.011766345086542422,0.018215924269537796,0.8698220026466303,0.0,0.0,0.025410274196897925,0.0359948811605844,real10kg_mpc_ltv_v3,,step_change,3,41009,scn3_env41009,547fe04ed74b8f781a037dcd1117ad1794791abbb5d6cfbfd958e95f47af3c69
startup_0_3s,0.0,3.0,300,0.10341588306165728,0.10053090777128644,0.024256575440557756,0.9721031701808243,0.2345536751457783,0.05501542652439129,0.08473135201036598,0.19982730088633127,0.8866559414199201,0.0,0.0,0.04535362645090492,0.05704905226131138,predictive_alpha,31000,step_change,3,41009,scn3_env41009,547fe04ed74b8f781a037dcd1117ad1794791abbb5d6cfbfd958e95f47af3c69
pre_step_3_10s,3.0,10.0,700,0.00950022763657697,0.0067571774527652355,0.006677939653712209,0.7112647939876013,0.7029241728904866,0.4941023928337747,0.008307508676719035,0.03270049066019318,1.0,0.03571428571428571,0.10714285714285714,0.025533161570290154,0.0364798960778337,predictive_alpha,31000,step_change,3,41009,scn3_env41009,547fe04ed74b8f781a037dcd1117ad1794791abbb5d6cfbfd958e95f47af3c69
step_recovery_10_13s,10.0,13.0,300,0.014726319969915648,0.009173407387962521,0.011520117045881566,0.6229259860374381,0.7822807781859946,0.6119632159192854,0.01418537192573306,0.03315470392248198,1.0,0.0022222222222222222,0.006666666666666667,0.04200270469804941,0.045065247589219364,predictive_alpha,31000,step_change,3,41009,scn3_env41009,547fe04ed74b8f781a037dcd1117ad1794791abbb5d6cfbfd958e95f47af3c69
post_step_13_20p9s,13.0,20.9,790,0.013004322671793318,0.006339823805905605,0.011354252166575755,0.4875166485723114,0.8731136909731866,0.7623275173648212,0.012494140050531923,0.019059808841595107,0.869588309410561,0.0,0.0,0.026874023573470063,0.03776962111114705,predictive_alpha,31000,step_change,3,41009,scn3_env41009,547fe04ed74b8f781a037dcd1117ad1794791abbb5d6cfbfd958e95f47af3c69
startup_0_3s,0.0,3.0,300,0.10282195546789703,0.10013844610113458,0.023337654952723195,0.973901397278908,0.22697151446423963,0.051516068378190547,0.08507774038575953,0.1980615011659198,0.8866559414199201,0.0,0.0,0.0445054397000435,0.05498021050436452,predictive_alpha,31001,step_change,3,41009,scn3_env41009,547fe04ed74b8f781a037dcd1117ad1794791abbb5d6cfbfd958e95f47af3c69
pre_step_3_10s,3.0,10.0,700,0.009653490554746815,0.007030823262380472,0.0066149379546414176,0.7283192771057589,0.6852379372131586,0.4695510305961446,0.00837428424940315,0.0325952750418594,1.0,0.035476190476190474,0.10714285714285714,0.024243280189594388,0.03388289574421676,predictive_alpha,31001,step_change,3,41009,scn3_env41009,547fe04ed74b8f781a037dcd1117ad1794791abbb5d6cfbfd958e95f47af3c69
step_recovery_10_13s,10.0,13.0,300,0.014880385497406338,0.009137569627239906,0.011744389888741078,0.6140680716122974,0.7892530667829899,0.6229204034263547,0.014361218445527436,0.03303874185398121,1.0,0.0022222222222222222,0.006666666666666667,0.042479032047602026,0.045161121298206014,predictive_alpha,31001,step_change,3,41009,scn3_env41009,547fe04ed74b8f781a037dcd1117ad1794791abbb5d6cfbfd958e95f47af3c69
post_step_13_20p9s,13.0,20.9,790,0.013253034316405322,0.006203481346220541,0.01171152158256607,0.4680800787289547,0.8836860527908629,0.7809010398970957,0.01274727744561372,0.019398834769569953,0.8691394593024293,0.0,0.0,0.025589759223498675,0.03508833662283285,predictive_alpha,31001,step_change,3,41009,scn3_env41009,547fe04ed74b8f781a037dcd1117ad1794791abbb5d6cfbfd958e95f47af3c69
startup_0_3s,0.0,3.0,300,0.10227015954415777,0.09966310250830454,0.022944531627528728,0.9745081356333705,0.22435216420701715,0.05033389358437239,0.08377951446844266,0.19830439522154292,0.8866559414199201,0.0,0.0,0.04343158046450892,0.053838805412182396,predictive_alpha,31002,step_change,3,41009,scn3_env41009,547fe04ed74b8f781a037dcd1117ad1794791abbb5d6cfbfd958e95f47af3c69
pre_step_3_10s,3.0,10.0,700,0.00959879788325298,0.0069763465690131175,0.006592989409407605,0.7267937770816851,0.6868557385618455,0.47177080559533824,0.008326121496441834,0.032507553492969986,1.0,0.03571428571428571,0.10857142857142857,0.023839723507264186,0.033101604121488555,predictive_alpha,31002,step_change,3,41009,scn3_env41009,547fe04ed74b8f781a037dcd1117ad1794791abbb5d6cfbfd958e95f47af3c69
step_recovery_10_13s,10.0,13.0,300,0.01491636978594975,0.00913801108355056,0.011789607331378843,0.6126162876545185,0.7903804679395845,0.6247012841003966,0.014404595394751129,0.03297699011290721,1.0,0.0022222222222222222,0.006666666666666667,0.04183755526230266,0.04441029044469786,predictive_alpha,31002,step_change,3,41009,scn3_env41009,547fe04ed74b8f781a037dcd1117ad1794791abbb5d6cfbfd958e95f47af3c69
post_step_13_20p9s,13.0,20.9,790,0.013353267386629843,0.006174265822295887,0.011840109435915746,0.46237865561487684,0.8866825693740568,0.7862059788317791,0.012848136027999092,0.019537331663127242,0.8687326508193248,0.0,0.0,0.025142568105713733,0.034144304256801046,predictive_alpha,31002,step_change,3,41009,scn3_env41009,547fe04ed74b8f781a037dcd1117ad1794791abbb5d6cfbfd958e95f47af3c69
startup_0_3s,0.0,3.0,300,0.10302063633373588,0.1007512684198631,0.0215042652140583,0.9779717152345947,0.20873745279921513,0.04357132420110456,0.0852925084797205,0.1984175641701255,0.8866559414199201,0.0,0.0,0.04197451460264511,0.05046050576363663,predictive_alpha,31003,step_change,3,41009,scn3_env41009,547fe04ed74b8f781a037dcd1117ad1794791abbb5d6cfbfd958e95f47af3c69
pre_step_3_10s,3.0,10.0,700,0.009825387549832948,0.007339564218080931,0.006532154131148343,0.746999971335046,0.6648240690780084,0.44199104282544044,0.008492233412972854,0.03237335780027404,1.0,0.035476190476190474,0.10714285714285714,0.023503229583498986,0.03251399191044911,predictive_alpha,31003,step_change,3,41009,scn3_env41009,547fe04ed74b8f781a037dcd1117ad1794791abbb5d6cfbfd958e95f47af3c69
step_recovery_10_13s,10.0,13.0,300,0.015016172500484096,0.009173529098287135,0.011888305196586013,0.6109099437950247,0.7917000950943227,0.6267890405723596,0.014497322176818643,0.03286494430278874,1.0,0.0022222222222222222,0.006666666666666667,0.041770474976622805,0.044248012667418214,predictive_alpha,31003,step_change,3,41009,scn3_env41009,547fe04ed74b8f781a037dcd1117ad1794791abbb5d6cfbfd958e95f47af3c69
post_step_13_20p9s,13.0,20.9,790,0.013438020979356728,0.006159462535987119,0.011943258730740229,0.4583608364244398,0.8887661917694035,0.7899053436322881,0.012933153630751858,0.019660618214685913,0.8683207728687606,0.0,0.0,0.024769744688282563,0.033359725330659895,predictive_alpha,31003,step_change,3,41009,scn3_env41009,547fe04ed74b8f781a037dcd1117ad1794791abbb5d6cfbfd958e95f47af3c69
startup_0_3s,0.0,3.0,300,0.10226693117597346,0.09980255771440613,0.022315346419312605,0.9759025382571926,0.21820686474803852,0.047614235823168774,0.08218396253854118,0.1997546944047886,0.8866559414199201,0.0,0.0,0.04343029586182716,0.05189620315256982,predictive_alpha,31004,step_change,3,41009,scn3_env41009,547fe04ed74b8f781a037dcd1117ad1794791abbb5d6cfbfd958e95f47af3c69
pre_step_3_10s,3.0,10.0,700,0.009552369778115254,0.00693946504925072,0.006564418725833795,0.7264652866715051,0.6872031630175227,0.472248187261288,0.00829044806879178,0.03297789616014927,1.0,0.035476190476190474,0.10714285714285714,0.024165512173548297,0.033700089783294404,predictive_alpha,31004,step_change,3,41009,scn3_env41009,547fe04ed74b8f781a037dcd1117ad1794791abbb5d6cfbfd958e95f47af3c69
step_recovery_10_13s,10.0,13.0,300,0.014954934912539438,0.009249514647511527,0.011751449145690955,0.6184924709873515,0.785790724895605,0.6174670633319603,0.014422333829394495,0.033427346289132714,1.0,0.0022222222222222222,0.006666666666666667,0.04199070774273616,0.044742219321504455,predictive_alpha,31004,step_change,3,41009,scn3_env41009,547fe04ed74b8f781a037dcd1117ad1794791abbb5d6cfbfd958e95f47af3c69
post_step_13_20p9s,13.0,20.9,790,0.013297922390726784,0.006189672368614629,0.011769566511940928,0.4654616102234853,0.8850680704941063,0.7833454894081603,0.012792715649542704,0.01945444044173363,0.8685730734138026,0.0,0.0,0.025384062900659664,0.034648554687898424,predictive_alpha,31004,step_change,3,41009,scn3_env41009,547fe04ed74b8f781a037dcd1117ad1794791abbb5d6cfbfd958e95f47af3c69
startup_0_3s,0.0,3.0,300,0.2502929523547946,0.24683344339631763,0.04147063080779382,0.9861781607275419,0.1656883680408567,0.027452635304042385,0.2414907617074161,0.3320203236834542,0.9656993252724089,0.0,0.0,0.06121876323034148,0.07740435379354883,real10kg_smc_steady,,step_change,3,41010,scn3_env41010,97a13242e7a92be7fa4e01abf660c45e4d3491a380a8d6ddc272024ed8f1e885
pre_step_3_10s,3.0,10.0,700,0.12299778186115015,0.1226201391270516,0.009630982464192661,0.9969296785000166,0.07830208251287729,0.006131216125853444,0.1148951142316712,0.22479224285162758,1.0,0.027142857142857142,0.08571428571428572,0.05685579616005111,0.09871238746271462,real10kg_smc_steady,,step_change,3,41010,scn3_env41010,97a13242e7a92be7fa4e01abf660c45e4d3491a380a8d6ddc272024ed8f1e885
step_recovery_10_13s,10.0,13.0,300,0.059566339471993725,0.055228185037502577,0.022315832396667932,0.927171042018944,0.374638304023368,0.14035385884150553,0.057106443743898366,0.08476709363199851,1.0,0.0022222222222222222,0.006666666666666667,0.06620603610448829,0.09966994991941738,real10kg_smc_steady,,step_change,3,41010,scn3_env41010,97a13242e7a92be7fa4e01abf660c45e4d3491a380a8d6ddc272024ed8f1e885
post_step_13_20p9s,13.0,20.9,790,0.10844687297731664,0.10680174541778209,0.018817848821624433,0.9848301060752701,0.17352135939927452,0.030109662167772194,0.10582586928246318,0.1466590438284656,0.8561452979983174,0.0,0.0,0.06596738663876128,0.11209840112270492,real10kg_smc_steady,,step_change,3,41010,scn3_env41010,97a13242e7a92be7fa4e01abf660c45e4d3491a380a8d6ddc272024ed8f1e885
startup_0_3s,0.0,3.0,300,0.15224075877797946,0.14915920812169647,0.030475880066100934,0.9797587014080968,0.2001821346052635,0.04007288701511983,0.1298247955916283,0.2482890781283897,1.0,0.01888888888888889,0.05,0.0441880426218916,0.029183524685377257,real10kg_mpc_ltv_v3,,step_change,3,41010,scn3_env41010,97a13242e7a92be7fa4e01abf660c45e4d3491a380a8d6ddc272024ed8f1e885
pre_step_3_10s,3.0,10.0,700,0.009549904914112822,0.006970657878390099,0.006527680492413385,0.7299190872663959,0.6835335588280882,0.46721812604419155,0.008321379909194663,0.031550999786947136,1.0,0.037142857142857144,0.11142857142857143,0.02233008916030328,0.030649184208988708,real10kg_mpc_ltv_v3,,step_change,3,41010,scn3_env41010,97a13242e7a92be7fa4e01abf660c45e4d3491a380a8d6ddc272024ed8f1e885
step_recovery_10_13s,10.0,13.0,300,0.014703568130737333,0.008686923495534148,0.011863063514875547,0.5908037707782247,0.8068152852011613,0.6509509044342312,0.014279108422613209,0.03197817199663961,1.0,0.0022222222222222222,0.006666666666666667,0.04102597819601878,0.04268265118347704,real10kg_mpc_ltv_v3,,step_change,3,41010,scn3_env41010,97a13242e7a92be7fa4e01abf660c45e4d3491a380a8d6ddc272024ed8f1e885
post_step_13_20p9s,13.0,20.9,790,0.013438381020094323,0.006177150882207266,0.011934525186184718,0.4596648117783394,0.888092484380306,0.7887082608127841,0.012945035128570445,0.019520643775230256,0.8699639303205267,0.0,0.0,0.02457005591765781,0.032701101000051046,real10kg_mpc_ltv_v3,,step_change,3,41010,scn3_env41010,97a13242e7a92be7fa4e01abf660c45e4d3491a380a8d6ddc272024ed8f1e885
startup_0_3s,0.0,3.0,300,0.12677940000835108,0.122643658645603,0.032117740588315034,0.9673784434815462,0.2533356411704063,0.06417894708722086,0.10054066734205606,0.24359477181952094,0.9703478642170982,0.0,0.0,0.04449292668218463,0.050665270162020166,predictive_alpha,31000,step_change,3,41010,scn3_env41010,97a13242e7a92be7fa4e01abf660c45e4d3491a380a8d6ddc272024ed8f1e885
pre_step_3_10s,3.0,10.0,700,0.009669124398902792,0.006924923026824672,0.006748141056173223,0.7161892577998563,0.697906116187622,0.4870729470120906,0.00840382020576135,0.03190064053485692,1.0,0.037142857142857144,0.11142857142857143,0.020936723040289294,0.02780817106220762,predictive_alpha,31000,step_change,3,41010,scn3_env41010,97a13242e7a92be7fa4e01abf660c45e4d3491a380a8d6ddc272024ed8f1e885
step_recovery_10_13s,10.0,13.0,300,0.015216516239113825,0.008928767495934686,0.012321504675109896,0.5867813207456398,0.8097454424842431,0.6556876816240027,0.014773935568841648,0.032374591466135104,1.0,0.0022222222222222222,0.006666666666666667,0.040345632476145865,0.04133622523353233,predictive_alpha,31000,step_change,3,41010,scn3_env41010,97a13242e7a92be7fa4e01abf660c45e4d3491a380a8d6ddc272024ed8f1e885
post_step_13_20p9s,13.0,20.9,790,0.013943090815374287,0.006262304853465314,0.012457661072931772,0.4491331897917649,0.8934648162224825,0.7982793778274744,0.013442501332600264,0.02026859551396491,0.8693612625033448,0.0,0.0,0.02281752520685115,0.02912011584183345,predictive_alpha,31000,step_change,3,41010,scn3_env41010,97a13242e7a92be7fa4e01abf660c45e4d3491a380a8d6ddc272024ed8f1e885
startup_0_3s,0.0,3.0,300,0.1242249862276811,0.12007988307214379,0.03182245880895811,0.9666322912852643,0.2561679399234024,0.0656220134445999,0.09890424068701326,0.2416626986030831,0.9703478642170982,0.0,0.0,0.04338879435263867,0.04932323267549688,predictive_alpha,31001,step_change,3,41010,scn3_env41010,97a13242e7a92be7fa4e01abf660c45e4d3491a380a8d6ddc272024ed8f1e885
pre_step_3_10s,3.0,10.0,700,0.009741932888581868,0.007067917580222172,0.00670446101374446,0.7255149117795913,0.6882064463411046,0.4736281127854517,0.00845670600608736,0.03192889483521068,1.0,0.036904761904761905,0.11142857142857143,0.021146410689843388,0.02821871661924352,predictive_alpha,31001,step_change,3,41010,scn3_env41010,97a13242e7a92be7fa4e01abf660c45e4d3491a380a8d6ddc272024ed8f1e885
step_recovery_10_13s,10.0,13.0,300,0.015210716615135835,0.008940292497966299,0.012305977002935477,0.5877627415048953,0.809033348940975,0.6545349596986495,0.014767248298507273,0.03240175938739788,1.0,0.0022222222222222222,0.006666666666666667,0.04071094369071083,0.042023684349971134,predictive_alpha,31001,step_change,3,41010,scn3_env41010,97a13242e7a92be7fa4e01abf660c45e4d3491a380a8d6ddc272024ed8f1e885
post_step_13_20p9s,13.0,20.9,790,0.013884453993959428,0.006239835244911271,0.012403326925738069,0.4494116403587764,0.8933247883664897,0.7980291775100337,0.013385160646349736,0.020185006884693612,0.8694335864049023,0.0,0.0,0.023044712292932062,0.02958778943558507,predictive_alpha,31001,step_change,3,41010,scn3_env41010,97a13242e7a92be7fa4e01abf660c45e4d3491a380a8d6ddc272024ed8f1e885
startup_0_3s,0.0,3.0,300,0.1258475662359222,0.12157730876490508,0.032504890724131895,0.9660680170563505,0.25828779766146664,0.06671258642081075,0.09917002387122224,0.2427774892038168,0.9703478642170982,0.0,0.0,0.04600340403727815,0.054466568257058416,predictive_alpha,31002,step_change,3,41010,scn3_env41010,97a13242e7a92be7fa4e01abf660c45e4d3491a380a8d6ddc272024ed8f1e885
pre_step_3_10s,3.0,10.0,700,0.009485562507148916,0.00676516815873822,0.00664893945385456,0.7132068502673999,0.7009536280893728,0.4913359887316548,0.00830375072501471,0.03247027759427073,1.0,0.03738095238095238,0.11285714285714285,0.02401674346276098,0.03399303066004238,predictive_alpha,31002,step_change,3,41010,scn3_env41010,97a13242e7a92be7fa4e01abf660c45e4d3491a380a8d6ddc272024ed8f1e885
step_recovery_10_13s,10.0,13.0,300,0.014888168585188996,0.009131412462519672,0.011759033559793462,0.613333494329434,0.7898240466924554,0.623822024733646,0.014368280780283458,0.03293377349252658,1.0,0.0022222222222222222,0.006666666666666667,0.04158227039856146,0.04397999189747678,predictive_alpha,31002,step_change,3,41010,scn3_env41010,97a13242e7a92be7fa4e01abf660c45e4d3491a380a8d6ddc272024ed8f1e885
post_step_13_20p9s,13.0,20.9,790,0.013214192469180652,0.006220737981642803,0.011658357584852907,0.47076187183979473,0.8822603130719939,0.7783832600218927,0.012719417690399503,0.01921493787428307,0.8702064773737224,0.0,0.0,0.025674847239774472,0.03490501694813966,predictive_alpha,31002,step_change,3,41010,scn3_env41010,97a13242e7a92be7fa4e01abf660c45e4d3491a380a8d6ddc272024ed8f1e885
startup_0_3s,0.0,3.0,300,0.1272309794407761,0.12331955445780492,0.03130510529909909,0.9692572909509677,0.24604939329002884,0.06054030393839129,0.10291491515532297,0.24313079584752278,0.9703478642170982,0.0,0.0,0.044970354530589514,0.0499587647046695,predictive_alpha,31003,step_change,3,41010,scn3_env41010,97a13242e7a92be7fa4e01abf660c45e4d3491a380a8d6ddc272024ed8f1e885
pre_step_3_10s,3.0,10.0,700,0.009991835876244914,0.007530017879489824,0.006567770924170434,0.7536170502351887,0.6573137314820171,0.43206134159481324,0.008682650433541007,0.03240605939366391,1.0,0.03738095238095238,0.11285714285714285,0.02417556534827526,0.034312221885569934,predictive_alpha,31003,step_change,3,41010,scn3_env41010,97a13242e7a92be7fa4e01abf660c45e4d3491a380a8d6ddc272024ed8f1e885
step_recovery_10_13s,10.0,13.0,300,0.01490026266559592,0.009144153985162006,0.011764449642860369,0.613690791255343,0.7895464601455643,0.6233836127283913,0.01437275810049807,0.03288250339898995,1.0,0.0022222222222222222,0.006666666666666667,0.04166658411001086,0.04421253237807808,predictive_alpha,31003,step_change,3,41010,scn3_env41010,97a13242e7a92be7fa4e01abf660c45e4d3491a380a8d6ddc272024ed8f1e885
post_step_13_20p9s,13.0,20.9,790,0.013188263302697144,0.006230417803232568,0.011623776621151615,0.47242139925720017,0.8813728050739195,0.7768180215238693,0.012693313579107586,0.019184744100510742,0.8702093378591507,0.0,0.0,0.02579268400673051,0.03514166800564452,predictive_alpha,31003,step_change,3,41010,scn3_env41010,97a13242e7a92be7fa4e01abf660c45e4d3491a380a8d6ddc272024ed8f1e885
startup_0_3s,0.0,3.0,300,0.12329235053242878,0.11916307690202653,0.03164118839508086,0.9665082739312675,0.2566354543363052,0.06586175642240177,0.09789211385543409,0.24135532962626693,0.9703478642170982,0.0,0.0,0.04544843672465237,0.05157657492500048,predictive_alpha,31004,step_change,3,41010,scn3_env41010,97a13242e7a92be7fa4e01abf660c45e4d3491a380a8d6ddc272024ed8f1e885
pre_step_3_10s,3.0,10.0,700,0.009732410201829316,0.0071556836447751754,0.006596665817863476,0.7352427092962218,0.6778039232895834,0.45941815842675143,0.008487607926165076,0.03282911542720313,1.0,0.036904761904761905,0.11142857142857143,0.024283062612757648,0.03457875411852055,predictive_alpha,31004,step_change,3,41010,scn3_env41010,97a13242e7a92be7fa4e01abf660c45e4d3491a380a8d6ddc272024ed8f1e885
step_recovery_10_13s,10.0,13.0,300,0.014935096543853112,0.009221405062769132,0.011748310407992676,0.6174319018087913,0.7866243364076523,0.6187778466287793,0.014400844224466459,0.033281438239610994,1.0,0.0022222222222222222,0.006666666666666667,0.04181737259411791,0.04458026930929877,predictive_alpha,31004,step_change,3,41010,scn3_env41010,97a13242e7a92be7fa4e01abf660c45e4d3491a380a8d6ddc272024ed8f1e885
post_step_13_20p9s,13.0,20.9,790,0.013168868031471676,0.00623902658985394,0.011597138976549874,0.47377090991750964,0.880648127753608,0.7755411249159352,0.012673706946813149,0.019145358231579437,0.8702301474746689,0.0,0.0,0.025932362524871123,0.03542265503931157,predictive_alpha,31004,step_change,3,41010,scn3_env41010,97a13242e7a92be7fa4e01abf660c45e4d3491a380a8d6ddc272024ed8f1e885
startup_0_3s,0.0,3.0,300,0.2580907067218764,0.2554965660743174,0.0365009262955006,0.9899487250799989,0.1414267362010625,0.020001521712484923,0.24853215575929408,0.347710876906828,0.9431128080288541,0.0,0.0,0.0601688309523821,0.0766895673646421,real10kg_smc_steady,,step_change,3,41011,scn3_env41011,9b3db05babdee37018a21ddf52f1f581913e26ed7811cd15019efbfa5822067a
pre_step_3_10s,3.0,10.0,700,0.12197916396766013,0.12156726568971139,0.010015805258511956,0.9966232078942765,0.08211078788150579,0.006742181486521639,0.11415425974075441,0.21894929429565263,1.0,0.026904761904761904,0.08285714285714285,0.058234318367050134,0.1000356895093162,real10kg_smc_steady,,step_change,3,41011,scn3_env41011,9b3db05babdee37018a21ddf52f1f581913e26ed7811cd15019efbfa5822067a
step_recovery_10_13s,10.0,13.0,300,0.05902022103352318,0.054674520381335266,0.022227984882055477,0.926369292149557,0.37661642895966274,0.1418399345623287,0.05657061867923383,0.08331499217867933,1.0,0.0022222222222222222,0.006666666666666667,0.06599515244827425,0.09717650758058469,real10kg_smc_steady,,step_change,3,41011,scn3_env41011,9b3db05babdee37018a21ddf52f1f581913e26ed7811cd15019efbfa5822067a
post_step_13_20p9s,13.0,20.9,790,0.10857889174982793,0.10687963274644338,0.01913425821938861,0.9843500060094577,0.17622447522742313,0.031055065669180662,0.10598678095940674,0.14665778899095086,0.8608883621994778,0.0,0.0,0.06373669634992206,0.10755200253349641,real10kg_smc_steady,,step_change,3,41011,scn3_env41011,9b3db05babdee37018a21ddf52f1f581913e26ed7811cd15019efbfa5822067a
startup_0_3s,0.0,3.0,300,0.14392341153713067,0.14236673017928547,0.021110720654321714,0.9891839601269902,0.1466802407534328,0.021515093027485006,0.12463572933248948,0.22538486379507774,1.0,0.020555555555555556,0.05,0.048628063157763544,0.0302583153194947,real10kg_mpc_ltv_v3,,step_change,3,41011,scn3_env41011,9b3db05babdee37018a21ddf52f1f581913e26ed7811cd15019efbfa5822067a
pre_step_3_10s,3.0,10.0,700,0.009672869326572464,0.007147501927112228,0.006517485497557585,0.7389226180774751,0.6737902971203505,0.4539933644935302,0.00833125943682873,0.03173194727593955,1.0,0.03619047619047619,0.11,0.022108659657815614,0.030280887509453857,real10kg_mpc_ltv_v3,,step_change,3,41011,scn3_env41011,9b3db05babdee37018a21ddf52f1f581913e26ed7811cd15019efbfa5822067a
step_recovery_10_13s,10.0,13.0,300,0.014786343130708715,0.008728902547716215,0.01193491531145195,0.5903354514739869,0.8071580110071411,0.651504054733004,0.014360204166078354,0.03216140207300624,1.0,0.0022222222222222222,0.006666666666666667,0.04158030476973462,0.04218505391538705,real10kg_mpc_ltv_v3,,step_change,3,41011,scn3_env41011,9b3db05babdee37018a21ddf52f1f581913e26ed7811cd15019efbfa5822067a
post_step_13_20p9s,13.0,20.9,790,0.013702311462364059,0.006211278021379941,0.012213654848273548,0.4533014767939241,0.8913572634675995,0.7945177711364475,0.013199520306281807,0.019928847128019653,0.8745185841168421,0.0,0.0,0.023566768425858975,0.030553145288011247,real10kg_mpc_ltv_v3,,step_change,3,41011,scn3_env41011,9b3db05babdee37018a21ddf52f1f581913e26ed7811cd15019efbfa5822067a
startup_0_3s,0.0,3.0,300,0.1307073386233441,0.12804884753915172,0.026227867124351104,0.9796607358684482,0.20066101414497664,0.040264842597690524,0.10304781183304669,0.25771520855786517,0.9498466435321589,0.0,0.0,0.04593496973914074,0.05607248739365821,predictive_alpha,31000,step_change,3,41011,scn3_env41011,9b3db05babdee37018a21ddf52f1f581913e26ed7811cd15019efbfa5822067a
pre_step_3_10s,3.0,10.0,700,0.009517671171906026,0.006711023097762881,0.00674894314080539,0.7051118888801576,0.7090960613061225,0.5028172241598563,0.00826020631522495,0.032767367068543614,1.0,0.03595238095238095,0.10857142857142857,0.024960061279132924,0.03580546614779625,predictive_alpha,31000,step_change,3,41011,scn3_env41011,9b3db05babdee37018a21ddf52f1f581913e26ed7811cd15019efbfa5822067a
step_recovery_10_13s,10.0,13.0,300,0.014827887071546801,0.009192382942121952,0.011634703728584158,0.6199388286252324,0.784650144180688,0.6156758487627745,0.014290802902980676,0.03322412289969883,1.0,0.0022222222222222222,0.006666666666666667,0.04225632683066288,0.04422535899752311,predictive_alpha,31000,step_change,3,41011,scn3_env41011,9b3db05babdee37018a21ddf52f1f581913e26ed7811cd15019efbfa5822067a
post_step_13_20p9s,13.0,20.9,790,0.013225267478402193,0.006304223133067136,0.011626025570408139,0.47668019897233704,0.8790767815769526,0.772775987907693,0.012721160503939418,0.01927481437547838,0.8749714119827144,0.0,0.0,0.02560491053135737,0.0347132031404786,predictive_alpha,31000,step_change,3,41011,scn3_env41011,9b3db05babdee37018a21ddf52f1f581913e26ed7811cd15019efbfa5822067a
startup_0_3s,0.0,3.0,300,0.12885864112378304,0.12627617061591173,0.025668621444266616,0.9799588876201903,0.19919984581871428,0.039680578574199536,0.10190709809715177,0.25494634718934656,0.9498466435321589,0.0,0.0,0.04509263000107134,0.054587870635619824,predictive_alpha,31001,step_change,3,41011,scn3_env41011,9b3db05babdee37018a21ddf52f1f581913e26ed7811cd15019efbfa5822067a
pre_step_3_10s,3.0,10.0,700,0.009627950082303561,0.006872800523682353,0.006742554096853856,0.7138384043260414,0.700310454376665,0.49043473250925096,0.008282083685446806,0.03272808517195695,1.0,0.03571428571428571,0.10857142857142857,0.02293320102682472,0.031837876121809695,predictive_alpha,31001,step_change,3,41011,scn3_env41011,9b3db05babdee37018a21ddf52f1f581913e26ed7811cd15019efbfa5822067a
step_recovery_10_13s,10.0,13.0,300,0.015063718739115993,0.009160523056386316,0.011958279123043121,0.6081183016647254,0.7938464153603074,0.6301921311804097,0.014560913963262727,0.03317955934955598,1.0,0.0022222222222222222,0.006666666666666667,0.042075146873909224,0.04310609594138614,predictive_alpha,31001,step_change,3,41011,scn3_env41011,9b3db05babdee37018a21ddf52f1f581913e26ed7811cd15019efbfa5822067a
post_step_13_20p9s,13.0,20.9,790,0.013643558363798816,0.006204978005315194,0.01215092312460001,0.4547917661846337,0.8905978045170903,0.7931644494106614,0.013140450882270187,0.01986633029524281,0.8748104803083755,0.0,0.0,0.023947040703394065,0.031305441242947235,predictive_alpha,31001,step_change,3,41011,scn3_env41011,9b3db05babdee37018a21ddf52f1f581913e26ed7811cd15019efbfa5822067a
startup_0_3s,0.0,3.0,300,0.1256515886932744,0.12324442116924132,0.024477221897152908,0.9808425221752735,0.1948023272264688,0.03794794669284823,0.09957981869688202,0.254249474722975,0.9498466435321589,0.0,0.0,0.04611858523361531,0.05516564632227098,predictive_alpha,31002,step_change,3,41011,scn3_env41011,9b3db05babdee37018a21ddf52f1f581913e26ed7811cd15019efbfa5822067a
pre_step_3_10s,3.0,10.0,700,0.009958057789090606,0.007268808394147382,0.006806418989456987,0.7299423791364829,0.683508685490222,0.46718412314057123,0.00879008824565348,0.03321560396939673,1.0,0.03642857142857143,0.11,0.027941774901339457,0.042427577280262356,predictive_alpha,31002,step_change,3,41011,scn3_env41011,9b3db05babdee37018a21ddf52f1f581913e26ed7811cd15019efbfa5822067a
step_recovery_10_13s,10.0,13.0,300,0.014573750723866118,0.00935147143318856,0.011177843807982223,0.6416653893959157,0.7669846987074697,0.588265528051388,0.013954578645281405,0.03366337543886648,1.0,0.0022222222222222222,0.006666666666666667,0.04079275822124803,0.04210860558667503,predictive_alpha,31002,step_change,3,41011,scn3_env41011,9b3db05babdee37018a21ddf52f1f581913e26ed7811cd15019efbfa5822067a
post_step_13_20p9s,13.0,20.9,790,0.012656141228646636,0.006910777206981302,0.010602785916678546,0.5460414104212943,0.8377581859374003,0.7018387781051237,0.012123810688921523,0.018602593487197765,0.8755990772881614,0.0,0.0,0.02851762766321546,0.04105736238377518,predictive_alpha,31002,step_change,3,41011,scn3_env41011,9b3db05babdee37018a21ddf52f1f581913e26ed7811cd15019efbfa5822067a
startup_0_3s,0.0,3.0,300,0.12668660969500306,0.12464812252835941,0.0226349867720117,0.9839092136765575,0.17866913343490082,0.03192265924237839,0.10114825874230325,0.25444407672493274,0.9498466435321589,0.0,0.0,0.041995072665906234,0.048627571486225075,predictive_alpha,31003,step_change,3,41011,scn3_env41011,9b3db05babdee37018a21ddf52f1f581913e26ed7811cd15019efbfa5822067a
pre_step_3_10s,3.0,10.0,700,0.00994955111717089,0.007466450169457931,0.006576145474379206,0.750430856782309,0.6609489611074136,0.43685352918896936,0.008547093998280072,0.03269701903072415,1.0,0.03595238095238095,0.10857142857142857,0.023592138007266488,0.033135826830184324,predictive_alpha,31003,step_change,3,41011,scn3_env41011,9b3db05babdee37018a21ddf52f1f581913e26ed7811cd15019efbfa5822067a
step_recovery_10_13s,10.0,13.0,300,0.015016262494398384,0.009207719487846117,0.011861957727703062,0.6131831733283122,0.7899407547069723,0.624006395947021,0.014491369807433022,0.033175068561570764,1.0,0.0022222222222222222,0.006666666666666667,0.04195250441833005,0.04343809968251467,predictive_alpha,31003,step_change,3,41011,scn3_env41011,9b3db05babdee37018a21ddf52f1f581913e26ed7811cd15019efbfa5822067a
post_step_13_20p9s,13.0,20.9,790,0.013514163786535053,0.0062156709095380226,0.01199991908279461,0.45993751501895047,0.8879512837302465,0.7884574822781927,0.01301209780833661,0.019674636805834044,0.8749081591854664,0.0,0.0,0.024387503064941075,0.032182311928583986,predictive_alpha,31003,step_change,3,41011,scn3_env41011,9b3db05babdee37018a21ddf52f1f581913e26ed7811cd15019efbfa5822067a
startup_0_3s,0.0,3.0,300,0.12739945717462078,0.12519152452955698,0.023615754791100178,0.9826692146573475,0.1853677818951074,0.0343612145647121,0.09980564526735922,0.25540154071791393,0.9498466435321589,0.0,0.0,0.04383422706199489,0.050947268717785044,predictive_alpha,31004,step_change,3,41011,scn3_env41011,9b3db05babdee37018a21ddf52f1f581913e26ed7811cd15019efbfa5822067a
pre_step_3_10s,3.0,10.0,700,0.009703905225471866,0.00710367973156639,0.0066108630976804425,0.7320433955723186,0.681258003254971,0.46411246699895015,0.008380270068194091,0.03304019775264647,1.0,0.03571428571428571,0.10857142857142857,0.024272006071086094,0.03446963451790082,predictive_alpha,31004,step_change,3,41011,scn3_env41011,9b3db05babdee37018a21ddf52f1f581913e26ed7811cd15019efbfa5822067a
step_recovery_10_13s,10.0,13.0,300,0.01496641032602626,0.00926451455504826,0.011754242132365844,0.6190204834179558,0.78537484114848,0.6168136411090002,0.014426745451790346,0.033491294385032226,1.0,0.0022222222222222222,0.006666666666666667,0.04226447417303462,0.04403355910238448,predictive_alpha,31004,step_change,3,41011,scn3_env41011,9b3db05babdee37018a21ddf52f1f581913e26ed7811cd15019efbfa5822067a
post_step_13_20p9s,13.0,20.9,790,0.013372219173961267,0.006247007973765751,0.011823330199743406,0.46716314566022726,0.8841711346435379,0.7817585953368412,0.012869893166587472,0.01946880209982819,0.8748489093008979,0.0,0.0,0.02503100549285624,0.03350561671738145,predictive_alpha,31004,step_change,3,41011,scn3_env41011,9b3db05babdee37018a21ddf52f1f581913e26ed7811cd15019efbfa5822067a
startup_0_3s,0.0,3.0,300,0.24817092802947954,0.2460014830948843,0.03274263022621252,0.9912582631985905,0.1319358012084442,0.017407055640514105,0.23881545705868215,0.33187319867789794,0.9637722269068864,0.0,0.0,0.06327177708065881,0.08447973959438873,real10kg_smc_steady,,step_change,3,41012,scn3_env41012,0da348a248a91ae8560340f3df1d1cd16c42bec0185ac330386fc7adc3efe5c2
pre_step_3_10s,3.0,10.0,700,0.12303694417296682,0.12264631634804837,0.009796464549836103,0.9968251176299592,0.07962213801461222,0.006339684862017957,0.11479308672917317,0.22628289992529768,1.0,0.027857142857142858,0.08428571428571428,0.057079752644727796,0.09747690749351864,real10kg_smc_steady,,step_change,3,41012,scn3_env41012,0da348a248a91ae8560340f3df1d1cd16c42bec0185ac330386fc7adc3efe5c2
step_recovery_10_13s,10.0,13.0,300,0.060233666780097096,0.05599775775246,0.02218886523625259,0.929675391619413,0.36837978529948,0.135703666217291,0.05759574367616223,0.08677992950067462,1.0,0.0022222222222222222,0.006666666666666667,0.06354393159373285,0.09145680231773823,real10kg_smc_steady,,step_change,3,41012,scn3_env41012,0da348a248a91ae8560340f3df1d1cd16c42bec0185ac330386fc7adc3efe5c2
post_step_13_20p9s,13.0,20.9,790,0.10852135269909503,0.10684809361509905,0.01898338437846145,0.9845812916778179,0.17492764240690994,0.030599680078039766,0.10594310181656225,0.14684008804671692,0.8629678437430007,0.0,0.0,0.0644789528286645,0.10926996439430696,real10kg_smc_steady,,step_change,3,41012,scn3_env41012,0da348a248a91ae8560340f3df1d1cd16c42bec0185ac330386fc7adc3efe5c2
startup_0_3s,0.0,3.0,300,0.151782658668233,0.15042218440490024,0.020276634613650993,0.9910366950001416,0.1335899291234035,0.01784626916319597,0.12875387399220944,0.25064100594583716,1.0,0.01888888888888889,0.05,0.04703113586109984,0.034083783001140185,real10kg_mpc_ltv_v3,,step_change,3,41012,scn3_env41012,0da348a248a91ae8560340f3df1d1cd16c42bec0185ac330386fc7adc3efe5c2
pre_step_3_10s,3.0,10.0,700,0.009544409541621952,0.006967098221738974,0.0065234420260201435,0.7299663946058002,0.6834830376433707,0.4671490627462094,0.008337363536688477,0.031677146282250365,1.0,0.03666666666666667,0.11142857142857143,0.02331040071073159,0.032555700975738976,real10kg_mpc_ltv_v3,,step_change,3,41012,scn3_env41012,0da348a248a91ae8560340f3df1d1cd16c42bec0185ac330386fc7adc3efe5c2
step_recovery_10_13s,10.0,13.0,300,0.014583501558484018,0.008724744313793022,0.011685775728005485,0.5982612803107881,0.8013010922748681,0.6420834404808966,0.014128640983676227,0.03210819242672524,1.0,0.0022222222222222222,0.006666666666666667,0.04084272270912987,0.04116808976953183,real10kg_mpc_ltv_v3,,step_change,3,41012,scn3_env41012,0da348a248a91ae8560340f3df1d1cd16c42bec0185ac330386fc7adc3efe5c2
post_step_13_20p9s,13.0,20.9,790,0.013313242113482726,0.006166557794735526,0.011798982182222181,0.4631897881952034,0.8862591156719813,0.7854552201116825,0.01281612264795919,0.019289533272189217,0.8680508231894343,0.0,0.0,0.025430831686638324,0.03394992679563823,real10kg_mpc_ltv_v3,,step_change,3,41012,scn3_env41012,0da348a248a91ae8560340f3df1d1cd16c42bec0185ac330386fc7adc3efe5c2
startup_0_3s,0.0,3.0,300,0.12269176075925099,0.12093019577660495,0.020716078481152696,0.9856423530663756,0.16884653340171987,0.028509151841778105,0.09760903699828063,0.23678308111611276,0.9677225786931365,0.0,0.0,0.04692888292241004,0.05948189523379443,predictive_alpha,31000,step_change,3,41012,scn3_env41012,0da348a248a91ae8560340f3df1d1cd16c42bec0185ac330386fc7adc3efe5c2
pre_step_3_10s,3.0,10.0,700,0.009632717090906004,0.006928786612392349,0.006691872281608876,0.7192972187394183,0.6947024622914024,0.48261151111373735,0.008370716352578779,0.03200860449848448,1.0,0.03595238095238095,0.10857142857142857,0.02204455439915287,0.029899590499713337,predictive_alpha,31000,step_change,3,41012,scn3_env41012,0da348a248a91ae8560340f3df1d1cd16c42bec0185ac330386fc7adc3efe5c2
step_recovery_10_13s,10.0,13.0,300,0.015042557928291843,0.008968935261841803,0.012076288721909002,0.5962373756243377,0.8028081912316308,0.6445009919086029,0.014565530458673316,0.03248313510557062,1.0,0.0022222222222222222,0.006666666666666667,0.04037551879366039,0.040104776259427384,predictive_alpha,31000,step_change,3,41012,scn3_env41012,0da348a248a91ae8560340f3df1d1cd16c42bec0185ac330386fc7adc3efe5c2
post_step_13_20p9s,13.0,20.9,790,0.013761881770618992,0.006139673095403724,0.012316403864361992,0.4461361605730151,0.8949650977715103,0.800962526229169,0.013263465609843487,0.019914291839102243,0.8672540946929111,0.0,0.0,0.023804238324988847,0.03053698510911209,predictive_alpha,31000,step_change,3,41012,scn3_env41012,0da348a248a91ae8560340f3df1d1cd16c42bec0185ac330386fc7adc3efe5c2
startup_0_3s,0.0,3.0,300,0.12190961466253546,0.12017958597582996,0.02046512305963426,0.9858089233446068,0.16787128001581225,0.028180766654147246,0.09703220473129963,0.23508895812692895,0.9677225786931365,0.0,0.0,0.045121869501959885,0.05674457279732704,predictive_alpha,31001,step_change,3,41012,scn3_env41012,0da348a248a91ae8560340f3df1d1cd16c42bec0185ac330386fc7adc3efe5c2
pre_step_3_10s,3.0,10.0,700,0.009737745284388453,0.00695622872367646,0.006814291244695087,0.7143572275225438,0.6997812168716052,0.4896937514863046,0.008455317477094406,0.03180245872815221,1.0,0.03619047619047619,0.10857142857142857,0.02040221699336467,0.02679782736234197,predictive_alpha,31001,step_change,3,41012,scn3_env41012,0da348a248a91ae8560340f3df1d1cd16c42bec0185ac330386fc7adc3efe5c2
step_recovery_10_13s,10.0,13.0,300,0.015291964724751153,0.008916956041289448,0.012423046329332643,0.5831138249264144,0.8123904647272069,0.6599782671796871,0.014849129329948712,0.03228381434098739,1.0,0.0022222222222222222,0.006666666666666667,0.039579692729310216,0.038298093553107614,predictive_alpha,31001,step_change,3,41012,scn3_env41012,0da348a248a91ae8560340f3df1d1cd16c42bec0185ac330386fc7adc3efe5c2
post_step_13_20p9s,13.0,20.9,790,0.01420617239934599,0.006267291115765425,0.01274897628479195,0.44116676467011995,0.8974251421430642,0.805371885750499,0.013699203543904219,0.020537062858081084,0.8686624679310315,0.0,0.0,0.022380999759525604,0.027614154339789195,predictive_alpha,31001,step_change,3,41012,scn3_env41012,0da348a248a91ae8560340f3df1d1cd16c42bec0185ac330386fc7adc3efe5c2
startup_0_3s,0.0,3.0,300,0.12304589373892134,0.12112107292526016,0.021678968136046854,0.9843568870510603,0.17618603496062427,0.031041518915146313,0.09784672543368335,0.2364373810804555,0.9677225786931365,0.0,0.0,0.046992073123734455,0.06030063719443927,predictive_alpha,31002,step_change,3,41012,scn3_env41012,0da348a248a91ae8560340f3df1d1cd16c42bec0185ac330386fc7adc3efe5c2
pre_step_3_10s,3.0,10.0,700,0.009545913753602938,0.00671764570702397,0.00678216083163236,0.7037195055830577,0.7104779077930127,0.5047788574619367,0.008294202977803216,0.03207976675628925,1.0,0.03571428571428571,0.10714285714285714,0.021517890866727545,0.02885346228605268,predictive_alpha,31002,step_change,3,41012,scn3_env41012,0da348a248a91ae8560340f3df1d1cd16c42bec0185ac330386fc7adc3efe5c2
step_recovery_10_13s,10.0,13.0,300,0.015168802654306817,0.009019494099156356,0.012195954253792083,0.5946081773695887,0.8040156188813845,0.6464411154052156,0.014691839865350663,0.032561855468865614,1.0,0.0022222222222222222,0.006666666666666667,0.04005632425588069,0.039357352775596384,predictive_alpha,31002,step_change,3,41012,scn3_env41012,0da348a248a91ae8560340f3df1d1cd16c42bec0185ac330386fc7adc3efe5c2
post_step_13_20p9s,13.0,20.9,790,0.013917909956748664,0.006159962599943959,0.012480507935635283,0.44259250268802397,0.8967228538207062,0.8041118765643516,0.013418679896554984,0.02010465391874555,0.869062428433041,0.0,0.0,0.023293274896249046,0.029456601026857127,predictive_alpha,31002,step_change,3,41012,scn3_env41012,0da348a248a91ae8560340f3df1d1cd16c42bec0185ac330386fc7adc3efe5c2
startup_0_3s,0.0,3.0,300,0.12337394830982219,0.12181339752669937,0.01956086154945602,0.9873510509754952,0.1585493681399732,0.025137902137584742,0.09968102413098745,0.23613222620125052,0.9677225786931365,0.0,0.0,0.0442710411939632,0.054301662684786436,predictive_alpha,31003,step_change,3,41012,scn3_env41012,0da348a248a91ae8560340f3df1d1cd16c42bec0185ac330386fc7adc3efe5c2
pre_step_3_10s,3.0,10.0,700,0.009996436451136346,0.007340263701430666,0.006785961281577344,0.7342880372731485,0.6788380354087029,0.46082107831754743,0.00863910357007166,0.03177903938665466,1.0,0.03642857142857143,0.11,0.020473709325953996,0.02697427948777319,predictive_alpha,31003,step_change,3,41012,scn3_env41012,0da348a248a91ae8560340f3df1d1cd16c42bec0185ac330386fc7adc3efe5c2
step_recovery_10_13s,10.0,13.0,300,0.015340196094876628,0.008982024750022452,0.012435628155394977,0.5855221598518092,0.8106564009014378,0.6571638003224725,0.014880138123084643,0.03228747630224749,1.0,0.0022222222222222222,0.006666666666666667,0.03933865853809189,0.03808392785039173,predictive_alpha,31003,step_change,3,41012,scn3_env41012,0da348a248a91ae8560340f3df1d1cd16c42bec0185ac330386fc7adc3efe5c2
post_step_13_20p9s,13.0,20.9,790,0.01421355829575566,0.006272028171883553,0.012754877578320521,0.4412707952066061,0.8973739941059855,0.8052800852977293,0.013706490680534223,0.020549365915214182,0.8685215268416575,0.0,0.0,0.022336903079058123,0.02754166732933424,predictive_alpha,31003,step_change,3,41012,scn3_env41012,0da348a248a91ae8560340f3df1d1cd16c42bec0185ac330386fc7adc3efe5c2
startup_0_3s,0.0,3.0,300,0.12319686697801309,0.12141305417440294,0.020888712484060577,0.9855206317549576,0.16955554955621216,0.02874908438530912,0.09722777558295602,0.23776738456864965,0.9677225786931365,0.0,0.0,0.04697310780209756,0.05809045295529963,predictive_alpha,31004,step_change,3,41012,scn3_env41012,0da348a248a91ae8560340f3df1d1cd16c42bec0185ac330386fc7adc3efe5c2
pre_step_3_10s,3.0,10.0,700,0.009636654953804986,0.0068097066282918044,0.006818578615466191,0.7066463063101606,0.7075669563922602,0.5006509977782065,0.008365883799751896,0.032235739878541184,1.0,0.035238095238095235,0.10571428571428572,0.02067848648469442,0.02732957320338805,predictive_alpha,31004,step_change,3,41012,scn3_env41012,0da348a248a91ae8560340f3df1d1cd16c42bec0185ac330386fc7adc3efe5c2
step_recovery_10_13s,10.0,13.0,300,0.015339463603026581,0.009060661367726456,0.012377542535090175,0.5906765452958033,0.806908432746501,0.6511012188374147,0.014869985975331824,0.032714346244592775,1.0,0.0022222222222222222,0.006666666666666667,0.039607431869634,0.03841589416439546,predictive_alpha,31004,step_change,3,41012,scn3_env41012,0da348a248a91ae8560340f3df1d1cd16c42bec0185ac330386fc7adc3efe5c2
post_step_13_20p9s,13.0,20.9,790,0.0141529781500647,0.006244564176765538,0.012700874330472896,0.44121909258631836,0.8973994162786745,0.8053257123373057,0.013647822453059536,0.02045093725271551,0.8685061984500163,0.0,0.0,0.022542339404519413,0.027951580196912608,predictive_alpha,31004,step_change,3,41012,scn3_env41012,0da348a248a91ae8560340f3df1d1cd16c42bec0185ac330386fc7adc3efe5c2
startup_0_3s,0.0,3.0,300,0.2298055599665393,0.22773166384960558,0.030803971689133715,0.990975431067744,0.13404363103146377,0.017967695020099195,0.21907889121388593,0.3109486686814975,0.8576099840290157,0.0,0.0,0.05760355825670144,0.07522439146280353,real10kg_smc_steady,,step_change,3,41013,scn3_env41013,9ee16b8d694709e472d7383902ee83a2267f98b5a674ace50eb6887d8d47d63e
pre_step_3_10s,3.0,10.0,700,0.12408219930742409,0.12372281713325924,0.00943698604308658,0.9971036766258917,0.07605430993131942,0.0057842580591291924,0.1156453600358229,0.2284829628703631,1.0,0.02666666666666667,0.08,0.05782492883939113,0.10021852724846694,real10kg_smc_steady,,step_change,3,41013,scn3_env41013,9ee16b8d694709e472d7383902ee83a2267f98b5a674ace50eb6887d8d47d63e
step_recovery_10_13s,10.0,13.0,300,0.05931700981227116,0.05502598512431898,0.022150589476745277,0.9276594571855091,0.373427277383812,0.13944793149428644,0.05672287293101658,0.08381817752745792,1.0,0.0022222222222222222,0.006666666666666667,0.0627471624500615,0.09192696898677608,real10kg_smc_steady,,step_change,3,41013,scn3_env41013,9ee16b8d694709e472d7383902ee83a2267f98b5a674ace50eb6887d8d47d63e
post_step_13_20p9s,13.0,20.9,790,0.10843863101017208,0.10676536077768091,0.018976154335688975,0.9845694268093977,0.17499441074564026,0.030623043792213856,0.10582644715446095,0.14650472706840317,0.8646938501119094,0.0,0.0,0.06515381603986095,0.11179756040802237,real10kg_smc_steady,,step_change,3,41013,scn3_env41013,9ee16b8d694709e472d7383902ee83a2267f98b5a674ace50eb6887d8d47d63e
startup_0_3s,0.0,3.0,300,0.1355223083161647,0.1342701552149458,0.018379920290794886,0.9907605388605268,0.1356228396576284,0.01839355463679878,0.11603718494676689,0.22132505818820875,1.0,0.01611111111111111,0.043333333333333335,0.04558697677458596,0.02720994178927139,real10kg_mpc_ltv_v3,,step_change,3,41013,scn3_env41013,9ee16b8d694709e472d7383902ee83a2267f98b5a674ace50eb6887d8d47d63e
pre_step_3_10s,3.0,10.0,700,0.009876168758096023,0.007279205382931155,0.006674719344773832,0.7370474888821641,0.6758409569806316,0.4567609991324959,0.008861665619396669,0.03203887374450101,1.0,0.03642857142857143,0.11,0.02251342687162546,0.03316024176467029,real10kg_mpc_ltv_v3,,step_change,3,41013,scn3_env41013,9ee16b8d694709e472d7383902ee83a2267f98b5a674ace50eb6887d8d47d63e
step_recovery_10_13s,10.0,13.0,300,0.014140353120829894,0.008896247091619803,0.010991195297446497,0.6291389624856614,0.7772928443530571,0.6041841658824659,0.013604029495559396,0.032465932910374806,1.0,0.0022222222222222222,0.006666666666666667,0.03512267469054687,0.03250092421065462,real10kg_mpc_ltv_v3,,step_change,3,41013,scn3_env41013,9ee16b8d694709e472d7383902ee83a2267f98b5a674ace50eb6887d8d47d63e
post_step_13_20p9s,13.0,20.9,790,0.012311884037534518,0.007285907527303543,0.0099246178796606,0.5917784398465276,0.8061006625309336,0.6497982781328101,0.011761780193738119,0.018137943947938707,0.8715939825486437,0.0,0.0,0.025557490909633895,0.03619634880221804,real10kg_mpc_ltv_v3,,step_change,3,41013,scn3_env41013,9ee16b8d694709e472d7383902ee83a2267f98b5a674ace50eb6887d8d47d63e
startup_0_3s,0.0,3.0,300,0.09727686607041909,0.09533814219291382,0.019324267532975132,0.9800700417702415,0.19865224193166567,0.039462713224477024,0.08019041504147652,0.18691322967106092,0.8749210140632011,0.0,0.0,0.04114811421190281,0.05048079020116908,predictive_alpha,31000,step_change,3,41013,scn3_env41013,9ee16b8d694709e472d7383902ee83a2267f98b5a674ace50eb6887d8d47d63e
pre_step_3_10s,3.0,10.0,700,0.009569188275117066,0.007034749447802516,0.006487038187900554,0.7351458917466493,0.67790893034981,0.45956051784802365,0.008260693006863816,0.03208795531797821,1.0,0.03571428571428571,0.10714285714285714,0.023104887706303156,0.03258393049237699,predictive_alpha,31000,step_change,3,41013,scn3_env41013,9ee16b8d694709e472d7383902ee83a2267f98b5a674ace50eb6887d8d47d63e
step_recovery_10_13s,10.0,13.0,300,0.014941766805801443,0.009008102474664386,0.011921010237597117,0.6028806761437883,0.7978313671023525,0.6365348903324088,0.0144681022389633,0.03255610096616985,0.9999982344851449,0.0022222222222222222,0.006666666666666667,0.040304806593673144,0.04110872370473596,predictive_alpha,31000,step_change,3,41013,scn3_env41013,9ee16b8d694709e472d7383902ee83a2267f98b5a674ace50eb6887d8d47d63e
post_step_13_20p9s,13.0,20.9,790,0.013471822537478549,0.006079048046929342,0.01202227837493541,0.4512416957703724,0.8924017772272078,0.7963809319982791,0.012977061583822709,0.019619019579769126,0.8706272177795884,0.0,0.0,0.0249368435776726,0.03266465019519984,predictive_alpha,31000,step_change,3,41013,scn3_env41013,9ee16b8d694709e472d7383902ee83a2267f98b5a674ace50eb6887d8d47d63e
startup_0_3s,0.0,3.0,300,0.09637540396006902,0.09444492384529748,0.019193093766312085,0.9799691618872862,0.1991492951278763,0.03966044174992998,0.08014309003694527,0.18440907970593257,0.8749210140632011,0.0,0.0,0.04236675908287302,0.05287665226873893,predictive_alpha,31001,step_change,3,41013,scn3_env41013,9ee16b8d694709e472d7383902ee83a2267f98b5a674ace50eb6887d8d47d63e
pre_step_3_10s,3.0,10.0,700,0.009788526117713128,0.00728085264979759,0.006542509323576656,0.7438150097615104,0.6683855408770333,0.44673923125348436,0.0085718674376567,0.03261214071505227,1.0,0.03571428571428571,0.10714285714285714,0.02673566674625697,0.03992201470286392,predictive_alpha,31001,step_change,3,41013,scn3_env41013,9ee16b8d694709e472d7383902ee83a2267f98b5a674ace50eb6887d8d47d63e
step_recovery_10_13s,10.0,13.0,300,0.014650947761040747,0.009175527527935188,0.011421907234820656,0.6262753562151391,0.7796019357323329,0.6077791781976006,0.014101470269437056,0.03305803858812067,1.0,0.0022222222222222222,0.006666666666666667,0.040626354035184144,0.0419999936267508,predictive_alpha,31001,step_change,3,41013,scn3_env41013,9ee16b8d694709e472d7383902ee83a2267f98b5a674ace50eb6887d8d47d63e
post_step_13_20p9s,13.0,20.9,790,0.012798056665130878,0.006450889005093505,0.011053338203812666,0.5040522302631589,0.8636731726566105,0.7459313491667353,0.01228681172274372,0.018737378088459454,0.8713542343825378,0.0,0.0,0.027979187731862847,0.03950517839463963,predictive_alpha,31001,step_change,3,41013,scn3_env41013,9ee16b8d694709e472d7383902ee83a2267f98b5a674ace50eb6887d8d47d63e
startup_0_3s,0.0,3.0,300,0.09695642152606246,0.09489197498346358,0.019901275307809465,0.9787074800193204,0.20526000232444516,0.042131668554231234,0.07980368773294666,0.18612755844970572,0.8749210140632011,0.0,0.0,0.04240776522552377,0.05369992169279925,predictive_alpha,31002,step_change,3,41013,scn3_env41013,9ee16b8d694709e472d7383902ee83a2267f98b5a674ace50eb6887d8d47d63e
pre_step_3_10s,3.0,10.0,700,0.009687578896410361,0.007110120307698078,0.0065799220424131765,0.7339419254002323,0.6792122276135788,0.4613292501397999,0.00850873658538106,0.03256158575143432,1.0,0.03571428571428571,0.10714285714285714,0.02696182229436086,0.04037035981912596,predictive_alpha,31002,step_change,3,41013,scn3_env41013,9ee16b8d694709e472d7383902ee83a2267f98b5a674ace50eb6887d8d47d63e
step_recovery_10_13s,10.0,13.0,300,0.014621934723111131,0.00918906315334904,0.0113737457950618,0.6284437270004355,0.7778550520462035,0.6050584819938021,0.014061392859974724,0.03301781427607552,1.0,0.0022222222222222222,0.006666666666666667,0.040252665658341596,0.04135303229481446,predictive_alpha,31002,step_change,3,41013,scn3_env41013,9ee16b8d694709e472d7383902ee83a2267f98b5a674ace50eb6887d8d47d63e
post_step_13_20p9s,13.0,20.9,790,0.012771361012774887,0.006483617171051025,0.011003198194065157,0.5076684594982177,0.861552514493868,0.7422727352307066,0.012258669750004428,0.018696669929859022,0.8713321401536099,0.0,0.0,0.028105831128149846,0.039789501288517784,predictive_alpha,31002,step_change,3,41013,scn3_env41013,9ee16b8d694709e472d7383902ee83a2267f98b5a674ace50eb6887d8d47d63e
startup_0_3s,0.0,3.0,300,0.09728249811236465,0.09553715066727259,0.018344952476392177,0.9820589779358243,0.18857402752140598,0.03556016385564397,0.0812369959170539,0.18527909842892462,0.8749210140632011,0.0,0.0,0.04091382021561361,0.049941329039475305,predictive_alpha,31003,step_change,3,41013,scn3_env41013,9ee16b8d694709e472d7383902ee83a2267f98b5a674ace50eb6887d8d47d63e
pre_step_3_10s,3.0,10.0,700,0.009920571540450207,0.007475520007538155,0.0065218356546364546,0.7535372309001975,0.6574052339670429,0.4321816416472623,0.008685801093911972,0.032615860692632476,1.0,0.03571428571428571,0.10714285714285714,0.027114163233357018,0.040683435536871725,predictive_alpha,31003,step_change,3,41013,scn3_env41013,9ee16b8d694709e472d7383902ee83a2267f98b5a674ace50eb6887d8d47d63e
step_recovery_10_13s,10.0,13.0,300,0.014664132437150233,0.009238291528628189,0.011388184656316308,0.6299923686739098,0.776601323339483,0.6031096154126361,0.014091415698384461,0.03308589725211116,1.0,0.0022222222222222222,0.006666666666666667,0.04010743315632551,0.041406669339835916,predictive_alpha,31003,step_change,3,41013,scn3_env41013,9ee16b8d694709e472d7383902ee83a2267f98b5a674ace50eb6887d8d47d63e
post_step_13_20p9s,13.0,20.9,790,0.01276279594355526,0.0064941329319098155,0.010987046817025722,0.5088330927353824,0.860865194869293,0.7410888837373458,0.01224959897738878,0.0186912858815098,0.8713884718040236,0.0,0.0,0.028130094987435655,0.03985673310680757,predictive_alpha,31003,step_change,3,41013,scn3_env41013,9ee16b8d694709e472d7383902ee83a2267f98b5a674ace50eb6887d8d47d63e
startup_0_3s,0.0,3.0,300,0.0960748542490191,0.09407091895410664,0.019520241445744525,0.9791419377049649,0.20317742450224766,0.04128106582736654,0.07748326198597276,0.1868022890121418,0.8749210140632011,0.0,0.0,0.042886236131325556,0.05095007544981963,predictive_alpha,31004,step_change,3,41013,scn3_env41013,9ee16b8d694709e472d7383902ee83a2267f98b5a674ace50eb6887d8d47d63e
pre_step_3_10s,3.0,10.0,700,0.009355387915184307,0.006740903853900947,0.006487179531663967,0.7205370760692981,0.693416413138243,0.48082632200950653,0.008107536405116019,0.03237152379468328,1.0,0.03571428571428571,0.10714285714285714,0.023520770909190705,0.03338591953535591,predictive_alpha,31004,step_change,3,41013,scn3_env41013,9ee16b8d694709e472d7383902ee83a2267f98b5a674ace50eb6887d8d47d63e
step_recovery_10_13s,10.0,13.0,300,0.014945951258750234,0.009093300758498544,0.01186142235756014,0.6084123118744144,0.7936211052886827,0.6298344587596304,0.01445455665166964,0.03283229860180649,0.9999983416049355,0.0022222222222222222,0.006666666666666667,0.04045894565546193,0.041430718055939425,predictive_alpha,31004,step_change,3,41013,scn3_env41013,9ee16b8d694709e472d7383902ee83a2267f98b5a674ace50eb6887d8d47d63e
post_step_13_20p9s,13.0,20.9,790,0.013390658660007762,0.006089670867091813,0.011925839512559863,0.45477007679085174,0.8906088800678121,0.7931841772556426,0.012895643096084599,0.019504533116774768,0.8707053932093751,0.0,0.0,0.025282220154292254,0.03338765730441084,predictive_alpha,31004,step_change,3,41013,scn3_env41013,9ee16b8d694709e472d7383902ee83a2267f98b5a674ace50eb6887d8d47d63e
startup_0_3s,0.0,3.0,300,0.26311675968796816,0.2609408151891322,0.033768627409581455,0.9917301182128557,0.12834084552283131,0.01647137262951525,0.25369459855477106,0.35115697927478107,1.0,0.0016666666666666668,0.01,0.06318408232077624,0.07973932455018093,real10kg_smc_steady,,step_change,3,41014,scn3_env41014,110a22318c7817039158dfbe2a90e2e69eeff4098b416fc62330d59b2c49cae4
pre_step_3_10s,3.0,10.0,700,0.12203946530412872,0.12163107344583927,0.009975623495826851,0.996653608262936,0.08174096363800903,0.006681585136470315,0.1141581099764835,0.22066397282920422,1.0,0.026904761904761904,0.08285714285714285,0.055984366763726055,0.09736419880960989,real10kg_smc_steady,,step_change,3,41014,scn3_env41014,110a22318c7817039158dfbe2a90e2e69eeff4098b416fc62330d59b2c49cae4
step_recovery_10_13s,10.0,13.0,300,0.05970229075062144,0.05534398567993412,0.02239211401210222,0.9269993660897853,0.3750628950844594,0.1406721752691362,0.05724062338285314,0.08450688240989883,1.0,0.0022222222222222222,0.006666666666666667,0.06442779861423775,0.09511297197355637,real10kg_smc_steady,,step_change,3,41014,scn3_env41014,110a22318c7817039158dfbe2a90e2e69eeff4098b416fc62330d59b2c49cae4
post_step_13_20p9s,13.0,20.9,790,0.10849206797100948,0.10683885635062698,0.01886763329928351,0.9847619125407006,0.17390795154098446,0.030243975609181403,0.1058269274654641,0.14692318591458356,0.8668731403733686,0.0,0.0,0.06622874148903526,0.11279224929438665,real10kg_smc_steady,,step_change,3,41014,scn3_env41014,110a22318c7817039158dfbe2a90e2e69eeff4098b416fc62330d59b2c49cae4
startup_0_3s,0.0,3.0,300,0.15731019958624076,0.15604177083389603,0.019936515464964624,0.9919367672555183,0.12673377516144468,0.016061449766671614,0.13347599208680722,0.26128922538338417,1.0,0.020555555555555556,0.05333333333333334,0.04592159189121687,0.030442587040963642,real10kg_mpc_ltv_v3,,step_change,3,41014,scn3_env41014,110a22318c7817039158dfbe2a90e2e69eeff4098b416fc62330d59b2c49cae4
pre_step_3_10s,3.0,10.0,700,0.009564000053282666,0.006853295308987766,0.006671014947292288,0.7165720693022685,0.6975130604482364,0.48652446949586514,0.008275693499519565,0.031120200094488463,1.0,0.03785714285714286,0.11428571428571428,0.019317863612931835,0.025366650566734924,real10kg_mpc_ltv_v3,,step_change,3,41014,scn3_env41014,110a22318c7817039158dfbe2a90e2e69eeff4098b416fc62330d59b2c49cae4
step_recovery_10_13s,10.0,13.0,300,0.015041933001912233,0.008549411821270999,0.012376077971002285,0.5683718854607409,0.8227717786955276,0.6769533998178022,0.014675532298550032,0.03155046355915224,1.0,0.0022222222222222222,0.006666666666666667,0.038714300285139044,0.03883975087847089,real10kg_mpc_ltv_v3,,step_change,3,41014,scn3_env41014,110a22318c7817039158dfbe2a90e2e69eeff4098b416fc62330d59b2c49cae4
post_step_13_20p9s,13.0,20.9,790,0.014148369847437446,0.00637543904825466,0.012630524386654214,0.4506129764065632,0.8927194102818747,0.7969479454940182,0.013626797767554417,0.020752959051887048,0.871005605985121,0.0,0.0,0.02283731667412967,0.028264221661813176,real10kg_mpc_ltv_v3,,step_change,3,41014,scn3_env41014,110a22318c7817039158dfbe2a90e2e69eeff4098b416fc62330d59b2c49cae4
startup_0_3s,0.0,3.0,300,0.1398072748768459,0.1379535872253289,0.022691008795413185,0.9867411216394147,0.16230206057160723,0.02634195886578966,0.1097466721327168,0.2730060130843264,0.9999993149388774,0.0016666666666666668,0.01,0.04709684941292093,0.05596960460169109,predictive_alpha,31000,step_change,3,41014,scn3_env41014,110a22318c7817039158dfbe2a90e2e69eeff4098b416fc62330d59b2c49cae4
pre_step_3_10s,3.0,10.0,700,0.00955809440040758,0.006538136429641899,0.006972082945181604,0.6840418346739804,0.7294427793979831,0.5320867684158546,0.008254259517936973,0.03201576123901362,1.0,0.03666666666666667,0.11,0.019463344381404596,0.025599309337080486,predictive_alpha,31000,step_change,3,41014,scn3_env41014,110a22318c7817039158dfbe2a90e2e69eeff4098b416fc62330d59b2c49cae4
step_recovery_10_13s,10.0,13.0,300,0.015404850100945514,0.008944056693189036,0.012542458152277064,0.5806000470358404,0.8141889125884605,0.6629035853819798,0.014983214910901098,0.03247752179788487,1.0,0.0022222222222222222,0.006666666666666667,0.03853972406784056,0.03859976791791107,predictive_alpha,31000,step_change,3,41014,scn3_env41014,110a22318c7817039158dfbe2a90e2e69eeff4098b416fc62330d59b2c49cae4
post_step_13_20p9s,13.0,20.9,790,0.014306078115321997,0.00645524980604082,0.012766895510785107,0.4512242806172827,0.8924105829613495,0.7963966485814157,0.013778198485185758,0.02099775545072033,0.8705816559354319,0.0,0.0,0.022447705254112483,0.027463352307940204,predictive_alpha,31000,step_change,3,41014,scn3_env41014,110a22318c7817039158dfbe2a90e2e69eeff4098b416fc62330d59b2c49cae4
startup_0_3s,0.0,3.0,300,0.13929762691717673,0.13762423784652372,0.021526681628166087,0.9879869520559171,0.15453731771730306,0.02388178256725867,0.109122686830643,0.27070501009813674,0.9999993149388774,0.0016666666666666668,0.01,0.04566738340080546,0.053525683727395024,predictive_alpha,31001,step_change,3,41014,scn3_env41014,110a22318c7817039158dfbe2a90e2e69eeff4098b416fc62330d59b2c49cae4
pre_step_3_10s,3.0,10.0,700,0.009705681165118664,0.006828591322136926,0.006897143425663661,0.7035664170257583,0.7106295074323447,0.5049942968335367,0.00837866823567332,0.0319755314268473,1.0,0.036904761904761905,0.11142857142857143,0.019413114446590038,0.02552822259970519,predictive_alpha,31001,step_change,3,41014,scn3_env41014,110a22318c7817039158dfbe2a90e2e69eeff4098b416fc62330d59b2c49cae4
step_recovery_10_13s,10.0,13.0,300,0.015396201366491622,0.008925572280223002,0.012545006017857198,0.5797256133352912,0.8148117655281009,0.6639182132430208,0.014978390455130164,0.0324305693732039,1.0,0.0022222222222222222,0.006666666666666667,0.038716254482750186,0.0386399955837292,predictive_alpha,31001,step_change,3,41014,scn3_env41014,110a22318c7817039158dfbe2a90e2e69eeff4098b416fc62330d59b2c49cae4
post_step_13_20p9s,13.0,20.9,790,0.014306225074025533,0.006454547253338346,0.012767415385390236,0.45117053729689044,0.8924377548463732,0.7964451462752352,0.013778269829434697,0.02099991897751541,0.870579625241098,0.0,0.0,0.022449048220656118,0.027461086008309123,predictive_alpha,31001,step_change,3,41014,scn3_env41014,110a22318c7817039158dfbe2a90e2e69eeff4098b416fc62330d59b2c49cae4
startup_0_3s,0.0,3.0,300,0.1371256717905747,0.13542848183671466,0.021507584044216994,0.9876231056395328,0.15684578797954385,0.02460060120692402,0.10741580982198765,0.2710212235080814,0.9999993149388774,0.0016666666666666668,0.01,0.04592408234101217,0.0549453487272367,predictive_alpha,31002,step_change,3,41014,scn3_env41014,110a22318c7817039158dfbe2a90e2e69eeff4098b416fc62330d59b2c49cae4
pre_step_3_10s,3.0,10.0,700,0.009654419725108653,0.006740444593913668,0.006911890255563022,0.6981719032148056,0.7159301596953549,0.5125559935614163,0.008334233320935882,0.03205671849727568,1.0,0.03666666666666667,0.11,0.01949296184732043,0.025676939640741255,predictive_alpha,31002,step_change,3,41014,scn3_env41014,110a22318c7817039158dfbe2a90e2e69eeff4098b416fc62330d59b2c49cae4
step_recovery_10_13s,10.0,13.0,300,0.015438281336071521,0.00899641367549833,0.01254611778961926,0.5827341450552675,0.8126628551783983,0.6604209161867063,0.015006712380369401,0.03252940457691225,1.0,0.0022222222222222222,0.006666666666666667,0.038632611362341675,0.03854651679966053,predictive_alpha,31002,step_change,3,41014,scn3_env41014,110a22318c7817039158dfbe2a90e2e69eeff4098b416fc62330d59b2c49cae4
post_step_13_20p9s,13.0,20.9,790,0.014306495793859142,0.006454184595216584,0.012767902063791775,0.451136650666542,0.8924548853725741,0.7964757224253745,0.013778495359542292,0.021001080742621737,0.8707210813259458,0.0,0.0,0.022452300927969876,0.027466367033808996,predictive_alpha,31002,step_change,3,41014,scn3_env41014,110a22318c7817039158dfbe2a90e2e69eeff4098b416fc62330d59b2c49cae4
startup_0_3s,0.0,3.0,300,0.1385977540915489,0.13725434951346155,0.019250479964354084,0.9903071692114146,0.13889460251742922,0.019291710608474656,0.1098611393819138,0.27118781768993644,0.9999993149388774,0.0016666666666666668,0.01,0.042466999015631536,0.04758281169048575,predictive_alpha,31003,step_change,3,41014,scn3_env41014,110a22318c7817039158dfbe2a90e2e69eeff4098b416fc62330d59b2c49cae4
pre_step_3_10s,3.0,10.0,700,0.010068419993638937,0.007415871604878834,0.006810134323804495,0.7365477015821807,0.6763856025182726,0.45749748329400675,0.008638700777674228,0.03214132453781565,1.0,0.03666666666666667,0.11,0.019606392418413467,0.025897029877359867,predictive_alpha,31003,step_change,3,41014,scn3_env41014,110a22318c7817039158dfbe2a90e2e69eeff4098b416fc62330d59b2c49cae4
step_recovery_10_13s,10.0,13.0,300,0.015506719273642075,0.009082539671661019,0.012568445239736152,0.5857163924479686,0.8105160748669562,0.6569363076177372,0.015056543843360911,0.03263472929233057,1.0,0.0022222222222222222,0.006666666666666667,0.03855507408807509,0.03856129343225884,predictive_alpha,31003,step_change,3,41014,scn3_env41014,110a22318c7817039158dfbe2a90e2e69eeff4098b416fc62330d59b2c49cae4
post_step_13_20p9s,13.0,20.9,790,0.014306159286722507,0.006454484761091844,0.012767373261791549,0.45116824381245546,0.892438914310209,0.7964472157751846,0.013778265796749047,0.02100606058669869,0.8705815083455488,0.0,0.0,0.022427493538295123,0.027425815613364886,predictive_alpha,31003,step_change,3,41014,scn3_env41014,110a22318c7817039158dfbe2a90e2e69eeff4098b416fc62330d59b2c49cae4
startup_0_3s,0.0,3.0,300,0.13873399112483897,0.13715903533461457,0.020845126996611313,0.9886476574525476,0.1502524855487935,0.022575809413590397,0.10798570526949838,0.2719951917249622,0.9999993149388774,0.0016666666666666668,0.01,0.0452347260539022,0.051979625749496834,predictive_alpha,31004,step_change,3,41014,scn3_env41014,110a22318c7817039158dfbe2a90e2e69eeff4098b416fc62330d59b2c49cae4
pre_step_3_10s,3.0,10.0,700,0.009690821618726125,0.006833071153420854,0.006871765585223162,0.7051075153645303,0.7091004102216121,0.5028233917764585,0.008368623055661608,0.03211181104922691,1.0,0.03666666666666667,0.11,0.01947175165938161,0.025631379995978646,predictive_alpha,31004,step_change,3,41014,scn3_env41014,110a22318c7817039158dfbe2a90e2e69eeff4098b416fc62330d59b2c49cae4
step_recovery_10_13s,10.0,13.0,300,0.015433520295203503,0.008985230520325684,0.01254827403267343,0.5821893092736693,0.8130532628108985,0.6610556081674479,0.015004969111878251,0.03257674096014205,1.0,0.0022222222222222222,0.006666666666666667,0.038588204747112456,0.03859638977509336,predictive_alpha,31004,step_change,3,41014,scn3_env41014,110a22318c7817039158dfbe2a90e2e69eeff4098b416fc62330d59b2c49cae4
post_step_13_20p9s,13.0,20.9,790,0.014306411481724799,0.00645524956653871,0.012767269187971598,0.45121374949858895,0.8924159076705349,0.7964061522634246,0.013778571249457403,0.020999721214003987,0.8705829135516818,0.0,0.0,0.02245655184514483,0.02747692122544396,predictive_alpha,31004,step_change,3,41014,scn3_env41014,110a22318c7817039158dfbe2a90e2e69eeff4098b416fc62330d59b2c49cae4
startup_0_3s,0.0,3.0,300,0.2451617939483782,0.24238721539976274,0.0367796550111074,0.9886826633794348,0.1500219688343927,0.022506591132947496,0.23563526492146336,0.327561414370306,0.9072841780840385,0.0,0.0,0.05974222489674229,0.0787875831839853,real10kg_smc_steady,,step_change,3,41015,scn3_env41015,69ffe168af8db61e61c37e0db66c83270249d4cd33a29197b6d00c2837e00dc7
pre_step_3_10s,3.0,10.0,700,0.12281878640965405,0.12243489664583362,0.009703111792835284,0.996874340033454,0.07900348209329465,0.0062415501828655285,0.11469334925770384,0.22377390406474187,1.0,0.026904761904761904,0.08142857142857143,0.05579422878950462,0.09477446103096533,real10kg_smc_steady,,step_change,3,41015,scn3_env41015,69ffe168af8db61e61c37e0db66c83270249d4cd33a29197b6d00c2837e00dc7
step_recovery_10_13s,10.0,13.0,300,0.059282827265144056,0.054886400515428785,0.0224039426666122,0.9258397928619002,0.37791623139716257,0.1428206779534337,0.05676808409538539,0.08351096211316093,1.0,0.0022222222222222222,0.006666666666666667,0.06422223257897355,0.09684327262719489,real10kg_smc_steady,,step_change,3,41015,scn3_env41015,69ffe168af8db61e61c37e0db66c83270249d4cd33a29197b6d00c2837e00dc7
post_step_13_20p9s,13.0,20.9,790,0.10839615729488349,0.10674383146692978,0.018854213323732542,0.9847566014405965,0.17393802321277027,0.030254435919166215,0.10576279378697948,0.1466964740496665,0.8575452583772025,0.0,0.0,0.06408016582236517,0.10822163246118878,real10kg_smc_steady,,step_change,3,41015,scn3_env41015,69ffe168af8db61e61c37e0db66c83270249d4cd33a29197b6d00c2837e00dc7
startup_0_3s,0.0,3.0,300,0.14040743616375012,0.13817177713171466,0.024956124185084177,0.9840773459503376,0.17774075837393047,0.03159177718733993,0.1209336906448697,0.2248133864845491,1.0,0.018333333333333333,0.04666666666666667,0.04206962133287237,0.027203281658224266,real10kg_mpc_ltv_v3,,step_change,3,41015,scn3_env41015,69ffe168af8db61e61c37e0db66c83270249d4cd33a29197b6d00c2837e00dc7
pre_step_3_10s,3.0,10.0,700,0.009924700525511105,0.007278184380644871,0.006747422666649649,0.7333404531387668,0.6798615887003974,0.46221177979022837,0.00889414667929411,0.03203027670055493,1.0,0.037142857142857144,0.11285714285714285,0.022117671377489864,0.03139471572003738,real10kg_mpc_ltv_v3,,step_change,3,41015,scn3_env41015,69ffe168af8db61e61c37e0db66c83270249d4cd33a29197b6d00c2837e00dc7
step_recovery_10_13s,10.0,13.0,300,0.014199037086475354,0.00890141985734038,0.011062430958268116,0.6269030641394001,0.7790972648986972,0.6069925481726309,0.013667342339630734,0.03246166601788281,1.0,0.0022222222222222222,0.006666666666666667,0.03562613816356818,0.033271489141505524,real10kg_mpc_ltv_v3,,step_change,3,41015,scn3_env41015,69ffe168af8db61e61c37e0db66c83270249d4cd33a29197b6d00c2837e00dc7
post_step_13_20p9s,13.0,20.9,790,0.012308792650781488,0.007334630284931341,0.009884815380334646,0.5958854367788593,0.8030694529334732,0.6449205462348679,0.011754389579644765,0.018235829446730054,0.8700239839620655,0.0,0.0,0.025051967072704524,0.03512480316758679,real10kg_mpc_ltv_v3,,step_change,3,41015,scn3_env41015,69ffe168af8db61e61c37e0db66c83270249d4cd33a29197b6d00c2837e00dc7
startup_0_3s,0.0,3.0,300,0.11887685488147975,0.11578298021855658,0.026944537817927605,0.9739741208159673,0.22665924199282791,0.05137441198076332,0.09462729150191211,0.23040293059755323,0.9184490353093394,0.0,0.0,0.04613960254528531,0.059788878560461764,predictive_alpha,31000,step_change,3,41015,scn3_env41015,69ffe168af8db61e61c37e0db66c83270249d4cd33a29197b6d00c2837e00dc7
pre_step_3_10s,3.0,10.0,700,0.009614994888434031,0.006925116750773921,0.006670148775909201,0.7202413346162263,0.6937235904236191,0.4812524199102373,0.008426172897121722,0.03248998290413746,1.0,0.037142857142857144,0.11285714285714285,0.02604650921313381,0.037355644745004205,predictive_alpha,31000,step_change,3,41015,scn3_env41015,69ffe168af8db61e61c37e0db66c83270249d4cd33a29197b6d00c2837e00dc7
step_recovery_10_13s,10.0,13.0,300,0.014716897150914236,0.009155666390696319,0.011522188797830962,0.6221193432834146,0.7829224244537978,0.6129675227126127,0.01418528772836704,0.03295275119647652,1.0,0.0022222222222222222,0.006666666666666667,0.04119968352971075,0.04335018643737909,predictive_alpha,31000,step_change,3,41015,scn3_env41015,69ffe168af8db61e61c37e0db66c83270249d4cd33a29197b6d00c2837e00dc7
post_step_13_20p9s,13.0,20.9,790,0.012870236408445538,0.006440302635754606,0.011142956841394,0.500402823333411,0.8657927086779785,0.7495970143999509,0.012355578468406982,0.018936602137720856,0.8701768282875432,0.0,0.0,0.027377196411648562,0.03846532801375114,predictive_alpha,31000,step_change,3,41015,scn3_env41015,69ffe168af8db61e61c37e0db66c83270249d4cd33a29197b6d00c2837e00dc7
startup_0_3s,0.0,3.0,300,0.1170279125179586,0.11405754716939888,0.02619939392450366,0.9746183172488537,0.22387303473847073,0.05011913568301252,0.09333623681162831,0.22747984828818213,0.9184490353093394,0.0,0.0,0.04435055947361222,0.05515202507846676,predictive_alpha,31001,step_change,3,41015,scn3_env41015,69ffe168af8db61e61c37e0db66c83270249d4cd33a29197b6d00c2837e00dc7
pre_step_3_10s,3.0,10.0,700,0.009644075715888828,0.007021443196772468,0.006611167207709559,0.7280576598133178,0.6855158962322865,0.4699320439871549,0.00832392719144757,0.03216535817189907,1.0,0.035476190476190474,0.10714285714285714,0.022785816001689604,0.0307839025930626,predictive_alpha,31001,step_change,3,41015,scn3_env41015,69ffe168af8db61e61c37e0db66c83270249d4cd33a29197b6d00c2837e00dc7
step_recovery_10_13s,10.0,13.0,300,0.015132502963173873,0.009092165245857025,0.012096494412535217,0.6008368389541056,0.7993716863610059,0.6389950929556384,0.014659169967966441,0.03264300524274506,1.0,0.0022222222222222222,0.006666666666666667,0.04121933032065114,0.04239331008988333,predictive_alpha,31001,step_change,3,41015,scn3_env41015,69ffe168af8db61e61c37e0db66c83270249d4cd33a29197b6d00c2837e00dc7
post_step_13_20p9s,13.0,20.9,790,0.013565177352439436,0.006153294998712244,0.012089292670043134,0.45360962402793004,0.891200487538713,0.7942383089892397,0.013059655011383762,0.019885932572576686,0.8695997518373658,0.0,0.0,0.02414765295649663,0.031832067965954274,predictive_alpha,31001,step_change,3,41015,scn3_env41015,69ffe168af8db61e61c37e0db66c83270249d4cd33a29197b6d00c2837e00dc7
startup_0_3s,0.0,3.0,300,0.1165409721933509,0.11341659297413871,0.026804377215483573,0.9731907228813178,0.22999960195126004,0.05289981689773807,0.092515071543443,0.2283534746405267,0.9184490353093394,0.0,0.0,0.044647720299184006,0.05709958847412001,predictive_alpha,31002,step_change,3,41015,scn3_env41015,69ffe168af8db61e61c37e0db66c83270249d4cd33a29197b6d00c2837e00dc7
pre_step_3_10s,3.0,10.0,700,0.00947174439637799,0.006744350421783487,0.0066503894095388694,0.7120494535687151,0.7021293154914515,0.4929855756724941,0.008194470547887417,0.03220801523631067,1.0,0.035476190476190474,0.10714285714285714,0.02299427750222707,0.031177408717307894,predictive_alpha,31002,step_change,3,41015,scn3_env41015,69ffe168af8db61e61c37e0db66c83270249d4cd33a29197b6d00c2837e00dc7
step_recovery_10_13s,10.0,13.0,300,0.015087581130151205,0.009100187583421362,0.012034188394131045,0.6031574912452624,0.7976221165155346,0.636201040754721,0.014608703193134811,0.03269025504305309,1.0,0.0022222222222222222,0.006666666666666667,0.04103876731961002,0.042184811686103975,predictive_alpha,31002,step_change,3,41015,scn3_env41015,69ffe168af8db61e61c37e0db66c83270249d4cd33a29197b6d00c2837e00dc7
post_step_13_20p9s,13.0,20.9,790,0.013517904140314804,0.006153766675601444,0.012035983052870973,0.4552308265930739,0.8903734578924659,0.7927648945193867,0.013012742802781993,0.019817298989251025,0.8694413220819568,0.0,0.0,0.02431547003412316,0.03217061348664365,predictive_alpha,31002,step_change,3,41015,scn3_env41015,69ffe168af8db61e61c37e0db66c83270249d4cd33a29197b6d00c2837e00dc7
startup_0_3s,0.0,3.0,300,0.1190477941337721,0.11629668201278542,0.025445216464672862,0.9768906921711182,0.21373950395150101,0.045684575549433726,0.0965719325676581,0.22976175543645483,0.9184490353093394,0.0,0.0,0.04318022571248309,0.0518924526246454,predictive_alpha,31003,step_change,3,41015,scn3_env41015,69ffe168af8db61e61c37e0db66c83270249d4cd33a29197b6d00c2837e00dc7
pre_step_3_10s,3.0,10.0,700,0.009907369736686494,0.007399530505675009,0.0065880895102447086,0.7468713394509663,0.6649685724203209,0.4421832023067196,0.00851112321565106,0.0319882863229798,1.0,0.03595238095238095,0.10857142857142857,0.022550372015550886,0.030434171192526078,predictive_alpha,31003,step_change,3,41015,scn3_env41015,69ffe168af8db61e61c37e0db66c83270249d4cd33a29197b6d00c2837e00dc7
step_recovery_10_13s,10.0,13.0,300,0.015161368297211361,0.009090542773645932,0.012133800753440756,0.599585907778387,0.80031040177769,0.6404967391935675,0.014686658952513592,0.03249277249419276,1.0,0.0022222222222222222,0.006666666666666667,0.040859954294546724,0.04192040895440376,predictive_alpha,31003,step_change,3,41015,scn3_env41015,69ffe168af8db61e61c37e0db66c83270249d4cd33a29197b6d00c2837e00dc7
post_step_13_20p9s,13.0,20.9,790,0.013614824085488713,0.006156556811078073,0.012143320925956448,0.45219510530731033,0.8919190471876417,0.7955195867361106,0.013109023232748268,0.019960758933656727,0.8692811492361201,0.0,0.0,0.02391270418872782,0.03136331340824903,predictive_alpha,31003,step_change,3,41015,scn3_env41015,69ffe168af8db61e61c37e0db66c83270249d4cd33a29197b6d00c2837e00dc7
startup_0_3s,0.0,3.0,300,0.11492163422863622,0.11193465121122381,0.026031055914083126,0.9740085229603522,0.2265113621887279,0.05130739720059307,0.09135128024250748,0.22731382217613913,0.9184490353093394,0.0,0.0,0.04552633293667759,0.055969026321040734,predictive_alpha,31004,step_change,3,41015,scn3_env41015,69ffe168af8db61e61c37e0db66c83270249d4cd33a29197b6d00c2837e00dc7
pre_step_3_10s,3.0,10.0,700,0.009581004727647224,0.006963107184267037,0.006581093369008466,0.726761689635127,0.68688969018227,0.47181744647869484,0.00833047808990941,0.032397545905370605,1.0,0.036904761904761905,0.11142857142857143,0.024522209992093907,0.03423569974191135,predictive_alpha,31004,step_change,3,41015,scn3_env41015,69ffe168af8db61e61c37e0db66c83270249d4cd33a29197b6d00c2837e00dc7
step_recovery_10_13s,10.0,13.0,300,0.014884227601613202,0.009124858961010587,0.011759131780802913,0.6130555918146269,0.7900397720019021,0.6241628413448175,0.014380122993996214,0.03286422915181253,1.0,0.0022222222222222222,0.006666666666666667,0.04147242577248221,0.04340091158404791,predictive_alpha,31004,step_change,3,41015,scn3_env41015,69ffe168af8db61e61c37e0db66c83270249d4cd33a29197b6d00c2837e00dc7
post_step_13_20p9s,13.0,20.9,790,0.013161990552788471,0.0062357542928922205,0.011591089841355264,0.47376985022764107,0.8806486978445369,0.7755421290152785,0.012655569181428088,0.01931869616842377,0.8698033491244309,0.0,0.0,0.025877953993171176,0.035350418904336704,predictive_alpha,31004,step_change,3,41015,scn3_env41015,69ffe168af8db61e61c37e0db66c83270249d4cd33a29197b6d00c2837e00dc7
startup_0_3s,0.0,3.0,300,0.255695758252779,0.2534841088572811,0.03355782092588334,0.9913504650581201,0.131241210864,0.017224255429048912,0.24601922883832653,0.3422300760063324,0.9853806936152318,0.0,0.0,0.06093450065282825,0.07753404123624541,real10kg_smc_steady,,step_change,3,41016,scn3_env41016,3b29fe731f8e4825ce33c900520b5f14d9bb64129269cb080f05bcdfff1b75fa
pre_step_3_10s,3.0,10.0,700,0.12246280782234398,0.12207189559010459,0.009777096029545464,0.9968079105877886,0.07983726817475095,0.0063739893896071,0.11441161721694555,0.22331200943703322,1.0,0.026904761904761904,0.08285714285714285,0.05481848853917226,0.09322344709960527,real10kg_smc_steady,,step_change,3,41016,scn3_env41016,3b29fe731f8e4825ce33c900520b5f14d9bb64129269cb080f05bcdfff1b75fa
step_recovery_10_13s,10.0,13.0,300,0.05978283980910939,0.05534992125202945,0.0225914619499441,0.9258496489756167,0.3778920844523303,0.14280242749172714,0.05715915727005823,0.0851716275749895,1.0,0.0022222222222222222,0.006666666666666667,0.06016258841764659,0.08797174227076122,real10kg_smc_steady,,step_change,3,41016,scn3_env41016,3b29fe731f8e4825ce33c900520b5f14d9bb64129269cb080f05bcdfff1b75fa
post_step_13_20p9s,13.0,20.9,790,0.10850596742454369,0.1068797859084876,0.018715136411257917,0.9850129762016365,0.17248025021547908,0.02974943671439427,0.10584811340223521,0.14677318754343974,0.8642168487727324,0.0,0.0,0.06380781948889971,0.10810151831250366,real10kg_smc_steady,,step_change,3,41016,scn3_env41016,3b29fe731f8e4825ce33c900520b5f14d9bb64129269cb080f05bcdfff1b75fa
startup_0_3s,0.0,3.0,300,0.1516078183065115,0.1503215429215685,0.019706960834670606,0.9915157714205577,0.1299864416941102,0.016896475024296306,0.12856211200174714,0.2501582274429858,1.0,0.02,0.05333333333333334,0.04710732869852617,0.032770233279996605,real10kg_mpc_ltv_v3,,step_change,3,41016,scn3_env41016,3b29fe731f8e4825ce33c900520b5f14d9bb64129269cb080f05bcdfff1b75fa
pre_step_3_10s,3.0,10.0,700,0.009722645078425097,0.007229874217063807,0.0065006727441442366,0.7436118626922997,0.6686115446679697,0.4470413976632883,0.008547665038038254,0.03222780823929533,1.0,0.036904761904761905,0.11142857142857143,0.025282736616134463,0.0370546593713139,real10kg_mpc_ltv_v3,,step_change,3,41016,scn3_env41016,3b29fe731f8e4825ce33c900520b5f14d9bb64129269cb080f05bcdfff1b75fa
step_recovery_10_13s,10.0,13.0,300,0.014495796994234176,0.008939923773217433,0.011410779702855995,0.6167252326155894,0.7871784978359402,0.6196499874552474,0.013995106298106987,0.03265794241713,1.0,0.0022222222222222222,0.006666666666666667,0.03824285839378264,0.03884260862971952,real10kg_mpc_ltv_v3,,step_change,3,41016,scn3_env41016,3b29fe731f8e4825ce33c900520b5f14d9bb64129269cb080f05bcdfff1b75fa
post_step_13_20p9s,13.0,20.9,790,0.012700860993008932,0.00654553392955799,0.010884293984487049,0.515361433619415,0.8569729241567328,0.7344025927377413,0.012168394675129247,0.018621326001021028,0.8768802347168835,0.0,0.0,0.028003768791312198,0.039027944224216356,real10kg_mpc_ltv_v3,,step_change,3,41016,scn3_env41016,3b29fe731f8e4825ce33c900520b5f14d9bb64129269cb080f05bcdfff1b75fa
startup_0_3s,0.0,3.0,300,0.13084880373592883,0.12884155384924031,0.022831194468028407,0.9846597765560056,0.17448531294260014,0.030445124432677103,0.10319121847922226,0.2554459179602704,0.986690313603676,0.0,0.0,0.04697704518325428,0.05771235370039968,predictive_alpha,31000,step_change,3,41016,scn3_env41016,3b29fe731f8e4825ce33c900520b5f14d9bb64129269cb080f05bcdfff1b75fa
pre_step_3_10s,3.0,10.0,700,0.009408390879907346,0.006608751411001152,0.006696433658053665,0.7024316373924119,0.7117512169221877,0.506589794790215,0.008120902551726289,0.032363621707223525,1.0,0.03642857142857143,0.11,0.021570670971102924,0.02939143734235504,predictive_alpha,31000,step_change,3,41016,scn3_env41016,3b29fe731f8e4825ce33c900520b5f14d9bb64129269cb080f05bcdfff1b75fa
step_recovery_10_13s,10.0,13.0,300,0.015183600363358812,0.009102049443986173,0.012152959142259173,0.5994658201062321,0.8004003563994474,0.6406407305243624,0.014711956872323774,0.0328342696213039,0.9999994634494679,0.0022222222222222222,0.006666666666666667,0.03860342501931129,0.03864006642817425,predictive_alpha,31000,step_change,3,41016,scn3_env41016,3b29fe731f8e4825ce33c900520b5f14d9bb64129269cb080f05bcdfff1b75fa
post_step_13_20p9s,13.0,20.9,790,0.013559737405638834,0.006112294753716131,0.012103979979889889,0.4507679294124328,0.8926411786452763,0.796808273813228,0.01303825407243901,0.01979135668631904,0.8731337114376944,0.0,0.0,0.024173325497498562,0.030884539883496247,predictive_alpha,31000,step_change,3,41016,scn3_env41016,3b29fe731f8e4825ce33c900520b5f14d9bb64129269cb080f05bcdfff1b75fa
startup_0_3s,0.0,3.0,300,0.13019075859567011,0.12849809377743443,0.020925427577034646,0.9869985793423899,0.1607289780223355,0.0258338043761044,0.10247357645585929,0.2532602885554251,0.986690313603676,0.0,0.0,0.04593458242042333,0.055525787440155246,predictive_alpha,31001,step_change,3,41016,scn3_env41016,3b29fe731f8e4825ce33c900520b5f14d9bb64129269cb080f05bcdfff1b75fa
pre_step_3_10s,3.0,10.0,700,0.009676076242246482,0.007113299964965292,0.006559528569507991,0.7351430256314109,0.6779120384426688,0.4595647318654945,0.00841242905289805,0.032600332878124104,1.0,0.03642857142857143,0.11,0.024124342798868766,0.03441493871018912,predictive_alpha,31001,step_change,3,41016,scn3_env41016,3b29fe731f8e4825ce33c900520b5f14d9bb64129269cb080f05bcdfff1b75fa
step_recovery_10_13s,10.0,13.0,300,0.014998370406998609,0.009246305018143296,0.011809189573251406,0.6164873094365466,0.7873648438326971,0.6199433973036876,0.014448179373060165,0.033058966914637555,1.0,0.0022222222222222222,0.006666666666666667,0.0389856813587712,0.040236464547625354,predictive_alpha,31001,step_change,3,41016,scn3_env41016,3b29fe731f8e4825ce33c900520b5f14d9bb64129269cb080f05bcdfff1b75fa
post_step_13_20p9s,13.0,20.9,790,0.013031124597160713,0.006236769921393789,0.011441717931076815,0.47860565486057033,0.8780299693834401,0.7709366271354849,0.012509195779131043,0.01905555242372954,0.8753744316440569,0.0,0.0,0.026430305703502355,0.0355297368444103,predictive_alpha,31001,step_change,3,41016,scn3_env41016,3b29fe731f8e4825ce33c900520b5f14d9bb64129269cb080f05bcdfff1b75fa
startup_0_3s,0.0,3.0,300,0.12875996973020806,0.1269552773916259,0.021482256570002446,0.9859840574491937,0.16683955902610426,0.027835438456024927,0.10140041163989133,0.25348321686804076,0.986690313603676,0.0,0.0,0.04650376343471652,0.05788877240490421,predictive_alpha,31002,step_change,3,41016,scn3_env41016,3b29fe731f8e4825ce33c900520b5f14d9bb64129269cb080f05bcdfff1b75fa
pre_step_3_10s,3.0,10.0,700,0.009605464362786559,0.006979847554595359,0.006598990357575301,0.7266538389998769,0.6870037832987103,0.4719741982667412,0.008356180867397062,0.03271525393377472,1.0,0.03642857142857143,0.11,0.02420077920854507,0.034608070309086365,predictive_alpha,31002,step_change,3,41016,scn3_env41016,3b29fe731f8e4825ce33c900520b5f14d9bb64129269cb080f05bcdfff1b75fa
step_recovery_10_13s,10.0,13.0,300,0.014916557866326572,0.009235729383123698,0.011713453860462106,0.6191595585180494,0.785265204307267,0.6166414410957338,0.014382269395745589,0.033183983886940896,0.9999999762752205,0.0022222222222222222,0.006666666666666667,0.03892245867836092,0.0398528964931609,predictive_alpha,31002,step_change,3,41016,scn3_env41016,3b29fe731f8e4825ce33c900520b5f14d9bb64129269cb080f05bcdfff1b75fa
post_step_13_20p9s,13.0,20.9,790,0.013007372288479037,0.0062523661563933155,0.011406123412337772,0.48067865036285584,0.8768968212311773,0.7689480350853435,0.012485165828911767,0.019013853244007454,0.8755103844384919,0.0,0.0,0.026520189177953776,0.035739143944936214,predictive_alpha,31002,step_change,3,41016,scn3_env41016,3b29fe731f8e4825ce33c900520b5f14d9bb64129269cb080f05bcdfff1b75fa
startup_0_3s,0.0,3.0,300,0.13029816544933812,0.1288960714855748,0.01906343817491167,0.9892393422506899,0.14630626693146975,0.021405523743422476,0.10401552350521726,0.2539462365551198,0.986690313603676,0.0,0.0,0.04338284850853697,0.05138560298141163,predictive_alpha,31003,step_change,3,41016,scn3_env41016,3b29fe731f8e4825ce33c900520b5f14d9bb64129269cb080f05bcdfff1b75fa
pre_step_3_10s,3.0,10.0,700,0.009911718455890336,0.007496401010685994,0.0064842990859323504,0.7563169841886533,0.6542053343009215,0.4279846194277805,0.008535484466346582,0.03243758541395477,1.0,0.03642857142857143,0.11,0.02273970803323334,0.031693560553858365,predictive_alpha,31003,step_change,3,41016,scn3_env41016,3b29fe731f8e4825ce33c900520b5f14d9bb64129269cb080f05bcdfff1b75fa
step_recovery_10_13s,10.0,13.0,300,0.015104159074401474,0.009201644727597763,0.011977702436272854,0.6092126468128046,0.7930069047387526,0.6288599509633369,0.014594192725698552,0.03293283582821015,0.9999996144136386,0.0022222222222222222,0.006666666666666667,0.038777039429002964,0.039435408019610464,predictive_alpha,31003,step_change,3,41016,scn3_env41016,3b29fe731f8e4825ce33c900520b5f14d9bb64129269cb080f05bcdfff1b75fa
post_step_13_20p9s,13.0,20.9,790,0.013307706521233479,0.006128243470368146,0.011812691684081585,0.4605033527445212,0.8876579645961923,0.787936662111055,0.012788238225065772,0.019431844656949915,0.8741839048685887,0.0,0.0,0.025151277734074388,0.03291495298292617,predictive_alpha,31003,step_change,3,41016,scn3_env41016,3b29fe731f8e4825ce33c900520b5f14d9bb64129269cb080f05bcdfff1b75fa
startup_0_3s,0.0,3.0,300,0.13011291928983076,0.12844162074461607,0.020787540177188413,0.987155014626243,0.15976538141368954,0.025524977098261688,0.10169030921560519,0.2548792995365416,0.986690313603676,0.0,0.0,0.04585218590020105,0.05423281488178522,predictive_alpha,31004,step_change,3,41016,scn3_env41016,3b29fe731f8e4825ce33c900520b5f14d9bb64129269cb080f05bcdfff1b75fa
pre_step_3_10s,3.0,10.0,700,0.009599608559178038,0.007007694038482234,0.006560846649058703,0.729997894735227,0.6834493936511586,0.4671030736821365,0.008282201338122954,0.032913158009269125,1.0,0.03642857142857143,0.11,0.022488662023406044,0.03121958745266778,predictive_alpha,31004,step_change,3,41016,scn3_env41016,3b29fe731f8e4825ce33c900520b5f14d9bb64129269cb080f05bcdfff1b75fa
step_recovery_10_13s,10.0,13.0,300,0.015164733847804502,0.009265144694902317,0.012005259116623472,0.6109665219243985,0.7916564337435802,0.6267199090876036,0.014654088048586452,0.03337202614156672,0.9999995993938805,0.0022222222222222222,0.006666666666666667,0.0388742504554869,0.03940976624144326,predictive_alpha,31004,step_change,3,41016,scn3_env41016,3b29fe731f8e4825ce33c900520b5f14d9bb64129269cb080f05bcdfff1b75fa
post_step_13_20p9s,13.0,20.9,790,0.013367057064358465,0.006118851691871072,0.011884353938464726,0.4577560836622896,0.8890778187932499,0.790459367870163,0.012847488466840525,0.019507728763181246,0.8738958851143046,0.0,0.0,0.024945196337362148,0.03244251986585851,predictive_alpha,31004,step_change,3,41016,scn3_env41016,3b29fe731f8e4825ce33c900520b5f14d9bb64129269cb080f05bcdfff1b75fa
startup_0_3s,0.0,3.0,300,0.2607299329984482,0.2585354916179641,0.03375644435115912,0.9915834697027395,0.1294690025151812,0.016762222612276,0.2513023084857051,0.3484827932550727,1.0,0.0011111111111111111,0.006666666666666667,0.06344615382266718,0.08346741831502177,real10kg_smc_steady,,step_change,3,41017,scn3_env41017,0840921dbe848b2ebe7637d8f595ffb1376d7c0df878117830ecb9321cd70e2a
pre_step_3_10s,3.0,10.0,700,0.12188183437293196,0.12145518209527845,0.010189224323449255,0.9964994596623148,0.083599203900004,0.006988826892714444,0.11384923863314955,0.2219496271615988,1.0,0.02761904761904762,0.08285714285714285,0.056387210053455705,0.09489723580864458,real10kg_smc_steady,,step_change,3,41017,scn3_env41017,0840921dbe848b2ebe7637d8f595ffb1376d7c0df878117830ecb9321cd70e2a
step_recovery_10_13s,10.0,13.0,300,0.05948884532146867,0.05501339708376932,0.022637333301101212,0.924768278598875,0.38053072267199856,0.14480363089727347,0.05698897190545592,0.08377965672658944,1.0,0.0022222222222222222,0.006666666666666667,0.06504639047859961,0.09337363673771586,real10kg_smc_steady,,step_change,3,41017,scn3_env41017,0840921dbe848b2ebe7637d8f595ffb1376d7c0df878117830ecb9321cd70e2a
post_step_13_20p9s,13.0,20.9,790,0.10858516453253095,0.10691289189101284,0.018983453428115065,0.9845994372369615,0.17482547924332542,0.030563948192658407,0.10595819991675666,0.14647934967325354,0.8493132925777632,0.0,0.0,0.06345134418948706,0.10681314173882565,real10kg_smc_steady,,step_change,3,41017,scn3_env41017,0840921dbe848b2ebe7637d8f595ffb1376d7c0df878117830ecb9321cd70e2a
startup_0_3s,0.0,3.0,300,0.15542612251540944,0.15422558448301515,0.019280784502904005,0.9922758284581458,0.12405111953424977,0.015388680257700725,0.1316645914455768,0.25842734180611276,1.0,0.020555555555555556,0.05333333333333334,0.047460744920490724,0.033959772053304284,real10kg_mpc_ltv_v3,,step_change,3,41017,scn3_env41017,0840921dbe848b2ebe7637d8f595ffb1376d7c0df878117830ecb9321cd70e2a
pre_step_3_10s,3.0,10.0,700,0.009578460283745678,0.006951018528144458,0.006590162579837146,0.7256926815200246,0.688018991008443,0.473370131988276,0.00835371023792924,0.031467817596543254,1.0,0.036904761904761905,0.11142857142857143,0.023947005224123775,0.032436293247477314,real10kg_mpc_ltv_v3,,step_change,3,41017,scn3_env41017,0840921dbe848b2ebe7637d8f595ffb1376d7c0df878117830ecb9321cd70e2a
step_recovery_10_13s,10.0,13.0,300,0.014701892088834762,0.008685001994773138,0.011862393154103805,0.5907404259461879,0.8068616666770808,0.6510257491529167,0.014288004243966528,0.03189622802913962,1.0,0.0022222222222222222,0.006666666666666667,0.041508277391853234,0.04220113952751684,real10kg_mpc_ltv_v3,,step_change,3,41017,scn3_env41017,0840921dbe848b2ebe7637d8f595ffb1376d7c0df878117830ecb9321cd70e2a
post_step_13_20p9s,13.0,20.9,790,0.013370864682739063,0.006152064477407397,0.011871483691179501,0.46010969547461816,0.8878620772002003,0.7882990681302545,0.012862651906464696,0.01945580240022679,0.86658834648049,0.0,0.0,0.025143736457734392,0.03302973349800085,real10kg_mpc_ltv_v3,,step_change,3,41017,scn3_env41017,0840921dbe848b2ebe7637d8f595ffb1376d7c0df878117830ecb9321cd70e2a
startup_0_3s,0.0,3.0,300,0.13601065108418262,0.13408604110657377,0.02279979799711986,0.985849564263775,0.167632445072321,0.028100636640924718,0.10687550960293293,0.26644990418596315,1.0,0.0016666666666666668,0.01,0.04836268574590729,0.060278697530721376,predictive_alpha,31000,step_change,3,41017,scn3_env41017,0840921dbe848b2ebe7637d8f595ffb1376d7c0df878117830ecb9321cd70e2a
pre_step_3_10s,3.0,10.0,700,0.009451302693285974,0.006446774689038885,0.006911310925496139,0.6821043509291635,0.7312548491760615,0.5347336544435045,0.008213706285046144,0.03184198481222582,1.0,0.037142857142857144,0.11142857142857143,0.02242827189152262,0.029660182316723686,predictive_alpha,31000,step_change,3,41017,scn3_env41017,0840921dbe848b2ebe7637d8f595ffb1376d7c0df878117830ecb9321cd70e2a
step_recovery_10_13s,10.0,13.0,300,0.015178563756222712,0.008923757517105791,0.012278247003445385,0.5879184394799768,0.8089202114667606,0.6543519085194288,0.014748592856142053,0.03231049484533707,1.0,0.0022222222222222222,0.006666666666666667,0.04110068118354644,0.04129595213467217,predictive_alpha,31000,step_change,3,41017,scn3_env41017,0840921dbe848b2ebe7637d8f595ffb1376d7c0df878117830ecb9321cd70e2a
post_step_13_20p9s,13.0,20.9,790,0.013841589848488474,0.006155049058728911,0.012397781278052114,0.4446778965496549,0.8956905538857571,0.8022615683201745,0.01332902239874758,0.020109883958788738,0.8654783377062838,0.0,0.0,0.023485146169842184,0.029620217565671906,predictive_alpha,31000,step_change,3,41017,scn3_env41017,0840921dbe848b2ebe7637d8f595ffb1376d7c0df878117830ecb9321cd70e2a
startup_0_3s,0.0,3.0,300,0.13580210504094423,0.13401102108783888,0.02198312899808515,0.9868110737122571,0.16187620207696526,0.02620390479886249,0.10683246591979613,0.26440442605882797,1.0,0.0016666666666666668,0.01,0.04757492940598727,0.05915211135892783,predictive_alpha,31001,step_change,3,41017,scn3_env41017,0840921dbe848b2ebe7637d8f595ffb1376d7c0df878117830ecb9321cd70e2a
pre_step_3_10s,3.0,10.0,700,0.00962500010368773,0.006759627365859985,0.006851865794855121,0.7022989395366445,0.7118821528354989,0.5067761995257046,0.00834399894598306,0.03208366818347425,1.0,0.036904761904761905,0.11142857142857143,0.02268044095652074,0.030105887591250838,predictive_alpha,31001,step_change,3,41017,scn3_env41017,0840921dbe848b2ebe7637d8f595ffb1376d7c0df878117830ecb9321cd70e2a
step_recovery_10_13s,10.0,13.0,300,0.015184131610622804,0.008981379229908867,0.012243066605114759,0.5914977201347164,0.8063066706132553,0.6501304470754325,0.01474388800716035,0.032538626863861185,1.0,0.0022222222222222222,0.006666666666666667,0.041349166619831915,0.04160432580988334,predictive_alpha,31001,step_change,3,41017,scn3_env41017,0840921dbe848b2ebe7637d8f595ffb1376d7c0df878117830ecb9321cd70e2a
post_step_13_20p9s,13.0,20.9,790,0.013790900632076183,0.006144201016965227,0.0123465677055173,0.4455257260482656,0.8952691368684423,0.8015068274291657,0.01327916486128224,0.020040350776450316,0.8658469565429907,0.0,0.0,0.02365619016815794,0.029979681490410016,predictive_alpha,31001,step_change,3,41017,scn3_env41017,0840921dbe848b2ebe7637d8f595ffb1376d7c0df878117830ecb9321cd70e2a
startup_0_3s,0.0,3.0,300,0.13409026584108147,0.13235226231089076,0.021519248465526632,0.9870385555633805,0.1604833007865791,0.025754889831355626,0.10532957020653659,0.2648752324922226,1.0,0.0016666666666666668,0.01,0.04790376532780695,0.06076904221077529,predictive_alpha,31002,step_change,3,41017,scn3_env41017,0840921dbe848b2ebe7637d8f595ffb1376d7c0df878117830ecb9321cd70e2a
pre_step_3_10s,3.0,10.0,700,0.00958379053535973,0.006740552759748015,0.0068127813350131955,0.7033284726829651,0.7108650079399378,0.5053290595134478,0.008320080667991078,0.032052848286331335,1.0,0.037142857142857144,0.11142857142857143,0.02317235969426139,0.03103579906654233,predictive_alpha,31002,step_change,3,41017,scn3_env41017,0840921dbe848b2ebe7637d8f595ffb1376d7c0df878117830ecb9321cd70e2a
step_recovery_10_13s,10.0,13.0,300,0.015121755783074882,0.008998901828921274,0.012152664886204836,0.5950963603706224,0.8036543547282241,0.6458603218736384,0.014669733848961334,0.03252059072497647,1.0,0.0022222222222222222,0.006666666666666667,0.041361729797064636,0.04179017802376367,predictive_alpha,31002,step_change,3,41017,scn3_env41017,0840921dbe848b2ebe7637d8f595ffb1376d7c0df878117830ecb9321cd70e2a
post_step_13_20p9s,13.0,20.9,790,0.013679678433487882,0.006129170533682075,0.012229753497625243,0.4480493136942351,0.8940088436352992,0.7992518124981249,0.013169561799649178,0.019889021011209398,0.8661433485675447,0.0,0.0,0.02406211546372085,0.030782502032200603,predictive_alpha,31002,step_change,3,41017,scn3_env41017,0840921dbe848b2ebe7637d8f595ffb1376d7c0df878117830ecb9321cd70e2a
startup_0_3s,0.0,3.0,300,0.13493003858230762,0.13359042860454395,0.01896609335306743,0.9900718180188876,0.14056242444115266,0.01975779516477475,0.10703227561350197,0.2646454884237139,1.0,0.0016666666666666668,0.01,0.04513416653834064,0.05463686373839316,predictive_alpha,31003,step_change,3,41017,scn3_env41017,0840921dbe848b2ebe7637d8f595ffb1376d7c0df878117830ecb9321cd70e2a
pre_step_3_10s,3.0,10.0,700,0.009940903563658723,0.007384282666157435,0.006655368747729125,0.7428180566153354,0.6694933418385999,0.4482213347662164,0.008629832811406234,0.032334475999623,1.0,0.037142857142857144,0.11142857142857143,0.025190438997255694,0.03483700023003104,predictive_alpha,31003,step_change,3,41017,scn3_env41017,0840921dbe848b2ebe7637d8f595ffb1376d7c0df878117830ecb9321cd70e2a
step_recovery_10_13s,10.0,13.0,300,0.014973519249241788,0.009140533583330756,0.01185988720517261,0.6104465778005798,0.792057432041112,0.6273549756515606,0.014468149203258663,0.03281147372419651,1.0,0.0022222222222222222,0.006666666666666667,0.04179844198858171,0.04298235733608432,predictive_alpha,31003,step_change,3,41017,scn3_env41017,0840921dbe848b2ebe7637d8f595ffb1376d7c0df878117830ecb9321cd70e2a
post_step_13_20p9s,13.0,20.9,790,0.013268445789975734,0.006182395117018472,0.011740087065204881,0.46594719644476,0.8848125282370658,0.7828932101252684,0.012759294968147109,0.019336311871200242,0.8671771037488566,0.0,0.0,0.0256562981211361,0.03407682086184246,predictive_alpha,31003,step_change,3,41017,scn3_env41017,0840921dbe848b2ebe7637d8f595ffb1376d7c0df878117830ecb9321cd70e2a
startup_0_3s,0.0,3.0,300,0.13550548336936216,0.1338804360819433,0.020922831014783268,0.9880075163970354,0.15440578856688486,0.023841147542961554,0.10553505122245449,0.2658762667840931,1.0,0.0016666666666666668,0.01,0.046917111901133464,0.05693663862158599,predictive_alpha,31004,step_change,3,41017,scn3_env41017,0840921dbe848b2ebe7637d8f595ffb1376d7c0df878117830ecb9321cd70e2a
pre_step_3_10s,3.0,10.0,700,0.009579718565661054,0.006763249285554997,0.00678450196394038,0.7059966573337737,0.7082151649276778,0.5015687198335378,0.008320896861628974,0.032148421967846126,1.0,0.036904761904761905,0.11142857142857143,0.023003633101043565,0.030705548779866837,predictive_alpha,31004,step_change,3,41017,scn3_env41017,0840921dbe848b2ebe7637d8f595ffb1376d7c0df878117830ecb9321cd70e2a
step_recovery_10_13s,10.0,13.0,300,0.015185074338192087,0.009027048491549545,0.012210605152392447,0.5944685083856028,0.8041188920413428,0.6466071925377966,0.014733291922277746,0.0326157547922502,1.0,0.0022222222222222222,0.006666666666666667,0.04147124169991696,0.04203178852930521,predictive_alpha,31004,step_change,3,41017,scn3_env41017,0840921dbe848b2ebe7637d8f595ffb1376d7c0df878117830ecb9321cd70e2a
post_step_13_20p9s,13.0,20.9,790,0.013721734695560282,0.006134616465573676,0.01227405735181546,0.44707295408929265,0.8944974978846353,0.8001257737218731,0.013211389929865125,0.01994245012824239,0.8657669825963673,0.0,0.0,0.02391449212670928,0.030485865581740604,predictive_alpha,31004,step_change,3,41017,scn3_env41017,0840921dbe848b2ebe7637d8f595ffb1376d7c0df878117830ecb9321cd70e2a
startup_0_3s,0.0,3.0,300,0.26084806915706005,0.25843809371707305,0.0353760780592158,0.9907609995052871,0.135619474483882,0.018392641859284325,0.25138453128914506,0.3503672868535108,0.9871470432485412,0.0,0.0,0.06178329169448178,0.07868934978202576,real10kg_smc_steady,,step_change,3,41018,scn3_env41018,52569e8e646d5a196bd741d0d5ba7a23822c696f3c0443d41651a2a7b04f41a6
pre_step_3_10s,3.0,10.0,700,0.12187913850924839,0.12148545147199287,0.009788231934451679,0.9967698570725814,0.08031097080415392,0.0064498520315056625,0.11399726823077413,0.22036066562410175,1.0,0.026904761904761904,0.08285714285714285,0.05469515926295121,0.093561395427886,real10kg_smc_steady,,step_change,3,41018,scn3_env41018,52569e8e646d5a196bd741d0d5ba7a23822c696f3c0443d41651a2a7b04f41a6
step_recovery_10_13s,10.0,13.0,300,0.05954835987590708,0.05519203181891831,0.02235725357932072,0.9268438615930493,0.375447008547524,0.14096045622728456,0.0570575224073371,0.08366905750461229,1.0,0.0022222222222222222,0.006666666666666667,0.06532485762704653,0.09638493852590371,real10kg_smc_steady,,step_change,3,41018,scn3_env41018,52569e8e646d5a196bd741d0d5ba7a23822c696f3c0443d41651a2a7b04f41a6
post_step_13_20p9s,13.0,20.9,790,0.10845389214160206,0.1067974187386287,0.018882745336106583,0.9847264734325017,0.17410850789432675,0.030313772521188838,0.1058389782985564,0.14617127121431822,0.8532721997361227,0.0,0.0,0.06610756662490185,0.11367304630531662,real10kg_smc_steady,,step_change,3,41018,scn3_env41018,52569e8e646d5a196bd741d0d5ba7a23822c696f3c0443d41651a2a7b04f41a6
startup_0_3s,0.0,3.0,300,0.1527855903512923,0.15135654190545586,0.020847873786429334,0.9906467066524356,0.13645183252226115,0.018619102598683202,0.13055652149472408,0.24874707102200697,1.0,0.02,0.05333333333333334,0.047645134768914785,0.029189097408926126,real10kg_mpc_ltv_v3,,step_change,3,41018,scn3_env41018,52569e8e646d5a196bd741d0d5ba7a23822c696f3c0443d41651a2a7b04f41a6
pre_step_3_10s,3.0,10.0,700,0.009606479950401385,0.006958656288021271,0.006622806029368959,0.7243710832634922,0.6894102796823346,0.4752865337316748,0.008292962054918923,0.031253006595413226,1.0,0.03666666666666667,0.11,0.018963458648380768,0.02450372095343739,real10kg_mpc_ltv_v3,,step_change,3,41018,scn3_env41018,52569e8e646d5a196bd741d0d5ba7a23822c696f3c0443d41651a2a7b04f41a6
step_recovery_10_13s,10.0,13.0,300,0.015171452306143201,0.008574965256656825,0.012515707567880698,0.5652039820330623,0.824951185643108,0.6805444586939696,0.014813950826559858,0.031682983845432014,1.0,0.0022222222222222222,0.006666666666666667,0.039948500424881794,0.03850532407240005,real10kg_mpc_ltv_v3,,step_change,3,41018,scn3_env41018,52569e8e646d5a196bd741d0d5ba7a23822c696f3c0443d41651a2a7b04f41a6
post_step_13_20p9s,13.0,20.9,790,0.014291245731833975,0.00645238573816921,0.012751722348511725,0.45149218334385083,0.8922750743909653,0.7961548083794026,0.01376242626951615,0.02092754088566322,0.8680568357803073,0.0,0.0,0.022148476648071066,0.027125018035645133,real10kg_mpc_ltv_v3,,step_change,3,41018,scn3_env41018,52569e8e646d5a196bd741d0d5ba7a23822c696f3c0443d41651a2a7b04f41a6
startup_0_3s,0.0,3.0,300,0.13337381785279498,0.13102535789840716,0.024918484629384032,0.9823918967590789,0.18683190622080434,0.034906161182099424,0.10496898836470689,0.26354325570901194,0.9884643062430954,0.0,0.0,0.04693800623195003,0.05559659229468409,predictive_alpha,31000,step_change,3,41018,scn3_env41018,52569e8e646d5a196bd741d0d5ba7a23822c696f3c0443d41651a2a7b04f41a6
pre_step_3_10s,3.0,10.0,700,0.009393593040322102,0.006606791026429466,0.006677567112375502,0.7033294925668743,0.71086399886731,0.5053276248856229,0.008104773055449342,0.03244131084348166,1.0,0.03595238095238095,0.10857142857142857,0.021737886285125886,0.029874033635031032,predictive_alpha,31000,step_change,3,41018,scn3_env41018,52569e8e646d5a196bd741d0d5ba7a23822c696f3c0443d41651a2a7b04f41a6
step_recovery_10_13s,10.0,13.0,300,0.015139928612173885,0.009084022728041968,0.012111893718908636,0.60000433032013,0.7999967522415904,0.6399948035970925,0.01467181358071466,0.03289963373954178,1.0,0.0022222222222222222,0.006666666666666667,0.04153342494539649,0.042261947012091364,predictive_alpha,31000,step_change,3,41018,scn3_env41018,52569e8e646d5a196bd741d0d5ba7a23822c696f3c0443d41651a2a7b04f41a6
post_step_13_20p9s,13.0,20.9,790,0.013651743208013852,0.006232565111465568,0.01214599624357321,0.4565398730769361,0.889702952839258,0.7915713442908949,0.01314038557760179,0.019937105173243305,0.8708286231299395,0.0,0.0,0.024437220788227045,0.03158307762123758,predictive_alpha,31000,step_change,3,41018,scn3_env41018,52569e8e646d5a196bd741d0d5ba7a23822c696f3c0443d41651a2a7b04f41a6
startup_0_3s,0.0,3.0,300,0.13374524508205737,0.1314244849060954,0.024807163264409963,0.9826479051682315,0.1854807118502785,0.03440309446848605,0.10530385012121635,0.26234618633964524,0.9884643062430954,0.0,0.0,0.04653177421438602,0.05542586166315134,predictive_alpha,31001,step_change,3,41018,scn3_env41018,52569e8e646d5a196bd741d0d5ba7a23822c696f3c0443d41651a2a7b04f41a6
pre_step_3_10s,3.0,10.0,700,0.009482460547333293,0.00674393653143111,0.006666061662763205,0.7112011168164232,0.7029885997931064,0.4941929714390723,0.008176435884910748,0.032462437148767606,1.0,0.03666666666666667,0.11,0.021767869946372066,0.029955309574024307,predictive_alpha,31001,step_change,3,41018,scn3_env41018,52569e8e646d5a196bd741d0d5ba7a23822c696f3c0443d41651a2a7b04f41a6
step_recovery_10_13s,10.0,13.0,300,0.015171082727863522,0.009098726223319942,0.012139807751721151,0.5997413887018779,0.800193893177112,0.6403102666779433,0.014702940763163308,0.032923014006209846,1.0,0.0022222222222222222,0.006666666666666667,0.04167568015934891,0.04253795899701969,predictive_alpha,31001,step_change,3,41018,scn3_env41018,52569e8e646d5a196bd741d0d5ba7a23822c696f3c0443d41651a2a7b04f41a6
post_step_13_20p9s,13.0,20.9,790,0.013652181390534432,0.006231312813635044,0.012147131239049093,0.4564334911309812,0.8897575333617493,0.7916684681739845,0.013140672055302425,0.019943466509699144,0.8714163825886442,0.0,0.0,0.02442969912689045,0.03157328431688134,predictive_alpha,31001,step_change,3,41018,scn3_env41018,52569e8e646d5a196bd741d0d5ba7a23822c696f3c0443d41651a2a7b04f41a6
startup_0_3s,0.0,3.0,300,0.13066900648921898,0.1285189702628113,0.023606430044930075,0.9835459357641549,0.1806582194139339,0.032637392241813085,0.1028561165464861,0.2617029513352074,0.9884643062430954,0.0,0.0,0.046216011078779796,0.05470929244885175,predictive_alpha,31002,step_change,3,41018,scn3_env41018,52569e8e646d5a196bd741d0d5ba7a23822c696f3c0443d41651a2a7b04f41a6
pre_step_3_10s,3.0,10.0,700,0.009542614359791776,0.006887292574389114,0.006605050326414535,0.7217406378077085,0.6921636018579147,0.47909045173692194,0.008228250721875269,0.03243369809624382,1.0,0.03595238095238095,0.10857142857142857,0.021793019851278628,0.029987501302816886,predictive_alpha,31002,step_change,3,41018,scn3_env41018,52569e8e646d5a196bd741d0d5ba7a23822c696f3c0443d41651a2a7b04f41a6
step_recovery_10_13s,10.0,13.0,300,0.015143827496128866,0.00910335981773214,0.01210224571149539,0.601126750820371,0.799153695760799,0.6386466294481438,0.014669251527420511,0.03289892494258721,1.0,0.0022222222222222222,0.006666666666666667,0.041469872931380526,0.04200733708947245,predictive_alpha,31002,step_change,3,41018,scn3_env41018,52569e8e646d5a196bd741d0d5ba7a23822c696f3c0443d41651a2a7b04f41a6
post_step_13_20p9s,13.0,20.9,790,0.013652654676843354,0.006231357432763218,0.012147640275801687,0.4564209364595148,0.8897639736252639,0.7916799287614193,0.013141015846990914,0.019938803930677967,0.8714165750256405,0.0,0.0,0.024455736634407244,0.031614252551492375,predictive_alpha,31002,step_change,3,41018,scn3_env41018,52569e8e646d5a196bd741d0d5ba7a23822c696f3c0443d41651a2a7b04f41a6
startup_0_3s,0.0,3.0,300,0.13195670123975256,0.13013540839798798,0.021848260415103855,0.9861977995459627,0.16557143524986792,0.0274139001707012,0.1046901751285312,0.26200757022136173,0.9884643062430954,0.0,0.0,0.0434542199687351,0.04954692479908196,predictive_alpha,31003,step_change,3,41018,scn3_env41018,52569e8e646d5a196bd741d0d5ba7a23822c696f3c0443d41651a2a7b04f41a6
pre_step_3_10s,3.0,10.0,700,0.009826190870417133,0.007351834461309711,0.0065195519075599,0.7481876302080847,0.6634872040993783,0.4402152700036101,0.008448186996599466,0.032407379832436835,1.0,0.03642857142857143,0.11,0.021806283282435907,0.030029478428485044,predictive_alpha,31003,step_change,3,41018,scn3_env41018,52569e8e646d5a196bd741d0d5ba7a23822c696f3c0443d41651a2a7b04f41a6
step_recovery_10_13s,10.0,13.0,300,0.015176957136493757,0.009128603744736048,0.012124711196336171,0.6014778629627846,0.7988894669262584,0.6382243803657214,0.014696282055220358,0.03288562089995486,1.0,0.0022222222222222222,0.006666666666666667,0.041521341313558495,0.04215703629499117,predictive_alpha,31003,step_change,3,41018,scn3_env41018,52569e8e646d5a196bd741d0d5ba7a23822c696f3c0443d41651a2a7b04f41a6
post_step_13_20p9s,13.0,20.9,790,0.01365248687042139,0.006231318038312642,0.012147471887286996,0.4564236609385078,0.8897625760479533,0.7916774417354898,0.01314096781650489,0.01994410348069289,0.8713731902333851,0.0,0.0,0.02443759687818655,0.031588043992909126,predictive_alpha,31003,step_change,3,41018,scn3_env41018,52569e8e646d5a196bd741d0d5ba7a23822c696f3c0443d41651a2a7b04f41a6
startup_0_3s,0.0,3.0,300,0.13275257859514156,0.13077203410622223,0.022845617071558466,0.9850809339458525,0.17209170106767752,0.02961555357636688,0.1035289648944773,0.2630540067929273,0.9884643062430954,0.0,0.0,0.04557771286441404,0.052391989435402214,predictive_alpha,31004,step_change,3,41018,scn3_env41018,52569e8e646d5a196bd741d0d5ba7a23822c696f3c0443d41651a2a7b04f41a6
pre_step_3_10s,3.0,10.0,700,0.009617388219361315,0.007025381871831994,0.006567965112334582,0.7304874994740044,0.6829260670908798,0.4663880131122168,0.008276266295979565,0.03296232298290662,1.0,0.035,0.10571428571428572,0.02183399349724436,0.03010268608587079,predictive_alpha,31004,step_change,3,41018,scn3_env41018,52569e8e646d5a196bd741d0d5ba7a23822c696f3c0443d41651a2a7b04f41a6
step_recovery_10_13s,10.0,13.0,300,0.015265871199081538,0.009259395031360113,0.012137150700233183,0.6065421953721972,0.7950512972337542,0.6321065652330754,0.01476976178226686,0.03341993498463828,1.0,0.0022222222222222222,0.006666666666666667,0.041614194289680925,0.04248641583025241,predictive_alpha,31004,step_change,3,41018,scn3_env41018,52569e8e646d5a196bd741d0d5ba7a23822c696f3c0443d41651a2a7b04f41a6
post_step_13_20p9s,13.0,20.9,790,0.013652369669120862,0.006232478655885351,0.012146744723845347,0.4565125913622209,0.8897169515794053,0.7915962539277498,0.013141094168263782,0.019939161234354637,0.8708314680232079,0.0,0.0,0.024442397741492043,0.03159341681661548,predictive_alpha,31004,step_change,3,41018,scn3_env41018,52569e8e646d5a196bd741d0d5ba7a23822c696f3c0443d41651a2a7b04f41a6
startup_0_3s,0.0,3.0,300,0.2681363069438927,0.26554336789018557,0.037199447187384695,0.9903297726322094,0.1387333465257603,0.01924694143823669,0.2585818936608125,0.35954075589150813,0.9999999999999999,0.0011111111111111111,0.006666666666666667,0.061566420698368915,0.07904749845634375,real10kg_smc_steady,,step_change,3,41019,scn3_env41019,e00f5398dd3f13ba1051f5cf4dab1d2d1965df2c45fda18e7166864a2cc40461
pre_step_3_10s,3.0,10.0,700,0.12152158053168856,0.1211087376710003,0.010008406199615235,0.9966027197895061,0.08235908515858542,0.006783018908159126,0.11379317581398975,0.21835446858318272,1.0,0.026904761904761904,0.08285714285714285,0.05753067208371657,0.09964042998004816,real10kg_smc_steady,,step_change,3,41019,scn3_env41019,e00f5398dd3f13ba1051f5cf4dab1d2d1965df2c45fda18e7166864a2cc40461
step_recovery_10_13s,10.0,13.0,300,0.05994795209392226,0.05559058361400624,0.02243755721350653,0.9273141395541052,0.3742839651695346,0.14008848658302941,0.057476506958313515,0.0850257601873355,1.0,0.0022222222222222222,0.006666666666666667,0.06565087142864635,0.09735781923604352,real10kg_smc_steady,,step_change,3,41019,scn3_env41019,e00f5398dd3f13ba1051f5cf4dab1d2d1965df2c45fda18e7166864a2cc40461
post_step_13_20p9s,13.0,20.9,790,0.10841489884230186,0.10675008200063327,0.018926444035914928,0.9846440216294422,0.17457419817773343,0.030476150669398547,0.1057797915677754,0.14686423841321472,0.8634036840426668,0.0,0.0,0.06546686110507821,0.1125712054323359,real10kg_smc_steady,,step_change,3,41019,scn3_env41019,e00f5398dd3f13ba1051f5cf4dab1d2d1965df2c45fda18e7166864a2cc40461
startup_0_3s,0.0,3.0,300,0.1545424833253309,0.15298895132301513,0.021857720042225245,0.989947540838687,0.14143502532059135,0.020003866387436318,0.1322989645305418,0.2532758963100865,1.0,0.021111111111111112,0.05333333333333334,0.047355932376004536,0.02806059888697725,real10kg_mpc_ltv_v3,,step_change,3,41019,scn3_env41019,e00f5398dd3f13ba1051f5cf4dab1d2d1965df2c45fda18e7166864a2cc40461
pre_step_3_10s,3.0,10.0,700,0.009692552227881221,0.0069196679664726415,0.006787029094086572,0.7139159845399432,0.7002313667769843,0.49032396701836356,0.008389627911490704,0.030690383871018165,1.0,0.03833333333333333,0.11571428571428571,0.018878634971833952,0.023939050385881913,real10kg_mpc_ltv_v3,,step_change,3,41019,scn3_env41019,e00f5398dd3f13ba1051f5cf4dab1d2d1965df2c45fda18e7166864a2cc40461
step_recovery_10_13s,10.0,13.0,300,0.015194859011357571,0.008395965486328111,0.012664576737002371,0.5525530365271867,0.833477739249577,0.6946851418245859,0.014855701928562733,0.031122127626666152,0.999999547693846,0.0022222222222222222,0.006666666666666667,0.0396232925421129,0.0380747350353451,real10kg_mpc_ltv_v3,,step_change,3,41019,scn3_env41019,e00f5398dd3f13ba1051f5cf4dab1d2d1965df2c45fda18e7166864a2cc40461
post_step_13_20p9s,13.0,20.9,790,0.01446299783950697,0.006428388808310478,0.012955852879481606,0.4444713938040397,0.8957930453457953,0.8024451800898942,0.013940089001387384,0.02110593066182794,0.8675105555107441,0.0,0.0,0.021476024955977304,0.025673807112535273,real10kg_mpc_ltv_v3,,step_change,3,41019,scn3_env41019,e00f5398dd3f13ba1051f5cf4dab1d2d1965df2c45fda18e7166864a2cc40461
startup_0_3s,0.0,3.0,300,0.14163641885566858,0.1390556218352985,0.026914850589532312,0.9817787187700644,0.19002775421030157,0.036110547370210785,0.1106573888297361,0.2806177789545053,0.9999999861317038,0.0011111111111111111,0.006666666666666667,0.04611587578678246,0.05572560570108431,predictive_alpha,31000,step_change,3,41019,scn3_env41019,e00f5398dd3f13ba1051f5cf4dab1d2d1965df2c45fda18e7166864a2cc40461
pre_step_3_10s,3.0,10.0,700,0.00941599227890519,0.006301205591678218,0.006996836334216009,0.6692025019811154,0.7430800840704959,0.5521680113422153,0.00815966708406282,0.031375443914879134,1.0,0.03833333333333333,0.11571428571428571,0.019898152317115034,0.025803089591022368,predictive_alpha,31000,step_change,3,41019,scn3_env41019,e00f5398dd3f13ba1051f5cf4dab1d2d1965df2c45fda18e7166864a2cc40461
step_recovery_10_13s,10.0,13.0,300,0.015376342075609194,0.008764533790070713,0.012633876802820989,0.5700012231110222,0.821643843555064,0.6750986056519386,0.014976539511842878,0.031853536368854955,0.999999358705282,0.0022222222222222222,0.006666666666666667,0.04014374201553221,0.03944758039735111,predictive_alpha,31000,step_change,3,41019,scn3_env41019,e00f5398dd3f13ba1051f5cf4dab1d2d1965df2c45fda18e7166864a2cc40461
post_step_13_20p9s,13.0,20.9,790,0.014322921660389495,0.006339071693773265,0.012843763270586122,0.4425823057668586,0.8967278866089149,0.804120902622091,0.013806579684725092,0.02087834534679536,0.8678525069481149,0.0,0.0,0.021999092621941562,0.026650535824143926,predictive_alpha,31000,step_change,3,41019,scn3_env41019,e00f5398dd3f13ba1051f5cf4dab1d2d1965df2c45fda18e7166864a2cc40461
startup_0_3s,0.0,3.0,300,0.14167478497463917,0.13907921376304094,0.026994758688764053,0.9816793707358521,0.1905403187560603,0.036305613071661066,0.11094281949705218,0.2791556152509109,0.9999999861317038,0.0011111111111111111,0.006666666666666667,0.045756181898942413,0.05518581672117025,predictive_alpha,31001,step_change,3,41019,scn3_env41019,e00f5398dd3f13ba1051f5cf4dab1d2d1965df2c45fda18e7166864a2cc40461
pre_step_3_10s,3.0,10.0,700,0.009497878823802377,0.0064261709410957405,0.0069938565318034855,0.6765901166259658,0.7363598400809632,0.5422258140840618,0.008221033060009203,0.031433865292040994,1.0,0.03833333333333333,0.11571428571428571,0.01992738821881965,0.025872258971920442,predictive_alpha,31001,step_change,3,41019,scn3_env41019,e00f5398dd3f13ba1051f5cf4dab1d2d1965df2c45fda18e7166864a2cc40461
step_recovery_10_13s,10.0,13.0,300,0.015401798576051909,0.00878209260700359,0.012652677535576709,0.5701991597694812,0.8215064930955676,0.6748729181981777,0.015002004975839759,0.03191058783244068,0.9999993604751324,0.0022222222222222222,0.006666666666666667,0.04028423835488989,0.039685769874825645,predictive_alpha,31001,step_change,3,41019,scn3_env41019,e00f5398dd3f13ba1051f5cf4dab1d2d1965df2c45fda18e7166864a2cc40461
post_step_13_20p9s,13.0,20.9,790,0.014323237220267359,0.006338413162392819,0.012844440161052472,0.4425265786580686,0.8967553887104243,0.8041702271811841,0.013806862037159556,0.02088181721663025,0.8678526417379281,0.0,0.0,0.022005827668428603,0.02667295587091701,predictive_alpha,31001,step_change,3,41019,scn3_env41019,e00f5398dd3f13ba1051f5cf4dab1d2d1965df2c45fda18e7166864a2cc40461
startup_0_3s,0.0,3.0,300,0.13749055510905583,0.13518906323479943,0.02505134579007109,0.9832607274555631,0.1822041213681963,0.033198341843556405,0.10762663364610627,0.27840312709641307,0.9999999861317038,0.0011111111111111111,0.006666666666666667,0.045620367477167224,0.05428571644819475,predictive_alpha,31002,step_change,3,41019,scn3_env41019,e00f5398dd3f13ba1051f5cf4dab1d2d1965df2c45fda18e7166864a2cc40461
pre_step_3_10s,3.0,10.0,700,0.009676652225455268,0.00678856362058064,0.006895868492201506,0.7015405186023672,0.7126295676991811,0.5078409007591217,0.008359760610360648,0.03152570540140197,1.0,0.03833333333333333,0.11571428571428571,0.01996096364928476,0.025968207769418838,predictive_alpha,31002,step_change,3,41019,scn3_env41019,e00f5398dd3f13ba1051f5cf4dab1d2d1965df2c45fda18e7166864a2cc40461
step_recovery_10_13s,10.0,13.0,300,0.015414430201464305,0.008839035008392233,0.012628385429508851,0.5734259971252498,0.8192573623843201,0.6711826258209133,0.015001069250273532,0.032009492675109996,0.99999935398763,0.0022222222222222222,0.006666666666666667,0.04009726386093003,0.03926667608369481,predictive_alpha,31002,step_change,3,41019,scn3_env41019,e00f5398dd3f13ba1051f5cf4dab1d2d1965df2c45fda18e7166864a2cc40461
post_step_13_20p9s,13.0,20.9,790,0.014323462125560392,0.006337708001314064,0.012845038908171617,0.44247039896899976,0.8967831098076134,0.804219946036214,0.01380694367306226,0.020881378559488743,0.8680465161669978,0.0,0.0,0.02199855189753687,0.026650525347482832,predictive_alpha,31002,step_change,3,41019,scn3_env41019,e00f5398dd3f13ba1051f5cf4dab1d2d1965df2c45fda18e7166864a2cc40461
startup_0_3s,0.0,3.0,300,0.13871110252820176,0.13672060472632097,0.02341465797013468,0.9856500469998348,0.1688016138821633,0.028493984849222945,0.10918318330535044,0.27865814354030294,0.9999999861317038,0.0011111111111111111,0.006666666666666667,0.04186909060483577,0.04801728792280962,predictive_alpha,31003,step_change,3,41019,scn3_env41019,e00f5398dd3f13ba1051f5cf4dab1d2d1965df2c45fda18e7166864a2cc40461
pre_step_3_10s,3.0,10.0,700,0.009936428637742207,0.0072343856554171046,0.006811481355890118,0.7280669865567443,0.6855059905545549,0.4699184630861815,0.008557391185555784,0.031468726982426365,1.0,0.03833333333333333,0.11571428571428571,0.020021804478146384,0.026077684978486157,predictive_alpha,31003,step_change,3,41019,scn3_env41019,e00f5398dd3f13ba1051f5cf4dab1d2d1965df2c45fda18e7166864a2cc40461
step_recovery_10_13s,10.0,13.0,300,0.015453572895947041,0.008875843585187124,0.012650387974352473,0.5743554351443841,0.8186060310797284,0.6701158341201053,0.01503137814694052,0.03197115971298223,0.9999993617201719,0.0022222222222222222,0.006666666666666667,0.04005076808774547,0.03932340141771061,predictive_alpha,31003,step_change,3,41019,scn3_env41019,e00f5398dd3f13ba1051f5cf4dab1d2d1965df2c45fda18e7166864a2cc40461
post_step_13_20p9s,13.0,20.9,790,0.014322430965527617,0.006338323123855596,0.012843585509502469,0.44254520333253367,0.8967461976542563,0.8041537430073665,0.01380611084956839,0.02088630567920052,0.8678665462418159,0.0,0.0,0.02196396066249628,0.026592050679109594,predictive_alpha,31003,step_change,3,41019,scn3_env41019,e00f5398dd3f13ba1051f5cf4dab1d2d1965df2c45fda18e7166864a2cc40461
startup_0_3s,0.0,3.0,300,0.14000922595977716,0.1378758119674655,0.02434838450838234,0.984762332784237,0.1739055718755085,0.030243147929347663,0.10886918119636652,0.279388654793704,0.9999999861317038,0.0011111111111111111,0.006666666666666667,0.043685332675338154,0.050422469634562095,predictive_alpha,31004,step_change,3,41019,scn3_env41019,e00f5398dd3f13ba1051f5cf4dab1d2d1965df2c45fda18e7166864a2cc40461
pre_step_3_10s,3.0,10.0,700,0.009760468022570372,0.006944925077041333,0.006858188659835862,0.7115360719364787,0.7026495700797133,0.49371641833320595,0.008423556446974916,0.031868492107375315,1.0,0.03833333333333333,0.11571428571428571,0.019993999140688876,0.026065824129504655,predictive_alpha,31004,step_change,3,41019,scn3_env41019,e00f5398dd3f13ba1051f5cf4dab1d2d1965df2c45fda18e7166864a2cc40461
step_recovery_10_13s,10.0,13.0,300,0.015501203601501558,0.008936733756274537,0.012665784731498798,0.5765187004839327,0.8170839540661151,0.6676261879923173,0.015076446174299533,0.032348831696233926,0.9999993520042824,0.0022222222222222222,0.006666666666666667,0.0403321017385924,0.039818025899320625,predictive_alpha,31004,step_change,3,41019,scn3_env41019,e00f5398dd3f13ba1051f5cf4dab1d2d1965df2c45fda18e7166864a2cc40461
post_step_13_20p9s,13.0,20.9,790,0.014323660783811193,0.006338953831679198,0.012844645677072228,0.44255123933426116,0.8967432188557154,0.8041484005637094,0.013807382182231626,0.020879078504842104,0.8678547249481535,0.0,0.0,0.022021842003757477,0.026699406215817307,predictive_alpha,31004,step_change,3,41019,scn3_env41019,e00f5398dd3f13ba1051f5cf4dab1d2d1965df2c45fda18e7166864a2cc40461
