split,episode_uid,family,behavior,scenario_id,step,ensemble_cost_std_mean,scorer,spearman,top1_correct,regret,true_best_alpha,predicted_best_alpha,true_best_cost,true_worst_cost,predicted_cost_spread
val,scn1_structured_env22000,structured,constant_alpha,1,7,,physics_persistence,1.0,1.0,0.0,1.0,1.0,1.609209826588102,1.6375399820818701,0.02846504882931855
val,scn1_structured_env22000,structured,constant_alpha,1,7,,wm,1.0,1.0,0.0,1.0,1.0,1.609209826588102,1.6375399820818701,0.027764646299915707
val,scn1_structured_env22000,structured,constant_alpha,1,272,,physics_persistence,1.0,1.0,0.0,1.0,1.0,1.2126233578209733,1.2628005658812111,0.05041852674581082
val,scn1_structured_env22000,structured,constant_alpha,1,272,,wm,1.0,1.0,0.0,1.0,1.0,1.2126233578209733,1.2628005658812111,0.051078678032920655
val,scn1_structured_env22000,structured,constant_alpha,1,452,,physics_persistence,1.0,1.0,0.0,1.0,1.0,0.1467455375672692,0.16244241743375515,0.01563601852383925
val,scn1_structured_env22000,structured,constant_alpha,1,452,,wm,1.0,1.0,0.0,1.0,1.0,0.1467455375672692,0.16244241743375515,0.015576307918806709
val,scn1_structured_env22000,structured,constant_alpha,1,632,,physics_persistence,1.0,1.0,0.0,1.0,1.0,0.09943325790419111,0.11516013657737656,0.01562740931577776
val,scn1_structured_env22000,structured,constant_alpha,1,632,,wm,1.0,1.0,0.0,1.0,1.0,0.09943325790419111,0.11516013657737656,0.015586032875434377
val,scn1_structured_env22000,structured,constant_alpha,1,813,,physics_persistence,1.0,1.0,0.0,1.0,1.0,0.6416860273217634,0.7042131462951053,0.06448064857946656
val,scn1_structured_env22000,structured,constant_alpha,1,813,,wm,1.0,1.0,0.0,1.0,1.0,0.6416860273217634,0.7042131462951053,0.06575079960541863
val,scn1_structured_env22000,structured,constant_alpha,1,994,,physics_persistence,1.0,1.0,0.0,1.0,1.0,0.09407296491506166,0.10065155858973908,0.00778164661727529
val,scn1_structured_env22000,structured,constant_alpha,1,994,,wm,1.0,1.0,0.0,1.0,1.0,0.09407296491506166,0.10065155858973908,0.00794094443022679
val,scn1_structured_env22000,structured,constant_alpha,1,1174,,physics_persistence,1.0,1.0,0.0,0.0,0.0,0.3363217558493447,0.3483986355459382,0.010665610849548923
val,scn1_structured_env22000,structured,constant_alpha,1,1174,,wm,1.0,1.0,0.0,0.0,0.0,0.3363217558493447,0.3483986355459382,0.0072219827158100935
val,scn1_structured_env22000,structured,constant_alpha,1,1359,,physics_persistence,0.990909090909091,0.0,0.005308862130794524,1.0,0.9,0.6033262848659317,0.6443215479759956,0.03674271626298076
val,scn1_structured_env22000,structured,constant_alpha,1,1359,,wm,0.990909090909091,0.0,0.005308862130794524,1.0,0.9,0.6033262848659317,0.6443215479759956,0.03666905880026339
val,scn1_structured_env22000,structured,constant_alpha,1,1539,,physics_persistence,1.0,1.0,0.0,1.0,1.0,0.1212833065355604,0.1335933638417759,0.011352884958156048
val,scn1_structured_env22000,structured,constant_alpha,1,1539,,wm,1.0,1.0,0.0,1.0,1.0,0.1212833065355604,0.1335933638417759,0.011483506423645429
val,scn1_structured_env22000,structured,constant_alpha,1,1719,,physics_persistence,1.0,1.0,0.0,1.0,1.0,0.12198315878491077,0.13916213590364745,0.017730090764311993
val,scn1_structured_env22000,structured,constant_alpha,1,1719,,wm,1.0,1.0,0.0,1.0,1.0,0.12198315878491077,0.13916213590364745,0.018346192901116665
val,scn1_structured_env22000,structured,constant_alpha,1,1900,,physics_persistence,0.990909090909091,1.0,0.0,0.9,0.9,0.7390585929262976,0.7925287173562863,0.053867380268715515
val,scn1_structured_env22000,structured,constant_alpha,1,1900,,wm,0.990909090909091,1.0,0.0,0.9,0.9,0.7390585929262976,0.7925287173562863,0.05407468314709174
val,scn1_structured_env22000,structured,constant_alpha,1,2080,,physics_persistence,1.0,1.0,0.0,1.0,1.0,0.03272062327347719,0.03834513309927625,0.005359643708330621
val,scn1_structured_env22000,structured,constant_alpha,1,2080,,wm,1.0,1.0,0.0,1.0,1.0,0.03272062327347719,0.03834513309927625,0.005237051768545262
val,scn1_structured_env22000,structured,constant_alpha,1,6,,physics_persistence,1.0,1.0,0.0,0.9,0.9,1.5798464429351973,1.603299380724872,0.02367139312210753
val,scn1_structured_env22000,structured,constant_alpha,1,6,,wm,1.0,1.0,0.0,0.9,0.9,1.5798464429351973,1.603299380724872,0.02332017590675073
val,scn1_structured_env22000,structured,constant_alpha,1,627,,physics_persistence,1.0,1.0,0.0,1.0,1.0,0.0031447349369124827,0.0065717507309059385,0.003206234521513865
val,scn1_structured_env22000,structured,constant_alpha,1,627,,wm,1.0,1.0,0.0,1.0,1.0,0.0031447349369124827,0.0065717507309059385,0.0034459451273142383
val,scn1_structured_env22000,structured,constant_alpha,1,1175,,physics_persistence,1.0,1.0,0.0,0.0,0.0,0.10385337670933077,0.11163652123552016,0.007310791268623662
val,scn1_structured_env22000,structured,constant_alpha,1,1175,,wm,1.0,1.0,0.0,0.0,0.0,0.10385337670933077,0.11163652123552016,0.0069189709239693
val,scn1_structured_env22000,structured,constant_alpha,1,1722,,physics_persistence,1.0,1.0,0.0,1.0,1.0,0.007927225061046627,0.013485315979956926,0.005569890347265462
val,scn1_structured_env22000,structured,constant_alpha,1,1722,,wm,1.0,1.0,0.0,1.0,1.0,0.007927225061046627,0.013485315979956926,0.0058595887470424685
val,scn1_structured_env22000,structured,constant_alpha,1,261,,physics_persistence,0.9,0.0,0.04787107262945122,0.6,0.5,0.01938016239412791,0.02009514137193991,0.0005658040905743081
val,scn1_structured_env22000,structured,constant_alpha,1,261,,wm,0.9636363636363637,1.0,0.0,0.6,0.6,0.01938016239412791,0.02009514137193991,0.0006127039136029945
val,scn1_structured_env22000,structured,constant_alpha,1,806,,physics_persistence,0.990909090909091,0.0,0.0050069367740151905,0.9,1.0,0.0005702634002672056,0.0018721307267284453,0.001299630394403208
val,scn1_structured_env22000,structured,constant_alpha,1,806,,wm,0.990909090909091,0.0,0.0050069367740151905,0.9,1.0,0.0005702634002672056,0.0018721307267284453,0.0013462508014432247
val,scn1_structured_env22000,structured,constant_alpha,1,1355,,physics_persistence,1.0,1.0,0.0,1.0,1.0,0.002721453345874047,0.00603700731148586,0.0031798036046798137
val,scn1_structured_env22000,structured,constant_alpha,1,1355,,wm,1.0,1.0,0.0,1.0,1.0,0.002721453345874047,0.00603700731148586,0.0032557965663962823
val,scn1_structured_env22000,structured,constant_alpha,1,1901,,physics_persistence,1.0,1.0,0.0,1.0,1.0,0.0015225361555108409,0.002738597730127555,0.0011856153891825522
val,scn1_structured_env22000,structured,constant_alpha,1,1901,,wm,1.0,1.0,0.0,1.0,1.0,0.0015225361555108409,0.002738597730127555,0.001213304937696873
val,scn1_structured_env22000,structured,transformer,1,436,,physics_persistence,1.0,1.0,0.0,1.0,1.0,0.0013133049863391713,0.0021038218707136055,0.0006790847465145973
val,scn1_structured_env22000,structured,transformer,1,436,,wm,1.0,1.0,0.0,1.0,1.0,0.0013133049863391713,0.0021038218707136055,0.0007951479576970874
val,scn1_structured_env22000,structured,transformer,1,982,,physics_persistence,0.990909090909091,1.0,0.0,0.0,0.0,0.017536751992541805,0.01790668448977118,0.00028980912474974377
val,scn1_structured_env22000,structured,transformer,1,982,,wm,0.990909090909091,1.0,0.0,0.0,0.0,0.017536751992541805,0.01790668448977118,0.0003567140539360754
val,scn1_structured_env22000,structured,transformer,1,1535,,physics_persistence,1.0,1.0,0.0,1.0,1.0,0.0042196262603264815,0.004957453789647306,0.0006308298862618108
val,scn1_structured_env22000,structured,transformer,1,1535,,wm,1.0,1.0,0.0,1.0,1.0,0.0042196262603264815,0.004957453789647306,0.0006819099950883247
val,scn1_structured_env22000,structured,transformer,1,2080,,physics_persistence,1.0,1.0,0.0,1.0,1.0,0.002927619442467111,0.003097341585024588,3.63023741562947e-05
val,scn1_structured_env22000,structured,transformer,1,2080,,wm,1.0,1.0,0.0,1.0,1.0,0.002927619442467111,0.003097341585024588,5.538842588337974e-05
val,scn2_structured_env22000,structured,constant_alpha,2,5,,physics_persistence,0.990909090909091,1.0,0.0,0.9,0.9,1.5494516371125218,1.570521067181063,0.01766326328088863
val,scn2_structured_env22000,structured,constant_alpha,2,5,,wm,0.9545454545454546,0.0,0.021923430121384268,0.9,0.8,1.5494516371125218,1.570521067181063,0.01758360947426363
val,scn2_structured_env22000,structured,constant_alpha,2,589,,physics_persistence,1.0,1.0,0.0,1.0,1.0,0.07131504964506458,0.08374741954060637,0.012444205058135621
val,scn2_structured_env22000,structured,constant_alpha,2,589,,wm,1.0,1.0,0.0,1.0,1.0,0.07131504964506458,0.08374741954060637,0.013031288066487637
val,scn2_structured_env22000,structured,constant_alpha,2,1142,,physics_persistence,0.27272727272727276,0.0,0.12988466770194235,0.6,0.2,0.019583473775397653,0.019739473470413986,0.00020965571221596285
val,scn2_structured_env22000,structured,constant_alpha,2,1142,,wm,0.8363636363636365,0.0,0.0018843658144107674,0.6,0.7,0.019583473775397653,0.019739473470413986,0.00010254639590698972
val,scn2_structured_env22000,structured,constant_alpha,2,1688,,physics_persistence,1.0,1.0,0.0,1.0,1.0,0.44460526392811095,0.480329590249766,0.036034014438296125
val,scn2_structured_env22000,structured,constant_alpha,2,1688,,wm,1.0,1.0,0.0,1.0,1.0,0.44460526392811095,0.480329590249766,0.03696241698987318
val,scn2_structured_env22000,structured,constant_alpha,2,238,,physics_persistence,1.0,1.0,0.0,0.1,0.1,0.05138163268444027,0.054657766062388445,0.003189029700547366
val,scn2_structured_env22000,structured,constant_alpha,2,238,,wm,1.0,1.0,0.0,0.1,0.1,0.05138163268444027,0.054657766062388445,0.003071629072830019
val,scn2_structured_env22000,structured,constant_alpha,2,790,,physics_persistence,1.0,1.0,0.0,1.0,1.0,0.05719093064472723,0.06966746674161862,0.012051909387186206
val,scn2_structured_env22000,structured,constant_alpha,2,790,,wm,1.0,1.0,0.0,1.0,1.0,0.05719093064472723,0.06966746674161862,0.012154382407027563
val,scn2_structured_env22000,structured,constant_alpha,2,1336,,physics_persistence,1.0,1.0,0.0,1.0,1.0,0.012220796227259812,0.02326314076803145,0.011045793257856491
val,scn2_structured_env22000,structured,constant_alpha,2,1336,,wm,1.0,1.0,0.0,1.0,1.0,0.012220796227259812,0.02326314076803145,0.011072962561696929
val,scn2_structured_env22000,structured,constant_alpha,2,1883,,physics_persistence,1.0,1.0,0.0,1.0,1.0,0.00880065861161796,0.016196958425709167,0.007380827271152522
val,scn2_structured_env22000,structured,constant_alpha,2,1883,,wm,1.0,1.0,0.0,1.0,1.0,0.00880065861161796,0.016196958425709167,0.007461827309983498
val,scn2_structured_env22000,structured,constant_alpha,2,435,,physics_persistence,0.9636363636363637,0.0,0.0025770529857466495,0.6,0.7,0.0015070999144851922,0.0017993649897215943,0.00024278959994980661
val,scn2_structured_env22000,structured,constant_alpha,2,435,,wm,1.0,1.0,0.0,0.6,0.6,0.0015070999144851922,0.0017993649897215943,0.0002619246565073953
val,scn2_structured_env22000,structured,constant_alpha,2,986,,physics_persistence,1.0,1.0,0.0,0.0,0.0,0.06705780406879375,0.0674412652911843,0.000322010893167482
val,scn2_structured_env22000,structured,constant_alpha,2,986,,wm,1.0,1.0,0.0,0.0,0.0,0.06705780406879375,0.0674412652911843,0.0005593294009114541
val,scn2_structured_env22000,structured,constant_alpha,2,1532,,physics_persistence,1.0,1.0,0.0,1.0,1.0,0.003302775304183955,0.003973883359490099,0.000889312065860009
val,scn2_structured_env22000,structured,constant_alpha,2,1532,,wm,1.0,1.0,0.0,1.0,1.0,0.003302775304183955,0.003973883359490099,0.0008871914343378585
val,scn2_structured_env22000,structured,constant_alpha,2,2080,,physics_persistence,1.0,1.0,0.0,0.0,0.0,1.149258327866282,1.1494280785571822,0.0003013464042540548
val,scn2_structured_env22000,structured,constant_alpha,2,2080,,wm,1.0,1.0,0.0,0.0,0.0,1.149258327866282,1.1494280785571822,0.0005591889492881918
val,scn3_structured_env22000,structured,constant_alpha,3,1,,physics_persistence,0.9818181818181818,0.0,0.0047131982445002725,0.5,0.6,1.4270112435892282,1.4370198494834978,0.009758763290791617
val,scn3_structured_env22000,structured,constant_alpha,3,1,,wm,1.0,1.0,0.0,0.5,0.5,1.4270112435892282,1.4370198494834978,0.009293586537487464
val,scn3_structured_env22000,structured,constant_alpha,3,264,,physics_persistence,1.0,1.0,0.0,0.9,0.9,1.2970171085924336,1.3394355883735383,0.042922745068645796
val,scn3_structured_env22000,structured,constant_alpha,3,264,,wm,0.990909090909091,1.0,0.0,0.9,0.9,1.2970171085924336,1.3394355883735383,0.043730832254525565
val,scn3_structured_env22000,structured,constant_alpha,3,446,,physics_persistence,1.0,1.0,0.0,1.0,1.0,0.15395409398697607,0.16875671610715956,0.015821657202386263
val,scn3_structured_env22000,structured,constant_alpha,3,446,,wm,1.0,1.0,0.0,1.0,1.0,0.15395409398697607,0.16875671610715956,0.016376208481170412
val,scn3_structured_env22000,structured,constant_alpha,3,627,,physics_persistence,1.0,1.0,0.0,1.0,1.0,0.09702081579367887,0.11256924005304952,0.014941260866782352
val,scn3_structured_env22000,structured,constant_alpha,3,627,,wm,1.0,1.0,0.0,1.0,1.0,0.09702081579367887,0.11256924005304952,0.014821559753052868
val,scn3_structured_env22000,structured,constant_alpha,3,808,,physics_persistence,1.0,1.0,0.0,1.0,1.0,0.6160892523825447,0.680019305446366,0.06634895586825817
val,scn3_structured_env22000,structured,constant_alpha,3,808,,wm,1.0,1.0,0.0,1.0,1.0,0.6160892523825447,0.680019305446366,0.06619658510428583
val,scn3_structured_env22000,structured,constant_alpha,3,990,,physics_persistence,0.9363636363636365,0.0,0.022912110794899607,0.8,1.0,0.09209914092284001,0.11478846274944582,0.007705410089388895
val,scn3_structured_env22000,structured,constant_alpha,3,990,,wm,1.0,1.0,0.0,0.8,0.8,0.09209914092284001,0.11478846274944582,0.0036128590213379552
val,scn3_structured_env22000,structured,constant_alpha,3,1172,,physics_persistence,1.0,1.0,0.0,1.0,1.0,0.04589878999957109,0.049937589570457075,0.004180784630555177
val,scn3_structured_env22000,structured,constant_alpha,3,1172,,wm,1.0,1.0,0.0,1.0,1.0,0.04589878999957109,0.049937589570457075,0.00406588670632764
val,scn3_structured_env22000,structured,constant_alpha,3,1354,,physics_persistence,1.0,1.0,0.0,0.8,0.8,0.21493457845354755,0.23724497702429737,0.02278880780948736
val,scn3_structured_env22000,structured,constant_alpha,3,1354,,wm,1.0,1.0,0.0,0.8,0.8,0.21493457845354755,0.23724497702429737,0.021986923627816263
val,scn3_structured_env22000,structured,constant_alpha,3,1536,,physics_persistence,1.0,1.0,0.0,1.0,1.0,0.40802539588515946,0.445908283249791,0.03875864728792244
val,scn3_structured_env22000,structured,constant_alpha,3,1536,,wm,1.0,1.0,0.0,1.0,1.0,0.40802539588515946,0.445908283249791,0.03938260925031695
val,scn3_structured_env22000,structured,constant_alpha,3,1718,,physics_persistence,1.0,1.0,0.0,0.9,0.9,0.23628341284979162,0.2600055497835222,0.025349902429064014
val,scn3_structured_env22000,structured,constant_alpha,3,1718,,wm,1.0,1.0,0.0,0.9,0.9,0.23628341284979162,0.2600055497835222,0.026129430928305414
val,scn3_structured_env22000,structured,constant_alpha,3,1899,,physics_persistence,1.0,1.0,0.0,0.9,0.9,0.18825948784272312,0.20662789603132853,0.017984959014200635
val,scn3_structured_env22000,structured,constant_alpha,3,1899,,wm,0.990909090909091,1.0,0.0,0.9,0.9,0.18825948784272312,0.20662789603132853,0.01835949404515383
val,scn3_structured_env22000,structured,constant_alpha,3,2080,,physics_persistence,1.0,1.0,0.0,1.0,1.0,0.021685171676424524,0.0243231512156421,0.0023194621658739617
val,scn3_structured_env22000,structured,constant_alpha,3,2080,,wm,1.0,1.0,0.0,1.0,1.0,0.021685171676424524,0.0243231512156421,0.0024118052525423997
val,scn2_structured_env22000,structured,transformer,2,2,,physics_persistence,0.990909090909091,0.0,0.002720662369097394,0.7,0.5,1.4553897193338878,1.4644128644575354,0.008268972261020968
val,scn2_structured_env22000,structured,transformer,2,2,,wm,0.9636363636363637,0.0,0.002720662369097394,0.7,0.5,1.4553897193338878,1.4644128644575354,0.008602787099697196
val,scn2_structured_env22000,structured,transformer,2,265,,physics_persistence,1.0,1.0,0.0,1.0,1.0,0.0236206520101951,0.029851177004357767,0.005674768104822234
val,scn2_structured_env22000,structured,transformer,2,265,,wm,1.0,1.0,0.0,1.0,1.0,0.0236206520101951,0.029851177004357767,0.005793383521730099
val,scn2_structured_env22000,structured,transformer,2,447,,physics_persistence,1.0,1.0,0.0,0.8,0.8,0.0010906246912559053,0.0014977281159440205,0.000340677449803977
val,scn2_structured_env22000,structured,transformer,2,447,,wm,0.9818181818181818,1.0,0.0,0.8,0.8,0.0010906246912559053,0.0014977281159440205,0.0003742834400657692
val,scn2_structured_env22000,structured,transformer,2,628,,physics_persistence,0.9545454545454546,0.0,0.006642725024741914,0.5,0.6,0.002060262497980477,0.002172457798032428,0.00012000209699327552
val,scn2_structured_env22000,structured,transformer,2,628,,wm,0.9272727272727275,0.0,0.006642725024741914,0.5,0.6,0.002060262497980477,0.002172457798032428,0.00014386007697140017
val,scn2_structured_env22000,structured,transformer,2,809,,physics_persistence,1.0,1.0,0.0,1.0,1.0,0.0020605282180564356,0.0031662947034408473,0.0012386014163192807
val,scn2_structured_env22000,structured,transformer,2,809,,wm,1.0,1.0,0.0,1.0,1.0,0.0020605282180564356,0.0031662947034408473,0.0012007762104461592
val,scn2_structured_env22000,structured,transformer,2,990,,physics_persistence,0.4272727272727273,0.0,0.14835501172256726,0.5,0.3,0.06949363982831108,0.06958875544337616,0.0001795570088598819
val,scn2_structured_env22000,structured,transformer,2,990,,wm,0.08181818181818183,0.0,0.8208579537746186,0.5,0.0,0.06949363982831108,0.06958875544337616,0.0003713267803338721
val,scn2_structured_env22000,structured,transformer,2,1172,,physics_persistence,1.0,1.0,0.0,1.0,1.0,0.01129961254334657,0.01242227903550248,0.0009604745180785915
val,scn2_structured_env22000,structured,transformer,2,1172,,wm,1.0,1.0,0.0,1.0,1.0,0.01129961254334657,0.01242227903550248,0.001111722818257584
val,scn2_structured_env22000,structured,transformer,2,1353,,physics_persistence,1.0,1.0,0.0,1.0,1.0,0.0011942864122100358,0.003937209759084111,0.002515667348353922
val,scn2_structured_env22000,structured,transformer,2,1353,,wm,1.0,1.0,0.0,1.0,1.0,0.0011942864122100358,0.003937209759084111,0.002615258734313148
val,scn2_structured_env22000,structured,transformer,2,1534,,physics_persistence,1.0,1.0,0.0,1.0,1.0,0.003950446115158521,0.004867007701695705,0.0006231524408184261
val,scn2_structured_env22000,structured,transformer,2,1534,,wm,1.0,1.0,0.0,1.0,1.0,0.003950446115158521,0.004867007701695705,0.0006928429873156406
val,scn2_structured_env22000,structured,transformer,2,1716,,physics_persistence,1.0,1.0,0.0,1.0,1.0,0.0028801895693040857,0.004356744448833336,0.0013523205898320727
val,scn2_structured_env22000,structured,transformer,2,1716,,wm,1.0,1.0,0.0,1.0,1.0,0.0028801895693040857,0.004356744448833336,0.0013769654589426915
val,scn2_structured_env22000,structured,transformer,2,1898,,physics_persistence,1.0,1.0,0.0,1.0,1.0,0.0020890051695600714,0.0032319796565085986,0.0011376008465793022
val,scn2_structured_env22000,structured,transformer,2,1898,,wm,1.0,1.0,0.0,1.0,1.0,0.0020890051695600714,0.0032319796565085986,0.0010655823103668297
val,scn2_structured_env22000,structured,transformer,2,2080,,physics_persistence,1.0,1.0,0.0,0.0,0.0,1.15103019471985,1.151182095010534,0.0002806652993485592
val,scn2_structured_env22000,structured,transformer,2,2080,,wm,1.0,1.0,0.0,0.0,0.0,1.15103019471985,1.151182095010534,0.0005490339422207224
val,scn3_structured_env22000,structured,constant_alpha,3,5,,physics_persistence,1.0,1.0,0.0,0.9,0.9,1.5491216488077684,1.5688641203901195,0.01980130758185683
val,scn3_structured_env22000,structured,constant_alpha,3,5,,wm,1.0,1.0,0.0,0.9,0.9,1.5491216488077684,1.5688641203901195,0.019563348790095247
val,scn3_structured_env22000,structured,constant_alpha,3,447,,physics_persistence,1.0,1.0,0.0,1.0,1.0,0.005321455467101513,0.008483679443594667,0.003227411636736734
val,scn3_structured_env22000,structured,constant_alpha,3,447,,wm,1.0,1.0,0.0,1.0,1.0,0.005321455467101513,0.008483679443594667,0.003470295055716676
val,scn3_structured_env22000,structured,constant_alpha,3,814,,physics_persistence,1.0,1.0,0.0,1.0,1.0,0.007302294736401878,0.014993410624410373,0.007756600884618941
val,scn3_structured_env22000,structured,constant_alpha,3,814,,wm,1.0,1.0,0.0,1.0,1.0,0.007302294736401878,0.014993410624410373,0.00780955158311554
val,scn3_structured_env22000,structured,constant_alpha,3,1183,,physics_persistence,1.0,1.0,0.0,1.0,1.0,0.005731764064929768,0.0074812034241866976,0.0017633363626005979
val,scn3_structured_env22000,structured,constant_alpha,3,1183,,wm,1.0,1.0,0.0,1.0,1.0,0.005731764064929768,0.0074812034241866976,0.0018795672853547229
val,scn3_structured_env22000,structured,constant_alpha,3,1548,,physics_persistence,1.0,1.0,0.0,1.0,1.0,0.008442084398132843,0.011627477062441797,0.003181648231198108
val,scn3_structured_env22000,structured,constant_alpha,3,1548,,wm,1.0,1.0,0.0,1.0,1.0,0.008442084398132843,0.011627477062441797,0.0032234510237906105
val,scn3_structured_env22000,structured,constant_alpha,3,1914,,physics_persistence,1.0,1.0,0.0,1.0,1.0,0.006141523966583647,0.009730868940378189,0.0037763546509682186
val,scn3_structured_env22000,structured,constant_alpha,3,1914,,wm,1.0,1.0,0.0,1.0,1.0,0.006141523966583647,0.009730868940378189,0.0038698053761378505
val,scn3_structured_env22000,structured,constant_alpha,3,253,,physics_persistence,0.9727272727272729,1.0,0.0,0.5,0.5,0.019203832206256096,0.019758712244309605,0.0005972559904706617
val,scn3_structured_env22000,structured,constant_alpha,3,253,,wm,0.990909090909091,1.0,0.0,0.5,0.5,0.019203832206256096,0.019758712244309605,0.0005765481907476777
val,scn3_structured_env22000,structured,constant_alpha,3,618,,physics_persistence,0.9818181818181818,0.0,0.006024391835031724,0.8,0.9,0.0008309545141101145,0.0013098699269441425,0.0004613538767942833
val,scn3_structured_env22000,structured,constant_alpha,3,618,,wm,0.9818181818181818,0.0,0.006024391835031724,0.8,0.9,0.0008309545141101145,0.0013098699269441425,0.0005168483701894026
val,scn3_structured_env22000,structured,constant_alpha,3,983,,physics_persistence,-1.0,0.0,1.0,1.0,0.0,0.017172012028687962,0.029044659777355857,0.0005622996529793915
val,scn3_structured_env22000,structured,constant_alpha,3,983,,wm,0.881818181818182,0.0,0.006305727661490514,1.0,0.8,0.017172012028687962,0.029044659777355857,0.00018274280704766444
val,scn3_structured_env22000,structured,constant_alpha,3,1348,,physics_persistence,1.0,1.0,0.0,1.0,1.0,0.0010374998445582917,0.003020813709323937,0.0018271214507532636
val,scn3_structured_env22000,structured,constant_alpha,3,1348,,wm,1.0,1.0,0.0,1.0,1.0,0.0010374998445582917,0.003020813709323937,0.0018647811633308428
val,scn3_structured_env22000,structured,constant_alpha,3,1714,,physics_persistence,1.0,1.0,0.0,1.0,1.0,0.004530575147740429,0.005712821774098884,0.0011740098449465547
val,scn3_structured_env22000,structured,constant_alpha,3,1714,,wm,1.0,1.0,0.0,1.0,1.0,0.004530575147740429,0.005712821774098884,0.0012605797593891214
val,scn3_structured_env22000,structured,constant_alpha,3,2080,,physics_persistence,1.0,1.0,0.0,1.0,1.0,0.002988074771064567,0.003139927606826234,1.5635828925038373e-05
val,scn3_structured_env22000,structured,constant_alpha,3,2080,,wm,1.0,1.0,0.0,1.0,1.0,0.002988074771064567,0.003139927606826234,4.327427525209178e-05
val,scn2_ou_current_env22000,ou_current,constant_alpha,2,3,,physics_persistence,0.990909090909091,1.0,0.0,0.6,0.6,1.5330407642799535,1.5414302719802742,0.008536985274678388
val,scn2_ou_current_env22000,ou_current,constant_alpha,2,3,,wm,0.990909090909091,1.0,0.0,0.6,0.6,1.5330407642799535,1.5414302719802742,0.008296023983435541
val,scn2_ou_current_env22000,ou_current,constant_alpha,2,238,,physics_persistence,1.0,1.0,0.0,0.8,0.8,1.746715671602613,1.7991931201236444,0.05237212742438202
val,scn2_ou_current_env22000,ou_current,constant_alpha,2,238,,wm,0.990909090909091,1.0,0.0,0.8,0.8,1.746715671602613,1.7991931201236444,0.05370059969518093
val,scn2_ou_current_env22000,ou_current,constant_alpha,2,423,,physics_persistence,1.0,1.0,0.0,0.9,0.9,0.46624019335182604,0.5103655955959747,0.04400133032500353
val,scn2_ou_current_env22000,ou_current,constant_alpha,2,423,,wm,0.990909090909091,1.0,0.0,0.9,0.9,0.46624019335182604,0.5103655955959747,0.044422182638479746
val,scn2_ou_current_env22000,ou_current,constant_alpha,2,607,,physics_persistence,1.0,1.0,0.0,1.0,1.0,0.3403812695332112,0.370872249308129,0.031049587256956612
val,scn2_ou_current_env22000,ou_current,constant_alpha,2,607,,wm,1.0,1.0,0.0,1.0,1.0,0.3403812695332112,0.370872249308129,0.031044002438030516
val,scn2_ou_current_env22000,ou_current,constant_alpha,2,791,,physics_persistence,1.0,1.0,0.0,0.9,0.9,0.8159369195452806,0.877307639404173,0.06148870265114281
val,scn2_ou_current_env22000,ou_current,constant_alpha,2,791,,wm,0.990909090909091,1.0,0.0,0.9,0.9,0.8159369195452806,0.877307639404173,0.06196298050757587
val,scn2_ou_current_env22000,ou_current,constant_alpha,2,975,,physics_persistence,1.0,1.0,0.0,1.0,1.0,0.18005034432605949,0.19106816627693052,0.01092009506163591
val,scn2_ou_current_env22000,ou_current,constant_alpha,2,975,,wm,1.0,1.0,0.0,1.0,1.0,0.18005034432605949,0.19106816627693052,0.01089395493879039
val,scn2_ou_current_env22000,ou_current,constant_alpha,2,1159,,physics_persistence,1.0,1.0,0.0,1.0,1.0,0.03139956289065654,0.04074477806225773,0.009973967183863161
val,scn2_ou_current_env22000,ou_current,constant_alpha,2,1159,,wm,1.0,1.0,0.0,1.0,1.0,0.03139956289065654,0.04074477806225773,0.009995369322676952
val,scn2_ou_current_env22000,ou_current,constant_alpha,2,1343,,physics_persistence,1.0,1.0,0.0,0.8,0.8,0.6079282891154727,0.6535471725524273,0.04648900793681343
val,scn2_ou_current_env22000,ou_current,constant_alpha,2,1343,,wm,0.990909090909091,1.0,0.0,0.8,0.8,0.6079282891154727,0.6535471725524273,0.04718109609269605
val,scn2_ou_current_env22000,ou_current,constant_alpha,2,1527,,physics_persistence,1.0,1.0,0.0,1.0,1.0,0.38069525545058813,0.4066558095268019,0.025770208810651674
val,scn2_ou_current_env22000,ou_current,constant_alpha,2,1527,,wm,1.0,1.0,0.0,1.0,1.0,0.38069525545058813,0.4066558095268019,0.026383337910690086
val,scn2_ou_current_env22000,ou_current,constant_alpha,2,1712,,physics_persistence,0.990909090909091,1.0,0.0,0.8,0.8,0.3741141905071982,0.4076084041225821,0.0348739481574073
val,scn2_ou_current_env22000,ou_current,constant_alpha,2,1712,,wm,0.9818181818181818,1.0,0.0,0.8,0.8,0.3741141905071982,0.4076084041225821,0.03574753251792956
val,scn2_ou_current_env22000,ou_current,constant_alpha,2,1896,,physics_persistence,1.0,1.0,0.0,0.9,0.9,0.7930309800882507,0.8548219093275498,0.06253163646817295
val,scn2_ou_current_env22000,ou_current,constant_alpha,2,1896,,wm,0.990909090909091,1.0,0.0,0.9,0.9,0.7930309800882507,0.8548219093275498,0.06335130154722601
val,scn2_ou_current_env22000,ou_current,constant_alpha,2,2080,,physics_persistence,1.0,1.0,0.0,1.0,1.0,0.046118165983122815,0.049907999614984586,0.0037376510315633785
val,scn2_ou_current_env22000,ou_current,constant_alpha,2,2080,,wm,1.0,1.0,0.0,1.0,1.0,0.046118165983122815,0.049907999614984586,0.0037627887801278126
val,scn3_structured_env22000,structured,transformer,3,4,,physics_persistence,0.990909090909091,1.0,0.0,0.8,0.8,1.5193795736929936,1.5346220222206228,0.015802944428615184
val,scn3_structured_env22000,structured,transformer,3,4,,wm,0.990909090909091,1.0,0.0,0.8,0.8,1.5193795736929936,1.5346220222206228,0.01565848653843105
val,scn3_structured_env22000,structured,transformer,3,273,,physics_persistence,1.0,1.0,0.0,1.0,1.0,0.011919921640686497,0.017747331999017308,0.0057332589310659324
val,scn3_structured_env22000,structured,transformer,3,273,,wm,1.0,1.0,0.0,1.0,1.0,0.011919921640686497,0.017747331999017308,0.005845307937378384
val,scn3_structured_env22000,structured,transformer,3,454,,physics_persistence,1.0,1.0,0.0,1.0,1.0,0.001258102072285753,0.0018984072673923192,0.0006526665653465251
val,scn3_structured_env22000,structured,transformer,3,454,,wm,1.0,1.0,0.0,1.0,1.0,0.001258102072285753,0.0018984072673923192,0.0007230919788543183
val,scn3_structured_env22000,structured,transformer,3,635,,physics_persistence,1.0,1.0,0.0,0.9,0.9,0.0005284981995811826,0.0011713241657937017,0.0005489683314162075
val,scn3_structured_env22000,structured,transformer,3,635,,wm,1.0,1.0,0.0,0.9,0.9,0.0005284981995811826,0.0011713241657937017,0.0006247885713650769
val,scn3_structured_env22000,structured,transformer,3,816,,physics_persistence,0.990909090909091,1.0,0.0,0.9,0.9,0.00040973585585325935,0.001487575891817696,0.0010502629812382278
val,scn3_structured_env22000,structured,transformer,3,816,,wm,0.990909090909091,1.0,0.0,0.9,0.9,0.00040973585585325935,0.001487575891817696,0.0010709977512578994
val,scn3_structured_env22000,structured,transformer,3,996,,physics_persistence,-0.9727272727272729,0.0,1.0,0.9,0.0,0.017029975961798442,0.03708375706208046,0.000611123404482071
val,scn3_structured_env22000,structured,transformer,3,996,,wm,0.9727272727272729,0.0,0.012169187536529156,0.9,1.0,0.017029975961798442,0.03708375706208046,0.000994715803419595
val,scn3_structured_env22000,structured,transformer,3,1178,,physics_persistence,1.0,1.0,0.0,1.0,1.0,0.003614037701945353,0.004119655727249746,0.000595407326458667
val,scn3_structured_env22000,structured,transformer,3,1178,,wm,1.0,1.0,0.0,1.0,1.0,0.003614037701945353,0.004119655727249746,0.0005878816776456412
val,scn3_structured_env22000,structured,transformer,3,1358,,physics_persistence,1.0,1.0,0.0,1.0,1.0,0.001051510343303946,0.0028188511916898765,0.001729719789661521
val,scn3_structured_env22000,structured,transformer,3,1358,,wm,1.0,1.0,0.0,1.0,1.0,0.001051510343303946,0.0028188511916898765,0.0017699970212082588
val,scn3_structured_env22000,structured,transformer,3,1538,,physics_persistence,0.9545454545454546,0.0,0.017811359594171516,0.9,0.8,0.005319292127255874,0.0058021554877331055,0.000349430018199314
val,scn3_structured_env22000,structured,transformer,3,1538,,wm,0.9545454545454546,0.0,0.017811359594171516,0.9,0.8,0.005319292127255874,0.0058021554877331055,0.00038008796771773004
val,scn3_structured_env22000,structured,transformer,3,1718,,physics_persistence,1.0,1.0,0.0,1.0,1.0,0.004217397885795082,0.005568488089782487,0.0012762298717975172
val,scn3_structured_env22000,structured,transformer,3,1718,,wm,1.0,1.0,0.0,1.0,1.0,0.004217397885795082,0.005568488089782487,0.001378654195086369
val,scn3_structured_env22000,structured,transformer,3,1899,,physics_persistence,1.0,1.0,0.0,1.0,1.0,0.0016900324050349769,0.003004974531186819,0.001232831239807119
val,scn3_structured_env22000,structured,transformer,3,1899,,wm,1.0,1.0,0.0,1.0,1.0,0.0016900324050349769,0.003004974531186819,0.0012751568012225767
val,scn3_structured_env22000,structured,transformer,3,2080,,physics_persistence,1.0,1.0,0.0,1.0,1.0,0.0029785936303444948,0.00313889229421994,2.435032228927797e-05
val,scn3_structured_env22000,structured,transformer,3,2080,,wm,1.0,1.0,0.0,1.0,1.0,0.0029785936303444948,0.00313889229421994,5.16910264590463e-05
val,scn2_ou_current_env22000,ou_current,constant_alpha,2,3,,physics_persistence,0.990909090909091,1.0,0.0,0.6,0.6,1.5330676251161452,1.5414302719802742,0.008509574581782253
val,scn2_ou_current_env22000,ou_current,constant_alpha,2,3,,wm,0.990909090909091,1.0,0.0,0.6,0.6,1.5330676251161452,1.5414302719802742,0.008268659908998499
val,scn2_ou_current_env22000,ou_current,constant_alpha,2,428,,physics_persistence,1.0,1.0,0.0,1.0,1.0,0.0014917127992967098,0.0026037047705604307,0.0009818268308314118
val,scn2_ou_current_env22000,ou_current,constant_alpha,2,428,,wm,1.0,1.0,0.0,1.0,1.0,0.0014917127992967098,0.0026037047705604307,0.0010522137119756889
val,scn2_ou_current_env22000,ou_current,constant_alpha,2,802,,physics_persistence,1.0,1.0,0.0,1.0,1.0,0.0001150622647519902,0.0016266758644992757,0.0014656543557075039
val,scn2_ou_current_env22000,ou_current,constant_alpha,2,802,,wm,1.0,1.0,0.0,1.0,1.0,0.0001150622647519902,0.0016266758644992757,0.001510749397903692
val,scn2_ou_current_env22000,ou_current,constant_alpha,2,1178,,physics_persistence,0.881818181818182,0.0,0.09089228719894339,0.8,1.0,0.004118322086608669,0.004432644089402816,0.0004174772327838992
val,scn2_ou_current_env22000,ou_current,constant_alpha,2,1178,,wm,0.881818181818182,0.0,0.09089228719894339,0.8,1.0,0.004118322086608669,0.004432644089402816,0.0004416298368881723
val,scn2_ou_current_env22000,ou_current,constant_alpha,2,1553,,physics_persistence,1.0,1.0,0.0,1.0,1.0,0.004625013645225506,0.005342855643462811,0.0008110407035641452
val,scn2_ou_current_env22000,ou_current,constant_alpha,2,1553,,wm,1.0,1.0,0.0,1.0,1.0,0.004625013645225506,0.005342855643462811,0.0008021371739517554
val,scn2_ou_current_env22000,ou_current,constant_alpha,2,1927,,physics_persistence,1.0,1.0,0.0,1.0,1.0,0.0020733833374720757,0.0029986259470186957,0.0009319341248791419
val,scn2_ou_current_env22000,ou_current,constant_alpha,2,1927,,wm,1.0,1.0,0.0,1.0,1.0,0.0020733833374720757,0.0029986259470186957,0.0009140248240079004
val,scn2_ou_current_env22000,ou_current,constant_alpha,2,209,,physics_persistence,1.0,1.0,0.0,1.0,1.0,0.10814296771881401,0.11274520089246214,0.005190238705681929
val,scn2_ou_current_env22000,ou_current,constant_alpha,2,209,,wm,1.0,1.0,0.0,1.0,1.0,0.10814296771881401,0.11274520089246214,0.005409912903821229
val,scn2_ou_current_env22000,ou_current,constant_alpha,2,583,,physics_persistence,1.0,1.0,0.0,1.0,1.0,0.004796640317735349,0.008209642286707692,0.0034633530793661766
val,scn2_ou_current_env22000,ou_current,constant_alpha,2,583,,wm,1.0,1.0,0.0,1.0,1.0,0.004796640317735349,0.008209642286707692,0.003522732248408535
val,scn2_ou_current_env22000,ou_current,constant_alpha,2,958,,physics_persistence,1.0,1.0,0.0,1.0,1.0,0.0021691234024301003,0.0031355126820930826,0.0011240459243849706
val,scn2_ou_current_env22000,ou_current,constant_alpha,2,958,,wm,1.0,1.0,0.0,1.0,1.0,0.0021691234024301003,0.0031355126820930826,0.0011220448653421504
val,scn2_ou_current_env22000,ou_current,constant_alpha,2,1332,,physics_persistence,1.0,1.0,0.0,1.0,1.0,0.012742158239424895,0.023982222992697647,0.011460321828281168
val,scn2_ou_current_env22000,ou_current,constant_alpha,2,1332,,wm,1.0,1.0,0.0,1.0,1.0,0.012742158239424895,0.023982222992697647,0.011618010931281736
val,scn2_ou_current_env22000,ou_current,constant_alpha,2,1706,,physics_persistence,1.0,1.0,0.0,1.0,1.0,0.009372338670248727,0.016185132311442002,0.006700342396296341
val,scn2_ou_current_env22000,ou_current,constant_alpha,2,1706,,wm,1.0,1.0,0.0,1.0,1.0,0.009372338670248727,0.016185132311442002,0.006871793907609851
val,scn2_ou_current_env22000,ou_current,constant_alpha,2,2080,,physics_persistence,0.690909090909091,0.0,0.30599279703947535,0.7,1.0,0.004588223667189238,0.0046142856995163425,7.251323530403642e-06
val,scn2_ou_current_env22000,ou_current,constant_alpha,2,2080,,wm,0.9636363636363637,0.0,0.0060580286187936405,0.7,0.6,0.004588223667189238,0.0046142856995163425,4.6372854639971026e-06
val,scn2_colored_noise_env22000,colored_noise,constant_alpha,2,5,,physics_persistence,0.9727272727272729,1.0,0.0,0.7,0.7,1.6122405146036274,1.625639758071005,0.011093441511520918
val,scn2_colored_noise_env22000,colored_noise,constant_alpha,2,5,,wm,0.881818181818182,0.0,0.033208012293987114,0.7,0.6,1.6122405146036274,1.625639758071005,0.009363158839782448
val,scn2_colored_noise_env22000,colored_noise,constant_alpha,2,196,,physics_persistence,1.0,1.0,0.0,1.0,1.0,1.1404989669358023,1.251384126201326,0.1032973241579378
val,scn2_colored_noise_env22000,colored_noise,constant_alpha,2,196,,wm,1.0,1.0,0.0,1.0,1.0,1.1404989669358023,1.251384126201326,0.1110270398798554
val,scn2_colored_noise_env22000,colored_noise,constant_alpha,2,388,,physics_persistence,0.9818181818181818,1.0,0.0,0.8,0.8,0.35398266569580106,0.38661783486470447,0.028527331369617215
val,scn2_colored_noise_env22000,colored_noise,constant_alpha,2,388,,wm,0.9818181818181818,1.0,0.0,0.8,0.8,0.35398266569580106,0.38661783486470447,0.029321306235835842
val,scn2_colored_noise_env22000,colored_noise,constant_alpha,2,576,,physics_persistence,1.0,1.0,0.0,1.0,1.0,0.3261041330593004,0.340902397397372,0.02359049791301554
val,scn2_colored_noise_env22000,colored_noise,constant_alpha,2,576,,wm,1.0,1.0,0.0,1.0,1.0,0.3261041330593004,0.340902397397372,0.02323706840142581
val,scn2_colored_noise_env22000,colored_noise,constant_alpha,2,764,,physics_persistence,0.990909090909091,1.0,0.0,0.9,0.9,0.7568193341994822,0.8285712343327881,0.06445149839364928
val,scn2_colored_noise_env22000,colored_noise,constant_alpha,2,764,,wm,0.990909090909091,1.0,0.0,0.9,0.9,0.7568193341994822,0.8285712343327881,0.06513853527457847
val,scn2_colored_noise_env22000,colored_noise,constant_alpha,2,952,,physics_persistence,0.990909090909091,0.0,0.007311119489587461,1.0,0.9,0.3308663002279684,0.34775712398374964,0.01416386300642819
val,scn2_colored_noise_env22000,colored_noise,constant_alpha,2,952,,wm,0.990909090909091,0.0,0.007311119489587461,1.0,0.9,0.3308663002279684,0.34775712398374964,0.014613215942107127
val,scn2_colored_noise_env22000,colored_noise,constant_alpha,2,1139,,physics_persistence,1.0,1.0,0.0,1.0,1.0,0.006855426854475122,0.010202842821563272,0.0031291408014951097
val,scn2_colored_noise_env22000,colored_noise,constant_alpha,2,1139,,wm,1.0,1.0,0.0,1.0,1.0,0.006855426854475122,0.010202842821563272,0.003160163210103763
val,scn2_colored_noise_env22000,colored_noise,constant_alpha,2,1327,,physics_persistence,0.9818181818181818,0.0,0.006640663003262815,0.8,0.9,0.6091841093473573,0.6582592671202316,0.052498083516342
val,scn2_colored_noise_env22000,colored_noise,constant_alpha,2,1327,,wm,0.9636363636363637,0.0,0.006640663003262815,0.8,0.9,0.6091841093473573,0.6582592671202316,0.0537164070980487
val,scn2_colored_noise_env22000,colored_noise,constant_alpha,2,1515,,physics_persistence,1.0,1.0,0.0,1.0,1.0,0.4308069740768378,0.4653405123840262,0.02852987899042153
val,scn2_colored_noise_env22000,colored_noise,constant_alpha,2,1515,,wm,1.0,1.0,0.0,1.0,1.0,0.4308069740768378,0.4653405123840262,0.029169701306315687
val,scn2_colored_noise_env22000,colored_noise,constant_alpha,2,1704,,physics_persistence,0.9545454545454546,1.0,0.0,0.8,0.8,0.42094092492803087,0.45106534675413207,0.03762282968605868
val,scn2_colored_noise_env22000,colored_noise,constant_alpha,2,1704,,wm,0.9545454545454546,1.0,0.0,0.8,0.8,0.42094092492803087,0.45106534675413207,0.0382615350478952
val,scn2_colored_noise_env22000,colored_noise,constant_alpha,2,1891,,physics_persistence,0.990909090909091,0.0,0.003523352249653894,1.0,0.9,0.7746261227777346,0.83910996446574,0.055829320349984224
val,scn2_colored_noise_env22000,colored_noise,constant_alpha,2,1891,,wm,0.990909090909091,0.0,0.003523352249653894,1.0,0.9,0.7746261227777346,0.83910996446574,0.05739526682355223
val,scn2_colored_noise_env22000,colored_noise,constant_alpha,2,2080,,physics_persistence,1.0,1.0,0.0,1.0,1.0,0.04383932379101806,0.04821446918254266,0.004392740690615168
val,scn2_colored_noise_env22000,colored_noise,constant_alpha,2,2080,,wm,1.0,1.0,0.0,1.0,1.0,0.04383932379101806,0.04821446918254266,0.004478011276170812
val,scn2_ou_current_env22000,ou_current,transformer,2,10,,physics_persistence,1.0,1.0,0.0,0.6,0.6,1.7956894827732013,1.8020740817752783,0.00541872885740502
val,scn2_ou_current_env22000,ou_current,transformer,2,10,,wm,0.9545454545454546,0.0,0.029826064539346227,0.6,0.5,1.7956894827732013,1.8020740817752783,0.004550081050265886
val,scn2_ou_current_env22000,ou_current,transformer,2,209,,physics_persistence,1.0,1.0,0.0,1.0,1.0,0.06867639615269226,0.07068951206270821,0.002354887327433622
val,scn2_ou_current_env22000,ou_current,transformer,2,209,,wm,1.0,1.0,0.0,1.0,1.0,0.06867639615269226,0.07068951206270821,0.0023699947004197086
val,scn2_ou_current_env22000,ou_current,transformer,2,397,,physics_persistence,1.0,1.0,0.0,1.0,1.0,0.0023823977675427824,0.0041256368736131,0.0015437198935130182
val,scn2_ou_current_env22000,ou_current,transformer,2,397,,wm,1.0,1.0,0.0,1.0,1.0,0.0023823977675427824,0.0041256368736131,0.0015916034953734485
val,scn2_ou_current_env22000,ou_current,transformer,2,583,,physics_persistence,1.0,1.0,0.0,1.0,1.0,0.001105002684561035,0.0017240536070013445,0.0005282639551790695
val,scn2_ou_current_env22000,ou_current,transformer,2,583,,wm,1.0,1.0,0.0,1.0,1.0,0.001105002684561035,0.0017240536070013445,0.0005612649614866402
val,scn2_ou_current_env22000,ou_current,transformer,2,770,,physics_persistence,1.0,1.0,0.0,1.0,1.0,8.894803700137247e-05,0.0018751612577987114,0.0016905653489297232
val,scn2_ou_current_env22000,ou_current,transformer,2,770,,wm,1.0,1.0,0.0,1.0,1.0,8.894803700137247e-05,0.0018751612577987114,0.001734935898211486
val,scn2_ou_current_env22000,ou_current,transformer,2,957,,physics_persistence,1.0,1.0,0.0,1.0,1.0,0.0006723095436509021,0.0008795956967769874,0.000212401010526854
val,scn2_ou_current_env22000,ou_current,transformer,2,957,,wm,1.0,1.0,0.0,1.0,1.0,0.0006723095436509021,0.0008795956967769874,0.00019966412601640337
val,scn2_ou_current_env22000,ou_current,transformer,2,1144,,physics_persistence,-0.6090909090909091,0.0,1.0,0.4,1.0,0.004174092869754848,0.004297150444934861,0.00024047285079345938
val,scn2_ou_current_env22000,ou_current,transformer,2,1144,,wm,-0.6090909090909091,0.0,1.0,0.4,1.0,0.004174092869754848,0.004297150444934861,0.0002523800536524193
val,scn2_ou_current_env22000,ou_current,transformer,2,1333,,physics_persistence,1.0,1.0,0.0,1.0,1.0,0.0012283375818519823,0.0038525814396629986,0.0024874352933329505
val,scn2_ou_current_env22000,ou_current,transformer,2,1333,,wm,1.0,1.0,0.0,1.0,1.0,0.0012283375818519823,0.0038525814396629986,0.00256101830821976
val,scn2_ou_current_env22000,ou_current,transformer,2,1520,,physics_persistence,1.0,1.0,0.0,1.0,1.0,0.0026035225233320344,0.003692949920838333,0.0008745250922511526
val,scn2_ou_current_env22000,ou_current,transformer,2,1520,,wm,1.0,1.0,0.0,1.0,1.0,0.0026035225233320344,0.003692949920838333,0.0008864257694613975
val,scn2_ou_current_env22000,ou_current,transformer,2,1706,,physics_persistence,1.0,1.0,0.0,1.0,1.0,0.002193577437783703,0.003978996918650543,0.0015000693825727354
val,scn2_ou_current_env22000,ou_current,transformer,2,1706,,wm,1.0,1.0,0.0,1.0,1.0,0.002193577437783703,0.003978996918650543,0.0015273021918511737
val,scn2_ou_current_env22000,ou_current,transformer,2,1893,,physics_persistence,1.0,1.0,0.0,1.0,1.0,0.00121205298082177,0.0025776589453642635,0.0013668152137826955
val,scn2_ou_current_env22000,ou_current,transformer,2,1893,,wm,1.0,1.0,0.0,1.0,1.0,0.00121205298082177,0.0025776589453642635,0.0013625554640117952
val,scn2_ou_current_env22000,ou_current,transformer,2,2080,,physics_persistence,1.0,1.0,0.0,0.0,0.0,0.0032783367874864426,0.003382198595600708,5.3813377491789775e-05
val,scn2_ou_current_env22000,ou_current,transformer,2,2080,,wm,1.0,1.0,0.0,0.0,0.0,0.0032783367874864426,0.003382198595600708,6.976700633869008e-05
val,scn2_colored_noise_env22000,colored_noise,constant_alpha,2,5,,physics_persistence,0.9727272727272729,1.0,0.0,0.7,0.7,1.6122651453695784,1.625639758071005,0.011068514336443958
val,scn2_colored_noise_env22000,colored_noise,constant_alpha,2,5,,wm,0.881818181818182,0.0,0.032984016513479354,0.7,0.6,1.6122651453695784,1.625639758071005,0.009356510563514275
val,scn2_colored_noise_env22000,colored_noise,constant_alpha,2,384,,physics_persistence,1.0,1.0,0.0,1.0,1.0,0.002827705729150032,0.004697855333050261,0.0019561853739805627
val,scn2_colored_noise_env22000,colored_noise,constant_alpha,2,384,,wm,1.0,1.0,0.0,1.0,1.0,0.002827705729150032,0.004697855333050261,0.0019917726471594516
val,scn2_colored_noise_env22000,colored_noise,constant_alpha,2,761,,physics_persistence,0.9727272727272729,0.0,0.031758995710653576,0.9,1.0,0.0001947345608708239,0.0020706695063409586,0.0018704608217934425
val,scn2_colored_noise_env22000,colored_noise,constant_alpha,2,761,,wm,0.9727272727272729,0.0,0.031758995710653576,0.9,1.0,0.0001947345608708239,0.0020706695063409586,0.0018808835098611148
val,scn2_colored_noise_env22000,colored_noise,constant_alpha,2,1140,,physics_persistence,0.9363636363636365,0.0,0.03237004404683552,0.8,1.0,0.0037051700349992355,0.003954344368206164,0.00020995419691146244
val,scn2_colored_noise_env22000,colored_noise,constant_alpha,2,1140,,wm,0.9818181818181818,0.0,0.00041563796901204075,0.8,0.9,0.0037051700349992355,0.003954344368206164,0.00013890595714931026
val,scn2_colored_noise_env22000,colored_noise,constant_alpha,2,1520,,physics_persistence,0.9727272727272729,0.0,0.020750412933263813,0.9,1.0,0.004002986372684199,0.005054932079494941,0.0005367898229666724
val,scn2_colored_noise_env22000,colored_noise,constant_alpha,2,1520,,wm,0.9727272727272729,0.0,0.020750412933263813,0.9,1.0,0.004002986372684199,0.005054932079494941,0.0006330012351666806
val,scn2_colored_noise_env22000,colored_noise,constant_alpha,2,1899,,physics_persistence,1.0,1.0,0.0,1.0,1.0,0.0019762699988590147,0.0029268325103747536,0.0011813113071805928
val,scn2_colored_noise_env22000,colored_noise,constant_alpha,2,1899,,wm,1.0,1.0,0.0,1.0,1.0,0.0019762699988590147,0.0029268325103747536,0.0012056282900487145
val,scn2_colored_noise_env22000,colored_noise,constant_alpha,2,188,,physics_persistence,1.0,1.0,0.0,0.0,0.0,0.1505882963032491,0.15578359396185346,0.005042033884546077
val,scn2_colored_noise_env22000,colored_noise,constant_alpha,2,188,,wm,1.0,1.0,0.0,0.0,0.0,0.1505882963032491,0.15578359396185346,0.005029548914304766
val,scn2_colored_noise_env22000,colored_noise,constant_alpha,2,566,,physics_persistence,1.0,1.0,0.0,1.0,1.0,0.004816994490028426,0.007285716842033778,0.0030560439275579467
val,scn2_colored_noise_env22000,colored_noise,constant_alpha,2,566,,wm,1.0,1.0,0.0,1.0,1.0,0.004816994490028426,0.007285716842033778,0.003095615494156957
val,scn2_colored_noise_env22000,colored_noise,constant_alpha,2,943,,physics_persistence,1.0,1.0,0.0,1.0,1.0,0.0019807387445977373,0.00370310006615669,0.001531151956714979
val,scn2_colored_noise_env22000,colored_noise,constant_alpha,2,943,,wm,1.0,1.0,0.0,1.0,1.0,0.0019807387445977373,0.00370310006615669,0.0015665681512403678
val,scn2_colored_noise_env22000,colored_noise,constant_alpha,2,1323,,physics_persistence,1.0,1.0,0.0,1.0,1.0,0.010434714260591017,0.02075791317562323,0.010176656444683529
val,scn2_colored_noise_env22000,colored_noise,constant_alpha,2,1323,,wm,1.0,1.0,0.0,1.0,1.0,0.010434714260591017,0.02075791317562323,0.01045766793763193
val,scn2_colored_noise_env22000,colored_noise,constant_alpha,2,1700,,physics_persistence,1.0,1.0,0.0,1.0,1.0,0.008498673474318041,0.014113207296536937,0.006119122024156723
val,scn2_colored_noise_env22000,colored_noise,constant_alpha,2,1700,,wm,1.0,1.0,0.0,1.0,1.0,0.008498673474318041,0.014113207296536937,0.006175749981845167
val,scn2_colored_noise_env22000,colored_noise,constant_alpha,2,2080,,physics_persistence,-0.9727272727272729,0.0,0.786446855349385,0.0,0.9,0.0047456892302844954,0.006083383776459456,1.0606025096799448e-05
val,scn2_colored_noise_env22000,colored_noise,constant_alpha,2,2080,,wm,0.9727272727272729,0.0,0.003728039279632605,0.0,0.1,0.0047456892302844954,0.006083383776459456,2.4272436921606196e-05
val,scn2_random_freq_amp_env22000,random_freq_amp,constant_alpha,2,2,,physics_persistence,1.0,1.0,0.0,0.5,0.5,1.4648365661188414,1.4705607220816295,0.005853010369218925
val,scn2_random_freq_amp_env22000,random_freq_amp,constant_alpha,2,2,,wm,1.0,1.0,0.0,0.5,0.5,1.4648365661188414,1.4705607220816295,0.0064570607278480185
val,scn2_random_freq_amp_env22000,random_freq_amp,constant_alpha,2,278,,physics_persistence,1.0,1.0,0.0,0.9,0.9,1.038192227489624,1.0775811643050024,0.040557208877619155
val,scn2_random_freq_amp_env22000,random_freq_amp,constant_alpha,2,278,,wm,1.0,1.0,0.0,0.9,0.9,1.038192227489624,1.0775811643050024,0.04157409634656917
val,scn2_random_freq_amp_env22000,random_freq_amp,constant_alpha,2,457,,physics_persistence,1.0,1.0,0.0,1.0,1.0,0.11473244114567709,0.13031549393674255,0.015826258055811532
val,scn2_random_freq_amp_env22000,random_freq_amp,constant_alpha,2,457,,wm,1.0,1.0,0.0,1.0,1.0,0.11473244114567709,0.13031549393674255,0.015978443314249385
val,scn2_random_freq_amp_env22000,random_freq_amp,constant_alpha,2,637,,physics_persistence,1.0,1.0,0.0,1.0,1.0,0.12487198462505125,0.14455019763486962,0.019776466304656612
val,scn2_random_freq_amp_env22000,random_freq_amp,constant_alpha,2,637,,wm,1.0,1.0,0.0,1.0,1.0,0.12487198462505125,0.14455019763486962,0.02018674791979015
val,scn2_random_freq_amp_env22000,random_freq_amp,constant_alpha,2,821,,physics_persistence,1.0,1.0,0.0,1.0,1.0,0.40563339770903406,0.42946719326062893,0.024120232672457997
val,scn2_random_freq_amp_env22000,random_freq_amp,constant_alpha,2,821,,wm,1.0,1.0,0.0,1.0,1.0,0.40563339770903406,0.42946719326062893,0.025552529708223193
val,scn2_random_freq_amp_env22000,random_freq_amp,constant_alpha,2,1001,,physics_persistence,1.0,1.0,0.0,1.0,1.0,0.04093082448015461,0.043249341498205814,0.002430566452269467
val,scn2_random_freq_amp_env22000,random_freq_amp,constant_alpha,2,1001,,wm,1.0,1.0,0.0,1.0,1.0,0.04093082448015461,0.043249341498205814,0.0025910993806819785
val,scn2_random_freq_amp_env22000,random_freq_amp,constant_alpha,2,1181,,physics_persistence,1.0,1.0,0.0,1.0,1.0,0.03560054452091206,0.04312284025975287,0.0071519632709619585
val,scn2_random_freq_amp_env22000,random_freq_amp,constant_alpha,2,1181,,wm,1.0,1.0,0.0,1.0,1.0,0.03560054452091206,0.04312284025975287,0.007018130062032828
val,scn2_random_freq_amp_env22000,random_freq_amp,constant_alpha,2,1360,,physics_persistence,1.0,1.0,0.0,0.9,0.9,0.5998352604904466,0.6627001907290507,0.06393799641211217
val,scn2_random_freq_amp_env22000,random_freq_amp,constant_alpha,2,1360,,wm,1.0,1.0,0.0,0.9,0.9,0.5998352604904466,0.6627001907290507,0.06374019721987334
val,scn2_random_freq_amp_env22000,random_freq_amp,constant_alpha,2,1541,,physics_persistence,1.0,1.0,0.0,0.8,0.8,0.2712273864854899,0.2911034979202382,0.019639716583149225
val,scn2_random_freq_amp_env22000,random_freq_amp,constant_alpha,2,1541,,wm,0.9818181818181818,0.0,0.0007294473682496197,0.8,0.9,0.2712273864854899,0.2911034979202382,0.019838316614380958
val,scn2_random_freq_amp_env22000,random_freq_amp,constant_alpha,2,1721,,physics_persistence,1.0,1.0,0.0,0.8,0.8,0.5199553146811812,0.5647532717507041,0.04562005371609612
val,scn2_random_freq_amp_env22000,random_freq_amp,constant_alpha,2,1721,,wm,1.0,1.0,0.0,0.8,0.8,0.5199553146811812,0.5647532717507041,0.04655215120089584
val,scn2_random_freq_amp_env22000,random_freq_amp,constant_alpha,2,1900,,physics_persistence,1.0,1.0,0.0,1.0,1.0,0.7509631312880792,0.8193063763156997,0.06654952696399308
val,scn2_random_freq_amp_env22000,random_freq_amp,constant_alpha,2,1900,,wm,1.0,1.0,0.0,1.0,1.0,0.7509631312880792,0.8193063763156997,0.06870871395725475
val,scn2_random_freq_amp_env22000,random_freq_amp,constant_alpha,2,2080,,physics_persistence,1.0,1.0,0.0,1.0,1.0,0.027562950414973517,0.02935234254927488,0.001694042876041732
val,scn2_random_freq_amp_env22000,random_freq_amp,constant_alpha,2,2080,,wm,1.0,1.0,0.0,1.0,1.0,0.027562950414973517,0.02935234254927488,0.0016957530352597165
val,scn2_colored_noise_env22000,colored_noise,transformer,2,5,,physics_persistence,0.9727272727272729,1.0,0.0,0.7,0.7,1.6122405146036274,1.625639758071005,0.011093441511520918
val,scn2_colored_noise_env22000,colored_noise,transformer,2,5,,wm,0.881818181818182,0.0,0.033208012293987114,0.7,0.6,1.6122405146036274,1.625639758071005,0.008715262695054404
val,scn2_colored_noise_env22000,colored_noise,transformer,2,232,,physics_persistence,1.0,1.0,0.0,1.0,1.0,0.04865523485937618,0.05348086892684801,0.007338254093480545
val,scn2_colored_noise_env22000,colored_noise,transformer,2,232,,wm,1.0,1.0,0.0,1.0,1.0,0.04865523485937618,0.05348086892684801,0.007402279047127591
val,scn2_colored_noise_env22000,colored_noise,transformer,2,416,,physics_persistence,1.0,1.0,0.0,1.0,1.0,0.00207836452697725,0.0032418043334491,0.0011056190375222865
val,scn2_colored_noise_env22000,colored_noise,transformer,2,416,,wm,1.0,1.0,0.0,1.0,1.0,0.00207836452697725,0.0032418043334491,0.0011257907329943746
val,scn2_colored_noise_env22000,colored_noise,transformer,2,602,,physics_persistence,1.0,1.0,0.0,0.9,0.9,0.000831762886126141,0.0016480130677967802,0.0005868383121842805
val,scn2_colored_noise_env22000,colored_noise,transformer,2,602,,wm,1.0,1.0,0.0,0.9,0.9,0.000831762886126141,0.0016480130677967802,0.0006386912860645193
val,scn2_colored_noise_env22000,colored_noise,transformer,2,787,,physics_persistence,0.9727272727272729,0.0,0.0174461965838719,0.9,1.0,5.402099138670229e-05,0.0019272059713831727,0.001706599509077525
val,scn2_colored_noise_env22000,colored_noise,transformer,2,787,,wm,0.9727272727272729,0.0,0.0174461965838719,0.9,1.0,5.402099138670229e-05,0.0019272059713831727,0.0017413534669646488
val,scn2_colored_noise_env22000,colored_noise,transformer,2,971,,physics_persistence,-0.5454545454545455,0.0,1.0,0.4,1.0,0.0010062496892252533,0.0013108918252487864,0.00014658222541274806
val,scn2_colored_noise_env22000,colored_noise,transformer,2,971,,wm,-0.06363636363636364,0.0,0.2492875419457473,0.4,0.7,0.0010062496892252533,0.0013108918252487864,6.84518103540306e-05
val,scn2_colored_noise_env22000,colored_noise,transformer,2,1156,,physics_persistence,1.0,1.0,0.0,1.0,1.0,0.004253569145998077,0.004460886783845809,0.00025499029319776215
val,scn2_colored_noise_env22000,colored_noise,transformer,2,1156,,wm,1.0,1.0,0.0,1.0,1.0,0.004253569145998077,0.004460886783845809,0.00023767142029769515
val,scn2_colored_noise_env22000,colored_noise,transformer,2,1340,,physics_persistence,1.0,1.0,0.0,1.0,1.0,0.0014246191847062577,0.003919427606113339,0.002337258856183041
val,scn2_colored_noise_env22000,colored_noise,transformer,2,1340,,wm,1.0,1.0,0.0,1.0,1.0,0.0014246191847062577,0.003919427606113339,0.0024086181346837455
val,scn2_colored_noise_env22000,colored_noise,transformer,2,1525,,physics_persistence,1.0,1.0,0.0,1.0,1.0,0.004010654860375595,0.004645619529550591,0.0008059404002087743
val,scn2_colored_noise_env22000,colored_noise,transformer,2,1525,,wm,1.0,1.0,0.0,1.0,1.0,0.004010654860375595,0.004645619529550591,0.000825511587718496
val,scn2_colored_noise_env22000,colored_noise,transformer,2,1710,,physics_persistence,1.0,1.0,0.0,1.0,1.0,0.0036588202937865495,0.004961175886891435,0.0012853015815418888
val,scn2_colored_noise_env22000,colored_noise,transformer,2,1710,,wm,1.0,1.0,0.0,1.0,1.0,0.0036588202937865495,0.004961175886891435,0.0013502449705281583
val,scn2_colored_noise_env22000,colored_noise,transformer,2,1895,,physics_persistence,0.9727272727272729,0.0,0.03127806725175891,0.9,1.0,0.0017445258338124503,0.0026315536201459277,0.0013013477698743336
val,scn2_colored_noise_env22000,colored_noise,transformer,2,1895,,wm,0.9727272727272729,0.0,0.03127806725175891,0.9,1.0,0.0017445258338124503,0.0026315536201459277,0.0012823113623726319
val,scn2_colored_noise_env22000,colored_noise,transformer,2,2080,,physics_persistence,1.0,1.0,0.0,0.0,0.0,0.003575144707568691,0.005321698414495965,8.802284606665607e-05
val,scn2_colored_noise_env22000,colored_noise,transformer,2,2080,,wm,1.0,1.0,0.0,0.0,0.0,0.003575144707568691,0.005321698414495965,0.00013876901384072974
val,scn2_random_freq_amp_env22000,random_freq_amp,constant_alpha,2,9,,physics_persistence,0.9727272727272729,0.0,0.0165941769020774,0.9,1.0,1.689047243880166,1.7104820920903974,0.023899185343365215
val,scn2_random_freq_amp_env22000,random_freq_amp,constant_alpha,2,9,,wm,0.990909090909091,1.0,0.0,0.9,0.9,1.689047243880166,1.7104820920903974,0.02377088697462937
val,scn2_random_freq_amp_env22000,random_freq_amp,constant_alpha,2,447,,physics_persistence,1.0,1.0,0.0,1.0,1.0,0.007670528607986337,0.011401807394154714,0.003761897405425661
val,scn2_random_freq_amp_env22000,random_freq_amp,constant_alpha,2,447,,wm,1.0,1.0,0.0,1.0,1.0,0.007670528607986337,0.011401807394154714,0.003975067378921818
val,scn2_random_freq_amp_env22000,random_freq_amp,constant_alpha,2,818,,physics_persistence,1.0,1.0,0.0,1.0,1.0,0.009436927838103182,0.016256459235025948,0.006780696166939446
val,scn2_random_freq_amp_env22000,random_freq_amp,constant_alpha,2,818,,wm,1.0,1.0,0.0,1.0,1.0,0.009436927838103182,0.016256459235025948,0.006914201080334465
val,scn2_random_freq_amp_env22000,random_freq_amp,constant_alpha,2,1188,,physics_persistence,1.0,1.0,0.0,1.0,1.0,0.006681129396448708,0.008417553811008258,0.0018780467674744568
val,scn2_random_freq_amp_env22000,random_freq_amp,constant_alpha,2,1188,,wm,1.0,1.0,0.0,1.0,1.0,0.006681129396448708,0.008417553811008258,0.0019518160022479018
val,scn2_random_freq_amp_env22000,random_freq_amp,constant_alpha,2,1561,,physics_persistence,1.0,1.0,0.0,1.0,1.0,0.006583510484713506,0.009352537029208543,0.0028230218479709584
val,scn2_random_freq_amp_env22000,random_freq_amp,constant_alpha,2,1561,,wm,1.0,1.0,0.0,1.0,1.0,0.006583510484713506,0.009352537029208543,0.0028835577533025177
val,scn2_random_freq_amp_env22000,random_freq_amp,constant_alpha,2,1933,,physics_persistence,1.0,1.0,0.0,1.0,1.0,0.005760405248803975,0.009766250661285355,0.003950795690849413
val,scn2_random_freq_amp_env22000,random_freq_amp,constant_alpha,2,1933,,wm,1.0,1.0,0.0,1.0,1.0,0.005760405248803975,0.009766250661285355,0.003970838110061243
val,scn2_random_freq_amp_env22000,random_freq_amp,constant_alpha,2,223,,physics_persistence,1.0,1.0,0.0,1.0,1.0,0.0575815598047039,0.06243143846342302,0.004846126647333679
val,scn2_random_freq_amp_env22000,random_freq_amp,constant_alpha,2,223,,wm,1.0,1.0,0.0,1.0,1.0,0.0575815598047039,0.06243143846342302,0.004790370346618104
val,scn2_random_freq_amp_env22000,random_freq_amp,constant_alpha,2,595,,physics_persistence,0.9636363636363637,0.0,0.009162697088646341,0.7,0.6,0.001390490967253596,0.001645496126278402,0.00023054157436173733
val,scn2_random_freq_amp_env22000,random_freq_amp,constant_alpha,2,595,,wm,1.0,1.0,0.0,0.7,0.7,0.001390490967253596,0.001645496126278402,0.00026736227043058823
val,scn2_random_freq_amp_env22000,random_freq_amp,constant_alpha,2,967,,physics_persistence,0.990909090909091,0.0,0.049015186163343306,1.0,0.9,0.00128651925403254,0.00142739110869791,5.29228451503134e-05
val,scn2_random_freq_amp_env22000,random_freq_amp,constant_alpha,2,967,,wm,0.990909090909091,0.0,0.049015186163343306,1.0,0.9,0.00128651925403254,0.00142739110869791,7.023244487249425e-05
val,scn2_random_freq_amp_env22000,random_freq_amp,constant_alpha,2,1337,,physics_persistence,1.0,1.0,0.0,1.0,1.0,0.0014053049353560407,0.0038738930910515654,0.0022785742288207594
val,scn2_random_freq_amp_env22000,random_freq_amp,constant_alpha,2,1337,,wm,1.0,1.0,0.0,1.0,1.0,0.0014053049353560407,0.0038738930910515654,0.00237793536465585
val,scn2_random_freq_amp_env22000,random_freq_amp,constant_alpha,2,1709,,physics_persistence,1.0,1.0,0.0,1.0,1.0,0.0024748148376455325,0.0039092545857507726,0.0014990957099323752
val,scn2_random_freq_amp_env22000,random_freq_amp,constant_alpha,2,1709,,wm,1.0,1.0,0.0,1.0,1.0,0.0024748148376455325,0.0039092545857507726,0.0015043250239895594
val,scn2_random_freq_amp_env22000,random_freq_amp,constant_alpha,2,2080,,physics_persistence,-1.0,0.0,1.0,1.0,0.0,0.012229521243996226,0.012260535354936073,7.716712951526088e-05
val,scn2_random_freq_amp_env22000,random_freq_amp,constant_alpha,2,2080,,wm,-1.0,0.0,1.0,1.0,0.0,0.012229521243996226,0.012260535354936073,8.326210787005899e-05
val,scn2_mass_damping_mismatch_env22000,mass_damping_mismatch,constant_alpha,2,4,,physics_persistence,1.0,1.0,0.0,0.9,0.9,1.5186568542792327,1.5355419686592626,0.016669644103030956
val,scn2_mass_damping_mismatch_env22000,mass_damping_mismatch,constant_alpha,2,4,,wm,1.0,1.0,0.0,0.9,0.9,1.5186568542792327,1.5355419686592626,0.017528276196280945
val,scn2_mass_damping_mismatch_env22000,mass_damping_mismatch,constant_alpha,2,204,,physics_persistence,1.0,1.0,0.0,0.6,0.6,0.9945228610679683,1.0427023344246482,0.04843938766692357
val,scn2_mass_damping_mismatch_env22000,mass_damping_mismatch,constant_alpha,2,204,,wm,0.9727272727272729,1.0,0.0,0.6,0.6,0.9945228610679683,1.0427023344246482,0.0490845375644281
val,scn2_mass_damping_mismatch_env22000,mass_damping_mismatch,constant_alpha,2,391,,physics_persistence,1.0,1.0,0.0,1.0,1.0,0.1724504791219874,0.18391309348689458,0.011461496767025459
val,scn2_mass_damping_mismatch_env22000,mass_damping_mismatch,constant_alpha,2,391,,wm,1.0,1.0,0.0,1.0,1.0,0.1724504791219874,0.18391309348689458,0.012394676614291167
val,scn2_mass_damping_mismatch_env22000,mass_damping_mismatch,constant_alpha,2,577,,physics_persistence,1.0,1.0,0.0,1.0,1.0,0.08353957592828665,0.0959081946109989,0.012130479949156933
val,scn2_mass_damping_mismatch_env22000,mass_damping_mismatch,constant_alpha,2,577,,wm,1.0,1.0,0.0,1.0,1.0,0.08353957592828665,0.0959081946109989,0.012753012355331855
val,scn2_mass_damping_mismatch_env22000,mass_damping_mismatch,constant_alpha,2,766,,physics_persistence,1.0,1.0,0.0,0.9,0.9,0.5724838336457656,0.6089658010775942,0.03388629328292925
val,scn2_mass_damping_mismatch_env22000,mass_damping_mismatch,constant_alpha,2,766,,wm,1.0,1.0,0.0,0.9,0.9,0.5724838336457656,0.6089658010775942,0.03566711531094802
val,scn2_mass_damping_mismatch_env22000,mass_damping_mismatch,constant_alpha,2,955,,physics_persistence,0.881818181818182,0.0,0.02950663888972907,0.8,0.6,0.09115197592136975,0.09477819108104747,0.002983904373872942
val,scn2_mass_damping_mismatch_env22000,mass_damping_mismatch,constant_alpha,2,955,,wm,0.8272727272727273,0.0,0.02950663888972907,0.8,0.6,0.09115197592136975,0.09477819108104747,0.002761917588271365
val,scn2_mass_damping_mismatch_env22000,mass_damping_mismatch,constant_alpha,2,1142,,physics_persistence,1.0,1.0,0.0,1.0,1.0,0.016475264710910074,0.017560507344305767,0.0012388054356979317
val,scn2_mass_damping_mismatch_env22000,mass_damping_mismatch,constant_alpha,2,1142,,wm,1.0,1.0,0.0,1.0,1.0,0.016475264710910074,0.017560507344305767,0.0011531647220397873
val,scn2_mass_damping_mismatch_env22000,mass_damping_mismatch,constant_alpha,2,1328,,physics_persistence,0.990909090909091,1.0,0.0,0.9,0.9,0.42398282586906655,0.47191229516702,0.04887857169643328
val,scn2_mass_damping_mismatch_env22000,mass_damping_mismatch,constant_alpha,2,1328,,wm,0.990909090909091,1.0,0.0,0.9,0.9,0.42398282586906655,0.47191229516702,0.04793072726871811
val,scn2_mass_damping_mismatch_env22000,mass_damping_mismatch,constant_alpha,2,1516,,physics_persistence,1.0,1.0,0.0,1.0,1.0,0.3743977455913834,0.3991725619191454,0.024467667049401898
val,scn2_mass_damping_mismatch_env22000,mass_damping_mismatch,constant_alpha,2,1516,,wm,1.0,1.0,0.0,1.0,1.0,0.3743977455913834,0.3991725619191454,0.024474440104658324
val,scn2_mass_damping_mismatch_env22000,mass_damping_mismatch,constant_alpha,2,1702,,physics_persistence,1.0,1.0,0.0,0.9,0.9,0.4640466196930788,0.5001213109524367,0.03639060099238478
val,scn2_mass_damping_mismatch_env22000,mass_damping_mismatch,constant_alpha,2,1702,,wm,0.990909090909091,0.0,0.0009278402349881382,0.9,1.0,0.4640466196930788,0.5001213109524367,0.03739954054125527
val,scn2_mass_damping_mismatch_env22000,mass_damping_mismatch,constant_alpha,2,1891,,physics_persistence,1.0,1.0,0.0,1.0,1.0,0.5481705964418396,0.6118102807172543,0.06284802482382823
val,scn2_mass_damping_mismatch_env22000,mass_damping_mismatch,constant_alpha,2,1891,,wm,1.0,1.0,0.0,1.0,1.0,0.5481705964418396,0.6118102807172543,0.06446220523261303
val,scn2_mass_damping_mismatch_env22000,mass_damping_mismatch,constant_alpha,2,2080,,physics_persistence,1.0,1.0,0.0,1.0,1.0,1.0202716376076495,1.0354266649186328,0.015129728778825902
val,scn2_mass_damping_mismatch_env22000,mass_damping_mismatch,constant_alpha,2,2080,,wm,1.0,1.0,0.0,1.0,1.0,1.0202716376076495,1.0354266649186328,0.015506999780880326
val,scn2_random_freq_amp_env22000,random_freq_amp,transformer,2,2,,physics_persistence,1.0,1.0,0.0,0.5,0.5,1.4648365661188414,1.4705607220816295,0.005853010369218925
val,scn2_random_freq_amp_env22000,random_freq_amp,transformer,2,2,,wm,0.990909090909091,1.0,0.0,0.5,0.5,1.4648365661188414,1.4705607220816295,0.006188218712958049
val,scn2_random_freq_amp_env22000,random_freq_amp,transformer,2,281,,physics_persistence,1.0,1.0,0.0,1.0,1.0,0.015788611550754523,0.021079414157037887,0.005270554563399359
val,scn2_random_freq_amp_env22000,random_freq_amp,transformer,2,281,,wm,1.0,1.0,0.0,1.0,1.0,0.015788611550754523,0.021079414157037887,0.005293586338631775
val,scn2_random_freq_amp_env22000,random_freq_amp,transformer,2,461,,physics_persistence,1.0,1.0,0.0,0.8,0.8,0.0012631770600960222,0.0016720544650462282,0.00032954823161858524
val,scn2_random_freq_amp_env22000,random_freq_amp,transformer,2,461,,wm,1.0,1.0,0.0,0.8,0.8,0.0012631770600960222,0.0016720544650462282,0.00036341536424207873
val,scn2_random_freq_amp_env22000,random_freq_amp,transformer,2,641,,physics_persistence,0.990909090909091,0.0,0.014321708040810044,0.7,0.8,0.0015925191957373312,0.0021171277117896046,0.0004784363420443764
val,scn2_random_freq_amp_env22000,random_freq_amp,transformer,2,641,,wm,0.9818181818181818,0.0,0.014321708040810044,0.7,0.8,0.0015925191957373312,0.0021171277117896046,0.000530224700918443
val,scn2_random_freq_amp_env22000,random_freq_amp,transformer,2,821,,physics_persistence,1.0,1.0,0.0,1.0,1.0,0.0012255743093697153,0.002394487446054041,0.0012704399463323792
val,scn2_random_freq_amp_env22000,random_freq_amp,transformer,2,821,,wm,1.0,1.0,0.0,1.0,1.0,0.0012255743093697153,0.002394487446054041,0.001267651384731918
val,scn2_random_freq_amp_env22000,random_freq_amp,transformer,2,1001,,physics_persistence,-0.9727272727272729,0.0,1.0,0.1,1.0,0.0025605323064875765,0.0026604151192211978,0.00020027374771022224
val,scn2_random_freq_amp_env22000,random_freq_amp,transformer,2,1001,,wm,-0.9727272727272729,0.0,1.0,0.1,1.0,0.0025605323064875765,0.0026604151192211978,0.0001610469209620399
val,scn2_random_freq_amp_env22000,random_freq_amp,transformer,2,1181,,physics_persistence,1.0,1.0,0.0,1.0,1.0,0.003908036903474653,0.004639324811691604,0.00035906964067039526
val,scn2_random_freq_amp_env22000,random_freq_amp,transformer,2,1181,,wm,1.0,1.0,0.0,1.0,1.0,0.003908036903474653,0.004639324811691604,0.0006232959837700097
val,scn2_random_freq_amp_env22000,random_freq_amp,transformer,2,1360,,physics_persistence,1.0,1.0,0.0,1.0,1.0,0.001031854289639312,0.0036564947454319507,0.0024801609355947175
val,scn2_random_freq_amp_env22000,random_freq_amp,transformer,2,1360,,wm,1.0,1.0,0.0,1.0,1.0,0.001031854289639312,0.0036564947454319507,0.0025876358176156306
val,scn2_random_freq_amp_env22000,random_freq_amp,transformer,2,1541,,physics_persistence,1.0,1.0,0.0,1.0,1.0,0.003334127453644006,0.004187771184438875,0.0007869453858702336
val,scn2_random_freq_amp_env22000,random_freq_amp,transformer,2,1541,,wm,1.0,1.0,0.0,1.0,1.0,0.003334127453644006,0.004187771184438875,0.0008558089726631432
val,scn2_random_freq_amp_env22000,random_freq_amp,transformer,2,1720,,physics_persistence,1.0,1.0,0.0,1.0,1.0,0.0021331536022188412,0.0038278856002396397,0.0016791330625602874
val,scn2_random_freq_amp_env22000,random_freq_amp,transformer,2,1720,,wm,1.0,1.0,0.0,1.0,1.0,0.0021331536022188412,0.0038278856002396397,0.001697277001514834
val,scn2_random_freq_amp_env22000,random_freq_amp,transformer,2,1901,,physics_persistence,1.0,1.0,0.0,1.0,1.0,0.0017429147927038164,0.002925443726089912,0.001251583384259887
val,scn2_random_freq_amp_env22000,random_freq_amp,transformer,2,1901,,wm,1.0,1.0,0.0,1.0,1.0,0.0017429147927038164,0.002925443726089912,0.001225226663941662
val,scn2_random_freq_amp_env22000,random_freq_amp,transformer,2,2080,,physics_persistence,-1.0,0.0,1.0,1.0,0.0,0.012483772105969479,0.012528001324002646,7.024572475284284e-05
val,scn2_random_freq_amp_env22000,random_freq_amp,transformer,2,2080,,wm,-1.0,0.0,1.0,1.0,0.0,0.012483772105969479,0.012528001324002646,7.036102195337457e-05
val,scn2_mass_damping_mismatch_env22000,mass_damping_mismatch,constant_alpha,2,10,,physics_persistence,1.0,1.0,0.0,1.0,1.0,1.7070745965602783,1.7475623494408066,0.033978236399344386
val,scn2_mass_damping_mismatch_env22000,mass_damping_mismatch,constant_alpha,2,10,,wm,1.0,1.0,0.0,1.0,1.0,1.7070745965602783,1.7475623494408066,0.03448959443887234
val,scn2_mass_damping_mismatch_env22000,mass_damping_mismatch,constant_alpha,2,379,,physics_persistence,1.0,1.0,0.0,1.0,1.0,0.01998421040471779,0.02624934625214964,0.005455366722567627
val,scn2_mass_damping_mismatch_env22000,mass_damping_mismatch,constant_alpha,2,379,,wm,1.0,1.0,0.0,1.0,1.0,0.01998421040471779,0.02624934625214964,0.005898509852455214
val,scn2_mass_damping_mismatch_env22000,mass_damping_mismatch,constant_alpha,2,797,,physics_persistence,1.0,1.0,0.0,1.0,1.0,0.22647349679471018,0.2539170692021279,0.025008584399112466
val,scn2_mass_damping_mismatch_env22000,mass_damping_mismatch,constant_alpha,2,797,,wm,1.0,1.0,0.0,1.0,1.0,0.22647349679471018,0.2539170692021279,0.025581029706573444
val,scn2_mass_damping_mismatch_env22000,mass_damping_mismatch,constant_alpha,2,1167,,physics_persistence,1.0,1.0,0.0,1.0,1.0,0.007274768451970613,0.00842402718407456,0.0012710240829678808
val,scn2_mass_damping_mismatch_env22000,mass_damping_mismatch,constant_alpha,2,1167,,wm,1.0,1.0,0.0,1.0,1.0,0.007274768451970613,0.00842402718407456,0.0013628592338091224
val,scn2_mass_damping_mismatch_env22000,mass_damping_mismatch,constant_alpha,2,1543,,physics_persistence,1.0,1.0,0.0,1.0,1.0,0.0060838918433610435,0.009155663624375391,0.0032028421002337076
val,scn2_mass_damping_mismatch_env22000,mass_damping_mismatch,constant_alpha,2,1543,,wm,1.0,1.0,0.0,1.0,1.0,0.0060838918433610435,0.009155663624375391,0.0032399005868752025
val,scn2_mass_damping_mismatch_env22000,mass_damping_mismatch,constant_alpha,2,1913,,physics_persistence,1.0,1.0,0.0,1.0,1.0,0.005831183320117,0.01083705542062448,0.0049524001900067985
val,scn2_mass_damping_mismatch_env22000,mass_damping_mismatch,constant_alpha,2,1913,,wm,1.0,1.0,0.0,1.0,1.0,0.005831183320117,0.01083705542062448,0.004986212067031311
val,scn2_mass_damping_mismatch_env22000,mass_damping_mismatch,constant_alpha,2,223,,physics_persistence,1.0,1.0,0.0,1.0,1.0,0.02502471073473465,0.02818658955660508,0.003091296576098485
val,scn2_mass_damping_mismatch_env22000,mass_damping_mismatch,constant_alpha,2,223,,wm,1.0,1.0,0.0,1.0,1.0,0.02502471073473465,0.02818658955660508,0.0032273525131561905
val,scn2_mass_damping_mismatch_env22000,mass_damping_mismatch,constant_alpha,2,595,,physics_persistence,1.0,1.0,0.0,0.5,0.5,0.0009130565928048165,0.0009706187581071168,4.8968702878876124e-05
val,scn2_mass_damping_mismatch_env22000,mass_damping_mismatch,constant_alpha,2,595,,wm,0.990909090909091,1.0,0.0,0.5,0.5,0.0009130565928048165,0.0009706187581071168,6.0910265607302385e-05
val,scn2_mass_damping_mismatch_env22000,mass_damping_mismatch,constant_alpha,2,965,,physics_persistence,0.19090909090909092,0.0,0.1296247531948908,0.3,0.6,0.01660342239054932,0.01670732210556729,4.2003860799746245e-05
val,scn2_mass_damping_mismatch_env22000,mass_damping_mismatch,constant_alpha,2,965,,wm,0.9727272727272729,1.0,0.0,0.3,0.3,0.01660342239054932,0.01670732210556729,9.181594141240146e-05
val,scn2_mass_damping_mismatch_env22000,mass_damping_mismatch,constant_alpha,2,1338,,physics_persistence,1.0,1.0,0.0,1.0,1.0,0.0011575284723611445,0.0035027332729280717,0.002348791115490607
val,scn2_mass_damping_mismatch_env22000,mass_damping_mismatch,constant_alpha,2,1338,,wm,1.0,1.0,0.0,1.0,1.0,0.0011575284723611445,0.0035027332729280717,0.002390003171955829
val,scn2_mass_damping_mismatch_env22000,mass_damping_mismatch,constant_alpha,2,1710,,physics_persistence,1.0,1.0,0.0,1.0,1.0,0.003437284815738566,0.004823708255845286,0.0010725178667210875
val,scn2_mass_damping_mismatch_env22000,mass_damping_mismatch,constant_alpha,2,1710,,wm,1.0,1.0,0.0,1.0,1.0,0.003437284815738566,0.004823708255845286,0.0011328670937788433
val,scn2_mass_damping_mismatch_env22000,mass_damping_mismatch,constant_alpha,2,2080,,physics_persistence,1.0,1.0,0.0,0.0,0.0,0.9341263591188322,0.9342731966874175,0.00027419428559227743
val,scn2_mass_damping_mismatch_env22000,mass_damping_mismatch,constant_alpha,2,2080,,wm,1.0,1.0,0.0,0.0,0.0,0.9341263591188322,0.9342731966874175,0.0005013677230496505
val,scn3_actuator_delay_noise_env22000,actuator_delay_noise,constant_alpha,3,2,,physics_persistence,0.990909090909091,0.0,0.0014471490979577574,0.7,0.8,1.5237488926618483,1.5336557947849032,0.010207765714397299
val,scn3_actuator_delay_noise_env22000,actuator_delay_noise,constant_alpha,3,2,,wm,0.990909090909091,0.0,0.0014471490979577574,0.7,0.8,1.5237488926618483,1.5336557947849032,0.009807001850575148
val,scn3_actuator_delay_noise_env22000,actuator_delay_noise,constant_alpha,3,273,,physics_persistence,1.0,1.0,0.0,0.7,0.7,0.8325019774741355,0.8504734590636713,0.01810459181895263
val,scn3_actuator_delay_noise_env22000,actuator_delay_noise,constant_alpha,3,273,,wm,0.990909090909091,0.0,0.004583663376049024,0.7,0.8,0.8325019774741355,0.8504734590636713,0.018594640671301677
val,scn3_actuator_delay_noise_env22000,actuator_delay_noise,constant_alpha,3,452,,physics_persistence,1.0,1.0,0.0,1.0,1.0,0.1521982204395374,0.16980727028271536,0.017214279185560344
val,scn3_actuator_delay_noise_env22000,actuator_delay_noise,constant_alpha,3,452,,wm,1.0,1.0,0.0,1.0,1.0,0.1521982204395374,0.16980727028271536,0.01699722436713999
val,scn3_actuator_delay_noise_env22000,actuator_delay_noise,constant_alpha,3,632,,physics_persistence,1.0,1.0,0.0,1.0,1.0,0.09804617358661381,0.11433612240564377,0.016176920970642356
val,scn3_actuator_delay_noise_env22000,actuator_delay_noise,constant_alpha,3,632,,wm,1.0,1.0,0.0,1.0,1.0,0.09804617358661381,0.11433612240564377,0.016144828028023472
val,scn3_actuator_delay_noise_env22000,actuator_delay_noise,constant_alpha,3,817,,physics_persistence,1.0,1.0,0.0,1.0,1.0,0.7319334077497197,0.7968746040016668,0.06642533168672238
val,scn3_actuator_delay_noise_env22000,actuator_delay_noise,constant_alpha,3,817,,wm,1.0,1.0,0.0,1.0,1.0,0.7319334077497197,0.7968746040016668,0.06609634634173611
val,scn3_actuator_delay_noise_env22000,actuator_delay_noise,constant_alpha,3,998,,physics_persistence,-0.009090909090909092,0.0,0.403415034273579,0.3,0.8,0.11150966094053666,0.13225893408357847,0.006740626913014469
val,scn3_actuator_delay_noise_env22000,actuator_delay_noise,constant_alpha,3,998,,wm,0.9545454545454546,0.0,0.09768230520789473,0.3,0.5,0.11150966094053666,0.13225893408357847,0.003357946403080292
val,scn3_actuator_delay_noise_env22000,actuator_delay_noise,constant_alpha,3,1178,,physics_persistence,1.0,1.0,0.0,0.0,0.0,0.057601296063250915,0.05906420916909511,0.0014269285865302558
val,scn3_actuator_delay_noise_env22000,actuator_delay_noise,constant_alpha,3,1178,,wm,1.0,1.0,0.0,0.0,0.0,0.057601296063250915,0.05906420916909511,0.0015015236540547108
val,scn3_actuator_delay_noise_env22000,actuator_delay_noise,constant_alpha,3,1357,,physics_persistence,1.0,1.0,0.0,1.0,1.0,0.21846094304102157,0.24489202351520664,0.028018561432879868
val,scn3_actuator_delay_noise_env22000,actuator_delay_noise,constant_alpha,3,1357,,wm,1.0,1.0,0.0,1.0,1.0,0.21846094304102157,0.24489202351520664,0.027404052778675886
val,scn3_actuator_delay_noise_env22000,actuator_delay_noise,constant_alpha,3,1539,,physics_persistence,1.0,1.0,0.0,1.0,1.0,0.4496976286735925,0.4854246550591913,0.035534389014440004
val,scn3_actuator_delay_noise_env22000,actuator_delay_noise,constant_alpha,3,1539,,wm,1.0,1.0,0.0,1.0,1.0,0.4496976286735925,0.4854246550591913,0.035775045788579485
val,scn3_actuator_delay_noise_env22000,actuator_delay_noise,constant_alpha,3,1720,,physics_persistence,1.0,1.0,0.0,1.0,1.0,0.2547113953851121,0.27774200436100893,0.025508884666821774
val,scn3_actuator_delay_noise_env22000,actuator_delay_noise,constant_alpha,3,1720,,wm,1.0,1.0,0.0,1.0,1.0,0.2547113953851121,0.27774200436100893,0.026350132854935537
val,scn3_actuator_delay_noise_env22000,actuator_delay_noise,constant_alpha,3,1900,,physics_persistence,1.0,1.0,0.0,0.9,0.9,0.1790750763820297,0.19714977856654184,0.017369127716479804
val,scn3_actuator_delay_noise_env22000,actuator_delay_noise,constant_alpha,3,1900,,wm,1.0,1.0,0.0,0.9,0.9,0.1790750763820297,0.19714977856654184,0.01748256566965617
val,scn3_actuator_delay_noise_env22000,actuator_delay_noise,constant_alpha,3,2080,,physics_persistence,1.0,1.0,0.0,1.0,1.0,0.02322302970073442,0.024815792079218333,0.0012139825363322136
val,scn3_actuator_delay_noise_env22000,actuator_delay_noise,constant_alpha,3,2080,,wm,1.0,1.0,0.0,1.0,1.0,0.02322302970073442,0.024815792079218333,0.0012961959393595242
val,scn2_mass_damping_mismatch_env22000,mass_damping_mismatch,transformer,2,61,,physics_persistence,1.0,1.0,0.0,0.9,0.9,1.6193897533104924,1.704528109949624,0.08106285560669857
val,scn2_mass_damping_mismatch_env22000,mass_damping_mismatch,transformer,2,61,,wm,0.990909090909091,1.0,0.0,0.9,0.9,1.6193897533104924,1.704528109949624,0.08181396364940063
val,scn2_mass_damping_mismatch_env22000,mass_damping_mismatch,transformer,2,250,,physics_persistence,1.0,1.0,0.0,1.0,1.0,0.02733845378047089,0.033449498510564196,0.005994910080310705
val,scn2_mass_damping_mismatch_env22000,mass_damping_mismatch,transformer,2,250,,wm,1.0,1.0,0.0,1.0,1.0,0.02733845378047089,0.033449498510564196,0.006022117893973673
val,scn2_mass_damping_mismatch_env22000,mass_damping_mismatch,transformer,2,437,,physics_persistence,1.0,1.0,0.0,1.0,1.0,0.001170396205124504,0.0019961342137681643,0.0007287471785270066
val,scn2_mass_damping_mismatch_env22000,mass_damping_mismatch,transformer,2,437,,wm,1.0,1.0,0.0,1.0,1.0,0.001170396205124504,0.0019961342137681643,0.0008102692452173058
val,scn2_mass_damping_mismatch_env22000,mass_damping_mismatch,transformer,2,619,,physics_persistence,1.0,1.0,0.0,1.0,1.0,0.0017833780333613972,0.002166346252241417,0.00020357126467984493
val,scn2_mass_damping_mismatch_env22000,mass_damping_mismatch,transformer,2,619,,wm,0.990909090909091,0.0,0.03420917782657732,1.0,0.9,0.0017833780333613972,0.002166346252241417,0.00024829619175113934
val,scn2_mass_damping_mismatch_env22000,mass_damping_mismatch,transformer,2,801,,physics_persistence,1.0,1.0,0.0,1.0,1.0,0.0013647260831256593,0.002651240230222619,0.0012827902938313404
val,scn2_mass_damping_mismatch_env22000,mass_damping_mismatch,transformer,2,801,,wm,1.0,1.0,0.0,1.0,1.0,0.0013647260831256593,0.002651240230222619,0.001261769316839828
val,scn2_mass_damping_mismatch_env22000,mass_damping_mismatch,transformer,2,984,,physics_persistence,0.5727272727272729,0.0,0.07644616041399739,0.8,0.6,0.022340044842817038,0.022467029702755693,5.4310637173937e-05
val,scn2_mass_damping_mismatch_env22000,mass_damping_mismatch,transformer,2,984,,wm,-0.6272727272727273,0.0,0.4251087352268289,0.8,0.3,0.022340044842817038,0.022467029702755693,7.896913701382555e-05
val,scn2_mass_damping_mismatch_env22000,mass_damping_mismatch,transformer,2,1167,,physics_persistence,1.0,1.0,0.0,1.0,1.0,0.0049282058621208345,0.005551880733173248,0.0006857749722108753
val,scn2_mass_damping_mismatch_env22000,mass_damping_mismatch,transformer,2,1167,,wm,1.0,1.0,0.0,1.0,1.0,0.0049282058621208345,0.005551880733173248,0.0007538727698904162
val,scn2_mass_damping_mismatch_env22000,mass_damping_mismatch,transformer,2,1351,,physics_persistence,1.0,1.0,0.0,1.0,1.0,0.0007213762940016842,0.0033654554250937573,0.0024560871503168176
val,scn2_mass_damping_mismatch_env22000,mass_damping_mismatch,transformer,2,1351,,wm,1.0,1.0,0.0,1.0,1.0,0.0007213762940016842,0.0033654554250937573,0.002549515836334437
val,scn2_mass_damping_mismatch_env22000,mass_damping_mismatch,transformer,2,1533,,physics_persistence,1.0,1.0,0.0,1.0,1.0,0.0028555610250253598,0.0035719809896097685,0.0008472754147341647
val,scn2_mass_damping_mismatch_env22000,mass_damping_mismatch,transformer,2,1533,,wm,1.0,1.0,0.0,1.0,1.0,0.0028555610250253598,0.0035719809896097685,0.0008767318351877323
val,scn2_mass_damping_mismatch_env22000,mass_damping_mismatch,transformer,2,1715,,physics_persistence,1.0,1.0,0.0,1.0,1.0,0.0019304338116559116,0.0033515134247422643,0.0014211647262400138
val,scn2_mass_damping_mismatch_env22000,mass_damping_mismatch,transformer,2,1715,,wm,1.0,1.0,0.0,1.0,1.0,0.0019304338116559116,0.0033515134247422643,0.0014289267485001768
val,scn2_mass_damping_mismatch_env22000,mass_damping_mismatch,transformer,2,1898,,physics_persistence,1.0,1.0,0.0,1.0,1.0,0.0016394934648993782,0.002803650875139909,0.0011566381882397688
val,scn2_mass_damping_mismatch_env22000,mass_damping_mismatch,transformer,2,1898,,wm,1.0,1.0,0.0,1.0,1.0,0.0016394934648993782,0.002803650875139909,0.0010886628840234525
val,scn2_mass_damping_mismatch_env22000,mass_damping_mismatch,transformer,2,2080,,physics_persistence,1.0,1.0,0.0,0.0,0.0,0.9479295303417792,0.9480755780348947,0.00027002351672955616
val,scn2_mass_damping_mismatch_env22000,mass_damping_mismatch,transformer,2,2080,,wm,1.0,1.0,0.0,0.0,0.0,0.9479295303417792,0.9480755780348947,0.0005147078904090829
val,scn3_actuator_delay_noise_env22000,actuator_delay_noise,constant_alpha,3,1,,physics_persistence,1.0,1.0,0.0,0.7,0.7,1.458778336877186,1.4679890704648204,0.009451418361766883
val,scn3_actuator_delay_noise_env22000,actuator_delay_noise,constant_alpha,3,1,,wm,0.990909090909091,1.0,0.0,0.7,0.7,1.458778336877186,1.4679890704648204,0.008966738191994228
val,scn3_actuator_delay_noise_env22000,actuator_delay_noise,constant_alpha,3,451,,physics_persistence,1.0,1.0,0.0,1.0,1.0,0.00810441329060994,0.01199194771250668,0.003945946358897723
val,scn3_actuator_delay_noise_env22000,actuator_delay_noise,constant_alpha,3,451,,wm,1.0,1.0,0.0,1.0,1.0,0.00810441329060994,0.01199194771250668,0.004269330779527427
val,scn3_actuator_delay_noise_env22000,actuator_delay_noise,constant_alpha,3,809,,physics_persistence,1.0,1.0,0.0,1.0,1.0,0.009803628245589894,0.018730520042915234,0.0089469288658558
val,scn3_actuator_delay_noise_env22000,actuator_delay_noise,constant_alpha,3,809,,wm,1.0,1.0,0.0,1.0,1.0,0.009803628245589894,0.018730520042915234,0.009007835987732119
val,scn3_actuator_delay_noise_env22000,actuator_delay_noise,constant_alpha,3,1166,,physics_persistence,1.0,1.0,0.0,1.0,1.0,0.006237589111073114,0.007030959555446189,0.0008866781251398725
val,scn3_actuator_delay_noise_env22000,actuator_delay_noise,constant_alpha,3,1166,,wm,1.0,1.0,0.0,1.0,1.0,0.006237589111073114,0.007030959555446189,0.0009222230861775276
val,scn3_actuator_delay_noise_env22000,actuator_delay_noise,constant_alpha,3,1522,,physics_persistence,1.0,1.0,0.0,1.0,1.0,0.01024324132393787,0.014369348145997326,0.004120759411404513
val,scn3_actuator_delay_noise_env22000,actuator_delay_noise,constant_alpha,3,1522,,wm,1.0,1.0,0.0,1.0,1.0,0.01024324132393787,0.014369348145997326,0.004168814394736681
val,scn3_actuator_delay_noise_env22000,actuator_delay_noise,constant_alpha,3,1880,,physics_persistence,1.0,1.0,0.0,1.0,1.0,0.0069902858898636625,0.011645886202324922,0.004512850287297949
val,scn3_actuator_delay_noise_env22000,actuator_delay_noise,constant_alpha,3,1880,,wm,1.0,1.0,0.0,1.0,1.0,0.0069902858898636625,0.011645886202324922,0.004633818000968137
val,scn3_actuator_delay_noise_env22000,actuator_delay_noise,constant_alpha,3,221,,physics_persistence,1.0,1.0,0.0,1.0,1.0,0.11925103395234166,0.13149152699885652,0.012301768797696566
val,scn3_actuator_delay_noise_env22000,actuator_delay_noise,constant_alpha,3,221,,wm,1.0,1.0,0.0,1.0,1.0,0.11925103395234166,0.13149152699885652,0.01223326056340597
val,scn3_actuator_delay_noise_env22000,actuator_delay_noise,constant_alpha,3,594,,physics_persistence,1.0,1.0,0.0,0.0,0.0,0.13513796783302004,0.160566714292818,0.025017502652727674
val,scn3_actuator_delay_noise_env22000,actuator_delay_noise,constant_alpha,3,594,,wm,1.0,1.0,0.0,0.0,0.0,0.13513796783302004,0.160566714292818,0.02528475693537835
val,scn3_actuator_delay_noise_env22000,actuator_delay_noise,constant_alpha,3,959,,physics_persistence,0.9727272727272729,0.0,0.012443293282158477,0.4,0.5,0.8767765058012622,0.8782457870654553,0.001210416682007942
val,scn3_actuator_delay_noise_env22000,actuator_delay_noise,constant_alpha,3,959,,wm,-0.36363636363636365,0.0,1.0,0.4,1.0,0.8767765058012622,0.8782457870654553,0.004589195509340005
val,scn3_actuator_delay_noise_env22000,actuator_delay_noise,constant_alpha,3,1328,,physics_persistence,0.990909090909091,0.0,0.0010001918730626637,0.2,0.1,0.034709946517412424,0.047679165059964265,0.012722416160615355
val,scn3_actuator_delay_noise_env22000,actuator_delay_noise,constant_alpha,3,1328,,wm,0.990909090909091,0.0,0.0010001918730626637,0.2,0.1,0.034709946517412424,0.047679165059964265,0.012466816186599096
val,scn3_actuator_delay_noise_env22000,actuator_delay_noise,constant_alpha,3,1705,,physics_persistence,1.0,1.0,0.0,1.0,1.0,0.29461518417000704,0.3272138543172942,0.027046231792240305
val,scn3_actuator_delay_noise_env22000,actuator_delay_noise,constant_alpha,3,1705,,wm,1.0,1.0,0.0,1.0,1.0,0.29461518417000704,0.3272138543172942,0.026843970826210983
val,scn3_actuator_delay_noise_env22000,actuator_delay_noise,constant_alpha,3,2080,,physics_persistence,1.0,1.0,0.0,0.0,0.0,0.08375675586646913,0.09836918231486923,0.014429960005017103
val,scn3_actuator_delay_noise_env22000,actuator_delay_noise,constant_alpha,3,2080,,wm,1.0,1.0,0.0,0.0,0.0,0.08375675586646913,0.09836918231486923,0.01441021728316294
val,scn1_structured_env22001,structured,constant_alpha,1,1,,physics_persistence,1.0,1.0,0.0,0.0,0.0,1.325330545605426,1.3567692987807507,0.030781549449791168
val,scn1_structured_env22001,structured,constant_alpha,1,1,,wm,1.0,1.0,0.0,0.0,0.0,1.325330545605426,1.3567692987807507,0.031485199676500875
val,scn1_structured_env22001,structured,constant_alpha,1,243,,physics_persistence,1.0,1.0,0.0,0.8,0.8,1.4056645984017455,1.4603669052983164,0.05763229309469975
val,scn1_structured_env22001,structured,constant_alpha,1,243,,wm,1.0,1.0,0.0,0.8,0.8,1.4056645984017455,1.4603669052983164,0.05799491743109764
val,scn1_structured_env22001,structured,constant_alpha,1,425,,physics_persistence,1.0,1.0,0.0,1.0,1.0,0.19185867711137153,0.20689404801228645,0.01647772456651539
val,scn1_structured_env22001,structured,constant_alpha,1,425,,wm,1.0,1.0,0.0,1.0,1.0,0.19185867711137153,0.20689404801228645,0.017548021956619697
val,scn1_structured_env22001,structured,constant_alpha,1,608,,physics_persistence,1.0,1.0,0.0,1.0,1.0,0.09331335123104435,0.10712876713540845,0.013518919574216012
val,scn1_structured_env22001,structured,constant_alpha,1,608,,wm,1.0,1.0,0.0,1.0,1.0,0.09331335123104435,0.10712876713540845,0.013391222660883051
val,scn1_structured_env22001,structured,constant_alpha,1,792,,physics_persistence,1.0,1.0,0.0,1.0,1.0,0.5180431852968869,0.5825900236004657,0.0645937231635868
val,scn1_structured_env22001,structured,constant_alpha,1,792,,wm,1.0,1.0,0.0,1.0,1.0,0.5180431852968869,0.5825900236004657,0.0656501421744331
val,scn1_structured_env22001,structured,constant_alpha,1,975,,physics_persistence,1.0,1.0,0.0,1.0,1.0,0.0866553699990619,0.09455408382802523,0.007164866632090067
val,scn1_structured_env22001,structured,constant_alpha,1,975,,wm,1.0,1.0,0.0,1.0,1.0,0.0866553699990619,0.09455408382802523,0.007367116724094264
val,scn1_structured_env22001,structured,constant_alpha,1,1159,,physics_persistence,1.0,1.0,0.0,0.0,0.0,0.4725408821448282,0.48387608848099,0.011850453384685933
val,scn1_structured_env22001,structured,constant_alpha,1,1159,,wm,0.881818181818182,1.0,0.0,0.0,0.0,0.4725408821448282,0.48387608848099,0.0038901315121121494
val,scn1_structured_env22001,structured,constant_alpha,1,1341,,physics_persistence,1.0,1.0,0.0,0.9,0.9,0.6630548478457514,0.7068944437437095,0.04223104040471348
val,scn1_structured_env22001,structured,constant_alpha,1,1341,,wm,1.0,1.0,0.0,0.9,0.9,0.6630548478457514,0.7068944437437095,0.04140965354476045
val,scn1_structured_env22001,structured,constant_alpha,1,1525,,physics_persistence,1.0,1.0,0.0,1.0,1.0,0.1359271733624577,0.1486315032076757,0.012892875683530036
val,scn1_structured_env22001,structured,constant_alpha,1,1525,,wm,1.0,1.0,0.0,1.0,1.0,0.1359271733624577,0.1486315032076757,0.013496747465355785
val,scn1_structured_env22001,structured,constant_alpha,1,1708,,physics_persistence,1.0,1.0,0.0,1.0,1.0,0.11502817477682259,0.13237451310142506,0.018076422152325078
val,scn1_structured_env22001,structured,constant_alpha,1,1708,,wm,1.0,1.0,0.0,1.0,1.0,0.11502817477682259,0.13237451310142506,0.018676163150073435
val,scn1_structured_env22001,structured,constant_alpha,1,1894,,physics_persistence,1.0,1.0,0.0,0.9,0.9,0.7303449754159276,0.7863482738222247,0.056550726680480445
val,scn1_structured_env22001,structured,constant_alpha,1,1894,,wm,1.0,1.0,0.0,0.9,0.9,0.7303449754159276,0.7863482738222247,0.05698597406905459
val,scn1_structured_env22001,structured,constant_alpha,1,2080,,physics_persistence,1.0,1.0,0.0,1.0,1.0,0.03358562774039082,0.038676744387860174,0.005067407943280804
val,scn1_structured_env22001,structured,constant_alpha,1,2080,,wm,1.0,1.0,0.0,1.0,1.0,0.03358562774039082,0.038676744387860174,0.004999612356483614
val,scn3_actuator_delay_noise_env22000,actuator_delay_noise,transformer,3,1,,physics_persistence,0.990909090909091,0.0,0.0010186881357173985,0.7,0.8,1.4236040996471886,1.478837679696102,0.05472363184730389
val,scn3_actuator_delay_noise_env22000,actuator_delay_noise,transformer,3,1,,wm,1.0,1.0,0.0,0.7,0.7,1.4236040996471886,1.478837679696102,0.05551286033188707
val,scn3_actuator_delay_noise_env22000,actuator_delay_noise,transformer,3,205,,physics_persistence,1.0,1.0,0.0,1.0,1.0,0.06250404466907357,0.06523497573398779,0.002726021042573447
val,scn3_actuator_delay_noise_env22000,actuator_delay_noise,transformer,3,205,,wm,1.0,1.0,0.0,1.0,1.0,0.06250404466907357,0.06523497573398779,0.002759363290662703
val,scn3_actuator_delay_noise_env22000,actuator_delay_noise,transformer,3,392,,physics_persistence,1.0,1.0,0.0,1.0,1.0,0.03443365708990152,0.07817846718286553,0.04424279346515862
val,scn3_actuator_delay_noise_env22000,actuator_delay_noise,transformer,3,392,,wm,1.0,1.0,0.0,1.0,1.0,0.03443365708990152,0.07817846718286553,0.04420082875416594
val,scn3_actuator_delay_noise_env22000,actuator_delay_noise,transformer,3,581,,physics_persistence,1.0,1.0,0.0,1.0,1.0,0.0815982933380432,0.09788777510201428,0.016564334674737127
val,scn3_actuator_delay_noise_env22000,actuator_delay_noise,transformer,3,581,,wm,1.0,1.0,0.0,1.0,1.0,0.0815982933380432,0.09788777510201428,0.016387918526732964
val,scn3_actuator_delay_noise_env22000,actuator_delay_noise,transformer,3,771,,physics_persistence,1.0,1.0,0.0,1.0,1.0,0.0836837629241132,0.10919192664212302,0.026062346013051907
val,scn3_actuator_delay_noise_env22000,actuator_delay_noise,transformer,3,771,,wm,1.0,1.0,0.0,1.0,1.0,0.0836837629241132,0.10919192664212302,0.026206276148617647
val,scn3_actuator_delay_noise_env22000,actuator_delay_noise,transformer,3,955,,physics_persistence,1.0,1.0,0.0,0.0,0.0,0.3535148479223934,0.3617753199738277,0.0082732074297458
val,scn3_actuator_delay_noise_env22000,actuator_delay_noise,transformer,3,955,,wm,1.0,1.0,0.0,0.0,0.0,0.3535148479223934,0.3617753199738277,0.011308731222369584
val,scn3_actuator_delay_noise_env22000,actuator_delay_noise,transformer,3,1135,,physics_persistence,1.0,1.0,0.0,1.0,1.0,0.008418423826507504,0.009244886339927802,0.0008850693139188671
val,scn3_actuator_delay_noise_env22000,actuator_delay_noise,transformer,3,1135,,wm,1.0,1.0,0.0,1.0,1.0,0.008418423826507504,0.009244886339927802,0.0008724421387387212
val,scn3_actuator_delay_noise_env22000,actuator_delay_noise,transformer,3,1329,,physics_persistence,0.990909090909091,1.0,0.0,0.4,0.4,0.034544587150463504,0.03812455475409397,0.003455745093643721
val,scn3_actuator_delay_noise_env22000,actuator_delay_noise,transformer,3,1329,,wm,0.990909090909091,1.0,0.0,0.4,0.4,0.034544587150463504,0.03812455475409397,0.003426520391927
val,scn3_actuator_delay_noise_env22000,actuator_delay_noise,transformer,3,1526,,physics_persistence,1.0,1.0,0.0,1.0,1.0,0.36214470916962765,0.3688810282286914,0.009114730901454593
val,scn3_actuator_delay_noise_env22000,actuator_delay_noise,transformer,3,1526,,wm,1.0,1.0,0.0,1.0,1.0,0.36214470916962765,0.3688810282286914,0.009306738587279262
val,scn3_actuator_delay_noise_env22000,actuator_delay_noise,transformer,3,1709,,physics_persistence,1.0,1.0,0.0,1.0,1.0,0.0575211214692465,0.06287790494839825,0.0058104982084756646
val,scn3_actuator_delay_noise_env22000,actuator_delay_noise,transformer,3,1709,,wm,1.0,1.0,0.0,1.0,1.0,0.0575211214692465,0.06287790494839825,0.005929185285614889
val,scn3_actuator_delay_noise_env22000,actuator_delay_noise,transformer,3,1891,,physics_persistence,1.0,1.0,0.0,0.1,0.1,0.05914841011884357,0.07443467431861764,0.015240224781895517
val,scn3_actuator_delay_noise_env22000,actuator_delay_noise,transformer,3,1891,,wm,1.0,1.0,0.0,0.1,0.1,0.05914841011884357,0.07443467431861764,0.015371808529388596
val,scn3_actuator_delay_noise_env22000,actuator_delay_noise,transformer,3,2080,,physics_persistence,1.0,1.0,0.0,0.0,0.0,0.048034129860299604,0.06081494710750117,0.012760226787863253
val,scn3_actuator_delay_noise_env22000,actuator_delay_noise,transformer,3,2080,,wm,1.0,1.0,0.0,0.0,0.0,0.048034129860299604,0.06081494710750117,0.013027356533443162
val,scn1_structured_env22001,structured,constant_alpha,1,3,,physics_persistence,0.990909090909091,0.0,0.008565978711693,0.0,0.1,1.3610390882720056,1.3872666576799195,0.025671063161986307
val,scn1_structured_env22001,structured,constant_alpha,1,3,,wm,1.0,1.0,0.0,0.0,0.0,1.3610390882720056,1.3872666576799195,0.026431993343602134
val,scn1_structured_env22001,structured,constant_alpha,1,560,,physics_persistence,1.0,1.0,0.0,1.0,1.0,0.004167937878069265,0.0064015887044831105,0.0024595664847845465
val,scn1_structured_env22001,structured,constant_alpha,1,560,,wm,1.0,1.0,0.0,1.0,1.0,0.004167937878069265,0.0064015887044831105,0.0026664996077273235
val,scn1_structured_env22001,structured,constant_alpha,1,1116,,physics_persistence,1.0,1.0,0.0,0.0,0.0,0.2389616775398972,0.24295284394354025,0.003854650876078225
val,scn1_structured_env22001,structured,constant_alpha,1,1116,,wm,1.0,1.0,0.0,0.0,0.0,0.2389616775398972,0.24295284394354025,0.004074065676454741
val,scn1_structured_env22001,structured,constant_alpha,1,1675,,physics_persistence,1.0,1.0,0.0,1.0,1.0,0.0067394799078681405,0.00982495402904561,0.00340608424708646
val,scn1_structured_env22001,structured,constant_alpha,1,1675,,wm,1.0,1.0,0.0,1.0,1.0,0.0067394799078681405,0.00982495402904561,0.0035632372775808267
val,scn1_structured_env22001,structured,constant_alpha,1,192,,physics_persistence,1.0,1.0,0.0,0.0,0.0,0.057722475754615477,0.06247983113481712,0.004987442390941552
val,scn1_structured_env22001,structured,constant_alpha,1,192,,wm,1.0,1.0,0.0,0.0,0.0,0.057722475754615477,0.06247983113481712,0.004890348561260957
val,scn1_structured_env22001,structured,constant_alpha,1,747,,physics_persistence,1.0,1.0,0.0,0.9,0.9,0.0002562414415564033,0.0018339346405426761,0.001523763577562146
val,scn1_structured_env22001,structured,constant_alpha,1,747,,wm,1.0,1.0,0.0,0.9,0.9,0.0002562414415564033,0.0018339346405426761,0.0016122453303973137
val,scn1_structured_env22001,structured,constant_alpha,1,1303,,physics_persistence,1.0,1.0,0.0,1.0,1.0,0.006723086352355226,0.010730201702707484,0.00413501002577123
val,scn1_structured_env22001,structured,constant_alpha,1,1303,,wm,1.0,1.0,0.0,1.0,1.0,0.006723086352355226,0.010730201702707484,0.004238825620224981
val,scn1_structured_env22001,structured,constant_alpha,1,1859,,physics_persistence,1.0,1.0,0.0,1.0,1.0,0.0007999257833714997,0.002711757201373564,0.001811975170840318
val,scn1_structured_env22001,structured,constant_alpha,1,1859,,wm,1.0,1.0,0.0,1.0,1.0,0.0007999257833714997,0.002711757201373564,0.0018628684656183095
val,scn1_structured_env22001,structured,transformer,1,404,,physics_persistence,1.0,1.0,0.0,1.0,1.0,0.0016773683007244202,0.002815915925673804,0.000902406049608184
val,scn1_structured_env22001,structured,transformer,1,404,,wm,1.0,1.0,0.0,1.0,1.0,0.0016773683007244202,0.002815915925673804,0.0010445868114708982
val,scn1_structured_env22001,structured,transformer,1,959,,physics_persistence,1.0,1.0,0.0,0.3,0.3,0.005729941106819186,0.005987615260834858,0.0001764180768111176
val,scn1_structured_env22001,structured,transformer,1,959,,wm,1.0,1.0,0.0,0.3,0.3,0.005729941106819186,0.005987615260834858,0.00020848453389624242
val,scn1_structured_env22001,structured,transformer,1,1523,,physics_persistence,1.0,1.0,0.0,1.0,1.0,0.0050302597483770795,0.005734839832076033,0.0004947626668571061
val,scn1_structured_env22001,structured,transformer,1,1523,,wm,1.0,1.0,0.0,1.0,1.0,0.0050302597483770795,0.005734839832076033,0.0005639292450566836
val,scn1_structured_env22001,structured,transformer,1,2080,,physics_persistence,0.690909090909091,0.0,0.20074788921511466,0.7,1.0,0.003019526034063908,0.0030219800550219137,1.774133678774173e-05
val,scn1_structured_env22001,structured,transformer,1,2080,,wm,0.690909090909091,0.0,0.20074788921511466,0.7,1.0,0.003019526034063908,0.0030219800550219137,2.1992023137403643e-05
val,scn2_structured_env22001,structured,constant_alpha,2,6,,physics_persistence,1.0,1.0,0.0,0.5,0.5,1.4346948169996823,1.4425368311393076,0.007648056683058346
val,scn2_structured_env22001,structured,constant_alpha,2,6,,wm,0.990909090909091,0.0,0.006083961943693194,0.5,0.4,1.4346948169996823,1.4425368311393076,0.00790548212840414
val,scn2_structured_env22001,structured,constant_alpha,2,647,,physics_persistence,1.0,1.0,0.0,1.0,1.0,0.10523415206905275,0.12545188558562154,0.020330453392793782
val,scn2_structured_env22001,structured,constant_alpha,2,647,,wm,1.0,1.0,0.0,1.0,1.0,0.10523415206905275,0.12545188558562154,0.021118749606092405
val,scn2_structured_env22001,structured,constant_alpha,2,1203,,physics_persistence,1.0,1.0,0.0,1.0,1.0,0.041407715460060314,0.04844257250483762,0.006782966514077088
val,scn2_structured_env22001,structured,constant_alpha,2,1203,,wm,1.0,1.0,0.0,1.0,1.0,0.041407715460060314,0.04844257250483762,0.006771369670852165
val,scn2_structured_env22001,structured,constant_alpha,2,1763,,physics_persistence,1.0,1.0,0.0,0.9,0.9,0.47568872737604373,0.51310343653667,0.03811684027270479
val,scn2_structured_env22001,structured,constant_alpha,2,1763,,wm,0.990909090909091,1.0,0.0,0.9,0.9,0.47568872737604373,0.51310343653667,0.03925037882548249
val,scn2_structured_env22001,structured,constant_alpha,2,291,,physics_persistence,1.0,1.0,0.0,1.0,1.0,0.01596596707117127,0.025312755468065228,0.009032505935776862
val,scn2_structured_env22001,structured,constant_alpha,2,291,,wm,1.0,1.0,0.0,1.0,1.0,0.01596596707117127,0.025312755468065228,0.00925250432543017
val,scn2_structured_env22001,structured,constant_alpha,2,845,,physics_persistence,1.0,1.0,0.0,1.0,1.0,0.05171269068133652,0.056229867836963786,0.003985085762612944
val,scn2_structured_env22001,structured,constant_alpha,2,845,,wm,1.0,1.0,0.0,1.0,1.0,0.05171269068133652,0.056229867836963786,0.004033357027918204
val,scn2_structured_env22001,structured,constant_alpha,2,1398,,physics_persistence,1.0,1.0,0.0,1.0,1.0,0.012077122287781855,0.021559032510434197,0.009111032379789864
val,scn2_structured_env22001,structured,constant_alpha,2,1398,,wm,1.0,1.0,0.0,1.0,1.0,0.012077122287781855,0.021559032510434197,0.009153116958462795
val,scn2_structured_env22001,structured,constant_alpha,2,1950,,physics_persistence,1.0,1.0,0.0,1.0,1.0,0.007366831260725723,0.010044841731148014,0.003188981135497217
val,scn2_structured_env22001,structured,constant_alpha,2,1950,,wm,1.0,1.0,0.0,1.0,1.0,0.007366831260725723,0.010044841731148014,0.0031154203171423556
val,scn2_structured_env22001,structured,constant_alpha,2,416,,physics_persistence,1.0,1.0,0.0,1.0,1.0,0.0018781904398586485,0.002567690650591951,0.0007569132311498626
val,scn2_structured_env22001,structured,constant_alpha,2,416,,wm,1.0,1.0,0.0,1.0,1.0,0.0018781904398586485,0.002567690650591951,0.000796173566711711
val,scn2_structured_env22001,structured,constant_alpha,2,970,,physics_persistence,-0.17272727272727276,0.0,1.0,0.6,0.0,0.05638705681209934,0.05643900236769779,0.00024688501824944586
val,scn2_structured_env22001,structured,constant_alpha,2,970,,wm,-0.17272727272727276,0.0,1.0,0.6,0.0,0.05638705681209934,0.05643900236769779,0.00039319543344073365
val,scn2_structured_env22001,structured,constant_alpha,2,1523,,physics_persistence,1.0,1.0,0.0,1.0,1.0,0.0037758168947377145,0.004844851031121903,0.0008304743516877417
val,scn2_structured_env22001,structured,constant_alpha,2,1523,,wm,1.0,1.0,0.0,1.0,1.0,0.0037758168947377145,0.004844851031121903,0.0008884120011012986
val,scn2_structured_env22001,structured,constant_alpha,2,2080,,physics_persistence,1.0,1.0,0.0,0.0,0.0,1.1514967774287883,1.151829185471393,0.00034170220657747663
val,scn2_structured_env22001,structured,constant_alpha,2,2080,,wm,1.0,1.0,0.0,0.0,0.0,1.1514967774287883,1.151829185471393,0.0005840827428416073
val,scn3_structured_env22001,structured,constant_alpha,3,1,,physics_persistence,1.0,1.0,0.0,0.0,0.0,1.325330545605426,1.3567692987807507,0.030781549449791168
val,scn3_structured_env22001,structured,constant_alpha,3,1,,wm,1.0,1.0,0.0,0.0,0.0,1.325330545605426,1.3567692987807507,0.031200232156750163
val,scn3_structured_env22001,structured,constant_alpha,3,268,,physics_persistence,1.0,1.0,0.0,1.0,1.0,1.2511702702251377,1.3036556584079937,0.0513834509779747
val,scn3_structured_env22001,structured,constant_alpha,3,268,,wm,1.0,1.0,0.0,1.0,1.0,1.2511702702251377,1.3036556584079937,0.052267341350427765
val,scn3_structured_env22001,structured,constant_alpha,3,449,,physics_persistence,1.0,1.0,0.0,1.0,1.0,0.15054307083923663,0.16594489619624153,0.015767121536729684
val,scn3_structured_env22001,structured,constant_alpha,3,449,,wm,1.0,1.0,0.0,1.0,1.0,0.15054307083923663,0.16594489619624153,0.01603680653295214
val,scn3_structured_env22001,structured,constant_alpha,3,629,,physics_persistence,1.0,1.0,0.0,1.0,1.0,0.09948185317342773,0.11550685046896131,0.01565671309431889
val,scn3_structured_env22001,structured,constant_alpha,3,629,,wm,1.0,1.0,0.0,1.0,1.0,0.09948185317342773,0.11550685046896131,0.015588852397182384
val,scn3_structured_env22001,structured,constant_alpha,3,810,,physics_persistence,1.0,1.0,0.0,1.0,1.0,0.6248042733627976,0.6901901160834536,0.06705890807288051
val,scn3_structured_env22001,structured,constant_alpha,3,810,,wm,1.0,1.0,0.0,1.0,1.0,0.6248042733627976,0.6901901160834536,0.06665723989187566
val,scn3_structured_env22001,structured,constant_alpha,3,990,,physics_persistence,0.9363636363636365,0.0,0.02239167020094264,0.8,1.0,0.08641817279982107,0.10963033351055865,0.007141736127225906
val,scn3_structured_env22001,structured,constant_alpha,3,990,,wm,0.9727272727272729,0.0,0.010836996004664775,0.8,0.7,0.08641817279982107,0.10963033351055865,0.004373370758549794
val,scn3_structured_env22001,structured,constant_alpha,3,1171,,physics_persistence,1.0,1.0,0.0,1.0,1.0,0.0455879877852961,0.04928010361296779,0.004158317545955338
val,scn3_structured_env22001,structured,constant_alpha,3,1171,,wm,1.0,1.0,0.0,1.0,1.0,0.0455879877852961,0.04928010361296779,0.004031340082833526
val,scn3_structured_env22001,structured,constant_alpha,3,1351,,physics_persistence,1.0,1.0,0.0,1.0,1.0,0.21008091921522312,0.23462558727016042,0.025068434642663423
val,scn3_structured_env22001,structured,constant_alpha,3,1351,,wm,1.0,1.0,0.0,1.0,1.0,0.21008091921522312,0.23462558727016042,0.024316404898860722
val,scn3_structured_env22001,structured,constant_alpha,3,1536,,physics_persistence,1.0,1.0,0.0,1.0,1.0,0.4093170557097553,0.44789121789667463,0.03922873131020349
val,scn3_structured_env22001,structured,constant_alpha,3,1536,,wm,1.0,1.0,0.0,1.0,1.0,0.4093170557097553,0.44789121789667463,0.039568875745497945
val,scn3_structured_env22001,structured,constant_alpha,3,1719,,physics_persistence,1.0,1.0,0.0,1.0,1.0,0.24084166511033064,0.2662275115786666,0.02609673016374653
val,scn3_structured_env22001,structured,constant_alpha,3,1719,,wm,1.0,1.0,0.0,1.0,1.0,0.24084166511033064,0.2662275115786666,0.027033827872650767
val,scn3_structured_env22001,structured,constant_alpha,3,1900,,physics_persistence,0.990909090909091,1.0,0.0,0.9,0.9,0.18806757846818012,0.20644691138892932,0.019395965419656325
val,scn3_structured_env22001,structured,constant_alpha,3,1900,,wm,0.990909090909091,1.0,0.0,0.9,0.9,0.18806757846818012,0.20644691138892932,0.020071146533560263
val,scn3_structured_env22001,structured,constant_alpha,3,2080,,physics_persistence,1.0,1.0,0.0,1.0,1.0,0.02293644773332819,0.024953737342294464,0.0019421217031303645
val,scn3_structured_env22001,structured,constant_alpha,3,2080,,wm,1.0,1.0,0.0,1.0,1.0,0.02293644773332819,0.024953737342294464,0.0020244275424430094
val,scn2_structured_env22001,structured,transformer,2,7,,physics_persistence,1.0,1.0,0.0,0.6,0.6,1.4528017306528513,1.4684366452422675,0.015760375454174413
val,scn2_structured_env22001,structured,transformer,2,7,,wm,1.0,1.0,0.0,0.6,0.6,1.4528017306528513,1.4684366452422675,0.01627962182596132
val,scn2_structured_env22001,structured,transformer,2,286,,physics_persistence,1.0,1.0,0.0,1.0,1.0,0.013337654372165076,0.01867929965852378,0.004945565261041408
val,scn2_structured_env22001,structured,transformer,2,286,,wm,1.0,1.0,0.0,1.0,1.0,0.013337654372165076,0.01867929965852378,0.005164734048352248
val,scn2_structured_env22001,structured,transformer,2,465,,physics_persistence,0.9636363636363637,1.0,0.0,0.6,0.6,0.0013519883816744517,0.0015503116301102387,0.000186077809756702
val,scn2_structured_env22001,structured,transformer,2,465,,wm,0.9818181818181818,1.0,0.0,0.6,0.6,0.0013519883816744517,0.0015503116301102387,0.00021183881214211354
val,scn2_structured_env22001,structured,transformer,2,644,,physics_persistence,-0.009090909090909092,0.0,0.19604816073133058,0.7,0.4,0.0019064155308369762,0.0021558256371294153,0.00013108344796827764
val,scn2_structured_env22001,structured,transformer,2,644,,wm,0.48181818181818187,0.0,0.08949802951393027,0.7,0.5,0.0019064155308369762,0.0021558256371294153,0.00012593825500571395
val,scn2_structured_env22001,structured,transformer,2,823,,physics_persistence,1.0,1.0,0.0,1.0,1.0,0.0022670244237265554,0.0033251455987383088,0.001154682540453217
val,scn2_structured_env22001,structured,transformer,2,823,,wm,1.0,1.0,0.0,1.0,1.0,0.0022670244237265554,0.0033251455987383088,0.0011290792498737999
val,scn2_structured_env22001,structured,transformer,2,1004,,physics_persistence,0.07272727272727274,0.0,0.6001169095068171,0.5,0.1,0.07629510146053724,0.0763956730674193,0.0002659250681556341
val,scn2_structured_env22001,structured,transformer,2,1004,,wm,0.02727272727272728,0.0,0.8989124107998624,0.5,0.0,0.07629510146053724,0.0763956730674193,0.0004891314409861125
val,scn2_structured_env22001,structured,transformer,2,1182,,physics_persistence,1.0,1.0,0.0,1.0,1.0,0.010140983850452333,0.011020985588287693,0.0013858721331262477
val,scn2_structured_env22001,structured,transformer,2,1182,,wm,1.0,1.0,0.0,1.0,1.0,0.010140983850452333,0.011020985588287693,0.0014109682796341668
val,scn2_structured_env22001,structured,transformer,2,1361,,physics_persistence,1.0,1.0,0.0,1.0,1.0,0.0012439135360824817,0.003779524083802602,0.0024284785683191235
val,scn2_structured_env22001,structured,transformer,2,1361,,wm,1.0,1.0,0.0,1.0,1.0,0.0012439135360824817,0.003779524083802602,0.0025004583647812847
val,scn2_structured_env22001,structured,transformer,2,1540,,physics_persistence,1.0,1.0,0.0,1.0,1.0,0.0032749668587318636,0.004233538676164468,0.000833406978867132
val,scn2_structured_env22001,structured,transformer,2,1540,,wm,1.0,1.0,0.0,1.0,1.0,0.0032749668587318636,0.004233538676164468,0.0008910024026804
val,scn2_structured_env22001,structured,transformer,2,1720,,physics_persistence,1.0,1.0,0.0,1.0,1.0,0.0020688209059558076,0.0036462831393899294,0.0015223610784506005
val,scn2_structured_env22001,structured,transformer,2,1720,,wm,1.0,1.0,0.0,1.0,1.0,0.0020688209059558076,0.0036462831393899294,0.0015376993239394994
val,scn2_structured_env22001,structured,transformer,2,1900,,physics_persistence,0.9727272727272729,0.0,0.021553663209966992,0.9,1.0,0.0024731820032741283,0.0032752746198266144,0.0011678364867210942
val,scn2_structured_env22001,structured,transformer,2,1900,,wm,0.9727272727272729,0.0,0.021553663209966992,0.9,1.0,0.0024731820032741283,0.0032752746198266144,0.001074083789753942
val,scn2_structured_env22001,structured,transformer,2,2080,,physics_persistence,1.0,1.0,0.0,0.0,0.0,1.1560760612212055,1.1563847917217485,0.0003170518499688857
val,scn2_structured_env22001,structured,transformer,2,2080,,wm,1.0,1.0,0.0,0.0,0.0,1.1560760612212055,1.1563847917217485,0.0005745460377934997
val,scn3_structured_env22001,structured,constant_alpha,3,3,,physics_persistence,0.990909090909091,0.0,0.0085140582488664,0.0,0.1,1.3610390882720056,1.3872489858576416,0.0256547035403889
val,scn3_structured_env22001,structured,constant_alpha,3,3,,wm,1.0,1.0,0.0,0.0,0.0,1.3610390882720056,1.3872489858576416,0.026020414299213535
val,scn3_structured_env22001,structured,constant_alpha,3,446,,physics_persistence,1.0,1.0,0.0,1.0,1.0,0.006672764179542085,0.010232463316473745,0.0033429440173088337
val,scn3_structured_env22001,structured,constant_alpha,3,446,,wm,1.0,1.0,0.0,1.0,1.0,0.006672764179542085,0.010232463316473745,0.0035470016691937067
val,scn3_structured_env22001,structured,constant_alpha,3,812,,physics_persistence,1.0,1.0,0.0,1.0,1.0,0.008563880757169401,0.016801698673588678,0.008351559559972042
val,scn3_structured_env22001,structured,constant_alpha,3,812,,wm,1.0,1.0,0.0,1.0,1.0,0.008563880757169401,0.016801698673588678,0.008424236624153189
val,scn3_structured_env22001,structured,constant_alpha,3,1180,,physics_persistence,1.0,1.0,0.0,1.0,1.0,0.006022784904036804,0.007737370813143333,0.001673844887246108
val,scn3_structured_env22001,structured,constant_alpha,3,1180,,wm,1.0,1.0,0.0,1.0,1.0,0.006022784904036804,0.007737370813143333,0.0017868271888347763
val,scn3_structured_env22001,structured,constant_alpha,3,1545,,physics_persistence,1.0,1.0,0.0,1.0,1.0,0.009430866114050921,0.012887865378632145,0.0034729813012868028
val,scn3_structured_env22001,structured,constant_alpha,3,1545,,wm,1.0,1.0,0.0,1.0,1.0,0.009430866114050921,0.012887865378632145,0.003490065203879211
val,scn3_structured_env22001,structured,constant_alpha,3,1912,,physics_persistence,1.0,1.0,0.0,1.0,1.0,0.00584004871808542,0.009965416103797939,0.003863667873915287
val,scn3_structured_env22001,structured,constant_alpha,3,1912,,wm,1.0,1.0,0.0,1.0,1.0,0.00584004871808542,0.009965416103797939,0.003922174566868503
val,scn3_structured_env22001,structured,constant_alpha,3,248,,physics_persistence,1.0,1.0,0.0,0.3,0.3,0.020581070374458593,0.021799381406702862,0.0011993448441556497
val,scn3_structured_env22001,structured,constant_alpha,3,248,,wm,0.9818181818181818,1.0,0.0,0.3,0.3,0.020581070374458593,0.021799381406702862,0.0011663361755018288
val,scn3_structured_env22001,structured,constant_alpha,3,613,,physics_persistence,0.9,0.0,0.020464870610399186,0.9,0.8,0.0008505469088193543,0.001357154737589317,0.0004071218079025172
val,scn3_structured_env22001,structured,constant_alpha,3,613,,wm,0.9545454545454546,0.0,0.020464870610399186,0.9,0.8,0.0008505469088193543,0.001357154737589317,0.0005224407684836539
val,scn3_structured_env22001,structured,constant_alpha,3,978,,physics_persistence,1.0,1.0,0.0,0.0,0.0,0.013621136819908484,0.014073768743526564,0.00043247863209235765
val,scn3_structured_env22001,structured,constant_alpha,3,978,,wm,1.0,1.0,0.0,0.0,0.0,0.013621136819908484,0.014073768743526564,0.00016802036095084003
val,scn3_structured_env22001,structured,constant_alpha,3,1346,,physics_persistence,1.0,1.0,0.0,1.0,1.0,0.0011020559031786575,0.0029875752755551227,0.0017860541544254763
val,scn3_structured_env22001,structured,constant_alpha,3,1346,,wm,1.0,1.0,0.0,1.0,1.0,0.0011020559031786575,0.0029875752755551227,0.00182439953612942
val,scn3_structured_env22001,structured,constant_alpha,3,1714,,physics_persistence,1.0,1.0,0.0,1.0,1.0,0.003973281177378137,0.00560030413153302,0.0014949176022783367
val,scn3_structured_env22001,structured,constant_alpha,3,1714,,wm,1.0,1.0,0.0,1.0,1.0,0.003973281177378137,0.00560030413153302,0.0015524083576677044
val,scn3_structured_env22001,structured,constant_alpha,3,2080,,physics_persistence,-1.0,0.0,1.0,0.0,1.0,0.0029261198489951732,0.002931506646906735,1.1836888283093226e-05
val,scn3_structured_env22001,structured,constant_alpha,3,2080,,wm,-1.0,0.0,1.0,0.0,1.0,0.0029261198489951732,0.002931506646906735,2.128819844544926e-05
val,scn2_ou_current_env22001,ou_current,constant_alpha,2,5,,physics_persistence,1.0,1.0,0.0,0.1,0.1,1.4450677298170427,1.4629334824396056,0.017652107256549865
val,scn2_ou_current_env22001,ou_current,constant_alpha,2,5,,wm,1.0,1.0,0.0,0.1,0.1,1.4450677298170427,1.4629334824396056,0.01820754111228351
val,scn2_ou_current_env22001,ou_current,constant_alpha,2,199,,physics_persistence,1.0,1.0,0.0,1.0,1.0,0.6487906847449467,0.7288259552881392,0.07908813120234359
val,scn2_ou_current_env22001,ou_current,constant_alpha,2,199,,wm,1.0,1.0,0.0,1.0,1.0,0.6487906847449467,0.7288259552881392,0.08300517594360235
val,scn2_ou_current_env22001,ou_current,constant_alpha,2,390,,physics_persistence,1.0,1.0,0.0,0.9,0.9,0.48199010781728063,0.513613990543712,0.030042968796989256
val,scn2_ou_current_env22001,ou_current,constant_alpha,2,390,,wm,1.0,1.0,0.0,0.9,0.9,0.48199010781728063,0.513613990543712,0.03104559834870202
val,scn2_ou_current_env22001,ou_current,constant_alpha,2,578,,physics_persistence,1.0,1.0,0.0,1.0,1.0,0.332235527201022,0.35702345388325374,0.02581717299412789
val,scn2_ou_current_env22001,ou_current,constant_alpha,2,578,,wm,1.0,1.0,0.0,1.0,1.0,0.332235527201022,0.35702345388325374,0.025928674004138508
val,scn2_ou_current_env22001,ou_current,constant_alpha,2,765,,physics_persistence,0.9545454545454546,0.0,0.0009035037716421771,0.8,0.9,0.7613443248614806,0.8133331995647949,0.06038072576938347
val,scn2_ou_current_env22001,ou_current,constant_alpha,2,765,,wm,0.9545454545454546,0.0,0.0009035037716421771,0.8,0.9,0.7613443248614806,0.8133331995647949,0.0602763471569866
val,scn2_ou_current_env22001,ou_current,constant_alpha,2,953,,physics_persistence,1.0,1.0,0.0,1.0,1.0,0.2158253756278644,0.22961226051047134,0.01414911293172888
val,scn2_ou_current_env22001,ou_current,constant_alpha,2,953,,wm,1.0,1.0,0.0,1.0,1.0,0.2158253756278644,0.22961226051047134,0.013698339942032317
val,scn2_ou_current_env22001,ou_current,constant_alpha,2,1141,,physics_persistence,1.0,1.0,0.0,1.0,1.0,0.02428864074312254,0.029730615689116103,0.005570510624856244
val,scn2_ou_current_env22001,ou_current,constant_alpha,2,1141,,wm,1.0,1.0,0.0,1.0,1.0,0.02428864074312254,0.029730615689116103,0.005761450072811106
val,scn2_ou_current_env22001,ou_current,constant_alpha,2,1329,,physics_persistence,0.990909090909091,1.0,0.0,0.8,0.8,0.6441831671076613,0.6916237464825523,0.047569219569792764
val,scn2_ou_current_env22001,ou_current,constant_alpha,2,1329,,wm,0.9545454545454546,0.0,0.008559559584961232,0.8,0.9,0.6441831671076613,0.6916237464825523,0.05007018506962002
val,scn2_ou_current_env22001,ou_current,constant_alpha,2,1516,,physics_persistence,1.0,1.0,0.0,0.9,0.9,0.43049533179161276,0.4594881913523622,0.0295126205870071
val,scn2_ou_current_env22001,ou_current,constant_alpha,2,1516,,wm,0.990909090909091,1.0,0.0,0.9,0.9,0.43049533179161276,0.4594881913523622,0.02889880310253573
val,scn2_ou_current_env22001,ou_current,constant_alpha,2,1703,,physics_persistence,1.0,1.0,0.0,0.8,0.8,0.2853734999106114,0.3189757695181193,0.03107189783459069
val,scn2_ou_current_env22001,ou_current,constant_alpha,2,1703,,wm,1.0,1.0,0.0,0.8,0.8,0.2853734999106114,0.3189757695181193,0.03188965867817822
val,scn2_ou_current_env22001,ou_current,constant_alpha,2,1893,,physics_persistence,1.0,1.0,0.0,0.8,0.8,0.6218893618191897,0.66789378209031,0.04660149287686344
val,scn2_ou_current_env22001,ou_current,constant_alpha,2,1893,,wm,0.9818181818181818,0.0,0.0022846980388366166,0.8,0.9,0.6218893618191897,0.66789378209031,0.048265525353668126
val,scn2_ou_current_env22001,ou_current,constant_alpha,2,2080,,physics_persistence,1.0,1.0,0.0,1.0,1.0,0.058048369211634775,0.06154035465806444,0.0033287500861933703
val,scn2_ou_current_env22001,ou_current,constant_alpha,2,2080,,wm,1.0,1.0,0.0,1.0,1.0,0.058048369211634775,0.06154035465806444,0.0032591724358671317
val,scn3_structured_env22001,structured,transformer,3,2,,physics_persistence,1.0,1.0,0.0,0.0,0.0,1.342139590176306,1.3677332904338897,0.024718741437607328
val,scn3_structured_env22001,structured,transformer,3,2,,wm,1.0,1.0,0.0,0.0,0.0,1.342139590176306,1.3677332904338897,0.025149210767840158
val,scn3_structured_env22001,structured,transformer,3,269,,physics_persistence,1.0,1.0,0.0,1.0,1.0,0.010571241539009027,0.015678378007101906,0.004966859457151689
val,scn3_structured_env22001,structured,transformer,3,269,,wm,1.0,1.0,0.0,1.0,1.0,0.010571241539009027,0.015678378007101906,0.005087742354089627
val,scn3_structured_env22001,structured,transformer,3,450,,physics_persistence,1.0,1.0,0.0,1.0,1.0,0.0013943601166949554,0.0019229948885806608,0.0005362279516018201
val,scn3_structured_env22001,structured,transformer,3,450,,wm,1.0,1.0,0.0,1.0,1.0,0.0013943601166949554,0.0019229948885806608,0.000596750198331676
val,scn3_structured_env22001,structured,transformer,3,631,,physics_persistence,1.0,1.0,0.0,0.9,0.9,0.0006218843965739901,0.001296542815957035,0.0005442916920212306
val,scn3_structured_env22001,structured,transformer,3,631,,wm,1.0,1.0,0.0,0.9,0.9,0.0006218843965739901,0.001296542815957035,0.0006198899807084633
val,scn3_structured_env22001,structured,transformer,3,812,,physics_persistence,0.990909090909091,0.0,0.0019365005324435336,1.0,0.9,0.0004743730808756858,0.0017650775701765517,0.0011853793716771407
val,scn3_structured_env22001,structured,transformer,3,812,,wm,0.990909090909091,0.0,0.0019365005324435336,1.0,0.9,0.0004743730808756858,0.0017650775701765517,0.0012025497830725632
val,scn3_structured_env22001,structured,transformer,3,992,,physics_persistence,-0.990909090909091,0.0,0.7519932501207242,1.0,0.1,0.017598127130516755,0.03716598561887207,0.0004918616710128214
val,scn3_structured_env22001,structured,transformer,3,992,,wm,-0.990909090909091,0.0,0.7519932501207242,1.0,0.1,0.017598127130516755,0.03716598561887207,0.00023950438205076752
val,scn3_structured_env22001,structured,transformer,3,1174,,physics_persistence,1.0,1.0,0.0,1.0,1.0,0.003130512817244568,0.003991284665425868,0.0005626180704278016
val,scn3_structured_env22001,structured,transformer,3,1174,,wm,1.0,1.0,0.0,1.0,1.0,0.003130512817244568,0.003991284665425868,0.000641377416603799
val,scn3_structured_env22001,structured,transformer,3,1355,,physics_persistence,1.0,1.0,0.0,1.0,1.0,0.0011115665313745065,0.0029616404334586043,0.001864343890381908
val,scn3_structured_env22001,structured,transformer,3,1355,,wm,1.0,1.0,0.0,1.0,1.0,0.0011115665313745065,0.0029616404334586043,0.0019093419379454003
val,scn3_structured_env22001,structured,transformer,3,1536,,physics_persistence,0.8181818181818182,0.0,0.048577895200471316,0.7,0.9,0.005422609776213508,0.005736303325810521,0.00042305590593831426
val,scn3_structured_env22001,structured,transformer,3,1536,,wm,0.8545454545454546,0.0,0.048577895200471316,0.7,0.9,0.005422609776213508,0.005736303325810521,0.0004175379931377213
val,scn3_structured_env22001,structured,transformer,3,1717,,physics_persistence,1.0,1.0,0.0,1.0,1.0,0.004229702890616483,0.0055980647991085665,0.0013188879394994872
val,scn3_structured_env22001,structured,transformer,3,1717,,wm,1.0,1.0,0.0,1.0,1.0,0.004229702890616483,0.0055980647991085665,0.00138609236981077
val,scn3_structured_env22001,structured,transformer,3,1899,,physics_persistence,1.0,1.0,0.0,1.0,1.0,0.0016743950288548586,0.0029753987935912975,0.001208379957768789
val,scn3_structured_env22001,structured,transformer,3,1899,,wm,1.0,1.0,0.0,1.0,1.0,0.0016743950288548586,0.0029753987935912975,0.0012539035606643923
val,scn3_structured_env22001,structured,transformer,3,2080,,physics_persistence,0.9363636363636365,1.0,0.0,0.0,0.0,0.0031222152611435354,0.0031432235973895013,4.818263024373732e-06
val,scn3_structured_env22001,structured,transformer,3,2080,,wm,-0.9727272727272729,0.0,1.0,0.0,1.0,0.0031222152611435354,0.0031432235973895013,5.2163663053334496e-06
val,scn2_ou_current_env22001,ou_current,constant_alpha,2,1,,physics_persistence,1.0,1.0,0.0,0.0,0.0,1.3563103539603705,1.3838980212694638,0.026811993368472953
val,scn2_ou_current_env22001,ou_current,constant_alpha,2,1,,wm,1.0,1.0,0.0,0.0,0.0,1.3563103539603705,1.3838980212694638,0.02778444077543063
val,scn2_ou_current_env22001,ou_current,constant_alpha,2,424,,physics_persistence,1.0,1.0,0.0,1.0,1.0,0.009255874343783492,0.014422259322224231,0.005041845670506782
val,scn2_ou_current_env22001,ou_current,constant_alpha,2,424,,wm,1.0,1.0,0.0,1.0,1.0,0.009255874343783492,0.014422259322224231,0.005139677862306808
val,scn2_ou_current_env22001,ou_current,constant_alpha,2,793,,physics_persistence,1.0,1.0,0.0,1.0,1.0,0.009397634829659548,0.01846735465065811,0.009137681775285502
val,scn2_ou_current_env22001,ou_current,constant_alpha,2,793,,wm,1.0,1.0,0.0,1.0,1.0,0.009397634829659548,0.01846735465065811,0.009151489693461363
val,scn2_ou_current_env22001,ou_current,constant_alpha,2,1160,,physics_persistence,1.0,1.0,0.0,1.0,1.0,0.005761209431964278,0.006978330536490107,0.0014493503682272988
val,scn2_ou_current_env22001,ou_current,constant_alpha,2,1160,,wm,1.0,1.0,0.0,1.0,1.0,0.005761209431964278,0.006978330536490107,0.0013737634412616497
val,scn2_ou_current_env22001,ou_current,constant_alpha,2,1530,,physics_persistence,1.0,1.0,0.0,1.0,1.0,0.008329637157277074,0.01212069892042366,0.003728615292765639
val,scn2_ou_current_env22001,ou_current,constant_alpha,2,1530,,wm,1.0,1.0,0.0,1.0,1.0,0.008329637157277074,0.01212069892042366,0.0038168005205864025
val,scn2_ou_current_env22001,ou_current,constant_alpha,2,1898,,physics_persistence,1.0,1.0,0.0,1.0,1.0,0.008433208194498568,0.014216256481539569,0.005696432972225248
val,scn2_ou_current_env22001,ou_current,constant_alpha,2,1898,,wm,1.0,1.0,0.0,1.0,1.0,0.008433208194498568,0.014216256481539569,0.005854124673950108
val,scn2_ou_current_env22001,ou_current,constant_alpha,2,236,,physics_persistence,0.9818181818181818,1.0,0.0,0.8,0.8,0.01674487966396952,0.017849222819527895,0.00107563828997859
val,scn2_ou_current_env22001,ou_current,constant_alpha,2,236,,wm,0.9818181818181818,1.0,0.0,0.8,0.8,0.01674487966396952,0.017849222819527895,0.001112827987731154
val,scn2_ou_current_env22001,ou_current,constant_alpha,2,604,,physics_persistence,0.9363636363636365,0.0,0.0651251198044721,0.8,1.0,0.0010542235447937713,0.0016465954976471783,0.0006532630436498074
val,scn2_ou_current_env22001,ou_current,constant_alpha,2,604,,wm,0.9363636363636365,0.0,0.0651251198044721,0.8,1.0,0.0010542235447937713,0.0016465954976471783,0.0006936281879021667
val,scn2_ou_current_env22001,ou_current,constant_alpha,2,972,,physics_persistence,0.5818181818181819,0.0,0.335418387192546,0.7,1.0,0.0011805380345630372,0.0012264487572273151,9.094356345923892e-05
val,scn2_ou_current_env22001,ou_current,constant_alpha,2,972,,wm,0.5818181818181819,0.0,0.335418387192546,0.7,1.0,0.0011805380345630372,0.0012264487572273151,0.00020494109397641025
val,scn2_ou_current_env22001,ou_current,constant_alpha,2,1343,,physics_persistence,1.0,1.0,0.0,1.0,1.0,0.0016483745133189607,0.0038837032112616627,0.0022304335436750164
val,scn2_ou_current_env22001,ou_current,constant_alpha,2,1343,,wm,1.0,1.0,0.0,1.0,1.0,0.0016483745133189607,0.0038837032112616627,0.002324637749954236
val,scn2_ou_current_env22001,ou_current,constant_alpha,2,1712,,physics_persistence,1.0,1.0,0.0,1.0,1.0,0.002049105509307345,0.0038332437379130805,0.0016060091876765343
val,scn2_ou_current_env22001,ou_current,constant_alpha,2,1712,,wm,1.0,1.0,0.0,1.0,1.0,0.002049105509307345,0.0038332437379130805,0.0016234265896115127
val,scn2_ou_current_env22001,ou_current,constant_alpha,2,2080,,physics_persistence,1.0,1.0,0.0,0.0,0.0,0.003273926042120418,0.003584172709246651,7.1768362304e-05
val,scn2_ou_current_env22001,ou_current,constant_alpha,2,2080,,wm,1.0,1.0,0.0,0.0,0.0,0.003273926042120418,0.003584172709246651,6.143363571745573e-05
val,scn2_colored_noise_env22001,colored_noise,constant_alpha,2,8,,physics_persistence,0.9818181818181818,1.0,0.0,0.2,0.2,1.5183208858638888,1.5308068366516037,0.012314727248726953
val,scn2_colored_noise_env22001,colored_noise,constant_alpha,2,8,,wm,1.0,1.0,0.0,0.2,0.2,1.5183208858638888,1.5308068366516037,0.012848918137799537
val,scn2_colored_noise_env22001,colored_noise,constant_alpha,2,236,,physics_persistence,1.0,1.0,0.0,1.0,1.0,1.6554940696582785,1.7460334343821622,0.0865611884419093
val,scn2_colored_noise_env22001,colored_noise,constant_alpha,2,236,,wm,1.0,1.0,0.0,1.0,1.0,1.6554940696582785,1.7460334343821622,0.0870571572367771
val,scn2_colored_noise_env22001,colored_noise,constant_alpha,2,422,,physics_persistence,0.990909090909091,1.0,0.0,0.9,0.9,0.3107565236420632,0.3438648380908652,0.03088348341112157
val,scn2_colored_noise_env22001,colored_noise,constant_alpha,2,422,,wm,0.990909090909091,1.0,0.0,0.9,0.9,0.3107565236420632,0.3438648380908652,0.031411875754068286
val,scn2_colored_noise_env22001,colored_noise,constant_alpha,2,605,,physics_persistence,1.0,1.0,0.0,1.0,1.0,0.2496099784175162,0.284000155305316,0.023347654892611702
val,scn2_colored_noise_env22001,colored_noise,constant_alpha,2,605,,wm,1.0,1.0,0.0,1.0,1.0,0.2496099784175162,0.284000155305316,0.024014212963070936
val,scn2_colored_noise_env22001,colored_noise,constant_alpha,2,789,,physics_persistence,0.990909090909091,1.0,0.0,0.9,0.9,0.7150532769214908,0.7736995088656025,0.05030142971554985
val,scn2_colored_noise_env22001,colored_noise,constant_alpha,2,789,,wm,0.990909090909091,1.0,0.0,0.9,0.9,0.7150532769214908,0.7736995088656025,0.050870100213201264
val,scn2_colored_noise_env22001,colored_noise,constant_alpha,2,975,,physics_persistence,0.5454545454545455,0.0,0.5841406685226411,0.6,1.0,0.22714104358162399,0.22981559732223386,0.010149450105480184
val,scn2_colored_noise_env22001,colored_noise,constant_alpha,2,975,,wm,0.5454545454545455,0.0,0.5841406685226411,0.6,1.0,0.22714104358162399,0.22981559732223386,0.009483713363964752
val,scn2_colored_noise_env22001,colored_noise,constant_alpha,2,1162,,physics_persistence,1.0,1.0,0.0,1.0,1.0,0.017301963078946124,0.023876062727583375,0.007561561203895357
val,scn2_colored_noise_env22001,colored_noise,constant_alpha,2,1162,,wm,1.0,1.0,0.0,1.0,1.0,0.017301963078946124,0.023876062727583375,0.007683578024656714
val,scn2_colored_noise_env22001,colored_noise,constant_alpha,2,1346,,physics_persistence,0.990909090909091,0.0,0.0016157303884345442,0.9,0.8,0.5848616380733156,0.6233781121601566,0.03877781010592396
val,scn2_colored_noise_env22001,colored_noise,constant_alpha,2,1346,,wm,1.0,1.0,0.0,0.9,0.9,0.5848616380733156,0.6233781121601566,0.04118987448723965
val,scn2_colored_noise_env22001,colored_noise,constant_alpha,2,1529,,physics_persistence,0.8636363636363636,1.0,0.0,0.8,0.8,0.5393189694059591,0.5599669783486018,0.02964185846744294
val,scn2_colored_noise_env22001,colored_noise,constant_alpha,2,1529,,wm,0.8636363636363636,1.0,0.0,0.8,0.8,0.5393189694059591,0.5599669783486018,0.02924445328749714
val,scn2_colored_noise_env22001,colored_noise,constant_alpha,2,1712,,physics_persistence,0.990909090909091,1.0,0.0,0.8,0.8,0.3967157860034893,0.43449586287873654,0.04118970701996816
val,scn2_colored_noise_env22001,colored_noise,constant_alpha,2,1712,,wm,0.990909090909091,1.0,0.0,0.8,0.8,0.3967157860034893,0.43449586287873654,0.04243061594680414
val,scn2_colored_noise_env22001,colored_noise,constant_alpha,2,1897,,physics_persistence,0.990909090909091,1.0,0.0,0.9,0.9,0.6942048510312242,0.7455789846573413,0.056514908211880766
val,scn2_colored_noise_env22001,colored_noise,constant_alpha,2,1897,,wm,0.990909090909091,1.0,0.0,0.9,0.9,0.6942048510312242,0.7455789846573413,0.05820831848672492
val,scn2_colored_noise_env22001,colored_noise,constant_alpha,2,2080,,physics_persistence,1.0,1.0,0.0,1.0,1.0,0.030008342051683873,0.03363306410385952,0.003246875278944499
val,scn2_colored_noise_env22001,colored_noise,constant_alpha,2,2080,,wm,1.0,1.0,0.0,1.0,1.0,0.030008342051683873,0.03363306410385952,0.0032745643455086293
val,scn2_ou_current_env22001,ou_current,transformer,2,3,,physics_persistence,1.0,1.0,0.0,0.0,0.0,1.3971226986981695,1.4202697389462535,0.022395585553654618
val,scn2_ou_current_env22001,ou_current,transformer,2,3,,wm,1.0,1.0,0.0,0.0,0.0,1.3971226986981695,1.4202697389462535,0.02334185363005603
val,scn2_ou_current_env22001,ou_current,transformer,2,235,,physics_persistence,1.0,1.0,0.0,1.0,1.0,0.02747527562012564,0.033561809780764916,0.00610193515168549
val,scn2_ou_current_env22001,ou_current,transformer,2,235,,wm,1.0,1.0,0.0,1.0,1.0,0.02747527562012564,0.033561809780764916,0.006312562841714088
val,scn2_ou_current_env22001,ou_current,transformer,2,419,,physics_persistence,1.0,1.0,0.0,1.0,1.0,0.0016914968334900094,0.002864572408770683,0.0011088932905172803
val,scn2_ou_current_env22001,ou_current,transformer,2,419,,wm,1.0,1.0,0.0,1.0,1.0,0.0016914968334900094,0.002864572408770683,0.0011527272957915133
val,scn2_ou_current_env22001,ou_current,transformer,2,603,,physics_persistence,1.0,1.0,0.0,0.9,0.9,0.0010151904057200507,0.0017425948652276357,0.0005661843482071293
val,scn2_ou_current_env22001,ou_current,transformer,2,603,,wm,0.990909090909091,1.0,0.0,0.9,0.9,0.0010151904057200507,0.0017425948652276357,0.0006508985463562802
val,scn2_ou_current_env22001,ou_current,transformer,2,787,,physics_persistence,0.990909090909091,0.0,0.00564252017853245,0.9,1.0,0.0001535543197899791,0.0018549169799103936,0.0016245225221963042
val,scn2_ou_current_env22001,ou_current,transformer,2,787,,wm,0.990909090909091,0.0,0.00564252017853245,0.9,1.0,0.0001535543197899791,0.0018549169799103936,0.001659054488649734
val,scn2_ou_current_env22001,ou_current,transformer,2,972,,physics_persistence,0.690909090909091,0.0,0.28558527822537355,0.7,1.0,0.0011700292020492737,0.0012187065302431967,9.42387880933618e-05
val,scn2_ou_current_env22001,ou_current,transformer,2,972,,wm,0.690909090909091,0.0,0.28558527822537355,0.7,1.0,0.0011700292020492737,0.0012187065302431967,0.0002048402667937265
val,scn2_ou_current_env22001,ou_current,transformer,2,1158,,physics_persistence,0.36363636363636365,0.0,0.6233437639091147,0.6,1.0,0.003847065692202229,0.003967747695827218,0.00036721732970468324
val,scn2_ou_current_env22001,ou_current,transformer,2,1158,,wm,0.38181818181818183,0.0,0.35248976046275965,0.6,0.9,0.003847065692202229,0.003967747695827218,0.00024516223325118675
val,scn2_ou_current_env22001,ou_current,transformer,2,1342,,physics_persistence,1.0,1.0,0.0,1.0,1.0,0.0015257764589566957,0.003743105490989328,0.0023363450782152933
val,scn2_ou_current_env22001,ou_current,transformer,2,1342,,wm,1.0,1.0,0.0,1.0,1.0,0.0015257764589566957,0.003743105490989328,0.0024174258911692573
val,scn2_ou_current_env22001,ou_current,transformer,2,1526,,physics_persistence,1.0,1.0,0.0,1.0,1.0,0.004081837814027803,0.005164997407340584,0.0008900053949539482
val,scn2_ou_current_env22001,ou_current,transformer,2,1526,,wm,1.0,1.0,0.0,1.0,1.0,0.004081837814027803,0.005164997407340584,0.0010053910360211162
val,scn2_ou_current_env22001,ou_current,transformer,2,1710,,physics_persistence,1.0,1.0,0.0,1.0,1.0,0.003080009773420351,0.0047269488992143,0.001454374373851314
val,scn2_ou_current_env22001,ou_current,transformer,2,1710,,wm,1.0,1.0,0.0,1.0,1.0,0.003080009773420351,0.0047269488992143,0.0014732664171997617
val,scn2_ou_current_env22001,ou_current,transformer,2,1896,,physics_persistence,1.0,1.0,0.0,1.0,1.0,0.001528146899089794,0.0028075681909908333,0.0011456726586325427
val,scn2_ou_current_env22001,ou_current,transformer,2,1896,,wm,1.0,1.0,0.0,1.0,1.0,0.001528146899089794,0.0028075681909908333,0.0012113660284512958
val,scn2_ou_current_env22001,ou_current,transformer,2,2080,,physics_persistence,1.0,1.0,0.0,0.0,0.0,0.003545176518245853,0.003866578572149686,9.350574399805481e-05
val,scn2_ou_current_env22001,ou_current,transformer,2,2080,,wm,1.0,1.0,0.0,0.0,0.0,0.003545176518245853,0.003866578572149686,8.391017386917294e-05
val,scn2_colored_noise_env22001,colored_noise,constant_alpha,2,7,,physics_persistence,1.0,1.0,0.0,0.2,0.2,1.492757104957045,1.5068814999701052,0.01942305435102032
val,scn2_colored_noise_env22001,colored_noise,constant_alpha,2,7,,wm,1.0,1.0,0.0,0.2,0.2,1.492757104957045,1.5068814999701052,0.020153858691016602
val,scn2_colored_noise_env22001,colored_noise,constant_alpha,2,409,,physics_persistence,1.0,1.0,0.0,1.0,1.0,0.014011225905959365,0.019766372496281784,0.006576497790850512
val,scn2_colored_noise_env22001,colored_noise,constant_alpha,2,409,,wm,1.0,1.0,0.0,1.0,1.0,0.014011225905959365,0.019766372496281784,0.0066519585904434905
val,scn2_colored_noise_env22001,colored_noise,constant_alpha,2,782,,physics_persistence,1.0,1.0,0.0,1.0,1.0,0.011358162101642215,0.022215647062728733,0.010390768909965323
val,scn2_colored_noise_env22001,colored_noise,constant_alpha,2,782,,wm,1.0,1.0,0.0,1.0,1.0,0.011358162101642215,0.022215647062728733,0.010554935123021438
val,scn2_colored_noise_env22001,colored_noise,constant_alpha,2,1155,,physics_persistence,1.0,1.0,0.0,1.0,1.0,0.005273597026451583,0.0068047681841257686,0.001300348978650485
val,scn2_colored_noise_env22001,colored_noise,constant_alpha,2,1155,,wm,1.0,1.0,0.0,1.0,1.0,0.005273597026451583,0.0068047681841257686,0.0011555473292438464
val,scn2_colored_noise_env22001,colored_noise,constant_alpha,2,1527,,physics_persistence,0.9727272727272729,0.0,0.018422688542502463,0.9,1.0,0.007262286645392212,0.00953214621746452,0.0031257749078210974
val,scn2_colored_noise_env22001,colored_noise,constant_alpha,2,1527,,wm,0.9727272727272729,0.0,0.018422688542502463,0.9,1.0,0.007262286645392212,0.00953214621746452,0.0033047112165674325
val,scn2_colored_noise_env22001,colored_noise,constant_alpha,2,1898,,physics_persistence,1.0,1.0,0.0,1.0,1.0,0.006684357463295848,0.012218806495353545,0.005555313883076135
val,scn2_colored_noise_env22001,colored_noise,constant_alpha,2,1898,,wm,1.0,1.0,0.0,1.0,1.0,0.006684357463295848,0.012218806495353545,0.005675332481346166
val,scn2_colored_noise_env22001,colored_noise,constant_alpha,2,218,,physics_persistence,0.990909090909091,0.0,0.005879573893944722,0.9,1.0,0.030295937403759635,0.03222768222766661,0.003171122304659487
val,scn2_colored_noise_env22001,colored_noise,constant_alpha,2,218,,wm,0.990909090909091,0.0,0.005879573893944722,0.9,1.0,0.030295937403759635,0.03222768222766661,0.0032627641152825487
val,scn2_colored_noise_env22001,colored_noise,constant_alpha,2,592,,physics_persistence,0.5454545454545455,0.0,0.3709518805182141,0.6,1.0,0.0015904596345038542,0.00204608719005181,0.0007088469371748034
val,scn2_colored_noise_env22001,colored_noise,constant_alpha,2,592,,wm,0.5636363636363637,0.0,0.1847789060150084,0.6,0.9,0.0015904596345038542,0.00204608719005181,0.0006537392929451356
val,scn2_colored_noise_env22001,colored_noise,constant_alpha,2,965,,physics_persistence,0.13636363636363638,0.0,0.7540360931131673,0.5,1.0,0.001104250186739652,0.001264388765601307,0.00013118703251714138
val,scn2_colored_noise_env22001,colored_noise,constant_alpha,2,965,,wm,0.13636363636363638,0.0,0.7540360931131673,0.5,1.0,0.001104250186739652,0.001264388765601307,0.0002581006842377417
val,scn2_colored_noise_env22001,colored_noise,constant_alpha,2,1337,,physics_persistence,1.0,1.0,0.0,1.0,1.0,0.0009187032270797645,0.003563967211685175,0.0025336690448501766
val,scn2_colored_noise_env22001,colored_noise,constant_alpha,2,1337,,wm,1.0,1.0,0.0,1.0,1.0,0.0009187032270797645,0.003563967211685175,0.0025942545540286483
val,scn2_colored_noise_env22001,colored_noise,constant_alpha,2,1708,,physics_persistence,1.0,1.0,0.0,1.0,1.0,0.0024752566078233974,0.003911916834876741,0.0016083191167924104
val,scn2_colored_noise_env22001,colored_noise,constant_alpha,2,1708,,wm,1.0,1.0,0.0,1.0,1.0,0.0024752566078233974,0.003911916834876741,0.0016055572659817437
val,scn2_colored_noise_env22001,colored_noise,constant_alpha,2,2080,,physics_persistence,-0.9727272727272729,0.0,1.0,0.9,0.0,0.0038275952058473097,0.00414519116107815,0.00028604962868481344
val,scn2_colored_noise_env22001,colored_noise,constant_alpha,2,2080,,wm,-0.9727272727272729,0.0,1.0,0.9,0.0,0.0038275952058473097,0.00414519116107815,0.00024689671024393043
val,scn2_random_freq_amp_env22001,random_freq_amp,constant_alpha,2,1,,physics_persistence,1.0,1.0,0.0,0.0,0.0,1.326549546037751,1.357355503120514,0.030179167003619334
val,scn2_random_freq_amp_env22001,random_freq_amp,constant_alpha,2,1,,wm,1.0,1.0,0.0,0.0,0.0,1.326549546037751,1.357355503120514,0.030599690276384095
val,scn2_random_freq_amp_env22001,random_freq_amp,constant_alpha,2,196,,physics_persistence,0.990909090909091,1.0,0.0,0.6,0.6,0.7213933703065151,0.7694902588434427,0.04712770237168351
val,scn2_random_freq_amp_env22001,random_freq_amp,constant_alpha,2,196,,wm,1.0,1.0,0.0,0.6,0.6,0.7213933703065151,0.7694902588434427,0.04788405945602747
val,scn2_random_freq_amp_env22001,random_freq_amp,constant_alpha,2,386,,physics_persistence,0.990909090909091,1.0,0.0,0.8,0.8,0.18962735517527332,0.20334978060011127,0.012062010554803992
val,scn2_random_freq_amp_env22001,random_freq_amp,constant_alpha,2,386,,wm,0.990909090909091,1.0,0.0,0.8,0.8,0.18962735517527332,0.20334978060011127,0.01258789132038371
val,scn2_random_freq_amp_env22001,random_freq_amp,constant_alpha,2,574,,physics_persistence,1.0,1.0,0.0,1.0,1.0,0.08807545188647106,0.10102245872204317,0.012330437605273567
val,scn2_random_freq_amp_env22001,random_freq_amp,constant_alpha,2,574,,wm,1.0,1.0,0.0,1.0,1.0,0.08807545188647106,0.10102245872204317,0.01256116592335986
val,scn2_random_freq_amp_env22001,random_freq_amp,constant_alpha,2,763,,physics_persistence,1.0,1.0,0.0,1.0,1.0,0.5808049015250645,0.6208400279788429,0.03889041383147329
val,scn2_random_freq_amp_env22001,random_freq_amp,constant_alpha,2,763,,wm,0.990909090909091,0.0,2.3052822099284527e-05,1.0,0.9,0.5808049015250645,0.6208400279788429,0.0399349439004798
val,scn2_random_freq_amp_env22001,random_freq_amp,constant_alpha,2,951,,physics_persistence,0.9454545454545454,0.0,0.02271275315818387,0.7,0.6,0.1278087325905494,0.132178631543227,0.0034609862294404103
val,scn2_random_freq_amp_env22001,random_freq_amp,constant_alpha,2,951,,wm,0.9454545454545454,0.0,0.02271275315818387,0.7,0.6,0.1278087325905494,0.132178631543227,0.0033735641158938734
val,scn2_random_freq_amp_env22001,random_freq_amp,constant_alpha,2,1139,,physics_persistence,1.0,1.0,0.0,0.0,0.0,0.2717676253124009,0.2732654785194078,0.0017193099809985068
val,scn2_random_freq_amp_env22001,random_freq_amp,constant_alpha,2,1139,,wm,-0.8000000000000002,0.0,1.0,0.0,1.0,0.2717676253124009,0.2732654785194078,0.0006254124663551686
val,scn2_random_freq_amp_env22001,random_freq_amp,constant_alpha,2,1327,,physics_persistence,0.990909090909091,0.0,9.877301461306965e-05,0.9,1.0,0.2886379306425895,0.32652542829500036,0.03958717682184648
val,scn2_random_freq_amp_env22001,random_freq_amp,constant_alpha,2,1327,,wm,0.990909090909091,0.0,9.877301461306965e-05,0.9,1.0,0.2886379306425895,0.32652542829500036,0.038616039751846076
val,scn2_random_freq_amp_env22001,random_freq_amp,constant_alpha,2,1515,,physics_persistence,1.0,1.0,0.0,1.0,1.0,0.23019366342427214,0.2481331460280257,0.01724142304884055
val,scn2_random_freq_amp_env22001,random_freq_amp,constant_alpha,2,1515,,wm,1.0,1.0,0.0,1.0,1.0,0.23019366342427214,0.2481331460280257,0.01736044075976384
val,scn2_random_freq_amp_env22001,random_freq_amp,constant_alpha,2,1703,,physics_persistence,1.0,1.0,0.0,1.0,1.0,0.19649280660830348,0.21889062219060537,0.021039720022521247
val,scn2_random_freq_amp_env22001,random_freq_amp,constant_alpha,2,1703,,wm,1.0,1.0,0.0,1.0,1.0,0.19649280660830348,0.21889062219060537,0.021664502597303542
val,scn2_random_freq_amp_env22001,random_freq_amp,constant_alpha,2,1891,,physics_persistence,1.0,1.0,0.0,0.9,0.9,0.7567499695149829,0.8189974119349578,0.06397430129097048
val,scn2_random_freq_amp_env22001,random_freq_amp,constant_alpha,2,1891,,wm,1.0,1.0,0.0,0.9,0.9,0.7567499695149829,0.8189974119349578,0.06559041993588954
val,scn2_random_freq_amp_env22001,random_freq_amp,constant_alpha,2,2080,,physics_persistence,1.0,1.0,0.0,1.0,1.0,0.032368314452334485,0.0360940218161281,0.0038235503872945595
val,scn2_random_freq_amp_env22001,random_freq_amp,constant_alpha,2,2080,,wm,1.0,1.0,0.0,1.0,1.0,0.032368314452334485,0.0360940218161281,0.0038565211900021892
val,scn2_colored_noise_env22001,colored_noise,transformer,2,7,,physics_persistence,1.0,1.0,0.0,0.2,0.2,1.4927574275090914,1.506883236967841,0.019424493211701588
val,scn2_colored_noise_env22001,colored_noise,transformer,2,7,,wm,1.0,1.0,0.0,0.2,0.2,1.4927574275090914,1.506883236967841,0.020390337304710737
val,scn2_colored_noise_env22001,colored_noise,transformer,2,234,,physics_persistence,1.0,1.0,0.0,1.0,1.0,0.036351488396112124,0.0428946568368595,0.006325038082606017
val,scn2_colored_noise_env22001,colored_noise,transformer,2,234,,wm,1.0,1.0,0.0,1.0,1.0,0.036351488396112124,0.0428946568368595,0.006379172664136595
val,scn2_colored_noise_env22001,colored_noise,transformer,2,420,,physics_persistence,0.9727272727272729,0.0,0.034445332020075346,0.9,1.0,0.001908613435626868,0.0026634379708134403,0.0010026893412685893
val,scn2_colored_noise_env22001,colored_noise,transformer,2,420,,wm,0.9727272727272729,0.0,0.034445332020075346,0.9,1.0,0.001908613435626868,0.0026634379708134403,0.0010441259608020086
val,scn2_colored_noise_env22001,colored_noise,transformer,2,604,,physics_persistence,0.7454545454545456,0.0,0.23105400933067655,0.7,1.0,0.001169923065566054,0.0017833737749026158,0.0006693845808075265
val,scn2_colored_noise_env22001,colored_noise,transformer,2,604,,wm,0.7454545454545456,0.0,0.23105400933067655,0.7,1.0,0.001169923065566054,0.0017833737749026158,0.0006701843739277671
val,scn2_colored_noise_env22001,colored_noise,transformer,2,788,,physics_persistence,0.990909090909091,0.0,0.005012746066532898,0.9,1.0,8.154999279485493e-05,0.001828420302953152,0.0015772544147412437
val,scn2_colored_noise_env22001,colored_noise,transformer,2,788,,wm,0.990909090909091,0.0,0.005012746066532898,0.9,1.0,8.154999279485493e-05,0.001828420302953152,0.0016224101464364599
val,scn2_colored_noise_env22001,colored_noise,transformer,2,974,,physics_persistence,0.36363636363636365,0.0,0.6010027514021735,0.6,1.0,0.001025299210017335,0.0016039483044740692,0.00011729320006052834
val,scn2_colored_noise_env22001,colored_noise,transformer,2,974,,wm,0.36363636363636365,0.0,0.6010027514021735,0.6,1.0,0.001025299210017335,0.0016039483044740692,0.0003315101552102133
val,scn2_colored_noise_env22001,colored_noise,transformer,2,1158,,physics_persistence,-0.9181818181818183,0.0,1.0,0.2,1.0,0.0039004773544520192,0.004613441318041046,0.0003796830288580401
val,scn2_colored_noise_env22001,colored_noise,transformer,2,1158,,wm,-0.6090909090909091,0.0,0.36969699446893445,0.2,0.7,0.0039004773544520192,0.004613441318041046,0.00013847743595019318
val,scn2_colored_noise_env22001,colored_noise,transformer,2,1343,,physics_persistence,1.0,1.0,0.0,1.0,1.0,0.001755206898578202,0.0038956138444386583,0.002414946345138869
val,scn2_colored_noise_env22001,colored_noise,transformer,2,1343,,wm,1.0,1.0,0.0,1.0,1.0,0.001755206898578202,0.0038956138444386583,0.0024520818581825147
val,scn2_colored_noise_env22001,colored_noise,transformer,2,1527,,physics_persistence,0.9818181818181818,0.0,0.003136329310647956,0.9,0.8,0.004289787864458325,0.005590447522062198,0.0003837327032901244
val,scn2_colored_noise_env22001,colored_noise,transformer,2,1527,,wm,0.9727272727272729,0.0,0.03236263862912506,0.9,1.0,0.004289787864458325,0.005590447522062198,0.0006538066931356355
val,scn2_colored_noise_env22001,colored_noise,transformer,2,1711,,physics_persistence,1.0,1.0,0.0,1.0,1.0,0.0034213016074773756,0.004968010736891748,0.001593992663660854
val,scn2_colored_noise_env22001,colored_noise,transformer,2,1711,,wm,1.0,1.0,0.0,1.0,1.0,0.0034213016074773756,0.004968010736891748,0.0015915992119331038
val,scn2_colored_noise_env22001,colored_noise,transformer,2,1896,,physics_persistence,1.0,1.0,0.0,1.0,1.0,0.001703588896254196,0.002915576749345948,0.0011328035463319503
val,scn2_colored_noise_env22001,colored_noise,transformer,2,1896,,wm,1.0,1.0,0.0,1.0,1.0,0.001703588896254196,0.002915576749345948,0.0011657262262344272
val,scn2_colored_noise_env22001,colored_noise,transformer,2,2080,,physics_persistence,-0.990909090909091,0.0,1.0,0.9,0.0,0.004154206118092889,0.004479758376976882,0.000271958008991699
val,scn2_colored_noise_env22001,colored_noise,transformer,2,2080,,wm,-0.990909090909091,0.0,1.0,0.9,0.0,0.004154206118092889,0.004479758376976882,0.0002344404646154978
val,scn2_random_freq_amp_env22001,random_freq_amp,constant_alpha,2,2,,physics_persistence,1.0,1.0,0.0,0.0,0.0,1.346569489072933,1.371950737701702,0.02574305913588315
val,scn2_random_freq_amp_env22001,random_freq_amp,constant_alpha,2,2,,wm,1.0,1.0,0.0,0.0,0.0,1.346569489072933,1.371950737701702,0.026059265717514712
val,scn2_random_freq_amp_env22001,random_freq_amp,constant_alpha,2,383,,physics_persistence,1.0,1.0,0.0,1.0,1.0,0.012514454597383977,0.017756674166991983,0.005322238798188763
val,scn2_random_freq_amp_env22001,random_freq_amp,constant_alpha,2,383,,wm,1.0,1.0,0.0,1.0,1.0,0.012514454597383977,0.017756674166991983,0.005569988318292519
val,scn2_random_freq_amp_env22001,random_freq_amp,constant_alpha,2,757,,physics_persistence,1.0,1.0,0.0,1.0,1.0,0.0119468285253117,0.02311244775008778,0.011005468758392471
val,scn2_random_freq_amp_env22001,random_freq_amp,constant_alpha,2,757,,wm,1.0,1.0,0.0,1.0,1.0,0.0119468285253117,0.02311244775008778,0.011322559078453266
val,scn2_random_freq_amp_env22001,random_freq_amp,constant_alpha,2,1133,,physics_persistence,1.0,1.0,0.0,0.0,0.0,0.18829057770842675,0.19151857908848222,0.0035438122936449212
val,scn2_random_freq_amp_env22001,random_freq_amp,constant_alpha,2,1133,,wm,1.0,1.0,0.0,0.0,0.0,0.18829057770842675,0.19151857908848222,0.0037691259972661706
val,scn2_random_freq_amp_env22001,random_freq_amp,constant_alpha,2,1509,,physics_persistence,1.0,1.0,0.0,1.0,1.0,0.00710500247666462,0.010640675174756064,0.0033735130039007676
val,scn2_random_freq_amp_env22001,random_freq_amp,constant_alpha,2,1509,,wm,1.0,1.0,0.0,1.0,1.0,0.00710500247666462,0.010640675174756064,0.0034660129303451612
val,scn2_random_freq_amp_env22001,random_freq_amp,constant_alpha,2,1884,,physics_persistence,1.0,1.0,0.0,1.0,1.0,0.007264583379980211,0.013986054694902541,0.006629114093108433
val,scn2_random_freq_amp_env22001,random_freq_amp,constant_alpha,2,1884,,wm,1.0,1.0,0.0,1.0,1.0,0.007264583379980211,0.013986054694902541,0.006753633767042129
val,scn2_random_freq_amp_env22001,random_freq_amp,constant_alpha,2,206,,physics_persistence,0.9545454545454546,0.0,0.004421693328211275,0.6,0.5,0.03497920515356831,0.03532274763070509,0.00031480102779684466
val,scn2_random_freq_amp_env22001,random_freq_amp,constant_alpha,2,206,,wm,0.9636363636363637,1.0,0.0,0.6,0.6,0.03497920515356831,0.03532274763070509,0.0003524837132129685
val,scn2_random_freq_amp_env22001,random_freq_amp,constant_alpha,2,582,,physics_persistence,0.9363636363636365,0.0,0.00017711432874411917,0.6,0.5,0.002335879862153415,0.0024957251041211664,0.0001603301063415781
val,scn2_random_freq_amp_env22001,random_freq_amp,constant_alpha,2,582,,wm,0.990909090909091,0.0,0.00017711432874411917,0.6,0.5,0.002335879862153415,0.0024957251041211664,0.00016964882268582018
val,scn2_random_freq_amp_env22001,random_freq_amp,constant_alpha,2,956,,physics_persistence,0.6727272727272727,0.0,0.07294740005504234,0.6,0.8,0.03265179927605476,0.032755019384262486,0.00012682219466905037
val,scn2_random_freq_amp_env22001,random_freq_amp,constant_alpha,2,956,,wm,0.4909090909090909,0.0,0.050068430307487276,0.6,0.5,0.03265179927605476,0.032755019384262486,7.466998785068957e-05
val,scn2_random_freq_amp_env22001,random_freq_amp,constant_alpha,2,1330,,physics_persistence,1.0,1.0,0.0,1.0,1.0,0.002789170663579896,0.006253846473714857,0.003515272948470505
val,scn2_random_freq_amp_env22001,random_freq_amp,constant_alpha,2,1330,,wm,1.0,1.0,0.0,1.0,1.0,0.002789170663579896,0.006253846473714857,0.003637199609123454
val,scn2_random_freq_amp_env22001,random_freq_amp,constant_alpha,2,1705,,physics_persistence,1.0,1.0,0.0,1.0,1.0,0.0025533607612618038,0.004114861908548126,0.0014617949132554589
val,scn2_random_freq_amp_env22001,random_freq_amp,constant_alpha,2,1705,,wm,1.0,1.0,0.0,1.0,1.0,0.0025533607612618038,0.004114861908548126,0.0015348126929758594
val,scn2_random_freq_amp_env22001,random_freq_amp,constant_alpha,2,2080,,physics_persistence,1.0,1.0,0.0,0.0,0.0,0.0038889076550444068,0.004469203913974195,0.0002459319522341353
val,scn2_random_freq_amp_env22001,random_freq_amp,constant_alpha,2,2080,,wm,1.0,1.0,0.0,0.0,0.0,0.0038889076550444068,0.004469203913974195,0.00026205211735571806
val,scn2_mass_damping_mismatch_env22001,mass_damping_mismatch,constant_alpha,2,1,,physics_persistence,1.0,1.0,0.0,0.0,0.0,1.3256493267651783,1.3545527002022792,0.02846187079209561
val,scn2_mass_damping_mismatch_env22001,mass_damping_mismatch,constant_alpha,2,1,,wm,1.0,1.0,0.0,0.0,0.0,1.3256493267651783,1.3545527002022792,0.028758983823108597
val,scn2_mass_damping_mismatch_env22001,mass_damping_mismatch,constant_alpha,2,267,,physics_persistence,1.0,1.0,0.0,0.9,0.9,0.9253509979942942,0.9553254886077037,0.029951025590374103
val,scn2_mass_damping_mismatch_env22001,mass_damping_mismatch,constant_alpha,2,267,,wm,1.0,1.0,0.0,0.9,0.9,0.9253509979942942,0.9553254886077037,0.031155423222094858
val,scn2_mass_damping_mismatch_env22001,mass_damping_mismatch,constant_alpha,2,449,,physics_persistence,1.0,1.0,0.0,1.0,1.0,0.06823258965376257,0.0802458522200561,0.01198100162820244
val,scn2_mass_damping_mismatch_env22001,mass_damping_mismatch,constant_alpha,2,449,,wm,1.0,1.0,0.0,1.0,1.0,0.06823258965376257,0.0802458522200561,0.012797428275921327
val,scn2_mass_damping_mismatch_env22001,mass_damping_mismatch,constant_alpha,2,630,,physics_persistence,1.0,1.0,0.0,1.0,1.0,0.046061705838057465,0.05701944415762472,0.010616515461042662
val,scn2_mass_damping_mismatch_env22001,mass_damping_mismatch,constant_alpha,2,630,,wm,1.0,1.0,0.0,1.0,1.0,0.046061705838057465,0.05701944415762472,0.011025660558498858
val,scn2_mass_damping_mismatch_env22001,mass_damping_mismatch,constant_alpha,2,811,,physics_persistence,0.990909090909091,0.0,0.0008563700735812911,1.0,0.9,0.4956475071140048,0.5124637500428626,0.01619155757497792
val,scn2_mass_damping_mismatch_env22001,mass_damping_mismatch,constant_alpha,2,811,,wm,1.0,1.0,0.0,1.0,1.0,0.4956475071140048,0.5124637500428626,0.016856504624211954
val,scn2_mass_damping_mismatch_env22001,mass_damping_mismatch,constant_alpha,2,992,,physics_persistence,0.9181818181818183,0.0,0.011689991534969035,0.5,0.6,0.3707325101646504,0.3730892984922739,0.0029749591641934914
val,scn2_mass_damping_mismatch_env22001,mass_damping_mismatch,constant_alpha,2,992,,wm,0.9,0.0,0.011689991534969035,0.5,0.6,0.3707325101646504,0.3730892984922739,0.0031479191610383483
val,scn2_mass_damping_mismatch_env22001,mass_damping_mismatch,constant_alpha,2,1172,,physics_persistence,-0.6363636363636364,0.0,0.3953458240660505,0.8,0.4,0.052999342058620225,0.053758503809235816,0.0005727505208304798
val,scn2_mass_damping_mismatch_env22001,mass_damping_mismatch,constant_alpha,2,1172,,wm,0.9272727272727275,0.0,0.010429351907435545,0.8,0.9,0.052999342058620225,0.053758503809235816,0.0008439566913851643
val,scn2_mass_damping_mismatch_env22001,mass_damping_mismatch,constant_alpha,2,1353,,physics_persistence,1.0,1.0,0.0,0.9,0.9,0.5748398175439247,0.6377470057768698,0.06338184703147165
val,scn2_mass_damping_mismatch_env22001,mass_damping_mismatch,constant_alpha,2,1353,,wm,1.0,1.0,0.0,0.9,0.9,0.5748398175439247,0.6377470057768698,0.06322118064721649
val,scn2_mass_damping_mismatch_env22001,mass_damping_mismatch,constant_alpha,2,1536,,physics_persistence,0.9818181818181818,0.0,0.0007406673436920004,0.8,0.9,0.3284987132946432,0.3514084706028656,0.023324120658059555
val,scn2_mass_damping_mismatch_env22001,mass_damping_mismatch,constant_alpha,2,1536,,wm,0.9545454545454546,0.0,0.0007406673436920004,0.8,0.9,0.3284987132946432,0.3514084706028656,0.023426355504727048
val,scn2_mass_damping_mismatch_env22001,mass_damping_mismatch,constant_alpha,2,1718,,physics_persistence,1.0,1.0,0.0,0.8,0.8,0.4859966736013161,0.523739391358834,0.03856235599988267
val,scn2_mass_damping_mismatch_env22001,mass_damping_mismatch,constant_alpha,2,1718,,wm,1.0,1.0,0.0,0.8,0.8,0.4859966736013161,0.523739391358834,0.039334859202474926
val,scn2_mass_damping_mismatch_env22001,mass_damping_mismatch,constant_alpha,2,1899,,physics_persistence,1.0,1.0,0.0,1.0,1.0,0.5552215127286158,0.62107758463329,0.065608700504591
val,scn2_mass_damping_mismatch_env22001,mass_damping_mismatch,constant_alpha,2,1899,,wm,1.0,1.0,0.0,1.0,1.0,0.5552215127286158,0.62107758463329,0.06689094466211531
val,scn2_mass_damping_mismatch_env22001,mass_damping_mismatch,constant_alpha,2,2080,,physics_persistence,0.9454545454545454,0.0,0.004178981009943061,0.6,0.5,3.425114430418857,3.4948282945664477,0.06320602818719179
val,scn2_mass_damping_mismatch_env22001,mass_damping_mismatch,constant_alpha,2,2080,,wm,0.9727272727272729,0.0,0.004178981009943061,0.6,0.5,3.425114430418857,3.4948282945664477,0.06496141263297073
val,scn2_random_freq_amp_env22001,random_freq_amp,transformer,2,75,,physics_persistence,1.0,1.0,0.0,1.0,1.0,1.5658681178511538,1.779460372661859,0.21308903561197678
val,scn2_random_freq_amp_env22001,random_freq_amp,transformer,2,75,,wm,1.0,1.0,0.0,1.0,1.0,1.5658681178511538,1.779460372661859,0.21379587762165175
val,scn2_random_freq_amp_env22001,random_freq_amp,transformer,2,281,,physics_persistence,1.0,1.0,0.0,1.0,1.0,0.0113615776983361,0.015806660668916603,0.004524928009535849
val,scn2_random_freq_amp_env22001,random_freq_amp,transformer,2,281,,wm,1.0,1.0,0.0,1.0,1.0,0.0113615776983361,0.015806660668916603,0.0045451699348895355
val,scn2_random_freq_amp_env22001,random_freq_amp,transformer,2,460,,physics_persistence,0.990909090909091,0.0,0.007112382283169078,0.9,1.0,0.0014098667248156008,0.0019291233437758939,0.00045911593463195924
val,scn2_random_freq_amp_env22001,random_freq_amp,transformer,2,460,,wm,0.990909090909091,0.0,0.007112382283169078,0.9,1.0,0.0014098667248156008,0.0019291233437758939,0.0005161794065734458
val,scn2_random_freq_amp_env22001,random_freq_amp,transformer,2,640,,physics_persistence,0.9727272727272729,0.0,0.027289842824482536,0.9,1.0,0.0019223304274925913,0.002665699483212815,0.0008363978480795918
val,scn2_random_freq_amp_env22001,random_freq_amp,transformer,2,640,,wm,0.9727272727272729,0.0,0.027289842824482536,0.9,1.0,0.0019223304274925913,0.002665699483212815,0.0009151290256164968
val,scn2_random_freq_amp_env22001,random_freq_amp,transformer,2,821,,physics_persistence,1.0,1.0,0.0,1.0,1.0,0.0012336482527111948,0.0026373963199570727,0.0011577174089836323
val,scn2_random_freq_amp_env22001,random_freq_amp,transformer,2,821,,wm,1.0,1.0,0.0,1.0,1.0,0.0012336482527111948,0.0026373963199570727,0.0011311141191517502
val,scn2_random_freq_amp_env22001,random_freq_amp,transformer,2,1000,,physics_persistence,0.9363636363636365,0.0,0.10779488045356132,1.0,0.8,0.08962594234117222,0.09000074547486236,0.00025340050324337837
val,scn2_random_freq_amp_env22001,random_freq_amp,transformer,2,1000,,wm,0.21818181818181823,0.0,0.2701308431544085,1.0,0.6,0.08962594234117222,0.09000074547486236,7.830454075641313e-05
val,scn2_random_freq_amp_env22001,random_freq_amp,transformer,2,1180,,physics_persistence,1.0,1.0,0.0,0.0,0.0,0.053330026216009956,0.05796432229389091,0.005564580564530179
val,scn2_random_freq_amp_env22001,random_freq_amp,transformer,2,1180,,wm,1.0,1.0,0.0,0.0,0.0,0.053330026216009956,0.05796432229389091,0.004928578573387195
val,scn2_random_freq_amp_env22001,random_freq_amp,transformer,2,1359,,physics_persistence,1.0,1.0,0.0,1.0,1.0,0.001780168545082564,0.005018222024603312,0.0030552660927321835
val,scn2_random_freq_amp_env22001,random_freq_amp,transformer,2,1359,,wm,1.0,1.0,0.0,1.0,1.0,0.001780168545082564,0.005018222024603312,0.0031774190783559076
val,scn2_random_freq_amp_env22001,random_freq_amp,transformer,2,1539,,physics_persistence,1.0,1.0,0.0,1.0,1.0,0.004207913409676815,0.004965545365602446,0.0007020658122251673
val,scn2_random_freq_amp_env22001,random_freq_amp,transformer,2,1539,,wm,1.0,1.0,0.0,1.0,1.0,0.004207913409676815,0.004965545365602446,0.0008052663774689457
val,scn2_random_freq_amp_env22001,random_freq_amp,transformer,2,1719,,physics_persistence,1.0,1.0,0.0,1.0,1.0,0.002601672506887958,0.004149750002265723,0.0015749100737512131
val,scn2_random_freq_amp_env22001,random_freq_amp,transformer,2,1719,,wm,1.0,1.0,0.0,1.0,1.0,0.002601672506887958,0.004149750002265723,0.0016287200138771708
val,scn2_random_freq_amp_env22001,random_freq_amp,transformer,2,1899,,physics_persistence,1.0,1.0,0.0,1.0,1.0,0.001405997170747715,0.0027936866389903113,0.0013246304961724727
val,scn2_random_freq_amp_env22001,random_freq_amp,transformer,2,1899,,wm,1.0,1.0,0.0,1.0,1.0,0.001405997170747715,0.0027936866389903113,0.0013237212185032753
val,scn2_random_freq_amp_env22001,random_freq_amp,transformer,2,2080,,physics_persistence,1.0,1.0,0.0,0.0,0.0,0.004156253028281181,0.0047140307677465895,0.0002300209787126379
val,scn2_random_freq_amp_env22001,random_freq_amp,transformer,2,2080,,wm,1.0,1.0,0.0,0.0,0.0,0.004156253028281181,0.0047140307677465895,0.00024746563991624986
val,scn2_mass_damping_mismatch_env22001,mass_damping_mismatch,constant_alpha,2,1,,physics_persistence,1.0,1.0,0.0,0.0,0.0,1.3256493267651783,1.3545527002022792,0.02846187079209561
val,scn2_mass_damping_mismatch_env22001,mass_damping_mismatch,constant_alpha,2,1,,wm,1.0,1.0,0.0,0.0,0.0,1.3256493267651783,1.3545527002022792,0.028757934821450837
val,scn2_mass_damping_mismatch_env22001,mass_damping_mismatch,constant_alpha,2,464,,physics_persistence,1.0,1.0,0.0,1.0,1.0,0.0029878727582328124,0.005067207246471455,0.00208443657162506
val,scn2_mass_damping_mismatch_env22001,mass_damping_mismatch,constant_alpha,2,464,,wm,1.0,1.0,0.0,1.0,1.0,0.0029878727582328124,0.005067207246471455,0.002251843928931778
val,scn2_mass_damping_mismatch_env22001,mass_damping_mismatch,constant_alpha,2,826,,physics_persistence,1.0,1.0,0.0,1.0,1.0,0.11214091912759858,0.11763687192235957,0.005874419572274164
val,scn2_mass_damping_mismatch_env22001,mass_damping_mismatch,constant_alpha,2,826,,wm,1.0,1.0,0.0,1.0,1.0,0.11214091912759858,0.11763687192235957,0.005996598508474435
val,scn2_mass_damping_mismatch_env22001,mass_damping_mismatch,constant_alpha,2,1188,,physics_persistence,0.9363636363636365,0.0,0.036767262521212665,0.2,0.0,0.036210921425339174,0.0363875721707778,0.0010786577126111058
val,scn2_mass_damping_mismatch_env22001,mass_damping_mismatch,constant_alpha,2,1188,,wm,0.9363636363636365,0.0,0.036767262521212665,0.2,0.0,0.036210921425339174,0.0363875721707778,0.000453015122213081
val,scn2_mass_damping_mismatch_env22001,mass_damping_mismatch,constant_alpha,2,1550,,physics_persistence,1.0,1.0,0.0,1.0,1.0,0.008703773619003959,0.012720273817087915,0.003982662272249424
val,scn2_mass_damping_mismatch_env22001,mass_damping_mismatch,constant_alpha,2,1550,,wm,1.0,1.0,0.0,1.0,1.0,0.008703773619003959,0.012720273817087915,0.004056394756083001
val,scn2_mass_damping_mismatch_env22001,mass_damping_mismatch,constant_alpha,2,1911,,physics_persistence,1.0,1.0,0.0,1.0,1.0,0.008529043147042855,0.014495889685025307,0.005948223517938932
val,scn2_mass_damping_mismatch_env22001,mass_damping_mismatch,constant_alpha,2,1911,,wm,1.0,1.0,0.0,1.0,1.0,0.008529043147042855,0.014495889685025307,0.0059127599743626184
val,scn2_mass_damping_mismatch_env22001,mass_damping_mismatch,constant_alpha,2,271,,physics_persistence,0.990909090909091,0.0,0.0036699837231780473,0.1,0.0,0.02879843817871486,0.030969164568126806,0.0020602540668865285
val,scn2_mass_damping_mismatch_env22001,mass_damping_mismatch,constant_alpha,2,271,,wm,0.990909090909091,0.0,0.0036699837231780473,0.1,0.0,0.02879843817871486,0.030969164568126806,0.002097940730347008
val,scn2_mass_damping_mismatch_env22001,mass_damping_mismatch,constant_alpha,2,633,,physics_persistence,-0.6000000000000001,0.0,0.7906333480753466,0.7,0.0,0.01920849344984137,0.019245632846138692,0.00015290440229200064
val,scn2_mass_damping_mismatch_env22001,mass_damping_mismatch,constant_alpha,2,633,,wm,-0.6000000000000001,0.0,0.7906333480753466,0.7,0.0,0.01920849344984137,0.019245632846138692,0.00017957106445039284
val,scn2_mass_damping_mismatch_env22001,mass_damping_mismatch,constant_alpha,2,994,,physics_persistence,1.0,1.0,0.0,0.0,0.0,0.28265354207885957,0.28465175113290336,0.0018869367841947149
val,scn2_mass_damping_mismatch_env22001,mass_damping_mismatch,constant_alpha,2,994,,wm,1.0,1.0,0.0,0.0,0.0,0.28265354207885957,0.28465175113290336,0.002719985558297111
val,scn2_mass_damping_mismatch_env22001,mass_damping_mismatch,constant_alpha,2,1356,,physics_persistence,1.0,1.0,0.0,1.0,1.0,0.0017044951116659602,0.00529910626915693,0.0035381759209308214
val,scn2_mass_damping_mismatch_env22001,mass_damping_mismatch,constant_alpha,2,1356,,wm,1.0,1.0,0.0,1.0,1.0,0.0017044951116659602,0.00529910626915693,0.003611548874891782
val,scn2_mass_damping_mismatch_env22001,mass_damping_mismatch,constant_alpha,2,1719,,physics_persistence,1.0,1.0,0.0,1.0,1.0,0.001730324897619124,0.0032758690400122087,0.0015716551183741503
val,scn2_mass_damping_mismatch_env22001,mass_damping_mismatch,constant_alpha,2,1719,,wm,1.0,1.0,0.0,1.0,1.0,0.001730324897619124,0.0032758690400122087,0.0015777578959675494
val,scn2_mass_damping_mismatch_env22001,mass_damping_mismatch,constant_alpha,2,2080,,physics_persistence,1.0,1.0,0.0,0.0,0.0,1.5572476185352,1.557606906670232,0.00036757941932963334
val,scn2_mass_damping_mismatch_env22001,mass_damping_mismatch,constant_alpha,2,2080,,wm,1.0,1.0,0.0,0.0,0.0,1.5572476185352,1.557606906670232,0.0007005443331518091
val,scn3_actuator_delay_noise_env22001,actuator_delay_noise,constant_alpha,3,2,,physics_persistence,1.0,1.0,0.0,0.0,0.0,1.4048534772773906,1.4312721047738903,0.02571139535818845
val,scn3_actuator_delay_noise_env22001,actuator_delay_noise,constant_alpha,3,2,,wm,1.0,1.0,0.0,0.0,0.0,1.4048534772773906,1.4312721047738903,0.02625054093471091
val,scn3_actuator_delay_noise_env22001,actuator_delay_noise,constant_alpha,3,272,,physics_persistence,1.0,1.0,0.0,1.0,1.0,1.156661278638632,1.2041179933304222,0.048357533705167155
val,scn3_actuator_delay_noise_env22001,actuator_delay_noise,constant_alpha,3,272,,wm,1.0,1.0,0.0,1.0,1.0,1.156661278638632,1.2041179933304222,0.04938893594304328
val,scn3_actuator_delay_noise_env22001,actuator_delay_noise,constant_alpha,3,453,,physics_persistence,1.0,1.0,0.0,1.0,1.0,0.13577397142538056,0.15251036443674618,0.016951026897904148
val,scn3_actuator_delay_noise_env22001,actuator_delay_noise,constant_alpha,3,453,,wm,1.0,1.0,0.0,1.0,1.0,0.13577397142538056,0.15251036443674618,0.017337095248642465
val,scn3_actuator_delay_noise_env22001,actuator_delay_noise,constant_alpha,3,633,,physics_persistence,1.0,1.0,0.0,1.0,1.0,0.09601912125084643,0.11267413901704874,0.016540181225939962
val,scn3_actuator_delay_noise_env22001,actuator_delay_noise,constant_alpha,3,633,,wm,1.0,1.0,0.0,1.0,1.0,0.09601912125084643,0.11267413901704874,0.016649565958872056
val,scn3_actuator_delay_noise_env22001,actuator_delay_noise,constant_alpha,3,813,,physics_persistence,1.0,1.0,0.0,1.0,1.0,0.672629449279287,0.7381860314245605,0.06482227745866342
val,scn3_actuator_delay_noise_env22001,actuator_delay_noise,constant_alpha,3,813,,wm,1.0,1.0,0.0,1.0,1.0,0.672629449279287,0.7381860314245605,0.06439025273797172
val,scn3_actuator_delay_noise_env22001,actuator_delay_noise,constant_alpha,3,994,,physics_persistence,0.6181818181818182,0.0,0.1901714476802611,0.7,1.0,0.10395453782147732,0.1261451985175176,0.007507110062183728
val,scn3_actuator_delay_noise_env22001,actuator_delay_noise,constant_alpha,3,994,,wm,0.990909090909091,1.0,0.0,0.7,0.7,0.10395453782147732,0.1261451985175176,0.003030529876934196
val,scn3_actuator_delay_noise_env22001,actuator_delay_noise,constant_alpha,3,1176,,physics_persistence,1.0,1.0,0.0,1.0,1.0,0.037682925499863955,0.038988203509293565,0.0011359852883802354
val,scn3_actuator_delay_noise_env22001,actuator_delay_noise,constant_alpha,3,1176,,wm,1.0,1.0,0.0,1.0,1.0,0.037682925499863955,0.038988203509293565,0.0011431387224666509
val,scn3_actuator_delay_noise_env22001,actuator_delay_noise,constant_alpha,3,1357,,physics_persistence,1.0,1.0,0.0,1.0,1.0,0.22412130487843784,0.250767487384086,0.027765986029349793
val,scn3_actuator_delay_noise_env22001,actuator_delay_noise,constant_alpha,3,1357,,wm,1.0,1.0,0.0,1.0,1.0,0.22412130487843784,0.250767487384086,0.02695695152604463
val,scn3_actuator_delay_noise_env22001,actuator_delay_noise,constant_alpha,3,1537,,physics_persistence,1.0,1.0,0.0,1.0,1.0,0.44489949602341033,0.4800504238342314,0.035941097569689495
val,scn3_actuator_delay_noise_env22001,actuator_delay_noise,constant_alpha,3,1537,,wm,1.0,1.0,0.0,1.0,1.0,0.44489949602341033,0.4800504238342314,0.03629016396770751
val,scn3_actuator_delay_noise_env22001,actuator_delay_noise,constant_alpha,3,1717,,physics_persistence,1.0,1.0,0.0,1.0,1.0,0.2519425525257963,0.2768621153158349,0.02601845781703621
val,scn3_actuator_delay_noise_env22001,actuator_delay_noise,constant_alpha,3,1717,,wm,1.0,1.0,0.0,1.0,1.0,0.2519425525257963,0.2768621153158349,0.026927203592619908
val,scn3_actuator_delay_noise_env22001,actuator_delay_noise,constant_alpha,3,1899,,physics_persistence,0.990909090909091,0.0,0.0004941704931029537,0.9,1.0,0.1860222424501769,0.203593449654043,0.018223301839260353
val,scn3_actuator_delay_noise_env22001,actuator_delay_noise,constant_alpha,3,1899,,wm,0.990909090909091,0.0,0.0004941704931029537,0.9,1.0,0.1860222424501769,0.203593449654043,0.018722022208760902
val,scn3_actuator_delay_noise_env22001,actuator_delay_noise,constant_alpha,3,2080,,physics_persistence,1.0,1.0,0.0,1.0,1.0,0.01907625304467663,0.02049823262792721,0.0013560014269968848
val,scn3_actuator_delay_noise_env22001,actuator_delay_noise,constant_alpha,3,2080,,wm,1.0,1.0,0.0,1.0,1.0,0.01907625304467663,0.02049823262792721,0.0014344991604626212
val,scn2_mass_damping_mismatch_env22001,mass_damping_mismatch,transformer,2,3,,physics_persistence,0.990909090909091,1.0,0.0,0.1,0.1,1.3674644332103294,1.3860628747475578,0.019898163152364257
val,scn2_mass_damping_mismatch_env22001,mass_damping_mismatch,transformer,2,3,,wm,0.990909090909091,1.0,0.0,0.1,0.1,1.3674644332103294,1.3860628747475578,0.02034918189575441
val,scn2_mass_damping_mismatch_env22001,mass_damping_mismatch,transformer,2,283,,physics_persistence,1.0,1.0,0.0,1.0,1.0,0.015701659374900596,0.021535332726158107,0.0053259323810018085
val,scn2_mass_damping_mismatch_env22001,mass_damping_mismatch,transformer,2,283,,wm,1.0,1.0,0.0,1.0,1.0,0.015701659374900596,0.021535332726158107,0.005527885611114228
val,scn2_mass_damping_mismatch_env22001,mass_damping_mismatch,transformer,2,463,,physics_persistence,0.990909090909091,1.0,0.0,0.4,0.4,0.0013138283568840026,0.0015500514816607477,0.00018341046901857155
val,scn2_mass_damping_mismatch_env22001,mass_damping_mismatch,transformer,2,463,,wm,1.0,1.0,0.0,0.4,0.4,0.0013138283568840026,0.0015500514816607477,0.00025956692328347433
val,scn2_mass_damping_mismatch_env22001,mass_damping_mismatch,transformer,2,643,,physics_persistence,1.0,1.0,0.0,0.0,0.0,0.016572993732633053,0.017159417856954122,0.0004553147753268566
val,scn2_mass_damping_mismatch_env22001,mass_damping_mismatch,transformer,2,643,,wm,1.0,1.0,0.0,0.0,0.0,0.016572993732633053,0.017159417856954122,0.0005236461407468855
val,scn2_mass_damping_mismatch_env22001,mass_damping_mismatch,transformer,2,822,,physics_persistence,1.0,1.0,0.0,1.0,1.0,0.01822986412897929,0.020195383700817117,0.0017830936311041337
val,scn2_mass_damping_mismatch_env22001,mass_damping_mismatch,transformer,2,822,,wm,1.0,1.0,0.0,1.0,1.0,0.01822986412897929,0.020195383700817117,0.0017895135373810316
val,scn2_mass_damping_mismatch_env22001,mass_damping_mismatch,transformer,2,1001,,physics_persistence,0.9363636363636365,1.0,0.0,0.5,0.5,0.31042787802853966,0.31163900741156636,0.001281785552127268
val,scn2_mass_damping_mismatch_env22001,mass_damping_mismatch,transformer,2,1001,,wm,0.8454545454545455,1.0,0.0,0.5,0.5,0.31042787802853966,0.31163900741156636,0.0009607383790731783
val,scn2_mass_damping_mismatch_env22001,mass_damping_mismatch,transformer,2,1182,,physics_persistence,-0.4000000000000001,0.0,0.2742789290561929,0.2,0.7,0.04565233353618395,0.046621462775290376,0.0006138102377466273
val,scn2_mass_damping_mismatch_env22001,mass_damping_mismatch,transformer,2,1182,,wm,-0.7090909090909092,0.0,0.2742789290561929,0.2,0.7,0.04565233353618395,0.046621462775290376,0.0007744329470123282
val,scn2_mass_damping_mismatch_env22001,mass_damping_mismatch,transformer,2,1362,,physics_persistence,1.0,1.0,0.0,1.0,1.0,0.0015746813469547996,0.005204434471622058,0.0033691964625808713
val,scn2_mass_damping_mismatch_env22001,mass_damping_mismatch,transformer,2,1362,,wm,1.0,1.0,0.0,1.0,1.0,0.0015746813469547996,0.005204434471622058,0.003472595145850573
val,scn2_mass_damping_mismatch_env22001,mass_damping_mismatch,transformer,2,1541,,physics_persistence,1.0,1.0,0.0,1.0,1.0,0.0034326868278208474,0.004483487135635893,0.0009479239231937595
val,scn2_mass_damping_mismatch_env22001,mass_damping_mismatch,transformer,2,1541,,wm,1.0,1.0,0.0,1.0,1.0,0.0034326868278208474,0.004483487135635893,0.0010018274887695737
val,scn2_mass_damping_mismatch_env22001,mass_damping_mismatch,transformer,2,1721,,physics_persistence,1.0,1.0,0.0,1.0,1.0,0.0016075850087066523,0.0033677039824501626,0.0016113631846274416
val,scn2_mass_damping_mismatch_env22001,mass_damping_mismatch,transformer,2,1721,,wm,1.0,1.0,0.0,1.0,1.0,0.0016075850087066523,0.0033677039824501626,0.0016347343349010547
val,scn2_mass_damping_mismatch_env22001,mass_damping_mismatch,transformer,2,1900,,physics_persistence,0.990909090909091,0.0,0.003976667991302972,0.9,1.0,0.002810210856577257,0.0036832975670438657,0.0012829980530013438
val,scn2_mass_damping_mismatch_env22001,mass_damping_mismatch,transformer,2,1900,,wm,0.990909090909091,0.0,0.003976667991302972,0.9,1.0,0.002810210856577257,0.0036832975670438657,0.001180102186702581
val,scn2_mass_damping_mismatch_env22001,mass_damping_mismatch,transformer,2,2080,,physics_persistence,1.0,1.0,0.0,0.0,0.0,1.5679447125765993,1.5683113158517035,0.0003718467763051958
val,scn2_mass_damping_mismatch_env22001,mass_damping_mismatch,transformer,2,2080,,wm,1.0,1.0,0.0,0.0,0.0,1.5679447125765993,1.5683113158517035,0.0007253367573600844
val,scn3_actuator_delay_noise_env22001,actuator_delay_noise,constant_alpha,3,1,,physics_persistence,1.0,1.0,0.0,0.0,0.0,1.3550476193802896,1.3832012416600004,0.02781255363476287
val,scn3_actuator_delay_noise_env22001,actuator_delay_noise,constant_alpha,3,1,,wm,1.0,1.0,0.0,0.0,0.0,1.3550476193802896,1.3832012416600004,0.028519065435341995
val,scn3_actuator_delay_noise_env22001,actuator_delay_noise,constant_alpha,3,431,,physics_persistence,1.0,1.0,0.0,1.0,1.0,0.009885928845610044,0.013810022271905724,0.0039053194344839254
val,scn3_actuator_delay_noise_env22001,actuator_delay_noise,constant_alpha,3,431,,wm,1.0,1.0,0.0,1.0,1.0,0.009885928845610044,0.013810022271905724,0.004241781186357003
val,scn3_actuator_delay_noise_env22001,actuator_delay_noise,constant_alpha,3,796,,physics_persistence,1.0,1.0,0.0,1.0,1.0,0.010875198300384054,0.02085154919134502,0.01009187779381332
val,scn3_actuator_delay_noise_env22001,actuator_delay_noise,constant_alpha,3,796,,wm,1.0,1.0,0.0,1.0,1.0,0.010875198300384054,0.02085154919134502,0.010184000905783515
val,scn3_actuator_delay_noise_env22001,actuator_delay_noise,constant_alpha,3,1163,,physics_persistence,1.0,1.0,0.0,1.0,1.0,0.006531688222854701,0.007871415931100752,0.0013918078044883328
val,scn3_actuator_delay_noise_env22001,actuator_delay_noise,constant_alpha,3,1163,,wm,1.0,1.0,0.0,1.0,1.0,0.006531688222854701,0.007871415931100752,0.0013989448932757815
val,scn3_actuator_delay_noise_env22001,actuator_delay_noise,constant_alpha,3,1528,,physics_persistence,1.0,1.0,0.0,1.0,1.0,0.011023160352158579,0.015382852342017387,0.0041220991460551235
val,scn3_actuator_delay_noise_env22001,actuator_delay_noise,constant_alpha,3,1528,,wm,1.0,1.0,0.0,1.0,1.0,0.011023160352158579,0.015382852342017387,0.004166544749597104
val,scn3_actuator_delay_noise_env22001,actuator_delay_noise,constant_alpha,3,1895,,physics_persistence,1.0,1.0,0.0,1.0,1.0,0.006521274009093887,0.01099833865278372,0.004517691083037174
val,scn3_actuator_delay_noise_env22001,actuator_delay_noise,constant_alpha,3,1895,,wm,1.0,1.0,0.0,1.0,1.0,0.006521274009093887,0.01099833865278372,0.004654031751950297
val,scn3_actuator_delay_noise_env22001,actuator_delay_noise,constant_alpha,3,252,,physics_persistence,0.9090909090909091,0.0,0.013945803051827459,0.6,0.4,0.02111883526518244,0.021600586019192892,0.0005525763228002058
val,scn3_actuator_delay_noise_env22001,actuator_delay_noise,constant_alpha,3,252,,wm,0.9727272727272729,0.0,0.013945803051827459,0.6,0.4,0.02111883526518244,0.021600586019192892,0.0004828501392567554
val,scn3_actuator_delay_noise_env22001,actuator_delay_noise,constant_alpha,3,619,,physics_persistence,0.9818181818181818,0.0,0.004667087082423662,0.8,0.9,0.000843484796905984,0.0013219505825801403,0.0004736037951037019
val,scn3_actuator_delay_noise_env22001,actuator_delay_noise,constant_alpha,3,619,,wm,0.9818181818181818,0.0,0.004667087082423662,0.8,0.9,0.000843484796905984,0.0013219505825801403,0.0005189585989048103
val,scn3_actuator_delay_noise_env22001,actuator_delay_noise,constant_alpha,3,984,,physics_persistence,-1.0,0.0,1.0,1.0,0.0,0.02383102398557658,0.03739073098523899,0.0011044161897409352
val,scn3_actuator_delay_noise_env22001,actuator_delay_noise,constant_alpha,3,984,,wm,1.0,1.0,0.0,1.0,1.0,0.02383102398557658,0.03739073098523899,0.00048460251127431866
val,scn3_actuator_delay_noise_env22001,actuator_delay_noise,constant_alpha,3,1350,,physics_persistence,1.0,1.0,0.0,1.0,1.0,0.0035153991371884062,0.006453473164001409,0.0029371804910893295
val,scn3_actuator_delay_noise_env22001,actuator_delay_noise,constant_alpha,3,1350,,wm,1.0,1.0,0.0,1.0,1.0,0.0035153991371884062,0.006453473164001409,0.0029698688515324805
val,scn3_actuator_delay_noise_env22001,actuator_delay_noise,constant_alpha,3,1715,,physics_persistence,1.0,1.0,0.0,1.0,1.0,0.0042699794572744676,0.005513223452296846,0.0011160488756034419
val,scn3_actuator_delay_noise_env22001,actuator_delay_noise,constant_alpha,3,1715,,wm,1.0,1.0,0.0,1.0,1.0,0.0042699794572744676,0.005513223452296846,0.00119877879782819
val,scn3_actuator_delay_noise_env22001,actuator_delay_noise,constant_alpha,3,2080,,physics_persistence,1.0,1.0,0.0,1.0,1.0,0.006048647621624334,0.010939522074944462,0.005147999741944155
val,scn3_actuator_delay_noise_env22001,actuator_delay_noise,constant_alpha,3,2080,,wm,1.0,1.0,0.0,1.0,1.0,0.006048647621624334,0.010939522074944462,0.005106428203660734
val,scn3_actuator_delay_noise_env22001,actuator_delay_noise,transformer,3,2,,physics_persistence,1.0,1.0,0.0,0.0,0.0,1.4048534772773906,1.431188467776566,0.02562776740010242
val,scn3_actuator_delay_noise_env22001,actuator_delay_noise,transformer,3,2,,wm,1.0,1.0,0.0,0.0,0.0,1.4048534772773906,1.431188467776566,0.02612820636359614
val,scn3_actuator_delay_noise_env22001,actuator_delay_noise,transformer,3,273,,physics_persistence,1.0,1.0,0.0,1.0,1.0,0.010109165760263519,0.015303579154748467,0.005105711724124133
val,scn3_actuator_delay_noise_env22001,actuator_delay_noise,transformer,3,273,,wm,1.0,1.0,0.0,1.0,1.0,0.010109165760263519,0.015303579154748467,0.005211396312222132
val,scn3_actuator_delay_noise_env22001,actuator_delay_noise,transformer,3,453,,physics_persistence,1.0,1.0,0.0,1.0,1.0,0.0014459735271080112,0.0019310806943025514,0.00043860616001485143
val,scn3_actuator_delay_noise_env22001,actuator_delay_noise,transformer,3,453,,wm,1.0,1.0,0.0,1.0,1.0,0.0014459735271080112,0.0019310806943025514,0.0005106323357692297
val,scn3_actuator_delay_noise_env22001,actuator_delay_noise,transformer,3,634,,physics_persistence,1.0,1.0,0.0,0.9,0.9,0.0006176886942286663,0.0012526731545254213,0.0005318365922908181
val,scn3_actuator_delay_noise_env22001,actuator_delay_noise,transformer,3,634,,wm,1.0,1.0,0.0,0.9,0.9,0.0006176886942286663,0.0012526731545254213,0.0006187475614769612
val,scn3_actuator_delay_noise_env22001,actuator_delay_noise,transformer,3,815,,physics_persistence,0.990909090909091,0.0,0.004238334803624391,0.9,1.0,0.000814991410722911,0.0019153262917851882,0.0011410826506868112
val,scn3_actuator_delay_noise_env22001,actuator_delay_noise,transformer,3,815,,wm,0.990909090909091,0.0,0.004238334803624391,0.9,1.0,0.000814991410722911,0.0019153262917851882,0.0011587917435857608
val,scn3_actuator_delay_noise_env22001,actuator_delay_noise,transformer,3,995,,physics_persistence,-0.990909090909091,0.0,1.0,1.0,0.0,0.03893408622039338,0.06476976878400545,0.000780494621577664
val,scn3_actuator_delay_noise_env22001,actuator_delay_noise,transformer,3,995,,wm,-1.0,0.0,1.0,1.0,0.0,0.03893408622039338,0.06476976878400545,0.0008039441392451233
val,scn3_actuator_delay_noise_env22001,actuator_delay_noise,transformer,3,1177,,physics_persistence,1.0,1.0,0.0,1.0,1.0,0.003261770831666004,0.0040633684817850116,0.0005982558829900355
val,scn3_actuator_delay_noise_env22001,actuator_delay_noise,transformer,3,1177,,wm,1.0,1.0,0.0,1.0,1.0,0.003261770831666004,0.0040633684817850116,0.0006426565902125612
val,scn3_actuator_delay_noise_env22001,actuator_delay_noise,transformer,3,1357,,physics_persistence,1.0,1.0,0.0,1.0,1.0,0.0021447096172220953,0.0063937565316885235,0.004371800908101578
val,scn3_actuator_delay_noise_env22001,actuator_delay_noise,transformer,3,1357,,wm,1.0,1.0,0.0,1.0,1.0,0.0021447096172220953,0.0063937565316885235,0.004471414650249191
val,scn3_actuator_delay_noise_env22001,actuator_delay_noise,transformer,3,1537,,physics_persistence,0.8545454545454546,0.0,0.039270415341399724,0.7,0.9,0.008694642552773071,0.009591340206789445,0.00112845955626599
val,scn3_actuator_delay_noise_env22001,actuator_delay_noise,transformer,3,1537,,wm,0.881818181818182,0.0,0.039270415341399724,0.7,0.9,0.008694642552773071,0.009591340206789445,0.0010686887995499487
val,scn3_actuator_delay_noise_env22001,actuator_delay_noise,transformer,3,1718,,physics_persistence,1.0,1.0,0.0,1.0,1.0,0.003898498015069496,0.005250872314778422,0.0012448082948272807
val,scn3_actuator_delay_noise_env22001,actuator_delay_noise,transformer,3,1718,,wm,1.0,1.0,0.0,1.0,1.0,0.003898498015069496,0.005250872314778422,0.0012778711480667514
val,scn3_actuator_delay_noise_env22001,actuator_delay_noise,transformer,3,1898,,physics_persistence,1.0,1.0,0.0,1.0,1.0,0.0015233548425861853,0.0028655132270453357,0.0011836154382957283
val,scn3_actuator_delay_noise_env22001,actuator_delay_noise,transformer,3,1898,,wm,1.0,1.0,0.0,1.0,1.0,0.0015233548425861853,0.0028655132270453357,0.0012287352439199915
val,scn3_actuator_delay_noise_env22001,actuator_delay_noise,transformer,3,2080,,physics_persistence,1.0,1.0,0.0,0.0,0.0,0.00779742125255631,0.009527464525491426,0.0017213631692380958
val,scn3_actuator_delay_noise_env22001,actuator_delay_noise,transformer,3,2080,,wm,1.0,1.0,0.0,0.0,0.0,0.00779742125255631,0.009527464525491426,0.0016919876182388245
test,scn1_structured_env23000,structured,constant_alpha,1,3,,physics_persistence,1.0,1.0,0.0,0.0,0.0,1.5221175857447165,1.568125541972993,0.0450687953211677
test,scn1_structured_env23000,structured,constant_alpha,1,3,,wm,1.0,1.0,0.0,0.0,0.0,1.5221175857447165,1.568125541972993,0.04597519474492717
test,scn1_structured_env23000,structured,constant_alpha,1,628,,physics_persistence,1.0,1.0,0.0,1.0,1.0,0.09986456276927594,0.11504037432819375,0.01510307570911984
test,scn1_structured_env23000,structured,constant_alpha,1,628,,wm,1.0,1.0,0.0,1.0,1.0,0.09986456276927594,0.11504037432819375,0.015086283023287933
test,scn1_structured_env23000,structured,constant_alpha,1,1172,,physics_persistence,1.0,1.0,0.0,0.0,0.0,0.3446907628164573,0.35435666159444357,0.010676449863786741
test,scn1_structured_env23000,structured,constant_alpha,1,1172,,wm,1.0,1.0,0.0,0.0,0.0,0.3446907628164573,0.35435666159444357,0.00459739143509591
test,scn1_structured_env23000,structured,constant_alpha,1,1716,,physics_persistence,0.990909090909091,0.0,0.00038101888060940663,0.9,1.0,0.12146530494727963,0.13784938452925843,0.016173912676051144
test,scn1_structured_env23000,structured,constant_alpha,1,1716,,wm,0.990909090909091,0.0,0.00038101888060940663,0.9,1.0,0.12146530494727963,0.13784938452925843,0.016424668867527387
test,scn1_structured_env23000,structured,constant_alpha,1,1,,physics_persistence,1.0,1.0,0.0,0.0,0.0,1.4679121675228624,1.5149245685703614,0.046824662048463805
test,scn1_structured_env23000,structured,constant_alpha,1,1,,wm,1.0,1.0,0.0,0.0,0.0,1.4679121675228624,1.5149245685703614,0.04781388974012746
test,scn1_structured_env23000,structured,constant_alpha,1,1722,,physics_persistence,1.0,1.0,0.0,1.0,1.0,0.007104728461788955,0.01261320008940741,0.005350244544350595
test,scn1_structured_env23000,structured,constant_alpha,1,1722,,wm,1.0,1.0,0.0,1.0,1.0,0.007104728461788955,0.01261320008940741,0.005613656363972768
test,scn1_structured_env23000,structured,constant_alpha,1,1344,,physics_persistence,1.0,1.0,0.0,1.0,1.0,0.003275909911636982,0.006904356677487654,0.003439316684988705
test,scn1_structured_env23000,structured,constant_alpha,1,1344,,wm,1.0,1.0,0.0,1.0,1.0,0.003275909911636982,0.006904356677487654,0.0035124463531642693
test,scn1_structured_env23000,structured,transformer,1,980,,physics_persistence,0.9181818181818183,0.0,0.006521179724568804,0.4,0.3,0.015607492617038848,0.015844436815836756,0.00022832457054326044
test,scn1_structured_env23000,structured,transformer,1,980,,wm,0.7818181818181819,0.0,0.054081608485434064,0.4,0.2,0.015607492617038848,0.015844436815836756,0.00027374704290224205
test,scn2_structured_env23000,structured,constant_alpha,2,3,,physics_persistence,1.0,1.0,0.0,0.0,0.0,1.5328187013439876,1.5713660559359195,0.03767428087557234
test,scn2_structured_env23000,structured,constant_alpha,2,3,,wm,1.0,1.0,0.0,0.0,0.0,1.5328187013439876,1.5713660559359195,0.03874769200693695
test,scn2_structured_env23000,structured,constant_alpha,2,1759,,physics_persistence,1.0,1.0,0.0,0.8,0.8,0.4743930910258984,0.5118164986566089,0.0371700080294014
test,scn2_structured_env23000,structured,constant_alpha,2,1759,,wm,1.0,1.0,0.0,0.8,0.8,0.4743930910258984,0.5118164986566089,0.0383267818637788
test,scn2_structured_env23000,structured,constant_alpha,2,1417,,physics_persistence,1.0,1.0,0.0,1.0,1.0,0.011626470299436507,0.019623649677557954,0.008238763280120992
test,scn2_structured_env23000,structured,constant_alpha,2,1417,,wm,1.0,1.0,0.0,1.0,1.0,0.011626470299436507,0.019623649677557954,0.008247997239198461
test,scn2_structured_env23000,structured,constant_alpha,2,972,,physics_persistence,0.9545454545454546,1.0,0.0,0.2,0.2,0.05747457171986408,0.05775408670445896,0.00014865256189069281
test,scn2_structured_env23000,structured,constant_alpha,2,972,,wm,0.9636363636363637,0.0,0.02166822831606855,0.2,0.0,0.05747457171986408,0.05775408670445896,0.00033933575859427384
test,scn3_structured_env23000,structured,constant_alpha,3,2,,physics_persistence,1.0,1.0,0.0,0.0,0.0,1.4942880622258525,1.5426526367209492,0.047845954525820966
test,scn3_structured_env23000,structured,constant_alpha,3,2,,wm,1.0,1.0,0.0,0.0,0.0,1.4942880622258525,1.5426526367209492,0.04812952909934687
test,scn3_structured_env23000,structured,constant_alpha,3,625,,physics_persistence,1.0,1.0,0.0,1.0,1.0,0.09936220298592238,0.11348394283778847,0.01517411996877202
test,scn3_structured_env23000,structured,constant_alpha,3,625,,wm,1.0,1.0,0.0,1.0,1.0,0.09936220298592238,0.11348394283778847,0.015315183516097508
test,scn3_structured_env23000,structured,constant_alpha,3,1171,,physics_persistence,1.0,1.0,0.0,1.0,1.0,0.04424785589087011,0.04830519322353351,0.004087435033912158
test,scn3_structured_env23000,structured,constant_alpha,3,1171,,wm,1.0,1.0,0.0,1.0,1.0,0.04424785589087011,0.04830519322353351,0.0038580724684680115
test,scn3_structured_env23000,structured,constant_alpha,3,1716,,physics_persistence,1.0,1.0,0.0,1.0,1.0,0.23428724894142774,0.26112945512814273,0.026029256926618588
test,scn3_structured_env23000,structured,constant_alpha,3,1716,,wm,1.0,1.0,0.0,1.0,1.0,0.23428724894142774,0.26112945512814273,0.02684535921523859
test,scn2_structured_env23000,structured,transformer,2,2,,physics_persistence,1.0,1.0,0.0,0.0,0.0,1.5000958668060622,1.5430117780584038,0.042730068150803824
test,scn2_structured_env23000,structured,transformer,2,2,,wm,1.0,1.0,0.0,0.0,0.0,1.5000958668060622,1.5430117780584038,0.04390631204966855
test,scn2_structured_env23000,structured,transformer,2,637,,physics_persistence,0.9181818181818183,0.0,0.012727966572649593,0.7,0.6,0.002073093786798244,0.0022836396221547904,0.0001269027769217083
test,scn2_structured_env23000,structured,transformer,2,637,,wm,0.8636363636363636,0.0,0.012727966572649593,0.7,0.6,0.002073093786798244,0.0022836396221547904,0.0001447994514524654
test,scn2_structured_env23000,structured,transformer,2,1180,,physics_persistence,1.0,1.0,0.0,1.0,1.0,0.009862616461923362,0.01104505645868755,0.0012668865751941545
test,scn2_structured_env23000,structured,transformer,2,1180,,wm,1.0,1.0,0.0,1.0,1.0,0.009862616461923362,0.01104505645868755,0.0013650951865966463
test,scn2_structured_env23000,structured,transformer,2,1720,,physics_persistence,1.0,1.0,0.0,1.0,1.0,0.003307745142018742,0.004833634054967415,0.001546594480825988
test,scn2_structured_env23000,structured,transformer,2,1720,,wm,1.0,1.0,0.0,1.0,1.0,0.003307745142018742,0.004833634054967415,0.0015539661863454264
test,scn3_structured_env23000,structured,constant_alpha,3,1,,physics_persistence,1.0,1.0,0.0,0.3,0.3,1.4631872547881999,1.5819074611644255,0.11888854067111132
test,scn3_structured_env23000,structured,constant_alpha,3,1,,wm,1.0,1.0,0.0,0.3,0.3,1.4631872547881999,1.5819074611644255,0.11926637995287503
test,scn3_structured_env23000,structured,constant_alpha,3,1172,,physics_persistence,1.0,1.0,0.0,1.0,1.0,0.005773969245908075,0.007375956646375943,0.0014200928463290238
test,scn3_structured_env23000,structured,constant_alpha,3,1172,,wm,1.0,1.0,0.0,1.0,1.0,0.005773969245908075,0.007375956646375943,0.0015087978836748573
test,scn3_structured_env23000,structured,constant_alpha,3,249,,physics_persistence,0.9818181818181818,1.0,0.0,0.2,0.2,0.024869962287113724,0.026497072581471316,0.0017193674966434931
test,scn3_structured_env23000,structured,constant_alpha,3,249,,wm,0.9818181818181818,1.0,0.0,0.2,0.2,0.024869962287113724,0.026497072581471316,0.00168921848656051
test,scn3_structured_env23000,structured,constant_alpha,3,1349,,physics_persistence,1.0,1.0,0.0,1.0,1.0,0.0010231966553799507,0.002924716065035696,0.001711074615405948
test,scn3_structured_env23000,structured,constant_alpha,3,1349,,wm,1.0,1.0,0.0,1.0,1.0,0.0010231966553799507,0.002924716065035696,0.0017874298590692945
test,scn2_ou_current_env23000,ou_current,constant_alpha,2,3,,physics_persistence,1.0,1.0,0.0,0.0,0.0,1.5692632368835844,1.6085500055276103,0.03944939823753835
test,scn2_ou_current_env23000,ou_current,constant_alpha,2,3,,wm,1.0,1.0,0.0,0.0,0.0,1.5692632368835844,1.6085500055276103,0.040875144170590794
test,scn2_ou_current_env23000,ou_current,constant_alpha,2,599,,physics_persistence,1.0,1.0,0.0,1.0,1.0,0.3521894296542235,0.38023618897897493,0.02730121957626752
test,scn2_ou_current_env23000,ou_current,constant_alpha,2,599,,wm,1.0,1.0,0.0,1.0,1.0,0.3521894296542235,0.38023618897897493,0.027934940583854595
test,scn2_ou_current_env23000,ou_current,constant_alpha,2,1155,,physics_persistence,0.9363636363636365,0.0,0.02639124133035554,0.8,1.0,0.04090409603095082,0.049174017680425335,0.00950987935509337
test,scn2_ou_current_env23000,ou_current,constant_alpha,2,1155,,wm,0.9363636363636365,0.0,0.02639124133035554,0.8,1.0,0.04090409603095082,0.049174017680425335,0.009639569847304005
test,scn2_ou_current_env23000,ou_current,constant_alpha,2,1710,,physics_persistence,0.9818181818181818,0.0,0.004770886511892159,0.8,0.9,0.3082175928437729,0.33830737469907013,0.03304579430249327
test,scn2_ou_current_env23000,ou_current,constant_alpha,2,1710,,wm,0.9818181818181818,0.0,0.004770886511892159,0.8,0.9,0.3082175928437729,0.33830737469907013,0.03397886103249287
test,scn3_structured_env23000,structured,transformer,3,1,,physics_persistence,1.0,1.0,0.0,0.0,0.0,1.4679121675228624,1.5148310055236287,0.04673225359808875
test,scn3_structured_env23000,structured,transformer,3,1,,wm,1.0,1.0,0.0,0.0,0.0,1.4679121675228624,1.5148310055236287,0.04745755104138194
test,scn3_structured_env23000,structured,transformer,3,624,,physics_persistence,0.9727272727272729,0.0,0.00043829396234701146,1.0,0.9,0.0007384612730070011,0.0013307633014759805,0.0004943210570332235
test,scn3_structured_env23000,structured,transformer,3,624,,wm,0.9727272727272729,0.0,0.00043829396234701146,1.0,0.9,0.0007384612730070011,0.0013307633014759805,0.0006033146901278557
test,scn3_structured_env23000,structured,transformer,3,1169,,physics_persistence,1.0,1.0,0.0,1.0,1.0,0.0034402711651004454,0.003953711480158558,0.0005677477453532968
test,scn3_structured_env23000,structured,transformer,3,1169,,wm,1.0,1.0,0.0,1.0,1.0,0.0034402711651004454,0.003953711480158558,0.0005466064194011768
test,scn3_structured_env23000,structured,transformer,3,1716,,physics_persistence,1.0,1.0,0.0,1.0,1.0,0.004149007866127612,0.005602471195831543,0.0014639757089162072
test,scn3_structured_env23000,structured,transformer,3,1716,,wm,1.0,1.0,0.0,1.0,1.0,0.004149007866127612,0.005602471195831543,0.0015505226079719943
test,scn2_ou_current_env23000,ou_current,constant_alpha,2,1,,physics_persistence,1.0,1.0,0.0,0.0,0.0,1.505440442497618,1.543291265066281,0.038214951223989324
test,scn2_ou_current_env23000,ou_current,constant_alpha,2,1,,wm,1.0,1.0,0.0,0.0,0.0,1.505440442497618,1.543291265066281,0.039629147015857846
test,scn2_ou_current_env23000,ou_current,constant_alpha,2,1168,,physics_persistence,1.0,1.0,0.0,1.0,1.0,0.006117899534922075,0.007553680048538889,0.0016944478666744154
test,scn2_ou_current_env23000,ou_current,constant_alpha,2,1168,,wm,1.0,1.0,0.0,1.0,1.0,0.006117899534922075,0.007553680048538889,0.001923018948207381
test,scn2_ou_current_env23000,ou_current,constant_alpha,2,252,,physics_persistence,0.20000000000000004,0.0,0.4979164496012287,0.4,0.1,0.029745325365108682,0.030480822189617906,0.002021637290318356
test,scn2_ou_current_env23000,ou_current,constant_alpha,2,252,,wm,0.16363636363636366,0.0,0.4979164496012287,0.4,0.1,0.029745325365108682,0.030480822189617906,0.002170028982410699
test,scn2_ou_current_env23000,ou_current,constant_alpha,2,1349,,physics_persistence,1.0,1.0,0.0,1.0,1.0,0.001579545255730009,0.0038751003260630505,0.00257000504187546
test,scn2_ou_current_env23000,ou_current,constant_alpha,2,1349,,wm,1.0,1.0,0.0,1.0,1.0,0.001579545255730009,0.0038751003260630505,0.0026592190668470335
test,scn2_colored_noise_env23000,colored_noise,constant_alpha,2,1,,physics_persistence,1.0,1.0,0.0,0.0,0.0,1.505876465249366,1.5424749454580975,0.037233740852545605
test,scn2_colored_noise_env23000,colored_noise,constant_alpha,2,1,,wm,1.0,1.0,0.0,0.0,0.0,1.505876465249366,1.5424749454580975,0.03844945654276599
test,scn2_colored_noise_env23000,colored_noise,constant_alpha,2,592,,physics_persistence,1.0,1.0,0.0,1.0,1.0,0.2008926193234602,0.22433077590132233,0.021922341032295706
test,scn2_colored_noise_env23000,colored_noise,constant_alpha,2,592,,wm,1.0,1.0,0.0,1.0,1.0,0.2008926193234602,0.22433077590132233,0.02327282062075789
test,scn2_colored_noise_env23000,colored_noise,constant_alpha,2,1151,,physics_persistence,0.8181818181818182,0.0,0.03764719609020333,0.6,0.9,0.030683234574160737,0.035993979797306355,0.007576001541026226
test,scn2_colored_noise_env23000,colored_noise,constant_alpha,2,1151,,wm,0.8181818181818182,0.0,0.03764719609020333,0.6,0.9,0.030683234574160737,0.035993979797306355,0.007759465362807125
test,scn2_colored_noise_env23000,colored_noise,constant_alpha,2,1709,,physics_persistence,0.990909090909091,1.0,0.0,0.8,0.8,0.3678144204577071,0.40387533154184596,0.0379351168656103
test,scn2_colored_noise_env23000,colored_noise,constant_alpha,2,1709,,wm,0.990909090909091,1.0,0.0,0.8,0.8,0.3678144204577071,0.40387533154184596,0.03847946937914165
test,scn2_ou_current_env23000,ou_current,transformer,2,73,,physics_persistence,1.0,1.0,0.0,1.0,1.0,1.5255805201433321,1.6147737670128641,0.10487366703513334
test,scn2_ou_current_env23000,ou_current,transformer,2,73,,wm,1.0,1.0,0.0,1.0,1.0,1.5255805201433321,1.6147737670128641,0.10646433487114981
test,scn2_ou_current_env23000,ou_current,transformer,2,624,,physics_persistence,1.0,1.0,0.0,1.0,1.0,0.000795811802947516,0.0018533307707559515,0.0008951482909639331
test,scn2_ou_current_env23000,ou_current,transformer,2,624,,wm,1.0,1.0,0.0,1.0,1.0,0.000795811802947516,0.0018533307707559515,0.0009190861722102482
test,scn2_ou_current_env23000,ou_current,transformer,2,1170,,physics_persistence,0.990909090909091,0.0,0.0071060883423667365,1.0,0.9,0.003989366781471327,0.004657078133370299,0.0003126976732727377
test,scn2_ou_current_env23000,ou_current,transformer,2,1170,,wm,1.0,1.0,0.0,1.0,1.0,0.003989366781471327,0.004657078133370299,0.0008472741592185271
test,scn2_ou_current_env23000,ou_current,transformer,2,1716,,physics_persistence,1.0,1.0,0.0,1.0,1.0,0.002629838949958103,0.0038982214663471505,0.001660119249607799
test,scn2_ou_current_env23000,ou_current,transformer,2,1716,,wm,1.0,1.0,0.0,1.0,1.0,0.002629838949958103,0.0038982214663471505,0.0016776264071337505
test,scn2_colored_noise_env23000,colored_noise,constant_alpha,2,1,,physics_persistence,1.0,1.0,0.0,0.0,0.0,1.505876465249366,1.5424825048759474,0.037241147161857446
test,scn2_colored_noise_env23000,colored_noise,constant_alpha,2,1,,wm,1.0,1.0,0.0,0.0,0.0,1.505876465249366,1.5424825048759474,0.038456862755288146
test,scn2_colored_noise_env23000,colored_noise,constant_alpha,2,1703,,physics_persistence,1.0,1.0,0.0,1.0,1.0,0.006217838815493315,0.011510760619703974,0.005395648193062956
test,scn2_colored_noise_env23000,colored_noise,constant_alpha,2,1703,,wm,1.0,1.0,0.0,1.0,1.0,0.006217838815493315,0.011510760619703974,0.005557177117873684
test,scn2_colored_noise_env23000,colored_noise,constant_alpha,2,1321,,physics_persistence,1.0,1.0,0.0,1.0,1.0,0.0020373226887426053,0.004079368040380441,0.0020407055468422775
test,scn2_colored_noise_env23000,colored_noise,constant_alpha,2,1321,,wm,1.0,1.0,0.0,1.0,1.0,0.0020373226887426053,0.004079368040380441,0.0021992854237114605
test,scn2_colored_noise_env23000,colored_noise,transformer,2,960,,physics_persistence,0.990909090909091,0.0,0.0023145013456961554,0.9,1.0,0.0006337390395602065,0.0009584255889276015,0.00023307234081320423
test,scn2_colored_noise_env23000,colored_noise,transformer,2,960,,wm,1.0,1.0,0.0,0.9,0.9,0.0006337390395602065,0.0009584255889276015,0.00015794319365973063
test,scn2_random_freq_amp_env23000,random_freq_amp,constant_alpha,2,7,,physics_persistence,1.0,1.0,0.0,1.0,1.0,1.6100862666045392,1.6493792151281177,0.03601851899559061
test,scn2_random_freq_amp_env23000,random_freq_amp,constant_alpha,2,7,,wm,1.0,1.0,0.0,1.0,1.0,1.6100862666045392,1.6493792151281177,0.035230271476822894
test,scn2_random_freq_amp_env23000,random_freq_amp,constant_alpha,2,1722,,physics_persistence,1.0,1.0,0.0,1.0,1.0,0.06865697856456499,0.07970087717003461,0.011737532062756864
test,scn2_random_freq_amp_env23000,random_freq_amp,constant_alpha,2,1722,,wm,1.0,1.0,0.0,1.0,1.0,0.06865697856456499,0.07970087717003461,0.012423494697096166
test,scn2_random_freq_amp_env23000,random_freq_amp,constant_alpha,2,1341,,physics_persistence,1.0,1.0,0.0,1.0,1.0,0.008981078018636273,0.01777145785945071,0.00880066353702527
test,scn2_random_freq_amp_env23000,random_freq_amp,constant_alpha,2,1341,,wm,1.0,1.0,0.0,1.0,1.0,0.008981078018636273,0.01777145785945071,0.009146949660499516
test,scn2_random_freq_amp_env23000,random_freq_amp,constant_alpha,2,979,,physics_persistence,1.0,1.0,0.0,0.0,0.0,0.003963688362321476,0.004807434422429281,0.0009067396524373708
test,scn2_random_freq_amp_env23000,random_freq_amp,constant_alpha,2,979,,wm,1.0,1.0,0.0,0.0,0.0,0.003963688362321476,0.004807434422429281,0.0009547732206683394
test,scn2_mass_damping_mismatch_env23000,mass_damping_mismatch,constant_alpha,2,1,,physics_persistence,1.0,1.0,0.0,0.0,0.0,1.470679858910313,1.5193788094530876,0.04965391418563314
test,scn2_mass_damping_mismatch_env23000,mass_damping_mismatch,constant_alpha,2,1,,wm,1.0,1.0,0.0,0.0,0.0,1.470679858910313,1.5193788094530876,0.050359415431682875
test,scn2_mass_damping_mismatch_env23000,mass_damping_mismatch,constant_alpha,2,646,,physics_persistence,1.0,1.0,0.0,0.7,0.7,0.4027007811054687,0.42312823580762976,0.020926786906151684
test,scn2_mass_damping_mismatch_env23000,mass_damping_mismatch,constant_alpha,2,646,,wm,0.9818181818181818,0.0,0.003974143421492382,0.7,0.8,0.4027007811054687,0.42312823580762976,0.021999381342305835
test,scn2_mass_damping_mismatch_env23000,mass_damping_mismatch,constant_alpha,2,1178,,physics_persistence,0.9818181818181818,0.0,0.0074895353986903866,0.7,0.8,0.20685133029837377,0.21783014606891507,0.01227974360068243
test,scn2_mass_damping_mismatch_env23000,mass_damping_mismatch,constant_alpha,2,1178,,wm,1.0,1.0,0.0,0.7,0.7,0.20685133029837377,0.21783014606891507,0.011496920996611398
test,scn2_mass_damping_mismatch_env23000,mass_damping_mismatch,constant_alpha,2,1716,,physics_persistence,1.0,1.0,0.0,0.9,0.9,0.5831893531495702,0.6227025986788334,0.03900851252679438
test,scn2_mass_damping_mismatch_env23000,mass_damping_mismatch,constant_alpha,2,1716,,wm,0.990909090909091,0.0,0.0006490700556500594,0.9,1.0,0.5831893531495702,0.6227025986788334,0.04025485550070007
test,scn2_random_freq_amp_env23000,random_freq_amp,transformer,2,7,,physics_persistence,1.0,1.0,0.0,1.0,1.0,1.6100521485277477,1.6493792151281177,0.03605104645408641
test,scn2_random_freq_amp_env23000,random_freq_amp,transformer,2,7,,wm,1.0,1.0,0.0,1.0,1.0,1.6100521485277477,1.6493792151281177,0.035758899253292675
test,scn2_random_freq_amp_env23000,random_freq_amp,transformer,2,599,,physics_persistence,1.0,1.0,0.0,1.0,1.0,8.815469923347187,8.879693888533705,0.0643133081661933
test,scn2_random_freq_amp_env23000,random_freq_amp,transformer,2,599,,wm,1.0,1.0,0.0,1.0,1.0,8.815469923347187,8.879693888533705,0.06165755948100049
test,scn2_random_freq_amp_env23000,random_freq_amp,transformer,2,1160,,physics_persistence,-1.0,0.0,1.0,0.0,1.0,0.012364164432632862,0.013004952207957336,0.00023581634977169579
test,scn2_random_freq_amp_env23000,random_freq_amp,transformer,2,1160,,wm,-1.0,0.0,1.0,0.0,1.0,0.012364164432632862,0.013004952207957336,0.0013519043380698873
test,scn2_random_freq_amp_env23000,random_freq_amp,transformer,2,1713,,physics_persistence,0.9818181818181818,1.0,0.0,0.7,0.7,0.002561909861737599,0.002914585966527914,0.0003725838263601241
test,scn2_random_freq_amp_env23000,random_freq_amp,transformer,2,1713,,wm,0.4000000000000001,0.0,0.09361692063830188,0.7,0.5,0.002561909861737599,0.002914585966527914,0.0003740602931375952
test,scn2_mass_damping_mismatch_env23000,mass_damping_mismatch,constant_alpha,2,1,,physics_persistence,1.0,1.0,0.0,0.0,0.0,1.470679858910313,1.5193788094530876,0.04965391418563314
test,scn2_mass_damping_mismatch_env23000,mass_damping_mismatch,constant_alpha,2,1,,wm,1.0,1.0,0.0,0.0,0.0,1.470679858910313,1.5193788094530876,0.0503666346211904
test,scn2_mass_damping_mismatch_env23000,mass_damping_mismatch,constant_alpha,2,1119,,physics_persistence,1.0,1.0,0.0,1.0,1.0,0.01678907577948474,0.020896221575567135,0.004038093557542609
test,scn2_mass_damping_mismatch_env23000,mass_damping_mismatch,constant_alpha,2,1119,,wm,1.0,1.0,0.0,1.0,1.0,0.01678907577948474,0.020896221575567135,0.003603928637641623
test,scn2_mass_damping_mismatch_env23000,mass_damping_mismatch,constant_alpha,2,219,,physics_persistence,1.0,1.0,0.0,0.0,0.0,0.12598206535477718,0.14577998768416117,0.020287364807830777
test,scn2_mass_damping_mismatch_env23000,mass_damping_mismatch,constant_alpha,2,219,,wm,1.0,1.0,0.0,0.0,0.0,0.12598206535477718,0.14577998768416117,0.02058065119205868
test,scn2_mass_damping_mismatch_env23000,mass_damping_mismatch,constant_alpha,2,1337,,physics_persistence,1.0,1.0,0.0,0.8,0.8,0.001701022140595985,0.0030710876830322815,0.0013242868844760938
test,scn2_mass_damping_mismatch_env23000,mass_damping_mismatch,constant_alpha,2,1337,,wm,1.0,1.0,0.0,0.8,0.8,0.001701022140595985,0.0030710876830322815,0.0012729938743088107
test,scn3_actuator_delay_noise_env23000,actuator_delay_noise,constant_alpha,3,4,,physics_persistence,1.0,1.0,0.0,0.0,0.0,1.7198564376901,1.7674089473886088,0.04783411458852571
test,scn3_actuator_delay_noise_env23000,actuator_delay_noise,constant_alpha,3,4,,wm,1.0,1.0,0.0,0.0,0.0,1.7198564376901,1.7674089473886088,0.04850657057035268
test,scn3_actuator_delay_noise_env23000,actuator_delay_noise,constant_alpha,3,616,,physics_persistence,1.0,1.0,0.0,1.0,1.0,0.07366627585646711,0.08746201487337592,0.014843455635471611
test,scn3_actuator_delay_noise_env23000,actuator_delay_noise,constant_alpha,3,616,,wm,1.0,1.0,0.0,1.0,1.0,0.07366627585646711,0.08746201487337592,0.015149098026408153
test,scn3_actuator_delay_noise_env23000,actuator_delay_noise,constant_alpha,3,1163,,physics_persistence,1.0,1.0,0.0,0.0,0.0,0.1115392724258822,0.13419626699571036,0.02182967611579756
test,scn3_actuator_delay_noise_env23000,actuator_delay_noise,constant_alpha,3,1163,,wm,1.0,1.0,0.0,0.0,0.0,0.1115392724258822,0.13419626699571036,0.022223690148812744
test,scn3_actuator_delay_noise_env23000,actuator_delay_noise,constant_alpha,3,1716,,physics_persistence,1.0,1.0,0.0,1.0,1.0,0.3133280657935155,0.3320164127203598,0.017441965170364226
test,scn3_actuator_delay_noise_env23000,actuator_delay_noise,constant_alpha,3,1716,,wm,1.0,1.0,0.0,1.0,1.0,0.3133280657935155,0.3320164127203598,0.018030164861644993
test,scn2_mass_damping_mismatch_env23000,mass_damping_mismatch,transformer,2,1,,physics_persistence,1.0,1.0,0.0,0.0,0.0,1.470679858910313,1.5193788094530876,0.04965391418563314
test,scn2_mass_damping_mismatch_env23000,mass_damping_mismatch,transformer,2,1,,wm,1.0,1.0,0.0,0.0,0.0,1.470679858910313,1.5193788094530876,0.05070784110397453
test,scn2_mass_damping_mismatch_env23000,mass_damping_mismatch,transformer,2,641,,physics_persistence,1.0,1.0,0.0,1.0,1.0,0.01323472913158381,0.015563523509980028,0.002180631445621613
test,scn2_mass_damping_mismatch_env23000,mass_damping_mismatch,transformer,2,641,,wm,1.0,1.0,0.0,1.0,1.0,0.01323472913158381,0.015563523509980028,0.0023068804614673893
test,scn2_mass_damping_mismatch_env23000,mass_damping_mismatch,transformer,2,1182,,physics_persistence,1.0,1.0,0.0,1.0,1.0,0.005001139950407204,0.006752180695231791,0.0015811580257491919
test,scn2_mass_damping_mismatch_env23000,mass_damping_mismatch,transformer,2,1182,,wm,1.0,1.0,0.0,1.0,1.0,0.005001139950407204,0.006752180695231791,0.0013597621226155519
test,scn2_mass_damping_mismatch_env23000,mass_damping_mismatch,transformer,2,1720,,physics_persistence,1.0,1.0,0.0,1.0,1.0,0.0010908442085399619,0.0024127550012623396,0.0012787068077665757
test,scn2_mass_damping_mismatch_env23000,mass_damping_mismatch,transformer,2,1720,,wm,1.0,1.0,0.0,1.0,1.0,0.0010908442085399619,0.0024127550012623396,0.0013107764350362616
test,scn3_actuator_delay_noise_env23000,actuator_delay_noise,constant_alpha,3,4,,physics_persistence,1.0,1.0,0.0,0.0,0.0,1.7198564376901,1.7675443370005022,0.04797005120285869
test,scn3_actuator_delay_noise_env23000,actuator_delay_noise,constant_alpha,3,4,,wm,1.0,1.0,0.0,0.0,0.0,1.7198564376901,1.7675443370005022,0.04864014014303053
test,scn3_actuator_delay_noise_env23000,actuator_delay_noise,constant_alpha,3,1122,,physics_persistence,1.0,1.0,0.0,0.6,0.6,0.02008540355752927,0.020875001017847575,0.0007906834048155564
test,scn3_actuator_delay_noise_env23000,actuator_delay_noise,constant_alpha,3,1122,,wm,1.0,1.0,0.0,0.6,0.6,0.02008540355752927,0.020875001017847575,0.0007639771791945922
test,scn3_actuator_delay_noise_env23000,actuator_delay_noise,constant_alpha,3,166,,physics_persistence,1.0,1.0,0.0,0.0,0.0,0.3386592176999985,0.3805821979177273,0.042174744799714226
test,scn3_actuator_delay_noise_env23000,actuator_delay_noise,constant_alpha,3,166,,wm,1.0,1.0,0.0,0.0,0.0,0.3386592176999985,0.3805821979177273,0.041781584656712834
test,scn3_actuator_delay_noise_env23000,actuator_delay_noise,constant_alpha,3,1301,,physics_persistence,1.0,1.0,0.0,1.0,1.0,3.944672239361646,4.305543583758269,0.3588310191827855
test,scn3_actuator_delay_noise_env23000,actuator_delay_noise,constant_alpha,3,1301,,wm,1.0,1.0,0.0,1.0,1.0,3.944672239361646,4.305543583758269,0.34525912564756656
test,scn1_structured_env23001,structured,constant_alpha,1,7,,physics_persistence,1.0,1.0,0.0,0.2,0.2,1.555745208081416,1.57164063550372,0.015753936586406114
test,scn1_structured_env23001,structured,constant_alpha,1,7,,wm,1.0,1.0,0.0,0.2,0.2,1.555745208081416,1.57164063550372,0.01715326523092564
test,scn1_structured_env23001,structured,constant_alpha,1,634,,physics_persistence,1.0,1.0,0.0,1.0,1.0,0.09951394547583728,0.11595952009212528,0.015749452362080016
test,scn1_structured_env23001,structured,constant_alpha,1,634,,wm,1.0,1.0,0.0,1.0,1.0,0.09951394547583728,0.11595952009212528,0.015679518997194025
test,scn1_structured_env23001,structured,constant_alpha,1,1175,,physics_persistence,1.0,1.0,0.0,0.0,0.0,0.31746895138699915,0.32950129035944287,0.010787760202016161
test,scn1_structured_env23001,structured,constant_alpha,1,1175,,wm,1.0,1.0,0.0,0.0,0.0,0.31746895138699915,0.32950129035944287,0.007611842675562475
test,scn1_structured_env23001,structured,constant_alpha,1,1718,,physics_persistence,1.0,1.0,0.0,0.9,0.9,0.12295189076945037,0.13888550176202774,0.016424026848103387
test,scn1_structured_env23001,structured,constant_alpha,1,1718,,wm,0.990909090909091,0.0,0.004735758696358578,0.9,1.0,0.12295189076945037,0.13888550176202774,0.016677392213969702
test,scn3_actuator_delay_noise_env23000,actuator_delay_noise,transformer,3,3,,physics_persistence,1.0,1.0,0.0,0.0,0.0,1.6412714854514685,1.6898576240077658,0.04875781738524476
test,scn3_actuator_delay_noise_env23000,actuator_delay_noise,transformer,3,3,,wm,1.0,1.0,0.0,0.0,0.0,1.6412714854514685,1.6898576240077658,0.04914772430462522
test,scn3_actuator_delay_noise_env23000,actuator_delay_noise,transformer,3,610,,physics_persistence,0.9636363636363637,1.0,0.0,0.0,0.0,0.08027607601317029,0.08279850353914946,0.0019047458305301163
test,scn3_actuator_delay_noise_env23000,actuator_delay_noise,transformer,3,610,,wm,0.9545454545454546,0.0,0.028025873960984004,0.0,0.1,0.08027607601317029,0.08279850353914946,0.001809821863481692
test,scn3_actuator_delay_noise_env23000,actuator_delay_noise,transformer,3,1159,,physics_persistence,0.6636363636363638,0.0,0.11792237457318268,0.2,1.0,1.3598437486746466,1.3623417968510332,0.0030020280466542815
test,scn3_actuator_delay_noise_env23000,actuator_delay_noise,transformer,3,1159,,wm,-0.3454545454545455,0.0,0.11792237457318268,0.2,1.0,1.3598437486746466,1.3623417968510332,0.008758386162533105
test,scn3_actuator_delay_noise_env23000,actuator_delay_noise,transformer,3,1721,,physics_persistence,0.990909090909091,0.0,0.0007555835933289657,0.9,1.0,0.6870669217597947,0.717316140280334,0.032191152167042936
test,scn3_actuator_delay_noise_env23000,actuator_delay_noise,transformer,3,1721,,wm,0.990909090909091,0.0,0.0007555835933289657,0.9,1.0,0.6870669217597947,0.717316140280334,0.03270872422456961
test,scn1_structured_env23001,structured,constant_alpha,1,9,,physics_persistence,0.9545454545454546,0.0,0.005873079322783873,0.5,0.6,1.6049397508860346,1.611802773156628,0.007821745822539139
test,scn1_structured_env23001,structured,constant_alpha,1,9,,wm,0.9727272727272729,0.0,0.005873079322783873,0.5,0.6,1.6049397508860346,1.611802773156628,0.007568563287524421
test,scn1_structured_env23001,structured,constant_alpha,1,1192,,physics_persistence,1.0,1.0,0.0,0.0,0.0,0.06178329039652625,0.06916936747845558,0.0052398818340150255
test,scn1_structured_env23001,structured,constant_alpha,1,1192,,wm,1.0,1.0,0.0,0.0,0.0,0.06178329039652625,0.06916936747845558,0.005343114308734125
test,scn1_structured_env23001,structured,constant_alpha,1,275,,physics_persistence,0.990909090909091,0.0,0.0053763371837383615,0.9,1.0,0.013554852112009467,0.015275172361901335,0.0017054735785863272
test,scn1_structured_env23001,structured,constant_alpha,1,275,,wm,0.990909090909091,0.0,0.0053763371837383615,0.9,1.0,0.013554852112009467,0.015275172361901335,0.001779084368297882
test,scn1_structured_env23001,structured,constant_alpha,1,1358,,physics_persistence,1.0,1.0,0.0,1.0,1.0,0.00264307265838432,0.005942757278544663,0.0030880623444256962
test,scn1_structured_env23001,structured,constant_alpha,1,1358,,wm,1.0,1.0,0.0,1.0,1.0,0.00264307265838432,0.005942757278544663,0.003163035691282781
test,scn2_structured_env23001,structured,constant_alpha,2,96,,physics_persistence,1.0,1.0,0.0,1.0,1.0,2.5538258194614327,2.828877729848709,0.27847130438949463
test,scn2_structured_env23001,structured,constant_alpha,2,96,,wm,1.0,1.0,0.0,1.0,1.0,2.5538258194614327,2.828877729848709,0.27942551871032606
test,scn2_structured_env23001,structured,constant_alpha,2,637,,physics_persistence,1.0,1.0,0.0,1.0,1.0,0.0947224343887487,0.11120781650008849,0.01696375942188097
test,scn2_structured_env23001,structured,constant_alpha,2,637,,wm,1.0,1.0,0.0,1.0,1.0,0.0947224343887487,0.11120781650008849,0.017497764466615592
test,scn2_structured_env23001,structured,constant_alpha,2,1179,,physics_persistence,1.0,1.0,0.0,1.0,1.0,0.028061927653460068,0.032263137760678746,0.004780922918970556
test,scn2_structured_env23001,structured,constant_alpha,2,1179,,wm,1.0,1.0,0.0,1.0,1.0,0.028061927653460068,0.032263137760678746,0.004712685366760165
test,scn2_structured_env23001,structured,constant_alpha,2,1721,,physics_persistence,1.0,1.0,0.0,0.8,0.8,0.4655199345716507,0.5021914123392747,0.036586576153388506
test,scn2_structured_env23001,structured,constant_alpha,2,1721,,wm,0.990909090909091,1.0,0.0,0.8,0.8,0.4655199345716507,0.5021914123392747,0.0375561635273422
test,scn1_structured_env23001,structured,transformer,1,76,,physics_persistence,1.0,1.0,0.0,1.0,1.0,2.155670729934533,2.312179428454135,0.16010971420083608
test,scn1_structured_env23001,structured,transformer,1,76,,wm,1.0,1.0,0.0,1.0,1.0,2.155670729934533,2.312179428454135,0.16271361497911352
test,scn1_structured_env23001,structured,transformer,1,636,,physics_persistence,0.990909090909091,1.0,0.0,0.9,0.9,0.0007771387513523938,0.0014149823543276054,0.000553857363252989
test,scn1_structured_env23001,structured,transformer,1,636,,wm,1.0,1.0,0.0,0.9,0.9,0.0007771387513523938,0.0014149823543276054,0.0006723085473585289
test,scn1_structured_env23001,structured,transformer,1,1178,,physics_persistence,1.0,1.0,0.0,0.0,0.0,0.10535537694813654,0.11372262575252619,0.007471905566747206
test,scn1_structured_env23001,structured,transformer,1,1178,,wm,1.0,1.0,0.0,0.0,0.0,0.10535537694813654,0.11372262575252619,0.006207515885017348
test,scn1_structured_env23001,structured,transformer,1,1719,,physics_persistence,1.0,1.0,0.0,1.0,1.0,0.002355852261476269,0.0038602809145149167,0.0015494176481811255
test,scn1_structured_env23001,structured,transformer,1,1719,,wm,1.0,1.0,0.0,1.0,1.0,0.002355852261476269,0.0038602809145149167,0.0016215702279513198
test,scn2_structured_env23001,structured,constant_alpha,2,3,,physics_persistence,1.0,1.0,0.0,0.0,0.0,1.4514104113761979,1.4752980982082367,0.023750422434053675
test,scn2_structured_env23001,structured,constant_alpha,2,3,,wm,1.0,1.0,0.0,0.0,0.0,1.4514104113761979,1.4752980982082367,0.024802368636581695
test,scn2_structured_env23001,structured,constant_alpha,2,1138,,physics_persistence,1.0,1.0,0.0,0.0,0.0,0.018512354803511603,0.019947130872207307,0.0012678394630035762
test,scn2_structured_env23001,structured,constant_alpha,2,1138,,wm,1.0,1.0,0.0,0.0,0.0,0.018512354803511603,0.019947130872207307,0.0012606346489404743
test,scn2_structured_env23001,structured,constant_alpha,2,244,,physics_persistence,1.0,1.0,0.0,0.0,0.0,0.06375991142963172,0.07248000782109652,0.009200042434467287
test,scn2_structured_env23001,structured,constant_alpha,2,244,,wm,1.0,1.0,0.0,0.0,0.0,0.06375991142963172,0.07248000782109652,0.009323418029109048
test,scn2_structured_env23001,structured,constant_alpha,2,1343,,physics_persistence,1.0,1.0,0.0,1.0,1.0,0.001371848551821723,0.004114247739367643,0.002721135358902443
test,scn2_structured_env23001,structured,constant_alpha,2,1343,,wm,1.0,1.0,0.0,1.0,1.0,0.001371848551821723,0.004114247739367643,0.00278233214789552
test,scn3_structured_env23001,structured,constant_alpha,3,11,,physics_persistence,1.0,1.0,0.0,0.6,0.6,1.6541750651331033,1.6628464609080083,0.008320309286606875
test,scn3_structured_env23001,structured,constant_alpha,3,11,,wm,0.9727272727272729,1.0,0.0,0.6,0.6,1.6541750651331033,1.6628464609080083,0.007772339683664864
test,scn3_structured_env23001,structured,constant_alpha,3,644,,physics_persistence,0.990909090909091,0.0,0.00437521834845935,0.9,1.0,0.10854416524859577,0.12240534307964623,0.014807074079846952
test,scn3_structured_env23001,structured,constant_alpha,3,644,,wm,0.990909090909091,0.0,0.00437521834845935,0.9,1.0,0.10854416524859577,0.12240534307964623,0.014763006972256562
test,scn3_structured_env23001,structured,constant_alpha,3,1184,,physics_persistence,1.0,1.0,0.0,1.0,1.0,0.04672580153453711,0.05177549463286717,0.005355232022808562
test,scn3_structured_env23001,structured,constant_alpha,3,1184,,wm,1.0,1.0,0.0,1.0,1.0,0.04672580153453711,0.05177549463286717,0.005184330616975978
test,scn3_structured_env23001,structured,constant_alpha,3,1720,,physics_persistence,1.0,1.0,0.0,1.0,1.0,0.2351109367358324,0.2610007606858045,0.026463340699329485
test,scn3_structured_env23001,structured,constant_alpha,3,1720,,wm,1.0,1.0,0.0,1.0,1.0,0.2351109367358324,0.2610007606858045,0.027263028887081403
test,scn2_structured_env23001,structured,transformer,2,1,,physics_persistence,1.0,1.0,0.0,0.0,0.0,1.3919951240383925,1.4258591383193895,0.033301471872027255
test,scn2_structured_env23001,structured,transformer,2,1,,wm,1.0,1.0,0.0,0.0,0.0,1.3919951240383925,1.4258591383193895,0.034257613451738944
test,scn2_structured_env23001,structured,transformer,2,640,,physics_persistence,1.0,1.0,0.0,0.9,0.9,0.0022734674374997013,0.003120370224993279,0.0007925431759061578
test,scn2_structured_env23001,structured,transformer,2,640,,wm,0.990909090909091,1.0,0.0,0.9,0.9,0.0022734674374997013,0.003120370224993279,0.000788405112096633
test,scn2_structured_env23001,structured,transformer,2,1181,,physics_persistence,1.0,1.0,0.0,1.0,1.0,0.009432807735211745,0.011001219829356704,0.0013919016043986345
test,scn2_structured_env23001,structured,transformer,2,1181,,wm,1.0,1.0,0.0,1.0,1.0,0.009432807735211745,0.011001219829356704,0.001642524981133868
test,scn2_structured_env23001,structured,transformer,2,1720,,physics_persistence,1.0,1.0,0.0,1.0,1.0,0.0020580057938817996,0.003638335846437094,0.0015319523823994685
test,scn2_structured_env23001,structured,transformer,2,1720,,wm,1.0,1.0,0.0,1.0,1.0,0.0020580057938817996,0.003638335846437094,0.0015441007233318975
test,scn3_structured_env23001,structured,constant_alpha,3,9,,physics_persistence,0.9545454545454546,0.0,0.004132519758064976,0.5,0.6,1.604895648485586,1.611802773156628,0.00787560828118905
test,scn3_structured_env23001,structured,constant_alpha,3,9,,wm,0.9636363636363637,0.0,0.004132519758064976,0.5,0.6,1.604895648485586,1.611802773156628,0.007652592778831124
test,scn3_structured_env23001,structured,constant_alpha,3,1732,,physics_persistence,1.0,1.0,0.0,1.0,1.0,0.007905323869630948,0.014372889874842252,0.006398319234926944
test,scn3_structured_env23001,structured,constant_alpha,3,1732,,wm,1.0,1.0,0.0,1.0,1.0,0.007905323869630948,0.014372889874842252,0.006511738725115396
test,scn3_structured_env23001,structured,constant_alpha,3,1367,,physics_persistence,1.0,1.0,0.0,1.0,1.0,0.0008204198877608662,0.0026593323016188093,0.0017254030779904773
test,scn3_structured_env23001,structured,constant_alpha,3,1367,,wm,1.0,1.0,0.0,1.0,1.0,0.0008204198877608662,0.0026593323016188093,0.0017870001890069492
test,scn3_structured_env23001,structured,transformer,3,994,,physics_persistence,-1.0,0.0,1.0,1.0,0.0,0.01713077915412634,0.03760080455396619,0.0005773520432942499
test,scn3_structured_env23001,structured,transformer,3,994,,wm,0.690909090909091,0.0,0.07433137097866929,1.0,0.7,0.01713077915412634,0.03760080455396619,0.00012381926099785945
test,scn2_ou_current_env23001,ou_current,constant_alpha,2,3,,physics_persistence,1.0,1.0,0.0,0.0,0.0,1.483658808846917,1.5138854685419045,0.02848935787453155
test,scn2_ou_current_env23001,ou_current,constant_alpha,2,3,,wm,1.0,1.0,0.0,0.0,0.0,1.483658808846917,1.5138854685419045,0.02941994553936267
test,scn2_ou_current_env23001,ou_current,constant_alpha,2,1728,,physics_persistence,0.9818181818181818,0.0,0.0020658053897983117,0.9,0.8,0.2620849704769895,0.29141367558418685,0.02613015346365638
test,scn2_ou_current_env23001,ou_current,constant_alpha,2,1728,,wm,0.9818181818181818,0.0,0.0020658053897983117,0.9,0.8,0.2620849704769895,0.29141367558418685,0.02667560470919389
test,scn2_ou_current_env23001,ou_current,constant_alpha,2,1383,,physics_persistence,1.0,1.0,0.0,1.0,1.0,0.012642925558756844,0.020555978544089075,0.008857613775453391
test,scn2_ou_current_env23001,ou_current,constant_alpha,2,1383,,wm,1.0,1.0,0.0,1.0,1.0,0.012642925558756844,0.020555978544089075,0.009228044201376972
test,scn2_ou_current_env23001,ou_current,constant_alpha,2,985,,physics_persistence,0.881818181818182,0.0,0.13122993630649085,1.0,0.8,0.001071502611275269,0.0014348385407172907,4.1004572744689216e-05
test,scn2_ou_current_env23001,ou_current,constant_alpha,2,985,,wm,1.0,1.0,0.0,1.0,1.0,0.001071502611275269,0.0014348385407172907,0.00021137857817854835
test,scn2_colored_noise_env23001,colored_noise,constant_alpha,2,14,,physics_persistence,1.0,1.0,0.0,0.0,0.0,1.7950634434699628,1.84136716043221,0.06508267738679963
test,scn2_colored_noise_env23001,colored_noise,constant_alpha,2,14,,wm,1.0,1.0,0.0,0.0,0.0,1.7950634434699628,1.84136716043221,0.06911631327826773
test,scn2_colored_noise_env23001,colored_noise,constant_alpha,2,631,,physics_persistence,1.0,1.0,0.0,1.0,1.0,0.13058486197638025,0.14516379488477799,0.016542460517384422
test,scn2_colored_noise_env23001,colored_noise,constant_alpha,2,631,,wm,1.0,1.0,0.0,1.0,1.0,0.13058486197638025,0.14516379488477799,0.01830527911888813
test,scn2_colored_noise_env23001,colored_noise,constant_alpha,2,1174,,physics_persistence,1.0,1.0,0.0,1.0,1.0,0.025544188376897696,0.03200190207914625,0.0075822302085841
test,scn2_colored_noise_env23001,colored_noise,constant_alpha,2,1174,,wm,1.0,1.0,0.0,1.0,1.0,0.025544188376897696,0.03200190207914625,0.00758012500969292
test,scn2_colored_noise_env23001,colored_noise,constant_alpha,2,1718,,physics_persistence,0.8545454545454546,0.0,0.03963465102981843,0.7,0.8,0.3582347850416113,0.37780799386386854,0.032851797193471255
test,scn2_colored_noise_env23001,colored_noise,constant_alpha,2,1718,,wm,0.8181818181818182,0.0,0.03963465102981843,0.7,0.8,0.3582347850416113,0.37780799386386854,0.03350490513300208
test,scn2_ou_current_env23001,ou_current,transformer,2,3,,physics_persistence,1.0,1.0,0.0,0.0,0.0,1.483658808846917,1.5138801603938814,0.028482955007712585
test,scn2_ou_current_env23001,ou_current,transformer,2,3,,wm,1.0,1.0,0.0,0.0,0.0,1.483658808846917,1.5138801603938814,0.02927646083785551
test,scn2_ou_current_env23001,ou_current,transformer,2,599,,physics_persistence,0.7000000000000001,0.0,0.17824724438296433,0.7,0.9,0.0011123703692054792,0.001573056521891472,0.0005366342601525582
test,scn2_ou_current_env23001,ou_current,transformer,2,599,,wm,0.6545454545454547,0.0,0.17824724438296433,0.7,0.9,0.0011123703692054792,0.001573056521891472,0.0005718989203607747
test,scn2_ou_current_env23001,ou_current,transformer,2,1156,,physics_persistence,-0.4727272727272727,0.0,0.431795725615173,0.4,0.8,0.0043593023603165585,0.004553783725856597,0.00018259579824180753
test,scn2_ou_current_env23001,ou_current,transformer,2,1156,,wm,-0.4727272727272727,0.0,0.431795725615173,0.4,0.8,0.0043593023603165585,0.004553783725856597,0.00016765017390118347
test,scn2_ou_current_env23001,ou_current,transformer,2,1713,,physics_persistence,1.0,1.0,0.0,1.0,1.0,0.0029035524646345554,0.004639819370245016,0.0013869571302024299
test,scn2_ou_current_env23001,ou_current,transformer,2,1713,,wm,1.0,1.0,0.0,1.0,1.0,0.0029035524646345554,0.004639819370245016,0.0014382410299815405
test,scn2_colored_noise_env23001,colored_noise,constant_alpha,2,2,,physics_persistence,1.0,1.0,0.0,0.0,0.0,1.4557368799170494,1.4858738778325715,0.02951794747167802
test,scn2_colored_noise_env23001,colored_noise,constant_alpha,2,2,,wm,1.0,1.0,0.0,0.0,0.0,1.4557368799170494,1.4858738778325715,0.030075560350912856
test,scn2_colored_noise_env23001,colored_noise,constant_alpha,2,1121,,physics_persistence,0.9727272727272729,0.0,0.03856511632307039,0.0,0.1,0.004482972213719261,0.00861075525891236,9.6200717810635e-05
test,scn2_colored_noise_env23001,colored_noise,constant_alpha,2,1121,,wm,1.0,1.0,0.0,0.0,0.0,0.004482972213719261,0.00861075525891236,0.00022150025768239486
test,scn2_colored_noise_env23001,colored_noise,constant_alpha,2,215,,physics_persistence,-0.7454545454545456,0.0,0.6050723125519035,0.7,0.2,0.05898554597396633,0.060334483694326584,0.0028184849918885813
test,scn2_colored_noise_env23001,colored_noise,constant_alpha,2,215,,wm,-0.6636363636363638,0.0,0.6050723125519035,0.7,0.2,0.05898554597396633,0.060334483694326584,0.002510200241551311
test,scn2_colored_noise_env23001,colored_noise,constant_alpha,2,1336,,physics_persistence,1.0,1.0,0.0,1.0,1.0,0.008347885608249193,0.01824668827819998,0.010004148381718612
test,scn2_colored_noise_env23001,colored_noise,constant_alpha,2,1336,,wm,1.0,1.0,0.0,1.0,1.0,0.008347885608249193,0.01824668827819998,0.010168049258727253
test,scn2_random_freq_amp_env23001,random_freq_amp,constant_alpha,2,9,,physics_persistence,1.0,1.0,0.0,1.0,1.0,1.5625108622936066,1.6204276525771133,0.05432186607030309
test,scn2_random_freq_amp_env23001,random_freq_amp,constant_alpha,2,9,,wm,1.0,1.0,0.0,1.0,1.0,1.5625108622936066,1.6204276525771133,0.05348457994044864
test,scn2_random_freq_amp_env23001,random_freq_amp,constant_alpha,2,607,,physics_persistence,1.0,1.0,0.0,0.6,0.6,12.763970823128297,12.82990257580124,0.06514696067207737
test,scn2_random_freq_amp_env23001,random_freq_amp,constant_alpha,2,607,,wm,0.9818181818181818,1.0,0.0,0.6,0.6,12.763970823128297,12.82990257580124,0.056386701752609625
test,scn2_random_freq_amp_env23001,random_freq_amp,constant_alpha,2,1161,,physics_persistence,1.0,1.0,0.0,0.0,0.0,0.029720177062062873,0.0337329805649227,0.0019594216940091794
test,scn2_random_freq_amp_env23001,random_freq_amp,constant_alpha,2,1161,,wm,1.0,1.0,0.0,0.0,0.0,0.029720177062062873,0.0337329805649227,0.0004967456829323494
test,scn2_random_freq_amp_env23001,random_freq_amp,constant_alpha,2,1712,,physics_persistence,1.0,1.0,0.0,1.0,1.0,0.0968531131146003,0.11045557915450294,0.014933025669970734
test,scn2_random_freq_amp_env23001,random_freq_amp,constant_alpha,2,1712,,wm,1.0,1.0,0.0,1.0,1.0,0.0968531131146003,0.11045557915450294,0.014080451143434897
test,scn2_colored_noise_env23001,colored_noise,transformer,2,11,,physics_persistence,1.0,1.0,0.0,0.0,0.0,1.7288392525749643,1.7593790258801763,0.03940245843041401
test,scn2_colored_noise_env23001,colored_noise,transformer,2,11,,wm,1.0,1.0,0.0,0.0,0.0,1.7288392525749643,1.7593790258801763,0.03936834719887239
test,scn2_colored_noise_env23001,colored_noise,transformer,2,624,,physics_persistence,0.881818181818182,0.0,0.08642503212333666,0.8,1.0,0.0010375829624907908,0.0017475494348889987,0.0006657167157701121
test,scn2_colored_noise_env23001,colored_noise,transformer,2,624,,wm,0.9363636363636365,0.0,0.021834956292816114,0.8,0.9,0.0010375829624907908,0.0017475494348889987,0.0006220530983147606
test,scn2_colored_noise_env23001,colored_noise,transformer,2,1170,,physics_persistence,0.9727272727272729,0.0,0.02980000200146859,0.9,1.0,0.003705957295863496,0.004439896970204044,0.0005572884775837629
test,scn2_colored_noise_env23001,colored_noise,transformer,2,1170,,wm,0.9727272727272729,0.0,0.02980000200146859,0.9,1.0,0.003705957295863496,0.004439896970204044,0.0005493370166767377
test,scn2_colored_noise_env23001,colored_noise,transformer,2,1716,,physics_persistence,1.0,1.0,0.0,1.0,1.0,0.002595108054087725,0.0042016112282610915,0.0014492766265064537
test,scn2_colored_noise_env23001,colored_noise,transformer,2,1716,,wm,1.0,1.0,0.0,1.0,1.0,0.002595108054087725,0.0042016112282610915,0.0015498661107221632
test,scn2_random_freq_amp_env23001,random_freq_amp,constant_alpha,2,64,,physics_persistence,1.0,1.0,0.0,1.0,1.0,2.0012948712208165,2.1499108890007794,0.1380986037440799
test,scn2_random_freq_amp_env23001,random_freq_amp,constant_alpha,2,64,,wm,1.0,1.0,0.0,1.0,1.0,2.0012948712208165,2.1499108890007794,0.1397708147216723
test,scn2_random_freq_amp_env23001,random_freq_amp,constant_alpha,2,1182,,physics_persistence,1.0,1.0,0.0,1.0,1.0,0.006461844129330551,0.00792487752165497,0.001591553491941725
test,scn2_random_freq_amp_env23001,random_freq_amp,constant_alpha,2,1182,,wm,1.0,1.0,0.0,1.0,1.0,0.006461844129330551,0.00792487752165497,0.0020109385036481972
test,scn2_random_freq_amp_env23001,random_freq_amp,constant_alpha,2,228,,physics_persistence,1.0,1.0,0.0,1.0,1.0,0.061633137526669365,0.0657061266599949,0.0038938954083012275
test,scn2_random_freq_amp_env23001,random_freq_amp,constant_alpha,2,228,,wm,1.0,1.0,0.0,1.0,1.0,0.061633137526669365,0.0657061266599949,0.003929811270994676
test,scn2_random_freq_amp_env23001,random_freq_amp,constant_alpha,2,1340,,physics_persistence,1.0,1.0,0.0,1.0,1.0,0.0013265801223283163,0.00430423519698402,0.002913277265366023
test,scn2_random_freq_amp_env23001,random_freq_amp,constant_alpha,2,1340,,wm,1.0,1.0,0.0,1.0,1.0,0.0013265801223283163,0.00430423519698402,0.003001831875646838
test,scn2_mass_damping_mismatch_env23001,mass_damping_mismatch,constant_alpha,2,1,,physics_persistence,1.0,1.0,0.0,0.0,0.0,1.393963128824675,1.4279097292925274,0.03338508348026381
test,scn2_mass_damping_mismatch_env23001,mass_damping_mismatch,constant_alpha,2,1,,wm,1.0,1.0,0.0,0.0,0.0,1.393963128824675,1.4279097292925274,0.03481852395819285
test,scn2_mass_damping_mismatch_env23001,mass_damping_mismatch,constant_alpha,2,651,,physics_persistence,0.9818181818181818,1.0,0.0,0.7,0.7,0.522627529317273,0.5480505637362635,0.02297653068692196
test,scn2_mass_damping_mismatch_env23001,mass_damping_mismatch,constant_alpha,2,651,,wm,1.0,1.0,0.0,0.7,0.7,0.522627529317273,0.5480505637362635,0.023899271098305697
test,scn2_mass_damping_mismatch_env23001,mass_damping_mismatch,constant_alpha,2,1187,,physics_persistence,0.990909090909091,1.0,0.0,0.8,0.8,0.3006136986036928,0.31445933864138864,0.015245677348044773
test,scn2_mass_damping_mismatch_env23001,mass_damping_mismatch,constant_alpha,2,1187,,wm,1.0,1.0,0.0,0.8,0.8,0.3006136986036928,0.31445933864138864,0.013941350986979906
test,scn2_mass_damping_mismatch_env23001,mass_damping_mismatch,constant_alpha,2,1724,,physics_persistence,1.0,1.0,0.0,0.8,0.8,0.6362113976812608,0.6786819523629081,0.04256733583390493
test,scn2_mass_damping_mismatch_env23001,mass_damping_mismatch,constant_alpha,2,1724,,wm,1.0,1.0,0.0,0.8,0.8,0.6362113976812608,0.6786819523629081,0.0437048184979385
test,scn2_random_freq_amp_env23001,random_freq_amp,transformer,2,36,,physics_persistence,1.0,1.0,0.0,0.0,0.0,2.0242561874955296,2.107254310657625,0.09179934567018266
test,scn2_random_freq_amp_env23001,random_freq_amp,transformer,2,36,,wm,1.0,1.0,0.0,0.0,0.0,2.0242561874955296,2.107254310657625,0.09123198235435126
test,scn2_random_freq_amp_env23001,random_freq_amp,transformer,2,592,,physics_persistence,1.0,1.0,0.0,1.0,1.0,10.696705750161108,10.76905460155615,0.0724570132885578
test,scn2_random_freq_amp_env23001,random_freq_amp,transformer,2,592,,wm,1.0,1.0,0.0,1.0,1.0,10.696705750161108,10.76905460155615,0.06842349309727247
test,scn2_random_freq_amp_env23001,random_freq_amp,transformer,2,1152,,physics_persistence,1.0,1.0,0.0,1.0,1.0,0.007733325690210704,0.007945573225923775,0.0006805859890117102
test,scn2_random_freq_amp_env23001,random_freq_amp,transformer,2,1152,,wm,1.0,1.0,0.0,1.0,1.0,0.007733325690210704,0.007945573225923775,0.0012255599108615522
test,scn2_random_freq_amp_env23001,random_freq_amp,transformer,2,1710,,physics_persistence,1.0,1.0,0.0,1.0,1.0,0.002337989491705048,0.003307447432315465,0.0010053606746942994
test,scn2_random_freq_amp_env23001,random_freq_amp,transformer,2,1710,,wm,1.0,1.0,0.0,1.0,1.0,0.002337989491705048,0.003307447432315465,0.0008661653923326936
test,scn2_mass_damping_mismatch_env23001,mass_damping_mismatch,constant_alpha,2,9,,physics_persistence,1.0,1.0,0.0,0.8,0.8,1.673821648203596,1.6909270475634157,0.016036236519748392
test,scn2_mass_damping_mismatch_env23001,mass_damping_mismatch,constant_alpha,2,9,,wm,0.9818181818181818,1.0,0.0,0.8,0.8,1.673821648203596,1.6909270475634157,0.015688421299736133
test,scn2_mass_damping_mismatch_env23001,mass_damping_mismatch,constant_alpha,2,1181,,physics_persistence,1.0,1.0,0.0,1.0,1.0,0.025902535624946047,0.031749038351146654,0.00568029487383713
test,scn2_mass_damping_mismatch_env23001,mass_damping_mismatch,constant_alpha,2,1181,,wm,1.0,1.0,0.0,1.0,1.0,0.025902535624946047,0.031749038351146654,0.004996916933771495
test,scn2_mass_damping_mismatch_env23001,mass_damping_mismatch,constant_alpha,2,235,,physics_persistence,0.9818181818181818,1.0,0.0,0.6,0.6,0.019820497310921746,0.020564114698482357,0.0006352509556700539
test,scn2_mass_damping_mismatch_env23001,mass_damping_mismatch,constant_alpha,2,235,,wm,0.9818181818181818,0.0,0.0019980523041030623,0.6,0.7,0.019820497310921746,0.020564114698482357,0.000678914257883835
test,scn2_mass_damping_mismatch_env23001,mass_damping_mismatch,constant_alpha,2,1338,,physics_persistence,0.9727272727272729,0.0,0.006218259210933523,0.7,0.8,0.003119959273726527,0.00408887968881554,0.001126096334591519
test,scn2_mass_damping_mismatch_env23001,mass_damping_mismatch,constant_alpha,2,1338,,wm,0.990909090909091,0.0,0.006218259210933523,0.7,0.8,0.003119959273726527,0.00408887968881554,0.0010263061236834596
test,scn3_actuator_delay_noise_env23001,actuator_delay_noise,constant_alpha,3,5,,physics_persistence,0.990909090909091,1.0,0.0,0.0,0.0,1.7047212665953533,1.7371719685068117,0.031173292666836883
test,scn3_actuator_delay_noise_env23001,actuator_delay_noise,constant_alpha,3,5,,wm,1.0,1.0,0.0,0.0,0.0,1.7047212665953533,1.7371719685068117,0.032208843084582384
test,scn3_actuator_delay_noise_env23001,actuator_delay_noise,constant_alpha,3,638,,physics_persistence,1.0,1.0,0.0,1.0,1.0,0.1692640864699915,0.18789763010744925,0.01868751167372537
test,scn3_actuator_delay_noise_env23001,actuator_delay_noise,constant_alpha,3,638,,wm,1.0,1.0,0.0,1.0,1.0,0.1692640864699915,0.18789763010744925,0.01854711160568484
test,scn3_actuator_delay_noise_env23001,actuator_delay_noise,constant_alpha,3,1179,,physics_persistence,1.0,1.0,0.0,0.0,0.0,0.04744063498406929,0.06096383957801607,0.013138280376306544
test,scn3_actuator_delay_noise_env23001,actuator_delay_noise,constant_alpha,3,1179,,wm,1.0,1.0,0.0,0.0,0.0,0.04744063498406929,0.06096383957801607,0.013230817563498705
test,scn3_actuator_delay_noise_env23001,actuator_delay_noise,constant_alpha,3,1721,,physics_persistence,1.0,1.0,0.0,1.0,1.0,0.2108825340807599,0.22829023790701866,0.016998329912128907
test,scn3_actuator_delay_noise_env23001,actuator_delay_noise,constant_alpha,3,1721,,wm,1.0,1.0,0.0,1.0,1.0,0.2108825340807599,0.22829023790701866,0.01736983300086939
test,scn2_mass_damping_mismatch_env23001,mass_damping_mismatch,transformer,2,1,,physics_persistence,1.0,1.0,0.0,0.0,0.0,1.393963128824675,1.4279001920905943,0.033376548991020716
test,scn2_mass_damping_mismatch_env23001,mass_damping_mismatch,transformer,2,1,,wm,1.0,1.0,0.0,0.0,0.0,1.393963128824675,1.4279001920905943,0.03380262404660539
test,scn2_mass_damping_mismatch_env23001,mass_damping_mismatch,transformer,2,606,,physics_persistence,1.0,1.0,0.0,1.0,1.0,0.029950336338593807,0.03305334201216482,0.0038987967984309597
test,scn2_mass_damping_mismatch_env23001,mass_damping_mismatch,transformer,2,606,,wm,1.0,1.0,0.0,1.0,1.0,0.029950336338593807,0.03305334201216482,0.004090112407874873
test,scn2_mass_damping_mismatch_env23001,mass_damping_mismatch,transformer,2,1160,,physics_persistence,1.0,1.0,0.0,1.0,1.0,0.006706296278843481,0.008746930595869434,0.001875048648076247
test,scn2_mass_damping_mismatch_env23001,mass_damping_mismatch,transformer,2,1160,,wm,1.0,1.0,0.0,1.0,1.0,0.006706296278843481,0.008746930595869434,0.001528838246979347
test,scn2_mass_damping_mismatch_env23001,mass_damping_mismatch,transformer,2,1712,,physics_persistence,1.0,1.0,0.0,1.0,1.0,0.0007565961526682552,0.0019987301074600463,0.001234442432767032
test,scn2_mass_damping_mismatch_env23001,mass_damping_mismatch,transformer,2,1712,,wm,1.0,1.0,0.0,1.0,1.0,0.0007565961526682552,0.0019987301074600463,0.0012628029536785798
test,scn3_actuator_delay_noise_env23001,actuator_delay_noise,constant_alpha,3,3,,physics_persistence,1.0,1.0,0.0,0.1,0.1,1.553878321927413,1.5859920105251581,0.03196075803441878
test,scn3_actuator_delay_noise_env23001,actuator_delay_noise,constant_alpha,3,3,,wm,1.0,1.0,0.0,0.1,0.1,1.553878321927413,1.5859920105251581,0.03228969126711556
test,scn3_actuator_delay_noise_env23001,actuator_delay_noise,constant_alpha,3,1140,,physics_persistence,1.0,1.0,0.0,1.0,1.0,0.18730172298167744,0.24500324836146675,0.05758770233495536
test,scn3_actuator_delay_noise_env23001,actuator_delay_noise,constant_alpha,3,1140,,wm,1.0,1.0,0.0,1.0,1.0,0.18730172298167744,0.24500324836146675,0.057864744400511925
test,scn3_actuator_delay_noise_env23001,actuator_delay_noise,constant_alpha,3,149,,physics_persistence,0.9818181818181818,1.0,0.0,0.4,0.4,0.687687969187949,0.7057861729076159,0.017565326138749837
test,scn3_actuator_delay_noise_env23001,actuator_delay_noise,constant_alpha,3,149,,wm,0.9454545454545454,0.0,0.02115903373337386,0.4,0.5,0.687687969187949,0.7057861729076159,0.01667355100157908
test,scn3_actuator_delay_noise_env23001,actuator_delay_noise,constant_alpha,3,1330,,physics_persistence,1.0,1.0,0.0,0.0,0.0,4.831549423822858,4.9408505776942215,0.09477264894030313
test,scn3_actuator_delay_noise_env23001,actuator_delay_noise,constant_alpha,3,1330,,wm,1.0,1.0,0.0,0.0,0.0,4.831549423822858,4.9408505776942215,0.08385995680264724
test,scn1_structured_env23002,structured,constant_alpha,1,1,,physics_persistence,1.0,1.0,0.0,0.5,0.5,1.5042935486408193,1.513380992843167,0.009037531578969471
test,scn1_structured_env23002,structured,constant_alpha,1,1,,wm,1.0,1.0,0.0,0.5,0.5,1.5042935486408193,1.513380992843167,0.008925848893442945
test,scn1_structured_env23002,structured,constant_alpha,1,644,,physics_persistence,1.0,1.0,0.0,1.0,1.0,0.10912291072266515,0.12471067089886091,0.015163702626557696
test,scn1_structured_env23002,structured,constant_alpha,1,644,,wm,1.0,1.0,0.0,1.0,1.0,0.10912291072266515,0.12471067089886091,0.01529620989337005
test,scn1_structured_env23002,structured,constant_alpha,1,1181,,physics_persistence,1.0,1.0,0.0,0.0,0.0,0.2837634824878904,0.2978645053583594,0.012816592850926067
test,scn1_structured_env23002,structured,constant_alpha,1,1181,,wm,1.0,1.0,0.0,0.0,0.0,0.2837634824878904,0.2978645053583594,0.006277953256376145
test,scn1_structured_env23002,structured,constant_alpha,1,1718,,physics_persistence,1.0,1.0,0.0,0.9,0.9,0.12485794809067187,0.1413725021110346,0.016302114967214537
test,scn1_structured_env23002,structured,constant_alpha,1,1718,,wm,1.0,1.0,0.0,0.9,0.9,0.12485794809067187,0.1413725021110346,0.01646664815422272
test,scn3_actuator_delay_noise_env23001,actuator_delay_noise,transformer,3,3,,physics_persistence,1.0,1.0,0.0,0.1,0.1,1.5538816261534976,1.586044873383011,0.03201001443931051
test,scn3_actuator_delay_noise_env23001,actuator_delay_noise,transformer,3,3,,wm,1.0,1.0,0.0,0.1,0.1,1.5538816261534976,1.586044873383011,0.03239244405175956
test,scn3_actuator_delay_noise_env23001,actuator_delay_noise,transformer,3,626,,physics_persistence,1.0,1.0,0.0,0.0,0.0,0.541822081813319,0.5679330829808226,0.026314858311289324
test,scn3_actuator_delay_noise_env23001,actuator_delay_noise,transformer,3,626,,wm,1.0,1.0,0.0,0.0,0.0,0.541822081813319,0.5679330829808226,0.02605907273490926
test,scn3_actuator_delay_noise_env23001,actuator_delay_noise,transformer,3,1149,,physics_persistence,1.0,1.0,0.0,1.0,1.0,0.17265742557276836,0.20306219107782125,0.032764702788830286
test,scn3_actuator_delay_noise_env23001,actuator_delay_noise,transformer,3,1149,,wm,1.0,1.0,0.0,1.0,1.0,0.17265742557276836,0.20306219107782125,0.031571577307029
test,scn3_actuator_delay_noise_env23001,actuator_delay_noise,transformer,3,1698,,physics_persistence,0.990909090909091,1.0,0.0,1.0,1.0,0.8123268765956035,0.8386165227988689,0.023546551579767927
test,scn3_actuator_delay_noise_env23001,actuator_delay_noise,transformer,3,1698,,wm,1.0,1.0,0.0,1.0,1.0,0.8123268765956035,0.8386165227988689,0.024172209707445824
test,scn1_structured_env23002,structured,constant_alpha,1,1,,physics_persistence,1.0,1.0,0.0,0.5,0.5,1.5043532823389074,1.513380992843167,0.008977802897472742
test,scn1_structured_env23002,structured,constant_alpha,1,1,,wm,1.0,1.0,0.0,0.5,0.5,1.5043532823389074,1.513380992843167,0.008732272705882949
test,scn1_structured_env23002,structured,constant_alpha,1,1183,,physics_persistence,1.0,1.0,0.0,0.0,0.0,0.08067330924198853,0.08864429643405704,0.007171312989797882
test,scn1_structured_env23002,structured,constant_alpha,1,1183,,wm,1.0,1.0,0.0,0.0,0.0,0.08067330924198853,0.08864429643405704,0.006858974406436
test,scn1_structured_env23002,structured,constant_alpha,1,259,,physics_persistence,0.9727272727272729,1.0,0.0,0.6,0.6,0.020582339406765,0.021246415892326394,0.0005673162171432877
test,scn1_structured_env23002,structured,constant_alpha,1,259,,wm,0.990909090909091,1.0,0.0,0.6,0.6,0.020582339406765,0.021246415892326394,0.0006203660729321471
test,scn1_structured_env23002,structured,constant_alpha,1,1352,,physics_persistence,1.0,1.0,0.0,1.0,1.0,0.0030343134015432334,0.006376728121299008,0.0033243713987407115
test,scn1_structured_env23002,structured,constant_alpha,1,1352,,wm,1.0,1.0,0.0,1.0,1.0,0.0030343134015432334,0.006376728121299008,0.0033924471750572628
test,scn2_structured_env23002,structured,constant_alpha,2,1,,physics_persistence,0.9818181818181818,1.0,0.0,0.4,0.4,1.5039949437712772,1.5110175820619005,0.006925090136120193
test,scn2_structured_env23002,structured,constant_alpha,2,1,,wm,0.9636363636363637,1.0,0.0,0.4,0.4,1.5039949437712772,1.5110175820619005,0.007629837566727415
test,scn2_structured_env23002,structured,constant_alpha,2,655,,physics_persistence,1.0,1.0,0.0,1.0,1.0,0.11620009765513482,0.13715237431969676,0.02107417432243179
test,scn2_structured_env23002,structured,constant_alpha,2,655,,wm,1.0,1.0,0.0,1.0,1.0,0.11620009765513482,0.13715237431969676,0.021892003324899587
test,scn2_structured_env23002,structured,constant_alpha,2,1191,,physics_persistence,1.0,1.0,0.0,1.0,1.0,0.035853536025951184,0.041015282153833,0.006057840488395978
test,scn2_structured_env23002,structured,constant_alpha,2,1191,,wm,1.0,1.0,0.0,1.0,1.0,0.035853536025951184,0.041015282153833,0.0060376022224277875
test,scn2_structured_env23002,structured,constant_alpha,2,1724,,physics_persistence,1.0,1.0,0.0,0.8,0.8,0.4702733694658152,0.5065930519269396,0.03708997787256246
test,scn2_structured_env23002,structured,constant_alpha,2,1724,,wm,0.990909090909091,1.0,0.0,0.8,0.8,0.4702733694658152,0.5065930519269396,0.03796020153686558
test,scn1_structured_env23002,structured,transformer,1,3,,physics_persistence,0.9727272727272729,0.0,0.014345723403804848,0.6,0.7,1.5757977359187996,1.5849038379778966,0.009043909547935547
test,scn1_structured_env23002,structured,transformer,1,3,,wm,0.9818181818181818,0.0,0.014345723403804848,0.6,0.7,1.5757977359187996,1.5849038379778966,0.009008879823357185
test,scn1_structured_env23002,structured,transformer,1,634,,physics_persistence,0.990909090909091,1.0,0.0,0.9,0.9,0.0005512833588374387,0.0011952563403302054,0.0005998026503103405
test,scn1_structured_env23002,structured,transformer,1,634,,wm,0.990909090909091,1.0,0.0,0.9,0.9,0.0005512833588374387,0.0011952563403302054,0.0006663340181048237
test,scn1_structured_env23002,structured,transformer,1,1175,,physics_persistence,1.0,1.0,0.0,0.0,0.0,0.11767839672578409,0.12578975484493338,0.007067938475590008
test,scn1_structured_env23002,structured,transformer,1,1175,,wm,1.0,1.0,0.0,0.0,0.0,0.11767839672578409,0.12578975484493338,0.006544991076947851
test,scn1_structured_env23002,structured,transformer,1,1720,,physics_persistence,1.0,1.0,0.0,1.0,1.0,0.002347966043207363,0.003776263971562701,0.0015479565811803266
test,scn1_structured_env23002,structured,transformer,1,1720,,wm,1.0,1.0,0.0,1.0,1.0,0.002347966043207363,0.003776263971562701,0.0016135264146065723
test,scn2_structured_env23002,structured,constant_alpha,2,7,,physics_persistence,0.990909090909091,0.0,0.0019168035237129913,1.0,0.9,1.7165938298369228,1.7414119805642707,0.021227843715962758
test,scn2_structured_env23002,structured,constant_alpha,2,7,,wm,0.9727272727272729,0.0,0.0019168035237129913,1.0,0.9,1.7165938298369228,1.7414119805642707,0.021138364392088604
test,scn2_structured_env23002,structured,constant_alpha,2,1150,,physics_persistence,1.0,1.0,0.0,0.0,0.0,0.016001588083045994,0.016625300396376917,0.0007327527059637629
test,scn2_structured_env23002,structured,constant_alpha,2,1150,,wm,1.0,1.0,0.0,0.0,0.0,0.016001588083045994,0.016625300396376917,0.0006040223195315081
test,scn2_structured_env23002,structured,constant_alpha,2,247,,physics_persistence,1.0,1.0,0.0,0.0,0.0,0.05672786925263085,0.06391039347794836,0.007361861290944266
test,scn2_structured_env23002,structured,constant_alpha,2,247,,wm,1.0,1.0,0.0,0.0,0.0,0.05672786925263085,0.06391039347794836,0.007472735220521845
test,scn2_structured_env23002,structured,constant_alpha,2,1349,,physics_persistence,1.0,1.0,0.0,1.0,1.0,0.00131074123468946,0.004013428588730742,0.002579672776935716
test,scn2_structured_env23002,structured,constant_alpha,2,1349,,wm,1.0,1.0,0.0,1.0,1.0,0.00131074123468946,0.004013428588730742,0.0026585110117055425
test,scn3_structured_env23002,structured,constant_alpha,3,1,,physics_persistence,1.0,1.0,0.0,0.5,0.5,1.5043325371309946,1.513380992843167,0.008998545905249511
test,scn3_structured_env23002,structured,constant_alpha,3,1,,wm,1.0,1.0,0.0,0.5,0.5,1.5043325371309946,1.513380992843167,0.00873895181564932
test,scn3_structured_env23002,structured,constant_alpha,3,626,,physics_persistence,1.0,1.0,0.0,1.0,1.0,0.09893126484539166,0.11354721416518469,0.015291778651581031
test,scn3_structured_env23002,structured,constant_alpha,3,626,,wm,1.0,1.0,0.0,1.0,1.0,0.09893126484539166,0.11354721416518469,0.015327279214418621
test,scn3_structured_env23002,structured,constant_alpha,3,1171,,physics_persistence,1.0,1.0,0.0,1.0,1.0,0.046236576154667294,0.05043392280215201,0.003503155525619535
test,scn3_structured_env23002,structured,constant_alpha,3,1171,,wm,1.0,1.0,0.0,1.0,1.0,0.046236576154667294,0.05043392280215201,0.0034194628624343443
test,scn3_structured_env23002,structured,constant_alpha,3,1716,,physics_persistence,1.0,1.0,0.0,0.9,0.9,0.2384203336895189,0.262587408224275,0.024090768149836933
test,scn3_structured_env23002,structured,constant_alpha,3,1716,,wm,0.990909090909091,1.0,0.0,0.9,0.9,0.2384203336895189,0.262587408224275,0.02482897528955913
test,scn2_structured_env23002,structured,transformer,2,3,,physics_persistence,0.9818181818181818,1.0,0.0,0.7,0.7,1.5753559960361474,1.5852690343856763,0.009743476009359542
test,scn2_structured_env23002,structured,transformer,2,3,,wm,1.0,1.0,0.0,0.7,0.7,1.5753559960361474,1.5852690343856763,0.01009711962748261
test,scn2_structured_env23002,structured,transformer,2,608,,physics_persistence,0.690909090909091,0.0,0.1261322069620635,0.5,0.7,0.002145385032512148,0.002206506752338899,9.025956507012446e-05
test,scn2_structured_env23002,structured,transformer,2,608,,wm,0.8454545454545455,0.0,0.02284549142220968,0.5,0.6,0.002145385032512148,0.002206506752338899,0.00010051788666728262
test,scn2_structured_env23002,structured,transformer,2,1160,,physics_persistence,1.0,1.0,0.0,1.0,1.0,0.01279914840831192,0.013810928133013193,0.0006287200077956592
test,scn2_structured_env23002,structured,transformer,2,1160,,wm,1.0,1.0,0.0,1.0,1.0,0.01279914840831192,0.013810928133013193,0.0008662571678520452
test,scn2_structured_env23002,structured,transformer,2,1713,,physics_persistence,1.0,1.0,0.0,1.0,1.0,0.0029865592216554025,0.004419486216930478,0.001336646739327861
test,scn2_structured_env23002,structured,transformer,2,1713,,wm,1.0,1.0,0.0,1.0,1.0,0.0029865592216554025,0.004419486216930478,0.0013628355564094564
test,scn3_structured_env23002,structured,constant_alpha,3,1,,physics_persistence,1.0,1.0,0.0,0.5,0.5,1.5043325371309946,1.513380992843167,0.008998545905249511
test,scn3_structured_env23002,structured,constant_alpha,3,1,,wm,1.0,1.0,0.0,0.5,0.5,1.5043325371309946,1.513380992843167,0.008735287793835589
test,scn3_structured_env23002,structured,constant_alpha,3,1177,,physics_persistence,1.0,1.0,0.0,1.0,1.0,0.0060086351821176,0.007700813047970926,0.0016988193514950994
test,scn3_structured_env23002,structured,constant_alpha,3,1177,,wm,1.0,1.0,0.0,1.0,1.0,0.0060086351821176,0.007700813047970926,0.001739586344479572
test,scn3_structured_env23002,structured,constant_alpha,3,240,,physics_persistence,1.0,1.0,0.0,1.0,1.0,0.02157548964994243,0.02677334206518363,0.00543879166199953
test,scn3_structured_env23002,structured,constant_alpha,3,240,,wm,1.0,1.0,0.0,1.0,1.0,0.02157548964994243,0.02677334206518363,0.005508644254656716
test,scn3_structured_env23002,structured,constant_alpha,3,1346,,physics_persistence,1.0,1.0,0.0,1.0,1.0,0.001019588817930621,0.0028383950576443286,0.0018328593083885153
test,scn3_structured_env23002,structured,constant_alpha,3,1346,,wm,1.0,1.0,0.0,1.0,1.0,0.001019588817930621,0.0028383950576443286,0.0018876766387639792
test,scn2_ou_current_env23002,ou_current,constant_alpha,2,45,,physics_persistence,1.0,1.0,0.0,0.0,0.0,1.936362261580046,2.1164455111574187,0.21429441989036313
test,scn2_ou_current_env23002,ou_current,constant_alpha,2,45,,wm,1.0,1.0,0.0,0.0,0.0,1.936362261580046,2.1164455111574187,0.21431321710822782
test,scn2_ou_current_env23002,ou_current,constant_alpha,2,661,,physics_persistence,0.990909090909091,1.0,0.0,0.9,0.9,0.26972198367390693,0.29198508687123736,0.025668454320091405
test,scn2_ou_current_env23002,ou_current,constant_alpha,2,661,,wm,0.990909090909091,1.0,0.0,0.9,0.9,0.26972198367390693,0.29198508687123736,0.025688652229407694
test,scn2_ou_current_env23002,ou_current,constant_alpha,2,1190,,physics_persistence,0.9727272727272729,0.0,0.017184676526783505,0.9,1.0,0.09432329190251469,0.10250999265521675,0.009166356921604557
test,scn2_ou_current_env23002,ou_current,constant_alpha,2,1190,,wm,0.9727272727272729,0.0,0.017184676526783505,0.9,1.0,0.09432329190251469,0.10250999265521675,0.008818944725306518
test,scn2_ou_current_env23002,ou_current,constant_alpha,2,1723,,physics_persistence,1.0,1.0,0.0,0.8,0.8,0.34861943928652706,0.3789333768975428,0.029087160071689322
test,scn2_ou_current_env23002,ou_current,constant_alpha,2,1723,,wm,1.0,1.0,0.0,0.8,0.8,0.34861943928652706,0.3789333768975428,0.02951663937137433
test,scn3_structured_env23002,structured,transformer,3,1,,physics_persistence,1.0,1.0,0.0,0.5,0.5,1.5042478841331635,1.513380992843167,0.009083202940496582
test,scn3_structured_env23002,structured,transformer,3,1,,wm,1.0,1.0,0.0,0.5,0.5,1.5042478841331635,1.513380992843167,0.009048941058506843
test,scn3_structured_env23002,structured,transformer,3,625,,physics_persistence,1.0,1.0,0.0,0.9,0.9,0.000722897753097733,0.001252828001171641,0.0004915964665221292
test,scn3_structured_env23002,structured,transformer,3,625,,wm,1.0,1.0,0.0,0.9,0.9,0.000722897753097733,0.001252828001171641,0.0005662111543725448
test,scn3_structured_env23002,structured,transformer,3,1168,,physics_persistence,1.0,1.0,0.0,1.0,1.0,0.003347471047064819,0.00398322809697254,0.0005253374429806299
test,scn3_structured_env23002,structured,transformer,3,1168,,wm,1.0,1.0,0.0,1.0,1.0,0.003347471047064819,0.00398322809697254,0.0005655883016430661
test,scn3_structured_env23002,structured,transformer,3,1714,,physics_persistence,1.0,1.0,0.0,1.0,1.0,0.004485062657031148,0.005922561483955532,0.001035840549869129
test,scn3_structured_env23002,structured,transformer,3,1714,,wm,1.0,1.0,0.0,1.0,1.0,0.004485062657031148,0.005922561483955532,0.0011525585722459708
test,scn2_ou_current_env23002,ou_current,constant_alpha,2,8,,physics_persistence,0.990909090909091,1.0,0.0,0.4,0.4,1.8443452378779395,1.8537653135006757,0.009418417921327693
test,scn2_ou_current_env23002,ou_current,constant_alpha,2,8,,wm,0.990909090909091,1.0,0.0,0.4,0.4,1.8443452378779395,1.8537653135006757,0.009909187803889719
test,scn2_ou_current_env23002,ou_current,constant_alpha,2,1169,,physics_persistence,1.0,1.0,0.0,1.0,1.0,0.006080940617918489,0.006952412480503064,0.000859860025640034
test,scn2_ou_current_env23002,ou_current,constant_alpha,2,1169,,wm,1.0,1.0,0.0,1.0,1.0,0.006080940617918489,0.006952412480503064,0.0014303781417814828
test,scn2_ou_current_env23002,ou_current,constant_alpha,2,254,,physics_persistence,1.0,1.0,0.0,0.0,0.0,0.0932996345797982,0.10017995089948066,0.00874120091316781
test,scn2_ou_current_env23002,ou_current,constant_alpha,2,254,,wm,1.0,1.0,0.0,0.0,0.0,0.0932996345797982,0.10017995089948066,0.009083259663366774
test,scn2_ou_current_env23002,ou_current,constant_alpha,2,1349,,physics_persistence,1.0,1.0,0.0,1.0,1.0,0.0010303953328123514,0.0034479962265592423,0.0025023517631473477
test,scn2_ou_current_env23002,ou_current,constant_alpha,2,1349,,wm,1.0,1.0,0.0,1.0,1.0,0.0010303953328123514,0.0034479962265592423,0.0023732865831136646
test,scn2_colored_noise_env23002,colored_noise,constant_alpha,2,3,,physics_persistence,0.9272727272727275,0.0,0.00162471597570399,0.4,0.5,1.6313287720228247,1.6365000110232972,0.0049648552724606
test,scn2_colored_noise_env23002,colored_noise,constant_alpha,2,3,,wm,0.9545454545454546,0.0,0.00162471597570399,0.4,0.5,1.6313287720228247,1.6365000110232972,0.005625795939647071
test,scn2_colored_noise_env23002,colored_noise,constant_alpha,2,621,,physics_persistence,1.0,1.0,0.0,1.0,1.0,0.38135779261202774,0.405860541202053,0.031859464034489915
test,scn2_colored_noise_env23002,colored_noise,constant_alpha,2,621,,wm,1.0,1.0,0.0,1.0,1.0,0.38135779261202774,0.405860541202053,0.03125632824952712
test,scn2_colored_noise_env23002,colored_noise,constant_alpha,2,1170,,physics_persistence,0.990909090909091,0.0,0.007024461238491883,0.9,1.0,0.06622805318571438,0.07566213345153455,0.00926315544000711
test,scn2_colored_noise_env23002,colored_noise,constant_alpha,2,1170,,wm,0.990909090909091,0.0,0.007024461238491883,0.9,1.0,0.06622805318571438,0.07566213345153455,0.009376945034263826
test,scn2_colored_noise_env23002,colored_noise,constant_alpha,2,1715,,physics_persistence,0.9727272727272729,0.0,0.008051155242753223,0.9,1.0,0.3557004091947564,0.3950405429632651,0.04261378556679846
test,scn2_colored_noise_env23002,colored_noise,constant_alpha,2,1715,,wm,0.9727272727272729,0.0,0.008051155242753223,0.9,1.0,0.3557004091947564,0.3950405429632651,0.0428076690296173
test,scn2_ou_current_env23002,ou_current,transformer,2,83,,physics_persistence,1.0,1.0,0.0,1.0,1.0,2.9200284599290365,3.253854198915839,0.3382123203070613
test,scn2_ou_current_env23002,ou_current,transformer,2,83,,wm,1.0,1.0,0.0,1.0,1.0,2.9200284599290365,3.253854198915839,0.3427858034773821
test,scn2_ou_current_env23002,ou_current,transformer,2,635,,physics_persistence,0.7090909090909092,0.0,0.14212512607374014,0.7,0.9,0.000792019903133396,0.001326076011470401,0.0006170944215118691
test,scn2_ou_current_env23002,ou_current,transformer,2,635,,wm,0.7090909090909092,0.0,0.14212512607374014,0.7,0.9,0.000792019903133396,0.001326076011470401,0.0006417250015387912
test,scn2_ou_current_env23002,ou_current,transformer,2,1178,,physics_persistence,0.5454545454545455,0.0,0.2515088288029393,1.0,0.6,0.00402191011829138,0.005432735222971769,0.00012961727906527724
test,scn2_ou_current_env23002,ou_current,transformer,2,1178,,wm,1.0,1.0,0.0,1.0,1.0,0.00402191011829138,0.005432735222971769,0.0009231138570577006
test,scn2_ou_current_env23002,ou_current,transformer,2,1716,,physics_persistence,1.0,1.0,0.0,1.0,1.0,0.0022167624226167495,0.0041553806944499535,0.0015677713626187475
test,scn2_ou_current_env23002,ou_current,transformer,2,1716,,wm,1.0,1.0,0.0,1.0,1.0,0.0022167624226167495,0.0041553806944499535,0.0016789245636159539
test,scn2_colored_noise_env23002,colored_noise,constant_alpha,2,41,,physics_persistence,1.0,1.0,0.0,0.0,0.0,2.147924194718309,2.3493737477830954,0.20301588025916484
test,scn2_colored_noise_env23002,colored_noise,constant_alpha,2,41,,wm,1.0,1.0,0.0,0.0,0.0,2.147924194718309,2.3493737477830954,0.20140641218290156
test,scn2_colored_noise_env23002,colored_noise,constant_alpha,2,1742,,physics_persistence,1.0,1.0,0.0,1.0,1.0,0.006720827479595376,0.01439427784020057,0.007557940336061586
test,scn2_colored_noise_env23002,colored_noise,constant_alpha,2,1742,,wm,1.0,1.0,0.0,1.0,1.0,0.006720827479595376,0.01439427784020057,0.00760886618439198
test,scn2_colored_noise_env23002,colored_noise,constant_alpha,2,1348,,physics_persistence,1.0,1.0,0.0,1.0,1.0,0.0012023025490317638,0.003675003857890725,0.002479255401374671
test,scn2_colored_noise_env23002,colored_noise,constant_alpha,2,1348,,wm,1.0,1.0,0.0,1.0,1.0,0.0012023025490317638,0.003675003857890725,0.002389533499142322
test,scn2_colored_noise_env23002,colored_noise,transformer,2,952,,physics_persistence,-0.8000000000000002,0.0,1.0,0.3,1.0,0.000946410666318844,0.0012028740754750809,0.00033124498565530305
test,scn2_colored_noise_env23002,colored_noise,transformer,2,952,,wm,-0.790909090909091,0.0,0.7395074700700872,0.3,0.9,0.000946410666318844,0.0012028740754750809,0.00021293391397718116
test,scn2_random_freq_amp_env23002,random_freq_amp,constant_alpha,2,11,,physics_persistence,1.0,1.0,0.0,1.0,1.0,1.7786143154368046,1.8630135566748667,0.0797894558744785
test,scn2_random_freq_amp_env23002,random_freq_amp,constant_alpha,2,11,,wm,1.0,1.0,0.0,1.0,1.0,1.7786143154368046,1.8630135566748667,0.07987543976330613
test,scn2_random_freq_amp_env23002,random_freq_amp,constant_alpha,2,1749,,physics_persistence,0.990909090909091,0.0,0.00898174434516841,0.9,1.0,0.07006167055826051,0.08090325323002388,0.012740387289921579
test,scn2_random_freq_amp_env23002,random_freq_amp,constant_alpha,2,1749,,wm,1.0,1.0,0.0,0.9,0.9,0.07006167055826051,0.08090325323002388,0.012587029251785314
test,scn2_random_freq_amp_env23002,random_freq_amp,constant_alpha,2,1392,,physics_persistence,1.0,1.0,0.0,1.0,1.0,0.010005807061659452,0.017358746570786426,0.007515282401548794
test,scn2_random_freq_amp_env23002,random_freq_amp,constant_alpha,2,1392,,wm,1.0,1.0,0.0,1.0,1.0,0.010005807061659452,0.017358746570786426,0.007867068421606824
test,scn2_random_freq_amp_env23002,random_freq_amp,constant_alpha,2,1007,,physics_persistence,1.0,1.0,0.0,0.0,0.0,0.025539549927517936,0.032500889932829284,0.006786428110592848
test,scn2_random_freq_amp_env23002,random_freq_amp,constant_alpha,2,1007,,wm,1.0,1.0,0.0,0.0,0.0,0.025539549927517936,0.032500889932829284,0.00690985196828205
test,scn2_mass_damping_mismatch_env23002,mass_damping_mismatch,constant_alpha,2,6,,physics_persistence,0.990909090909091,1.0,0.0,0.9,0.9,1.7092747795458896,1.7306863667055272,0.01810337019510344
test,scn2_mass_damping_mismatch_env23002,mass_damping_mismatch,constant_alpha,2,6,,wm,0.990909090909091,1.0,0.0,0.9,0.9,1.7092747795458896,1.7306863667055272,0.01890991548481802
test,scn2_mass_damping_mismatch_env23002,mass_damping_mismatch,constant_alpha,2,588,,physics_persistence,1.0,1.0,0.0,0.9,0.9,0.4019939085826782,0.4224497744430799,0.020476954707775885
test,scn2_mass_damping_mismatch_env23002,mass_damping_mismatch,constant_alpha,2,588,,wm,1.0,1.0,0.0,0.9,0.9,0.4019939085826782,0.4224497744430799,0.021258294515182463
test,scn2_mass_damping_mismatch_env23002,mass_damping_mismatch,constant_alpha,2,1147,,physics_persistence,0.9818181818181818,0.0,0.007091253896408715,0.7,0.8,0.21117313790044426,0.22075733576849016,0.010411018292262542
test,scn2_mass_damping_mismatch_env23002,mass_damping_mismatch,constant_alpha,2,1147,,wm,0.9818181818181818,1.0,0.0,0.7,0.7,0.21117313790044426,0.22075733576849016,0.009484867199121061
test,scn2_mass_damping_mismatch_env23002,mass_damping_mismatch,constant_alpha,2,1708,,physics_persistence,0.990909090909091,1.0,0.0,0.8,0.8,0.6222668976721532,0.6651236504155204,0.04417455360649325
test,scn2_mass_damping_mismatch_env23002,mass_damping_mismatch,constant_alpha,2,1708,,wm,0.990909090909091,1.0,0.0,0.8,0.8,0.6222668976721532,0.6651236504155204,0.04522478692433629
test,scn2_random_freq_amp_env23002,random_freq_amp,transformer,2,1,,physics_persistence,1.0,1.0,0.0,1.0,1.0,1.4477137156214095,1.4866141378201265,0.037290567349897774
test,scn2_random_freq_amp_env23002,random_freq_amp,transformer,2,1,,wm,1.0,1.0,0.0,1.0,1.0,1.4477137156214095,1.4866141378201265,0.037015381226933375
test,scn2_random_freq_amp_env23002,random_freq_amp,transformer,2,556,,physics_persistence,0.990909090909091,1.0,0.0,0.6,0.6,8.885115194357976,8.933462915951178,0.0499656618504023
test,scn2_random_freq_amp_env23002,random_freq_amp,transformer,2,556,,wm,0.990909090909091,1.0,0.0,0.6,0.6,8.885115194357976,8.933462915951178,0.04979500338037823
test,scn2_random_freq_amp_env23002,random_freq_amp,transformer,2,1138,,physics_persistence,1.0,1.0,0.0,0.0,0.0,21.301937773065305,21.715910629927492,0.4144805427465492
test,scn2_random_freq_amp_env23002,random_freq_amp,transformer,2,1138,,wm,1.0,1.0,0.0,0.0,0.0,21.301937773065305,21.715910629927492,0.42561732029557575
test,scn2_random_freq_amp_env23002,random_freq_amp,transformer,2,1714,,physics_persistence,0.19090909090909092,0.0,0.29548402504258686,0.6,0.3,0.0026277673901436787,0.0028799264081322074,0.0004920673426565166
test,scn2_random_freq_amp_env23002,random_freq_amp,transformer,2,1714,,wm,-0.26363636363636367,0.0,0.4866450166340752,0.6,0.2,0.0026277673901436787,0.0028799264081322074,0.0006635120474685246
test,scn2_mass_damping_mismatch_env23002,mass_damping_mismatch,constant_alpha,2,9,,physics_persistence,1.0,1.0,0.0,1.0,1.0,1.83405894405749,1.8711109068107974,0.036831070917668685
test,scn2_mass_damping_mismatch_env23002,mass_damping_mismatch,constant_alpha,2,9,,wm,1.0,1.0,0.0,1.0,1.0,1.83405894405749,1.8711109068107974,0.03731779704384586
test,scn2_mass_damping_mismatch_env23002,mass_damping_mismatch,constant_alpha,2,1118,,physics_persistence,1.0,1.0,0.0,1.0,1.0,0.02006359586879058,0.023832336545205612,0.004409747439484423
test,scn2_mass_damping_mismatch_env23002,mass_damping_mismatch,constant_alpha,2,1118,,wm,1.0,1.0,0.0,1.0,1.0,0.02006359586879058,0.023832336545205612,0.004138237138286167
test,scn2_mass_damping_mismatch_env23002,mass_damping_mismatch,constant_alpha,2,237,,physics_persistence,1.0,1.0,0.0,0.0,0.0,0.09287459356054696,0.1020462407449271,0.00945628891339588
test,scn2_mass_damping_mismatch_env23002,mass_damping_mismatch,constant_alpha,2,237,,wm,1.0,1.0,0.0,0.0,0.0,0.09287459356054696,0.1020462407449271,0.009398382832574867
test,scn2_mass_damping_mismatch_env23002,mass_damping_mismatch,constant_alpha,2,1344,,physics_persistence,0.9454545454545454,0.0,0.005734791173566461,0.7,0.8,0.0024206019864442736,0.0033841390650394118,0.0012248860717869303
test,scn2_mass_damping_mismatch_env23002,mass_damping_mismatch,constant_alpha,2,1344,,wm,0.9727272727272729,0.0,0.005734791173566461,0.7,0.8,0.0024206019864442736,0.0033841390650394118,0.00116090108465441
test,scn3_actuator_delay_noise_env23002,actuator_delay_noise,constant_alpha,3,6,,physics_persistence,0.990909090909091,1.0,0.0,0.5,0.5,1.9574056596166423,1.9672669105250251,0.009709302423699606
test,scn3_actuator_delay_noise_env23002,actuator_delay_noise,constant_alpha,3,6,,wm,0.9818181818181818,1.0,0.0,0.5,0.5,1.9574056596166423,1.9672669105250251,0.009217762690982845
test,scn3_actuator_delay_noise_env23002,actuator_delay_noise,constant_alpha,3,647,,physics_persistence,0.9727272727272729,1.0,0.0,0.6,0.6,0.059724215531157386,0.06822603205649899,0.008906109637789351
test,scn3_actuator_delay_noise_env23002,actuator_delay_noise,constant_alpha,3,647,,wm,0.9727272727272729,1.0,0.0,0.6,0.6,0.059724215531157386,0.06822603205649899,0.008907985528213605
test,scn3_actuator_delay_noise_env23002,actuator_delay_noise,constant_alpha,3,1184,,physics_persistence,0.9636363636363637,0.0,4.278775245362208e-05,0.6,0.7,0.004216396781531842,0.006630628308345202,0.002681030640398454
test,scn3_actuator_delay_noise_env23002,actuator_delay_noise,constant_alpha,3,1184,,wm,0.9636363636363637,0.0,4.278775245362208e-05,0.6,0.7,0.004216396781531842,0.006630628308345202,0.002677015498705718
test,scn3_actuator_delay_noise_env23002,actuator_delay_noise,constant_alpha,3,1721,,physics_persistence,1.0,1.0,0.0,0.9,0.9,0.2803020901511497,0.3192258746773291,0.03962074569999535
test,scn3_actuator_delay_noise_env23002,actuator_delay_noise,constant_alpha,3,1721,,wm,0.990909090909091,0.0,0.003048777603218845,0.9,1.0,0.2803020901511497,0.3192258746773291,0.041003480647733015
test,scn2_mass_damping_mismatch_env23002,mass_damping_mismatch,transformer,2,8,,physics_persistence,0.990909090909091,0.0,6.829348497048912e-05,1.0,0.9,1.7944460133277607,1.8248389731584347,0.027803538727719346
test,scn2_mass_damping_mismatch_env23002,mass_damping_mismatch,transformer,2,8,,wm,0.990909090909091,0.0,6.829348497048912e-05,1.0,0.9,1.7944460133277607,1.8248389731584347,0.028197870744180564
test,scn2_mass_damping_mismatch_env23002,mass_damping_mismatch,transformer,2,605,,physics_persistence,1.0,1.0,0.0,1.0,1.0,0.006329960238313554,0.008274718955709503,0.0020696506010442943
test,scn2_mass_damping_mismatch_env23002,mass_damping_mismatch,transformer,2,605,,wm,1.0,1.0,0.0,1.0,1.0,0.006329960238313554,0.008274718955709503,0.0021742244626074885
test,scn2_mass_damping_mismatch_env23002,mass_damping_mismatch,transformer,2,1159,,physics_persistence,1.0,1.0,0.0,1.0,1.0,0.00510340593766859,0.0065593298633069815,0.0016061398221881287
test,scn2_mass_damping_mismatch_env23002,mass_damping_mismatch,transformer,2,1159,,wm,1.0,1.0,0.0,1.0,1.0,0.00510340593766859,0.0065593298633069815,0.0013146630451322684
test,scn2_mass_damping_mismatch_env23002,mass_damping_mismatch,transformer,2,1711,,physics_persistence,1.0,1.0,0.0,1.0,1.0,0.0006139233708095773,0.0018349967952206805,0.0012149313054080904
test,scn2_mass_damping_mismatch_env23002,mass_damping_mismatch,transformer,2,1711,,wm,1.0,1.0,0.0,1.0,1.0,0.0006139233708095773,0.0018349967952206805,0.0012460844630720605
test,scn3_actuator_delay_noise_env23002,actuator_delay_noise,constant_alpha,3,2,,physics_persistence,0.9818181818181818,1.0,0.0,0.4,0.4,1.6113578420670298,1.6196550345203116,0.009013268465686508
test,scn3_actuator_delay_noise_env23002,actuator_delay_noise,constant_alpha,3,2,,wm,0.9818181818181818,1.0,0.0,0.4,0.4,1.6113578420670298,1.6196550345203116,0.008544654449907041
test,scn3_actuator_delay_noise_env23002,actuator_delay_noise,constant_alpha,3,1134,,physics_persistence,0.990909090909091,1.0,0.0,0.6,0.6,0.05495943253160264,0.06180229600403455,0.007469429161343764
test,scn3_actuator_delay_noise_env23002,actuator_delay_noise,constant_alpha,3,1134,,wm,0.990909090909091,1.0,0.0,0.6,0.6,0.05495943253160264,0.06180229600403455,0.0075806922022378515
test,scn3_actuator_delay_noise_env23002,actuator_delay_noise,constant_alpha,3,178,,physics_persistence,1.0,1.0,0.0,0.0,0.0,0.3265319279335787,0.35905641826817913,0.03345375217131441
test,scn3_actuator_delay_noise_env23002,actuator_delay_noise,constant_alpha,3,178,,wm,1.0,1.0,0.0,0.0,0.0,0.3265319279335787,0.35905641826817913,0.03382842643365047
test,scn3_actuator_delay_noise_env23002,actuator_delay_noise,constant_alpha,3,1329,,physics_persistence,1.0,1.0,0.0,1.0,1.0,1.1468462272619702,1.1757520578628433,0.03079543558637865
test,scn3_actuator_delay_noise_env23002,actuator_delay_noise,constant_alpha,3,1329,,wm,1.0,1.0,0.0,1.0,1.0,1.1468462272619702,1.1757520578628433,0.03418913280046221
test,scn1_structured_env23003,structured,constant_alpha,1,104,,physics_persistence,1.0,1.0,0.0,1.0,1.0,2.02681340936736,2.1163353783941514,0.08968559027378031
test,scn1_structured_env23003,structured,constant_alpha,1,104,,wm,1.0,1.0,0.0,1.0,1.0,2.02681340936736,2.1163353783941514,0.09028403769494142
test,scn1_structured_env23003,structured,constant_alpha,1,651,,physics_persistence,1.0,1.0,0.0,1.0,1.0,0.11092168809566245,0.12857965624253087,0.018702665609551375
test,scn1_structured_env23003,structured,constant_alpha,1,651,,wm,1.0,1.0,0.0,1.0,1.0,0.11092168809566245,0.12857965624253087,0.01914575915185751
test,scn1_structured_env23003,structured,constant_alpha,1,1189,,physics_persistence,0.9818181818181818,0.0,5.5074062559322877e-05,0.2,0.1,0.23725020908214742,0.24951499409129868,0.01438446354093667
test,scn1_structured_env23003,structured,constant_alpha,1,1189,,wm,0.990909090909091,1.0,0.0,0.2,0.2,0.23725020908214742,0.24951499409129868,0.011707471829665389
test,scn1_structured_env23003,structured,constant_alpha,1,1724,,physics_persistence,1.0,1.0,0.0,0.9,0.9,0.1320241569972646,0.14890126394201506,0.016243360773755045
test,scn1_structured_env23003,structured,constant_alpha,1,1724,,wm,0.990909090909091,1.0,0.0,0.9,0.9,0.1320241569972646,0.14890126394201506,0.016579875804556
test,scn3_actuator_delay_noise_env23002,actuator_delay_noise,transformer,3,13,,physics_persistence,1.0,1.0,0.0,0.6,0.6,2.4043147831662486,2.4148155399591906,0.00996169182474338
test,scn3_actuator_delay_noise_env23002,actuator_delay_noise,transformer,3,13,,wm,0.990909090909091,1.0,0.0,0.6,0.6,2.4043147831662486,2.4148155399591906,0.00861097766147223
test,scn3_actuator_delay_noise_env23002,actuator_delay_noise,transformer,3,634,,physics_persistence,1.0,1.0,0.0,1.0,1.0,0.9854747420415944,0.999917111369947,0.014630340069727854
test,scn3_actuator_delay_noise_env23002,actuator_delay_noise,transformer,3,634,,wm,1.0,1.0,0.0,1.0,1.0,0.9854747420415944,0.999917111369947,0.015346253940430321
test,scn3_actuator_delay_noise_env23002,actuator_delay_noise,transformer,3,1141,,physics_persistence,0.990909090909091,0.0,0.004185109101595231,0.2,0.3,0.09320981853265146,0.09920326572505327,0.005816153929171092
test,scn3_actuator_delay_noise_env23002,actuator_delay_noise,transformer,3,1141,,wm,1.0,1.0,0.0,0.2,0.2,0.09320981853265146,0.09920326572505327,0.006018587648639509
test,scn3_actuator_delay_noise_env23002,actuator_delay_noise,transformer,3,1697,,physics_persistence,1.0,1.0,0.0,1.0,1.0,0.27557267978150374,0.30460453414086947,0.02957122532596068
test,scn3_actuator_delay_noise_env23002,actuator_delay_noise,transformer,3,1697,,wm,1.0,1.0,0.0,1.0,1.0,0.27557267978150374,0.30460453414086947,0.029985502247600992
test,scn1_structured_env23003,structured,constant_alpha,1,1,,physics_persistence,1.0,1.0,0.0,0.0,0.0,1.3422338570067995,1.3739862065936164,0.03127507616949954
test,scn1_structured_env23003,structured,constant_alpha,1,1,,wm,1.0,1.0,0.0,0.0,0.0,1.3422338570067995,1.3739862065936164,0.032209514494654146
test,scn1_structured_env23003,structured,constant_alpha,1,1184,,physics_persistence,1.0,1.0,0.0,0.0,0.0,0.07797931788035642,0.08599344420384117,0.0068149082881789474
test,scn1_structured_env23003,structured,constant_alpha,1,1184,,wm,1.0,1.0,0.0,0.0,0.0,0.07797931788035642,0.08599344420384117,0.006932958863149624
test,scn1_structured_env23003,structured,constant_alpha,1,253,,physics_persistence,1.0,1.0,0.0,1.0,1.0,0.013204884625801258,0.016880997986457928,0.003733213585391644
test,scn1_structured_env23003,structured,constant_alpha,1,253,,wm,1.0,1.0,0.0,1.0,1.0,0.013204884625801258,0.016880997986457928,0.0038070216517464093
test,scn1_structured_env23003,structured,constant_alpha,1,1349,,physics_persistence,1.0,1.0,0.0,1.0,1.0,0.0032299226227589673,0.00669184297358914,0.0035378729003207213
test,scn1_structured_env23003,structured,constant_alpha,1,1349,,wm,1.0,1.0,0.0,1.0,1.0,0.0032299226227589673,0.00669184297358914,0.0036029739346326614
test,scn2_structured_env23003,structured,constant_alpha,2,7,,physics_persistence,0.9727272727272729,1.0,0.0,0.6,0.6,1.4871103931404916,1.5013348964917381,0.012192351646933552
test,scn2_structured_env23003,structured,constant_alpha,2,7,,wm,0.9727272727272729,1.0,0.0,0.6,0.6,1.4871103931404916,1.5013348964917381,0.012264616627806202
test,scn2_structured_env23003,structured,constant_alpha,2,1167,,physics_persistence,1.0,1.0,0.0,1.0,1.0,0.013668482959017963,0.014039469418081034,0.0003823717481387257
test,scn2_structured_env23003,structured,constant_alpha,2,1167,,wm,1.0,1.0,0.0,1.0,1.0,0.013668482959017963,0.014039469418081034,0.000578845929680695
test,scn2_structured_env23003,structured,constant_alpha,2,245,,physics_persistence,1.0,1.0,0.0,0.8,0.8,1.04638004810786,1.0796798564461658,0.03295630564296448
test,scn2_structured_env23003,structured,constant_alpha,2,245,,wm,1.0,1.0,0.0,0.8,0.8,1.04638004810786,1.0796798564461658,0.03437234776125209
test,scn2_structured_env23003,structured,constant_alpha,2,1343,,physics_persistence,1.0,1.0,0.0,0.9,0.9,0.5053871015277268,0.5632730373061435,0.05990348415381974
test,scn2_structured_env23003,structured,constant_alpha,2,1343,,wm,1.0,1.0,0.0,0.9,0.9,0.5053871015277268,0.5632730373061435,0.05953125843963458
test,scn1_structured_env23003,structured,transformer,1,7,,physics_persistence,1.0,1.0,0.0,0.3,0.3,1.4721920971503488,1.4850238483965579,0.012184282607790031
test,scn1_structured_env23003,structured,transformer,1,7,,wm,1.0,1.0,0.0,0.3,0.3,1.4721920971503488,1.4850238483965579,0.012996012530868795
test,scn1_structured_env23003,structured,transformer,1,636,,physics_persistence,0.9818181818181818,0.0,0.005686391176726403,0.9,0.8,0.0006297116945577179,0.0012235857614050559,0.0005492631905837304
test,scn1_structured_env23003,structured,transformer,1,636,,wm,1.0,1.0,0.0,0.9,0.9,0.0006297116945577179,0.0012235857614050559,0.000649462459800269
test,scn1_structured_env23003,structured,transformer,1,1177,,physics_persistence,1.0,1.0,0.0,0.0,0.0,0.10760263925736133,0.11556608587833381,0.007200768384185832
test,scn1_structured_env23003,structured,transformer,1,1177,,wm,1.0,1.0,0.0,0.0,0.0,0.10760263925736133,0.11556608587833381,0.006087739210467263
test,scn1_structured_env23003,structured,transformer,1,1720,,physics_persistence,1.0,1.0,0.0,1.0,1.0,0.002235333117136774,0.0038187232013127534,0.00161370898852873
test,scn1_structured_env23003,structured,transformer,1,1720,,wm,1.0,1.0,0.0,1.0,1.0,0.002235333117136774,0.0038187232013127534,0.0016885287065031224
test,scn2_structured_env23003,structured,constant_alpha,2,109,,physics_persistence,1.0,1.0,0.0,1.0,1.0,2.854464824471834,2.973449739922761,0.10762369321467213
test,scn2_structured_env23003,structured,constant_alpha,2,109,,wm,1.0,1.0,0.0,1.0,1.0,2.854464824471834,2.973449739922761,0.10942582466181605
test,scn2_structured_env23003,structured,constant_alpha,2,648,,physics_persistence,1.0,1.0,0.0,0.8,0.8,0.002818603875481912,0.0032065272949326306,0.000297223455230445
test,scn2_structured_env23003,structured,constant_alpha,2,648,,wm,1.0,1.0,0.0,0.8,0.8,0.002818603875481912,0.0032065272949326306,0.0003368937965797401
test,scn2_structured_env23003,structured,constant_alpha,2,1184,,physics_persistence,1.0,1.0,0.0,1.0,1.0,0.007415811966713689,0.007871194508759817,0.0006317547727091345
test,scn2_structured_env23003,structured,constant_alpha,2,1184,,wm,1.0,1.0,0.0,1.0,1.0,0.007415811966713689,0.007871194508759817,0.0007303732240391408
test,scn2_structured_env23003,structured,constant_alpha,2,1719,,physics_persistence,1.0,1.0,0.0,1.0,1.0,0.0020464443638303852,0.003653531709092303,0.001509250577816527
test,scn2_structured_env23003,structured,constant_alpha,2,1719,,wm,1.0,1.0,0.0,1.0,1.0,0.0020464443638303852,0.003653531709092303,0.0015331898830466518
test,scn3_structured_env23003,structured,constant_alpha,3,5,,physics_persistence,1.0,1.0,0.0,0.1,0.1,1.4276133564732543,1.4472782314806412,0.0185033806295678
test,scn3_structured_env23003,structured,constant_alpha,3,5,,wm,1.0,1.0,0.0,0.1,0.1,1.4276133564732543,1.4472782314806412,0.01888134903137395
test,scn3_structured_env23003,structured,constant_alpha,3,645,,physics_persistence,1.0,1.0,0.0,1.0,1.0,0.10732482016032353,0.12397821026867961,0.016686805307894195
test,scn3_structured_env23003,structured,constant_alpha,3,645,,wm,1.0,1.0,0.0,1.0,1.0,0.10732482016032353,0.12397821026867961,0.01663084337275461
test,scn3_structured_env23003,structured,constant_alpha,3,1186,,physics_persistence,1.0,1.0,0.0,1.0,1.0,0.04705410786173391,0.05251656218850049,0.005458342991661293
test,scn3_structured_env23003,structured,constant_alpha,3,1186,,wm,1.0,1.0,0.0,1.0,1.0,0.04705410786173391,0.05251656218850049,0.005251537325736223
test,scn3_structured_env23003,structured,constant_alpha,3,1724,,physics_persistence,1.0,1.0,0.0,1.0,1.0,0.2403694099820141,0.2665208362926808,0.024649396041249855
test,scn3_structured_env23003,structured,constant_alpha,3,1724,,wm,1.0,1.0,0.0,1.0,1.0,0.2403694099820141,0.2665208362926808,0.02552012791351138
test,scn2_structured_env23003,structured,transformer,2,118,,physics_persistence,1.0,1.0,0.0,0.0,0.0,2.8044178343207125,2.8348488680280877,0.034035003394413454
test,scn2_structured_env23003,structured,transformer,2,118,,wm,1.0,1.0,0.0,0.0,0.0,2.8044178343207125,2.8348488680280877,0.033064132682003144
test,scn2_structured_env23003,structured,transformer,2,646,,physics_persistence,0.8727272727272729,1.0,0.0,0.5,0.5,0.0018875133494318343,0.00209850370710615,0.00016894559637813697
test,scn2_structured_env23003,structured,transformer,2,646,,wm,0.8181818181818182,0.0,0.0642076583366144,0.5,0.6,0.0018875133494318343,0.00209850370710615,0.00020819519798165537
test,scn2_structured_env23003,structured,transformer,2,1181,,physics_persistence,1.0,1.0,0.0,1.0,1.0,0.008914650859172356,0.009755213952912059,0.0010547006439612788
test,scn2_structured_env23003,structured,transformer,2,1181,,wm,1.0,1.0,0.0,1.0,1.0,0.008914650859172356,0.009755213952912059,0.0011709046680972932
test,scn2_structured_env23003,structured,transformer,2,1709,,physics_persistence,1.0,1.0,0.0,1.0,1.0,0.002248227298243697,0.0036982594048529036,0.0014093205666117978
test,scn2_structured_env23003,structured,transformer,2,1709,,wm,1.0,1.0,0.0,1.0,1.0,0.002248227298243697,0.0036982594048529036,0.0014236064896969917
test,scn3_structured_env23003,structured,constant_alpha,3,1,,physics_persistence,1.0,1.0,0.0,0.0,0.0,1.3422338570067995,1.3739862065936164,0.03127507616949954
test,scn3_structured_env23003,structured,constant_alpha,3,1,,wm,1.0,1.0,0.0,0.0,0.0,1.3422338570067995,1.3739862065936164,0.03184251184911879
test,scn3_structured_env23003,structured,constant_alpha,3,1741,,physics_persistence,1.0,1.0,0.0,1.0,1.0,0.007157337673655443,0.013364774176127033,0.006340033550588969
test,scn3_structured_env23003,structured,constant_alpha,3,1741,,wm,1.0,1.0,0.0,1.0,1.0,0.007157337673655443,0.013364774176127033,0.006453792168185416
test,scn3_structured_env23003,structured,constant_alpha,3,1370,,physics_persistence,1.0,1.0,0.0,1.0,1.0,0.0012105863029719204,0.002976797039935747,0.0016861099328308482
test,scn3_structured_env23003,structured,constant_alpha,3,1370,,wm,1.0,1.0,0.0,1.0,1.0,0.0012105863029719204,0.002976797039935747,0.0017242370197630202
test,scn3_structured_env23003,structured,transformer,3,974,,physics_persistence,0.990909090909091,1.0,0.0,0.3,0.3,0.012145101861169518,0.01240171965392303,0.0002059915704635748
test,scn3_structured_env23003,structured,transformer,3,974,,wm,0.7818181818181819,0.0,0.1500556624121033,0.3,0.0,0.012145101861169518,0.01240171965392303,0.0002489704637542653
test,scn2_ou_current_env23003,ou_current,constant_alpha,2,8,,physics_persistence,0.990909090909091,0.0,0.015348829113417941,0.0,0.1,1.5713671996577934,1.5898462916722704,0.01627136134331053
test,scn2_ou_current_env23003,ou_current,constant_alpha,2,8,,wm,1.0,1.0,0.0,0.0,0.0,1.5713671996577934,1.5898462916722704,0.017564449749320366
test,scn2_ou_current_env23003,ou_current,constant_alpha,2,1726,,physics_persistence,1.0,1.0,0.0,1.0,1.0,0.17025780894162454,0.20257571976048197,0.01914885614770337
test,scn2_ou_current_env23003,ou_current,constant_alpha,2,1726,,wm,1.0,1.0,0.0,1.0,1.0,0.17025780894162454,0.20257571976048197,0.019641804943386187
test,scn2_ou_current_env23003,ou_current,constant_alpha,2,1354,,physics_persistence,1.0,1.0,0.0,1.0,1.0,0.007412852127975513,0.016881826694196085,0.008367500968012285
test,scn2_ou_current_env23003,ou_current,constant_alpha,2,1354,,wm,1.0,1.0,0.0,1.0,1.0,0.007412852127975513,0.016881826694196085,0.008959843820128516
test,scn2_ou_current_env23003,ou_current,constant_alpha,2,987,,physics_persistence,1.0,1.0,0.0,1.0,1.0,0.0007609013958579503,0.0010145528527698972,0.00015173860258404722
test,scn2_ou_current_env23003,ou_current,constant_alpha,2,987,,wm,-0.3272727272727273,0.0,0.37981245345270614,1.0,0.5,0.0007609013958579503,0.0010145528527698972,5.251815986932957e-05
test,scn2_colored_noise_env23003,colored_noise,constant_alpha,2,81,,physics_persistence,1.0,1.0,0.0,1.0,1.0,1.6143794592715202,1.7832784428431774,0.1749394659631187
test,scn2_colored_noise_env23003,colored_noise,constant_alpha,2,81,,wm,1.0,1.0,0.0,1.0,1.0,1.6143794592715202,1.7832784428431774,0.17474078106294422
test,scn2_colored_noise_env23003,colored_noise,constant_alpha,2,641,,physics_persistence,0.990909090909091,1.0,0.0,0.9,0.9,0.17759774263934452,0.1943493473987706,0.02057971225460456
test,scn2_colored_noise_env23003,colored_noise,constant_alpha,2,641,,wm,0.9727272727272729,0.0,0.010886562698275632,0.9,1.0,0.17759774263934452,0.1943493473987706,0.022853630488508803
test,scn2_colored_noise_env23003,colored_noise,constant_alpha,2,1181,,physics_persistence,1.0,1.0,0.0,1.0,1.0,0.0732534374744192,0.08382151347165542,0.012199336829286297
test,scn2_colored_noise_env23003,colored_noise,constant_alpha,2,1181,,wm,1.0,1.0,0.0,1.0,1.0,0.0732534374744192,0.08382151347165542,0.012370512347292681
test,scn2_colored_noise_env23003,colored_noise,constant_alpha,2,1720,,physics_persistence,0.990909090909091,1.0,0.0,0.8,0.8,0.2677416133581224,0.29612935679381797,0.024649761711632856
test,scn2_colored_noise_env23003,colored_noise,constant_alpha,2,1720,,wm,0.990909090909091,1.0,0.0,0.8,0.8,0.2677416133581224,0.29612935679381797,0.025259451035456182
test,scn2_ou_current_env23003,ou_current,transformer,2,92,,physics_persistence,1.0,1.0,0.0,1.0,1.0,1.9743855866938624,2.218425258361712,0.2418779003005891
test,scn2_ou_current_env23003,ou_current,transformer,2,92,,wm,1.0,1.0,0.0,1.0,1.0,1.9743855866938624,2.218425258361712,0.24332998227445257
test,scn2_ou_current_env23003,ou_current,transformer,2,642,,physics_persistence,0.990909090909091,0.0,0.006733766190175673,1.0,0.9,0.0007372713786886025,0.0019049907997633617,0.000860091916575293
test,scn2_ou_current_env23003,ou_current,transformer,2,642,,wm,0.990909090909091,0.0,0.006733766190175673,1.0,0.9,0.0007372713786886025,0.0019049907997633617,0.0009276109138775818
test,scn2_ou_current_env23003,ou_current,transformer,2,1182,,physics_persistence,-0.990909090909091,0.0,0.8183967102824891,0.0,0.9,0.004370266387141492,0.0069710886324797295,0.0003468229752167152
test,scn2_ou_current_env23003,ou_current,transformer,2,1182,,wm,-1.0,0.0,1.0,0.0,1.0,0.004370266387141492,0.0069710886324797295,0.000456582817005711
test,scn2_ou_current_env23003,ou_current,transformer,2,1721,,physics_persistence,1.0,1.0,0.0,1.0,1.0,0.001927048104797767,0.004190688059226919,0.001797202335382552
test,scn2_ou_current_env23003,ou_current,transformer,2,1721,,wm,1.0,1.0,0.0,1.0,1.0,0.001927048104797767,0.004190688059226919,0.0018289789158474627
test,scn2_colored_noise_env23003,colored_noise,constant_alpha,2,60,,physics_persistence,0.4272727272727273,0.0,0.12502243303045305,0.7,0.5,1.2724891605514261,1.3101503345404573,0.02136002691545591
test,scn2_colored_noise_env23003,colored_noise,constant_alpha,2,60,,wm,0.4272727272727273,0.0,0.12502243303045305,0.7,0.5,1.2724891605514261,1.3101503345404573,0.021330487163487177
test,scn2_colored_noise_env23003,colored_noise,constant_alpha,2,1177,,physics_persistence,1.0,1.0,0.0,1.0,1.0,0.003416098902618147,0.00409705871746173,0.0004171449118062923
test,scn2_colored_noise_env23003,colored_noise,constant_alpha,2,1177,,wm,1.0,1.0,0.0,1.0,1.0,0.003416098902618147,0.00409705871746173,0.00047537828309503465
test,scn2_colored_noise_env23003,colored_noise,constant_alpha,2,228,,physics_persistence,1.0,1.0,0.0,1.0,1.0,0.06648068718697017,0.07450662624918865,0.00825473209863116
test,scn2_colored_noise_env23003,colored_noise,constant_alpha,2,228,,wm,1.0,1.0,0.0,1.0,1.0,0.06648068718697017,0.07450662624918865,0.008696208603156896
test,scn2_colored_noise_env23003,colored_noise,constant_alpha,2,1339,,physics_persistence,1.0,1.0,0.0,1.0,1.0,0.008755688087949987,0.01646898285265259,0.008256874485891562
test,scn2_colored_noise_env23003,colored_noise,constant_alpha,2,1339,,wm,1.0,1.0,0.0,1.0,1.0,0.008755688087949987,0.01646898285265259,0.009099331219071905
test,scn2_random_freq_amp_env23003,random_freq_amp,constant_alpha,2,4,,physics_persistence,0.9181818181818183,0.0,0.005795761701849513,0.7,0.6,1.3962899689079058,1.4061531822517477,0.0074937192387574125
test,scn2_random_freq_amp_env23003,random_freq_amp,constant_alpha,2,4,,wm,0.9181818181818183,0.0,0.005795761701849513,0.7,0.6,1.3962899689079058,1.4061531822517477,0.007529982112959077
test,scn2_random_freq_amp_env23003,random_freq_amp,constant_alpha,2,648,,physics_persistence,1.0,1.0,0.0,1.0,1.0,6.024444663594434,6.060946547821109,0.03592863460145779
test,scn2_random_freq_amp_env23003,random_freq_amp,constant_alpha,2,648,,wm,1.0,1.0,0.0,1.0,1.0,6.024444663594434,6.060946547821109,0.03541285184103149
test,scn2_random_freq_amp_env23003,random_freq_amp,constant_alpha,2,1186,,physics_persistence,1.0,1.0,0.0,0.0,0.0,0.08561734888087963,0.08885183668953056,0.0019675885445953473
test,scn2_random_freq_amp_env23003,random_freq_amp,constant_alpha,2,1186,,wm,-0.990909090909091,0.0,0.8336896209832247,0.0,0.9,0.08561734888087963,0.08885183668953056,0.0017024873764290849
test,scn2_random_freq_amp_env23003,random_freq_amp,constant_alpha,2,1722,,physics_persistence,1.0,1.0,0.0,1.0,1.0,0.07523709688078681,0.08612003899010828,0.012197447109802528
test,scn2_random_freq_amp_env23003,random_freq_amp,constant_alpha,2,1722,,wm,1.0,1.0,0.0,1.0,1.0,0.07523709688078681,0.08612003899010828,0.012380380823881265
test,scn2_colored_noise_env23003,colored_noise,transformer,2,59,,physics_persistence,0.6000000000000001,0.0,0.056206442586086654,0.6,0.5,1.2844193776695771,1.3120044770450907,0.027434269513713305
test,scn2_colored_noise_env23003,colored_noise,transformer,2,59,,wm,0.4909090909090909,0.0,0.056206442586086654,0.6,0.5,1.2844193776695771,1.3120044770450907,0.02794109445289905
test,scn2_colored_noise_env23003,colored_noise,transformer,2,618,,physics_persistence,-0.7727272727272727,0.0,0.7284372972106075,0.3,0.9,0.002058317667968942,0.003151229934606418,0.0005156372300770581
test,scn2_colored_noise_env23003,colored_noise,transformer,2,618,,wm,-0.790909090909091,0.0,0.7284372972106075,0.3,0.9,0.002058317667968942,0.003151229934606418,0.0006004129760200838
test,scn2_colored_noise_env23003,colored_noise,transformer,2,1166,,physics_persistence,1.0,1.0,0.0,1.0,1.0,0.0032212471876850697,0.004312098396845142,0.00044103097359494666
test,scn2_colored_noise_env23003,colored_noise,transformer,2,1166,,wm,1.0,1.0,0.0,1.0,1.0,0.0032212471876850697,0.004312098396845142,0.000687544797112017
test,scn2_colored_noise_env23003,colored_noise,transformer,2,1714,,physics_persistence,1.0,1.0,0.0,1.0,1.0,0.05478495434758291,0.05826719985117125,0.0051927396398001036
test,scn2_colored_noise_env23003,colored_noise,transformer,2,1714,,wm,1.0,1.0,0.0,1.0,1.0,0.05478495434758291,0.05826719985117125,0.0052049458994723186
test,scn2_random_freq_amp_env23003,random_freq_amp,constant_alpha,2,39,,physics_persistence,1.0,1.0,0.0,0.0,0.0,1.8704662983052402,1.9625341990093337,0.09892347457043482
test,scn2_random_freq_amp_env23003,random_freq_amp,constant_alpha,2,39,,wm,1.0,1.0,0.0,0.0,0.0,1.8704662983052402,1.9625341990093337,0.09900003638763066
test,scn2_random_freq_amp_env23003,random_freq_amp,constant_alpha,2,1156,,physics_persistence,1.0,1.0,0.0,1.0,1.0,0.005240356000413272,0.006548287052329117,0.0011703284397726471
test,scn2_random_freq_amp_env23003,random_freq_amp,constant_alpha,2,1156,,wm,1.0,1.0,0.0,1.0,1.0,0.005240356000413272,0.006548287052329117,0.001542903586225333
test,scn2_random_freq_amp_env23003,random_freq_amp,constant_alpha,2,180,,physics_persistence,1.0,1.0,0.0,0.0,0.0,0.19723392499618875,0.20876468075676066,0.010789646989148471
test,scn2_random_freq_amp_env23003,random_freq_amp,constant_alpha,2,180,,wm,1.0,1.0,0.0,0.0,0.0,0.19723392499618875,0.20876468075676066,0.010951263456050686
test,scn2_random_freq_amp_env23003,random_freq_amp,constant_alpha,2,1335,,physics_persistence,1.0,1.0,0.0,1.0,1.0,0.0011638905281955816,0.0038488390867888493,0.002716439829915647
test,scn2_random_freq_amp_env23003,random_freq_amp,constant_alpha,2,1335,,wm,1.0,1.0,0.0,1.0,1.0,0.0011638905281955816,0.0038488390867888493,0.002717972656977506
test,scn2_mass_damping_mismatch_env23003,mass_damping_mismatch,constant_alpha,2,63,,physics_persistence,1.0,1.0,0.0,0.9,0.9,1.9082397366949453,1.997114518449896,0.08105922933170984
test,scn2_mass_damping_mismatch_env23003,mass_damping_mismatch,constant_alpha,2,63,,wm,0.990909090909091,1.0,0.0,0.9,0.9,1.9082397366949453,1.997114518449896,0.08131423521916847
test,scn2_mass_damping_mismatch_env23003,mass_damping_mismatch,constant_alpha,2,649,,physics_persistence,0.9818181818181818,0.0,0.0006063410536877539,0.7,0.8,0.2614032083323652,0.2799099465568517,0.0198109872211209
test,scn2_mass_damping_mismatch_env23003,mass_damping_mismatch,constant_alpha,2,649,,wm,0.9636363636363637,0.0,0.0006063410536877539,0.7,0.8,0.2614032083323652,0.2799099465568517,0.02090772122479767
test,scn2_mass_damping_mismatch_env23003,mass_damping_mismatch,constant_alpha,2,1186,,physics_persistence,0.9272727272727275,0.0,0.017309165972175054,0.6,0.8,0.11472081162955497,0.12267390155751837,0.009277445376100368
test,scn2_mass_damping_mismatch_env23003,mass_damping_mismatch,constant_alpha,2,1186,,wm,0.990909090909091,0.0,4.0792812054900745e-05,0.6,0.7,0.11472081162955497,0.12267390155751837,0.008359692567962068
test,scn2_mass_damping_mismatch_env23003,mass_damping_mismatch,constant_alpha,2,1724,,physics_persistence,1.0,1.0,0.0,0.8,0.8,0.6188631689696091,0.6626641792216967,0.04330577002031122
test,scn2_mass_damping_mismatch_env23003,mass_damping_mismatch,constant_alpha,2,1724,,wm,1.0,1.0,0.0,0.8,0.8,0.6188631689696091,0.6626641792216967,0.044330212744733255
test,scn2_random_freq_amp_env23003,random_freq_amp,transformer,2,22,,physics_persistence,1.0,1.0,0.0,0.2,0.2,1.8253453237955768,1.8556215144293233,0.029300458780720406
test,scn2_random_freq_amp_env23003,random_freq_amp,transformer,2,22,,wm,1.0,1.0,0.0,0.2,0.2,1.8253453237955768,1.8556215144293233,0.029233797850978682
test,scn2_random_freq_amp_env23003,random_freq_amp,transformer,2,622,,physics_persistence,1.0,1.0,0.0,0.8,0.8,5.478778773938863,5.511893834155138,0.03261130316070204
test,scn2_random_freq_amp_env23003,random_freq_amp,transformer,2,622,,wm,0.9181818181818183,0.0,0.023790304247625342,0.8,1.0,5.478778773938863,5.511893834155138,0.03198568081968478
test,scn2_random_freq_amp_env23003,random_freq_amp,transformer,2,1171,,physics_persistence,1.0,1.0,0.0,1.0,1.0,0.0050476522283001545,0.005553135880824659,0.0009404311690636522
test,scn2_random_freq_amp_env23003,random_freq_amp,transformer,2,1171,,wm,1.0,1.0,0.0,1.0,1.0,0.0050476522283001545,0.005553135880824659,0.00126389741359321
test,scn2_random_freq_amp_env23003,random_freq_amp,transformer,2,1717,,physics_persistence,1.0,1.0,0.0,0.7,0.7,0.0021268343180888666,0.002605575470481908,0.00047398017429879256
test,scn2_random_freq_amp_env23003,random_freq_amp,transformer,2,1717,,wm,0.5454545454545455,0.0,0.04105340363877511,0.7,0.6,0.0021268343180888666,0.002605575470481908,0.00031669135424006916
test,scn2_mass_damping_mismatch_env23003,mass_damping_mismatch,constant_alpha,2,63,,physics_persistence,1.0,1.0,0.0,0.9,0.9,1.9082397366949453,1.997114518449896,0.08105922933170984
test,scn2_mass_damping_mismatch_env23003,mass_damping_mismatch,constant_alpha,2,63,,wm,0.990909090909091,1.0,0.0,0.9,0.9,1.9082397366949453,1.997114518449896,0.08131423521916847
test,scn2_mass_damping_mismatch_env23003,mass_damping_mismatch,constant_alpha,2,1725,,physics_persistence,1.0,1.0,0.0,1.0,1.0,0.005826136974552232,0.0120890021435235,0.006191656081509594
test,scn2_mass_damping_mismatch_env23003,mass_damping_mismatch,constant_alpha,2,1725,,wm,1.0,1.0,0.0,1.0,1.0,0.005826136974552232,0.0120890021435235,0.006355373822910034
test,scn2_mass_damping_mismatch_env23003,mass_damping_mismatch,constant_alpha,2,1346,,physics_persistence,1.0,1.0,0.0,0.9,0.9,0.0005989332728493936,0.002381033359834529,0.0017514945426441528
test,scn2_mass_damping_mismatch_env23003,mass_damping_mismatch,constant_alpha,2,1346,,wm,1.0,1.0,0.0,0.9,0.9,0.0005989332728493936,0.002381033359834529,0.0017359911669351314
test,scn2_mass_damping_mismatch_env23003,mass_damping_mismatch,transformer,2,977,,physics_persistence,1.0,1.0,0.0,1.0,1.0,0.0010801721867312682,0.001532487187748465,0.00043978522564986516
test,scn2_mass_damping_mismatch_env23003,mass_damping_mismatch,transformer,2,977,,wm,1.0,1.0,0.0,1.0,1.0,0.0010801721867312682,0.001532487187748465,0.00045015235431590333
test,scn3_actuator_delay_noise_env23003,actuator_delay_noise,constant_alpha,3,9,,physics_persistence,1.0,1.0,0.0,0.0,0.0,1.8940822945411313,1.9209428609207218,0.025252321611514583
test,scn3_actuator_delay_noise_env23003,actuator_delay_noise,constant_alpha,3,9,,wm,1.0,1.0,0.0,0.0,0.0,1.8940822945411313,1.9209428609207218,0.026287980131177724
test,scn3_actuator_delay_noise_env23003,actuator_delay_noise,constant_alpha,3,1670,,physics_persistence,1.0,1.0,0.0,0.9,0.9,0.3273182466292328,0.34845635993933977,0.02185777802581179
test,scn3_actuator_delay_noise_env23003,actuator_delay_noise,constant_alpha,3,1670,,wm,1.0,1.0,0.0,0.9,0.9,0.3273182466292328,0.34845635993933977,0.022297455216710615
test,scn3_actuator_delay_noise_env23003,actuator_delay_noise,constant_alpha,3,1209,,physics_persistence,0.990909090909091,0.0,0.0016030714325482994,0.2,0.1,0.03376839397168368,0.04956904131220518,0.015925774792061594
test,scn3_actuator_delay_noise_env23003,actuator_delay_noise,constant_alpha,3,1209,,wm,1.0,1.0,0.0,0.2,0.2,0.03376839397168368,0.04956904131220518,0.015751727003191995
test,scn3_actuator_delay_noise_env23003,actuator_delay_noise,constant_alpha,3,894,,physics_persistence,1.0,1.0,0.0,0.6,0.6,0.3230938602330057,0.3391444716224101,0.017070134891033706
test,scn3_actuator_delay_noise_env23003,actuator_delay_noise,constant_alpha,3,894,,wm,1.0,1.0,0.0,0.6,0.6,0.3230938602330057,0.3391444716224101,0.016666107885792758
test,scn1_structured_env23004,structured,constant_alpha,1,9,,physics_persistence,1.0,1.0,0.0,1.0,1.0,1.6338555401413024,1.6647410927806994,0.030162899364976292
test,scn1_structured_env23004,structured,constant_alpha,1,9,,wm,1.0,1.0,0.0,1.0,1.0,1.6338555401413024,1.6647410927806994,0.029931452178856954
test,scn1_structured_env23004,structured,constant_alpha,1,638,,physics_persistence,0.990909090909091,0.0,0.0026472174533074084,0.9,1.0,0.10713078349135459,0.12067261169083353,0.014805959336833652
test,scn1_structured_env23004,structured,constant_alpha,1,638,,wm,0.990909090909091,0.0,0.0026472174533074084,0.9,1.0,0.10713078349135459,0.12067261169083353,0.014975126241864714
test,scn1_structured_env23004,structured,constant_alpha,1,1177,,physics_persistence,1.0,1.0,0.0,0.0,0.0,0.3043824987576242,0.3152736183836611,0.011187243508809841
test,scn1_structured_env23004,structured,constant_alpha,1,1177,,wm,1.0,1.0,0.0,0.0,0.0,0.3043824987576242,0.3152736183836611,0.0076148426102815026
test,scn1_structured_env23004,structured,constant_alpha,1,1719,,physics_persistence,0.990909090909091,0.0,0.0067397671453053,0.9,1.0,0.12628572889115064,0.1417599095404142,0.01689907218450573
test,scn1_structured_env23004,structured,constant_alpha,1,1719,,wm,0.990909090909091,0.0,0.0067397671453053,0.9,1.0,0.12628572889115064,0.1417599095404142,0.017410840004814465
test,scn3_actuator_delay_noise_env23003,actuator_delay_noise,transformer,3,8,,physics_persistence,1.0,1.0,0.0,0.0,0.0,1.8501867310968318,1.8800098817627644,0.029646776810062336
test,scn3_actuator_delay_noise_env23003,actuator_delay_noise,transformer,3,8,,wm,0.990909090909091,1.0,0.0,0.0,0.0,1.8501867310968318,1.8800098817627644,0.030487269454461563
test,scn3_actuator_delay_noise_env23003,actuator_delay_noise,transformer,3,677,,physics_persistence,1.0,1.0,0.0,1.0,1.0,0.6158745661291131,0.6615373754643543,0.04980282426995597
test,scn3_actuator_delay_noise_env23003,actuator_delay_noise,transformer,3,677,,wm,1.0,1.0,0.0,1.0,1.0,0.6158745661291131,0.6615373754643543,0.0497041073389588
test,scn3_actuator_delay_noise_env23003,actuator_delay_noise,transformer,3,1189,,physics_persistence,0.990909090909091,1.0,0.0,1.0,1.0,0.40270435820019806,0.5212774538652217,0.11772885892262352
test,scn3_actuator_delay_noise_env23003,actuator_delay_noise,transformer,3,1189,,wm,0.990909090909091,1.0,0.0,1.0,1.0,0.40270435820019806,0.5212774538652217,0.1170892386695041
test,scn3_actuator_delay_noise_env23003,actuator_delay_noise,transformer,3,1729,,physics_persistence,0.990909090909091,0.0,0.0010708885420970217,0.1,0.0,3.0648975370985743,3.1068008795867423,0.040933136748761534
test,scn3_actuator_delay_noise_env23003,actuator_delay_noise,transformer,3,1729,,wm,0.990909090909091,0.0,0.0010708885420970217,0.1,0.0,3.0648975370985743,3.1068008795867423,0.043266547118770315
test,scn1_structured_env23004,structured,constant_alpha,1,5,,physics_persistence,1.0,1.0,0.0,0.7,0.7,1.5299321238035661,1.5405626267118024,0.010810597272320699
test,scn1_structured_env23004,structured,constant_alpha,1,5,,wm,1.0,1.0,0.0,0.7,0.7,1.5299321238035661,1.5405626267118024,0.010802686473657452
test,scn1_structured_env23004,structured,constant_alpha,1,1143,,physics_persistence,1.0,1.0,0.0,0.0,0.0,0.18002233231442943,0.18556849873269857,0.0051993510678406685
test,scn1_structured_env23004,structured,constant_alpha,1,1143,,wm,1.0,1.0,0.0,0.0,0.0,0.18002233231442943,0.18556849873269857,0.005406277107149582
test,scn1_structured_env23004,structured,constant_alpha,1,231,,physics_persistence,1.0,1.0,0.0,1.0,1.0,0.025152488140906072,0.032995981932475826,0.00775746774778336
test,scn1_structured_env23004,structured,constant_alpha,1,231,,wm,1.0,1.0,0.0,1.0,1.0,0.025152488140906072,0.032995981932475826,0.00790436012650977
test,scn1_structured_env23004,structured,constant_alpha,1,1341,,physics_persistence,1.0,1.0,0.0,1.0,1.0,0.013730753546192033,0.024339683540495427,0.01080890700560223
test,scn1_structured_env23004,structured,constant_alpha,1,1341,,wm,1.0,1.0,0.0,1.0,1.0,0.013730753546192033,0.024339683540495427,0.010930209752785915
test,scn2_structured_env23004,structured,constant_alpha,2,2,,physics_persistence,0.990909090909091,1.0,0.0,0.4,0.4,1.4435452635086699,1.4531155491853172,0.009671671388271408
test,scn2_structured_env23004,structured,constant_alpha,2,2,,wm,0.990909090909091,1.0,0.0,0.4,0.4,1.4435452635086699,1.4531155491853172,0.010665607427432944
test,scn2_structured_env23004,structured,constant_alpha,2,613,,physics_persistence,1.0,1.0,0.0,1.0,1.0,0.08122728935609859,0.09543604679891499,0.014695302189660822
test,scn2_structured_env23004,structured,constant_alpha,2,613,,wm,1.0,1.0,0.0,1.0,1.0,0.08122728935609859,0.09543604679891499,0.015389579684741791
test,scn2_structured_env23004,structured,constant_alpha,2,1167,,physics_persistence,1.0,1.0,0.0,1.0,1.0,0.02498966881805687,0.027382759552352632,0.0023292155546664334
test,scn2_structured_env23004,structured,constant_alpha,2,1167,,wm,1.0,1.0,0.0,1.0,1.0,0.02498966881805687,0.027382759552352632,0.002456494195641916
test,scn2_structured_env23004,structured,constant_alpha,2,1714,,physics_persistence,1.0,1.0,0.0,0.8,0.8,0.4634401303921582,0.5001326266159177,0.036932785563112414
test,scn2_structured_env23004,structured,constant_alpha,2,1714,,wm,1.0,1.0,0.0,0.8,0.8,0.4634401303921582,0.5001326266159177,0.037991299806921175
test,scn1_structured_env23004,structured,transformer,1,9,,physics_persistence,1.0,1.0,0.0,1.0,1.0,1.6338555401413024,1.6647410927806994,0.030162899364976292
test,scn1_structured_env23004,structured,transformer,1,9,,wm,1.0,1.0,0.0,1.0,1.0,1.6338555401413024,1.6647410927806994,0.029713881751143978
test,scn1_structured_env23004,structured,transformer,1,621,,physics_persistence,0.9818181818181818,0.0,0.004773249682251333,0.8,0.9,0.0008944333800427299,0.0014440107724703578,0.0004934187168032793
test,scn1_structured_env23004,structured,transformer,1,621,,wm,0.9818181818181818,0.0,0.004773249682251333,0.8,0.9,0.0008944333800427299,0.0014440107724703578,0.0005424807278878449
test,scn1_structured_env23004,structured,transformer,1,1170,,physics_persistence,1.0,1.0,0.0,0.0,0.0,0.13032839896096932,0.13557488523501646,0.005076501250716681
test,scn1_structured_env23004,structured,transformer,1,1170,,wm,1.0,1.0,0.0,0.0,0.0,0.13032839896096932,0.13557488523501646,0.004340996728655094
test,scn1_structured_env23004,structured,transformer,1,1717,,physics_persistence,1.0,1.0,0.0,1.0,1.0,0.0022324862525575405,0.0038856366808202873,0.0015434602857666768
test,scn1_structured_env23004,structured,transformer,1,1717,,wm,1.0,1.0,0.0,1.0,1.0,0.0022324862525575405,0.0038856366808202873,0.0016371965499671947
test,scn2_structured_env23004,structured,constant_alpha,2,2,,physics_persistence,0.990909090909091,1.0,0.0,0.4,0.4,1.4435452635086699,1.4531155491853172,0.009671671388271408
test,scn2_structured_env23004,structured,constant_alpha,2,2,,wm,0.990909090909091,1.0,0.0,0.4,0.4,1.4435452635086699,1.4531155491853172,0.01065860307877231
test,scn2_structured_env23004,structured,constant_alpha,2,1188,,physics_persistence,1.0,1.0,0.0,1.0,1.0,0.011165301318320062,0.012598733091940005,0.0016345232775142743
test,scn2_structured_env23004,structured,constant_alpha,2,1188,,wm,1.0,1.0,0.0,1.0,1.0,0.011165301318320062,0.012598733091940005,0.0018009410695591123
test,scn2_structured_env23004,structured,constant_alpha,2,279,,physics_persistence,1.0,1.0,0.0,0.3,0.3,0.024292244090927912,0.025542166117962305,0.0011509382199692796
test,scn2_structured_env23004,structured,constant_alpha,2,279,,wm,1.0,1.0,0.0,0.3,0.3,0.024292244090927912,0.025542166117962305,0.0011822169394052895
test,scn2_structured_env23004,structured,constant_alpha,2,1359,,physics_persistence,1.0,1.0,0.0,1.0,1.0,0.0011046402331295064,0.003786492270429044,0.0024897580885339414
test,scn2_structured_env23004,structured,constant_alpha,2,1359,,wm,1.0,1.0,0.0,1.0,1.0,0.0011046402331295064,0.003786492270429044,0.0025777843505488214
test,scn3_structured_env23004,structured,constant_alpha,3,1,,physics_persistence,0.990909090909091,1.0,0.0,0.4,0.4,1.415034974685212,1.428115812529629,0.012739501864766245
test,scn3_structured_env23004,structured,constant_alpha,3,1,,wm,0.990909090909091,1.0,0.0,0.4,0.4,1.415034974685212,1.428115812529629,0.013174416649982978
test,scn3_structured_env23004,structured,constant_alpha,3,625,,physics_persistence,1.0,1.0,0.0,1.0,1.0,0.10009795574848741,0.114052212838056,0.014008527828137343
test,scn3_structured_env23004,structured,constant_alpha,3,625,,wm,1.0,1.0,0.0,1.0,1.0,0.10009795574848741,0.114052212838056,0.013964515734675761
test,scn3_structured_env23004,structured,constant_alpha,3,1169,,physics_persistence,1.0,1.0,0.0,1.0,1.0,0.04528645652437146,0.04905521596573094,0.003891001483745063
test,scn3_structured_env23004,structured,constant_alpha,3,1169,,wm,1.0,1.0,0.0,1.0,1.0,0.04528645652437146,0.04905521596573094,0.0038180080578087416
test,scn3_structured_env23004,structured,constant_alpha,3,1716,,physics_persistence,1.0,1.0,0.0,0.9,0.9,0.23619341796169965,0.2610153608393164,0.025504950046310593
test,scn3_structured_env23004,structured,constant_alpha,3,1716,,wm,0.990909090909091,0.0,0.0029776786327060816,0.9,1.0,0.23619341796169965,0.2610153608393164,0.026346500484308144
test,scn2_structured_env23004,structured,transformer,2,1,,physics_persistence,0.990909090909091,1.0,0.0,0.4,0.4,1.4146565415411578,1.4264490845597888,0.01163906717396923
test,scn2_structured_env23004,structured,transformer,2,1,,wm,1.0,1.0,0.0,0.4,0.4,1.4146565415411578,1.4264490845597888,0.012292085322029411
test,scn2_structured_env23004,structured,transformer,2,614,,physics_persistence,0.6545454545454547,0.0,0.050516320644276726,0.6,0.5,0.0023156484475504446,0.002430376348378277,5.792765898784318e-05
test,scn2_structured_env23004,structured,transformer,2,614,,wm,0.8454545454545455,0.0,0.050516320644276726,0.6,0.5,0.0023156484475504446,0.002430376348378277,7.252575367773257e-05
test,scn2_structured_env23004,structured,transformer,2,1164,,physics_persistence,1.0,1.0,0.0,1.0,1.0,0.01247582505613646,0.013667135253982407,0.0008230841588220614
test,scn2_structured_env23004,structured,transformer,2,1164,,wm,1.0,1.0,0.0,1.0,1.0,0.01247582505613646,0.013667135253982407,0.0010889180071146365
test,scn2_structured_env23004,structured,transformer,2,1714,,physics_persistence,1.0,1.0,0.0,1.0,1.0,0.003135007890954047,0.004687404163682121,0.0013475910357607416
test,scn2_structured_env23004,structured,transformer,2,1714,,wm,1.0,1.0,0.0,1.0,1.0,0.003135007890954047,0.004687404163682121,0.0013838963815871732
test,scn3_structured_env23004,structured,constant_alpha,3,9,,physics_persistence,1.0,1.0,0.0,1.0,1.0,1.6337846848979134,1.6647410927806994,0.030232886630914058
test,scn3_structured_env23004,structured,constant_alpha,3,9,,wm,1.0,1.0,0.0,1.0,1.0,1.6337846848979134,1.6647410927806994,0.029666475249749524
test,scn3_structured_env23004,structured,constant_alpha,3,1205,,physics_persistence,1.0,1.0,0.0,1.0,1.0,0.005650938050334313,0.007870492974100139,0.00257092633373636
test,scn3_structured_env23004,structured,constant_alpha,3,1205,,wm,1.0,1.0,0.0,1.0,1.0,0.005650938050334313,0.007870492974100139,0.0025473528657614887
test,scn3_structured_env23004,structured,constant_alpha,3,221,,physics_persistence,1.0,1.0,0.0,1.0,1.0,0.08139894373211568,0.08546251725651656,0.004147501148938679
test,scn3_structured_env23004,structured,constant_alpha,3,221,,wm,1.0,1.0,0.0,1.0,1.0,0.08139894373211568,0.08546251725651656,0.004138309481915334
test,scn3_structured_env23004,structured,constant_alpha,3,1338,,physics_persistence,1.0,1.0,0.0,1.0,1.0,0.0010837470844309606,0.003035410565412874,0.0018383927477584158
test,scn3_structured_env23004,structured,constant_alpha,3,1338,,wm,1.0,1.0,0.0,1.0,1.0,0.0010837470844309606,0.003035410565412874,0.0019053854241140183
test,scn2_ou_current_env23004,ou_current,constant_alpha,2,6,,physics_persistence,0.9727272727272729,1.0,0.0,0.7,0.7,1.6216872860391858,1.6362942377756928,0.009868680104933247
test,scn2_ou_current_env23004,ou_current,constant_alpha,2,6,,wm,0.881818181818182,0.0,0.029179853374061423,0.7,0.6,1.6216872860391858,1.6362942377756928,0.008287844403041422
test,scn2_ou_current_env23004,ou_current,constant_alpha,2,629,,physics_persistence,0.990909090909091,0.0,0.0015492110358113112,0.8,0.9,0.26233719079539997,0.2881237792608058,0.02616527647444128
test,scn2_ou_current_env23004,ou_current,constant_alpha,2,629,,wm,0.990909090909091,0.0,0.0015492110358113112,0.8,0.9,0.26233719079539997,0.2881237792608058,0.026176572613002103
test,scn2_ou_current_env23004,ou_current,constant_alpha,2,1173,,physics_persistence,0.990909090909091,1.0,0.0,0.9,0.9,0.030531247586438274,0.039597042603288994,0.009329215069308932
test,scn2_ou_current_env23004,ou_current,constant_alpha,2,1173,,wm,0.990909090909091,1.0,0.0,0.9,0.9,0.030531247586438274,0.039597042603288994,0.00929612512627077
test,scn2_ou_current_env23004,ou_current,constant_alpha,2,1715,,physics_persistence,0.9818181818181818,0.0,0.005315179087884803,0.8,0.9,0.29653979435987143,0.31846567296454537,0.024239000086052898
test,scn2_ou_current_env23004,ou_current,constant_alpha,2,1715,,wm,0.9818181818181818,0.0,0.005315179087884803,0.8,0.9,0.29653979435987143,0.31846567296454537,0.025158197726579068
test,scn3_structured_env23004,structured,transformer,3,9,,physics_persistence,1.0,1.0,0.0,1.0,1.0,1.6338555401413024,1.6647410927806994,0.030162899364976292
test,scn3_structured_env23004,structured,transformer,3,9,,wm,1.0,1.0,0.0,1.0,1.0,1.6338555401413024,1.6647410927806994,0.029544893776867642
test,scn3_structured_env23004,structured,transformer,3,607,,physics_persistence,0.9818181818181818,1.0,0.0,0.8,0.8,0.0012370752760256492,0.001650332242502012,0.00039185551568915716
test,scn3_structured_env23004,structured,transformer,3,607,,wm,0.9818181818181818,1.0,0.0,0.8,0.8,0.0012370752760256492,0.001650332242502012,0.0004464757821780604
test,scn3_structured_env23004,structured,transformer,3,1158,,physics_persistence,1.0,1.0,0.0,1.0,1.0,0.0035496064407418604,0.0038214193707268177,0.000513241260626158
test,scn3_structured_env23004,structured,transformer,3,1158,,wm,1.0,1.0,0.0,1.0,1.0,0.0035496064407418604,0.0038214193707268177,0.00048736127053522526
test,scn3_structured_env23004,structured,transformer,3,1712,,physics_persistence,1.0,1.0,0.0,1.0,1.0,0.004539660120414703,0.0057378342335387585,0.001338715142621843
test,scn3_structured_env23004,structured,transformer,3,1712,,wm,1.0,1.0,0.0,1.0,1.0,0.004539660120414703,0.0057378342335387585,0.0013951757005092966
test,scn2_ou_current_env23004,ou_current,constant_alpha,2,1,,physics_persistence,0.5272727272727273,0.0,0.12306665797287547,0.5,0.3,1.451845172272886,1.461402218032259,0.011439298216209037
test,scn2_ou_current_env23004,ou_current,constant_alpha,2,1,,wm,0.5636363636363637,0.0,0.12306665797287547,0.5,0.3,1.451845172272886,1.461402218032259,0.01187888726364883
test,scn2_ou_current_env23004,ou_current,constant_alpha,2,1174,,physics_persistence,1.0,1.0,0.0,1.0,1.0,0.006569565563770151,0.008495293121855367,0.001792657559900295
test,scn2_ou_current_env23004,ou_current,constant_alpha,2,1174,,wm,1.0,1.0,0.0,1.0,1.0,0.006569565563770151,0.008495293121855367,0.0019008240650908283
test,scn2_ou_current_env23004,ou_current,constant_alpha,2,242,,physics_persistence,1.0,1.0,0.0,1.0,1.0,0.016736935487309257,0.01962125627095382,0.0032009200911027984
test,scn2_ou_current_env23004,ou_current,constant_alpha,2,242,,wm,1.0,1.0,0.0,1.0,1.0,0.016736935487309257,0.01962125627095382,0.003175201176953024
test,scn2_ou_current_env23004,ou_current,constant_alpha,2,1346,,physics_persistence,1.0,1.0,0.0,1.0,1.0,0.0013103710171351256,0.0034321399849342933,0.0023932306074889833
test,scn2_ou_current_env23004,ou_current,constant_alpha,2,1346,,wm,1.0,1.0,0.0,1.0,1.0,0.0013103710171351256,0.0034321399849342933,0.0024921312504144785
test,scn2_colored_noise_env23004,colored_noise,constant_alpha,2,3,,physics_persistence,0.19090909090909092,0.0,0.24891062680524875,0.6,0.3,1.5179531978316387,1.5294362755993498,0.009980244279708783
test,scn2_colored_noise_env23004,colored_noise,constant_alpha,2,3,,wm,0.19090909090909092,0.0,0.24891062680524875,0.6,0.3,1.5179531978316387,1.5294362755993498,0.010104599510579737
test,scn2_colored_noise_env23004,colored_noise,constant_alpha,2,616,,physics_persistence,1.0,1.0,0.0,1.0,1.0,0.36508590294812127,0.38806107202522194,0.025505911088570532
test,scn2_colored_noise_env23004,colored_noise,constant_alpha,2,616,,wm,1.0,1.0,0.0,1.0,1.0,0.36508590294812127,0.38806107202522194,0.02527236066760591
test,scn2_colored_noise_env23004,colored_noise,constant_alpha,2,1166,,physics_persistence,0.990909090909091,0.0,0.002185555065334394,0.9,1.0,0.028039190621137824,0.03572414135331833,0.008708619209198843
test,scn2_colored_noise_env23004,colored_noise,constant_alpha,2,1166,,wm,0.990909090909091,0.0,0.002185555065334394,0.9,1.0,0.028039190621137824,0.03572414135331833,0.008776996848109588
test,scn2_colored_noise_env23004,colored_noise,constant_alpha,2,1716,,physics_persistence,1.0,1.0,0.0,0.8,0.8,0.44951980133354913,0.4845002921839776,0.03787558746441122
test,scn2_colored_noise_env23004,colored_noise,constant_alpha,2,1716,,wm,1.0,1.0,0.0,0.8,0.8,0.44951980133354913,0.4845002921839776,0.038827251577478794
test,scn2_ou_current_env23004,ou_current,transformer,2,2,,physics_persistence,0.5363636363636364,0.0,0.16824565271060302,0.5,0.3,1.4831482550435666,1.4927403186997323,0.011142713278704974
test,scn2_ou_current_env23004,ou_current,transformer,2,2,,wm,0.5545454545454546,0.0,0.048919890318983424,0.5,0.4,1.4831482550435666,1.4927403186997323,0.011980716148564552
test,scn2_ou_current_env23004,ou_current,transformer,2,607,,physics_persistence,0.881818181818182,0.0,0.08119632117428924,0.8,1.0,0.0009580062495406322,0.0016945672743400452,0.0007123848356090955
test,scn2_ou_current_env23004,ou_current,transformer,2,607,,wm,0.881818181818182,0.0,0.08119632117428924,0.8,1.0,0.0009580062495406322,0.0016945672743400452,0.0007414747587368365
test,scn2_ou_current_env23004,ou_current,transformer,2,1159,,physics_persistence,-0.6818181818181819,0.0,0.7020301693135506,0.3,0.9,0.004070757629054158,0.004347092303241457,0.00026908734210469385
test,scn2_ou_current_env23004,ou_current,transformer,2,1159,,wm,-0.690909090909091,0.0,1.0,0.3,1.0,0.004070757629054158,0.004347092303241457,0.0003107478959399096
test,scn2_ou_current_env23004,ou_current,transformer,2,1712,,physics_persistence,1.0,1.0,0.0,1.0,1.0,0.0026610703351480983,0.003848014084691024,0.0015193555916368814
test,scn2_ou_current_env23004,ou_current,transformer,2,1712,,wm,1.0,1.0,0.0,1.0,1.0,0.0026610703351480983,0.003848014084691024,0.0015382845924440756
test,scn2_colored_noise_env23004,colored_noise,constant_alpha,2,7,,physics_persistence,0.9818181818181818,1.0,0.0,0.8,0.8,1.6620826393121435,1.680254655357568,0.011950232390187887
test,scn2_colored_noise_env23004,colored_noise,constant_alpha,2,7,,wm,0.9454545454545454,0.0,0.018714963119436965,0.8,0.7,1.6620826393121435,1.680254655357568,0.009986084189036015
test,scn2_colored_noise_env23004,colored_noise,constant_alpha,2,1710,,physics_persistence,1.0,1.0,0.0,1.0,1.0,0.006468413377511534,0.011921157721949172,0.005765311555632169
test,scn2_colored_noise_env23004,colored_noise,constant_alpha,2,1710,,wm,1.0,1.0,0.0,1.0,1.0,0.006468413377511534,0.011921157721949172,0.005899929577022004
test,scn2_colored_noise_env23004,colored_noise,constant_alpha,2,1330,,physics_persistence,1.0,1.0,0.0,1.0,1.0,0.0009257794474303504,0.003351604016363162,0.0023586472271455217
test,scn2_colored_noise_env23004,colored_noise,constant_alpha,2,1330,,wm,1.0,1.0,0.0,1.0,1.0,0.0009257794474303504,0.003351604016363162,0.002442386965345443
test,scn2_colored_noise_env23004,colored_noise,transformer,2,969,,physics_persistence,0.9727272727272729,0.0,0.03771673327835598,1.0,0.9,0.000542050715607007,0.0010545748641186657,0.0001178494815251256
test,scn2_colored_noise_env23004,colored_noise,transformer,2,969,,wm,0.990909090909091,0.0,0.03771673327835598,1.0,0.9,0.000542050715607007,0.0010545748641186657,0.00014269909054456006
test,scn2_random_freq_amp_env23004,random_freq_amp,constant_alpha,2,5,,physics_persistence,1.0,1.0,0.0,1.0,1.0,1.4883861225590023,1.529696637449158,0.037683945485611714
test,scn2_random_freq_amp_env23004,random_freq_amp,constant_alpha,2,5,,wm,1.0,1.0,0.0,1.0,1.0,1.4883861225590023,1.529696637449158,0.03741430688077374
test,scn2_random_freq_amp_env23004,random_freq_amp,constant_alpha,2,1793,,physics_persistence,0.9818181818181818,1.0,0.0,0.5,0.5,0.16277259533666136,0.17609154360235674,0.012487989551922735
test,scn2_random_freq_amp_env23004,random_freq_amp,constant_alpha,2,1793,,wm,0.8000000000000002,1.0,0.0,0.5,0.5,0.16277259533666136,0.17609154360235674,0.009464786966886546
test,scn2_random_freq_amp_env23004,random_freq_amp,constant_alpha,2,1425,,physics_persistence,1.0,1.0,0.0,1.0,1.0,0.016086700213061675,0.02320486206642018,0.007179087583408458
test,scn2_random_freq_amp_env23004,random_freq_amp,constant_alpha,2,1425,,wm,1.0,1.0,0.0,1.0,1.0,0.016086700213061675,0.02320486206642018,0.008026257763768044
test,scn2_random_freq_amp_env23004,random_freq_amp,constant_alpha,2,1006,,physics_persistence,1.0,1.0,0.0,0.0,0.0,2.140610401028377,2.1806992940188628,0.04687822680485443
test,scn2_random_freq_amp_env23004,random_freq_amp,constant_alpha,2,1006,,wm,1.0,1.0,0.0,0.0,0.0,2.140610401028377,2.1806992940188628,0.049167113224866554
test,scn2_mass_damping_mismatch_env23004,mass_damping_mismatch,constant_alpha,2,1,,physics_persistence,0.990909090909091,1.0,0.0,0.4,0.4,1.4157922816981718,1.4276344846934008,0.011689611861211313
test,scn2_mass_damping_mismatch_env23004,mass_damping_mismatch,constant_alpha,2,1,,wm,1.0,1.0,0.0,0.4,0.4,1.4157922816981718,1.4276344846934008,0.012043771899516775
test,scn2_mass_damping_mismatch_env23004,mass_damping_mismatch,constant_alpha,2,626,,physics_persistence,0.9636363636363637,0.0,0.011561251946225072,0.8,0.9,0.24772453227400684,0.26411023780063225,0.01857675152684135
test,scn2_mass_damping_mismatch_env23004,mass_damping_mismatch,constant_alpha,2,626,,wm,0.9636363636363637,0.0,0.011561251946225072,0.8,0.9,0.24772453227400684,0.26411023780063225,0.01945882125414794
test,scn2_mass_damping_mismatch_env23004,mass_damping_mismatch,constant_alpha,2,1170,,physics_persistence,0.9454545454545454,0.0,0.022382128871328327,0.7,0.8,0.11399342974786195,0.12127515674359723,0.008850853696303021
test,scn2_mass_damping_mismatch_env23004,mass_damping_mismatch,constant_alpha,2,1170,,wm,0.9818181818181818,1.0,0.0,0.7,0.7,0.11399342974786195,0.12127515674359723,0.008124782847490492
test,scn2_mass_damping_mismatch_env23004,mass_damping_mismatch,constant_alpha,2,1715,,physics_persistence,1.0,1.0,0.0,0.8,0.8,0.54529025501649,0.5849376089463245,0.03979404134924891
test,scn2_mass_damping_mismatch_env23004,mass_damping_mismatch,constant_alpha,2,1715,,wm,1.0,1.0,0.0,0.8,0.8,0.54529025501649,0.5849376089463245,0.04075273979068472
test,scn2_random_freq_amp_env23004,random_freq_amp,transformer,2,5,,physics_persistence,1.0,1.0,0.0,1.0,1.0,1.4884777532096873,1.529696637449158,0.037596089250620635
test,scn2_random_freq_amp_env23004,random_freq_amp,transformer,2,5,,wm,1.0,1.0,0.0,1.0,1.0,1.4884777532096873,1.529696637449158,0.03733288374345012
test,scn2_random_freq_amp_env23004,random_freq_amp,transformer,2,593,,physics_persistence,1.0,1.0,0.0,1.0,1.0,12.22240124278962,12.309876212464143,0.08762070385986931
test,scn2_random_freq_amp_env23004,random_freq_amp,transformer,2,593,,wm,1.0,1.0,0.0,1.0,1.0,12.22240124278962,12.309876212464143,0.0856481081790097
test,scn2_random_freq_amp_env23004,random_freq_amp,transformer,2,1142,,physics_persistence,0.9818181818181818,1.0,0.0,0.4,0.4,69.92670073511049,70.00704934187989,0.0769596057715205
test,scn2_random_freq_amp_env23004,random_freq_amp,transformer,2,1142,,wm,0.9090909090909091,0.0,0.03233474252684773,0.4,0.3,69.92670073511049,70.00704934187989,0.0848957565707309
test,scn2_random_freq_amp_env23004,random_freq_amp,transformer,2,1729,,physics_persistence,1.0,1.0,0.0,1.0,1.0,0.015023502472608133,0.016214321016715334,0.0012127850481316125
test,scn2_random_freq_amp_env23004,random_freq_amp,transformer,2,1729,,wm,1.0,1.0,0.0,1.0,1.0,0.015023502472608133,0.016214321016715334,0.001195289153995912
test,scn2_mass_damping_mismatch_env23004,mass_damping_mismatch,constant_alpha,2,5,,physics_persistence,0.9727272727272729,0.0,0.000721173474549291,0.8,0.7,1.5442727780570062,1.557139586691789,0.011283509915455792
test,scn2_mass_damping_mismatch_env23004,mass_damping_mismatch,constant_alpha,2,5,,wm,0.9727272727272729,0.0,0.000721173474549291,0.8,0.7,1.5442727780570062,1.557139586691789,0.011868741432204732
test,scn2_mass_damping_mismatch_env23004,mass_damping_mismatch,constant_alpha,2,1156,,physics_persistence,1.0,1.0,0.0,1.0,1.0,0.008098982418914396,0.011290230585508302,0.0030067844005765756
test,scn2_mass_damping_mismatch_env23004,mass_damping_mismatch,constant_alpha,2,1156,,wm,1.0,1.0,0.0,1.0,1.0,0.008098982418914396,0.011290230585508302,0.002847132293272143
test,scn2_mass_damping_mismatch_env23004,mass_damping_mismatch,constant_alpha,2,225,,physics_persistence,0.9636363636363637,0.0,0.0036683397249200585,0.2,0.1,0.027515223131599285,0.028567000777727284,0.0010521071409414808
test,scn2_mass_damping_mismatch_env23004,mass_damping_mismatch,constant_alpha,2,225,,wm,0.9545454545454546,0.0,0.015586181337004542,0.2,0.4,0.027515223131599285,0.028567000777727284,0.000938583066087479
test,scn2_mass_damping_mismatch_env23004,mass_damping_mismatch,constant_alpha,2,1338,,physics_persistence,1.0,1.0,0.0,0.9,0.9,0.0006538620166380129,0.0023306021866285834,0.001657780695361743
test,scn2_mass_damping_mismatch_env23004,mass_damping_mismatch,constant_alpha,2,1338,,wm,1.0,1.0,0.0,0.9,0.9,0.0006538620166380129,0.0023306021866285834,0.0016515576605773295
test,scn3_actuator_delay_noise_env23004,actuator_delay_noise,constant_alpha,3,7,,physics_persistence,0.9545454545454546,1.0,0.0,0.5,0.5,1.9077784175585857,1.9175597334326855,0.007869288735999458
test,scn3_actuator_delay_noise_env23004,actuator_delay_noise,constant_alpha,3,7,,wm,0.9454545454545454,1.0,0.0,0.5,0.5,1.9077784175585857,1.9175597334326855,0.008164802778307445
test,scn3_actuator_delay_noise_env23004,actuator_delay_noise,constant_alpha,3,635,,physics_persistence,1.0,1.0,0.0,1.0,1.0,0.13261109515334446,0.15063370059821038,0.017824401770654197
test,scn3_actuator_delay_noise_env23004,actuator_delay_noise,constant_alpha,3,635,,wm,1.0,1.0,0.0,1.0,1.0,0.13261109515334446,0.15063370059821038,0.0178273997852178
test,scn3_actuator_delay_noise_env23004,actuator_delay_noise,constant_alpha,3,1177,,physics_persistence,1.0,1.0,0.0,0.0,0.0,0.0747960812732531,0.09214658276022675,0.017330453469218174
test,scn3_actuator_delay_noise_env23004,actuator_delay_noise,constant_alpha,3,1177,,wm,1.0,1.0,0.0,0.0,0.0,0.0747960812732531,0.09214658276022675,0.016933915670835076
test,scn3_actuator_delay_noise_env23004,actuator_delay_noise,constant_alpha,3,1720,,physics_persistence,0.990909090909091,0.0,0.0016535235700466994,0.9,1.0,0.2149061213251341,0.24549642588178205,0.03205112269948865
test,scn3_actuator_delay_noise_env23004,actuator_delay_noise,constant_alpha,3,1720,,wm,0.990909090909091,0.0,0.0016535235700466994,0.9,1.0,0.2149061213251341,0.24549642588178205,0.03295078888546715
test,scn2_mass_damping_mismatch_env23004,mass_damping_mismatch,transformer,2,1,,physics_persistence,0.990909090909091,1.0,0.0,0.4,0.4,1.4157679346729775,1.4275672911379014,0.011646618893838223
test,scn2_mass_damping_mismatch_env23004,mass_damping_mismatch,transformer,2,1,,wm,1.0,1.0,0.0,0.4,0.4,1.4157679346729775,1.4275672911379014,0.012269037436389851
test,scn2_mass_damping_mismatch_env23004,mass_damping_mismatch,transformer,2,646,,physics_persistence,1.0,1.0,0.0,1.0,1.0,0.002149399993109473,0.0032121783272477714,0.0009755215636965881
test,scn2_mass_damping_mismatch_env23004,mass_damping_mismatch,transformer,2,646,,wm,1.0,1.0,0.0,1.0,1.0,0.002149399993109473,0.0032121783272477714,0.0010735583753450307
test,scn2_mass_damping_mismatch_env23004,mass_damping_mismatch,transformer,2,1184,,physics_persistence,1.0,1.0,0.0,1.0,1.0,0.0020128066615713895,0.003128105995313812,0.0010127188923879718
test,scn2_mass_damping_mismatch_env23004,mass_damping_mismatch,transformer,2,1184,,wm,1.0,1.0,0.0,1.0,1.0,0.0020128066615713895,0.003128105995313812,0.0008815363485325423
test,scn2_mass_damping_mismatch_env23004,mass_damping_mismatch,transformer,2,1722,,physics_persistence,1.0,1.0,0.0,1.0,1.0,0.0004830725800118661,0.0019951581366672608,0.001483772373933347
test,scn2_mass_damping_mismatch_env23004,mass_damping_mismatch,transformer,2,1722,,wm,1.0,1.0,0.0,1.0,1.0,0.0004830725800118661,0.0019951581366672608,0.0015018797938242648
test,scn3_actuator_delay_noise_env23004,actuator_delay_noise,constant_alpha,3,29,,physics_persistence,1.0,1.0,0.0,0.9,0.9,2.6038858910594067,2.6281312074514314,0.024911758488267655
test,scn3_actuator_delay_noise_env23004,actuator_delay_noise,constant_alpha,3,29,,wm,1.0,1.0,0.0,0.9,0.9,2.6038858910594067,2.6281312074514314,0.023303022557955355
test,scn3_actuator_delay_noise_env23004,actuator_delay_noise,constant_alpha,3,1128,,physics_persistence,1.0,1.0,0.0,1.0,1.0,0.09543944127122682,0.11155280156725501,0.017222300238759827
test,scn3_actuator_delay_noise_env23004,actuator_delay_noise,constant_alpha,3,1128,,wm,1.0,1.0,0.0,1.0,1.0,0.09543944127122682,0.11155280156725501,0.01696994184309812
test,scn3_actuator_delay_noise_env23004,actuator_delay_noise,constant_alpha,3,168,,physics_persistence,1.0,1.0,0.0,0.0,0.0,0.4213169367995394,0.45729878949228486,0.03526576067421727
test,scn3_actuator_delay_noise_env23004,actuator_delay_noise,constant_alpha,3,168,,wm,1.0,1.0,0.0,0.0,0.0,0.4213169367995394,0.45729878949228486,0.03595913819384683
test,scn3_actuator_delay_noise_env23004,actuator_delay_noise,constant_alpha,3,1302,,physics_persistence,0.9818181818181818,1.0,0.0,0.0,0.0,5.423030454242116,5.499933998918874,0.06811698749107276
test,scn3_actuator_delay_noise_env23004,actuator_delay_noise,constant_alpha,3,1302,,wm,0.9181818181818183,1.0,0.0,0.0,0.0,5.423030454242116,5.499933998918874,0.06395107673727107
test,scn1_structured_env23005,structured,constant_alpha,1,1,,physics_persistence,0.990909090909091,1.0,0.0,0.6,0.6,1.6029606524423343,1.615382735044232,0.013075909202307834
test,scn1_structured_env23005,structured,constant_alpha,1,1,,wm,0.990909090909091,1.0,0.0,0.6,0.6,1.6029606524423343,1.615382735044232,0.01300269445351443
test,scn1_structured_env23005,structured,constant_alpha,1,632,,physics_persistence,1.0,1.0,0.0,1.0,1.0,0.10205057700522001,0.11554080114414852,0.013583015093312792
test,scn1_structured_env23005,structured,constant_alpha,1,632,,wm,1.0,1.0,0.0,1.0,1.0,0.10205057700522001,0.11554080114414852,0.013494934400013842
test,scn1_structured_env23005,structured,constant_alpha,1,1175,,physics_persistence,1.0,1.0,0.0,0.0,0.0,0.31930169025836785,0.328717000895071,0.010560324744018024
test,scn1_structured_env23005,structured,constant_alpha,1,1175,,wm,1.0,1.0,0.0,0.0,0.0,0.31930169025836785,0.328717000895071,0.005335739347573032
test,scn1_structured_env23005,structured,constant_alpha,1,1717,,physics_persistence,0.990909090909091,1.0,0.0,0.9,0.9,0.1226812961614944,0.13781194342386519,0.016641162516115013
test,scn1_structured_env23005,structured,constant_alpha,1,1717,,wm,0.9727272727272729,0.0,0.009134139757746788,0.9,1.0,0.1226812961614944,0.13781194342386519,0.017259699908822687
test,scn3_actuator_delay_noise_env23004,actuator_delay_noise,transformer,3,1,,physics_persistence,1.0,1.0,0.0,0.3,0.3,1.4470247026095182,1.457725413654075,0.010436140219993062
test,scn3_actuator_delay_noise_env23004,actuator_delay_noise,transformer,3,1,,wm,1.0,1.0,0.0,0.3,0.3,1.4470247026095182,1.457725413654075,0.01077383107563068
test,scn3_actuator_delay_noise_env23004,actuator_delay_noise,transformer,3,630,,physics_persistence,0.9545454545454546,1.0,0.0,0.3,0.3,1.1526240579112412,1.1570720195572504,0.0035434528410644983
test,scn3_actuator_delay_noise_env23004,actuator_delay_noise,transformer,3,630,,wm,1.0,1.0,0.0,0.3,0.3,1.1526240579112412,1.1570720195572504,0.003504958067229058
test,scn3_actuator_delay_noise_env23004,actuator_delay_noise,transformer,3,1153,,physics_persistence,0.9818181818181818,1.0,0.0,1.0,1.0,0.5000299724317688,0.552439776062395,0.0527046014465965
test,scn3_actuator_delay_noise_env23004,actuator_delay_noise,transformer,3,1153,,wm,0.990909090909091,1.0,0.0,1.0,1.0,0.5000299724317688,0.552439776062395,0.052787444344670975
test,scn3_actuator_delay_noise_env23004,actuator_delay_noise,transformer,3,1715,,physics_persistence,1.0,1.0,0.0,1.0,1.0,0.8875256995851066,0.9283461306496141,0.04169151425978124
test,scn3_actuator_delay_noise_env23004,actuator_delay_noise,transformer,3,1715,,wm,1.0,1.0,0.0,1.0,1.0,0.8875256995851066,0.9283461306496141,0.04334245067490139
test,scn1_structured_env23005,structured,constant_alpha,1,4,,physics_persistence,1.0,1.0,0.0,0.8,0.8,1.7236428283376348,1.7405998828276208,0.017279910469782944
test,scn1_structured_env23005,structured,constant_alpha,1,4,,wm,0.990909090909091,1.0,0.0,0.8,0.8,1.7236428283376348,1.7405998828276208,0.017142399172709544
test,scn1_structured_env23005,structured,constant_alpha,1,1179,,physics_persistence,1.0,1.0,0.0,0.0,0.0,0.09168174741211348,0.09983476473141258,0.007642963197121544
test,scn1_structured_env23005,structured,constant_alpha,1,1179,,wm,1.0,1.0,0.0,0.0,0.0,0.09168174741211348,0.09983476473141258,0.007513217991615279
test,scn1_structured_env23005,structured,constant_alpha,1,257,,physics_persistence,0.9,0.0,0.0020255494238317004,0.7,0.6,0.020074650431940552,0.02089636828654164,0.0006093934071446823
test,scn1_structured_env23005,structured,constant_alpha,1,257,,wm,0.9181818181818183,0.0,0.0020255494238317004,0.7,0.6,0.020074650431940552,0.02089636828654164,0.0006693151010414428
test,scn1_structured_env23005,structured,constant_alpha,1,1351,,physics_persistence,1.0,1.0,0.0,1.0,1.0,0.0027865285026448428,0.0063625228095383,0.003304988433587956
test,scn1_structured_env23005,structured,constant_alpha,1,1351,,wm,1.0,1.0,0.0,1.0,1.0,0.0027865285026448428,0.0063625228095383,0.0034082337293389877
test,scn2_structured_env23005,structured,constant_alpha,2,3,,physics_persistence,0.9727272727272729,0.0,0.009285316522191367,0.8,0.7,1.683413934532616,1.6967204583999675,0.011333034647641238
test,scn2_structured_env23005,structured,constant_alpha,2,3,,wm,0.9,0.0,0.009285316522191367,0.8,0.7,1.683413934532616,1.6967204583999675,0.010903707029939147
test,scn2_structured_env23005,structured,constant_alpha,2,646,,physics_persistence,1.0,1.0,0.0,1.0,1.0,0.10493980009977666,0.12369194099023996,0.018403861804225513
test,scn2_structured_env23005,structured,constant_alpha,2,646,,wm,1.0,1.0,0.0,1.0,1.0,0.10493980009977666,0.12369194099023996,0.018955397364112683
test,scn2_structured_env23005,structured,constant_alpha,2,1183,,physics_persistence,1.0,1.0,0.0,1.0,1.0,0.030950015822345894,0.03474258328399475,0.005283822688134484
test,scn2_structured_env23005,structured,constant_alpha,2,1183,,wm,1.0,1.0,0.0,1.0,1.0,0.030950015822345894,0.03474258328399475,0.005428735456542787
test,scn2_structured_env23005,structured,constant_alpha,2,1721,,physics_persistence,1.0,1.0,0.0,0.8,0.8,0.46512929472979864,0.5017763449627517,0.03649725612632826
test,scn2_structured_env23005,structured,constant_alpha,2,1721,,wm,1.0,1.0,0.0,0.8,0.8,0.46512929472979864,0.5017763449627517,0.037301835479691126
test,scn1_structured_env23005,structured,transformer,1,1,,physics_persistence,0.990909090909091,1.0,0.0,0.6,0.6,1.6029606524423343,1.615382735044232,0.013075909202307834
test,scn1_structured_env23005,structured,transformer,1,1,,wm,0.990909090909091,1.0,0.0,0.6,0.6,1.6029606524423343,1.615382735044232,0.013084828552475614
test,scn1_structured_env23005,structured,transformer,1,622,,physics_persistence,0.9545454545454546,0.0,0.009846275512240219,0.8,0.9,0.0008147841872795982,0.0012904944382839973,0.0005200919151418816
test,scn1_structured_env23005,structured,transformer,1,622,,wm,0.9545454545454546,0.0,0.009846275512240219,0.8,0.9,0.0008147841872795982,0.0012904944382839973,0.0005723364326054768
test,scn1_structured_env23005,structured,transformer,1,1167,,physics_persistence,1.0,1.0,0.0,0.0,0.0,0.14483230217229495,0.15163489163148236,0.0055648997170777426
test,scn1_structured_env23005,structured,transformer,1,1167,,wm,1.0,1.0,0.0,0.0,0.0,0.14483230217229495,0.15163489163148236,0.004540358570218173
test,scn1_structured_env23005,structured,transformer,1,1713,,physics_persistence,1.0,1.0,0.0,1.0,1.0,0.0020672502877661057,0.003867067629172576,0.0014525124422973797
test,scn1_structured_env23005,structured,transformer,1,1713,,wm,1.0,1.0,0.0,1.0,1.0,0.0020672502877661057,0.003867067629172576,0.001552067572914196
test,scn2_structured_env23005,structured,constant_alpha,2,9,,physics_persistence,1.0,1.0,0.0,1.0,1.0,1.9135575086103886,1.9509607856670943,0.03109820641439498
test,scn2_structured_env23005,structured,constant_alpha,2,9,,wm,1.0,1.0,0.0,1.0,1.0,1.9135575086103886,1.9509607856670943,0.030798865037517054
test,scn2_structured_env23005,structured,constant_alpha,2,1191,,physics_persistence,1.0,1.0,0.0,1.0,1.0,0.011033699319120824,0.013040814010935955,0.0019254763708277424
test,scn2_structured_env23005,structured,constant_alpha,2,1191,,wm,1.0,1.0,0.0,1.0,1.0,0.011033699319120824,0.013040814010935955,0.002099360911577421
test,scn2_structured_env23005,structured,constant_alpha,2,248,,physics_persistence,1.0,1.0,0.0,1.0,1.0,0.01546712740860251,0.019013486287238566,0.0035226941063900927
test,scn2_structured_env23005,structured,constant_alpha,2,248,,wm,1.0,1.0,0.0,1.0,1.0,0.01546712740860251,0.019013486287238566,0.0036276871744791214
test,scn2_structured_env23005,structured,constant_alpha,2,1353,,physics_persistence,1.0,1.0,0.0,1.0,1.0,0.0010566411100910958,0.003905571297624523,0.002695111720790769
test,scn2_structured_env23005,structured,constant_alpha,2,1353,,wm,1.0,1.0,0.0,1.0,1.0,0.0010566411100910958,0.003905571297624523,0.0027834015488316013
test,scn3_structured_env23005,structured,constant_alpha,3,1,,physics_persistence,0.990909090909091,1.0,0.0,0.6,0.6,1.6029606524423343,1.615382735044232,0.013075909202307834
test,scn3_structured_env23005,structured,constant_alpha,3,1,,wm,0.990909090909091,1.0,0.0,0.6,0.6,1.6029606524423343,1.615382735044232,0.012728421189784678
test,scn3_structured_env23005,structured,constant_alpha,3,623,,physics_persistence,1.0,1.0,0.0,1.0,1.0,0.09772663654423892,0.11165653048186194,0.014449152765245957
test,scn3_structured_env23005,structured,constant_alpha,3,623,,wm,1.0,1.0,0.0,1.0,1.0,0.09772663654423892,0.11165653048186194,0.014725500087490337
test,scn3_structured_env23005,structured,constant_alpha,3,1171,,physics_persistence,1.0,1.0,0.0,1.0,1.0,0.04517365824610614,0.04875739101582954,0.0037888220429198663
test,scn3_structured_env23005,structured,constant_alpha,3,1171,,wm,1.0,1.0,0.0,1.0,1.0,0.04517365824610614,0.04875739101582954,0.0036241588319678927
test,scn3_structured_env23005,structured,constant_alpha,3,1717,,physics_persistence,1.0,1.0,0.0,0.9,0.9,0.23582033788641146,0.25987365582690986,0.025519850961662705
test,scn3_structured_env23005,structured,constant_alpha,3,1717,,wm,1.0,1.0,0.0,0.9,0.9,0.23582033788641146,0.25987365582690986,0.026400830488987087
test,scn2_structured_env23005,structured,transformer,2,39,,physics_persistence,1.0,1.0,0.0,0.0,0.0,2.0289299845348823,2.139063456819115,0.11406157669715888
test,scn2_structured_env23005,structured,transformer,2,39,,wm,1.0,1.0,0.0,0.0,0.0,2.0289299845348823,2.139063456819115,0.11512996820180321
test,scn2_structured_env23005,structured,transformer,2,598,,physics_persistence,1.0,1.0,0.0,1.0,1.0,0.0029270004816335567,0.0033113027471944724,0.00020374933911453813
test,scn2_structured_env23005,structured,transformer,2,598,,wm,1.0,1.0,0.0,1.0,1.0,0.0029270004816335567,0.0033113027471944724,0.0002512275560191857
test,scn2_structured_env23005,structured,transformer,2,1155,,physics_persistence,1.0,1.0,0.0,1.0,1.0,0.013539617445579234,0.01386977981261884,0.0003069671490403148
test,scn2_structured_env23005,structured,transformer,2,1155,,wm,1.0,1.0,0.0,1.0,1.0,0.013539617445579234,0.01386977981261884,0.00047098693953377853
test,scn2_structured_env23005,structured,transformer,2,1710,,physics_persistence,1.0,1.0,0.0,1.0,1.0,0.002257874670951329,0.0037401709150745657,0.0013952123265977899
test,scn2_structured_env23005,structured,transformer,2,1710,,wm,1.0,1.0,0.0,1.0,1.0,0.002257874670951329,0.0037401709150745657,0.0014147401108151095
test,scn3_structured_env23005,structured,constant_alpha,3,1,,physics_persistence,0.990909090909091,1.0,0.0,0.6,0.6,1.6029606524423343,1.615382735044232,0.013075909202307834
test,scn3_structured_env23005,structured,constant_alpha,3,1,,wm,0.990909090909091,1.0,0.0,0.6,0.6,1.6029606524423343,1.615382735044232,0.012727966212468411
test,scn3_structured_env23005,structured,constant_alpha,3,1686,,physics_persistence,1.0,1.0,0.0,1.0,1.0,0.010293327803905869,0.01542949239710358,0.0049513487759186015
test,scn3_structured_env23005,structured,constant_alpha,3,1686,,wm,1.0,1.0,0.0,1.0,1.0,0.010293327803905869,0.01542949239710358,0.005054650106630089
test,scn3_structured_env23005,structured,constant_alpha,3,1364,,physics_persistence,1.0,1.0,0.0,1.0,1.0,0.0007771593763518086,0.0026537098721122632,0.0017158729710283131
test,scn3_structured_env23005,structured,constant_alpha,3,1364,,wm,1.0,1.0,0.0,1.0,1.0,0.0007771593763518086,0.0026537098721122632,0.0017693628873573916
test,scn3_structured_env23005,structured,transformer,3,957,,physics_persistence,0.9727272727272729,1.0,0.0,0.6,0.6,0.005165788682757381,0.005312478915539703,0.0001265840993520343
test,scn3_structured_env23005,structured,transformer,3,957,,wm,0.9636363636363637,1.0,0.0,0.6,0.6,0.005165788682757381,0.005312478915539703,8.515333143214576e-05
test,scn2_ou_current_env23005,ou_current,constant_alpha,2,8,,physics_persistence,0.9545454545454546,0.0,0.0225030725318374,0.5,0.4,1.9717446027865018,1.9769443171474075,0.0053720696310552984
test,scn2_ou_current_env23005,ou_current,constant_alpha,2,8,,wm,0.9727272727272729,0.0,0.0225030725318374,0.5,0.4,1.9717446027865018,1.9769443171474075,0.005280403150268453
test,scn2_ou_current_env23005,ou_current,constant_alpha,2,1710,,physics_persistence,1.0,1.0,0.0,1.0,1.0,0.19216131683233215,0.21209243034449501,0.02144009638158928
test,scn2_ou_current_env23005,ou_current,constant_alpha,2,1710,,wm,1.0,1.0,0.0,1.0,1.0,0.19216131683233215,0.21209243034449501,0.022174451740131856
test,scn2_ou_current_env23005,ou_current,constant_alpha,2,1318,,physics_persistence,1.0,1.0,0.0,1.0,1.0,0.011341778625483015,0.0222698160016502,0.01065312523958211
test,scn2_ou_current_env23005,ou_current,constant_alpha,2,1318,,wm,1.0,1.0,0.0,1.0,1.0,0.011341778625483015,0.0222698160016502,0.010708273112531185
test,scn2_ou_current_env23005,ou_current,constant_alpha,2,951,,physics_persistence,0.36363636363636365,0.0,0.2864798527380144,1.0,0.6,0.0006398489094551188,0.0011371183545670323,6.090568184749252e-05
test,scn2_ou_current_env23005,ou_current,constant_alpha,2,951,,wm,0.9727272727272729,0.0,0.05499054835743217,1.0,0.9,0.0006398489094551188,0.0011371183545670323,0.00014661329985548135
test,scn2_colored_noise_env23005,colored_noise,constant_alpha,2,1,,physics_persistence,0.3181818181818182,0.0,0.1317037483002633,0.4,0.6,1.650714005786198,1.6570966803461118,0.007246106349255044
test,scn2_colored_noise_env23005,colored_noise,constant_alpha,2,1,,wm,0.5272727272727273,0.0,0.04256842497998779,0.4,0.5,1.650714005786198,1.6570966803461118,0.00731377838998748
test,scn2_colored_noise_env23005,colored_noise,constant_alpha,2,584,,physics_persistence,1.0,1.0,0.0,1.0,1.0,0.17844237091030282,0.1947459428808537,0.023596195383350976
test,scn2_colored_noise_env23005,colored_noise,constant_alpha,2,584,,wm,1.0,1.0,0.0,1.0,1.0,0.17844237091030282,0.1947459428808537,0.023841298528665678
test,scn2_colored_noise_env23005,colored_noise,constant_alpha,2,1147,,physics_persistence,1.0,1.0,0.0,1.0,1.0,0.025569746661078363,0.0326485646556717,0.006694688749616082
test,scn2_colored_noise_env23005,colored_noise,constant_alpha,2,1147,,wm,1.0,1.0,0.0,1.0,1.0,0.025569746661078363,0.0326485646556717,0.00684518931797494
test,scn2_colored_noise_env23005,colored_noise,constant_alpha,2,1708,,physics_persistence,1.0,1.0,0.0,1.0,1.0,0.2811983574262779,0.3196858801130144,0.025507127129010987
test,scn2_colored_noise_env23005,colored_noise,constant_alpha,2,1708,,wm,1.0,1.0,0.0,1.0,1.0,0.2811983574262779,0.3196858801130144,0.026090714910781077
test,scn2_ou_current_env23005,ou_current,transformer,2,3,,physics_persistence,0.7818181818181819,0.0,0.027881332238201318,0.5,0.6,1.737804554760886,1.7425063011932043,0.008707536294488172
test,scn2_ou_current_env23005,ou_current,transformer,2,3,,wm,0.7181818181818183,0.0,0.1366152211911968,0.5,0.7,1.737804554760886,1.7425063011932043,0.008479531517311845
test,scn2_ou_current_env23005,ou_current,transformer,2,591,,physics_persistence,0.9818181818181818,1.0,0.0,0.8,0.8,0.0014365002264560324,0.0017163099437367334,0.00031098253375556927
test,scn2_ou_current_env23005,ou_current,transformer,2,591,,wm,0.9818181818181818,0.0,0.014493785819350529,0.8,0.9,0.0014365002264560324,0.0017163099437367334,0.0003766258415558116
test,scn2_ou_current_env23005,ou_current,transformer,2,1149,,physics_persistence,0.36363636363636365,0.0,0.6879158065072237,0.6,1.0,0.004042601715350942,0.0042169424614153,0.00025815390292939196
test,scn2_ou_current_env23005,ou_current,transformer,2,1149,,wm,0.36363636363636365,0.0,0.6879158065072237,0.6,1.0,0.004042601715350942,0.0042169424614153,0.00033068305471078974
test,scn2_ou_current_env23005,ou_current,transformer,2,1707,,physics_persistence,0.9727272727272729,0.0,0.03447370490985741,0.9,1.0,0.0033097204417499248,0.004976023720749848,0.0013599502097071648
test,scn2_ou_current_env23005,ou_current,transformer,2,1707,,wm,0.9727272727272729,0.0,0.03447370490985741,0.9,1.0,0.0033097204417499248,0.004976023720749848,0.001410570567882187
test,scn2_colored_noise_env23005,colored_noise,constant_alpha,2,3,,physics_persistence,-0.06363636363636364,0.0,0.14524010340860752,0.3,0.6,1.7440964301274278,1.7498156413749333,0.008543138231226877
test,scn2_colored_noise_env23005,colored_noise,constant_alpha,2,3,,wm,-0.06363636363636364,0.0,0.14524010340860752,0.3,0.6,1.7440964301274278,1.7498156413749333,0.008209908223856255
test,scn2_colored_noise_env23005,colored_noise,constant_alpha,2,1151,,physics_persistence,1.0,1.0,0.0,1.0,1.0,0.005557027471849598,0.006604602718304433,0.0013163539887703227
test,scn2_colored_noise_env23005,colored_noise,constant_alpha,2,1151,,wm,1.0,1.0,0.0,1.0,1.0,0.005557027471849598,0.006604602718304433,0.0011818021535528076
test,scn2_colored_noise_env23005,colored_noise,constant_alpha,2,191,,physics_persistence,1.0,1.0,0.0,0.0,0.0,0.19176618129654474,0.1993619656743912,0.010591445408086292
test,scn2_colored_noise_env23005,colored_noise,constant_alpha,2,191,,wm,1.0,1.0,0.0,0.0,0.0,0.19176618129654474,0.1993619656743912,0.0075580328302015665
test,scn2_colored_noise_env23005,colored_noise,constant_alpha,2,1326,,physics_persistence,0.990909090909091,0.0,0.005452594630922924,0.9,1.0,0.0013225144470909293,0.004105657160298859,0.002597801193618199
test,scn2_colored_noise_env23005,colored_noise,constant_alpha,2,1326,,wm,0.990909090909091,0.0,0.005452594630922924,0.9,1.0,0.0013225144470909293,0.004105657160298859,0.0027377929260660487
test,scn2_random_freq_amp_env23005,random_freq_amp,constant_alpha,2,3,,physics_persistence,1.0,1.0,0.0,1.0,1.0,1.627581688009108,1.669225058476464,0.03796038332572915
test,scn2_random_freq_amp_env23005,random_freq_amp,constant_alpha,2,3,,wm,1.0,1.0,0.0,1.0,1.0,1.627581688009108,1.669225058476464,0.03663004192096753
test,scn2_random_freq_amp_env23005,random_freq_amp,constant_alpha,2,633,,physics_persistence,1.0,1.0,0.0,1.0,1.0,29.48737990878137,29.663800040714328,0.17393955254160076
test,scn2_random_freq_amp_env23005,random_freq_amp,constant_alpha,2,633,,wm,0.990909090909091,0.0,0.0005928335791186772,1.0,0.9,29.48737990878137,29.663800040714328,0.16934590533129779
test,scn2_random_freq_amp_env23005,random_freq_amp,constant_alpha,2,1188,,physics_persistence,1.0,1.0,0.0,0.0,0.0,19.234909105414594,19.865140066380278,0.6286038786781702
test,scn2_random_freq_amp_env23005,random_freq_amp,constant_alpha,2,1188,,wm,1.0,1.0,0.0,0.0,0.0,19.234909105414594,19.865140066380278,0.6487567150948621
test,scn2_random_freq_amp_env23005,random_freq_amp,constant_alpha,2,1733,,physics_persistence,1.0,1.0,0.0,0.8,0.8,0.04348415208453002,0.04998567091572512,0.006699015261143949
test,scn2_random_freq_amp_env23005,random_freq_amp,constant_alpha,2,1733,,wm,0.9818181818181818,1.0,0.0,0.8,0.8,0.04348415208453002,0.04998567091572512,0.005943158779687659
test,scn2_colored_noise_env23005,colored_noise,transformer,2,6,,physics_persistence,0.6000000000000001,0.0,0.07538978312707587,0.2,0.4,1.8901151024044436,1.8996514643571518,0.007604659614125486
test,scn2_colored_noise_env23005,colored_noise,transformer,2,6,,wm,0.6000000000000001,0.0,0.07538978312707587,0.2,0.4,1.8901151024044436,1.8996514643571518,0.007537559450056186
test,scn2_colored_noise_env23005,colored_noise,transformer,2,581,,physics_persistence,0.5272727272727273,0.0,0.10235766134052028,0.7,0.5,0.002240662067490627,0.0029757400925305485,0.00015230074154651795
test,scn2_colored_noise_env23005,colored_noise,transformer,2,581,,wm,0.8181818181818182,0.0,0.07546973290891741,0.7,0.9,0.002240662067490627,0.0029757400925305485,0.0004994399931124299
test,scn2_colored_noise_env23005,colored_noise,transformer,2,1142,,physics_persistence,-0.5272727272727273,0.0,1.0,0.4,1.0,0.0036828028005408604,0.003951044851448523,0.00031442151460635715
test,scn2_colored_noise_env23005,colored_noise,transformer,2,1142,,wm,-0.02727272727272728,0.0,0.23225663439543592,0.4,0.7,0.0036828028005408604,0.003951044851448523,0.00010355163477063743
test,scn2_colored_noise_env23005,colored_noise,transformer,2,1704,,physics_persistence,0.9363636363636365,0.0,0.04181292796163835,0.8,1.0,0.0036796092171252686,0.005375576655546993,0.0013238380240394717
test,scn2_colored_noise_env23005,colored_noise,transformer,2,1704,,wm,0.9363636363636365,0.0,0.04181292796163835,0.8,1.0,0.0036796092171252686,0.005375576655546993,0.0013691261012325827
test,scn2_random_freq_amp_env23005,random_freq_amp,constant_alpha,2,1,,physics_persistence,1.0,1.0,0.0,0.9,0.9,1.5604726390683237,1.5835754279693692,0.02091356080980944
test,scn2_random_freq_amp_env23005,random_freq_amp,constant_alpha,2,1,,wm,0.990909090909091,1.0,0.0,0.9,0.9,1.5604726390683237,1.5835754279693692,0.020475162476556896
test,scn2_random_freq_amp_env23005,random_freq_amp,constant_alpha,2,1158,,physics_persistence,1.0,1.0,0.0,0.0,0.0,0.04215167183875698,0.0454285955483132,0.0024914892570187253
test,scn2_random_freq_amp_env23005,random_freq_amp,constant_alpha,2,1158,,wm,1.0,1.0,0.0,0.0,0.0,0.04215167183875698,0.0454285955483132,0.00046221367730049645
test,scn2_random_freq_amp_env23005,random_freq_amp,constant_alpha,2,254,,physics_persistence,1.0,1.0,0.0,0.0,0.0,0.04602881829961836,0.04926977679617411,0.0035837878131039294
test,scn2_random_freq_amp_env23005,random_freq_amp,constant_alpha,2,254,,wm,1.0,1.0,0.0,0.0,0.0,0.04602881829961836,0.04926977679617411,0.003085643093859107
test,scn2_random_freq_amp_env23005,random_freq_amp,constant_alpha,2,1350,,physics_persistence,1.0,1.0,0.0,1.0,1.0,0.0013550558714165452,0.004321123743502197,0.0030899741566906523
test,scn2_random_freq_amp_env23005,random_freq_amp,constant_alpha,2,1350,,wm,1.0,1.0,0.0,1.0,1.0,0.0013550558714165452,0.004321123743502197,0.0029289350932549603
test,scn2_mass_damping_mismatch_env23005,mass_damping_mismatch,constant_alpha,2,36,,physics_persistence,1.0,1.0,0.0,0.0,0.0,2.4529163824999345,2.5883148332773445,0.14174819601978772
test,scn2_mass_damping_mismatch_env23005,mass_damping_mismatch,constant_alpha,2,36,,wm,1.0,1.0,0.0,0.0,0.0,2.4529163824999345,2.5883148332773445,0.14268957499143298
test,scn2_mass_damping_mismatch_env23005,mass_damping_mismatch,constant_alpha,2,656,,physics_persistence,0.9636363636363637,0.0,0.0024783366310177977,0.7,0.8,0.433074593222911,0.45442181183130137,0.026097440277749184
test,scn2_mass_damping_mismatch_env23005,mass_damping_mismatch,constant_alpha,2,656,,wm,0.9272727272727275,0.0,0.0024783366310177977,0.7,0.8,0.433074593222911,0.45442181183130137,0.027527810872131353
test,scn2_mass_damping_mismatch_env23005,mass_damping_mismatch,constant_alpha,2,1188,,physics_persistence,0.990909090909091,0.0,0.00035772292459820165,0.7,0.8,0.23409100447188905,0.2467639772407475,0.01283961871164857
test,scn2_mass_damping_mismatch_env23005,mass_damping_mismatch,constant_alpha,2,1188,,wm,0.9818181818181818,1.0,0.0,0.7,0.7,0.23409100447188905,0.2467639772407475,0.011910128024492178
test,scn2_mass_damping_mismatch_env23005,mass_damping_mismatch,constant_alpha,2,1722,,physics_persistence,1.0,1.0,0.0,0.9,0.9,0.6219233416696178,0.6645817929718726,0.042438598219580626
test,scn2_mass_damping_mismatch_env23005,mass_damping_mismatch,constant_alpha,2,1722,,wm,1.0,1.0,0.0,0.9,0.9,0.6219233416696178,0.6645817929718726,0.0437135862449074
test,scn2_random_freq_amp_env23005,random_freq_amp,transformer,2,3,,physics_persistence,1.0,1.0,0.0,1.0,1.0,1.6276751200477682,1.669225058476464,0.03786521847135571
test,scn2_random_freq_amp_env23005,random_freq_amp,transformer,2,3,,wm,1.0,1.0,0.0,1.0,1.0,1.6276751200477682,1.669225058476464,0.03769910499538387
test,scn2_random_freq_amp_env23005,random_freq_amp,transformer,2,627,,physics_persistence,0.990909090909091,1.0,0.0,0.9,0.9,27.227406831012754,27.322571959906824,0.09668323956060831
test,scn2_random_freq_amp_env23005,random_freq_amp,transformer,2,627,,wm,0.9727272727272729,0.0,0.01507608771003179,0.9,1.0,27.227406831012754,27.322571959906824,0.10668430339078938
test,scn2_random_freq_amp_env23005,random_freq_amp,transformer,2,1164,,physics_persistence,1.0,1.0,0.0,1.0,1.0,76.78734119933455,78.07046864829391,1.2779005005617563
test,scn2_random_freq_amp_env23005,random_freq_amp,transformer,2,1164,,wm,1.0,1.0,0.0,1.0,1.0,76.78734119933455,78.07046864829391,1.252703186002762
test,scn2_random_freq_amp_env23005,random_freq_amp,transformer,2,1730,,physics_persistence,1.0,1.0,0.0,1.0,1.0,0.02394749526895364,0.025812279711339738,0.0019413731365372812
test,scn2_random_freq_amp_env23005,random_freq_amp,transformer,2,1730,,wm,1.0,1.0,0.0,1.0,1.0,0.02394749526895364,0.025812279711339738,0.0018406811545692847
test,scn2_mass_damping_mismatch_env23005,mass_damping_mismatch,constant_alpha,2,3,,physics_persistence,0.9727272727272729,0.0,0.010626350431843254,0.8,0.7,1.6925408422602795,1.70587613690026,0.011285799497902982
test,scn2_mass_damping_mismatch_env23005,mass_damping_mismatch,constant_alpha,2,3,,wm,0.9727272727272729,0.0,0.010626350431843254,0.8,0.7,1.6925408422602795,1.70587613690026,0.01179937788616403
test,scn2_mass_damping_mismatch_env23005,mass_damping_mismatch,constant_alpha,2,1145,,physics_persistence,1.0,1.0,0.0,1.0,1.0,0.024100880223300033,0.028698272595728436,0.0047492485790465964
test,scn2_mass_damping_mismatch_env23005,mass_damping_mismatch,constant_alpha,2,1145,,wm,1.0,1.0,0.0,1.0,1.0,0.024100880223300033,0.028698272595728436,0.00397006242959836
test,scn2_mass_damping_mismatch_env23005,mass_damping_mismatch,constant_alpha,2,241,,physics_persistence,1.0,1.0,0.0,0.0,0.0,0.07168731126278714,0.08129743022238135,0.009886721269879259
test,scn2_mass_damping_mismatch_env23005,mass_damping_mismatch,constant_alpha,2,241,,wm,1.0,1.0,0.0,0.0,0.0,0.07168731126278714,0.08129743022238135,0.009873055209369833
test,scn2_mass_damping_mismatch_env23005,mass_damping_mismatch,constant_alpha,2,1346,,physics_persistence,1.0,1.0,0.0,0.8,0.8,0.0018521893434875567,0.003134084860593762,0.001232122460238721
test,scn2_mass_damping_mismatch_env23005,mass_damping_mismatch,constant_alpha,2,1346,,wm,0.9818181818181818,1.0,0.0,0.8,0.8,0.0018521893434875567,0.003134084860593762,0.0011763664174191213
test,scn3_actuator_delay_noise_env23005,actuator_delay_noise,constant_alpha,3,1,,physics_persistence,0.990909090909091,1.0,0.0,0.8,0.8,1.6389894288473699,1.6513513638112483,0.013086509138653835
test,scn3_actuator_delay_noise_env23005,actuator_delay_noise,constant_alpha,3,1,,wm,0.990909090909091,1.0,0.0,0.8,0.8,1.6389894288473699,1.6513513638112483,0.012570742137405055
test,scn3_actuator_delay_noise_env23005,actuator_delay_noise,constant_alpha,3,604,,physics_persistence,1.0,1.0,0.0,1.0,1.0,0.05933548469616911,0.06823616090281101,0.009190367635894016
test,scn3_actuator_delay_noise_env23005,actuator_delay_noise,constant_alpha,3,604,,wm,1.0,1.0,0.0,1.0,1.0,0.05933548469616911,0.06823616090281101,0.00909479875520288
test,scn3_actuator_delay_noise_env23005,actuator_delay_noise,constant_alpha,3,1158,,physics_persistence,1.0,1.0,0.0,0.7,0.7,0.28274082350710805,0.3147992321506436,0.033233359544958985
test,scn3_actuator_delay_noise_env23005,actuator_delay_noise,constant_alpha,3,1158,,wm,1.0,1.0,0.0,0.7,0.7,0.28274082350710805,0.3147992321506436,0.03334516569661833
test,scn3_actuator_delay_noise_env23005,actuator_delay_noise,constant_alpha,3,1711,,physics_persistence,1.0,1.0,0.0,0.7,0.7,0.09836977146560559,0.1172504314289283,0.019324188999782457
test,scn3_actuator_delay_noise_env23005,actuator_delay_noise,constant_alpha,3,1711,,wm,1.0,1.0,0.0,0.7,0.7,0.09836977146560559,0.1172504314289283,0.019601971883886585
test,scn2_mass_damping_mismatch_env23005,mass_damping_mismatch,transformer,2,10,,physics_persistence,1.0,1.0,0.0,1.0,1.0,2.016630017177346,2.053710620045968,0.03420878418636164
test,scn2_mass_damping_mismatch_env23005,mass_damping_mismatch,transformer,2,10,,wm,1.0,1.0,0.0,1.0,1.0,2.016630017177346,2.053710620045968,0.03465102190488034
test,scn2_mass_damping_mismatch_env23005,mass_damping_mismatch,transformer,2,576,,physics_persistence,1.0,1.0,0.0,1.0,1.0,0.03841361968452531,0.04157957552631003,0.003363362157446481
test,scn2_mass_damping_mismatch_env23005,mass_damping_mismatch,transformer,2,576,,wm,1.0,1.0,0.0,1.0,1.0,0.03841361968452531,0.04157957552631003,0.003583776488863516
test,scn2_mass_damping_mismatch_env23005,mass_damping_mismatch,transformer,2,1140,,physics_persistence,1.0,1.0,0.0,1.0,1.0,0.011562685741830468,0.014367071725780868,0.0017831335087892895
test,scn2_mass_damping_mismatch_env23005,mass_damping_mismatch,transformer,2,1140,,wm,1.0,1.0,0.0,1.0,1.0,0.011562685741830468,0.014367071725780868,0.0014323431194921375
test,scn2_mass_damping_mismatch_env23005,mass_damping_mismatch,transformer,2,1704,,physics_persistence,1.0,1.0,0.0,1.0,1.0,0.0005339865171454406,0.0017530700199352015,0.001178575124391112
test,scn2_mass_damping_mismatch_env23005,mass_damping_mismatch,transformer,2,1704,,wm,1.0,1.0,0.0,1.0,1.0,0.0005339865171454406,0.0017530700199352015,0.001208086553921164
test,scn3_actuator_delay_noise_env23005,actuator_delay_noise,constant_alpha,3,9,,physics_persistence,0.9636363636363637,1.0,0.0,0.6,0.6,2.443312363955518,2.4593287594937414,0.016176803468849865
test,scn3_actuator_delay_noise_env23005,actuator_delay_noise,constant_alpha,3,9,,wm,0.9727272727272729,1.0,0.0,0.6,0.6,2.443312363955518,2.4593287594937414,0.01537143380049022
test,scn3_actuator_delay_noise_env23005,actuator_delay_noise,constant_alpha,3,1118,,physics_persistence,1.0,1.0,0.0,1.0,1.0,0.2428300266043487,0.2858689766644319,0.044224298133555384
test,scn3_actuator_delay_noise_env23005,actuator_delay_noise,constant_alpha,3,1118,,wm,1.0,1.0,0.0,1.0,1.0,0.2428300266043487,0.2858689766644319,0.04492840616117841
test,scn3_actuator_delay_noise_env23005,actuator_delay_noise,constant_alpha,3,167,,physics_persistence,1.0,1.0,0.0,0.0,0.0,0.49377340242862855,0.5253478526021544,0.03152735742170809
test,scn3_actuator_delay_noise_env23005,actuator_delay_noise,constant_alpha,3,167,,wm,1.0,1.0,0.0,0.0,0.0,0.49377340242862855,0.5253478526021544,0.03264404275231558
test,scn3_actuator_delay_noise_env23005,actuator_delay_noise,constant_alpha,3,1313,,physics_persistence,1.0,1.0,0.0,0.6,0.6,67.94956020122089,68.58656864975333,0.6378400332548182
test,scn3_actuator_delay_noise_env23005,actuator_delay_noise,constant_alpha,3,1313,,wm,0.9727272727272729,1.0,0.0,0.6,0.6,67.94956020122089,68.58656864975333,0.6812484188553469
test,scn1_structured_env23006,structured,constant_alpha,1,8,,physics_persistence,1.0,1.0,0.0,1.0,1.0,1.4235419237375038,1.4675190046451037,0.04830656865802618
test,scn1_structured_env23006,structured,constant_alpha,1,8,,wm,1.0,1.0,0.0,1.0,1.0,1.4235419237375038,1.4675190046451037,0.04790742550169291
test,scn1_structured_env23006,structured,constant_alpha,1,636,,physics_persistence,1.0,1.0,0.0,1.0,1.0,0.1021724978368395,0.11757364443438509,0.015546566781233562
test,scn1_structured_env23006,structured,constant_alpha,1,636,,wm,1.0,1.0,0.0,1.0,1.0,0.1021724978368395,0.11757364443438509,0.015620254913319448
test,scn1_structured_env23006,structured,constant_alpha,1,1177,,physics_persistence,1.0,1.0,0.0,0.0,0.0,0.3071957922664358,0.31879025542947154,0.01096283223663902
test,scn1_structured_env23006,structured,constant_alpha,1,1177,,wm,1.0,1.0,0.0,0.0,0.0,0.3071957922664358,0.31879025542947154,0.00801831161930372
test,scn1_structured_env23006,structured,constant_alpha,1,1721,,physics_persistence,1.0,1.0,0.0,1.0,1.0,0.12629582927949726,0.14509211623227442,0.018540470417844068
test,scn1_structured_env23006,structured,constant_alpha,1,1721,,wm,1.0,1.0,0.0,1.0,1.0,0.12629582927949726,0.14509211623227442,0.01910844494876207
test,scn3_actuator_delay_noise_env23005,actuator_delay_noise,transformer,3,1,,physics_persistence,0.990909090909091,1.0,0.0,0.8,0.8,1.638983129002203,1.6513513638112483,0.013092802216031707
test,scn3_actuator_delay_noise_env23005,actuator_delay_noise,transformer,3,1,,wm,0.990909090909091,1.0,0.0,0.8,0.8,1.638983129002203,1.6513513638112483,0.012862505928334711
test,scn3_actuator_delay_noise_env23005,actuator_delay_noise,transformer,3,634,,physics_persistence,1.0,1.0,0.0,1.0,1.0,3.0653037929635323,3.3568238054042014,0.2921968851295058
test,scn3_actuator_delay_noise_env23005,actuator_delay_noise,transformer,3,634,,wm,1.0,1.0,0.0,1.0,1.0,3.0653037929635323,3.3568238054042014,0.2895827321834692
test,scn3_actuator_delay_noise_env23005,actuator_delay_noise,transformer,3,1139,,physics_persistence,0.9818181818181818,0.0,0.004815794881697824,0.1,0.2,0.33271853759011083,0.3473855403671561,0.01376372043718005
test,scn3_actuator_delay_noise_env23005,actuator_delay_noise,transformer,3,1139,,wm,1.0,1.0,0.0,0.1,0.1,0.33271853759011083,0.3473855403671561,0.013462903271169113
test,scn3_actuator_delay_noise_env23005,actuator_delay_noise,transformer,3,1715,,physics_persistence,1.0,1.0,0.0,1.0,1.0,0.5195783743133031,0.7639477152679448,0.2444155884509347
test,scn3_actuator_delay_noise_env23005,actuator_delay_noise,transformer,3,1715,,wm,1.0,1.0,0.0,1.0,1.0,0.5195783743133031,0.7639477152679448,0.24218476570610759
test,scn1_structured_env23006,structured,constant_alpha,1,12,,physics_persistence,1.0,1.0,0.0,1.0,1.0,1.5180168732639316,1.56628560226592,0.05194089265781021
test,scn1_structured_env23006,structured,constant_alpha,1,12,,wm,1.0,1.0,0.0,1.0,1.0,1.5180168732639316,1.56628560226592,0.05098495040029438
test,scn1_structured_env23006,structured,constant_alpha,1,1743,,physics_persistence,1.0,1.0,0.0,1.0,1.0,0.0063056856471559045,0.012433588317779085,0.006153070025140705
test,scn1_structured_env23006,structured,constant_alpha,1,1743,,wm,1.0,1.0,0.0,1.0,1.0,0.0063056856471559045,0.012433588317779085,0.006401472827717302
test,scn1_structured_env23006,structured,constant_alpha,1,1375,,physics_persistence,1.0,1.0,0.0,1.0,1.0,0.002180916156377615,0.004894377984249385,0.002650385147003187
test,scn1_structured_env23006,structured,constant_alpha,1,1375,,wm,1.0,1.0,0.0,1.0,1.0,0.002180916156377615,0.004894377984249385,0.0027105251145116615
test,scn1_structured_env23006,structured,transformer,1,989,,physics_persistence,0.9727272727272729,1.0,0.0,0.0,0.0,0.023523830364335536,0.023792635666828477,0.00042214744512316174
test,scn1_structured_env23006,structured,transformer,1,989,,wm,0.9727272727272729,1.0,0.0,0.0,0.0,0.023523830364335536,0.023792635666828477,0.0004890107688346364
test,scn2_structured_env23006,structured,constant_alpha,2,7,,physics_persistence,1.0,1.0,0.0,1.0,1.0,1.4062750358693468,1.441434347264417,0.03316756763340867
test,scn2_structured_env23006,structured,constant_alpha,2,7,,wm,1.0,1.0,0.0,1.0,1.0,1.4062750358693468,1.441434347264417,0.033059673109234744
test,scn2_structured_env23006,structured,constant_alpha,2,1716,,physics_persistence,1.0,1.0,0.0,0.9,0.9,0.4640379857587703,0.5007637629113273,0.03650107024558247
test,scn2_structured_env23006,structured,constant_alpha,2,1716,,wm,1.0,1.0,0.0,0.9,0.9,0.4640379857587703,0.5007637629113273,0.03730898648256398
test,scn2_structured_env23006,structured,constant_alpha,2,1372,,physics_persistence,1.0,1.0,0.0,1.0,1.0,0.016200022509048572,0.02759220347291245,0.011675822926756233
test,scn2_structured_env23006,structured,constant_alpha,2,1372,,wm,1.0,1.0,0.0,1.0,1.0,0.016200022509048572,0.02759220347291245,0.01157786516628605
test,scn2_structured_env23006,structured,constant_alpha,2,978,,physics_persistence,0.881818181818182,0.0,0.03095622588769163,0.0,0.2,0.0626672554685983,0.06309325116811607,0.0001341138719847118
test,scn2_structured_env23006,structured,constant_alpha,2,978,,wm,1.0,1.0,0.0,0.0,0.0,0.0626672554685983,0.06309325116811607,0.0003437048092512149
test,scn3_structured_env23006,structured,constant_alpha,3,9,,physics_persistence,1.0,1.0,0.0,1.0,1.0,1.4425921281606313,1.4933845529786418,0.05014794123806632
test,scn3_structured_env23006,structured,constant_alpha,3,9,,wm,1.0,1.0,0.0,1.0,1.0,1.4425921281606313,1.4933845529786418,0.049609253147000265
test,scn3_structured_env23006,structured,constant_alpha,3,616,,physics_persistence,1.0,1.0,0.0,1.0,1.0,0.0964565912943221,0.10867525088516748,0.013340934892781112
test,scn3_structured_env23006,structured,constant_alpha,3,616,,wm,1.0,1.0,0.0,1.0,1.0,0.0964565912943221,0.10867525088516748,0.013635239687625061
test,scn3_structured_env23006,structured,constant_alpha,3,1166,,physics_persistence,1.0,1.0,0.0,1.0,1.0,0.04548403309519182,0.04860339818011247,0.0038102676077482467
test,scn3_structured_env23006,structured,constant_alpha,3,1166,,wm,1.0,1.0,0.0,1.0,1.0,0.04548403309519182,0.04860339818011247,0.0036525428363055126
test,scn3_structured_env23006,structured,constant_alpha,3,1715,,physics_persistence,1.0,1.0,0.0,0.9,0.9,0.2373484045078034,0.261451672448217,0.024717262780380084
test,scn3_structured_env23006,structured,constant_alpha,3,1715,,wm,0.990909090909091,0.0,0.006553835731135217,0.9,1.0,0.2373484045078034,0.261451672448217,0.025630577529870996
test,scn2_structured_env23006,structured,transformer,2,1,,physics_persistence,1.0,1.0,0.0,0.9,0.9,1.2642161227892943,1.2918476191453636,0.026559380111286224
test,scn2_structured_env23006,structured,transformer,2,1,,wm,1.0,1.0,0.0,0.9,0.9,1.2642161227892943,1.2918476191453636,0.026605234453507043
test,scn2_structured_env23006,structured,transformer,2,633,,physics_persistence,0.9818181818181818,1.0,0.0,0.5,0.5,0.0019362942340967145,0.0020539628151952168,0.00010955311479894582
test,scn2_structured_env23006,structured,transformer,2,633,,wm,0.990909090909091,1.0,0.0,0.5,0.5,0.0019362942340967145,0.0020539628151952168,0.00012688210382786236
test,scn2_structured_env23006,structured,transformer,2,1176,,physics_persistence,1.0,1.0,0.0,1.0,1.0,0.011160890016561575,0.012561453796720098,0.0010883770198995332
test,scn2_structured_env23006,structured,transformer,2,1176,,wm,1.0,1.0,0.0,1.0,1.0,0.011160890016561575,0.012561453796720098,0.0012326472064955272
test,scn2_structured_env23006,structured,transformer,2,1718,,physics_persistence,1.0,1.0,0.0,1.0,1.0,0.003451906092204649,0.004788095080764524,0.0014736447016775885
test,scn2_structured_env23006,structured,transformer,2,1718,,wm,1.0,1.0,0.0,1.0,1.0,0.003451906092204649,0.004788095080764524,0.0014465711539138667
test,scn3_structured_env23006,structured,constant_alpha,3,11,,physics_persistence,1.0,1.0,0.0,1.0,1.0,1.4915353168432892,1.5428001596610597,0.04971559944200066
test,scn3_structured_env23006,structured,constant_alpha,3,11,,wm,1.0,1.0,0.0,1.0,1.0,1.4915353168432892,1.5428001596610597,0.04923176522838424
test,scn3_structured_env23006,structured,constant_alpha,3,1183,,physics_persistence,1.0,1.0,0.0,1.0,1.0,0.005677414455641317,0.007215153229268904,0.0017380006330741634
test,scn3_structured_env23006,structured,constant_alpha,3,1183,,wm,1.0,1.0,0.0,1.0,1.0,0.005677414455641317,0.007215153229268904,0.0017406708358203848
test,scn3_structured_env23006,structured,constant_alpha,3,263,,physics_persistence,0.9818181818181818,0.0,0.0012071094066258272,0.9,0.8,0.015272170776142414,0.016730246972699543,0.0012526766202609913
test,scn3_structured_env23006,structured,constant_alpha,3,263,,wm,0.9818181818181818,0.0,0.0012071094066258272,0.9,0.8,0.015272170776142414,0.016730246972699543,0.0013447313582399239
test,scn3_structured_env23006,structured,constant_alpha,3,1352,,physics_persistence,1.0,1.0,0.0,1.0,1.0,0.0010337681618028608,0.003059104152639937,0.0018224535524240754
test,scn3_structured_env23006,structured,constant_alpha,3,1352,,wm,1.0,1.0,0.0,1.0,1.0,0.0010337681618028608,0.003059104152639937,0.0018934662086823016
test,scn2_ou_current_env23006,ou_current,constant_alpha,2,15,,physics_persistence,1.0,1.0,0.0,0.0,0.0,1.6259305235141428,1.6593234432356174,0.03571394069010103
test,scn2_ou_current_env23006,ou_current,constant_alpha,2,15,,wm,1.0,1.0,0.0,0.0,0.0,1.6259305235141428,1.6593234432356174,0.0373302766164576
test,scn2_ou_current_env23006,ou_current,constant_alpha,2,629,,physics_persistence,1.0,1.0,0.0,0.9,0.9,0.35624688019106393,0.386457041511319,0.028760885676356207
test,scn2_ou_current_env23006,ou_current,constant_alpha,2,629,,wm,1.0,1.0,0.0,0.9,0.9,0.35624688019106393,0.386457041511319,0.029103263366254628
test,scn2_ou_current_env23006,ou_current,constant_alpha,2,1175,,physics_persistence,0.990909090909091,1.0,0.0,0.9,0.9,0.08979415700752306,0.101149389815406,0.011208099236373767
test,scn2_ou_current_env23006,ou_current,constant_alpha,2,1175,,wm,0.990909090909091,1.0,0.0,0.9,0.9,0.08979415700752306,0.101149389815406,0.011321255106371636
test,scn2_ou_current_env23006,ou_current,constant_alpha,2,1718,,physics_persistence,0.990909090909091,1.0,0.0,0.8,0.8,0.3372752909838573,0.3678614556662267,0.03132457599751537
test,scn2_ou_current_env23006,ou_current,constant_alpha,2,1718,,wm,0.990909090909091,1.0,0.0,0.8,0.8,0.3372752909838573,0.3678614556662267,0.03197899957462358
test,scn3_structured_env23006,structured,transformer,3,12,,physics_persistence,1.0,1.0,0.0,1.0,1.0,1.5179950347178555,1.56628560226592,0.05196318976828018
test,scn3_structured_env23006,structured,transformer,3,12,,wm,1.0,1.0,0.0,1.0,1.0,1.5179950347178555,1.56628560226592,0.05082408169721342
test,scn3_structured_env23006,structured,transformer,3,635,,physics_persistence,1.0,1.0,0.0,0.9,0.9,0.0006246791432541271,0.0012180325995488398,0.0005490796769335478
test,scn3_structured_env23006,structured,transformer,3,635,,wm,1.0,1.0,0.0,0.9,0.9,0.0006246791432541271,0.0012180325995488398,0.0006401300042040947
test,scn3_structured_env23006,structured,transformer,3,1176,,physics_persistence,1.0,1.0,0.0,1.0,1.0,0.003466757633689349,0.004062236588018125,0.0005853098811648607
test,scn3_structured_env23006,structured,transformer,3,1176,,wm,1.0,1.0,0.0,1.0,1.0,0.003466757633689349,0.004062236588018125,0.0005775917414047337
test,scn3_structured_env23006,structured,transformer,3,1720,,physics_persistence,1.0,1.0,0.0,1.0,1.0,0.004206501678367075,0.005699201794586026,0.0016066095072748213
test,scn3_structured_env23006,structured,transformer,3,1720,,wm,1.0,1.0,0.0,1.0,1.0,0.004206501678367075,0.005699201794586026,0.0016651338095336216
test,scn2_ou_current_env23006,ou_current,constant_alpha,2,4,,physics_persistence,0.8909090909090911,1.0,0.0,0.6,0.6,1.3811262644755742,1.3858755766292856,0.00782301826159304
test,scn2_ou_current_env23006,ou_current,constant_alpha,2,4,,wm,0.8909090909090911,1.0,0.0,0.6,0.6,1.3811262644755742,1.3858755766292856,0.008173067684258628
test,scn2_ou_current_env23006,ou_current,constant_alpha,2,1162,,physics_persistence,1.0,1.0,0.0,1.0,1.0,0.006180873489883851,0.007883438066182937,0.001355166709860513
test,scn2_ou_current_env23006,ou_current,constant_alpha,2,1162,,wm,1.0,1.0,0.0,1.0,1.0,0.006180873489883851,0.007883438066182937,0.0016606993331929332
test,scn2_ou_current_env23006,ou_current,constant_alpha,2,239,,physics_persistence,0.9181818181818183,0.0,0.0126737118875354,0.7,0.8,0.017089446087165425,0.01802700783629755,0.0010985313362542153
test,scn2_ou_current_env23006,ou_current,constant_alpha,2,239,,wm,0.9727272727272729,0.0,0.0126737118875354,0.7,0.8,0.017089446087165425,0.01802700783629755,0.0010244942102132712
test,scn2_ou_current_env23006,ou_current,constant_alpha,2,1345,,physics_persistence,1.0,1.0,0.0,1.0,1.0,0.0008780864204351291,0.0036436379420087036,0.0025544295240095705
test,scn2_ou_current_env23006,ou_current,constant_alpha,2,1345,,wm,1.0,1.0,0.0,1.0,1.0,0.0008780864204351291,0.0036436379420087036,0.0026323482954684176
test,scn2_colored_noise_env23006,colored_noise,constant_alpha,2,10,,physics_persistence,0.9545454545454546,0.0,0.011531798372584562,0.1,0.2,1.5393273731776016,1.5539582101660683,0.013661292428932992
test,scn2_colored_noise_env23006,colored_noise,constant_alpha,2,10,,wm,0.9545454545454546,0.0,0.011531798372584562,0.1,0.2,1.5393273731776016,1.5539582101660683,0.014875173865956492
test,scn2_colored_noise_env23006,colored_noise,constant_alpha,2,600,,physics_persistence,1.0,1.0,0.0,1.0,1.0,0.20669485941921226,0.21878086268430733,0.020146805315166605
test,scn2_colored_noise_env23006,colored_noise,constant_alpha,2,600,,wm,1.0,1.0,0.0,1.0,1.0,0.20669485941921226,0.21878086268430733,0.020848092930081552
test,scn2_colored_noise_env23006,colored_noise,constant_alpha,2,1157,,physics_persistence,1.0,1.0,0.0,1.0,1.0,0.037464079731410235,0.046954215472030096,0.009744298037559128
test,scn2_colored_noise_env23006,colored_noise,constant_alpha,2,1157,,wm,1.0,1.0,0.0,1.0,1.0,0.037464079731410235,0.046954215472030096,0.009756418040223841
test,scn2_colored_noise_env23006,colored_noise,constant_alpha,2,1711,,physics_persistence,0.990909090909091,1.0,0.0,0.8,0.8,0.43147184707354885,0.4716784723430137,0.03989952579112083
test,scn2_colored_noise_env23006,colored_noise,constant_alpha,2,1711,,wm,0.990909090909091,1.0,0.0,0.8,0.8,0.43147184707354885,0.4716784723430137,0.03970673868853958
test,scn2_ou_current_env23006,ou_current,transformer,2,6,,physics_persistence,0.9181818181818183,0.0,0.05359963986801178,0.6,0.7,1.432047577350383,1.4369171263112945,0.007068656125499562
test,scn2_ou_current_env23006,ou_current,transformer,2,6,,wm,0.9636363636363637,1.0,0.0,0.6,0.6,1.432047577350383,1.4369171263112945,0.007136933040913451
test,scn2_ou_current_env23006,ou_current,transformer,2,622,,physics_persistence,0.990909090909091,0.0,0.0029716003186267136,1.0,0.9,0.0007712163119527597,0.0015629543759764027,0.0007155464731146175
test,scn2_ou_current_env23006,ou_current,transformer,2,622,,wm,0.990909090909091,0.0,0.0029716003186267136,1.0,0.9,0.0007712163119527597,0.0015629543759764027,0.0007252931832293918
test,scn2_ou_current_env23006,ou_current,transformer,2,1171,,physics_persistence,0.6727272727272727,0.0,0.08731462003280425,0.8,0.6,0.003928631916346728,0.004639423184166847,0.00013636536384896859
test,scn2_ou_current_env23006,ou_current,transformer,2,1171,,wm,0.9545454545454546,0.0,0.006619343269198904,0.8,0.9,0.003928631916346728,0.004639423184166847,0.000307508090437867
test,scn2_ou_current_env23006,ou_current,transformer,2,1716,,physics_persistence,1.0,1.0,0.0,1.0,1.0,0.0037350090608159435,0.005120837314516905,0.001684701700337465
test,scn2_ou_current_env23006,ou_current,transformer,2,1716,,wm,1.0,1.0,0.0,1.0,1.0,0.0037350090608159435,0.005120837314516905,0.0017632602528172571
test,scn2_colored_noise_env23006,colored_noise,constant_alpha,2,45,,physics_persistence,1.0,1.0,0.0,0.0,0.0,1.3065337227375113,1.506639401279167,0.1553685570887593
test,scn2_colored_noise_env23006,colored_noise,constant_alpha,2,45,,wm,1.0,1.0,0.0,0.0,0.0,1.3065337227375113,1.506639401279167,0.15686699442939278
test,scn2_colored_noise_env23006,colored_noise,constant_alpha,2,1162,,physics_persistence,1.0,1.0,0.0,1.0,1.0,0.006515932970297296,0.008418910022350071,0.0014109751716614282
test,scn2_colored_noise_env23006,colored_noise,constant_alpha,2,1162,,wm,1.0,1.0,0.0,1.0,1.0,0.006515932970297296,0.008418910022350071,0.0016541715954751634
test,scn2_colored_noise_env23006,colored_noise,constant_alpha,2,216,,physics_persistence,1.0,1.0,0.0,1.0,1.0,0.080665329012193,0.08221799750012312,0.0015560907993218132
test,scn2_colored_noise_env23006,colored_noise,constant_alpha,2,216,,wm,1.0,1.0,0.0,1.0,1.0,0.080665329012193,0.08221799750012312,0.00398453220198762
test,scn2_colored_noise_env23006,colored_noise,constant_alpha,2,1335,,physics_persistence,1.0,1.0,0.0,1.0,1.0,0.0014974397479851319,0.004076998338749589,0.002559615647730067
test,scn2_colored_noise_env23006,colored_noise,constant_alpha,2,1335,,wm,1.0,1.0,0.0,1.0,1.0,0.0014974397479851319,0.004076998338749589,0.0026174489268679414
test,scn2_random_freq_amp_env23006,random_freq_amp,constant_alpha,2,1,,physics_persistence,0.990909090909091,1.0,0.0,0.9,0.9,1.2557865814046152,1.2760743225172055,0.018712493593273205
test,scn2_random_freq_amp_env23006,random_freq_amp,constant_alpha,2,1,,wm,0.990909090909091,1.0,0.0,0.9,0.9,1.2557865814046152,1.2760743225172055,0.019153231222373446
test,scn2_random_freq_amp_env23006,random_freq_amp,constant_alpha,2,638,,physics_persistence,1.0,1.0,0.0,0.9,0.9,24.006020287384604,24.135920925709712,0.14214544113810845
test,scn2_random_freq_amp_env23006,random_freq_amp,constant_alpha,2,638,,wm,1.0,1.0,0.0,0.9,0.9,24.006020287384604,24.135920925709712,0.1363247669003087
test,scn2_random_freq_amp_env23006,random_freq_amp,constant_alpha,2,1190,,physics_persistence,0.9727272727272729,0.0,0.024807023745516632,1.0,0.9,18.26249852545041,18.335501242946503,0.037933829707132105
test,scn2_random_freq_amp_env23006,random_freq_amp,constant_alpha,2,1190,,wm,0.9636363636363637,0.0,0.06049671648670066,1.0,0.8,18.26249852545041,18.335501242946503,0.02526399390983869
test,scn2_random_freq_amp_env23006,random_freq_amp,constant_alpha,2,1724,,physics_persistence,1.0,1.0,0.0,1.0,1.0,0.0628210685722484,0.0725906553375349,0.01095910366273653
test,scn2_random_freq_amp_env23006,random_freq_amp,constant_alpha,2,1724,,wm,1.0,1.0,0.0,1.0,1.0,0.0628210685722484,0.0725906553375349,0.012196866026230303
test,scn2_colored_noise_env23006,colored_noise,transformer,2,3,,physics_persistence,0.7454545454545456,0.0,0.05369150368178543,0.5,0.6,1.3596406316128216,1.3637165720687472,0.006843056392954017
test,scn2_colored_noise_env23006,colored_noise,transformer,2,3,,wm,0.7000000000000001,0.0,0.05369150368178543,0.5,0.6,1.3596406316128216,1.3637165720687472,0.007342853122895843
test,scn2_colored_noise_env23006,colored_noise,transformer,2,569,,physics_persistence,0.9454545454545454,0.0,0.0337205983789462,0.9,1.0,0.001287298718333935,0.0019040499319528783,0.0005405556530681116
test,scn2_colored_noise_env23006,colored_noise,transformer,2,569,,wm,0.990909090909091,1.0,0.0,0.9,0.9,0.001287298718333935,0.0019040499319528783,0.0004748737215512803
test,scn2_colored_noise_env23006,colored_noise,transformer,2,1135,,physics_persistence,-0.9727272727272729,0.0,0.8418122508331409,0.0,0.9,0.004426755615793533,0.0061479317918751684,9.290620437712397e-05
test,scn2_colored_noise_env23006,colored_noise,transformer,2,1135,,wm,-1.0,0.0,1.0,0.0,1.0,0.004426755615793533,0.0061479317918751684,0.00030052432664808785
test,scn2_colored_noise_env23006,colored_noise,transformer,2,1702,,physics_persistence,-0.690909090909091,0.0,1.0,0.3,1.0,0.004304938302243188,0.005653603660613703,0.001483627198311252
test,scn2_colored_noise_env23006,colored_noise,transformer,2,1702,,wm,-0.690909090909091,0.0,1.0,0.3,1.0,0.004304938302243188,0.005653603660613703,0.0014844027205494189
test,scn2_random_freq_amp_env23006,random_freq_amp,constant_alpha,2,1,,physics_persistence,0.990909090909091,1.0,0.0,0.9,0.9,1.2557823205476795,1.2760743225172055,0.018717955841452527
test,scn2_random_freq_amp_env23006,random_freq_amp,constant_alpha,2,1,,wm,0.990909090909091,1.0,0.0,0.9,0.9,1.2557823205476795,1.2760743225172055,0.019142191069443593
test,scn2_random_freq_amp_env23006,random_freq_amp,constant_alpha,2,1190,,physics_persistence,1.0,1.0,0.0,1.0,1.0,0.00975050724934906,0.01139968751894663,0.0024150294102755158
test,scn2_random_freq_amp_env23006,random_freq_amp,constant_alpha,2,1190,,wm,1.0,1.0,0.0,1.0,1.0,0.00975050724934906,0.01139968751894663,0.0030031484399590577
test,scn2_random_freq_amp_env23006,random_freq_amp,constant_alpha,2,268,,physics_persistence,0.7363636363636363,0.0,0.04450613814596307,0.7,0.6,0.02256773048144314,0.02328530448270098,0.0004998897689933342
test,scn2_random_freq_amp_env23006,random_freq_amp,constant_alpha,2,268,,wm,1.0,1.0,0.0,0.7,0.7,0.02256773048144314,0.02328530448270098,0.0006657049160056806
test,scn2_random_freq_amp_env23006,random_freq_amp,constant_alpha,2,1358,,physics_persistence,1.0,1.0,0.0,1.0,1.0,0.0013918038758126661,0.004368264889381544,0.0028478172547915332
test,scn2_random_freq_amp_env23006,random_freq_amp,constant_alpha,2,1358,,wm,1.0,1.0,0.0,1.0,1.0,0.0013918038758126661,0.004368264889381544,0.0027348944054361576
test,scn2_mass_damping_mismatch_env23006,mass_damping_mismatch,constant_alpha,2,9,,physics_persistence,1.0,1.0,0.0,1.0,1.0,1.478672222137161,1.5285962530312343,0.045910513723600666
test,scn2_mass_damping_mismatch_env23006,mass_damping_mismatch,constant_alpha,2,9,,wm,1.0,1.0,0.0,1.0,1.0,1.478672222137161,1.5285962530312343,0.04598252748786158
test,scn2_mass_damping_mismatch_env23006,mass_damping_mismatch,constant_alpha,2,644,,physics_persistence,1.0,1.0,0.0,0.7,0.7,0.3957011134913915,0.4173235234549257,0.02153916912474746
test,scn2_mass_damping_mismatch_env23006,mass_damping_mismatch,constant_alpha,2,644,,wm,0.9818181818181818,0.0,0.002592939158502181,0.7,0.8,0.3957011134913915,0.4173235234549257,0.02243107013775414
test,scn2_mass_damping_mismatch_env23006,mass_damping_mismatch,constant_alpha,2,1183,,physics_persistence,0.9727272727272729,0.0,0.0068029006777613425,0.7,0.8,0.21335868967527102,0.22466826647859092,0.012167048571456396
test,scn2_mass_damping_mismatch_env23006,mass_damping_mismatch,constant_alpha,2,1183,,wm,0.990909090909091,1.0,0.0,0.7,0.7,0.21335868967527102,0.22466826647859092,0.01120028875265261
test,scn2_mass_damping_mismatch_env23006,mass_damping_mismatch,constant_alpha,2,1718,,physics_persistence,1.0,1.0,0.0,0.8,0.8,0.5939252015102006,0.6352960227690225,0.042127759714486346
test,scn2_mass_damping_mismatch_env23006,mass_damping_mismatch,constant_alpha,2,1718,,wm,0.990909090909091,1.0,0.0,0.8,0.8,0.5939252015102006,0.6352960227690225,0.04306094536447824
test,scn2_random_freq_amp_env23006,random_freq_amp,transformer,2,4,,physics_persistence,1.0,1.0,0.0,1.0,1.0,1.29975347767834,1.3451676651579039,0.04239268633920501
test,scn2_random_freq_amp_env23006,random_freq_amp,transformer,2,4,,wm,1.0,1.0,0.0,1.0,1.0,1.29975347767834,1.3451676651579039,0.042841268668883936
test,scn2_random_freq_amp_env23006,random_freq_amp,transformer,2,633,,physics_persistence,1.0,1.0,0.0,1.0,1.0,22.59446777124646,22.703361323964103,0.10715563426009211
test,scn2_random_freq_amp_env23006,random_freq_amp,transformer,2,633,,wm,1.0,1.0,0.0,1.0,1.0,22.59446777124646,22.703361323964103,0.1175864338847532
test,scn2_random_freq_amp_env23006,random_freq_amp,transformer,2,1191,,physics_persistence,1.0,1.0,0.0,0.0,0.0,3.3034043896284193,3.615445772431777,0.2999086978408969
test,scn2_random_freq_amp_env23006,random_freq_amp,transformer,2,1191,,wm,1.0,1.0,0.0,0.0,0.0,3.3034043896284193,3.615445772431777,0.22595300954992226
test,scn2_random_freq_amp_env23006,random_freq_amp,transformer,2,1723,,physics_persistence,0.6727272727272727,0.0,0.09928067044520116,0.8,0.6,0.0027952581868183122,0.003425177771906277,0.00046861680633297374
test,scn2_random_freq_amp_env23006,random_freq_amp,transformer,2,1723,,wm,0.20000000000000004,0.0,0.19734397140864046,0.8,0.5,0.0027952581868183122,0.003425177771906277,0.00031817937723910587
test,scn2_mass_damping_mismatch_env23006,mass_damping_mismatch,constant_alpha,2,8,,physics_persistence,1.0,1.0,0.0,1.0,1.0,1.4451757840756636,1.4960601154953674,0.05035198413960984
test,scn2_mass_damping_mismatch_env23006,mass_damping_mismatch,constant_alpha,2,8,,wm,1.0,1.0,0.0,1.0,1.0,1.4451757840756636,1.4960601154953674,0.050167731671057814
test,scn2_mass_damping_mismatch_env23006,mass_damping_mismatch,constant_alpha,2,1744,,physics_persistence,1.0,1.0,0.0,1.0,1.0,0.007189158788243329,0.013934036272074264,0.006745641922687545
test,scn2_mass_damping_mismatch_env23006,mass_damping_mismatch,constant_alpha,2,1744,,wm,1.0,1.0,0.0,1.0,1.0,0.007189158788243329,0.013934036272074264,0.00690243794138359
test,scn2_mass_damping_mismatch_env23006,mass_damping_mismatch,constant_alpha,2,1361,,physics_persistence,0.9818181818181818,1.0,0.0,0.8,0.8,0.0014838128343567952,0.0026449343879461113,0.0012315979039687413
test,scn2_mass_damping_mismatch_env23006,mass_damping_mismatch,constant_alpha,2,1361,,wm,0.990909090909091,1.0,0.0,0.8,0.8,0.0014838128343567952,0.0026449343879461113,0.0011990515105354536
test,scn2_mass_damping_mismatch_env23006,mass_damping_mismatch,transformer,2,981,,physics_persistence,1.0,1.0,0.0,1.0,1.0,0.003899970284270338,0.005257478621046509,0.0011525410217718612
test,scn2_mass_damping_mismatch_env23006,mass_damping_mismatch,transformer,2,981,,wm,1.0,1.0,0.0,1.0,1.0,0.003899970284270338,0.005257478621046509,0.0010698790812750407
test,scn3_actuator_delay_noise_env23006,actuator_delay_noise,constant_alpha,3,11,,physics_persistence,1.0,1.0,0.0,1.0,1.0,1.7771527907204303,1.8192324091051901,0.04126951299899262
test,scn3_actuator_delay_noise_env23006,actuator_delay_noise,constant_alpha,3,11,,wm,1.0,1.0,0.0,1.0,1.0,1.7771527907204303,1.8192324091051901,0.04102280262869362
test,scn3_actuator_delay_noise_env23006,actuator_delay_noise,constant_alpha,3,1643,,physics_persistence,1.0,1.0,0.0,1.0,1.0,0.2310982759886225,0.25868979210960336,0.02758705161107891
test,scn3_actuator_delay_noise_env23006,actuator_delay_noise,constant_alpha,3,1643,,wm,1.0,1.0,0.0,1.0,1.0,0.2310982759886225,0.25868979210960336,0.02774642945551903
test,scn3_actuator_delay_noise_env23006,actuator_delay_noise,constant_alpha,3,1231,,physics_persistence,1.0,1.0,0.0,0.8,0.8,0.016453345900066484,0.02563755161732604,0.009366720658973836
test,scn3_actuator_delay_noise_env23006,actuator_delay_noise,constant_alpha,3,1231,,wm,1.0,1.0,0.0,0.8,0.8,0.016453345900066484,0.02563755161732604,0.009572325951297013
test,scn3_actuator_delay_noise_env23006,actuator_delay_noise,constant_alpha,3,906,,physics_persistence,1.0,1.0,0.0,0.4,0.4,1.629919477623812,1.6364965487198366,0.0062244693627380165
test,scn3_actuator_delay_noise_env23006,actuator_delay_noise,constant_alpha,3,906,,wm,0.5818181818181819,0.0,0.09487486097085066,0.4,0.6,1.629919477623812,1.6364965487198366,0.0074064080875464455
test,scn1_structured_env23007,structured,constant_alpha,1,1,,physics_persistence,0.990909090909091,1.0,0.0,0.6,0.6,1.4715303056692608,1.483020227576246,0.012751271673739906
test,scn1_structured_env23007,structured,constant_alpha,1,1,,wm,0.990909090909091,1.0,0.0,0.6,0.6,1.4715303056692608,1.483020227576246,0.012730648936837952
test,scn1_structured_env23007,structured,constant_alpha,1,625,,physics_persistence,1.0,1.0,0.0,1.0,1.0,0.0977574521094748,0.1121561571942466,0.014992665959937312
test,scn1_structured_env23007,structured,constant_alpha,1,625,,wm,1.0,1.0,0.0,1.0,1.0,0.0977574521094748,0.1121561571942466,0.01502521544250035
test,scn1_structured_env23007,structured,constant_alpha,1,1172,,physics_persistence,1.0,1.0,0.0,0.0,0.0,0.3474934194909475,0.3568385085615527,0.009946158320630338
test,scn1_structured_env23007,structured,constant_alpha,1,1172,,wm,1.0,1.0,0.0,0.0,0.0,0.3474934194909475,0.3568385085615527,0.004182068724293109
test,scn1_structured_env23007,structured,constant_alpha,1,1716,,physics_persistence,1.0,1.0,0.0,1.0,1.0,0.12133891561266227,0.13878950258458417,0.017865602285899992
test,scn1_structured_env23007,structured,constant_alpha,1,1716,,wm,1.0,1.0,0.0,1.0,1.0,0.12133891561266227,0.13878950258458417,0.01841055881290357
test,scn3_actuator_delay_noise_env23006,actuator_delay_noise,transformer,3,10,,physics_persistence,1.0,1.0,0.0,0.8,0.8,1.7658896258196302,1.783485166303505,0.01809577388322836
test,scn3_actuator_delay_noise_env23006,actuator_delay_noise,transformer,3,10,,wm,1.0,1.0,0.0,0.8,0.8,1.7658896258196302,1.783485166303505,0.01790925024824941
test,scn3_actuator_delay_noise_env23006,actuator_delay_noise,transformer,3,613,,physics_persistence,0.990909090909091,1.0,0.0,0.8,0.8,0.37480765504504365,0.4106425351521052,0.03475874277491231
test,scn3_actuator_delay_noise_env23006,actuator_delay_noise,transformer,3,613,,wm,0.990909090909091,1.0,0.0,0.8,0.8,0.37480765504504365,0.4106425351521052,0.03565401064790913
test,scn3_actuator_delay_noise_env23006,actuator_delay_noise,transformer,3,1146,,physics_persistence,1.0,1.0,0.0,0.0,0.0,0.031029252534787586,0.03405661264203281,0.0031889083059951917
test,scn3_actuator_delay_noise_env23006,actuator_delay_noise,transformer,3,1146,,wm,1.0,1.0,0.0,0.0,0.0,0.031029252534787586,0.03405661264203281,0.0034734660021722708
test,scn3_actuator_delay_noise_env23006,actuator_delay_noise,transformer,3,1710,,physics_persistence,0.7090909090909092,0.0,0.11265629974791386,0.3,0.4,1.0013177180596646,1.0067225010155152,0.0033613724674315115
test,scn3_actuator_delay_noise_env23006,actuator_delay_noise,transformer,3,1710,,wm,0.6727272727272727,1.0,0.0,0.3,0.3,1.0013177180596646,1.0067225010155152,0.003246808690792191
test,scn1_structured_env23007,structured,constant_alpha,1,2,,physics_persistence,1.0,1.0,0.0,0.4,0.4,1.4884912058029185,1.5460004715405424,0.05679117729575567
test,scn1_structured_env23007,structured,constant_alpha,1,2,,wm,1.0,1.0,0.0,0.4,0.4,1.4884912058029185,1.5460004715405424,0.05709678542743468
test,scn1_structured_env23007,structured,constant_alpha,1,1160,,physics_persistence,1.0,1.0,0.0,0.0,0.0,0.153397337749417,0.1597059512708596,0.00563314563837386
test,scn1_structured_env23007,structured,constant_alpha,1,1160,,wm,1.0,1.0,0.0,0.0,0.0,0.153397337749417,0.1597059512708596,0.0055468003733030735
test,scn1_structured_env23007,structured,constant_alpha,1,255,,physics_persistence,0.9727272727272729,0.0,0.003963521839584051,0.5,0.4,0.023357899411813716,0.024221602548143022,0.0009243157253194141
test,scn1_structured_env23007,structured,constant_alpha,1,255,,wm,0.9727272727272729,0.0,0.003963521839584051,0.5,0.4,0.023357899411813716,0.024221602548143022,0.0009343162973985408
test,scn1_structured_env23007,structured,constant_alpha,1,1349,,physics_persistence,1.0,1.0,0.0,1.0,1.0,0.0027826994233202977,0.006594335278887109,0.0032881700566353765
test,scn1_structured_env23007,structured,constant_alpha,1,1349,,wm,1.0,1.0,0.0,1.0,1.0,0.0027826994233202977,0.006594335278887109,0.003428170345304013
test,scn2_structured_env23007,structured,constant_alpha,2,1,,physics_persistence,0.990909090909091,1.0,0.0,0.5,0.5,1.4700211703634025,1.4776572135981705,0.0071987115031901805
test,scn2_structured_env23007,structured,constant_alpha,2,1,,wm,0.9818181818181818,1.0,0.0,0.5,0.5,1.4700211703634025,1.4776572135981705,0.007350445936352701
test,scn2_structured_env23007,structured,constant_alpha,2,644,,physics_persistence,1.0,1.0,0.0,1.0,1.0,0.10143776371158869,0.11935074030797191,0.01789627593880594
test,scn2_structured_env23007,structured,constant_alpha,2,644,,wm,1.0,1.0,0.0,1.0,1.0,0.10143776371158869,0.11935074030797191,0.018515059369435094
test,scn2_structured_env23007,structured,constant_alpha,2,1182,,physics_persistence,1.0,1.0,0.0,1.0,1.0,0.03183020383869866,0.03689040316613101,0.004800643133925392
test,scn2_structured_env23007,structured,constant_alpha,2,1182,,wm,1.0,1.0,0.0,1.0,1.0,0.03183020383869866,0.03689040316613101,0.004842208469016396
test,scn2_structured_env23007,structured,constant_alpha,2,1722,,physics_persistence,0.990909090909091,0.0,0.00015802126684367747,0.9,0.8,0.4674993609614036,0.5040557038363334,0.0368970456002064
test,scn2_structured_env23007,structured,constant_alpha,2,1722,,wm,1.0,1.0,0.0,0.9,0.9,0.4674993609614036,0.5040557038363334,0.03797611604165657
test,scn1_structured_env23007,structured,transformer,1,9,,physics_persistence,1.0,1.0,0.0,1.0,1.0,1.7122221683333425,1.7570213553538905,0.04357987634790539
test,scn1_structured_env23007,structured,transformer,1,9,,wm,1.0,1.0,0.0,1.0,1.0,1.7122221683333425,1.7570213553538905,0.043503550456682305
test,scn1_structured_env23007,structured,transformer,1,629,,physics_persistence,0.9818181818181818,0.0,0.0040586011049405955,0.9,0.8,0.000670262138415279,0.0012768301401840864,0.0004700684903537781
test,scn1_structured_env23007,structured,transformer,1,629,,wm,0.990909090909091,1.0,0.0,0.9,0.9,0.000670262138415279,0.0012768301401840864,0.0005542673357905273
test,scn1_structured_env23007,structured,transformer,1,1173,,physics_persistence,1.0,1.0,0.0,0.0,0.0,0.126089080472841,0.13299356755185873,0.006516973710894741
test,scn1_structured_env23007,structured,transformer,1,1173,,wm,1.0,1.0,0.0,0.0,0.0,0.126089080472841,0.13299356755185873,0.0055803984336239565
test,scn1_structured_env23007,structured,transformer,1,1718,,physics_persistence,1.0,1.0,0.0,1.0,1.0,0.002221696862001668,0.0038463568874051316,0.0015473364204381217
test,scn1_structured_env23007,structured,transformer,1,1718,,wm,1.0,1.0,0.0,1.0,1.0,0.002221696862001668,0.0038463568874051316,0.0016301818657037605
test,scn2_structured_env23007,structured,constant_alpha,2,2,,physics_persistence,1.0,1.0,0.0,0.7,0.7,1.5011586761609497,1.5118937625986575,0.010074810516038868
test,scn2_structured_env23007,structured,constant_alpha,2,2,,wm,0.9818181818181818,1.0,0.0,0.7,0.7,1.5011586761609497,1.5118937625986575,0.009975857477183325
test,scn2_structured_env23007,structured,constant_alpha,2,1206,,physics_persistence,1.0,1.0,0.0,1.0,1.0,0.010701186237336518,0.013196451798579822,0.002845572306889527
test,scn2_structured_env23007,structured,constant_alpha,2,1206,,wm,1.0,1.0,0.0,1.0,1.0,0.010701186237336518,0.013196451798579822,0.0029471707292654647
test,scn2_structured_env23007,structured,constant_alpha,2,253,,physics_persistence,1.0,1.0,0.0,1.0,1.0,0.016859968382825944,0.02197990773423273,0.004888458544872628
test,scn2_structured_env23007,structured,constant_alpha,2,253,,wm,1.0,1.0,0.0,1.0,1.0,0.016859968382825944,0.02197990773423273,0.0050026487122125235
test,scn2_structured_env23007,structured,constant_alpha,2,1351,,physics_persistence,1.0,1.0,0.0,1.0,1.0,0.0009761974389664594,0.00393724441673398,0.0027859126130225717
test,scn2_structured_env23007,structured,constant_alpha,2,1351,,wm,1.0,1.0,0.0,1.0,1.0,0.0009761974389664594,0.00393724441673398,0.00287721763824606
test,scn3_structured_env23007,structured,constant_alpha,3,6,,physics_persistence,1.0,1.0,0.0,1.0,1.0,1.6253884562727707,1.6538294052727476,0.029204759984976736
test,scn3_structured_env23007,structured,constant_alpha,3,6,,wm,1.0,1.0,0.0,1.0,1.0,1.6253884562727707,1.6538294052727476,0.02904975353017014
test,scn3_structured_env23007,structured,constant_alpha,3,640,,physics_persistence,1.0,1.0,0.0,1.0,1.0,0.10294176174358192,0.11976835832601966,0.016513252220823282
test,scn3_structured_env23007,structured,constant_alpha,3,640,,wm,1.0,1.0,0.0,1.0,1.0,0.10294176174358192,0.11976835832601966,0.016434422564184925
test,scn3_structured_env23007,structured,constant_alpha,3,1183,,physics_persistence,1.0,1.0,0.0,1.0,1.0,0.049359480215013594,0.05430264136036061,0.005279409941967697
test,scn3_structured_env23007,structured,constant_alpha,3,1183,,wm,1.0,1.0,0.0,1.0,1.0,0.049359480215013594,0.05430264136036061,0.005246013564720681
test,scn3_structured_env23007,structured,constant_alpha,3,1720,,physics_persistence,1.0,1.0,0.0,1.0,1.0,0.23647374804978205,0.26394833754900787,0.025872520361521073
test,scn3_structured_env23007,structured,constant_alpha,3,1720,,wm,1.0,1.0,0.0,1.0,1.0,0.23647374804978205,0.26394833754900787,0.026645150908858273
test,scn2_structured_env23007,structured,transformer,2,3,,physics_persistence,1.0,1.0,0.0,0.8,0.8,1.532783486575356,1.547361394275237,0.01463796152680863
test,scn2_structured_env23007,structured,transformer,2,3,,wm,0.9818181818181818,1.0,0.0,0.8,0.8,1.532783486575356,1.547361394275237,0.015090124859138188
test,scn2_structured_env23007,structured,transformer,2,643,,physics_persistence,1.0,1.0,0.0,0.6,0.6,0.0019403571530162342,0.0021027715602001344,0.00014675590468461275
test,scn2_structured_env23007,structured,transformer,2,643,,wm,0.990909090909091,1.0,0.0,0.6,0.6,0.0019403571530162342,0.0021027715602001344,0.00019570526136985763
test,scn2_structured_env23007,structured,transformer,2,1184,,physics_persistence,1.0,1.0,0.0,1.0,1.0,0.010878968847110457,0.01229404853557367,0.0017207546208653397
test,scn2_structured_env23007,structured,transformer,2,1184,,wm,1.0,1.0,0.0,1.0,1.0,0.010878968847110457,0.01229404853557367,0.0017834263404261277
test,scn2_structured_env23007,structured,transformer,2,1722,,physics_persistence,1.0,1.0,0.0,1.0,1.0,0.0020673439275578887,0.003735874755178256,0.0015050774671659887
test,scn2_structured_env23007,structured,transformer,2,1722,,wm,1.0,1.0,0.0,1.0,1.0,0.0020673439275578887,0.003735874755178256,0.0015353812831088633
test,scn3_structured_env23007,structured,constant_alpha,3,1,,physics_persistence,1.0,1.0,0.0,0.6,0.6,1.4446036767083186,1.5074407642005823,0.06328730371681779
test,scn3_structured_env23007,structured,constant_alpha,3,1,,wm,1.0,1.0,0.0,0.6,0.6,1.4446036767083186,1.5074407642005823,0.0636491924799758
test,scn3_structured_env23007,structured,constant_alpha,3,1183,,physics_persistence,1.0,1.0,0.0,1.0,1.0,0.005468551268925106,0.0072416773426427225,0.001784215894120273
test,scn3_structured_env23007,structured,constant_alpha,3,1183,,wm,1.0,1.0,0.0,1.0,1.0,0.005468551268925106,0.0072416773426427225,0.0018704418747327598
test,scn3_structured_env23007,structured,constant_alpha,3,245,,physics_persistence,1.0,1.0,0.0,1.0,1.0,0.01490024237482762,0.018279942073061828,0.0031791984866952373
test,scn3_structured_env23007,structured,constant_alpha,3,245,,wm,1.0,1.0,0.0,1.0,1.0,0.01490024237482762,0.018279942073061828,0.003320490289381502
test,scn3_structured_env23007,structured,constant_alpha,3,1342,,physics_persistence,1.0,1.0,0.0,1.0,1.0,0.0011073282871611652,0.0031344997975874854,0.0018314916596505518
test,scn3_structured_env23007,structured,constant_alpha,3,1342,,wm,1.0,1.0,0.0,1.0,1.0,0.0011073282871611652,0.0031344997975874854,0.0018992681307133928
test,scn2_ou_current_env23007,ou_current,constant_alpha,2,3,,physics_persistence,0.9636363636363637,0.0,0.001045258449591837,0.6,0.7,1.5705721081463837,1.5810153954170403,0.010764809376055506
test,scn2_ou_current_env23007,ou_current,constant_alpha,2,3,,wm,0.9818181818181818,1.0,0.0,0.6,0.6,1.5705721081463837,1.5810153954170403,0.010560343994554522
test,scn2_ou_current_env23007,ou_current,constant_alpha,2,626,,physics_persistence,1.0,1.0,0.0,1.0,1.0,0.36514707116042294,0.3975387944970455,0.029330432238656834
test,scn2_ou_current_env23007,ou_current,constant_alpha,2,626,,wm,1.0,1.0,0.0,1.0,1.0,0.36514707116042294,0.3975387944970455,0.02986324761462944
test,scn2_ou_current_env23007,ou_current,constant_alpha,2,1173,,physics_persistence,1.0,1.0,0.0,1.0,1.0,0.03590312101827508,0.046020629922470906,0.00979644440193713
test,scn2_ou_current_env23007,ou_current,constant_alpha,2,1173,,wm,1.0,1.0,0.0,1.0,1.0,0.03590312101827508,0.046020629922470906,0.01014595264952823
test,scn2_ou_current_env23007,ou_current,constant_alpha,2,1717,,physics_persistence,1.0,1.0,0.0,1.0,1.0,0.24294675784234285,0.2667070374203761,0.02949986670678703
test,scn2_ou_current_env23007,ou_current,constant_alpha,2,1717,,wm,1.0,1.0,0.0,1.0,1.0,0.24294675784234285,0.2667070374203761,0.030262319257665954
test,scn3_structured_env23007,structured,transformer,3,1,,physics_persistence,0.990909090909091,1.0,0.0,0.6,0.6,1.471490402622044,1.483020227576246,0.012790999521374191
test,scn3_structured_env23007,structured,transformer,3,1,,wm,0.9727272727272729,1.0,0.0,0.6,0.6,1.471490402622044,1.483020227576246,0.012745045101833163
test,scn3_structured_env23007,structured,transformer,3,632,,physics_persistence,0.990909090909091,1.0,0.0,0.9,0.9,0.0006418986840913591,0.001271578475588522,0.0005476863521307745
test,scn3_structured_env23007,structured,transformer,3,632,,wm,0.990909090909091,1.0,0.0,0.9,0.9,0.0006418986840913591,0.001271578475588522,0.000643041071940249
test,scn3_structured_env23007,structured,transformer,3,1179,,physics_persistence,1.0,1.0,0.0,1.0,1.0,0.003430680302281705,0.004052095839707777,0.0006319722112244088
test,scn3_structured_env23007,structured,transformer,3,1179,,wm,1.0,1.0,0.0,1.0,1.0,0.003430680302281705,0.004052095839707777,0.0006647770910347961
test,scn3_structured_env23007,structured,transformer,3,1719,,physics_persistence,1.0,1.0,0.0,1.0,1.0,0.004335556959717492,0.005643856726315182,0.0013600852802757848
test,scn3_structured_env23007,structured,transformer,3,1719,,wm,1.0,1.0,0.0,1.0,1.0,0.004335556959717492,0.005643856726315182,0.0014153117343714038
test,scn2_ou_current_env23007,ou_current,constant_alpha,2,3,,physics_persistence,0.9636363636363637,0.0,0.001045258449591837,0.6,0.7,1.5705721081463837,1.5810153954170403,0.010764809376055506
test,scn2_ou_current_env23007,ou_current,constant_alpha,2,3,,wm,0.9818181818181818,1.0,0.0,0.6,0.6,1.5705721081463837,1.5810153954170403,0.010558561153924728
test,scn2_ou_current_env23007,ou_current,constant_alpha,2,1115,,physics_persistence,-0.881818181818182,0.0,1.0,0.2,1.0,0.005482020416329372,0.005982083046738525,0.0005568497709033419
test,scn2_ou_current_env23007,ou_current,constant_alpha,2,1115,,wm,-0.881818181818182,0.0,1.0,0.2,1.0,0.005482020416329372,0.005982083046738525,0.0006430657941606192
test,scn2_ou_current_env23007,ou_current,constant_alpha,2,228,,physics_persistence,1.0,1.0,0.0,0.0,0.0,0.08449369550193704,0.10446276159333728,0.015556612226301017
test,scn2_ou_current_env23007,ou_current,constant_alpha,2,228,,wm,1.0,1.0,0.0,0.0,0.0,0.08449369550193704,0.10446276159333728,0.015971286427108614
test,scn2_ou_current_env23007,ou_current,constant_alpha,2,1339,,physics_persistence,1.0,1.0,0.0,1.0,1.0,0.0013574632477190418,0.0041524895229424225,0.0024581149986792955
test,scn2_ou_current_env23007,ou_current,constant_alpha,2,1339,,wm,1.0,1.0,0.0,1.0,1.0,0.0013574632477190418,0.0041524895229424225,0.0025878953356814564
test,scn2_colored_noise_env23007,colored_noise,constant_alpha,2,6,,physics_persistence,0.8545454545454546,0.0,0.02232594614797657,0.6,0.7,1.676312790737684,1.6851859261794424,0.00964523689679786
test,scn2_colored_noise_env23007,colored_noise,constant_alpha,2,6,,wm,0.8545454545454546,0.0,0.02232594614797657,0.6,0.7,1.676312790737684,1.6851859261794424,0.009885458905164679
test,scn2_colored_noise_env23007,colored_noise,constant_alpha,2,617,,physics_persistence,1.0,1.0,0.0,1.0,1.0,0.23597480028162612,0.2638255299905111,0.029048837615003043
test,scn2_colored_noise_env23007,colored_noise,constant_alpha,2,617,,wm,1.0,1.0,0.0,1.0,1.0,0.23597480028162612,0.2638255299905111,0.03016357643553233
test,scn2_colored_noise_env23007,colored_noise,constant_alpha,2,1167,,physics_persistence,0.990909090909091,0.0,0.012716532443777726,0.9,1.0,0.01186375952799743,0.014912753247561143,0.0039110003043360975
test,scn2_colored_noise_env23007,colored_noise,constant_alpha,2,1167,,wm,0.990909090909091,0.0,0.012716532443777726,0.9,1.0,0.01186375952799743,0.014912753247561143,0.0038210470458483435
test,scn2_colored_noise_env23007,colored_noise,constant_alpha,2,1715,,physics_persistence,1.0,1.0,0.0,1.0,1.0,0.1551561945795716,0.17365533663460164,0.023464022926399375
test,scn2_colored_noise_env23007,colored_noise,constant_alpha,2,1715,,wm,1.0,1.0,0.0,1.0,1.0,0.1551561945795716,0.17365533663460164,0.02420237876153447
test,scn2_ou_current_env23007,ou_current,transformer,2,1,,physics_persistence,0.990909090909091,1.0,0.0,0.6,0.6,1.5021636755266254,1.5115731972874713,0.008730235196869884
test,scn2_ou_current_env23007,ou_current,transformer,2,1,,wm,1.0,1.0,0.0,0.6,0.6,1.5021636755266254,1.5115731972874713,0.008839054370788135
test,scn2_ou_current_env23007,ou_current,transformer,2,584,,physics_persistence,0.9727272727272729,0.0,0.03223187723191504,0.9,1.0,0.0013013563120618367,0.0018179963831444984,0.0005525898820360052
test,scn2_ou_current_env23007,ou_current,transformer,2,584,,wm,0.9727272727272729,0.0,0.03223187723191504,0.9,1.0,0.0013013563120618367,0.0018179963831444984,0.0005223098624345748
test,scn2_ou_current_env23007,ou_current,transformer,2,1145,,physics_persistence,0.9363636363636365,0.0,0.09427130156150686,1.0,0.8,0.004113898666933689,0.004584577745674366,0.00014879982180591132
test,scn2_ou_current_env23007,ou_current,transformer,2,1145,,wm,1.0,1.0,0.0,1.0,1.0,0.004113898666933689,0.004584577745674366,0.0007283164447016476
test,scn2_ou_current_env23007,ou_current,transformer,2,1706,,physics_persistence,1.0,1.0,0.0,1.0,1.0,0.00237554921951546,0.004113461619673453,0.0014126061655226948
test,scn2_ou_current_env23007,ou_current,transformer,2,1706,,wm,1.0,1.0,0.0,1.0,1.0,0.00237554921951546,0.004113461619673453,0.001466032747636849
test,scn2_colored_noise_env23007,colored_noise,constant_alpha,2,5,,physics_persistence,0.7727272727272727,0.0,0.07503709850994496,0.6,0.8,1.6400889142204886,1.6484356577896464,0.011149356992504744
test,scn2_colored_noise_env23007,colored_noise,constant_alpha,2,5,,wm,0.7727272727272727,0.0,0.07503709850994496,0.6,0.8,1.6400889142204886,1.6484356577896464,0.011045866123853276
test,scn2_colored_noise_env23007,colored_noise,constant_alpha,2,1162,,physics_persistence,-1.0,0.0,1.0,0.0,1.0,0.00808778827078814,0.009304936337496742,0.0011283398826678268
test,scn2_colored_noise_env23007,colored_noise,constant_alpha,2,1162,,wm,-1.0,0.0,1.0,0.0,1.0,0.00808778827078814,0.009304936337496742,0.0016416716800521456
test,scn2_colored_noise_env23007,colored_noise,constant_alpha,2,226,,physics_persistence,1.0,1.0,0.0,1.0,1.0,0.02339368252468755,0.025929158609323613,0.0026957760844351017
test,scn2_colored_noise_env23007,colored_noise,constant_alpha,2,226,,wm,1.0,1.0,0.0,1.0,1.0,0.02339368252468755,0.025929158609323613,0.0035784023269806835
test,scn2_colored_noise_env23007,colored_noise,constant_alpha,2,1339,,physics_persistence,1.0,1.0,0.0,1.0,1.0,0.001604586245535427,0.00415753333403789,0.0022374614471752877
test,scn2_colored_noise_env23007,colored_noise,constant_alpha,2,1339,,wm,1.0,1.0,0.0,1.0,1.0,0.001604586245535427,0.00415753333403789,0.002328226431769078
test,scn2_random_freq_amp_env23007,random_freq_amp,constant_alpha,2,3,,physics_persistence,1.0,1.0,0.0,1.0,1.0,1.4917580225469629,1.5288684907517491,0.0353330971425061
test,scn2_random_freq_amp_env23007,random_freq_amp,constant_alpha,2,3,,wm,1.0,1.0,0.0,1.0,1.0,1.4917580225469629,1.5288684907517491,0.03520087631536928
test,scn2_random_freq_amp_env23007,random_freq_amp,constant_alpha,2,642,,physics_persistence,0.990909090909091,0.0,2.727004808723796e-05,0.9,1.0,11.059604749400293,11.114600783087912,0.05792607349668799
test,scn2_random_freq_amp_env23007,random_freq_amp,constant_alpha,2,642,,wm,0.990909090909091,0.0,2.727004808723796e-05,0.9,1.0,11.059604749400293,11.114600783087912,0.05761083342652107
test,scn2_random_freq_amp_env23007,random_freq_amp,constant_alpha,2,1182,,physics_persistence,0.9272727272727275,0.0,0.009758159070786329,0.4,0.5,0.029759956675037953,0.03037167654973025,0.0004642459980741184
test,scn2_random_freq_amp_env23007,random_freq_amp,constant_alpha,2,1182,,wm,-0.3272727272727273,0.0,0.6617555481232275,0.4,0.9,0.029759956675037953,0.03037167654973025,0.0012409447667859133
test,scn2_random_freq_amp_env23007,random_freq_amp,constant_alpha,2,1721,,physics_persistence,1.0,1.0,0.0,1.0,1.0,0.10131070258394169,0.11639891775313256,0.017317502326620715
test,scn2_random_freq_amp_env23007,random_freq_amp,constant_alpha,2,1721,,wm,1.0,1.0,0.0,1.0,1.0,0.10131070258394169,0.11639891775313256,0.01696320810986031
test,scn2_colored_noise_env23007,colored_noise,transformer,2,3,,physics_persistence,0.8636363636363636,0.0,0.04705285605811001,0.6,0.7,1.5671351647072376,1.5757642635766202,0.011594353012210235
test,scn2_colored_noise_env23007,colored_noise,transformer,2,3,,wm,0.8636363636363636,0.0,0.04705285605811001,0.6,0.7,1.5671351647072376,1.5757642635766202,0.011596971884241691
test,scn2_colored_noise_env23007,colored_noise,transformer,2,602,,physics_persistence,1.0,1.0,0.0,0.9,0.9,0.0010695327765906067,0.0016864737814892377,0.0005912102627697658
test,scn2_colored_noise_env23007,colored_noise,transformer,2,602,,wm,0.990909090909091,1.0,0.0,0.9,0.9,0.0010695327765906067,0.0016864737814892377,0.0005604471167907619
test,scn2_colored_noise_env23007,colored_noise,transformer,2,1157,,physics_persistence,0.19090909090909092,0.0,0.7890048620302569,0.6,1.0,0.004837171679674018,0.00488798401089846,0.00021069432217979845
test,scn2_colored_noise_env23007,colored_noise,transformer,2,1157,,wm,0.690909090909091,0.0,0.03903588997668681,0.6,0.7,0.004837171679674018,0.00488798401089846,0.0006052850122840727
test,scn2_colored_noise_env23007,colored_noise,transformer,2,1711,,physics_persistence,0.9727272727272729,0.0,0.0300438441944043,0.9,1.0,0.0032966869438054436,0.00497148815091549,0.0011470522914103281
test,scn2_colored_noise_env23007,colored_noise,transformer,2,1711,,wm,0.9727272727272729,0.0,0.0300438441944043,0.9,1.0,0.0032966869438054436,0.00497148815091549,0.0012178898880615195
test,scn2_random_freq_amp_env23007,random_freq_amp,constant_alpha,2,1,,physics_persistence,0.990909090909091,1.0,0.0,0.9,0.9,1.4395935734642709,1.4595230676396485,0.017861479218993503
test,scn2_random_freq_amp_env23007,random_freq_amp,constant_alpha,2,1,,wm,0.9818181818181818,0.0,0.010516288069601339,0.9,0.8,1.4395935734642709,1.4595230676396485,0.017948239686606637
test,scn2_random_freq_amp_env23007,random_freq_amp,constant_alpha,2,1188,,physics_persistence,1.0,1.0,0.0,1.0,1.0,0.006757020642118222,0.00820895148672837,0.0017386773710862929
test,scn2_random_freq_amp_env23007,random_freq_amp,constant_alpha,2,1188,,wm,1.0,1.0,0.0,1.0,1.0,0.006757020642118222,0.00820895148672837,0.002107955848266699
test,scn2_random_freq_amp_env23007,random_freq_amp,constant_alpha,2,277,,physics_persistence,0.6545454545454547,0.0,0.05456660010707743,0.5,0.4,0.02561517387181005,0.026102964911536682,0.0007609105936663176
test,scn2_random_freq_amp_env23007,random_freq_amp,constant_alpha,2,277,,wm,0.9545454545454546,1.0,0.0,0.5,0.5,0.02561517387181005,0.026102964911536682,0.00045956739581842765
test,scn2_random_freq_amp_env23007,random_freq_amp,constant_alpha,2,1359,,physics_persistence,1.0,1.0,0.0,1.0,1.0,0.001198379486620625,0.004121570432255444,0.0029013681139915394
test,scn2_random_freq_amp_env23007,random_freq_amp,constant_alpha,2,1359,,wm,1.0,1.0,0.0,1.0,1.0,0.001198379486620625,0.004121570432255444,0.0028132001313584155
test,scn2_mass_damping_mismatch_env23007,mass_damping_mismatch,constant_alpha,2,1,,physics_persistence,1.0,1.0,0.0,1.0,1.0,1.4536748228872385,1.4792377877653313,0.024820388141584715
test,scn2_mass_damping_mismatch_env23007,mass_damping_mismatch,constant_alpha,2,1,,wm,0.990909090909091,0.0,0.009477149348775232,1.0,0.9,1.4536748228872385,1.4792377877653313,0.024398638911950155
test,scn2_mass_damping_mismatch_env23007,mass_damping_mismatch,constant_alpha,2,610,,physics_persistence,1.0,1.0,0.0,1.0,1.0,0.3274458273753728,0.3436724408880123,0.01622978862497587
test,scn2_mass_damping_mismatch_env23007,mass_damping_mismatch,constant_alpha,2,610,,wm,1.0,1.0,0.0,1.0,1.0,0.3274458273753728,0.3436724408880123,0.017044063788947184
test,scn2_mass_damping_mismatch_env23007,mass_damping_mismatch,constant_alpha,2,1161,,physics_persistence,0.9545454545454546,0.0,0.00915501558935671,0.8,0.9,0.16599846878312924,0.17466989831470026,0.009382250109633339
test,scn2_mass_damping_mismatch_env23007,mass_damping_mismatch,constant_alpha,2,1161,,wm,0.990909090909091,0.0,0.0031176552753064664,0.8,0.7,0.16599846878312924,0.17466989831470026,0.008259331216761645
test,scn2_mass_damping_mismatch_env23007,mass_damping_mismatch,constant_alpha,2,1711,,physics_persistence,1.0,1.0,0.0,0.9,0.9,0.5751203430994728,0.613918420097147,0.04062989653547655
test,scn2_mass_damping_mismatch_env23007,mass_damping_mismatch,constant_alpha,2,1711,,wm,0.990909090909091,1.0,0.0,0.9,0.9,0.5751203430994728,0.613918420097147,0.041692308852181115
test,scn2_random_freq_amp_env23007,random_freq_amp,transformer,2,3,,physics_persistence,1.0,1.0,0.0,1.0,1.0,1.4917580225469629,1.5288684907517491,0.0353330971425061
test,scn2_random_freq_amp_env23007,random_freq_amp,transformer,2,3,,wm,1.0,1.0,0.0,1.0,1.0,1.4917580225469629,1.5288684907517491,0.03533156162923823
test,scn2_random_freq_amp_env23007,random_freq_amp,transformer,2,635,,physics_persistence,1.0,1.0,0.0,1.0,1.0,10.930567000982336,10.96769274584559,0.03599728738714525
test,scn2_random_freq_amp_env23007,random_freq_amp,transformer,2,635,,wm,1.0,1.0,0.0,1.0,1.0,10.930567000982336,10.96769274584559,0.038778178207316216
test,scn2_random_freq_amp_env23007,random_freq_amp,transformer,2,1177,,physics_persistence,1.0,1.0,0.0,1.0,1.0,0.005332368073372249,0.0060151115039104855,0.0009319137338637028
test,scn2_random_freq_amp_env23007,random_freq_amp,transformer,2,1177,,wm,1.0,1.0,0.0,1.0,1.0,0.005332368073372249,0.0060151115039104855,0.0012560135426229833
test,scn2_random_freq_amp_env23007,random_freq_amp,transformer,2,1718,,physics_persistence,1.0,1.0,0.0,1.0,1.0,0.0028702812498433766,0.004231544888132678,0.0013239335881510194
test,scn2_random_freq_amp_env23007,random_freq_amp,transformer,2,1718,,wm,1.0,1.0,0.0,1.0,1.0,0.0028702812498433766,0.004231544888132678,0.001236207327204392
test,scn2_mass_damping_mismatch_env23007,mass_damping_mismatch,constant_alpha,2,1,,physics_persistence,0.990909090909091,1.0,0.0,0.5,0.5,1.4715836781995868,1.4792377877653313,0.007213624117278661
test,scn2_mass_damping_mismatch_env23007,mass_damping_mismatch,constant_alpha,2,1,,wm,0.9818181818181818,1.0,0.0,0.5,0.5,1.4715836781995868,1.4792377877653313,0.007446259643371533
test,scn2_mass_damping_mismatch_env23007,mass_damping_mismatch,constant_alpha,2,1134,,physics_persistence,1.0,1.0,0.0,1.0,1.0,0.0181176673299663,0.021724609180272633,0.003908958044003624
test,scn2_mass_damping_mismatch_env23007,mass_damping_mismatch,constant_alpha,2,1134,,wm,1.0,1.0,0.0,1.0,1.0,0.0181176673299663,0.021724609180272633,0.0035142657715022917
test,scn2_mass_damping_mismatch_env23007,mass_damping_mismatch,constant_alpha,2,205,,physics_persistence,1.0,1.0,0.0,0.0,0.0,0.040498230411229304,0.04435231266809208,0.0038193751184482025
test,scn2_mass_damping_mismatch_env23007,mass_damping_mismatch,constant_alpha,2,205,,wm,1.0,1.0,0.0,0.0,0.0,0.040498230411229304,0.04435231266809208,0.0037325114742623663
test,scn2_mass_damping_mismatch_env23007,mass_damping_mismatch,constant_alpha,2,1330,,physics_persistence,1.0,1.0,0.0,0.8,0.8,0.003433396482235936,0.0045645547459115575,0.0010901637730899513
test,scn2_mass_damping_mismatch_env23007,mass_damping_mismatch,constant_alpha,2,1330,,wm,0.9727272727272729,0.0,0.013888642995993626,0.8,0.7,0.003433396482235936,0.0045645547459115575,0.001004755546905421
test,scn3_actuator_delay_noise_env23007,actuator_delay_noise,constant_alpha,3,1,,physics_persistence,1.0,1.0,0.0,0.8,0.8,1.4682556999171767,1.5226216498830678,0.05468559328147715
test,scn3_actuator_delay_noise_env23007,actuator_delay_noise,constant_alpha,3,1,,wm,1.0,1.0,0.0,0.8,0.8,1.4682556999171767,1.5226216498830678,0.05492167733594244
test,scn3_actuator_delay_noise_env23007,actuator_delay_noise,constant_alpha,3,631,,physics_persistence,1.0,1.0,0.0,1.0,1.0,0.15111146999325273,0.1734944726269474,0.022369365530131746
test,scn3_actuator_delay_noise_env23007,actuator_delay_noise,constant_alpha,3,631,,wm,1.0,1.0,0.0,1.0,1.0,0.15111146999325273,0.1734944726269474,0.022568683627817582
test,scn3_actuator_delay_noise_env23007,actuator_delay_noise,constant_alpha,3,1177,,physics_persistence,0.990909090909091,1.0,0.0,0.4,0.4,0.13347477347398662,0.14482615342108887,0.011133906728867438
test,scn3_actuator_delay_noise_env23007,actuator_delay_noise,constant_alpha,3,1177,,wm,0.990909090909091,1.0,0.0,0.4,0.4,0.13347477347398662,0.14482615342108887,0.010806571070001658
test,scn3_actuator_delay_noise_env23007,actuator_delay_noise,constant_alpha,3,1719,,physics_persistence,1.0,1.0,0.0,1.0,1.0,0.41291704294535525,0.4315192986869956,0.01677495358235853
test,scn3_actuator_delay_noise_env23007,actuator_delay_noise,constant_alpha,3,1719,,wm,1.0,1.0,0.0,1.0,1.0,0.41291704294535525,0.4315192986869956,0.01755324115093143
test,scn2_mass_damping_mismatch_env23007,mass_damping_mismatch,transformer,2,1,,physics_persistence,0.990909090909091,1.0,0.0,0.5,0.5,1.471582745732042,1.4792377877653313,0.007214590031433987
test,scn2_mass_damping_mismatch_env23007,mass_damping_mismatch,transformer,2,1,,wm,0.990909090909091,1.0,0.0,0.5,0.5,1.471582745732042,1.4792377877653313,0.007791175686255869
test,scn2_mass_damping_mismatch_env23007,mass_damping_mismatch,transformer,2,646,,physics_persistence,1.0,1.0,0.0,1.0,1.0,0.004236498057353277,0.005834995669612483,0.001480222341177377
test,scn2_mass_damping_mismatch_env23007,mass_damping_mismatch,transformer,2,646,,wm,1.0,1.0,0.0,1.0,1.0,0.004236498057353277,0.005834995669612483,0.0015854514838076483
test,scn2_mass_damping_mismatch_env23007,mass_damping_mismatch,transformer,2,1184,,physics_persistence,1.0,1.0,0.0,1.0,1.0,0.003135846974464485,0.004557086506886746,0.0013326877823729459
test,scn2_mass_damping_mismatch_env23007,mass_damping_mismatch,transformer,2,1184,,wm,1.0,1.0,0.0,1.0,1.0,0.003135846974464485,0.004557086506886746,0.0012323777535814665
test,scn2_mass_damping_mismatch_env23007,mass_damping_mismatch,transformer,2,1720,,physics_persistence,1.0,1.0,0.0,1.0,1.0,0.0003651838250223216,0.001856106490152984,0.0013848682008232556
test,scn2_mass_damping_mismatch_env23007,mass_damping_mismatch,transformer,2,1720,,wm,1.0,1.0,0.0,1.0,1.0,0.0003651838250223216,0.001856106490152984,0.0014208065019414152
test,scn3_actuator_delay_noise_env23007,actuator_delay_noise,constant_alpha,3,1,,physics_persistence,0.9818181818181818,1.0,0.0,0.7,0.7,1.5021412116101258,1.515433289692667,0.013712341387648763
test,scn3_actuator_delay_noise_env23007,actuator_delay_noise,constant_alpha,3,1,,wm,0.9818181818181818,1.0,0.0,0.7,0.7,1.5021412116101258,1.515433289692667,0.013495231806132324
test,scn3_actuator_delay_noise_env23007,actuator_delay_noise,constant_alpha,3,1112,,physics_persistence,1.0,1.0,0.0,0.8,0.8,0.035457387374601475,0.04609165902790678,0.010465313765438237
test,scn3_actuator_delay_noise_env23007,actuator_delay_noise,constant_alpha,3,1112,,wm,0.990909090909091,1.0,0.0,0.8,0.8,0.035457387374601475,0.04609165902790678,0.010364522688492958
test,scn3_actuator_delay_noise_env23007,actuator_delay_noise,constant_alpha,3,164,,physics_persistence,1.0,1.0,0.0,0.0,0.0,0.363447707764379,0.41085047735896274,0.047491322990946494
test,scn3_actuator_delay_noise_env23007,actuator_delay_noise,constant_alpha,3,164,,wm,1.0,1.0,0.0,0.0,0.0,0.363447707764379,0.41085047735896274,0.04765363393685512
test,scn3_actuator_delay_noise_env23007,actuator_delay_noise,constant_alpha,3,1319,,physics_persistence,0.990909090909091,1.0,0.0,0.7,0.7,2.4632765822365137,2.5162400113272723,0.0511361576254048
test,scn3_actuator_delay_noise_env23007,actuator_delay_noise,constant_alpha,3,1319,,wm,0.9818181818181818,1.0,0.0,0.7,0.7,2.4632765822365137,2.5162400113272723,0.054835181632225005
test,scn1_structured_env23008,structured,constant_alpha,1,1,,physics_persistence,1.0,1.0,0.0,0.5,0.5,1.4941585898322536,1.5064576861759726,0.011593422949669474
test,scn1_structured_env23008,structured,constant_alpha,1,1,,wm,0.9818181818181818,1.0,0.0,0.5,0.5,1.4941585898322536,1.5064576861759726,0.011737978324600329
test,scn1_structured_env23008,structured,constant_alpha,1,631,,physics_persistence,1.0,1.0,0.0,1.0,1.0,0.09915195502328868,0.1142548097509203,0.015679061217738835
test,scn1_structured_env23008,structured,constant_alpha,1,631,,wm,1.0,1.0,0.0,1.0,1.0,0.09915195502328868,0.1142548097509203,0.015896659977134395
test,scn1_structured_env23008,structured,constant_alpha,1,1172,,physics_persistence,1.0,1.0,0.0,0.0,0.0,0.35307570571469454,0.36241143427771455,0.009862625201702557
test,scn1_structured_env23008,structured,constant_alpha,1,1172,,wm,1.0,1.0,0.0,0.0,0.0,0.35307570571469454,0.36241143427771455,0.006176399337308791
test,scn1_structured_env23008,structured,constant_alpha,1,1712,,physics_persistence,1.0,1.0,0.0,1.0,1.0,0.11540626548459419,0.13148084599501264,0.017803582861483577
test,scn1_structured_env23008,structured,constant_alpha,1,1712,,wm,1.0,1.0,0.0,1.0,1.0,0.11540626548459419,0.13148084599501264,0.018398424015599366
test,scn3_actuator_delay_noise_env23007,actuator_delay_noise,transformer,3,1,,physics_persistence,1.0,1.0,0.0,0.8,0.8,1.4682839252876996,1.5226107891075173,0.054646572588164855
test,scn3_actuator_delay_noise_env23007,actuator_delay_noise,transformer,3,1,,wm,1.0,1.0,0.0,0.8,0.8,1.4682839252876996,1.5226107891075173,0.05493037948573232
test,scn3_actuator_delay_noise_env23007,actuator_delay_noise,transformer,3,607,,physics_persistence,1.0,1.0,0.0,1.0,1.0,0.23165838126903127,0.3797169875741082,0.14912083007229865
test,scn3_actuator_delay_noise_env23007,actuator_delay_noise,transformer,3,607,,wm,1.0,1.0,0.0,1.0,1.0,0.23165838126903127,0.3797169875741082,0.14911213311892071
test,scn3_actuator_delay_noise_env23007,actuator_delay_noise,transformer,3,1128,,physics_persistence,1.0,1.0,0.0,0.0,0.0,0.023663807253912737,0.02779961105109343,0.0036595153733341643
test,scn3_actuator_delay_noise_env23007,actuator_delay_noise,transformer,3,1128,,wm,1.0,1.0,0.0,0.0,0.0,0.023663807253912737,0.02779961105109343,0.003334595494606702
test,scn3_actuator_delay_noise_env23007,actuator_delay_noise,transformer,3,1725,,physics_persistence,1.0,1.0,0.0,0.4,0.4,3.6641318069417563,3.7123701828592366,0.04710933747346502
test,scn3_actuator_delay_noise_env23007,actuator_delay_noise,transformer,3,1725,,wm,0.990909090909091,1.0,0.0,0.4,0.4,3.6641318069417563,3.7123701828592366,0.043545359396819805
test,scn1_structured_env23008,structured,constant_alpha,1,7,,physics_persistence,0.9363636363636365,0.0,0.0348202151435908,0.8,0.9,1.6948296827853477,1.7102630264984073,0.01835337924359015
test,scn1_structured_env23008,structured,constant_alpha,1,7,,wm,0.9636363636363637,0.0,0.0348202151435908,0.8,0.9,1.6948296827853477,1.7102630264984073,0.017981568668341108
test,scn1_structured_env23008,structured,constant_alpha,1,1175,,physics_persistence,1.0,1.0,0.0,0.0,0.0,0.10371902526341743,0.11271923356157211,0.007060372410270077
test,scn1_structured_env23008,structured,constant_alpha,1,1175,,wm,1.0,1.0,0.0,0.0,0.0,0.10371902526341743,0.11271923356157211,0.007131135109240433
test,scn1_structured_env23008,structured,constant_alpha,1,259,,physics_persistence,0.990909090909091,1.0,0.0,0.4,0.4,0.022277268803771372,0.023197831603897726,0.0009109328865205754
test,scn1_structured_env23008,structured,constant_alpha,1,259,,wm,0.9818181818181818,1.0,0.0,0.4,0.4,0.022277268803771372,0.023197831603897726,0.0009335284893694333
test,scn1_structured_env23008,structured,constant_alpha,1,1355,,physics_persistence,1.0,1.0,0.0,1.0,1.0,0.0027127412537853277,0.005890292067133856,0.0031740400233647363
test,scn1_structured_env23008,structured,constant_alpha,1,1355,,wm,1.0,1.0,0.0,1.0,1.0,0.0027127412537853277,0.005890292067133856,0.0032485757480926005
test,scn2_structured_env23008,structured,constant_alpha,2,5,,physics_persistence,0.9818181818181818,1.0,0.0,0.7,0.7,1.6378126185000184,1.6505066316428052,0.011831061631198958
test,scn2_structured_env23008,structured,constant_alpha,2,5,,wm,0.9818181818181818,1.0,0.0,0.7,0.7,1.6378126185000184,1.6505066316428052,0.011803762698136433
test,scn2_structured_env23008,structured,constant_alpha,2,608,,physics_persistence,1.0,1.0,0.0,1.0,1.0,0.07882081659845025,0.0910885944779168,0.013068897530718285
test,scn2_structured_env23008,structured,constant_alpha,2,608,,wm,1.0,1.0,0.0,1.0,1.0,0.07882081659845025,0.0910885944779168,0.013423271953048002
test,scn2_structured_env23008,structured,constant_alpha,2,1164,,physics_persistence,1.0,1.0,0.0,1.0,1.0,0.02409750248297647,0.02603864448134464,0.0025217138046896258
test,scn2_structured_env23008,structured,constant_alpha,2,1164,,wm,1.0,1.0,0.0,1.0,1.0,0.02409750248297647,0.02603864448134464,0.0028289586067879527
test,scn2_structured_env23008,structured,constant_alpha,2,1713,,physics_persistence,1.0,1.0,0.0,0.8,0.8,0.4613497309036891,0.4975315785877931,0.03638590060766089
test,scn2_structured_env23008,structured,constant_alpha,2,1713,,wm,1.0,1.0,0.0,0.8,0.8,0.4613497309036891,0.4975315785877931,0.037416785100062466
test,scn1_structured_env23008,structured,transformer,1,5,,physics_persistence,0.990909090909091,1.0,0.0,0.7,0.7,1.6301897563724386,1.6397616419279433,0.009713406923281376
test,scn1_structured_env23008,structured,transformer,1,5,,wm,0.990909090909091,0.0,0.0014549832851081,0.7,0.6,1.6301897563724386,1.6397616419279433,0.00955918416142354
test,scn1_structured_env23008,structured,transformer,1,611,,physics_persistence,1.0,1.0,0.0,0.9,0.9,0.0007426988360158592,0.00138412146653749,0.0005411410586543709
test,scn1_structured_env23008,structured,transformer,1,611,,wm,1.0,1.0,0.0,0.9,0.9,0.0007426988360158592,0.00138412146653749,0.0006349742154912004
test,scn1_structured_env23008,structured,transformer,1,1163,,physics_persistence,1.0,1.0,0.0,0.0,0.0,0.1548398700737959,0.15940292308876305,0.004425060772515421
test,scn1_structured_env23008,structured,transformer,1,1163,,wm,1.0,1.0,0.0,0.0,0.0,0.1548398700737959,0.15940292308876305,0.003814384087580114
test,scn1_structured_env23008,structured,transformer,1,1713,,physics_persistence,1.0,1.0,0.0,1.0,1.0,0.003545520786681853,0.0050157347597870675,0.0012539282379711338
test,scn1_structured_env23008,structured,transformer,1,1713,,wm,1.0,1.0,0.0,1.0,1.0,0.003545520786681853,0.0050157347597870675,0.0013425079700888991
test,scn2_structured_env23008,structured,constant_alpha,2,17,,physics_persistence,0.9727272727272729,1.0,0.0,0.3,0.3,2.004889821054459,2.0204669480515394,0.017464171917659144
test,scn2_structured_env23008,structured,constant_alpha,2,17,,wm,0.990909090909091,1.0,0.0,0.3,0.3,2.004889821054459,2.0204669480515394,0.017831781933415503
test,scn2_structured_env23008,structured,constant_alpha,2,1755,,physics_persistence,1.0,1.0,0.0,1.0,1.0,0.005903752558861364,0.0132416755277414,0.007052132824020715
test,scn2_structured_env23008,structured,constant_alpha,2,1755,,wm,1.0,1.0,0.0,1.0,1.0,0.005903752558861364,0.0132416755277414,0.007199218314456497
test,scn2_structured_env23008,structured,constant_alpha,2,1421,,physics_persistence,1.0,1.0,0.0,1.0,1.0,0.001243021272499742,0.003018985213755227,0.0015742982388775037
test,scn2_structured_env23008,structured,constant_alpha,2,1421,,wm,1.0,1.0,0.0,1.0,1.0,0.001243021272499742,0.003018985213755227,0.0016429268502885408
test,scn2_structured_env23008,structured,transformer,2,979,,physics_persistence,0.8545454545454546,0.0,0.03007318382991569,0.1,0.3,0.06231799555457866,0.0626189182549791,0.00016063894749459434
test,scn2_structured_env23008,structured,transformer,2,979,,wm,0.9727272727272729,0.0,0.017053489316217633,0.1,0.0,0.06231799555457866,0.0626189182549791,0.00035980181803331457
test,scn3_structured_env23008,structured,constant_alpha,3,5,,physics_persistence,1.0,1.0,0.0,0.7,0.7,1.6302050034368,1.6397616419279433,0.009698246221925944
test,scn3_structured_env23008,structured,constant_alpha,3,5,,wm,0.990909090909091,0.0,0.0011181076389160678,0.7,0.6,1.6302050034368,1.6397616419279433,0.009523282340032857
test,scn3_structured_env23008,structured,constant_alpha,3,297,,physics_persistence,1.0,1.0,0.0,1.0,1.0,0.016461908367798657,0.027779457890236604,0.01108792847211873
test,scn3_structured_env23008,structured,constant_alpha,3,297,,wm,1.0,1.0,0.0,1.0,1.0,0.016461908367798657,0.027779457890236604,0.011409266014349315
test,scn3_structured_env23008,structured,constant_alpha,3,405,,physics_persistence,1.0,1.0,0.0,1.0,1.0,0.0021560488900462162,0.003433942416370556,0.0012043087098639487
test,scn3_structured_env23008,structured,constant_alpha,3,405,,wm,1.0,1.0,0.0,1.0,1.0,0.0021560488900462162,0.003433942416370556,0.0013105729244810654
test,scn3_structured_env23008,structured,transformer,3,609,,physics_persistence,0.9818181818181818,1.0,0.0,0.8,0.8,0.000934568245047651,0.0014090081344663565,0.00036117661341121326
test,scn3_structured_env23008,structured,transformer,3,609,,wm,1.0,1.0,0.0,0.8,0.8,0.000934568245047651,0.0014090081344663565,0.00044588282141038436
test,scn2_ou_current_env23008,ou_current,constant_alpha,2,6,,physics_persistence,1.0,1.0,0.0,0.5,0.5,1.7377057225682346,1.7439862649522808,0.005805862245088722
test,scn2_ou_current_env23008,ou_current,constant_alpha,2,6,,wm,1.0,1.0,0.0,0.5,0.5,1.7377057225682346,1.7439862649522808,0.006152751978115489
test,scn2_ou_current_env23008,ou_current,constant_alpha,2,1682,,physics_persistence,1.0,1.0,0.0,1.0,1.0,0.14648981232160846,0.16975470714968985,0.019452121045460152
test,scn2_ou_current_env23008,ou_current,constant_alpha,2,1682,,wm,1.0,1.0,0.0,1.0,1.0,0.14648981232160846,0.16975470714968985,0.020106586952873373
test,scn2_ou_current_env23008,ou_current,constant_alpha,2,1348,,physics_persistence,1.0,1.0,0.0,1.0,1.0,0.012525379926921813,0.023047822140928105,0.010107238652735252
test,scn2_ou_current_env23008,ou_current,constant_alpha,2,1348,,wm,1.0,1.0,0.0,1.0,1.0,0.012525379926921813,0.023047822140928105,0.010850837582002906
test,scn2_ou_current_env23008,ou_current,constant_alpha,2,979,,physics_persistence,1.0,1.0,0.0,0.0,0.0,0.0017160719954684136,0.002303437844264262,0.00011383884200865052
test,scn2_ou_current_env23008,ou_current,constant_alpha,2,979,,wm,-1.0,0.0,1.0,0.0,1.0,0.0017160719954684136,0.002303437844264262,0.00020089364364267903
test,scn2_colored_noise_env23008,colored_noise,constant_alpha,2,8,,physics_persistence,0.9272727272727275,1.0,0.0,0.5,0.5,1.819948238625805,1.825317042873382,0.005154032426258226
test,scn2_colored_noise_env23008,colored_noise,constant_alpha,2,8,,wm,0.990909090909091,1.0,0.0,0.5,0.5,1.819948238625805,1.825317042873382,0.005360852302534802
test,scn2_colored_noise_env23008,colored_noise,constant_alpha,2,615,,physics_persistence,1.0,1.0,0.0,1.0,1.0,0.15176011263611877,0.1715126851569684,0.01999211400715556
test,scn2_colored_noise_env23008,colored_noise,constant_alpha,2,615,,wm,1.0,1.0,0.0,1.0,1.0,0.15176011263611877,0.1715126851569684,0.02008592585225913
test,scn2_colored_noise_env23008,colored_noise,constant_alpha,2,1163,,physics_persistence,1.0,1.0,0.0,0.0,0.0,0.36546604546276323,0.4216394212069498,0.0541737386140429
test,scn2_colored_noise_env23008,colored_noise,constant_alpha,2,1163,,wm,1.0,1.0,0.0,0.0,0.0,0.36546604546276323,0.4216394212069498,0.050994896694926295
test,scn2_colored_noise_env23008,colored_noise,constant_alpha,2,1715,,physics_persistence,1.0,1.0,0.0,0.9,0.9,0.18176645714156048,0.20655420942930486,0.025169250860083897
test,scn2_colored_noise_env23008,colored_noise,constant_alpha,2,1715,,wm,1.0,1.0,0.0,0.9,0.9,0.18176645714156048,0.20655420942930486,0.025936035821284176
test,scn2_ou_current_env23008,ou_current,transformer,2,5,,physics_persistence,0.990909090909091,1.0,0.0,0.5,0.5,1.6967087014118183,1.7026622758039185,0.005529019758500953
test,scn2_ou_current_env23008,ou_current,transformer,2,5,,wm,0.990909090909091,1.0,0.0,0.5,0.5,1.6967087014118183,1.7026622758039185,0.0056983766182090445
test,scn2_ou_current_env23008,ou_current,transformer,2,611,,physics_persistence,1.0,1.0,0.0,0.9,0.9,0.0009775386953527429,0.0015816862357527473,0.00045062308318091705
test,scn2_ou_current_env23008,ou_current,transformer,2,611,,wm,0.9727272727272729,0.0,0.019157755497568537,0.9,1.0,0.0009775386953527429,0.0015816862357527473,0.0004943366846431744
test,scn2_ou_current_env23008,ou_current,transformer,2,1161,,physics_persistence,1.0,1.0,0.0,1.0,1.0,0.0038394320988026265,0.004616273796980147,0.0005129492574667905
test,scn2_ou_current_env23008,ou_current,transformer,2,1161,,wm,1.0,1.0,0.0,1.0,1.0,0.0038394320988026265,0.004616273796980147,0.0007137907455752115
test,scn2_ou_current_env23008,ou_current,transformer,2,1712,,physics_persistence,0.990909090909091,0.0,0.014603357905702451,0.9,1.0,0.0034603031107176196,0.00486398268486604,0.0011766336407360765
test,scn2_ou_current_env23008,ou_current,transformer,2,1712,,wm,0.990909090909091,0.0,0.014603357905702451,0.9,1.0,0.0034603031107176196,0.00486398268486604,0.0012103101128123567
test,scn2_colored_noise_env23008,colored_noise,constant_alpha,2,11,,physics_persistence,0.8000000000000002,0.0,0.026973502447916485,0.3,0.4,1.9312146857343178,1.9408511275474556,0.007622150081957546
test,scn2_colored_noise_env23008,colored_noise,constant_alpha,2,11,,wm,0.9727272727272729,0.0,0.005736687077724342,0.3,0.2,1.9312146857343178,1.9408511275474556,0.010668690878192333
test,scn2_colored_noise_env23008,colored_noise,constant_alpha,2,1150,,physics_persistence,1.0,1.0,0.0,0.0,0.0,0.013290349283578655,0.015907508322186355,0.0009538913857931978
test,scn2_colored_noise_env23008,colored_noise,constant_alpha,2,1150,,wm,1.0,1.0,0.0,0.0,0.0,0.013290349283578655,0.015907508322186355,0.0008756400081072497
test,scn2_colored_noise_env23008,colored_noise,constant_alpha,2,190,,physics_persistence,1.0,1.0,0.0,0.0,0.0,0.20639461789170346,0.2163621852855602,0.009920401167579168
test,scn2_colored_noise_env23008,colored_noise,constant_alpha,2,190,,wm,1.0,1.0,0.0,0.0,0.0,0.20639461789170346,0.2163621852855602,0.010289105348666866
test,scn2_colored_noise_env23008,colored_noise,constant_alpha,2,1325,,physics_persistence,1.0,1.0,0.0,1.0,1.0,0.002171225032629846,0.004122290968360918,0.002047372576083406
test,scn2_colored_noise_env23008,colored_noise,constant_alpha,2,1325,,wm,1.0,1.0,0.0,1.0,1.0,0.002171225032629846,0.004122290968360918,0.0020089528126151406
test,scn2_random_freq_amp_env23008,random_freq_amp,constant_alpha,2,98,,physics_persistence,1.0,1.0,0.0,1.0,1.0,3.09086949203081,3.3707065266368272,0.2780603644172568
test,scn2_random_freq_amp_env23008,random_freq_amp,constant_alpha,2,98,,wm,1.0,1.0,0.0,1.0,1.0,3.09086949203081,3.3707065266368272,0.28013550920194197
test,scn2_random_freq_amp_env23008,random_freq_amp,constant_alpha,2,642,,physics_persistence,1.0,1.0,0.0,1.0,1.0,11.401530416022874,11.469911099624692,0.0712135329268957
test,scn2_random_freq_amp_env23008,random_freq_amp,constant_alpha,2,642,,wm,1.0,1.0,0.0,1.0,1.0,11.401530416022874,11.469911099624692,0.06715345640736814
test,scn2_random_freq_amp_env23008,random_freq_amp,constant_alpha,2,1213,,physics_persistence,0.990909090909091,1.0,0.0,0.4,0.4,1.4880922088306898,1.513011209341076,0.023590191963283713
test,scn2_random_freq_amp_env23008,random_freq_amp,constant_alpha,2,1213,,wm,0.990909090909091,1.0,0.0,0.4,0.4,1.4880922088306898,1.513011209341076,0.024693893627945274
test,scn2_random_freq_amp_env23008,random_freq_amp,constant_alpha,2,1734,,physics_persistence,1.0,1.0,0.0,1.0,1.0,0.06490818383447668,0.0764558632001887,0.013488439896033266
test,scn2_random_freq_amp_env23008,random_freq_amp,constant_alpha,2,1734,,wm,1.0,1.0,0.0,1.0,1.0,0.06490818383447668,0.0764558632001887,0.013298985682037898
test,scn2_colored_noise_env23008,colored_noise,transformer,2,3,,physics_persistence,1.0,1.0,0.0,0.4,0.4,1.6160858540052723,1.6241746405286297,0.007478704646860734
test,scn2_colored_noise_env23008,colored_noise,transformer,2,3,,wm,0.990909090909091,1.0,0.0,0.4,0.4,1.6160858540052723,1.6241746405286297,0.008114305140448641
test,scn2_colored_noise_env23008,colored_noise,transformer,2,609,,physics_persistence,0.9818181818181818,0.0,0.012759807660262428,0.8,0.9,0.0008859564036463906,0.0015319910439925083,0.0005017580651233365
test,scn2_colored_noise_env23008,colored_noise,transformer,2,609,,wm,0.9363636363636365,0.0,0.06703340616579165,0.8,1.0,0.0008859564036463906,0.0015319910439925083,0.0005263169720569985
test,scn2_colored_noise_env23008,colored_noise,transformer,2,1158,,physics_persistence,1.0,1.0,0.0,0.0,0.0,0.014184813826013241,0.01804006000596111,0.001598568024686154
test,scn2_colored_noise_env23008,colored_noise,transformer,2,1158,,wm,1.0,1.0,0.0,0.0,0.0,0.014184813826013241,0.01804006000596111,0.0013492625987880577
test,scn2_colored_noise_env23008,colored_noise,transformer,2,1715,,physics_persistence,1.0,1.0,0.0,1.0,1.0,0.0027150554707041264,0.00535425700056507,0.002982534515561681
test,scn2_colored_noise_env23008,colored_noise,transformer,2,1715,,wm,1.0,1.0,0.0,1.0,1.0,0.0027150554707041264,0.00535425700056507,0.003005919114489088
test,scn2_random_freq_amp_env23008,random_freq_amp,constant_alpha,2,8,,physics_persistence,1.0,1.0,0.0,1.0,1.0,1.6740852853530177,1.749020031828697,0.06703107786987017
test,scn2_random_freq_amp_env23008,random_freq_amp,constant_alpha,2,8,,wm,1.0,1.0,0.0,1.0,1.0,1.6740852853530177,1.749020031828697,0.06656808734419006
test,scn2_random_freq_amp_env23008,random_freq_amp,constant_alpha,2,1206,,physics_persistence,1.0,1.0,0.0,1.0,1.0,0.006852710721537036,0.009447542479250465,0.0028035534368334057
test,scn2_random_freq_amp_env23008,random_freq_amp,constant_alpha,2,1206,,wm,1.0,1.0,0.0,1.0,1.0,0.006852710721537036,0.009447542479250465,0.0034163690411913453
test,scn2_random_freq_amp_env23008,random_freq_amp,constant_alpha,2,247,,physics_persistence,1.0,1.0,0.0,1.0,1.0,0.022661436023924945,0.027457400403174598,0.004872474788372393
test,scn2_random_freq_amp_env23008,random_freq_amp,constant_alpha,2,247,,wm,1.0,1.0,0.0,1.0,1.0,0.022661436023924945,0.027457400403174598,0.0049376798002828196
test,scn2_random_freq_amp_env23008,random_freq_amp,constant_alpha,2,1353,,physics_persistence,1.0,1.0,0.0,1.0,1.0,0.0007513406308400478,0.0036337457770271504,0.002667439636546804
test,scn2_random_freq_amp_env23008,random_freq_amp,constant_alpha,2,1353,,wm,1.0,1.0,0.0,1.0,1.0,0.0007513406308400478,0.0036337457770271504,0.0025897055623336296
test,scn2_mass_damping_mismatch_env23008,mass_damping_mismatch,constant_alpha,2,9,,physics_persistence,1.0,1.0,0.0,1.0,1.0,1.8221657222927465,1.8566645416848377,0.031944297668588195
test,scn2_mass_damping_mismatch_env23008,mass_damping_mismatch,constant_alpha,2,9,,wm,1.0,1.0,0.0,1.0,1.0,1.8221657222927465,1.8566645416848377,0.03230326709140341
test,scn2_mass_damping_mismatch_env23008,mass_damping_mismatch,constant_alpha,2,632,,physics_persistence,1.0,1.0,0.0,0.8,0.8,0.3846676111374133,0.4034967526888003,0.020824219034611124
test,scn2_mass_damping_mismatch_env23008,mass_damping_mismatch,constant_alpha,2,632,,wm,0.990909090909091,1.0,0.0,0.8,0.8,0.3846676111374133,0.4034967526888003,0.02216563239698821
test,scn2_mass_damping_mismatch_env23008,mass_damping_mismatch,constant_alpha,2,1173,,physics_persistence,0.9727272727272729,0.0,0.004854713654419699,0.7,0.8,0.20087280793740528,0.2108882462938395,0.01109817033404123
test,scn2_mass_damping_mismatch_env23008,mass_damping_mismatch,constant_alpha,2,1173,,wm,0.990909090909091,1.0,0.0,0.7,0.7,0.20087280793740528,0.2108882462938395,0.010110310955750768
test,scn2_mass_damping_mismatch_env23008,mass_damping_mismatch,constant_alpha,2,1717,,physics_persistence,1.0,1.0,0.0,0.8,0.8,0.6504726518395226,0.6938412892113656,0.04441914797152802
test,scn2_mass_damping_mismatch_env23008,mass_damping_mismatch,constant_alpha,2,1717,,wm,0.990909090909091,1.0,0.0,0.8,0.8,0.6504726518395226,0.6938412892113656,0.04556277537068676
test,scn2_random_freq_amp_env23008,random_freq_amp,transformer,2,97,,physics_persistence,1.0,1.0,0.0,1.0,1.0,3.061915375597778,3.345923912924513,0.271896035001582
test,scn2_random_freq_amp_env23008,random_freq_amp,transformer,2,97,,wm,1.0,1.0,0.0,1.0,1.0,3.061915375597778,3.345923912924513,0.27388120208748123
test,scn2_random_freq_amp_env23008,random_freq_amp,transformer,2,656,,physics_persistence,0.990909090909091,1.0,0.0,0.7,0.7,12.61040342823715,12.639903544296649,0.028631512762855138
test,scn2_random_freq_amp_env23008,random_freq_amp,transformer,2,656,,wm,0.9454545454545454,1.0,0.0,0.7,0.7,12.61040342823715,12.639903544296649,0.03541972815638417
test,scn2_random_freq_amp_env23008,random_freq_amp,transformer,2,1189,,physics_persistence,1.0,1.0,0.0,1.0,1.0,0.012511605096085092,0.01263879099856477,0.0009230700775774547
test,scn2_random_freq_amp_env23008,random_freq_amp,transformer,2,1189,,wm,1.0,1.0,0.0,1.0,1.0,0.012511605096085092,0.01263879099856477,0.0019985151866417205
test,scn2_random_freq_amp_env23008,random_freq_amp,transformer,2,1723,,physics_persistence,0.8545454545454546,0.0,0.01575867848712328,0.6,0.5,0.002132778652872322,0.002432807045112808,0.0003108984563479668
test,scn2_random_freq_amp_env23008,random_freq_amp,transformer,2,1723,,wm,0.09090909090909091,0.0,0.27213556648954523,0.6,0.3,0.002132778652872322,0.002432807045112808,0.000564926264409649
test,scn2_mass_damping_mismatch_env23008,mass_damping_mismatch,constant_alpha,2,9,,physics_persistence,1.0,1.0,0.0,1.0,1.0,1.8221668294646312,1.8566645416848377,0.03194468718397259
test,scn2_mass_damping_mismatch_env23008,mass_damping_mismatch,constant_alpha,2,9,,wm,1.0,1.0,0.0,1.0,1.0,1.8221668294646312,1.8566645416848377,0.032312809819187605
test,scn2_mass_damping_mismatch_env23008,mass_damping_mismatch,constant_alpha,2,1165,,physics_persistence,1.0,1.0,0.0,1.0,1.0,0.016879468790673775,0.021531036070206264,0.00440831157083384
test,scn2_mass_damping_mismatch_env23008,mass_damping_mismatch,constant_alpha,2,1165,,wm,1.0,1.0,0.0,1.0,1.0,0.016879468790673775,0.021531036070206264,0.004047192880637901
test,scn2_mass_damping_mismatch_env23008,mass_damping_mismatch,constant_alpha,2,226,,physics_persistence,1.0,1.0,0.0,1.0,1.0,0.02039035310560665,0.024404775243074012,0.003813240568058242
test,scn2_mass_damping_mismatch_env23008,mass_damping_mismatch,constant_alpha,2,226,,wm,1.0,1.0,0.0,1.0,1.0,0.02039035310560665,0.024404775243074012,0.003949273912853605
test,scn2_mass_damping_mismatch_env23008,mass_damping_mismatch,constant_alpha,2,1339,,physics_persistence,0.9818181818181818,1.0,0.0,0.8,0.8,0.0021948109039226006,0.0034013346611810108,0.0012974076324611112
test,scn2_mass_damping_mismatch_env23008,mass_damping_mismatch,constant_alpha,2,1339,,wm,0.990909090909091,1.0,0.0,0.8,0.8,0.0021948109039226006,0.0034013346611810108,0.0012468711722152422
test,scn3_actuator_delay_noise_env23008,actuator_delay_noise,constant_alpha,3,19,,physics_persistence,0.990909090909091,1.0,0.0,0.5,0.5,2.697253220864964,2.704467953077842,0.006414115320878544
test,scn3_actuator_delay_noise_env23008,actuator_delay_noise,constant_alpha,3,19,,wm,0.9636363636363637,1.0,0.0,0.5,0.5,2.697253220864964,2.704467953077842,0.00829816873928202
test,scn3_actuator_delay_noise_env23008,actuator_delay_noise,constant_alpha,3,609,,physics_persistence,1.0,1.0,0.0,1.0,1.0,0.11392579040739899,0.13298077201059436,0.019182217977753768
test,scn3_actuator_delay_noise_env23008,actuator_delay_noise,constant_alpha,3,609,,wm,1.0,1.0,0.0,1.0,1.0,0.11392579040739899,0.13298077201059436,0.019114497214569093
test,scn3_actuator_delay_noise_env23008,actuator_delay_noise,constant_alpha,3,1162,,physics_persistence,1.0,1.0,0.0,0.0,0.0,0.03603344596690262,0.041201522314402585,0.005158348632943073
test,scn3_actuator_delay_noise_env23008,actuator_delay_noise,constant_alpha,3,1162,,wm,1.0,1.0,0.0,0.0,0.0,0.03603344596690262,0.041201522314402585,0.0051702554333398765
test,scn3_actuator_delay_noise_env23008,actuator_delay_noise,constant_alpha,3,1713,,physics_persistence,0.9818181818181818,0.0,0.0001504557019623176,0.8,0.9,0.2504625127864678,0.27715872799855823,0.027206225381714355
test,scn3_actuator_delay_noise_env23008,actuator_delay_noise,constant_alpha,3,1713,,wm,0.9818181818181818,0.0,0.0001504557019623176,0.8,0.9,0.2504625127864678,0.27715872799855823,0.027988760108658417
test,scn2_mass_damping_mismatch_env23008,mass_damping_mismatch,transformer,2,7,,physics_persistence,0.990909090909091,1.0,0.0,0.9,0.9,1.74341049767658,1.7642761634430064,0.02186993623759581
test,scn2_mass_damping_mismatch_env23008,mass_damping_mismatch,transformer,2,7,,wm,1.0,1.0,0.0,0.9,0.9,1.74341049767658,1.7642761634430064,0.02164604163382533
test,scn2_mass_damping_mismatch_env23008,mass_damping_mismatch,transformer,2,611,,physics_persistence,1.0,1.0,0.0,1.0,1.0,0.01922999098208219,0.021993159790271204,0.0029368268407433777
test,scn2_mass_damping_mismatch_env23008,mass_damping_mismatch,transformer,2,611,,wm,1.0,1.0,0.0,1.0,1.0,0.01922999098208219,0.021993159790271204,0.003128038493425949
test,scn2_mass_damping_mismatch_env23008,mass_damping_mismatch,transformer,2,1162,,physics_persistence,1.0,1.0,0.0,1.0,1.0,0.005999474362255662,0.007704173439459248,0.001546375306846367
test,scn2_mass_damping_mismatch_env23008,mass_damping_mismatch,transformer,2,1162,,wm,1.0,1.0,0.0,1.0,1.0,0.005999474362255662,0.007704173439459248,0.0012435499661562132
test,scn2_mass_damping_mismatch_env23008,mass_damping_mismatch,transformer,2,1713,,physics_persistence,0.990909090909091,0.0,0.0007169156228481151,0.9,1.0,0.0016295031443923867,0.0027919170159733876,0.0010811567455414279
test,scn2_mass_damping_mismatch_env23008,mass_damping_mismatch,transformer,2,1713,,wm,0.990909090909091,0.0,0.0007169156228481151,0.9,1.0,0.0016295031443923867,0.0027919170159733876,0.0011302645150149929
test,scn3_actuator_delay_noise_env23008,actuator_delay_noise,constant_alpha,3,37,,physics_persistence,1.0,1.0,0.0,0.1,0.1,3.010823175199386,3.0796228204852314,0.06517710853667413
test,scn3_actuator_delay_noise_env23008,actuator_delay_noise,constant_alpha,3,37,,wm,0.990909090909091,1.0,0.0,0.1,0.1,3.010823175199386,3.0796228204852314,0.06688504603128065
test,scn3_actuator_delay_noise_env23008,actuator_delay_noise,constant_alpha,3,1106,,physics_persistence,0.990909090909091,1.0,0.0,0.0,0.0,0.1475347049357432,0.16318688941474893,0.014929979563790968
test,scn3_actuator_delay_noise_env23008,actuator_delay_noise,constant_alpha,3,1106,,wm,0.990909090909091,1.0,0.0,0.0,0.0,0.1475347049357432,0.16318688941474893,0.015215538894205682
test,scn3_actuator_delay_noise_env23008,actuator_delay_noise,constant_alpha,3,140,,physics_persistence,1.0,1.0,0.0,0.0,0.0,0.5878568362998174,0.6418095978530083,0.052868218222546504
test,scn3_actuator_delay_noise_env23008,actuator_delay_noise,constant_alpha,3,140,,wm,1.0,1.0,0.0,0.0,0.0,0.5878568362998174,0.6418095978530083,0.05204519372387029
test,scn3_actuator_delay_noise_env23008,actuator_delay_noise,constant_alpha,3,1302,,physics_persistence,0.990909090909091,0.0,0.0034842325867062767,0.6,0.7,1.6594119036737265,1.693638029604608,0.03624315329049943
test,scn3_actuator_delay_noise_env23008,actuator_delay_noise,constant_alpha,3,1302,,wm,0.8909090909090911,0.0,0.0034842325867062767,0.6,0.7,1.6594119036737265,1.693638029604608,0.04145435225845162
test,scn1_structured_env23009,structured,constant_alpha,1,6,,physics_persistence,1.0,1.0,0.0,0.9,0.9,1.478197309833266,1.501220494913771,0.02246977731940647
test,scn1_structured_env23009,structured,constant_alpha,1,6,,wm,1.0,1.0,0.0,0.9,0.9,1.478197309833266,1.501220494913771,0.022037032685695346
test,scn1_structured_env23009,structured,constant_alpha,1,583,,physics_persistence,1.0,1.0,0.0,1.0,1.0,0.09076534707157166,0.10356186364999993,0.012968910364201267
test,scn1_structured_env23009,structured,constant_alpha,1,583,,wm,1.0,1.0,0.0,1.0,1.0,0.09076534707157166,0.10356186364999993,0.013127926903085466
test,scn1_structured_env23009,structured,constant_alpha,1,1145,,physics_persistence,1.0,1.0,0.0,0.0,0.0,0.6222808931324623,0.6381346142364881,0.015648814451448723
test,scn1_structured_env23009,structured,constant_alpha,1,1145,,wm,1.0,1.0,0.0,0.0,0.0,0.6222808931324623,0.6381346142364881,0.01075907056252845
test,scn1_structured_env23009,structured,constant_alpha,1,1707,,physics_persistence,0.990909090909091,0.0,0.0007417794326554256,0.9,1.0,0.1136814985637743,0.12849673369427195,0.015875010163259748
test,scn1_structured_env23009,structured,constant_alpha,1,1707,,wm,0.990909090909091,0.0,0.0007417794326554256,0.9,1.0,0.1136814985637743,0.12849673369427195,0.01621966053267418
test,scn3_actuator_delay_noise_env23008,actuator_delay_noise,transformer,3,17,,physics_persistence,0.9727272727272729,1.0,0.0,0.6,0.6,2.618850517985982,2.626460519541766,0.008053340543915155
test,scn3_actuator_delay_noise_env23008,actuator_delay_noise,transformer,3,17,,wm,0.990909090909091,1.0,0.0,0.6,0.6,2.618850517985982,2.626460519541766,0.006104562535624414
test,scn3_actuator_delay_noise_env23008,actuator_delay_noise,transformer,3,606,,physics_persistence,0.6363636363636364,0.0,0.22884207283743319,0.6,1.0,0.05992947411027245,0.06052885370727861,0.0018383648304681963
test,scn3_actuator_delay_noise_env23008,actuator_delay_noise,transformer,3,606,,wm,0.6363636363636364,0.0,0.22884207283743319,0.6,1.0,0.05992947411027245,0.06052885370727861,0.0015703822165767517
test,scn3_actuator_delay_noise_env23008,actuator_delay_noise,transformer,3,1186,,physics_persistence,1.0,1.0,0.0,0.0,0.0,0.8071091596777943,0.9858713972486193,0.17586890942638211
test,scn3_actuator_delay_noise_env23008,actuator_delay_noise,transformer,3,1186,,wm,1.0,1.0,0.0,0.0,0.0,0.8071091596777943,0.9858713972486193,0.17239823279480104
test,scn3_actuator_delay_noise_env23008,actuator_delay_noise,transformer,3,1721,,physics_persistence,1.0,1.0,0.0,1.0,1.0,0.05192026179794551,0.060067084338124896,0.008535235483204555
test,scn3_actuator_delay_noise_env23008,actuator_delay_noise,transformer,3,1721,,wm,1.0,1.0,0.0,1.0,1.0,0.05192026179794551,0.060067084338124896,0.00870606711994587
test,scn1_structured_env23009,structured,constant_alpha,1,17,,physics_persistence,0.9818181818181818,0.0,0.0023304238969417,0.8,0.9,1.7440144162659201,1.7695569714786326,0.026309468055587537
test,scn1_structured_env23009,structured,constant_alpha,1,17,,wm,1.0,1.0,0.0,0.8,0.8,1.7440144162659201,1.7695569714786326,0.025029174893967943
test,scn1_structured_env23009,structured,constant_alpha,1,1176,,physics_persistence,1.0,1.0,0.0,0.0,0.0,0.10007387340854987,0.106922853716313,0.007155809251721809
test,scn1_structured_env23009,structured,constant_alpha,1,1176,,wm,1.0,1.0,0.0,0.0,0.0,0.10007387340854987,0.106922853716313,0.0070027809807406555
test,scn1_structured_env23009,structured,constant_alpha,1,265,,physics_persistence,1.0,1.0,0.0,1.0,1.0,0.01402730864031166,0.016213405826076305,0.002018273202837628
test,scn1_structured_env23009,structured,constant_alpha,1,265,,wm,1.0,1.0,0.0,1.0,1.0,0.01402730864031166,0.016213405826076305,0.002128992157829702
test,scn1_structured_env23009,structured,constant_alpha,1,1354,,physics_persistence,1.0,1.0,0.0,1.0,1.0,0.003050020582497531,0.006416280166788716,0.0034949858117474435
test,scn1_structured_env23009,structured,constant_alpha,1,1354,,wm,1.0,1.0,0.0,1.0,1.0,0.003050020582497531,0.006416280166788716,0.003564658039479641
test,scn2_structured_env23009,structured,constant_alpha,2,8,,physics_persistence,1.0,1.0,0.0,1.0,1.0,1.5197622600228091,1.5633194123576257,0.04729086069650479
test,scn2_structured_env23009,structured,constant_alpha,2,8,,wm,1.0,1.0,0.0,1.0,1.0,1.5197622600228091,1.5633194123576257,0.047053066054385306
test,scn2_structured_env23009,structured,constant_alpha,2,580,,physics_persistence,1.0,1.0,0.0,1.0,1.0,0.07229261470362115,0.08405142488481386,0.011940690117925506
test,scn2_structured_env23009,structured,constant_alpha,2,580,,wm,1.0,1.0,0.0,1.0,1.0,0.07229261470362115,0.08405142488481386,0.012695496390307537
test,scn2_structured_env23009,structured,constant_alpha,2,1140,,physics_persistence,1.0,1.0,0.0,0.0,0.0,0.022042915476391575,0.022578963546641222,0.0003144580599051573
test,scn2_structured_env23009,structured,constant_alpha,2,1140,,wm,1.0,1.0,0.0,0.0,0.0,0.022042915476391575,0.022578963546641222,0.0002809333189469458
test,scn2_structured_env23009,structured,constant_alpha,2,1705,,physics_persistence,1.0,1.0,0.0,0.8,0.8,0.45722100733936,0.49378985434081574,0.03656602010868576
test,scn2_structured_env23009,structured,constant_alpha,2,1705,,wm,1.0,1.0,0.0,0.8,0.8,0.45722100733936,0.49378985434081574,0.03756861512535503
test,scn1_structured_env23009,structured,transformer,1,95,,physics_persistence,1.0,1.0,0.0,1.0,1.0,2.1456157748847247,2.2854571104344323,0.14082507803420619
test,scn1_structured_env23009,structured,transformer,1,95,,wm,1.0,1.0,0.0,1.0,1.0,2.1456157748847247,2.2854571104344323,0.14241069375394444
test,scn1_structured_env23009,structured,transformer,1,640,,physics_persistence,0.9818181818181818,0.0,0.012202384063217808,0.9,0.8,0.0004894055622106725,0.0011405952250991645,0.0005703414921670293
test,scn1_structured_env23009,structured,transformer,1,640,,wm,1.0,1.0,0.0,0.9,0.9,0.0004894055622106725,0.0011405952250991645,0.0006694339077162863
test,scn1_structured_env23009,structured,transformer,1,1180,,physics_persistence,1.0,1.0,0.0,0.0,0.0,0.1002113811804906,0.10841114214606076,0.008024953821889724
test,scn1_structured_env23009,structured,transformer,1,1180,,wm,1.0,1.0,0.0,0.0,0.0,0.1002113811804906,0.10841114214606076,0.006454509322019866
test,scn1_structured_env23009,structured,transformer,1,1721,,physics_persistence,1.0,1.0,0.0,1.0,1.0,0.0020900207666791058,0.0038969103174088587,0.001580923384486484
test,scn1_structured_env23009,structured,transformer,1,1721,,wm,1.0,1.0,0.0,1.0,1.0,0.0020900207666791058,0.0038969103174088587,0.0016840868968909543
test,scn2_structured_env23009,structured,constant_alpha,2,10,,physics_persistence,1.0,1.0,0.0,1.0,1.0,1.5791880696802174,1.6192341647649164,0.03912972310010043
test,scn2_structured_env23009,structured,constant_alpha,2,10,,wm,1.0,1.0,0.0,1.0,1.0,1.5791880696802174,1.6192341647649164,0.038991499170399235
test,scn2_structured_env23009,structured,constant_alpha,2,1180,,physics_persistence,1.0,1.0,0.0,1.0,1.0,0.0125260697295394,0.01375070446809455,0.0011964388850687555
test,scn2_structured_env23009,structured,constant_alpha,2,1180,,wm,1.0,1.0,0.0,1.0,1.0,0.0125260697295394,0.01375070446809455,0.0014465739926745255
test,scn2_structured_env23009,structured,constant_alpha,2,207,,physics_persistence,1.0,1.0,0.0,1.0,1.0,0.1145389809348578,0.11567962846516987,0.0012371228432273562
test,scn2_structured_env23009,structured,constant_alpha,2,207,,wm,1.0,1.0,0.0,1.0,1.0,0.1145389809348578,0.11567962846516987,0.0011620787267518362
test,scn2_structured_env23009,structured,constant_alpha,2,1332,,physics_persistence,1.0,1.0,0.0,1.0,1.0,0.0010944938075602524,0.0041975966818114975,0.002767056057913306
test,scn2_structured_env23009,structured,constant_alpha,2,1332,,wm,1.0,1.0,0.0,1.0,1.0,0.0010944938075602524,0.0041975966818114975,0.0029299109071747173
test,scn3_structured_env23009,structured,constant_alpha,3,90,,physics_persistence,1.0,1.0,0.0,1.0,1.0,2.1672982051943244,2.3212321119922006,0.15472963490627922
test,scn3_structured_env23009,structured,constant_alpha,3,90,,wm,1.0,1.0,0.0,1.0,1.0,2.1672982051943244,2.3212321119922006,0.15482611410757485
test,scn3_structured_env23009,structured,constant_alpha,3,638,,physics_persistence,1.0,1.0,0.0,1.0,1.0,0.10226225776275677,0.11746567860830881,0.01601166030951666
test,scn3_structured_env23009,structured,constant_alpha,3,638,,wm,1.0,1.0,0.0,1.0,1.0,0.10226225776275677,0.11746567860830881,0.01622775237089681
test,scn3_structured_env23009,structured,constant_alpha,3,1176,,physics_persistence,1.0,1.0,0.0,1.0,1.0,0.046399221835081356,0.050055517614799566,0.004327440788479374
test,scn3_structured_env23009,structured,constant_alpha,3,1176,,wm,1.0,1.0,0.0,1.0,1.0,0.046399221835081356,0.050055517614799566,0.004219722613422225
test,scn3_structured_env23009,structured,constant_alpha,3,1720,,physics_persistence,1.0,1.0,0.0,0.9,0.9,0.23722648429232607,0.26240068611627965,0.024165042289976985
test,scn3_structured_env23009,structured,constant_alpha,3,1720,,wm,0.990909090909091,0.0,0.0019776708302052994,0.9,1.0,0.23722648429232607,0.26240068611627965,0.02509612178210524
test,scn2_structured_env23009,structured,transformer,2,8,,physics_persistence,1.0,1.0,0.0,1.0,1.0,1.5197622600228091,1.5633194123576257,0.04729086069650479
test,scn2_structured_env23009,structured,transformer,2,8,,wm,1.0,1.0,0.0,1.0,1.0,1.5197622600228091,1.5633194123576257,0.04730331047863001
test,scn2_structured_env23009,structured,transformer,2,622,,physics_persistence,1.0,1.0,0.0,1.0,1.0,0.002918841463966168,0.0032890838083160707,0.00021481557280458646
test,scn2_structured_env23009,structured,transformer,2,622,,wm,0.990909090909091,0.0,0.033230722455637976,1.0,0.9,0.002918841463966168,0.0032890838083160707,0.0002628535386497259
test,scn2_structured_env23009,structured,transformer,2,1167,,physics_persistence,1.0,1.0,0.0,1.0,1.0,0.01225931568790414,0.012928329393071692,0.000690187265446977
test,scn2_structured_env23009,structured,transformer,2,1167,,wm,1.0,1.0,0.0,1.0,1.0,0.01225931568790414,0.012928329393071692,0.0008448670036813252
test,scn2_structured_env23009,structured,transformer,2,1717,,physics_persistence,1.0,1.0,0.0,1.0,1.0,0.002167762632917841,0.003789803673114387,0.0014944378130189013
test,scn2_structured_env23009,structured,transformer,2,1717,,wm,1.0,1.0,0.0,1.0,1.0,0.002167762632917841,0.003789803673114387,0.001520854991079385
test,scn3_structured_env23009,structured,constant_alpha,3,11,,physics_persistence,1.0,1.0,0.0,1.0,1.0,1.5938254969646413,1.6370287528896306,0.043773611712178084
test,scn3_structured_env23009,structured,constant_alpha,3,11,,wm,1.0,1.0,0.0,1.0,1.0,1.5938254969646413,1.6370287528896306,0.04331729899123049
test,scn3_structured_env23009,structured,constant_alpha,3,1746,,physics_persistence,1.0,1.0,0.0,1.0,1.0,0.007268693335765396,0.013577006866521673,0.00652287187534555
test,scn3_structured_env23009,structured,constant_alpha,3,1746,,wm,1.0,1.0,0.0,1.0,1.0,0.007268693335765396,0.013577006866521673,0.006640252938051687
test,scn3_structured_env23009,structured,constant_alpha,3,1385,,physics_persistence,1.0,1.0,0.0,1.0,1.0,0.0009828059640508457,0.0026416160664054144,0.0014404631747605473
test,scn3_structured_env23009,structured,constant_alpha,3,1385,,wm,1.0,1.0,0.0,1.0,1.0,0.0009828059640508457,0.0026416160664054144,0.0015119248605041206
test,scn3_structured_env23009,structured,transformer,3,982,,physics_persistence,-0.990909090909091,0.0,1.0,0.9,0.0,0.01811631085573395,0.02711436020978169,0.0004037927787956669
test,scn3_structured_env23009,structured,transformer,3,982,,wm,-0.990909090909091,0.0,1.0,0.9,0.0,0.01811631085573395,0.02711436020978169,0.0004238451261641338
