method,scenario,scenario_id,seed,start_time,mass_scale_xy,damping_scale_xy,initial_position_std,initial_velocity_std,final_error,success_0.5m,success_1.0m,success_2.0m,mean_error,max_error,rmse,iae,steady_state_error,steady_state_rmse,energy,mean_thrust,control_tv,heading_rmse_deg,heading_max_deg,z_rmse,z_max_abs_error,rmse_3d,primary_controller,authority_controller,authority_until,blend_duration,blend_curve,authority_active_fraction,authority_alpha_mean,authority_alpha_std,alpha_raw_mean,alpha_uncertainty_std,policy_architecture,history_len,trajectory3d,current_amplitude_scale,current_frequency_scale,vertical_current,vehicle_profile,action_mode,thruster_layout,action_peak_abs,action_saturation_fraction,action_saturation_step_fraction,action_tv_mean,action_jerk_mean,alpha_delta_mean,alpha_delta_max,alpha_jerk_mean,post_startup_rmse,tail_rmse,disturbance_window_rmse,disturbance_recovery_time_s,reference_rmse,reference_post_startup_rmse,reference_z_rmse,reference_action_jerk_mean,rmse_gain_vs_authority0_pct,post_startup_rmse_gain_vs_authority0_pct,z_rmse_gain_vs_authority0_pct,action_jerk_mean_gain_vs_authority0_pct,rmse_gain_pct,post_startup_gain_pct,train_seed,eval_episode,episode_uid
predictive_alpha,constant,1,20000,0.0,1.0,1.0,0.03,0.01,0.0451682461078794,1.0,1.0,1.0,0.0902507141742268,0.2313652674301271,0.1008958778011518,1.8952649976587643,0.0778707660646744,0.0795863097102035,30.625707426941894,1.4583670203305663,0.0189282781425767,14.728532222322585,45.0,0.0138439536785456,0.0490261619751614,0.1008958778011518,real10kg_smc_steady,real10kg_mpc_event,-1.0,-1.0,predictive_alpha,1.0,0.2534144150222329,0.2866347068337084,0.2249889086093199,0.0,transformer,16,True,2.5,1.0,0.75,real_10kg_v1,thruster,real_10kg_x,1.0,0.0465079365079365,0.1328571428571428,0.0189282781425767,0.0026697128616254,0.0084006373252872,0.0125,0.0006791546589013,0.0967216707749231,0.0795863097102035,,,,,,,,,,,,,20,0,train20_eval0_scn1
predictive_alpha,constant,1,20001,0.0,1.0,1.0,0.03,0.01,0.0451618093334343,1.0,1.0,1.0,0.0907301439369263,0.2313499807951846,0.1014801722752573,1.9053330226754537,0.0778759853308343,0.0795939448552337,30.583498382441466,1.456357065830546,0.019118554215104,14.73643241538038,45.0,0.0145398176291079,0.0536392794737324,0.1014801722752573,real10kg_smc_steady,real10kg_mpc_event,-1.0,-1.0,predictive_alpha,1.0,0.253413251190747,0.2864017770964899,0.2247254578839887,0.0,transformer,16,True,2.5,1.0,0.75,real_10kg_v1,thruster,real_10kg_x,1.0,0.0464285714285714,0.1328571428571428,0.019118554215104,0.0026999532932368,0.0084067957509727,0.0125,0.000661145020849,0.096715002480846,0.0795939448552337,,,,,,,,,,,,,20,1,train20_eval1_scn1
predictive_alpha,constant,1,20002,0.0,1.0,1.0,0.03,0.01,0.0451687765447384,1.0,1.0,1.0,0.0898742634768383,0.2313690145533689,0.1003323149767831,1.887359533013606,0.0778682669024245,0.0795834779988108,30.61553562065057,1.457882648602408,0.0188497811670929,14.736881302216586,45.0,0.0138106259799493,0.0477808800705944,0.1003323149767831,real10kg_smc_steady,real10kg_mpc_event,-1.0,-1.0,predictive_alpha,1.0,0.2533669421830025,0.286613701549643,0.2244077047612795,0.0,transformer,16,True,2.5,1.0,0.75,real_10kg_v1,thruster,real_10kg_x,1.0,0.0465079365079365,0.1328571428571428,0.0188497811670929,0.0026699338373649,0.0084032961203597,0.0125,0.0006761923737442,0.0967120490237354,0.0795834779988108,,,,,,,,,,,,,20,2,train20_eval2_scn1
predictive_alpha,constant,1,20003,0.0,1.0,1.0,0.03,0.01,0.0451603672740772,1.0,1.0,1.0,0.0917824251955753,0.2457731346730086,0.1030176565778469,1.927430929107082,0.0778814514834089,0.0795972171155192,30.639614363656207,1.4590292554122002,0.0195557829967405,14.652100171031757,45.0,0.0164537939322001,0.065126190188,0.1030176565778469,real10kg_smc_steady,real10kg_mpc_event,-1.0,-1.0,predictive_alpha,1.0,0.2538628562341993,0.2871976170400865,0.2255931789542748,0.0,transformer,16,True,2.5,1.0,0.75,real_10kg_v1,thruster,real_10kg_x,1.0,0.0465873015873015,0.1323809523809523,0.0195557829967405,0.0027211497423165,0.0084110181275121,0.0125,0.0006814847912437,0.096065155816283,0.0795972171155192,,,,,,,,,,,,,20,3,train20_eval3_scn1
predictive_alpha,constant,1,20004,0.0,1.0,1.0,0.03,0.01,0.0451685401002607,1.0,1.0,1.0,0.090250126577305,0.2313878977798869,0.1008979042017977,1.8952526581234064,0.0778694600382609,0.0795849069478794,30.60590184118893,1.457423897199473,0.0189599460874635,14.739484823643783,45.0,0.0138951263865415,0.0500103828689438,0.1008979042017977,real10kg_smc_steady,real10kg_mpc_event,-1.0,-1.0,predictive_alpha,1.0,0.2531900285389068,0.286385124494295,0.2250163588519319,0.0,transformer,16,True,2.5,1.0,0.75,real_10kg_v1,thruster,real_10kg_x,1.0,0.0465079365079365,0.1328571428571428,0.0189599460874635,0.0026920724754105,0.0083978448416967,0.0125,0.0006669970799779,0.0967194441982724,0.0795849069478794,,,,,,,,,,,,,20,4,train20_eval4_scn1
predictive_alpha,constant,1,20005,0.0,1.0,1.0,0.03,0.01,0.0451780346795054,1.0,1.0,1.0,0.0904571306336734,0.2285540879659277,0.1008870135237916,1.8995997433071417,0.0778833153506421,0.0795953341597813,30.667228024126704,1.460344191625081,0.019315709774038,14.641765127166476,45.0,0.0146980152039008,0.053984581424483,0.1008870135237916,real10kg_smc_steady,real10kg_mpc_event,-1.0,-1.0,predictive_alpha,1.0,0.2539342712975542,0.287633732096634,0.2247763168588946,0.0,transformer,16,True,2.5,1.0,0.75,real_10kg_v1,thruster,real_10kg_x,1.0,0.0465079365079365,0.1323809523809523,0.019315709774038,0.0027153417523767,0.0084171895619278,0.0125,0.0006739502590138,0.096141956371708,0.0795953341597813,,,,,,,,,,,,,20,5,train20_eval5_scn1
predictive_alpha,constant,1,20006,0.0,1.0,1.0,0.03,0.01,0.0451664946657854,1.0,1.0,1.0,0.0900193359362086,0.230915608342325,0.100431626461971,1.8904060546603816,0.077852145141142,0.0795628102683371,30.644020873134977,1.4592390891969036,0.0190261378966354,14.70905175427536,45.0,0.0138766630179982,0.0499744813491366,0.100431626461971,real10kg_smc_steady,real10kg_mpc_event,-1.0,-1.0,predictive_alpha,1.0,0.2534015050471352,0.2865911749186328,0.2248223084751572,0.0,transformer,16,True,2.5,1.0,0.75,real_10kg_v1,thruster,real_10kg_x,1.0,0.0464285714285714,0.1328571428571428,0.0190261378966354,0.0027059793193948,0.0083979111796365,0.0125,0.0006707684678311,0.0966523200102465,0.0795628102683371,,,,,,,,,,,,,20,6,train20_eval6_scn1
predictive_alpha,constant,1,20007,0.0,1.0,1.0,0.03,0.01,0.0451523398821899,1.0,1.0,1.0,0.0908485545576982,0.2332564818241251,0.1013389755565901,1.907819645711664,0.0778965129790906,0.0796184955293609,30.60202099062747,1.4572390947917844,0.0194922271564698,14.619597384828998,45.0,0.01621274704056,0.0625584037706932,0.1013389755565901,real10kg_smc_steady,real10kg_mpc_event,-1.0,-1.0,predictive_alpha,1.0,0.2539342941844505,0.2873381890560628,0.2248154726302683,0.0,transformer,16,True,2.5,1.0,0.75,real_10kg_v1,thruster,real_10kg_x,1.0,0.0465873015873015,0.1328571428571428,0.0194922271564698,0.0027352558856149,0.0084441620858144,0.0125,0.0006611325378215,0.0955479984854995,0.0796184955293609,,,,,,,,,,,,,20,7,train20_eval7_scn1
predictive_alpha,constant,1,20008,0.0,1.0,1.0,0.03,0.01,0.0451668273424381,1.0,1.0,1.0,0.0886825891555758,0.2310927760626617,0.0985504278895366,1.862334372267092,0.077835863152972,0.079543119479319,30.57661167025195,1.4560291271548549,0.018686485334746,14.75106398946506,45.0,0.0137563492233657,0.0453618126514106,0.0985504278895366,real10kg_smc_steady,real10kg_mpc_event,-1.0,-1.0,predictive_alpha,1.0,0.2532625892173125,0.2867523439712518,0.2225454618887133,0.0,transformer,16,True,2.5,1.0,0.75,real_10kg_v1,thruster,real_10kg_x,1.0,0.0465079365079365,0.1328571428571428,0.018686485334746,0.0026561742321643,0.0084143712475825,0.0125,0.000679423942605,0.096633724362971,0.079543119479319,,,,,,,,,,,,,20,8,train20_eval8_scn1
predictive_alpha,constant,1,20009,0.0,1.0,1.0,0.03,0.01,0.0451475591431107,1.0,1.0,1.0,0.0880520534378102,0.2218372328833135,0.0967180186145483,1.849093122194015,0.0779509769927839,0.0796800969941275,30.57135318319652,1.455778723009358,0.0192992920818656,14.533995207746608,45.0,0.0150029232231473,0.05218380053214,0.0967180186145483,real10kg_smc_steady,real10kg_mpc_event,-1.0,-1.0,predictive_alpha,1.0,0.2534987566959567,0.287547256222239,0.222376199563372,0.0,transformer,16,True,2.5,1.0,0.75,real_10kg_v1,thruster,real_10kg_x,1.0,0.0463492063492063,0.1319047619047619,0.0192992920818656,0.0027200398513787,0.0084408097321271,0.0125,0.0006765471669065,0.0948545441990669,0.0796800969941275,,,,,,,,,,,,,20,9,train20_eval9_scn1
predictive_alpha,sinusoidal,2,20000,0.0,1.0,1.0,0.03,0.01,0.3665086488438369,1.0,1.0,1.0,0.0802109835879284,0.3665086488438369,0.0920444764006486,1.684430655346497,0.1052498140508889,0.1229896197504275,39.62102857120839,1.886715646248018,0.018251917446253,13.89208150241067,45.0,0.0137761725966414,0.053546552360729,0.0920444764006486,real10kg_smc_steady,real10kg_mpc_event,-1.0,-1.0,predictive_alpha,1.0,0.2546606260487276,0.2817587384827249,0.2318632161975949,0.0,transformer,16,True,2.5,1.0,0.75,real_10kg_v1,thruster,real_10kg_x,1.0,0.0778571428571428,0.2204761904761904,0.018251917446253,0.0025083457035773,0.0080876522821921,0.0125,0.0006703753424098,0.0849716679529981,0.1229896197504275,,,,,,,,,,,,,20,0,train20_eval0_scn2
predictive_alpha,sinusoidal,2,20001,0.0,1.0,1.0,0.03,0.01,0.3664886525425267,1.0,1.0,1.0,0.0804858087012714,0.3664886525425267,0.0924299147877952,1.6902019827267,0.105237536443214,0.1229794106918761,39.64742514098692,1.8879726257612817,0.0186223312503952,13.990228310741948,45.0,0.0144978817553516,0.0571938871410115,0.0924299147877952,real10kg_smc_steady,real10kg_mpc_event,-1.0,-1.0,predictive_alpha,1.0,0.2567638782995859,0.2813447361331778,0.2367298437523312,0.0,transformer,16,True,2.5,1.0,0.75,real_10kg_v1,thruster,real_10kg_x,1.0,0.0779365079365079,0.2214285714285714,0.0186223312503952,0.0025419975991504,0.0082239803524491,0.0125,0.0006730416221697,0.0848910147186954,0.1229794106918761,,,,,,,,,,,,,20,1,train20_eval1_scn2
predictive_alpha,sinusoidal,2,20002,0.0,1.0,1.0,0.03,0.01,0.3664900048873176,1.0,1.0,1.0,0.079746503185236,0.3664900048873176,0.0913663341852664,1.674676566889957,0.1052364690446566,0.1229787102441222,39.636778333896174,1.8874656349474368,0.018134698974201,13.947674017810597,45.0,0.0137236134593356,0.0524314830079579,0.0913663341852664,real10kg_smc_steady,real10kg_mpc_event,-1.0,-1.0,predictive_alpha,1.0,0.2550304092521579,0.2824118807064638,0.2314153260986564,0.0,transformer,16,True,2.5,1.0,0.75,real_10kg_v1,thruster,real_10kg_x,1.0,0.0776984126984127,0.2195238095238095,0.018134698974201,0.0024917822601427,0.0080654934942225,0.0125,0.0006694557187331,0.0848752062748442,0.1229787102441222,,,,,,,,,,,,,20,2,train20_eval2_scn2
predictive_alpha,sinusoidal,2,20003,0.0,1.0,1.0,0.03,0.01,0.3666306529980879,1.0,1.0,1.0,0.0831417925533676,0.3666306529980879,0.0965590914993079,1.7459776436207213,0.1054573112071856,0.1231774659341036,39.79270910745961,1.894890909879029,0.0195891571751191,14.214721011535474,45.0,0.0163316230597413,0.0650545955514202,0.0965590914993079,real10kg_smc_steady,real10kg_mpc_event,-1.0,-1.0,predictive_alpha,1.0,0.262477892198404,0.2814599964093739,0.2479079560062659,0.0,transformer,16,True,2.5,1.0,0.75,real_10kg_v1,thruster,real_10kg_x,1.0,0.0782539682539682,0.2238095238095238,0.0195891571751191,0.0026396072339803,0.0083597337543077,0.0125,0.0006520520212317,0.0851451867674273,0.1231774659341036,,,,,,,,,,,,,20,3,train20_eval3_scn2
predictive_alpha,sinusoidal,2,20004,0.0,1.0,1.0,0.03,0.01,0.3664901759854216,1.0,1.0,1.0,0.0799702614198034,0.3664901759854216,0.0917703222888864,1.6793754898158717,0.1052437108746239,0.1229839649178716,39.65497019043154,1.8883319138300731,0.0183741134254954,13.985196432303148,45.0,0.0138001366966713,0.0542983837091152,0.0917703222888864,real10kg_smc_steady,real10kg_mpc_event,-1.0,-1.0,predictive_alpha,1.0,0.2559395415894576,0.2821886860411565,0.2340334685637416,0.0,transformer,16,True,2.5,1.0,0.75,real_10kg_v1,thruster,real_10kg_x,1.0,0.0779365079365079,0.2214285714285714,0.0183741134254954,0.0025182918851971,0.0081606342801801,0.0125,0.0006517155976978,0.0848307621677098,0.1229839649178716,,,,,,,,,,,,,20,4,train20_eval4_scn2
predictive_alpha,sinusoidal,2,20005,0.0,1.0,1.0,0.03,0.01,0.3664876257802821,1.0,1.0,1.0,0.080979189896825,0.3664876257802821,0.093095047559896,1.7005629878333253,0.1052395592285117,0.1229798591155325,39.65520681677309,1.8883431817510992,0.0186672609734171,13.948042172486549,45.0,0.0147497745487561,0.0582688107758263,0.093095047559896,real10kg_smc_steady,real10kg_mpc_event,-1.0,-1.0,predictive_alpha,1.0,0.2564557054010232,0.282119575284542,0.2357449249117746,0.0,transformer,16,True,2.5,1.0,0.75,real_10kg_v1,thruster,real_10kg_x,1.0,0.0782539682539682,0.2252380952380952,0.0186672609734171,0.0025413118371066,0.0081390979629044,0.0125,0.0006479896590047,0.0850233364130772,0.1229798591155325,,,,,,,,,,,,,20,5,train20_eval5_scn2
predictive_alpha,sinusoidal,2,20006,0.0,1.0,1.0,0.03,0.01,0.3664772164611786,1.0,1.0,1.0,0.0801441176299684,0.3664772164611786,0.0918252163758205,1.6830264702293378,0.1052698148585117,0.1229970856099406,39.61722038718896,1.886534304151855,0.0183483656880995,13.866183727911077,45.0,0.01386344696492,0.0544793343487794,0.0918252163758205,real10kg_smc_steady,real10kg_mpc_event,-1.0,-1.0,predictive_alpha,1.0,0.2546302264721334,0.2822072347976423,0.2314343553158133,0.0,transformer,16,True,2.5,1.0,0.75,real_10kg_v1,thruster,real_10kg_x,1.0,0.0779365079365079,0.2219047619047619,0.0183483656880995,0.0025070007492823,0.0081312419402512,0.0125,0.0006692945387174,0.0849708164424478,0.1229970856099406,,,,,,,,,,,,,20,6,train20_eval6_scn2
predictive_alpha,sinusoidal,2,20007,0.0,1.0,1.0,0.03,0.01,0.3664787987051192,1.0,1.0,1.0,0.0817111262728673,0.3664787987051192,0.0942742141662208,1.715933651730213,0.1052521346509377,0.1229884717894577,39.709404133081264,1.8909240063372037,0.0191592847479172,14.140123740255271,45.0,0.0161737401253826,0.0624843071176085,0.0942742141662208,real10kg_smc_steady,real10kg_mpc_event,-1.0,-1.0,predictive_alpha,1.0,0.2598575816705085,0.2806031218546778,0.2431822059302413,0.0,transformer,16,True,2.5,1.0,0.75,real_10kg_v1,thruster,real_10kg_x,1.0,0.0783333333333333,0.2252380952380952,0.0191592847479172,0.0025761120898382,0.0082820593996795,0.0125,0.0006468063768399,0.0850089645315043,0.1229884717894577,,,,,,,,,,,,,20,7,train20_eval7_scn2
predictive_alpha,sinusoidal,2,20008,0.0,1.0,1.0,0.03,0.01,0.3665012684973373,1.0,1.0,1.0,0.0785113989979347,0.3665012684973373,0.0894616396621621,1.648739378956629,0.1052563784853998,0.1229908546197936,39.60987743908806,1.8861846399565745,0.0180210373836444,13.965955397845834,45.0,0.0136078794401176,0.0497322458405888,0.0894616396621621,real10kg_smc_steady,real10kg_mpc_event,-1.0,-1.0,predictive_alpha,1.0,0.2547118785924577,0.2829283059405825,0.2293748679751852,0.0,transformer,16,True,2.5,1.0,0.75,real_10kg_v1,thruster,real_10kg_x,1.0,0.0781746031746031,0.2214285714285714,0.0180210373836444,0.0024622397672703,0.0080745462968428,0.0125,0.0006725438733141,0.0847790499061289,0.1229908546197936,,,,,,,,,,,,,20,8,train20_eval8_scn2
predictive_alpha,sinusoidal,2,20009,0.0,1.0,1.0,0.03,0.01,0.3664889977152724,1.0,1.0,1.0,0.0790957314069988,0.3664889977152724,0.0897661624106432,1.6610103595469752,0.1052716987618106,0.1229989204513665,39.53590710188399,1.882662242946857,0.018517694453147,13.872897340330224,45.0,0.0151066242133084,0.056269664319606,0.0897661624106432,real10kg_smc_steady,real10kg_mpc_event,-1.0,-1.0,predictive_alpha,1.0,0.254386925765637,0.2823542061829098,0.2319212865949486,0.0,transformer,16,True,2.5,1.0,0.75,real_10kg_v1,thruster,real_10kg_x,1.0,0.0785714285714285,0.2261904761904762,0.018517694453147,0.0025364969511823,0.0080841575236977,0.0125,0.0006511895104613,0.0850496700334123,0.1229989204513665,,,,,,,,,,,,,20,9,train20_eval9_scn2
predictive_alpha,step_change,3,20000,0.0,1.0,1.0,0.03,0.01,0.0407975073558683,1.0,1.0,1.0,0.0691234513332045,0.2242136630178887,0.0763624728827712,1.4515924779972955,0.0727690993617561,0.0745648813634029,27.01017767210757,1.2861989367670272,0.0202960882516545,14.752499032531844,45.0,0.0137610771383999,0.0490261619751614,0.0763624728827712,real10kg_smc_steady,real10kg_mpc_event,-1.0,-1.0,predictive_alpha,1.0,0.2061314844972449,0.204841544296611,0.1749048368554074,0.0,transformer,16,True,2.5,1.0,0.75,real_10kg_v1,thruster,real_10kg_x,1.0,0.0124603174603174,0.03,0.0202960882516545,0.0053028627923756,0.008646712508363,0.0125,0.0008156559252706,0.0654334691849983,0.0745648813634029,,,,,,,,,,,,,20,0,train20_eval0_scn3
predictive_alpha,step_change,3,20001,0.0,1.0,1.0,0.03,0.01,0.0407244866767444,1.0,1.0,1.0,0.0695924722020515,0.2278024075717772,0.0771207069462043,1.4614419162430832,0.0727174688396619,0.0745083545536388,26.96866114426008,1.2842219592504798,0.0204677318323122,14.763244433445635,45.0,0.0144596975571397,0.0536392794737324,0.0771207069462043,real10kg_smc_steady,real10kg_mpc_event,-1.0,-1.0,predictive_alpha,1.0,0.2062529387064348,0.2045241667640917,0.1747670414018267,0.0,transformer,16,True,2.5,1.0,0.75,real_10kg_v1,thruster,real_10kg_x,1.0,0.0123809523809523,0.03,0.0204677318323122,0.0053222316371002,0.0086384358789131,0.0125,0.000781359865456,0.065406927198482,0.0745083545536388,,,,,,,,,,,,,20,1,train20_eval1_scn3
predictive_alpha,step_change,3,20002,0.0,1.0,1.0,0.03,0.01,0.0408212437799946,1.0,1.0,1.0,0.0687434280422747,0.2179846825425893,0.0756115279879308,1.4436119888877696,0.0727551998701749,0.0745472220729754,26.99987185709687,1.2857081836712794,0.0202141766383716,14.76220830200246,45.0,0.0137274007170984,0.0477808800705944,0.0756115279879308,real10kg_smc_steady,real10kg_mpc_event,-1.0,-1.0,predictive_alpha,1.0,0.2060510579596452,0.2047505728541626,0.1742543925597454,0.0,transformer,16,True,2.5,1.0,0.75,real_10kg_v1,thruster,real_10kg_x,1.0,0.0124603174603174,0.03,0.0202141766383716,0.005299902653941,0.0086348483066483,0.0125,0.0008238353442421,0.0654128309415173,0.0745472220729754,,,,,,,,,,,,,20,2,train20_eval2_scn3
predictive_alpha,step_change,3,20003,0.0,1.0,1.0,0.03,0.01,0.0407980210477309,1.0,1.0,1.0,0.0709954259238329,0.2457731346730086,0.0798974812968432,1.490903944400491,0.0727833834256804,0.0745781250384381,27.0368204591692,1.2874676409128187,0.0209380199909294,14.67712309394078,45.0,0.0163930470347972,0.065126190188,0.0798974812968432,real10kg_smc_steady,real10kg_mpc_event,-1.0,-1.0,predictive_alpha,1.0,0.206274664303338,0.2054843937120865,0.1751636413993713,0.0,transformer,16,True,2.5,1.0,0.75,real_10kg_v1,thruster,real_10kg_x,1.0,0.0126984126984126,0.0304761904761904,0.0209380199909294,0.0053775761921909,0.0086892390504499,0.0125,0.0007921709598057,0.0655335469149934,0.0745781250384381,,,,,,,,,,,,,20,3,train20_eval3_scn3
predictive_alpha,step_change,3,20004,0.0,1.0,1.0,0.03,0.01,0.0407914151948155,1.0,1.0,1.0,0.069118308663661,0.2236329555507584,0.0763552508886444,1.451484481936882,0.0727638312391674,0.0745567319529384,26.99021892466029,1.2852485202219186,0.0203298743819837,14.763857095368646,45.0,0.0138123944078947,0.0500103828689438,0.0763552508886444,real10kg_smc_steady,real10kg_mpc_event,-1.0,-1.0,predictive_alpha,1.0,0.205914522709465,0.2044247561778301,0.1749819488714759,0.0,transformer,16,True,2.5,1.0,0.75,real_10kg_v1,thruster,real_10kg_x,1.0,0.0124603174603174,0.03,0.0203298743819837,0.0053220477274222,0.0086443436933199,0.0125,0.0007935717046151,0.0654166978910396,0.0745567319529384,,,,,,,,,,,,,20,4,train20_eval4_scn3
predictive_alpha,step_change,3,20005,0.0,1.0,1.0,0.03,0.01,0.0409180562071372,1.0,1.0,1.0,0.069642240656271,0.2267638432335578,0.0770668573621934,1.4624870537816912,0.0728049809674334,0.0745966078045931,27.06403040559424,1.2887633526473448,0.0206940131677217,14.666644462686468,45.0,0.014628704999544,0.053984581424483,0.0770668573621934,real10kg_smc_steady,real10kg_mpc_event,-1.0,-1.0,predictive_alpha,1.0,0.2062521496951521,0.2060555418434636,0.1742905388512493,0.0,transformer,16,True,2.5,1.0,0.75,real_10kg_v1,thruster,real_10kg_x,1.0,0.0126190476190476,0.0304761904761904,0.0206940131677217,0.0053685378286545,0.0086810506021958,0.0125,0.0007803339602924,0.0655584112216237,0.0745966078045931,,,,,,,,,,,,,20,5,train20_eval5_scn3
predictive_alpha,step_change,3,20006,0.0,1.0,1.0,0.03,0.01,0.0408403891607552,1.0,1.0,1.0,0.0689467755942153,0.2191412726876236,0.0758625495587174,1.4478822874785229,0.0727713645579566,0.0745613155855764,27.03093913025014,1.2871875776309591,0.0204073249256307,14.730716046380955,45.0,0.0137953354210604,0.0499744813491366,0.0758625495587174,real10kg_smc_steady,real10kg_mpc_event,-1.0,-1.0,predictive_alpha,1.0,0.2060008381073423,0.2047175546856384,0.1746347184244742,0.0,transformer,16,True,2.5,1.0,0.75,real_10kg_v1,thruster,real_10kg_x,1.0,0.0123809523809523,0.03,0.0204073249256307,0.0053373985773578,0.0086490575524758,0.0125,0.0008070231356469,0.0654857867561636,0.0745613155855764,,,,,,,,,,,,,20,6,train20_eval6_scn3
predictive_alpha,step_change,3,20007,0.0,1.0,1.0,0.03,0.01,0.0408282178155834,1.0,1.0,1.0,0.0703503007318693,0.2332564818241251,0.0783278076156179,1.4773563153692562,0.07280922000722,0.074603517777519,27.009119459354043,1.2861485456835258,0.020870344800741,14.645950442106075,45.0,0.0161641495251259,0.0625584037706932,0.0783278076156179,real10kg_smc_steady,real10kg_mpc_event,-1.0,-1.0,predictive_alpha,1.0,0.2056823103092089,0.2051331875783231,0.1739431020070333,0.0,transformer,16,True,2.5,1.0,0.75,real_10kg_v1,thruster,real_10kg_x,1.0,0.0126984126984126,0.0309523809523809,0.020870344800741,0.0054005242946383,0.008696894302237,0.0125,0.0008005012009387,0.0656202743575753,0.074603517777519,,,,,,,,,,,,,20,7,train20_eval7_scn3
predictive_alpha,step_change,3,20008,0.0,1.0,1.0,0.03,0.01,0.0409241423884282,1.0,1.0,1.0,0.0676010896070169,0.1978350309460695,0.0733263977702311,1.4196228817473562,0.0728194809075586,0.0746127875319097,26.962207658286932,1.283914650394616,0.0200735274667358,14.770384351439745,45.0,0.0136736017556265,0.0453618126514106,0.0733263977702311,real10kg_smc_steady,real10kg_mpc_event,-1.0,-1.0,predictive_alpha,1.0,0.2057578739642233,0.2049106420941953,0.1722147751914148,0.0,transformer,16,True,2.5,1.0,0.75,real_10kg_v1,thruster,real_10kg_x,1.0,0.0124603174603174,0.03,0.0200735274667358,0.0053045875985345,0.0086758615651252,0.0125,0.0008130596759148,0.0654223159107856,0.0746127875319097,,,,,,,,,,,,,20,8,train20_eval8_scn3
predictive_alpha,step_change,3,20009,0.0,1.0,1.0,0.03,0.01,0.0409634783547039,1.0,1.0,1.0,0.0679766531218213,0.1885835110976503,0.0731974852587069,1.4275097155582483,0.0728484881448348,0.0746391929658395,26.992514928611207,1.285357853743391,0.0206712056201547,14.560428450162147,45.0,0.0149825222960516,0.05218380053214,0.0731974852587069,real10kg_smc_steady,real10kg_mpc_event,-1.0,-1.0,predictive_alpha,1.0,0.2040027697565148,0.2041175468364209,0.1704715988158326,0.0,transformer,16,True,2.5,1.0,0.75,real_10kg_v1,thruster,real_10kg_x,1.0,0.0126984126984126,0.0309523809523809,0.0206712056201547,0.005387218223446,0.0086747551182041,0.0125,0.0008204991515529,0.0658391783003579,0.0746391929658395,,,,,,,,,,,,,20,9,train20_eval9_scn3
predictive_alpha,constant,1,21000,0.0,1.0,1.0,0.03,0.01,0.0449392147033722,1.0,1.0,1.0,0.0913642844354917,0.2477790318095609,0.1002788359668174,1.918649973145328,0.0795339697070822,0.0814264194714521,30.509900029181065,1.4528523823419557,0.0191548811195684,13.533833638352824,45.0,0.0139602496273598,0.0530196005694818,0.1002788359668174,real10kg_smc_steady,real10kg_mpc_event,-1.0,-1.0,predictive_alpha,1.0,0.250494352987945,0.2900129490955645,0.2247109542748269,0.0,transformer,16,True,2.5,1.0,0.75,real_10kg_v1,thruster,real_10kg_x,1.0,0.0458730158730158,0.1319047619047619,0.0191548811195684,0.0027320459537697,0.0083921333024275,0.0125,0.0006937823367513,0.0928953962919255,0.0814264194714521,,,,,,,,,,,,,21,0,train21_eval0_scn1
predictive_alpha,constant,1,21001,0.0,1.0,1.0,0.03,0.01,0.0449399644773403,1.0,1.0,1.0,0.0892794119537793,0.2132808757568886,0.0968791547503305,1.8748676510293667,0.0795375724864651,0.0814310184094666,30.370334291788367,1.4462063948470651,0.0189648169692724,13.581933410065444,45.0,0.0139822395834267,0.0521293643748314,0.0968791547503305,real10kg_smc_steady,real10kg_mpc_event,-1.0,-1.0,predictive_alpha,1.0,0.2498964678723415,0.2898301943254709,0.2226481899453072,0.0,transformer,16,True,2.5,1.0,0.75,real_10kg_v1,thruster,real_10kg_x,1.0,0.0458730158730158,0.1319047619047619,0.0189648169692724,0.0027208162249191,0.0083964819419786,0.0125,0.0006838661299836,0.0929739877236053,0.0814310184094666,,,,,,,,,,,,,21,1,train21_eval1_scn1
predictive_alpha,constant,1,21002,0.0,1.0,1.0,0.03,0.01,0.0449527364566845,1.0,1.0,1.0,0.0896218941546178,0.2125934891104206,0.0970955839229244,1.8820597772469752,0.0796069112428582,0.0815054690216615,30.44319884562131,1.4496761355057766,0.0192756804865559,13.553013555910503,45.0,0.0150853952820098,0.0552572985700963,0.0970955839229244,real10kg_smc_steady,real10kg_mpc_event,-1.0,-1.0,predictive_alpha,1.0,0.2511433086174975,0.2904568693181801,0.2240153682318106,0.0,transformer,16,True,2.5,1.0,0.75,real_10kg_v1,thruster,real_10kg_x,1.0,0.0458730158730158,0.1319047619047619,0.0192756804865559,0.0027546212444796,0.0084052158552634,0.0125,0.0006857972543814,0.0929209006304145,0.0815054690216615,,,,,,,,,,,,,21,2,train21_eval2_scn1
predictive_alpha,constant,1,21003,0.0,1.0,1.0,0.03,0.01,0.0449519764134618,1.0,1.0,1.0,0.0909820644223534,0.2438229769179957,0.099906093626845,1.910623352869422,0.079504472429905,0.0813942417450976,30.462529012989695,1.450596619666176,0.018668939793422,13.487173052166328,45.0,0.0139681460403275,0.045217721918049,0.099906093626845,real10kg_smc_steady,real10kg_mpc_event,-1.0,-1.0,predictive_alpha,1.0,0.2476024935201682,0.2887419407603417,0.2220771150897434,0.0,transformer,16,True,2.5,1.0,0.75,real_10kg_v1,thruster,real_10kg_x,1.0,0.0457142857142857,0.1319047619047619,0.018668939793422,0.002689692768928,0.0084099096538797,0.0125,0.000659413204569,0.0931752094893855,0.0813942417450976,,,,,,,,,,,,,21,3,train21_eval3_scn1
predictive_alpha,constant,1,21004,0.0,1.0,1.0,0.03,0.01,0.0449822840413944,1.0,1.0,1.0,0.0893195354639277,0.2144420250904397,0.0970219751653047,1.8757102447424825,0.0795276805668319,0.0814213295088229,30.43824065667965,1.4494400312704594,0.0187526608165703,13.4923558517601,45.0,0.013415723424853,0.0455572883689038,0.0970219751653047,real10kg_smc_steady,real10kg_mpc_event,-1.0,-1.0,predictive_alpha,1.0,0.2479455043105005,0.2892946107983919,0.2226023580765052,0.0,transformer,16,True,2.5,1.0,0.75,real_10kg_v1,thruster,real_10kg_x,1.0,0.0457142857142857,0.1319047619047619,0.0187526608165703,0.0026867053108713,0.0083869710796792,0.0125,0.0006657575936638,0.0932694257129188,0.0814213295088229,,,,,,,,,,,,,21,4,train21_eval4_scn1
predictive_alpha,constant,1,21005,0.0,1.0,1.0,0.03,0.01,0.0449524386448776,1.0,1.0,1.0,0.0893061466300733,0.210296895582414,0.0967863675586632,1.87542907923154,0.0795220352907117,0.0814121453181353,30.41236052791031,1.4482076441862053,0.0191033286073978,13.558840927426138,45.0,0.0144059594602058,0.0535676017489852,0.0967863675586632,real10kg_smc_steady,real10kg_mpc_event,-1.0,-1.0,predictive_alpha,1.0,0.2504385592498452,0.2900413654739267,0.2233081110259185,0.0,transformer,16,True,2.5,1.0,0.75,real_10kg_v1,thruster,real_10kg_x,1.0,0.0458730158730158,0.1319047619047619,0.0191033286073978,0.0027574131145601,0.0084118755077233,0.0125,0.0006830742829255,0.0930211644900286,0.0814121453181353,,,,,,,,,,,,,21,5,train21_eval5_scn1
predictive_alpha,constant,1,21006,0.0,1.0,1.0,0.03,0.01,0.0449788485558388,1.0,1.0,1.0,0.0900977866217699,0.2141661213469773,0.0975844137104377,1.8920535190571692,0.0794843994718173,0.0813809108474922,30.43156565473581,1.4491221740350384,0.0195267305215313,13.575825199826491,45.0,0.0175992964668407,0.0803860378836152,0.0975844137104377,real10kg_smc_steady,real10kg_mpc_event,-1.0,-1.0,predictive_alpha,1.0,0.2522721271891628,0.2904824540173518,0.2243248286803663,0.0,transformer,16,True,2.5,1.0,0.75,real_10kg_v1,thruster,real_10kg_x,1.0,0.0453968253968253,0.1314285714285714,0.0195267305215313,0.002760244125644,0.0084436159733986,0.0125,0.0006551421044817,0.0927798263694912,0.0813809108474922,,,,,,,,,,,,,21,6,train21_eval6_scn1
predictive_alpha,constant,1,21007,0.0,1.0,1.0,0.03,0.01,0.0449585433462449,1.0,1.0,1.0,0.0916042421481195,0.2504392992686608,0.1005174833656283,1.923689085110511,0.0796053464009931,0.0815043500033855,30.493991374290214,1.4520948273471532,0.0192407550607252,13.509699692084949,45.0,0.0142256669678791,0.0551129014724482,0.1005174833656283,real10kg_smc_steady,real10kg_mpc_event,-1.0,-1.0,predictive_alpha,1.0,0.2512057862799389,0.2902123071764588,0.2252809968635362,0.0,transformer,16,True,2.5,1.0,0.75,real_10kg_v1,thruster,real_10kg_x,1.0,0.0453968253968253,0.1314285714285714,0.0192407550607252,0.0027327630622643,0.0084275544517551,0.0125,0.000670209805032,0.0927829515780553,0.0815043500033855,,,,,,,,,,,,,21,7,train21_eval7_scn1
predictive_alpha,constant,1,21008,0.0,1.0,1.0,0.03,0.01,0.0449970533237355,1.0,1.0,1.0,0.0889219285984133,0.2105716675831614,0.0965596383600227,1.867360500566681,0.0794299604899337,0.0813136145963215,30.387209600132877,1.4470099809587085,0.018704645482833,13.513889177724112,45.0,0.01340083659728,0.0459829621866733,0.0965596383600227,real10kg_smc_steady,real10kg_mpc_event,-1.0,-1.0,predictive_alpha,1.0,0.2478367485634032,0.2893150604327028,0.2219751086290315,0.0,transformer,16,True,2.5,1.0,0.75,real_10kg_v1,thruster,real_10kg_x,1.0,0.0457142857142857,0.1319047619047619,0.018704645482833,0.0026987152195458,0.0083951798019405,0.0125,0.0006373847120625,0.0932507060953252,0.0813136145963215,,,,,,,,,,,,,21,8,train21_eval8_scn1
predictive_alpha,constant,1,21009,0.0,1.0,1.0,0.03,0.01,0.0449615195081366,1.0,1.0,1.0,0.0886596315993429,0.2015558146728259,0.095677372973018,1.8618522635862012,0.0796203845636552,0.0815197856612164,30.40588507094275,1.447899289092512,0.0191585407377449,13.572861146378584,45.0,0.0148348459815992,0.0533442625453019,0.095677372973018,real10kg_smc_steady,real10kg_mpc_event,-1.0,-1.0,predictive_alpha,1.0,0.2507265706371976,0.2903655738616852,0.2228168517060112,0.0,transformer,16,True,2.5,1.0,0.75,real_10kg_v1,thruster,real_10kg_x,1.0,0.0458730158730158,0.1319047619047619,0.0191585407377449,0.0027355962313015,0.0084069091756671,0.0125,0.0006792660170782,0.0930457640899402,0.0815197856612164,,,,,,,,,,,,,21,9,train21_eval9_scn1
predictive_alpha,sinusoidal,2,21000,0.0,1.0,1.0,0.03,0.01,0.4652058004589542,1.0,1.0,1.0,0.0862578355930469,0.4652058004589542,0.1034830045213398,1.811414547453985,0.1176585515971565,0.1494773218679787,38.64279969590302,1.8401333188525248,0.0197755236759885,13.34963484083594,45.0,0.0137423377844015,0.0532424498260117,0.1034830045213398,real10kg_smc_steady,real10kg_mpc_event,-1.0,-1.0,predictive_alpha,1.0,0.226880424841129,0.2487830649241267,0.2146142825855696,0.0,transformer,16,True,2.5,1.0,0.75,real_10kg_v1,thruster,real_10kg_x,1.0,0.0714285714285714,0.2247619047619047,0.0197755236759885,0.0026442077925174,0.0082223053016224,0.0125,0.000694684271621,0.0961980402492149,0.1494773218679787,,,,,,,,,,,,,21,0,train21_eval0_scn2
predictive_alpha,sinusoidal,2,21001,0.0,1.0,1.0,0.03,0.01,0.4662768867123796,1.0,1.0,1.0,0.0831694381794235,0.4662768867123796,0.0990460636316966,1.746558201767895,0.1178576620651669,0.1498613685927989,38.4970151660144,1.833191198381638,0.0193587162280464,13.30004965008598,45.0,0.0139751242957737,0.0542766366005434,0.0990460636316966,real10kg_smc_steady,real10kg_mpc_event,-1.0,-1.0,predictive_alpha,1.0,0.2219378476287372,0.2489162668528866,0.2071007780198263,0.0,transformer,16,True,2.5,1.0,0.75,real_10kg_v1,thruster,real_10kg_x,1.0,0.0715079365079365,0.2242857142857142,0.0193587162280464,0.0025971767896246,0.008075389291482,0.0125,0.0006988917886405,0.0961877212479051,0.1498613685927989,,,,,,,,,,,,,21,1,train21_eval1_scn2
predictive_alpha,sinusoidal,2,21002,0.0,1.0,1.0,0.03,0.01,0.4666084816206693,1.0,1.0,1.0,0.0841887159522437,0.4666084816206693,0.1002260198869816,1.7679630349971185,0.1178942946153464,0.1499501112105059,38.52329115699728,1.8344424360474896,0.0195855248884499,13.245233744206017,45.0,0.0151768223940332,0.0579970349222886,0.1002260198869816,real10kg_smc_steady,real10kg_mpc_event,-1.0,-1.0,predictive_alpha,1.0,0.2231790315681283,0.250310024829604,0.2076229682700276,0.0,transformer,16,True,2.5,1.0,0.75,real_10kg_v1,thruster,real_10kg_x,1.0,0.0708730158730158,0.2223809523809523,0.0195855248884499,0.0026325730535893,0.0080859373749121,0.0125,0.0006954009775819,0.0962992399821912,0.1499501112105059,,,,,,,,,,,,,21,2,train21_eval2_scn2
predictive_alpha,sinusoidal,2,21003,0.0,1.0,1.0,0.03,0.01,0.4658503817578182,1.0,1.0,1.0,0.0878685537753735,0.4658503817578182,0.1051906673491094,1.845239629282844,0.1176588042607297,0.1495773833860287,38.66604302110896,1.8412401438623311,0.0199731867380489,13.600347363541308,45.0,0.0133624921256561,0.0384058089825427,0.1051906673491094,real10kg_smc_steady,real10kg_mpc_event,-1.0,-1.0,predictive_alpha,1.0,0.2352560640985218,0.2545639183799141,0.2154014186308597,0.0,transformer,16,True,2.5,1.0,0.75,real_10kg_v1,thruster,real_10kg_x,1.0,0.073015873015873,0.2328571428571428,0.0199731867380489,0.0026701197560447,0.0083504142764164,0.0125,0.0007045603859729,0.0964730678732928,0.1495773833860287,,,,,,,,,,,,,21,3,train21_eval3_scn2
predictive_alpha,sinusoidal,2,21004,0.0,1.0,1.0,0.03,0.01,0.4665298077153378,1.0,1.0,1.0,0.0833364570493965,0.4665298077153378,0.0992334326375864,1.750065598037327,0.1178651143912452,0.1499083490371724,38.50133827244921,1.8333970605928196,0.0193995146094637,13.396922383248627,45.0,0.0131655056699471,0.0452603453304584,0.0992334326375864,real10kg_smc_steady,real10kg_mpc_event,-1.0,-1.0,predictive_alpha,1.0,0.2259936905438155,0.2488226539958609,0.2129667821530962,0.0,transformer,16,True,2.5,1.0,0.75,real_10kg_v1,thruster,real_10kg_x,1.0,0.0729365079365079,0.2319047619047619,0.0193995146094637,0.0025701299836409,0.0081921252334923,0.0125,0.0007143947784492,0.0963299026797367,0.1499083490371724,,,,,,,,,,,,,21,4,train21_eval4_scn2
predictive_alpha,sinusoidal,2,21005,0.0,1.0,1.0,0.03,0.01,0.4664708700065724,1.0,1.0,1.0,0.0835480798419182,0.4664708700065724,0.099482113504639,1.7545096766802826,0.1178543725351738,0.149887241147464,38.508464313525856,1.8337363958821835,0.0194780051538852,13.275952957671583,45.0,0.0144057214041394,0.0558654233723602,0.099482113504639,real10kg_smc_steady,real10kg_mpc_event,-1.0,-1.0,predictive_alpha,1.0,0.223119144159352,0.250047717749434,0.2081205392978154,0.0,transformer,16,True,2.5,1.0,0.75,real_10kg_v1,thruster,real_10kg_x,1.0,0.0707142857142857,0.2228571428571428,0.0194780051538852,0.0026119174796347,0.0080902231216832,0.0125,0.0007143613026208,0.0962324253709189,0.149887241147464,,,,,,,,,,,,,21,5,train21_eval5_scn2
predictive_alpha,sinusoidal,2,21006,0.0,1.0,1.0,0.03,0.01,0.46878660042251,1.0,1.0,1.0,0.0843811734391917,0.46878660042251,0.1005316951371627,1.7720046422230258,0.1181820634215118,0.1505988400218791,38.51110917222553,1.833862341534549,0.0198315957098127,13.26537750627642,45.0,0.0177158453096677,0.0803789735587375,0.1005316951371627,real10kg_smc_steady,real10kg_mpc_event,-1.0,-1.0,predictive_alpha,1.0,0.2228773548522312,0.2508367773928218,0.2049651623091527,0.0,transformer,16,True,2.5,1.0,0.75,real_10kg_v1,thruster,real_10kg_x,1.0,0.0702380952380952,0.2214285714285714,0.0198315957098127,0.0026455367273434,0.0080487857441701,0.0125,0.0007209857216295,0.0964839040273786,0.1505988400218791,,,,,,,,,,,,,21,6,train21_eval6_scn2
predictive_alpha,sinusoidal,2,21007,0.0,1.0,1.0,0.03,0.01,0.4657413254349218,1.0,1.0,1.0,0.0860613739265082,0.4657413254349218,0.1032728579793076,1.807288852456673,0.1177391488485865,0.1496457787365767,38.63450010965655,1.839738100459836,0.0196814737501999,13.294298875656956,45.0,0.0141619926242854,0.0571880272451295,0.1032728579793076,real10kg_smc_steady,real10kg_mpc_event,-1.0,-1.0,predictive_alpha,1.0,0.2251725307490831,0.2495989550757404,0.2119466561033845,0.0,transformer,16,True,2.5,1.0,0.75,real_10kg_v1,thruster,real_10kg_x,1.0,0.0711904761904761,0.2233333333333333,0.0196814737501999,0.0026500244498768,0.0081632842041504,0.0125,0.0006796347309686,0.0962171717408304,0.1496457787365767,,,,,,,,,,,,,21,7,train21_eval7_scn2
predictive_alpha,sinusoidal,2,21008,0.0,1.0,1.0,0.03,0.01,0.4667537489716405,1.0,1.0,1.0,0.0826944535805676,0.4667537489716405,0.098467437310191,1.7365835251919208,0.1179192376854424,0.1500048787704616,38.46691246431227,1.8317577363958224,0.0193478507276587,13.37058383249616,45.0,0.0132406680692732,0.0468879330525118,0.098467437310191,real10kg_smc_steady,real10kg_mpc_event,-1.0,-1.0,predictive_alpha,1.0,0.22438902456245,0.2483085735609001,0.2107630989371544,0.0,transformer,16,True,2.5,1.0,0.75,real_10kg_v1,thruster,real_10kg_x,1.0,0.0728571428571428,0.2314285714285714,0.0193478507276587,0.0025703812942809,0.0081710154620151,0.0125,0.0006882249248615,0.0963309712818241,0.1500048787704616,,,,,,,,,,,,,21,8,train21_eval8_scn2
predictive_alpha,sinusoidal,2,21009,0.0,1.0,1.0,0.03,0.01,0.4690327017778188,1.0,1.0,1.0,0.0831858394679455,0.4690327017778188,0.0989986502595119,1.746902628826856,0.118282095860247,0.1507335194706305,38.46153369481541,1.8315016045150196,0.0195217669101455,13.25946648378637,45.0,0.014932918769928,0.0558195937411856,0.0989986502595119,real10kg_smc_steady,real10kg_mpc_event,-1.0,-1.0,predictive_alpha,1.0,0.2215124195960411,0.2497050397051542,0.2056416015110777,0.0,transformer,16,True,2.5,1.0,0.75,real_10kg_v1,thruster,real_10kg_x,1.0,0.0718253968253968,0.2257142857142857,0.0195217669101455,0.0026254310208773,0.008030287970518,0.0125,0.0006685343517752,0.0965791615695073,0.1507335194706305,,,,,,,,,,,,,21,9,train21_eval9_scn2
predictive_alpha,step_change,3,21000,0.0,1.0,1.0,0.03,0.01,0.04000773087859,1.0,1.0,1.0,0.0730583394820708,0.2477790318095609,0.0816757917940409,1.534225129123488,0.0730885209757935,0.0749796210069126,27.06339105878924,1.2887329075613922,0.0202942660166626,13.407472298904157,45.0,0.0141067451449533,0.0530196005694818,0.0816757917940409,real10kg_smc_steady,real10kg_mpc_event,-1.0,-1.0,predictive_alpha,1.0,0.1962614870619485,0.2034249928803088,0.1668309310948964,0.0,transformer,16,True,2.5,1.0,0.75,real_10kg_v1,thruster,real_10kg_x,1.0,0.0128571428571428,0.0323809523809523,0.0202942660166626,0.005337115848174,0.0082385731809034,0.0125,0.0007745168435469,0.0684141287426177,0.0749796210069126,,,,,,,,,,,,,21,0,train21_eval0_scn3
predictive_alpha,step_change,3,21001,0.0,1.0,1.0,0.03,0.01,0.040017865350197,1.0,1.0,1.0,0.0709242114368693,0.2132808757568886,0.0773505318187554,1.489408440174257,0.073089041208693,0.0749799209899826,26.920762483574563,1.2819410706464078,0.0201061598568151,13.458094079735442,45.0,0.0141281720775139,0.0521293643748314,0.0773505318187554,real10kg_smc_steady,real10kg_mpc_event,-1.0,-1.0,predictive_alpha,1.0,0.1955842927390121,0.2030270000443237,0.164758181209493,0.0,transformer,16,True,2.5,1.0,0.75,real_10kg_v1,thruster,real_10kg_x,1.0,0.0128571428571428,0.0323809523809523,0.0201061598568151,0.0053232531855176,0.0082369971202265,0.0125,0.0007825811701818,0.0683711847100266,0.0749799209899826,,,,,,,,,,,,,21,1,train21_eval1_scn3
predictive_alpha,step_change,3,21002,0.0,1.0,1.0,0.03,0.01,0.0400070323625748,1.0,1.0,1.0,0.0712962759705379,0.2125934891104206,0.0777166381416366,1.4972217953812967,0.0730753391442451,0.074963649175195,26.996304633461083,1.2855383158790992,0.0203920671681105,13.434879338461704,45.0,0.0152183409709109,0.0552572985700963,0.0777166381416366,real10kg_smc_steady,real10kg_mpc_event,-1.0,-1.0,predictive_alpha,1.0,0.1970917187223221,0.2043002498622353,0.1661359741186745,0.0,transformer,16,True,2.5,1.0,0.75,real_10kg_v1,thruster,real_10kg_x,1.0,0.0128571428571428,0.0323809523809523,0.0203920671681105,0.0053612231310872,0.0082351504867195,0.0125,0.00079940322747,0.0684251740111479,0.074963649175195,,,,,,,,,,,,,21,2,train21_eval2_scn3
predictive_alpha,step_change,3,21003,0.0,1.0,1.0,0.03,0.01,0.0401601617231168,1.0,1.0,1.0,0.0726677893335959,0.2438229769179957,0.0810914005531601,1.5260235760055143,0.073099384929004,0.0749946346322814,27.0107432912226,1.2862258710105998,0.019800389196776,13.358142904097168,45.0,0.0141474063956118,0.045217721918049,0.0810914005531601,real10kg_smc_steady,real10kg_mpc_event,-1.0,-1.0,predictive_alpha,1.0,0.1917185962773019,0.2001050966027014,0.1647610455638884,0.0,transformer,16,True,2.5,1.0,0.75,real_10kg_v1,thruster,real_10kg_x,1.0,0.0127777777777777,0.0323809523809523,0.019800389196776,0.0052909958660676,0.0082050397296119,0.0125,0.0008268893888913,0.0686195208858543,0.0749946346322814,,,,,,,,,,,,,21,3,train21_eval3_scn3
predictive_alpha,step_change,3,21004,0.0,1.0,1.0,0.03,0.01,0.040009129681727,1.0,1.0,1.0,0.0708873234065097,0.2144420250904397,0.0773837849032567,1.488633791536704,0.0729677312263115,0.0748690705015473,26.99482448796283,1.2854678327601348,0.0198967507604117,13.376020219441775,45.0,0.0135721428515831,0.0455572883689038,0.0773837849032567,real10kg_smc_steady,real10kg_mpc_event,-1.0,-1.0,predictive_alpha,1.0,0.1929575931131766,0.2009936411396945,0.1644600099643104,0.0,transformer,16,True,2.5,1.0,0.75,real_10kg_v1,thruster,real_10kg_x,1.0,0.0127777777777777,0.0323809523809523,0.0198967507604117,0.005287092498912,0.0081549265972394,0.0125,0.0008276040736491,0.0685808770038965,0.0748690705015473,,,,,,,,,,,,,21,4,train21_eval4_scn3
predictive_alpha,step_change,3,21005,0.0,1.0,1.0,0.03,0.01,0.0400312805533536,1.0,1.0,1.0,0.0709516142218428,0.210296895582414,0.0772293001089494,1.4899838986586988,0.0730814353116276,0.0749700770956586,26.961185401689374,1.2838659715090175,0.0202329233464585,13.44059009332892,45.0,0.0145485545602368,0.0535676017489852,0.0772293001089494,real10kg_smc_steady,real10kg_mpc_event,-1.0,-1.0,predictive_alpha,1.0,0.1960651321304308,0.2035607460610765,0.1654900117967155,0.0,transformer,16,True,2.5,1.0,0.75,real_10kg_v1,thruster,real_10kg_x,1.0,0.0128571428571428,0.0323809523809523,0.0202329233464585,0.005346381525051,0.0082428334630729,0.0125,0.0008167952535765,0.0684287576112416,0.0749700770956586,,,,,,,,,,,,,21,5,train21_eval5_scn3
predictive_alpha,step_change,3,21006,0.0,1.0,1.0,0.03,0.01,0.0395945584285378,1.0,1.0,1.0,0.0717613546314743,0.2141661213469773,0.0783578031444105,1.5069884472609607,0.072875603299281,0.0747630985104587,26.998384147716862,1.2856373403674697,0.0207014545438988,13.466135190949895,45.0,0.0177115718237221,0.0803860378836152,0.0783578031444105,real10kg_smc_steady,real10kg_mpc_event,-1.0,-1.0,predictive_alpha,1.0,0.1983810589358124,0.2046129581396691,0.16533641740713,0.0,transformer,16,True,2.5,1.0,0.75,real_10kg_v1,thruster,real_10kg_x,1.0,0.0124603174603174,0.0319047619047619,0.0207014545438988,0.0053567330777232,0.0082662634838486,0.0125,0.0007688754974851,0.0682753856180687,0.0747630985104587,,,,,,,,,,,,,21,6,train21_eval6_scn3
predictive_alpha,step_change,3,21007,0.0,1.0,1.0,0.03,0.01,0.0401314936988021,1.0,1.0,1.0,0.073356148618745,0.2504392992686608,0.082105469181349,1.5404791209936457,0.0730676534342551,0.0749621944714041,27.05642571345912,1.2884012244504344,0.0203585211391682,13.385311828600866,45.0,0.0143711419122195,0.0551129014724482,0.082105469181349,real10kg_smc_steady,real10kg_mpc_event,-1.0,-1.0,predictive_alpha,1.0,0.1967755535746156,0.2033439716061749,0.1673363190116582,0.0,transformer,16,True,2.5,1.0,0.75,real_10kg_v1,thruster,real_10kg_x,1.0,0.0124603174603174,0.0319047619047619,0.0203585211391682,0.0053403085108414,0.0082329892057071,0.0125,0.000798928882018,0.0684529788401318,0.0749621944714041,,,,,,,,,,,,,21,7,train21_eval7_scn3
predictive_alpha,step_change,3,21008,0.0,1.0,1.0,0.03,0.01,0.0398303189746767,1.0,1.0,1.0,0.0704671539040004,0.2105716675831614,0.0767670499119936,1.4798102319840087,0.0729010932081206,0.0747904514819242,26.9465306000886,1.283168123813743,0.0198723693432705,13.39997396499745,45.0,0.0135599441136387,0.0459829621866733,0.0767670499119936,real10kg_smc_steady,real10kg_mpc_event,-1.0,-1.0,predictive_alpha,1.0,0.1930838339759395,0.2011940324997174,0.1634200955789059,0.0,transformer,16,True,2.5,1.0,0.75,real_10kg_v1,thruster,real_10kg_x,1.0,0.0127777777777777,0.0323809523809523,0.0198723693432705,0.0052990961097217,0.008186889895358,0.0125,0.0007788556325625,0.0685080025343332,0.0747904514819242,,,,,,,,,,,,,21,8,train21_eval8_scn3
predictive_alpha,step_change,3,21009,0.0,1.0,1.0,0.03,0.01,0.0400793195117888,1.0,1.0,1.0,0.0702818348251627,0.1963888369989294,0.0758142932799091,1.4759185313284184,0.0730848771949713,0.0749750609348139,26.958341957336245,1.2837305693969638,0.0202757626773128,13.449850742037274,45.0,0.0149702462215104,0.0533442625453019,0.0758142932799091,real10kg_smc_steady,real10kg_mpc_event,-1.0,-1.0,predictive_alpha,1.0,0.1964424648127403,0.2038520013113345,0.1649724479924078,0.0,transformer,16,True,2.5,1.0,0.75,real_10kg_v1,thruster,real_10kg_x,1.0,0.0128571428571428,0.0323809523809523,0.0202757626773128,0.0053414310873923,0.0082285285093858,0.0125,0.0008115928261979,0.0684356350352692,0.0749750609348139,,,,,,,,,,,,,21,9,train21_eval9_scn3
predictive_alpha,constant,1,22000,0.0,1.0,1.0,0.03,0.01,0.0467218189468905,1.0,1.0,1.0,0.0888181166917501,0.2256772250200276,0.0989510592849317,1.8651804505267529,0.0772206565348257,0.0787155978606876,30.51887713908508,1.453279863765956,0.0187401152652618,15.004120113377828,45.0,0.0136035867529536,0.0506038731853625,0.0989510592849317,real10kg_smc_steady,real10kg_mpc_event,-1.0,-1.0,predictive_alpha,1.0,0.2626672157952601,0.2914094517401838,0.2302836224504946,0.0,transformer,16,True,2.5,1.0,0.75,real_10kg_v1,thruster,real_10kg_x,1.0,0.0469047619047619,0.1338095238095238,0.0187401152652618,0.0025062083220468,0.0082087705357531,0.0125,0.000663130652694,0.0949601767613747,0.0787155978606876,,,,,,,,,,,,,22,0,train22_eval0_scn1
predictive_alpha,constant,1,22001,0.0,1.0,1.0,0.03,0.01,0.0463596071169132,1.0,1.0,1.0,0.0881438385764287,0.2252416836535817,0.0979289026210752,1.8510206101050048,0.0775378435469717,0.0790832987418028,30.52594423121158,1.453616391962456,0.0180637372864882,14.920426890292177,45.0,0.0145185741531679,0.0617055531154035,0.0979289026210752,real10kg_smc_steady,real10kg_mpc_event,-1.0,-1.0,predictive_alpha,1.0,0.2613171121995249,0.2915802885632672,0.2264336254771998,0.0,transformer,16,True,2.5,1.0,0.75,real_10kg_v1,thruster,real_10kg_x,1.0,0.0468253968253968,0.1338095238095238,0.0180637372864882,0.002499753319624,0.0081484380485265,0.0125,0.0006601702953414,0.0950350588650684,0.0790832987418028,,,,,,,,,,,,,22,1,train22_eval1_scn1
predictive_alpha,constant,1,22002,0.0,1.0,1.0,0.03,0.01,0.0467565725115236,1.0,1.0,1.0,0.0897076640448123,0.2339181738150836,0.100339141102529,1.8838609449410595,0.0772222156657748,0.0787173601514777,30.522000424224,1.4534285916297145,0.0186919367622484,15.000461123820813,45.0,0.0136655073380867,0.050633652466694,0.100339141102529,real10kg_smc_steady,real10kg_mpc_event,-1.0,-1.0,predictive_alpha,1.0,0.262725608074548,0.2913105789759671,0.2306366731942398,0.0,transformer,16,True,2.5,1.0,0.75,real_10kg_v1,thruster,real_10kg_x,1.0,0.0468253968253968,0.1338095238095238,0.0186919367622484,0.0024993342234229,0.0082109860242895,0.0125,0.0006574172459299,0.0949348162484847,0.0787173601514777,,,,,,,,,,,,,22,2,train22_eval2_scn1
predictive_alpha,constant,1,22003,0.0,1.0,1.0,0.03,0.01,0.046730193671149,1.0,1.0,1.0,0.0887334331732739,0.2256944373354833,0.0985961865926737,1.863402096638753,0.0772212868629564,0.0787163264101481,30.48368514223406,1.451604054392098,0.0190087178356466,15.00415441381114,45.0,0.014653217226948,0.0541726687825482,0.0985961865926737,real10kg_smc_steady,real10kg_mpc_event,-1.0,-1.0,predictive_alpha,1.0,0.2627272124477439,0.2914906054515492,0.2299073478549308,0.0,transformer,16,True,2.5,1.0,0.75,real_10kg_v1,thruster,real_10kg_x,1.0,0.0469047619047619,0.1338095238095238,0.0190087178356466,0.0025450709598278,0.0082080744650016,0.0125,0.0006638646873547,0.0949585843325223,0.0787163264101481,,,,,,,,,,,,,22,3,train22_eval3_scn1
predictive_alpha,constant,1,22004,0.0,1.0,1.0,0.03,0.01,0.0467370528557705,1.0,1.0,1.0,0.0907224168716224,0.2372090239047679,0.101560963906061,1.9051707543040703,0.0772212405181182,0.0787162086961224,30.60530174348667,1.457395321118413,0.0195174286946026,14.973507738033758,45.0,0.0171436432841658,0.076176032441833,0.101560963906061,real10kg_smc_steady,real10kg_mpc_event,-1.0,-1.0,predictive_alpha,1.0,0.263827134412001,0.2918179162395105,0.2318844063693957,0.0,transformer,16,True,2.5,1.0,0.75,real_10kg_v1,thruster,real_10kg_x,1.0,0.0469047619047619,0.1338095238095238,0.0195174286946026,0.0025897732442539,0.0082352817759189,0.0125,0.0006448267595358,0.0950184483554965,0.0787162086961224,,,,,,,,,,,,,22,4,train22_eval4_scn1
predictive_alpha,constant,1,22005,0.0,1.0,1.0,0.03,0.01,0.0466417936191159,1.0,1.0,1.0,0.0872503290119449,0.2260623807182418,0.0962187862023462,1.832256909250844,0.0772794421132827,0.0787802199483711,30.47129923677958,1.451014249370456,0.0190705489059508,15.01620667699973,45.0,0.015667808150178,0.0617705877570979,0.0962187862023462,real10kg_smc_steady,real10kg_mpc_event,-1.0,-1.0,predictive_alpha,1.0,0.2627321292351935,0.2918640129805718,0.2273630401962769,0.0,transformer,16,True,2.5,1.0,0.75,real_10kg_v1,thruster,real_10kg_x,1.0,0.0469047619047619,0.1338095238095238,0.0190705489059508,0.0025904045148436,0.0081901397621526,0.0125,0.0006588240517243,0.0950594266089576,0.0787802199483711,,,,,,,,,,,,,22,5,train22_eval5_scn1
predictive_alpha,constant,1,22006,0.0,1.0,1.0,0.03,0.01,0.0467170206152588,1.0,1.0,1.0,0.0894040030907167,0.2257106783887115,0.0996840972169622,1.8774840649050517,0.0772224189494677,0.0787176099033885,30.47439169675808,1.451161509369432,0.0189034618626697,15.02167633951654,45.0,0.0143738685252019,0.0541204054491035,0.0996840972169622,real10kg_smc_steady,real10kg_mpc_event,-1.0,-1.0,predictive_alpha,1.0,0.2622644129820284,0.2912171689153243,0.2299782483879521,0.0,transformer,16,True,2.5,1.0,0.75,real_10kg_v1,thruster,real_10kg_x,1.0,0.0469047619047619,0.1338095238095238,0.0189034618626697,0.0025235012175994,0.0082056365665681,0.0125,0.0006578018561782,0.0949530659857868,0.0787176099033885,,,,,,,,,,,,,22,6,train22_eval6_scn1
predictive_alpha,constant,1,22007,0.0,1.0,1.0,0.03,0.01,0.0467059722255142,1.0,1.0,1.0,0.0877285745047733,0.2257917885777866,0.0970549598621822,1.8423000646002403,0.0772201853999999,0.0787149959323696,30.469686538016774,1.450937454191275,0.0189754510934975,15.008519237281142,45.0,0.0147250419529896,0.0528547020721464,0.0970549598621822,real10kg_smc_steady,real10kg_mpc_event,-1.0,-1.0,predictive_alpha,1.0,0.2624449995579166,0.2915245718342423,0.2286571950530855,0.0,transformer,16,True,2.5,1.0,0.75,real_10kg_v1,thruster,real_10kg_x,1.0,0.0469047619047619,0.1338095238095238,0.0189754510934975,0.0025410374785857,0.0082045766065245,0.0125,0.0006501371309386,0.0949812038556746,0.0787149959323696,,,,,,,,,,,,,22,7,train22_eval7_scn1
predictive_alpha,constant,1,22008,0.0,1.0,1.0,0.03,0.01,0.0467171483465278,1.0,1.0,1.0,0.0876695994242824,0.2256853760111043,0.0971842149730342,1.841061587909932,0.0772183120250313,0.078712741475916,30.504133681957537,1.4525777943789304,0.0186465904882907,15.000605609282244,45.0,0.0134422205365844,0.0484384419559282,0.0971842149730342,real10kg_smc_steady,real10kg_mpc_event,-1.0,-1.0,predictive_alpha,1.0,0.2622179046496097,0.2913541200567869,0.2289389951400725,0.0,transformer,16,True,2.5,1.0,0.75,real_10kg_v1,thruster,real_10kg_x,1.0,0.0469047619047619,0.1338095238095238,0.0186465904882907,0.0024913295663623,0.0081956906279022,0.0125,0.0006602754744972,0.0949643368134879,0.078712741475916,,,,,,,,,,,,,22,8,train22_eval8_scn1
predictive_alpha,constant,1,22009,0.0,1.0,1.0,0.03,0.01,0.0467556086265449,1.0,1.0,1.0,0.0900535167798108,0.2386267390966328,0.1008374602087084,1.8911238523760283,0.0772224956069538,0.0787177747192525,30.571222584143555,1.455772504006836,0.0188341788059117,14.98391023806447,45.0,0.0137477110952073,0.052102970338232,0.1008374602087084,real10kg_smc_steady,real10kg_mpc_event,-1.0,-1.0,predictive_alpha,1.0,0.263413842594333,0.2915838869166086,0.2316919541421035,0.0,transformer,16,True,2.5,1.0,0.75,real_10kg_v1,thruster,real_10kg_x,1.0,0.0468253968253968,0.1338095238095238,0.0188341788059117,0.002509198756112,0.0082201268045633,0.0125,0.0006590954488654,0.0949565943095219,0.0787177747192525,,,,,,,,,,,,,22,9,train22_eval9_scn1
predictive_alpha,sinusoidal,2,22000,0.0,1.0,1.0,0.03,0.01,0.3666985553225409,1.0,1.0,1.0,0.0801454909743034,0.3666985553225409,0.0915556567608115,1.6830553104603718,0.1067454237655767,0.1242040782005081,39.43482788470402,1.877848946890668,0.0179279573936635,13.78510635089896,45.0,0.0137626936465491,0.0536726849688503,0.0915556567608115,real10kg_smc_steady,real10kg_mpc_event,-1.0,-1.0,predictive_alpha,1.0,0.2576576857819955,0.2866535660645761,0.2262583278520365,0.0,transformer,16,True,2.5,1.0,0.75,real_10kg_v1,thruster,real_10kg_x,1.0,0.0796031746031746,0.2333333333333333,0.0179279573936635,0.0023215913268786,0.0077666952375777,0.0125,0.0006533554953584,0.0858364122349335,0.1242040782005081,,,,,,,,,,,,,22,0,train22_eval0_scn2
predictive_alpha,sinusoidal,2,22001,0.0,1.0,1.0,0.03,0.01,0.366772390200858,1.0,1.0,1.0,0.0793658200576747,0.366772390200858,0.0902852949496346,1.66668222121117,0.1067698364148971,0.1242300003593382,39.44832436228132,1.8784916362991104,0.0173776887698611,13.825060289919058,45.0,0.0144867317378014,0.0617053071995478,0.0902852949496346,real10kg_smc_steady,real10kg_mpc_event,-1.0,-1.0,predictive_alpha,1.0,0.2576174348307367,0.2857148503470265,0.225187917590485,0.0,transformer,16,True,2.5,1.0,0.75,real_10kg_v1,thruster,real_10kg_x,1.0,0.08,0.2304761904761904,0.0173776887698611,0.0022892500434377,0.0078267006273081,0.0125,0.0006671332480168,0.0858333457794369,0.1242300003593382,,,,,,,,,,,,,22,1,train22_eval1_scn2
predictive_alpha,sinusoidal,2,22002,0.0,1.0,1.0,0.03,0.01,0.3666980036837686,1.0,1.0,1.0,0.080926631006835,0.3666980036837686,0.092848068001891,1.6994592511435354,0.1067454559049913,0.1242038815891628,39.481289626777695,1.8800614107989375,0.017897019336171,13.821447402560542,45.0,0.0138384264745781,0.053961791723551,0.092848068001891,real10kg_smc_steady,real10kg_mpc_event,-1.0,-1.0,predictive_alpha,1.0,0.2580894557748617,0.2866220442022416,0.2272109541637889,0.0,transformer,16,True,2.5,1.0,0.75,real_10kg_v1,thruster,real_10kg_x,1.0,0.08,0.2309523809523809,0.017897019336171,0.0023163301406402,0.0077934353388267,0.0125,0.0006698811052618,0.0858426317075213,0.1242038815891628,,,,,,,,,,,,,22,2,train22_eval2_scn2
predictive_alpha,sinusoidal,2,22003,0.0,1.0,1.0,0.03,0.01,0.3667025865374735,1.0,1.0,1.0,0.0800951863153259,0.3667025865374735,0.0912879037785273,1.681998912621845,0.1067481646067972,0.1242058547021577,39.42992046961097,1.8776152604576648,0.0182673175157664,13.831940268110044,45.0,0.0148230758090884,0.0574492867542207,0.0912879037785273,real10kg_smc_steady,real10kg_mpc_event,-1.0,-1.0,predictive_alpha,1.0,0.2578116093511603,0.2847798960335007,0.2282510233470349,0.0,transformer,16,True,2.5,1.0,0.75,real_10kg_v1,thruster,real_10kg_x,1.0,0.0796031746031746,0.2333333333333333,0.0182673175157664,0.002414271412105,0.0078128598153794,0.0125,0.0006948368295428,0.0858283682380076,0.1242058547021577,,,,,,,,,,,,,22,3,train22_eval3_scn2
predictive_alpha,sinusoidal,2,22004,0.0,1.0,1.0,0.03,0.01,0.3667201072027803,1.0,1.0,1.0,0.0822852308977462,0.3667201072027803,0.0946633210252831,1.7279898488526708,0.1067545914629527,0.1242115563179655,39.5601589875936,1.8838170946473145,0.0189203360731848,13.883011476567592,45.0,0.017412805883324,0.0761328299958346,0.0946633210252831,real10kg_smc_steady,real10kg_mpc_event,-1.0,-1.0,predictive_alpha,1.0,0.2588307269151228,0.282320972592154,0.2351416271414962,0.0,transformer,16,True,2.5,1.0,0.75,real_10kg_v1,thruster,real_10kg_x,1.0,0.0799206349206349,0.2280952380952381,0.0189203360731848,0.0025008841110568,0.0079572112484184,0.0125,0.0006935622805369,0.0859390899779747,0.1242115563179655,,,,,,,,,,,,,22,4,train22_eval4_scn2
predictive_alpha,sinusoidal,2,22005,0.0,1.0,1.0,0.03,0.01,0.3667228142454209,1.0,1.0,1.0,0.0795926787544136,0.3667228142454209,0.0900982041572734,1.6714462538426869,0.1067549946896781,0.1242121336415225,39.43339731265161,1.8777808244119811,0.0187573947323612,13.979971552756403,45.0,0.0157373678392459,0.0617136174179406,0.0900982041572734,real10kg_smc_steady,real10kg_mpc_event,-1.0,-1.0,predictive_alpha,1.0,0.2597619027139755,0.2810436679245959,0.2377940622988777,0.0,transformer,16,True,2.5,1.0,0.75,real_10kg_v1,thruster,real_10kg_x,1.0,0.0798412698412698,0.2276190476190476,0.0187573947323612,0.0024931056456232,0.0080406398316386,0.0125,0.0006997212042078,0.0859320318617294,0.1242121336415225,,,,,,,,,,,,,22,5,train22_eval5_scn2
predictive_alpha,sinusoidal,2,22006,0.0,1.0,1.0,0.03,0.01,0.366708073641486,1.0,1.0,1.0,0.0805353634847801,0.366708073641486,0.0920782511166666,1.691242633180383,0.1067510851406786,0.1242082500052636,39.45146331989628,1.8786411104712517,0.0181545846293962,13.852320924330078,45.0,0.0145485177802293,0.0573592480184608,0.0920782511166666,real10kg_smc_steady,real10kg_mpc_event,-1.0,-1.0,predictive_alpha,1.0,0.257096896674523,0.2851233587286777,0.2269011640730535,0.0,transformer,16,True,2.5,1.0,0.75,real_10kg_v1,thruster,real_10kg_x,1.0,0.08,0.2314285714285714,0.0181545846293962,0.002399447468694,0.0077965017541588,0.0125,0.0006882005745322,0.0858199962009733,0.1242082500052636,,,,,,,,,,,,,22,6,train22_eval6_scn2
predictive_alpha,sinusoidal,2,22007,0.0,1.0,1.0,0.03,0.01,0.3667721045395401,1.0,1.0,1.0,0.0793994547317512,0.3667721045395401,0.0901283783427324,1.6673885493667755,0.1067801839511822,0.1242388293571749,39.43235221868254,1.8777310580325015,0.0182850420876538,13.898198862340305,45.0,0.0148814882761365,0.0560204635843146,0.0901283783427324,real10kg_smc_steady,real10kg_mpc_event,-1.0,-1.0,predictive_alpha,1.0,0.2573720869260971,0.2833793403202557,0.230819215826923,0.0,transformer,16,True,2.5,1.0,0.75,real_10kg_v1,thruster,real_10kg_x,1.0,0.0798412698412698,0.23,0.0182850420876538,0.0024260053054139,0.0078849008468218,0.0125,0.0006711375195548,0.0858724430384972,0.1242388293571749,,,,,,,,,,,,,22,7,train22_eval7_scn2
predictive_alpha,sinusoidal,2,22008,0.0,1.0,1.0,0.03,0.01,0.3667289319970094,1.0,1.0,1.0,0.0791745302067691,0.3667289319970094,0.0899491977100569,1.6626651343421508,0.1067447481797444,0.1242094865402784,39.40460318235204,1.8764096753500967,0.0178169438123184,13.792823644552948,45.0,0.0135712026516547,0.0515057078136859,0.0899491977100569,real10kg_smc_steady,real10kg_mpc_event,-1.0,-1.0,predictive_alpha,1.0,0.2580484578828084,0.2870794419989549,0.2256136378735148,0.0,transformer,16,True,2.5,1.0,0.75,real_10kg_v1,thruster,real_10kg_x,1.0,0.0777777777777777,0.2209523809523809,0.0178169438123184,0.0023085406726012,0.0077545694027516,0.0125,0.0006820909274449,0.0858264100176969,0.1242094865402784,,,,,,,,,,,,,22,8,train22_eval8_scn2
predictive_alpha,sinusoidal,2,22009,0.0,1.0,1.0,0.03,0.01,0.3667109482290747,1.0,1.0,1.0,0.0814238039324006,0.3667109482290747,0.0936311644104539,1.709899882580414,0.1067390040550656,0.1242024742028596,39.48612781568002,1.880291800746668,0.0180078779150138,13.76868818807327,45.0,0.0139338219342428,0.0552613629920955,0.0936311644104539,real10kg_smc_steady,real10kg_mpc_event,-1.0,-1.0,predictive_alpha,1.0,0.2586406309955726,0.287003411749598,0.2278298218604288,0.0,transformer,16,True,2.5,1.0,0.75,real_10kg_v1,thruster,real_10kg_x,1.0,0.0795238095238095,0.2328571428571428,0.0180078779150138,0.0023306961268004,0.0077748162176576,0.0125,0.0006706740414665,0.0858731792899915,0.1242024742028596,,,,,,,,,,,,,22,9,train22_eval9_scn2
predictive_alpha,step_change,3,22000,0.0,1.0,1.0,0.03,0.01,0.0429153509230243,1.0,1.0,1.0,0.0703830132329623,0.2186490789044977,0.0768184118993254,1.4780432778922097,0.0728490270671773,0.0742219984000333,26.977923854427644,1.2846630406870307,0.02028853616651,14.165796355074326,45.0,0.0142863561791374,0.0506038731853625,0.0768184118993254,real10kg_smc_steady,real10kg_mpc_event,-1.0,-1.0,predictive_alpha,1.0,0.1932455438197174,0.2033151480229588,0.1611841323464787,0.0,transformer,16,True,2.5,1.0,0.75,real_10kg_v1,thruster,real_10kg_x,1.0,0.0129365079365079,0.0319047619047619,0.02028853616651,0.0053235320514115,0.0087041269861673,0.0125,0.0008410883830495,0.0669239679725927,0.0742219984000333,,,,,,,,,,,,,22,0,train22_eval0_scn3
predictive_alpha,step_change,3,22001,0.0,1.0,1.0,0.03,0.01,0.0434402388793124,1.0,1.0,1.0,0.0694889229814455,0.2061906571902768,0.0751994259478555,1.4592673826103555,0.0728597548527827,0.0742251994455805,26.962602644496123,1.2839334592617202,0.0195221119865658,14.153820599233468,45.0,0.0151835549224073,0.0617055531154035,0.0751994259478555,real10kg_smc_steady,real10kg_mpc_event,-1.0,-1.0,predictive_alpha,1.0,0.1917060079094981,0.2019176465179938,0.1569509782192818,0.0,transformer,16,True,2.5,1.0,0.75,real_10kg_v1,thruster,real_10kg_x,1.0,0.0129365079365079,0.0319047619047619,0.0195221119865658,0.0052715612144255,0.0085415695590629,0.0125,0.0008193053305471,0.0666385278213173,0.0742251994455805,,,,,,,,,,,,,22,1,train22_eval1_scn3
predictive_alpha,step_change,3,22002,0.0,1.0,1.0,0.03,0.01,0.0430028774727624,1.0,1.0,1.0,0.0712766655939687,0.2339181738150836,0.0786311486073643,1.4968099774733434,0.0728656842791933,0.0742339230570086,26.98368916008101,1.2849375790514763,0.020275458028613,14.16059008067078,45.0,0.0143360619459991,0.050633652466694,0.0786311486073643,real10kg_smc_steady,real10kg_mpc_event,-1.0,-1.0,predictive_alpha,1.0,0.1933699401553274,0.2031417688169821,0.1616914051276676,0.0,transformer,16,True,2.5,1.0,0.75,real_10kg_v1,thruster,real_10kg_x,1.0,0.0128571428571428,0.0319047619047619,0.020275458028613,0.0053126177958239,0.0087186558256146,0.0125,0.0008254152675385,0.0669329466402042,0.0742339230570086,,,,,,,,,,,,,22,2,train22_eval2_scn3
predictive_alpha,step_change,3,22003,0.0,1.0,1.0,0.03,0.01,0.0430581600300416,1.0,1.0,1.0,0.0702213856585632,0.211404490437919,0.0762089173128955,1.4746490988298289,0.0728796551867618,0.0742441106400024,26.932238055900616,1.282487526471458,0.0205258206638488,14.199131191779472,45.0,0.0153125794882458,0.0541726687825482,0.0762089173128955,real10kg_smc_steady,real10kg_mpc_event,-1.0,-1.0,predictive_alpha,1.0,0.1933508305188272,0.2033313090613285,0.1610940948136738,0.0,transformer,16,True,2.5,1.0,0.75,real_10kg_v1,thruster,real_10kg_x,1.0,0.0129365079365079,0.0319047619047619,0.0205258206638488,0.0053275484346638,0.0086659030310288,0.0125,0.000811155394118,0.0667194797920435,0.0742441106400024,,,,,,,,,,,,,22,3,train22_eval3_scn3
predictive_alpha,step_change,3,22004,0.0,1.0,1.0,0.03,0.01,0.0432462135962526,1.0,1.0,1.0,0.0721843701758331,0.2372090239047679,0.0799814780736486,1.5158717736924952,0.0728103271816306,0.0741781773198691,27.053835185467705,1.2882778659746523,0.0209939590980591,14.171086143522505,45.0,0.0177041781436491,0.076176032441833,0.0799814780736486,real10kg_smc_steady,real10kg_mpc_event,-1.0,-1.0,predictive_alpha,1.0,0.1945091425618715,0.2038873930046629,0.1630125448166204,0.0,transformer,16,True,2.5,1.0,0.75,real_10kg_v1,thruster,real_10kg_x,1.0,0.0129365079365079,0.0319047619047619,0.0209939590980591,0.0053757612600313,0.0086374763272766,0.0125,0.0007957388667126,0.0667681127541909,0.0741781773198691,,,,,,,,,,,,,22,4,train22_eval4_scn3
predictive_alpha,step_change,3,22005,0.0,1.0,1.0,0.03,0.01,0.0433083204602366,1.0,1.0,1.0,0.0686752493189371,0.1777283368741157,0.0729887231262321,1.442180235697681,0.0728220881575934,0.074192027617458,26.921827060698053,1.281991764795145,0.0205512510216582,14.207564188178358,45.0,0.0162916385990072,0.0617705877570979,0.0729887231262321,real10kg_smc_steady,real10kg_mpc_event,-1.0,-1.0,predictive_alpha,1.0,0.1929936644179794,0.2030948306022664,0.158365021547042,0.0,transformer,16,True,2.5,1.0,0.75,real_10kg_v1,thruster,real_10kg_x,1.0,0.0129365079365079,0.0319047619047619,0.0205512510216582,0.0053742060498376,0.0086054021359216,0.0125,0.0007937998602958,0.0667118926438627,0.074192027617458,,,,,,,,,,,,,22,5,train22_eval5_scn3
predictive_alpha,step_change,3,22006,0.0,1.0,1.0,0.03,0.01,0.0429438903084588,1.0,1.0,1.0,0.0709818789854863,0.2239392854752837,0.0777748556580851,1.4906194586952135,0.0728694422140416,0.074241274912357,26.93378931064216,1.2825613957448647,0.0204578773755194,14.175932820671324,45.0,0.0150216778341013,0.0541204054491035,0.0777748556580851,real10kg_smc_steady,real10kg_mpc_event,-1.0,-1.0,predictive_alpha,1.0,0.1927849588311256,0.2028729983979544,0.1610506599681407,0.0,transformer,16,True,2.5,1.0,0.75,real_10kg_v1,thruster,real_10kg_x,1.0,0.0129365079365079,0.0319047619047619,0.0204578773755194,0.0053423414643475,0.0086954775829049,0.0125,0.0008395605093765,0.0669335130102172,0.074241274912357,,,,,,,,,,,,,22,6,train22_eval6_scn3
predictive_alpha,step_change,3,22007,0.0,1.0,1.0,0.03,0.01,0.0430617557564042,1.0,1.0,1.0,0.0692029367345684,0.1926831258156104,0.0741757329948293,1.453261671425937,0.0728849108275639,0.0742482316903093,26.918005727220837,1.2818097965343254,0.0204892195960258,14.20539313097545,45.0,0.0153852989672275,0.0528547020721464,0.0741757329948293,real10kg_smc_steady,real10kg_mpc_event,-1.0,-1.0,predictive_alpha,1.0,0.1930115759327985,0.2032213304208458,0.159820911162422,0.0,transformer,16,True,2.5,1.0,0.75,real_10kg_v1,thruster,real_10kg_x,1.0,0.0129365079365079,0.0319047619047619,0.0204892195960258,0.0053297630609444,0.0086590130039519,0.0125,0.0008062423023948,0.0667148077460221,0.0742482316903093,,,,,,,,,,,,,22,7,train22_eval7_scn3
predictive_alpha,step_change,3,22008,0.0,1.0,1.0,0.03,0.01,0.0436791359998376,1.0,1.0,1.0,0.0692564866672075,0.1978101819648135,0.0745214750619925,1.4543862200113578,0.072859519519042,0.0742302388151005,26.95443475073481,1.283544511939753,0.0201112293690326,14.14483168905982,45.0,0.014138663040609,0.0484384419559282,0.0745214750619925,real10kg_smc_steady,real10kg_mpc_event,-1.0,-1.0,predictive_alpha,1.0,0.1923291821167432,0.2028073233889154,0.1595370514203871,0.0,transformer,16,True,2.5,1.0,0.75,real_10kg_v1,thruster,real_10kg_x,1.0,0.0129365079365079,0.0319047619047619,0.0201112293690326,0.0052979666337961,0.0086182096574733,0.0125,0.0008393602502454,0.0669204774800972,0.0742302388151005,,,,,,,,,,,,,22,8,train22_eval8_scn3
predictive_alpha,step_change,3,22009,0.0,1.0,1.0,0.03,0.01,0.043032373946911,1.0,1.0,1.0,0.0716247106524785,0.2386267390966328,0.0792721805146949,1.5041189237020496,0.0728449562128385,0.0742135037335489,27.03396593906755,1.287331711384169,0.0204055533257215,14.146042162352373,45.0,0.0144137548106117,0.052102970338232,0.0792721805146949,real10kg_smc_steady,real10kg_mpc_event,-1.0,-1.0,predictive_alpha,1.0,0.1940733812306345,0.203761193253752,0.1627242643658038,0.0,transformer,16,True,2.5,1.0,0.75,real_10kg_v1,thruster,real_10kg_x,1.0,0.0128571428571428,0.0319047619047619,0.0204055533257215,0.0053212769936414,0.0087222400713027,0.0125,0.0008235550058246,0.0669722895092433,0.0742135037335489,,,,,,,,,,,,,22,9,train22_eval9_scn3
predictive_alpha,constant,1,23000,0.0,1.0,1.0,0.03,0.01,0.0450460101912136,1.0,1.0,1.0,0.089501723844599,0.2216133340638479,0.0992516302952197,1.879536200736581,0.0770547322797053,0.0785672197574229,30.64466962724175,1.4592699822496071,0.0187459282749195,14.191615465543716,45.0,0.0136588636190893,0.0457027781888078,0.0992516302952197,real10kg_smc_steady,real10kg_mpc_event,-1.0,-1.0,predictive_alpha,1.0,0.2533243323685022,0.2913903042121498,0.221101303373663,0.0,transformer,16,True,2.5,1.0,0.75,real_10kg_v1,thruster,real_10kg_x,1.0,0.0464285714285714,0.1304761904761904,0.0187459282749195,0.0026514132067179,0.008093063536,0.0125,0.00067551603639,0.0947722768612694,0.0785672197574229,,,,,,,,,,,,,23,0,train23_eval0_scn1
predictive_alpha,constant,1,23001,0.0,1.0,1.0,0.03,0.01,0.0450482351270552,1.0,1.0,1.0,0.0889677879464675,0.2236445316787366,0.0986695449249508,1.868323546875818,0.0770233949824661,0.0785307583847747,30.58426820663072,1.4563937241252722,0.0188242152764897,14.332250201076691,45.0,0.0135885611017022,0.0481022025480742,0.0986695449249508,real10kg_smc_steady,real10kg_mpc_event,-1.0,-1.0,predictive_alpha,1.0,0.2547186234272866,0.2918864003094182,0.222542162258566,0.0,transformer,16,True,2.5,1.0,0.75,real_10kg_v1,thruster,real_10kg_x,1.0,0.0465873015873015,0.1309523809523809,0.0188242152764897,0.0026852547974255,0.0080795520684462,0.0125,0.0006846982558719,0.0950581014367866,0.0785307583847747,,,,,,,,,,,,,23,1,train23_eval1_scn1
predictive_alpha,constant,1,23002,0.0,1.0,1.0,0.03,0.01,0.0450137260186411,1.0,1.0,1.0,0.089896770625623,0.2299823114408484,0.0999853549189857,1.8878321831380844,0.0770066662526434,0.0785106073519518,30.580924504965253,1.4562345002364403,0.0189893963495773,14.295020637785068,45.0,0.0141473421061199,0.0529064103880708,0.0999853549189857,real10kg_smc_steady,real10kg_mpc_event,-1.0,-1.0,predictive_alpha,1.0,0.2546075408861251,0.2915393656572192,0.2252772839864095,0.0,transformer,16,True,2.5,1.0,0.75,real_10kg_v1,thruster,real_10kg_x,1.0,0.0465079365079365,0.1309523809523809,0.0189893963495773,0.0027403214293095,0.0081060563335636,0.0125,0.0006881942894662,0.0947575765941372,0.0785106073519518,,,,,,,,,,,,,23,2,train23_eval2_scn1
predictive_alpha,constant,1,23003,0.0,1.0,1.0,0.03,0.01,0.0450395438078817,1.0,1.0,1.0,0.0886687884417308,0.2222434567688672,0.0977735609370879,1.862044557276348,0.0770211437539094,0.0785280853816335,30.547725054858784,1.4546535740408943,0.0190368963071602,14.27381617789543,45.0,0.0147589754581266,0.052583774771952,0.0977735609370879,real10kg_smc_steady,real10kg_mpc_event,-1.0,-1.0,predictive_alpha,1.0,0.2549990220341249,0.2921774373144208,0.2239131461499658,0.0,transformer,16,True,2.5,1.0,0.75,real_10kg_v1,thruster,real_10kg_x,1.0,0.0464285714285714,0.1309523809523809,0.0190368963071602,0.002775465704401,0.0080870156236186,0.0125,0.0006729097372451,0.0948430308898877,0.0785280853816335,,,,,,,,,,,,,23,3,train23_eval3_scn1
predictive_alpha,constant,1,23004,0.0,1.0,1.0,0.03,0.01,0.0450630354995955,1.0,1.0,1.0,0.0895612042562331,0.2298670432394063,0.0999475446431285,1.8807852893808967,0.0770231505309947,0.078530863799511,30.572447424670028,1.4558308297461915,0.0187216166864429,14.356410770231236,45.0,0.0136635458016539,0.0457989480132294,0.0999475446431285,real10kg_smc_steady,real10kg_mpc_event,-1.0,-1.0,predictive_alpha,1.0,0.2544936476198168,0.2911151250416904,0.2233481937730297,0.0,transformer,16,True,2.5,1.0,0.75,real_10kg_v1,thruster,real_10kg_x,1.0,0.0465079365079365,0.1309523809523809,0.0187216166864429,0.0026954018098045,0.008116602959036,0.0125,0.0006940120662642,0.0949666745025793,0.078530863799511,,,,,,,,,,,,,23,4,train23_eval4_scn1
predictive_alpha,constant,1,23005,0.0,1.0,1.0,0.03,0.01,0.0450359143472406,1.0,1.0,1.0,0.0904267580189877,0.242452781838969,0.1011364242050249,1.8989619183987425,0.0770059830927202,0.0785094674325291,30.606939566343463,1.457473312683022,0.018817776512835,14.338558873099718,45.0,0.0138047374654208,0.0496004981623083,0.1011364242050249,real10kg_smc_steady,real10kg_mpc_event,-1.0,-1.0,predictive_alpha,1.0,0.2547222097104193,0.2913248465935183,0.2237735875468379,0.0,transformer,16,True,2.5,1.0,0.75,real_10kg_v1,thruster,real_10kg_x,1.0,0.0465079365079365,0.1309523809523809,0.018817776512835,0.0026855428292208,0.0081192414395181,0.0125,0.0006709370336516,0.0948763794945973,0.0785094674325291,,,,,,,,,,,,,23,5,train23_eval5_scn1
predictive_alpha,constant,1,23006,0.0,1.0,1.0,0.03,0.01,0.0450467984597963,1.0,1.0,1.0,0.0883981849128686,0.2223587231630379,0.0978692295756392,1.8563618831702415,0.0770003002015042,0.0785050466903015,30.485858312774106,1.4517075387035288,0.0188433945089588,14.362235678644884,45.0,0.0138980821616512,0.0502864147895174,0.0978692295756392,real10kg_smc_steady,real10kg_mpc_event,-1.0,-1.0,predictive_alpha,1.0,0.2546295585286747,0.2913937737222216,0.2239045717495693,0.0,transformer,16,True,2.5,1.0,0.75,real_10kg_v1,thruster,real_10kg_x,1.0,0.0465079365079365,0.1309523809523809,0.0188433945089588,0.0027032916918911,0.0081023016979717,0.0125,0.0007115517673625,0.0946930080117133,0.0785050466903015,,,,,,,,,,,,,23,6,train23_eval6_scn1
predictive_alpha,constant,1,23007,0.0,1.0,1.0,0.03,0.01,0.0450596957477334,1.0,1.0,1.0,0.0901626572125605,0.2412519145566803,0.1010327043410826,1.8934158014637712,0.0770035057926619,0.0785062242670643,30.58563320852639,1.4564587242155422,0.0186361084575721,14.361307372789277,45.0,0.0139488776900952,0.0438177750039786,0.1010327043410826,real10kg_smc_steady,real10kg_mpc_event,-1.0,-1.0,predictive_alpha,1.0,0.2543750121869496,0.2908834113199994,0.2230652154437155,0.0,transformer,16,True,2.5,1.0,0.75,real_10kg_v1,thruster,real_10kg_x,1.0,0.0465079365079365,0.1309523809523809,0.0186361084575721,0.0026749579259305,0.0081286746538008,0.0125,0.0006964494177847,0.0948914179652859,0.0785062242670643,,,,,,,,,,,,,23,7,train23_eval7_scn1
predictive_alpha,constant,1,23008,0.0,1.0,1.0,0.03,0.01,0.045015461200862,1.0,1.0,1.0,0.089752445017362,0.2250713052914439,0.09964834419684,1.8848013453646035,0.0770098122896981,0.0785140062879304,30.57830026430542,1.456109536395496,0.0190133022694978,14.299036537900609,45.0,0.0143096617780355,0.05337902494419,0.09964834419684,real10kg_smc_steady,real10kg_mpc_event,-1.0,-1.0,predictive_alpha,1.0,0.255064006842971,0.2918822495932784,0.2248341046138444,0.0,transformer,16,True,2.5,1.0,0.75,real_10kg_v1,thruster,real_10kg_x,1.0,0.0465079365079365,0.1309523809523809,0.0190133022694978,0.0027466137927278,0.0081014825328764,0.0125,0.0006933448684865,0.0948378174229815,0.0785140062879304,,,,,,,,,,,,,23,8,train23_eval8_scn1
predictive_alpha,constant,1,23009,0.0,1.0,1.0,0.03,0.01,0.0450087480843525,1.0,1.0,1.0,0.0889833778633927,0.2216629658985896,0.0984296558205858,1.8686509351312472,0.0770087698764796,0.0785130149840405,30.51288748110312,1.4529946419572912,0.0190143995672474,14.291023968358582,45.0,0.0146752745640257,0.0532853578094287,0.0984296558205858,real10kg_smc_steady,real10kg_mpc_event,-1.0,-1.0,predictive_alpha,1.0,0.2550075291735638,0.2918436314741389,0.2243174576471072,0.0,transformer,16,True,2.5,1.0,0.75,real_10kg_v1,thruster,real_10kg_x,1.0,0.0463492063492063,0.1304761904761904,0.0190143995672474,0.0027646267325671,0.0081033923233223,0.0125,0.0006967709424986,0.0946346995309393,0.0785130149840405,,,,,,,,,,,,,23,9,train23_eval9_scn1
predictive_alpha,sinusoidal,2,23000,0.0,1.0,1.0,0.03,0.01,0.3770772321178753,1.0,1.0,1.0,0.0826594096862981,0.3770772321178753,0.0944084407540679,1.735847603412262,0.1090368695299946,0.1283055055300138,39.20288310595275,1.866803957426321,0.0175030808654468,13.220921481520923,45.0,0.0138117876283001,0.0495022557362695,0.0944084407540679,real10kg_smc_steady,real10kg_mpc_event,-1.0,-1.0,predictive_alpha,1.0,0.2336670287802405,0.2680473089202193,0.2120043666431004,0.0,transformer,16,True,2.5,1.0,0.75,real_10kg_v1,thruster,real_10kg_x,1.0,0.0758730158730158,0.2247619047619047,0.0175030808654468,0.002328128662614,0.0074945957256277,0.0125,0.0006857344158945,0.0889511344289137,0.1283055055300138,,,,,,,,,,,,,23,0,train23_eval0_scn2
predictive_alpha,sinusoidal,2,23001,0.0,1.0,1.0,0.03,0.01,0.3770938782767796,1.0,1.0,1.0,0.0820341437178897,0.3770938782767796,0.0935623070740604,1.722717018075685,0.109039880295349,0.1283112041305135,39.1840542872451,1.8659073470116716,0.0176464148576454,13.261735891222642,45.0,0.013801486633337,0.0520050659682105,0.0935623070740604,real10kg_smc_steady,real10kg_mpc_event,-1.0,-1.0,predictive_alpha,1.0,0.2337817101556554,0.2680307837130737,0.213374441301816,0.0,transformer,16,True,2.5,1.0,0.75,real_10kg_v1,thruster,real_10kg_x,1.0,0.0753968253968253,0.2233333333333333,0.0176464148576454,0.0023648879997369,0.0075095073194442,0.0125,0.0006653707305175,0.0888345785724816,0.1283112041305135,,,,,,,,,,,,,23,1,train23_eval1_scn2
predictive_alpha,sinusoidal,2,23002,0.0,1.0,1.0,0.03,0.01,0.3799193020571783,1.0,1.0,1.0,0.0818215837088315,0.3799193020571783,0.0941018025588717,1.718253257885463,0.1094518084592454,0.1291930918384641,39.26819672277709,1.869914129656052,0.0181208047157725,13.653411978912056,45.0,0.0142667015843549,0.0556773342062031,0.0941018025588717,real10kg_smc_steady,real10kg_mpc_event,-1.0,-1.0,predictive_alpha,1.0,0.2385735581445229,0.267696499219673,0.2147761883938385,0.0,transformer,16,True,2.5,1.0,0.75,real_10kg_v1,thruster,real_10kg_x,1.0,0.0743650793650793,0.2209523809523809,0.0181208047157725,0.0023520090446344,0.0076856004229096,0.0125,0.0006714024017971,0.0884358416899796,0.1291930918384641,,,,,,,,,,,,,23,2,train23_eval2_scn2
predictive_alpha,sinusoidal,2,23003,0.0,1.0,1.0,0.03,0.01,0.3798326975451166,1.0,1.0,1.0,0.0808095451079085,0.3798326975451166,0.0922309551975486,1.6970004472660796,0.1093858134307943,0.1291270359003209,39.2187139674416,1.8675578079734092,0.0181418363446966,13.615467369475803,45.0,0.0148676717819616,0.055164770877275,0.0922309551975486,real10kg_smc_steady,real10kg_mpc_event,-1.0,-1.0,predictive_alpha,1.0,0.2372163381371487,0.2667037096507654,0.2151175784448804,0.0,transformer,16,True,2.5,1.0,0.75,real_10kg_v1,thruster,real_10kg_x,1.0,0.0743650793650793,0.22,0.0181418363446966,0.0024523177611095,0.0076580183891139,0.0125,0.0006793288793046,0.0884807809703821,0.1291270359003209,,,,,,,,,,,,,23,3,train23_eval3_scn2
predictive_alpha,sinusoidal,2,23004,0.0,1.0,1.0,0.03,0.01,0.3770098314599496,1.0,1.0,1.0,0.0819879699659412,0.3770098314599496,0.0936789683981622,1.721747369284766,0.1090327599319358,0.1282890984905076,39.18371682034421,1.865891277159248,0.0174677252960907,13.25533897789369,45.0,0.0138759680177202,0.0500429056043581,0.0936789683981622,real10kg_smc_steady,real10kg_mpc_event,-1.0,-1.0,predictive_alpha,1.0,0.2332251037891318,0.2679704121149424,0.2103944118983955,0.0,transformer,16,True,2.5,1.0,0.75,real_10kg_v1,thruster,real_10kg_x,1.0,0.0745238095238095,0.2176190476190476,0.0174677252960907,0.0023254482695604,0.0074849939838021,0.0125,0.0006833345896941,0.0888266860171172,0.1282890984905076,,,,,,,,,,,,,23,4,train23_eval4_scn2
predictive_alpha,sinusoidal,2,23005,0.0,1.0,1.0,0.03,0.01,0.3799562379193547,1.0,1.0,1.0,0.0826088001508973,0.3799562379193547,0.0953045110838572,1.7347848031688435,0.1094555358133166,0.1292032098951564,39.280522498384165,1.8705010713516268,0.017843401163166,13.535630743177556,45.0,0.0139433473561783,0.0530331592111918,0.0953045110838572,real10kg_smc_steady,real10kg_mpc_event,-1.0,-1.0,predictive_alpha,1.0,0.2376802667294837,0.268292991069223,0.2132647684104519,0.0,transformer,16,True,2.5,1.0,0.75,real_10kg_v1,thruster,real_10kg_x,1.0,0.0743650793650793,0.2195238095238095,0.017843401163166,0.0022884126266875,0.0076055705408205,0.0125,0.0006684285048935,0.0886419815825954,0.1292032098951564,,,,,,,,,,,,,23,5,train23_eval5_scn2
predictive_alpha,sinusoidal,2,23006,0.0,1.0,1.0,0.03,0.01,0.3786302978550666,1.0,1.0,1.0,0.080379302506709,0.3786302978550666,0.0917071075815657,1.6879653526408895,0.1092437568999155,0.1287756624640132,39.17185845967803,1.8653265933180012,0.0178461213347339,13.57537670400151,45.0,0.0140223897644961,0.0530699649206293,0.0917071075815657,real10kg_smc_steady,real10kg_mpc_event,-1.0,-1.0,predictive_alpha,1.0,0.2352496610986005,0.2667918207462043,0.2128697429470152,0.0,transformer,16,True,2.5,1.0,0.75,real_10kg_v1,thruster,real_10kg_x,1.0,0.0756349206349206,0.2285714285714285,0.0178461213347339,0.0023614329639805,0.0076368982259392,0.0125,0.0006642177383347,0.0884724319466122,0.1287756624640132,,,,,,,,,,,,,23,6,train23_eval6_scn2
predictive_alpha,sinusoidal,2,23007,0.0,1.0,1.0,0.03,0.01,0.3787143082753411,1.0,1.0,1.0,0.0828423808653594,0.3787143082753411,0.0951144727654662,1.7396899981725489,0.1092352709780338,0.128794648956321,39.206170090011085,1.866960480476718,0.0174456742292181,13.255811795193567,45.0,0.0141016889593796,0.0487784855635647,0.0951144727654662,real10kg_smc_steady,real10kg_mpc_event,-1.0,-1.0,predictive_alpha,1.0,0.2340436236512196,0.2675906482740391,0.210441990729887,0.0,transformer,16,True,2.5,1.0,0.75,real_10kg_v1,thruster,real_10kg_x,1.0,0.0738888888888888,0.2166666666666666,0.0174456742292181,0.0022916003616051,0.0075406152346176,0.0125,0.0006673933767808,0.0890241748046202,0.128794648956321,,,,,,,,,,,,,23,7,train23_eval7_scn2
predictive_alpha,sinusoidal,2,23008,0.0,1.0,1.0,0.03,0.01,0.3799663168065138,1.0,1.0,1.0,0.0817059166596314,0.3799663168065138,0.0938997429916477,1.7158242498522591,0.1094621662947992,0.1292093763624671,39.27047858360401,1.870022789695429,0.018165129547109,13.674545342078526,45.0,0.0144098284348712,0.0559390244403029,0.0938997429916477,real10kg_smc_steady,real10kg_mpc_event,-1.0,-1.0,predictive_alpha,1.0,0.239138935537133,0.2677877126221375,0.2151221251914033,0.0,transformer,16,True,2.5,1.0,0.75,real_10kg_v1,thruster,real_10kg_x,1.0,0.0745238095238095,0.2219047619047619,0.018165129547109,0.002361050180695,0.0076992804429297,0.0125,0.0006687367720296,0.0884148187371479,0.1292093763624671,,,,,,,,,,,,,23,8,train23_eval8_scn2
predictive_alpha,sinusoidal,2,23009,0.0,1.0,1.0,0.03,0.01,0.3794443161249361,1.0,1.0,1.0,0.0806392352192768,0.3794443161249361,0.0921765885760578,1.6934239396048127,0.1093225232529436,0.1290024212190699,39.21771749081754,1.867510356705597,0.0181177482915498,13.728070686029332,45.0,0.0147534657184956,0.0552461781907203,0.0921765885760578,real10kg_smc_steady,real10kg_mpc_event,-1.0,-1.0,predictive_alpha,1.0,0.237757700088853,0.2668911635244571,0.2140325234893022,0.0,transformer,16,True,2.5,1.0,0.75,real_10kg_v1,thruster,real_10kg_x,1.0,0.0756349206349206,0.2285714285714285,0.0181177482915498,0.0023774344855322,0.0077085639662661,0.0125,0.0006686858334752,0.0883665327074213,0.1290024212190699,,,,,,,,,,,,,23,9,train23_eval9_scn2
predictive_alpha,step_change,3,23000,0.0,1.0,1.0,0.03,0.01,0.0408100966699218,1.0,1.0,1.0,0.069514811584455,0.221130284517568,0.0767996298300742,1.4598110432735558,0.0725605402403584,0.0740651555693963,27.07858584806872,1.2894564689556534,0.0199391815810912,14.209971263575769,45.0,0.0136956749624321,0.0457027781888078,0.0767996298300742,real10kg_smc_steady,real10kg_mpc_event,-1.0,-1.0,predictive_alpha,1.0,0.205322069514682,0.2127637118101539,0.171494255256257,0.0,transformer,16,True,2.5,1.0,0.75,real_10kg_v1,thruster,real_10kg_x,1.0,0.0127777777777777,0.0295238095238095,0.0199391815810912,0.0052385028997772,0.0081364555005341,0.0125,0.0007970724714978,0.0661082268572489,0.0740651555693963,,,,,,,,,,,,,23,0,train23_eval0_scn3
predictive_alpha,step_change,3,23001,0.0,1.0,1.0,0.03,0.01,0.0410103442543921,1.0,1.0,1.0,0.0687049955259608,0.2139426943675357,0.0754966335208923,1.4428049060451782,0.0726522437752537,0.074147359107939,27.017815251015943,1.2865626310007594,0.0200358119647325,14.342679466663006,45.0,0.0136266696741004,0.0481022025480742,0.0754966335208923,real10kg_smc_steady,real10kg_mpc_event,-1.0,-1.0,predictive_alpha,1.0,0.2065321450240071,0.2133669462423549,0.1727315210549637,0.0,transformer,16,True,2.5,1.0,0.75,real_10kg_v1,thruster,real_10kg_x,1.0,0.0127777777777777,0.0295238095238095,0.0200358119647325,0.0052814510765445,0.0081379049885078,0.0125,0.0007912991469224,0.0657833488729427,0.074147359107939,,,,,,,,,,,,,23,1,train23_eval1_scn3
predictive_alpha,step_change,3,23002,0.0,1.0,1.0,0.03,0.01,0.0409931768149781,1.0,1.0,1.0,0.0697889156927058,0.2299823114408484,0.0775381050747056,1.4655672295468236,0.0726216763926688,0.0741154720617293,27.015057498265488,1.2864313094412136,0.0201811589783395,14.31406088407654,45.0,0.0141810057506223,0.0529064103880708,0.0775381050747056,real10kg_smc_steady,real10kg_mpc_event,-1.0,-1.0,predictive_alpha,1.0,0.2065445086238363,0.2130874980807882,0.1752050599649582,0.0,transformer,16,True,2.5,1.0,0.75,real_10kg_v1,thruster,real_10kg_x,1.0,0.0127777777777777,0.0295238095238095,0.0201811589783395,0.0053206894325557,0.0081457717974815,0.0125,0.0007967435124718,0.0658022235111481,0.0741154720617293,,,,,,,,,,,,,23,2,train23_eval2_scn3
predictive_alpha,step_change,3,23003,0.0,1.0,1.0,0.03,0.01,0.0410049115140338,1.0,1.0,1.0,0.0685469853476841,0.2027343699221217,0.0746457829328861,1.4394866923013672,0.07265123429233,0.0741396701273511,26.983184745643047,1.2849135593163357,0.020224247217261,14.281794123427575,45.0,0.0147933182683534,0.052583774771952,0.0746457829328861,real10kg_smc_steady,real10kg_mpc_event,-1.0,-1.0,predictive_alpha,1.0,0.206759969109337,0.2137651906728433,0.1734809636256735,0.0,transformer,16,True,2.5,1.0,0.75,real_10kg_v1,thruster,real_10kg_x,1.0,0.0126984126984126,0.0295238095238095,0.020224247217261,0.0053542063863667,0.0081210103552526,0.0125,0.0007900123590616,0.0659007699622407,0.0741396701273511,,,,,,,,,,,,,23,3,train23_eval3_scn3
predictive_alpha,step_change,3,23004,0.0,1.0,1.0,0.03,0.01,0.0409290648562235,1.0,1.0,1.0,0.0692960356643751,0.2298670432394063,0.0771441055444833,1.4552167489518788,0.0725947389987775,0.0740935476923451,27.00395496658486,1.285902617456422,0.0199326084715131,14.375946021104564,45.0,0.0136947783782732,0.0457989480132294,0.0771441055444833,real10kg_smc_steady,real10kg_mpc_event,-1.0,-1.0,predictive_alpha,1.0,0.2066301387770556,0.2127585774577145,0.1736785669400567,0.0,transformer,16,True,2.5,1.0,0.75,real_10kg_v1,thruster,real_10kg_x,1.0,0.0127777777777777,0.0295238095238095,0.0199326084715131,0.0052849548589031,0.0081666821681594,0.0125,0.0008269217694938,0.065630182305794,0.0740935476923451,,,,,,,,,,,,,23,4,train23_eval4_scn3
predictive_alpha,step_change,3,23005,0.0,1.0,1.0,0.03,0.01,0.0408532981094833,1.0,1.0,1.0,0.0702435916753948,0.242452781838969,0.0788362185100503,1.475115425183292,0.0725898944762933,0.0740961459349726,27.03983271847843,1.287611081832306,0.0200188081518575,14.35279082277559,45.0,0.0138363577802615,0.0496004981623083,0.0788362185100503,real10kg_smc_steady,real10kg_mpc_event,-1.0,-1.0,predictive_alpha,1.0,0.2067454089449874,0.2130307987452322,0.1739793382338913,0.0,transformer,16,True,2.5,1.0,0.75,real_10kg_v1,thruster,real_10kg_x,1.0,0.0127777777777777,0.0295238095238095,0.0200188081518575,0.0052575780631769,0.0081591120103083,0.0125,0.0007974851091342,0.0657205899394254,0.0740961459349726,,,,,,,,,,,,,23,5,train23_eval5_scn3
predictive_alpha,step_change,3,23006,0.0,1.0,1.0,0.03,0.01,0.0410416612354693,1.0,1.0,1.0,0.0682789818334184,0.2091644484599584,0.0747586069731192,1.433858618501787,0.0726304097332395,0.074116048120404,26.92328948326305,1.2820614039649072,0.0200442610359616,14.370986382348828,45.0,0.0139389027537088,0.0502864147895174,0.0747586069731192,real10kg_smc_steady,real10kg_mpc_event,-1.0,-1.0,predictive_alpha,1.0,0.2062248607592913,0.2123719332762412,0.1738298779745985,0.0,transformer,16,True,2.5,1.0,0.75,real_10kg_v1,thruster,real_10kg_x,1.0,0.0127777777777777,0.0295238095238095,0.0200442610359616,0.0052900974048273,0.0081514577260849,0.0125,0.0007956460215002,0.0656681520090008,0.074116048120404,,,,,,,,,,,,,23,6,train23_eval6_scn3
predictive_alpha,step_change,3,23007,0.0,1.0,1.0,0.03,0.01,0.0407592787550153,1.0,1.0,1.0,0.0699163592375278,0.2412519145566803,0.0785741267867847,1.4682435439880843,0.0725333779423966,0.0740373454303219,27.01663892993852,1.286506615711358,0.019835790271944,14.380233124490363,45.0,0.0139789307040305,0.0438177750039786,0.0785741267867847,real10kg_smc_steady,real10kg_mpc_event,-1.0,-1.0,predictive_alpha,1.0,0.2064705389367857,0.2123807783921534,0.1734778907260901,0.0,transformer,16,True,2.5,1.0,0.75,real_10kg_v1,thruster,real_10kg_x,1.0,0.0127777777777777,0.0295238095238095,0.019835790271944,0.005262018549941,0.0081789507098965,0.0125,0.0008129150973303,0.0655620438943236,0.0740373454303219,,,,,,,,,,,,,23,7,train23_eval7_scn3
predictive_alpha,step_change,3,23008,0.0,1.0,1.0,0.03,0.01,0.0409979609012845,1.0,1.0,1.0,0.0696094800997598,0.2250713052914439,0.0770244159741209,1.4617990820949576,0.0726503136677396,0.0741463693035883,27.012617236937285,1.2863151065208231,0.0202110097855663,14.312308949497083,45.0,0.0143438340664875,0.05337902494419,0.0770244159741209,real10kg_smc_steady,real10kg_mpc_event,-1.0,-1.0,predictive_alpha,1.0,0.2069185204739735,0.2135325991069258,0.1748487759506817,0.0,transformer,16,True,2.5,1.0,0.75,real_10kg_v1,thruster,real_10kg_x,1.0,0.0127777777777777,0.0295238095238095,0.0202110097855663,0.0053307331292231,0.0081409654341698,0.0125,0.0008017279405239,0.0658103927534832,0.0741463693035883,,,,,,,,,,,,,23,8,train23_eval8_scn3
predictive_alpha,step_change,3,23009,0.0,1.0,1.0,0.03,0.01,0.0409882101826565,1.0,1.0,1.0,0.0689259400862226,0.2133641392740407,0.0756439259950596,1.447444741810676,0.0726567242773946,0.0741447970242001,26.949548005452588,1.2833118097834566,0.0201914226694874,14.301741566121905,45.0,0.0147126236552687,0.0532853578094287,0.0756439259950596,real10kg_smc_steady,real10kg_mpc_event,-1.0,-1.0,predictive_alpha,1.0,0.2065435967779804,0.2128266697505034,0.173935419032655,0.0,transformer,16,True,2.5,1.0,0.75,real_10kg_v1,thruster,real_10kg_x,1.0,0.0126984126984126,0.0295238095238095,0.0201914226694874,0.0053367320771015,0.0081326007878105,0.0125,0.0007876452249073,0.0657895671779556,0.0741447970242001,,,,,,,,,,,,,23,9,train23_eval9_scn3
predictive_alpha,constant,1,24000,0.0,1.0,1.0,0.03,0.01,0.0438364747572133,1.0,1.0,1.0,0.0892408925742636,0.2186873579194471,0.0979256688524372,1.874058744059536,0.0791041422223405,0.0809149072173141,30.484864014536328,1.4516601911683966,0.0190650868925402,14.04801096643751,45.0,0.014400420213623,0.0544932718133105,0.0979256688524372,real10kg_smc_steady,real10kg_mpc_event,-1.0,-1.0,predictive_alpha,1.0,0.2587763330929103,0.2948536205888264,0.2261430576698122,0.0,transformer,16,True,2.5,1.0,0.75,real_10kg_v1,thruster,real_10kg_x,1.0,0.0463492063492063,0.1314285714285714,0.0190650868925402,0.0026416268214699,0.0081296563232207,0.0125,0.000715007621896,0.0934957958033623,0.0809149072173141,,,,,,,,,,,,,24,0,train24_eval0_scn1
predictive_alpha,constant,1,24001,0.0,1.0,1.0,0.03,0.01,0.0437887223928023,1.0,1.0,1.0,0.0898351187205037,0.2285067462941613,0.0989277939671933,1.8865374931305787,0.0791026083861753,0.0809139370163,30.51755561885908,1.4532169342313848,0.0187376187434624,13.944028125436562,45.0,0.0136763375420868,0.0503802069179072,0.0989277939671933,real10kg_smc_steady,real10kg_mpc_event,-1.0,-1.0,predictive_alpha,1.0,0.2574920452925853,0.2950795493261029,0.2254187872772759,0.0,transformer,16,True,2.5,1.0,0.75,real_10kg_v1,thruster,real_10kg_x,1.0,0.0462698412698412,0.1314285714285714,0.0187376187434624,0.0025726792231397,0.0080909360663448,0.0125,0.0006873636665435,0.0938041457656437,0.0809139370163,,,,,,,,,,,,,24,1,train24_eval1_scn1
predictive_alpha,constant,1,24002,0.0,1.0,1.0,0.03,0.01,0.0437839626667708,1.0,1.0,1.0,0.0888668442434666,0.2121814761443434,0.0972868433455881,1.8662037291128,0.0790984007178226,0.08091148067095,30.4989424959542,1.452330595045438,0.0187035863561603,13.950163818728551,45.0,0.0135634163474942,0.0489147721972297,0.0972868433455881,real10kg_smc_steady,real10kg_mpc_event,-1.0,-1.0,predictive_alpha,1.0,0.2569447723068648,0.2950932159788969,0.2242987837847821,0.0,transformer,16,True,2.5,1.0,0.75,real_10kg_v1,thruster,real_10kg_x,1.0,0.0463492063492063,0.1314285714285714,0.0187035863561603,0.0025741914486985,0.008063959156894,0.0125,0.0007104017083739,0.093879182429055,0.08091148067095,,,,,,,,,,,,,24,2,train24_eval2_scn1
predictive_alpha,constant,1,24003,0.0,1.0,1.0,0.03,0.01,0.0438184791258727,1.0,1.0,1.0,0.0892163738956904,0.2197127393152508,0.0979553084137374,1.8735438518094985,0.0791050233506742,0.0809155591104215,30.44429895134578,1.449728521492656,0.018985428581391,14.08892712087924,45.0,0.0143234033409712,0.0541891333324282,0.0979553084137374,real10kg_smc_steady,real10kg_mpc_event,-1.0,-1.0,predictive_alpha,1.0,0.2586876808830847,0.2947293635321115,0.2257086700379815,0.0,transformer,16,True,2.5,1.0,0.75,real_10kg_v1,thruster,real_10kg_x,1.0,0.0463492063492063,0.1314285714285714,0.018985428581391,0.0026211246547436,0.0081451114033017,0.0125,0.0006834841093567,0.0934549276851887,0.0809155591104215,,,,,,,,,,,,,24,3,train24_eval3_scn1
predictive_alpha,constant,1,24004,0.0,1.0,1.0,0.03,0.01,0.0437835092302204,1.0,1.0,1.0,0.0892833772453161,0.2201895316240186,0.0981100660679133,1.874950922151638,0.0790987630100665,0.0809118665121477,30.48269252306548,1.4515567868126418,0.0186371427402791,13.9602702779261,45.0,0.0136031166816478,0.0489109927911434,0.0981100660679133,real10kg_smc_steady,real10kg_mpc_event,-1.0,-1.0,predictive_alpha,1.0,0.2570938039050668,0.2951402231372001,0.2243591817704838,0.0,transformer,16,True,2.5,1.0,0.75,real_10kg_v1,thruster,real_10kg_x,1.0,0.0463492063492063,0.1314285714285714,0.0186371427402791,0.0025683548362883,0.0080706311377209,0.0125,0.000705437140599,0.0938589560763571,0.0809118665121477,,,,,,,,,,,,,24,4,train24_eval4_scn1
predictive_alpha,constant,1,24005,0.0,1.0,1.0,0.03,0.01,0.0438019262422896,1.0,1.0,1.0,0.0888753163464673,0.2124771022947975,0.0973074703098801,1.866381643275815,0.0791109599807859,0.0809214212996158,30.401187758977205,1.447675607570343,0.0189961501445147,14.14444500163531,45.0,0.0149469402834521,0.0548497050247738,0.0973074703098801,real10kg_smc_steady,real10kg_mpc_event,-1.0,-1.0,predictive_alpha,1.0,0.2589186467199244,0.294759465550599,0.2259301256122333,0.0,transformer,16,True,2.5,1.0,0.75,real_10kg_v1,thruster,real_10kg_x,1.0,0.0463492063492063,0.1314285714285714,0.0189961501445147,0.0026186273536039,0.0081343855324901,0.0125,0.0007017800844322,0.0934529130127796,0.0809214212996158,,,,,,,,,,,,,24,5,train24_eval5_scn1
predictive_alpha,constant,1,24006,0.0,1.0,1.0,0.03,0.01,0.0438513195097568,1.0,1.0,1.0,0.0927061121955562,0.2794029930124417,0.1040741210272867,1.946828356106681,0.0791104438825614,0.080919717542375,30.641476827041757,1.4591179441448454,0.0191609729674709,14.02986979345128,45.0,0.0141192919953247,0.0558535212153143,0.1040741210272867,real10kg_smc_steady,real10kg_mpc_event,-1.0,-1.0,predictive_alpha,1.0,0.260418707238726,0.2952542139181753,0.228752302044997,0.0,transformer,16,True,2.5,1.0,0.75,real_10kg_v1,thruster,real_10kg_x,1.0,0.0469841269841269,0.1352380952380952,0.0191609729674709,0.0026364888791714,0.0081802075986561,0.0125,0.0006984281394221,0.0934734465976668,0.080919717542375,,,,,,,,,,,,,24,6,train24_eval6_scn1
predictive_alpha,constant,1,24007,0.0,1.0,1.0,0.03,0.01,0.0438142551156454,1.0,1.0,1.0,0.0898371790942269,0.2296619993824646,0.0989355793626939,1.8865807609787668,0.0791083926851575,0.0809193819923072,30.503157902253093,1.4525313286787187,0.0188226027192151,13.95535736498334,45.0,0.013734144842537,0.0517297603616372,0.0989355793626939,real10kg_smc_steady,real10kg_mpc_event,-1.0,-1.0,predictive_alpha,1.0,0.2579028851681466,0.2949655537547903,0.2256054913898142,0.0,transformer,16,True,2.5,1.0,0.75,real_10kg_v1,thruster,real_10kg_x,1.0,0.0463492063492063,0.1314285714285714,0.0188226027192151,0.0025794258152208,0.008111603733246,0.0125,0.0006851682377203,0.0936420660487577,0.0809193819923072,,,,,,,,,,,,,24,7,train24_eval7_scn1
predictive_alpha,constant,1,24008,0.0,1.0,1.0,0.03,0.01,0.043811164202788,1.0,1.0,1.0,0.0883229586096574,0.211817097341651,0.0961863150172123,1.8547821308028063,0.0791058322550755,0.0809168645294911,30.482038554921317,1.4515256454724434,0.0192007660689714,14.026193728603248,45.0,0.0155432553982585,0.0560583396469447,0.0961863150172123,real10kg_smc_steady,real10kg_mpc_event,-1.0,-1.0,predictive_alpha,1.0,0.2589454322960842,0.2952064215679015,0.2261946476026926,0.0,transformer,16,True,2.5,1.0,0.75,real_10kg_v1,thruster,real_10kg_x,1.0,0.0463492063492063,0.1314285714285714,0.0192007660689714,0.0026396765002397,0.0081201956893036,0.0125,0.0006974282351663,0.0935484289171791,0.0809168645294911,,,,,,,,,,,,,24,8,train24_eval8_scn1
predictive_alpha,constant,1,24009,0.0,1.0,1.0,0.03,0.01,0.0437595972266013,1.0,1.0,1.0,0.0880860316977726,0.2122958977949567,0.0959438798128112,1.8498066656532248,0.0791005703110172,0.0809145408082957,30.488540926524976,1.451835282215475,0.0186801091819422,13.957738440323013,45.0,0.0134922961591565,0.0482707703186172,0.0959438798128112,real10kg_smc_steady,real10kg_mpc_event,-1.0,-1.0,predictive_alpha,1.0,0.2571311573605834,0.2954652884722039,0.2229881277875808,0.0,transformer,16,True,2.5,1.0,0.75,real_10kg_v1,thruster,real_10kg_x,1.0,0.0463492063492063,0.1314285714285714,0.0186801091819422,0.0025704551129772,0.0080621160014446,0.0125,0.0006791652445407,0.0939376990237545,0.0809145408082957,,,,,,,,,,,,,24,9,train24_eval9_scn1
predictive_alpha,sinusoidal,2,24000,0.0,1.0,1.0,0.03,0.01,0.3603251370792136,1.0,1.0,1.0,0.0823822042061292,0.3603251370792136,0.0930392778681759,1.7300262883287143,0.1051297749509642,0.1218378358977981,39.16474206639611,1.8649877174474336,0.018352117980633,12.909003498172108,45.0,0.0146205217201205,0.0577278784732488,0.0930392778681759,real10kg_smc_steady,real10kg_mpc_event,-1.0,-1.0,predictive_alpha,1.0,0.2404700871424912,0.2740424697090935,0.2194813418959079,0.0,transformer,16,True,2.5,1.0,0.75,real_10kg_v1,thruster,real_10kg_x,1.0,0.078015873015873,0.219047619047619,0.018352117980633,0.0023961442946384,0.0077101320969603,0.0125,0.0006700834541076,0.0873859962226089,0.1218378358977981,,,,,,,,,,,,,24,0,train24_eval0_scn2
predictive_alpha,sinusoidal,2,24001,0.0,1.0,1.0,0.03,0.01,0.3606170603197843,1.0,1.0,1.0,0.0840055896936006,0.3606170603197843,0.095216078474613,1.7641173835656143,0.1051052297834767,0.1218838495590251,39.207868223268086,1.867041343965147,0.0183591005806638,12.822558512690415,45.0,0.0136676751344517,0.0519222926248978,0.095216078474613,real10kg_smc_steady,real10kg_mpc_event,-1.0,-1.0,predictive_alpha,1.0,0.2404912805560282,0.2721451768134946,0.2219591542091664,0.0,transformer,16,True,2.5,1.0,0.75,real_10kg_v1,thruster,real_10kg_x,1.0,0.0797619047619047,0.229047619047619,0.0183591005806638,0.002438982613984,0.0077944575875911,0.0125,0.0007003014878547,0.087793114419562,0.1218838495590251,,,,,,,,,,,,,24,1,train24_eval1_scn2
predictive_alpha,sinusoidal,2,24002,0.0,1.0,1.0,0.03,0.01,0.3604041411130886,1.0,1.0,1.0,0.0833815267738374,0.3604041411130886,0.0940668896908192,1.751012062250587,0.105109611721406,0.1218439327783973,39.18221826807636,1.8658199175274457,0.0183838816585693,12.82584322625214,45.0,0.0135233242123935,0.0506164333268363,0.0940668896908192,real10kg_smc_steady,real10kg_mpc_event,-1.0,-1.0,predictive_alpha,1.0,0.2407854404069323,0.2722328640060931,0.2225897744538573,0.0,transformer,16,True,2.5,1.0,0.75,real_10kg_v1,thruster,real_10kg_x,1.0,0.0796825396825396,0.2285714285714285,0.0183838816585693,0.0024520420336151,0.0078264112967766,0.0125,0.0006755848811599,0.0877643407376518,0.1218439327783973,,,,,,,,,,,,,24,2,train24_eval2_scn2
predictive_alpha,sinusoidal,2,24003,0.0,1.0,1.0,0.03,0.01,0.3606265956726359,1.0,1.0,1.0,0.0821306245789878,0.3606265956726359,0.0927272471107456,1.7247431161587456,0.1051040409022231,0.1218731685544924,39.158834655164746,1.864706412150702,0.0182642689828357,12.97043380746852,45.0,0.0144804385562412,0.0569175958841701,0.0927272471107456,real10kg_smc_steady,real10kg_mpc_event,-1.0,-1.0,predictive_alpha,1.0,0.2387534742281019,0.272641582970472,0.2187408501232164,0.0,transformer,16,True,2.5,1.0,0.75,real_10kg_v1,thruster,real_10kg_x,1.0,0.0783333333333333,0.2209523809523809,0.0182642689828357,0.0024161340637321,0.0076894847682027,0.0125,0.0006835651952917,0.0873920817670274,0.1218731685544924,,,,,,,,,,,,,24,3,train24_eval3_scn2
predictive_alpha,sinusoidal,2,24004,0.0,1.0,1.0,0.03,0.01,0.3606490511390132,1.0,1.0,1.0,0.0832355681388469,0.3606490511390132,0.0941580247731315,1.7479469309157851,0.105103191142327,0.1218884620229422,39.2080898452674,1.867051897393686,0.0184232875259008,12.892628968129545,45.0,0.0135607882014574,0.0502877035419831,0.0941580247731315,real10kg_smc_steady,real10kg_mpc_event,-1.0,-1.0,predictive_alpha,1.0,0.2403245976545568,0.2713214953673784,0.2218575656761892,0.0,transformer,16,True,2.5,1.0,0.75,real_10kg_v1,thruster,real_10kg_x,1.0,0.0798412698412698,0.2285714285714285,0.0184232875259008,0.0024673680563609,0.0078693526754873,0.0125,0.0007008776866038,0.0875767961987023,0.1218884620229422,,,,,,,,,,,,,24,4,train24_eval4_scn2
predictive_alpha,sinusoidal,2,24005,0.0,1.0,1.0,0.03,0.01,0.3603189866523815,1.0,1.0,1.0,0.081495317226879,0.3603189866523815,0.0916685672311949,1.7114016617644603,0.105129466555319,0.1218359461551675,39.127246980016096,1.863202237143624,0.0183172530942834,12.996605672061142,45.0,0.0150922063526854,0.0570664684878229,0.0916685672311949,real10kg_smc_steady,real10kg_mpc_event,-1.0,-1.0,predictive_alpha,1.0,0.2390803079974922,0.273229828814224,0.2186884286832286,0.0,transformer,16,True,2.5,1.0,0.75,real_10kg_v1,thruster,real_10kg_x,1.0,0.078015873015873,0.219047619047619,0.0183172530942834,0.0023723919511104,0.0077100737769848,0.0125,0.0006646645232033,0.0872242536622263,0.1218359461551675,,,,,,,,,,,,,24,5,train24_eval5_scn2
predictive_alpha,sinusoidal,2,24006,0.0,1.0,1.0,0.03,0.01,0.3608938552401021,1.0,1.0,1.0,0.0868044604664461,0.3608938552401021,0.1003634436196873,1.8228936697953697,0.1051439311687313,0.1219668817106043,39.33665419367069,1.8731740092224136,0.0185886907923357,12.82720285617978,45.0,0.0141356074471841,0.0576820247750157,0.1003634436196873,real10kg_smc_steady,real10kg_mpc_event,-1.0,-1.0,predictive_alpha,1.0,0.2422641997080181,0.2725299634186306,0.2238117459283066,0.0,transformer,16,True,2.5,1.0,0.75,real_10kg_v1,thruster,real_10kg_x,1.0,0.0795238095238095,0.229047619047619,0.0185886907923357,0.002453676336011,0.0077921204454886,0.0125,0.0007000894924484,0.0878725314544809,0.1219668817106043,,,,,,,,,,,,,24,6,train24_eval6_scn2
predictive_alpha,sinusoidal,2,24007,0.0,1.0,1.0,0.03,0.01,0.3603683233486135,1.0,1.0,1.0,0.0837388316588106,0.3603683233486135,0.0948148014171922,1.7585154648350232,0.1051187354420309,0.1218421743685807,39.18543757035235,1.865973217635826,0.0181936483518613,12.785845528240191,45.0,0.013846229541321,0.0542702546453883,0.0948148014171922,real10kg_smc_steady,real10kg_mpc_event,-1.0,-1.0,predictive_alpha,1.0,0.2395513559661525,0.2734080817025366,0.2202269246462466,0.0,transformer,16,True,2.5,1.0,0.75,real_10kg_v1,thruster,real_10kg_x,1.0,0.0796031746031746,0.229047619047619,0.0181936483518613,0.0024241325245419,0.0076860052323342,0.0125,0.0006791214556118,0.0878303556432606,0.1218421743685807,,,,,,,,,,,,,24,7,train24_eval7_scn2
predictive_alpha,sinusoidal,2,24008,0.0,1.0,1.0,0.03,0.01,0.3602270133560126,1.0,1.0,1.0,0.0811301703989271,0.3602270133560126,0.0910343895702778,1.7037335783774694,0.1050970034464317,0.1217895182812603,39.14097828777529,1.8638561089416803,0.0185424194302422,13.09766957092607,45.0,0.0156407568276258,0.0560102382702881,0.0910343895702778,real10kg_smc_steady,real10kg_mpc_event,-1.0,-1.0,predictive_alpha,1.0,0.2417862382688377,0.2747574838018514,0.2199287129594345,0.0,transformer,16,True,2.5,1.0,0.75,real_10kg_v1,thruster,real_10kg_x,1.0,0.078095238095238,0.22,0.0185424194302422,0.0024343335571911,0.0077169465696965,0.0125,0.0006795812914323,0.0872395868197282,0.1217895182812603,,,,,,,,,,,,,24,8,train24_eval8_scn2
predictive_alpha,sinusoidal,2,24009,0.0,1.0,1.0,0.03,0.01,0.3606924352866585,1.0,1.0,1.0,0.0829636651642723,0.3606924352866585,0.0932031687555638,1.74223696844972,0.1051011545534424,0.121889520157424,39.15147878661639,1.8643561326960183,0.0182628215147607,12.806889888012286,45.0,0.0134913104421395,0.0502801535480722,0.0932031687555638,real10kg_smc_steady,real10kg_mpc_event,-1.0,-1.0,predictive_alpha,1.0,0.2394963416773479,0.2718066344901442,0.221455284804965,0.0,transformer,16,True,2.5,1.0,0.75,real_10kg_v1,thruster,real_10kg_x,1.0,0.0797619047619047,0.2295238095238095,0.0182628215147607,0.0024273279070918,0.0077787590029263,0.0125,0.0006724495974398,0.0878684829410183,0.121889520157424,,,,,,,,,,,,,24,9,train24_eval9_scn2
predictive_alpha,step_change,3,24000,0.0,1.0,1.0,0.03,0.01,0.0394563826935891,1.0,1.0,1.0,0.0711332154285132,0.2186873579194471,0.0778410185472694,1.4937975239987782,0.0743347812876191,0.0761903715821604,26.99527037352595,1.2854890654059976,0.0204572573824739,13.511630041562134,45.0,0.0147232559542861,0.0544932718133105,0.0778410185472694,real10kg_smc_steady,real10kg_mpc_event,-1.0,-1.0,predictive_alpha,1.0,0.1969574193211179,0.2097691194854417,0.1642579468655943,0.0,transformer,16,True,2.5,1.0,0.75,real_10kg_v1,thruster,real_10kg_x,1.0,0.0126190476190476,0.0304761904761904,0.0204572573824739,0.0054124917569436,0.0084725142191125,0.0125,0.0008541266331072,0.0679917836155936,0.0761903715821604,,,,,,,,,,,,,24,0,train24_eval0_scn3
predictive_alpha,step_change,3,24001,0.0,1.0,1.0,0.03,0.01,0.0388031734337022,1.0,1.0,1.0,0.0716303957633607,0.2285067462941613,0.0789936735239061,1.5042383110305753,0.0741058502675091,0.0759949464479672,27.02845401410358,1.2870692387668372,0.0201055145167569,13.422870000301629,45.0,0.0140079693731119,0.0503802069179072,0.0789936735239061,real10kg_smc_steady,real10kg_mpc_event,-1.0,-1.0,predictive_alpha,1.0,0.1964472980925831,0.2101274649271976,0.1635552510688735,0.0,transformer,16,True,2.5,1.0,0.75,real_10kg_v1,thruster,real_10kg_x,1.0,0.0126190476190476,0.0304761904761904,0.0201055145167569,0.005326728425921,0.0083928402085856,0.0125,0.0008412437867444,0.0682743861684049,0.0759949464479672,,,,,,,,,,,,,24,1,train24_eval1_scn3
predictive_alpha,step_change,3,24002,0.0,1.0,1.0,0.03,0.01,0.0385936665684983,1.0,1.0,1.0,0.0706098162249811,0.2092325399269688,0.0768567013175601,1.482806140724604,0.0740065755768688,0.0758994373377804,27.010821229492635,1.2862295823567922,0.0200642003982798,13.434803449382466,45.0,0.013905156625398,0.0489147721972297,0.0768567013175601,real10kg_smc_steady,real10kg_mpc_event,-1.0,-1.0,predictive_alpha,1.0,0.1960438526774075,0.2097662176315918,0.1627581661054864,0.0,transformer,16,True,2.5,1.0,0.75,real_10kg_v1,thruster,real_10kg_x,1.0,0.0126984126984126,0.0304761904761904,0.0200642003982798,0.0053244401192303,0.008356715936299,0.0125,0.0008369702274901,0.0682829455356659,0.0758994373377804,,,,,,,,,,,,,24,2,train24_eval2_scn3
predictive_alpha,step_change,3,24003,0.0,1.0,1.0,0.03,0.01,0.0394201214796965,1.0,1.0,1.0,0.0710679609515508,0.2197127393152508,0.0778153299947143,1.4924271799825677,0.074297989510597,0.0761577948648172,26.95429836166112,1.283538017221958,0.0203735298811192,13.557573696516592,45.0,0.0146417288257619,0.0541891333324282,0.0778153299947143,real10kg_smc_steady,real10kg_mpc_event,-1.0,-1.0,predictive_alpha,1.0,0.1970446159421366,0.2096466478113523,0.163912014329939,0.0,transformer,16,True,2.5,1.0,0.75,real_10kg_v1,thruster,real_10kg_x,1.0,0.0126190476190476,0.0304761904761904,0.0203735298811192,0.0053876314395075,0.0084811851168691,0.0125,0.0008302580013043,0.0678513362704991,0.0761577948648172,,,,,,,,,,,,,24,3,train24_eval3_scn3
predictive_alpha,step_change,3,24004,0.0,1.0,1.0,0.03,0.01,0.0385972443077752,1.0,1.0,1.0,0.0710230045941096,0.2201895316240186,0.0778895636075491,1.4914830964763033,0.0740072054031777,0.0759000365923825,26.994628463116207,1.2854584982436288,0.0199986123655155,13.445001711113854,45.0,0.0139442809412544,0.0489109927911434,0.0778895636075491,real10kg_smc_steady,real10kg_mpc_event,-1.0,-1.0,predictive_alpha,1.0,0.1961710145050187,0.2098460000188541,0.1628309517237357,0.0,transformer,16,True,2.5,1.0,0.75,real_10kg_v1,thruster,real_10kg_x,1.0,0.0126984126984126,0.0304761904761904,0.0199986123655155,0.0053185901555374,0.0083632573483221,0.0125,0.0008335599709389,0.0682463859853033,0.0759000365923825,,,,,,,,,,,,,24,4,train24_eval4_scn3
predictive_alpha,step_change,3,24005,0.0,1.0,1.0,0.03,0.01,0.0391693866004858,1.0,1.0,1.0,0.0706525121845194,0.2102887196711287,0.0768878539734943,1.4837027558749076,0.0741846984560095,0.0760517036282786,26.91238849317634,1.2815423091988734,0.0203661631889341,13.621602489515013,45.0,0.0152463249448004,0.0548497050247738,0.0768878539734943,real10kg_smc_steady,real10kg_mpc_event,-1.0,-1.0,predictive_alpha,1.0,0.1976738106866505,0.2098800089962239,0.164159503088754,0.0,transformer,16,True,2.5,1.0,0.75,real_10kg_v1,thruster,real_10kg_x,1.0,0.0126984126984126,0.0304761904761904,0.0203661631889341,0.0053798770569536,0.0084610555530589,0.0125,0.0008413938440786,0.0677023754842142,0.0760517036282786,,,,,,,,,,,,,24,5,train24_eval5_scn3
predictive_alpha,step_change,3,24006,0.0,1.0,1.0,0.03,0.01,0.0395788807507653,1.0,1.0,1.0,0.0746454586749498,0.2794029930124417,0.0855110364896158,1.5675546321739462,0.0743545745042883,0.0762091016299388,27.152038913202237,1.292954233962011,0.0205433287799918,13.486217368793763,45.0,0.0144568052677545,0.0558535212153143,0.0855110364896158,real10kg_smc_steady,real10kg_mpc_event,-1.0,-1.0,predictive_alpha,1.0,0.1983370660002645,0.2106106931431719,0.1668940798860941,0.0,transformer,16,True,2.5,1.0,0.75,real_10kg_v1,thruster,real_10kg_x,1.0,0.0132539682539682,0.0342857142857142,0.0205433287799918,0.0054129430026216,0.0085249299734452,0.0125,0.0008370426061267,0.0680547747168459,0.0762091016299388,,,,,,,,,,,,,24,6,train24_eval6_scn3
predictive_alpha,step_change,3,24007,0.0,1.0,1.0,0.03,0.01,0.0391990121245114,1.0,1.0,1.0,0.071726037269578,0.2296619993824646,0.0791394675768078,1.5062467826611383,0.0742153343045796,0.0760872071492025,27.015474458600657,1.2864511646952694,0.0201979452018238,13.420783629857311,45.0,0.0140723307746764,0.0517297603616372,0.0791394675768078,real10kg_smc_steady,real10kg_mpc_event,-1.0,-1.0,predictive_alpha,1.0,0.1961861005947618,0.2096937047401012,0.1637355630237254,0.0,transformer,16,True,2.5,1.0,0.75,real_10kg_v1,thruster,real_10kg_x,1.0,0.0126190476190476,0.0304761904761904,0.0201979452018238,0.0053437561493939,0.0084240922280169,0.0125,0.0008472919691761,0.0682356999119478,0.0760872071492025,,,,,,,,,,,,,24,7,train24_eval7_scn3
predictive_alpha,step_change,3,24008,0.0,1.0,1.0,0.03,0.01,0.0393840117753077,1.0,1.0,1.0,0.0702045873626156,0.194608896959597,0.0756441052920277,1.4742963346149285,0.0742773002870881,0.076135702533432,26.99397342244515,1.2854273058307215,0.0205786633529322,13.493590346237909,45.0,0.0158383599466652,0.0560583396469447,0.0756441052920277,real10kg_smc_steady,real10kg_mpc_event,-1.0,-1.0,predictive_alpha,1.0,0.1972400222216808,0.2103667955352755,0.1644327289578671,0.0,transformer,16,True,2.5,1.0,0.75,real_10kg_v1,thruster,real_10kg_x,1.0,0.0126190476190476,0.0304761904761904,0.0205786633529322,0.005408827920213,0.0084464922830055,0.0125,0.0008486214409233,0.0680678773959273,0.076135702533432,,,,,,,,,,,,,24,8,train24_eval8_scn3
predictive_alpha,step_change,3,24009,0.0,1.0,1.0,0.03,0.01,0.038483463767959,1.0,1.0,1.0,0.0697817602731237,0.1914581933171729,0.0750871955292085,1.4654169657355989,0.0739904362272901,0.0758887292819121,27.001858554806983,1.285802788324142,0.020041088527439,13.448524674719057,45.0,0.013839318733058,0.0482707703186172,0.0750871955292085,real10kg_smc_steady,real10kg_mpc_event,-1.0,-1.0,predictive_alpha,1.0,0.1965539358915959,0.2102203867076683,0.1616604823958949,0.0,transformer,16,True,2.5,1.0,0.75,real_10kg_v1,thruster,real_10kg_x,1.0,0.0126984126984126,0.0304761904761904,0.020041088527439,0.0053092200715903,0.0083388430522355,0.0125,0.0008179749136267,0.068283428687115,0.0758887292819121,,,,,,,,,,,,,24,9,train24_eval9_scn3
