window,window_start_s,window_end_s,n_steps,rmse_3d,xy_rmse,z_rmse,xy_share,z_share,z_energy_share,mean_error,max_error,window_action_peak_abs,window_action_saturation_fraction,window_action_saturation_step_fraction,window_action_tv_mean,window_action_jerk_mean,method,scenario,scenario_id,seed,start_time,mass_scale_xy,damping_scale_xy,initial_position_std,initial_velocity_std,final_error,success_0.5m,success_1.0m,success_2.0m,episode_mean_error,episode_max_error,rmse,iae,steady_state_error,steady_state_rmse,energy,mean_thrust,control_tv,heading_rmse_deg,heading_max_deg,episode_z_rmse,z_max_abs_error,episode_rmse_3d,primary_controller,authority_controller,authority_until,blend_duration,blend_curve,authority_active_fraction,authority_alpha_mean,authority_alpha_std,alpha_raw_mean,alpha_uncertainty_std,policy_architecture,history_len,trajectory3d,current_amplitude_scale,current_frequency_scale,vertical_current,vehicle_profile,action_mode,thruster_layout,action_peak_abs,action_saturation_fraction,action_saturation_step_fraction,action_tv_mean,action_jerk_mean,alpha_delta_mean,alpha_delta_max,alpha_jerk_mean,post_startup_rmse,tail_rmse,disturbance_window_rmse,disturbance_recovery_time_s,train_seed,eval_episode,episode_uid
startup_0_3s,0.0,3.0,300,0.123001453308077,0.1206647767055409,0.0238614580128919,0.9810028537086994,0.1939933014704067,0.0376334010153881,0.1065634519939747,0.2242136630178887,0.9257983307259254,0.0,0.0,0.0334733864502536,0.0044986473422558,predictive_alpha,constant,1,20000,0.0,1.0,1.0,0.03,0.01,0.0451682461078794,1.0,1.0,1.0,0.0902507141742268,0.2313652674301271,0.1008958778011518,1.8952649976587643,0.0778707660646744,0.0795863097102035,30.625707426941894,1.4583670203305663,0.0189282781425767,14.728532222322585,45.0,0.0138439536785456,0.0490261619751614,0.1008958778011518,real10kg_smc_steady,real10kg_mpc_event,-1.0,-1.0,predictive_alpha,1.0,0.2534144150222329,0.2866347068337084,0.2249889086093199,0.0,transformer,16,True,2.5,1.0,0.75,real_10kg_v1,thruster,real_10kg_x,1.0,0.0465079365079365,0.1328571428571428,0.0189282781425767,0.0026697128616254,0.0084006373252872,0.0125,0.0006791546589013,0.0967216707749231,0.0795863097102035,,,20,0,train20_eval0_scn1
pre_step_3_10s,3.0,10.0,700,0.0673005105419836,0.0669279419497229,0.0070717257855613,0.994464104517776,0.105076851997279,0.011041144825658,0.0663048351872662,0.0908502627177394,1.0,0.0361904761904761,0.0871428571428571,0.0160535481584841,0.0024251574668654,predictive_alpha,constant,1,20000,0.0,1.0,1.0,0.03,0.01,0.0451682461078794,1.0,1.0,1.0,0.0902507141742268,0.2313652674301271,0.1008958778011518,1.8952649976587643,0.0778707660646744,0.0795863097102035,30.625707426941894,1.4583670203305663,0.0189282781425767,14.728532222322585,45.0,0.0138439536785456,0.0490261619751614,0.1008958778011518,real10kg_smc_steady,real10kg_mpc_event,-1.0,-1.0,predictive_alpha,1.0,0.2534144150222329,0.2866347068337084,0.2249889086093199,0.0,transformer,16,True,2.5,1.0,0.75,real_10kg_v1,thruster,real_10kg_x,1.0,0.0465079365079365,0.1328571428571428,0.0189282781425767,0.0026697128616254,0.0084006373252872,0.0125,0.0006791546589013,0.0967216707749231,0.0795863097102035,,,20,0,train20_eval0_scn1
step_recovery_10_13s,10.0,13.0,300,0.1678215294165204,0.1672946311485288,0.0132880444226269,0.9968603654738252,0.0791796169944741,0.0062694117473916,0.1586410825894247,0.2313652674301271,1.0,0.2411111111111111,0.7266666666666667,0.0113871291343866,0.0009474127300924,predictive_alpha,constant,1,20000,0.0,1.0,1.0,0.03,0.01,0.0451682461078794,1.0,1.0,1.0,0.0902507141742268,0.2313652674301271,0.1008958778011518,1.8952649976587643,0.0778707660646744,0.0795863097102035,30.625707426941894,1.4583670203305663,0.0189282781425767,14.728532222322585,45.0,0.0138439536785456,0.0490261619751614,0.1008958778011518,real10kg_smc_steady,real10kg_mpc_event,-1.0,-1.0,predictive_alpha,1.0,0.2534144150222329,0.2866347068337084,0.2249889086093199,0.0,transformer,16,True,2.5,1.0,0.75,real_10kg_v1,thruster,real_10kg_x,1.0,0.0465079365079365,0.1328571428571428,0.0189282781425767,0.0026697128616254,0.0084006373252872,0.0125,0.0006791546589013,0.0967216707749231,0.0795863097102035,,,20,0,train20_eval0_scn1
post_step_13_20p9s,13.0,20.9,790,0.0811155654929125,0.0799976106515819,0.0134207769995959,0.9862177519870924,0.1654525480780697,0.0273745456655259,0.0798599552117146,0.1034133869109092,0.7914898036069227,0.0,0.0,0.0190080956499728,0.0028748375752539,predictive_alpha,constant,1,20000,0.0,1.0,1.0,0.03,0.01,0.0451682461078794,1.0,1.0,1.0,0.0902507141742268,0.2313652674301271,0.1008958778011518,1.8952649976587643,0.0778707660646744,0.0795863097102035,30.625707426941894,1.4583670203305663,0.0189282781425767,14.728532222322585,45.0,0.0138439536785456,0.0490261619751614,0.1008958778011518,real10kg_smc_steady,real10kg_mpc_event,-1.0,-1.0,predictive_alpha,1.0,0.2534144150222329,0.2866347068337084,0.2249889086093199,0.0,transformer,16,True,2.5,1.0,0.75,real_10kg_v1,thruster,real_10kg_x,1.0,0.0465079365079365,0.1328571428571428,0.0189282781425767,0.0026697128616254,0.0084006373252872,0.0125,0.0006791546589013,0.0967216707749231,0.0795863097102035,,,20,0,train20_eval0_scn1
startup_0_3s,0.0,3.0,300,0.1263519977123081,0.1235256612552859,0.0265751451046925,0.977631248352262,0.210326275688982,0.0442371422451976,0.10996617700096,0.2278024075717772,0.894883449332974,0.0,0.0,0.0348252622892749,0.0047891941203092,predictive_alpha,constant,1,20001,0.0,1.0,1.0,0.03,0.01,0.0451618093334343,1.0,1.0,1.0,0.0907301439369263,0.2313499807951846,0.1014801722752573,1.9053330226754537,0.0778759853308343,0.0795939448552337,30.583498382441466,1.456357065830546,0.019118554215104,14.73643241538038,45.0,0.0145398176291079,0.0536392794737324,0.1014801722752573,real10kg_smc_steady,real10kg_mpc_event,-1.0,-1.0,predictive_alpha,1.0,0.253413251190747,0.2864017770964899,0.2247254578839887,0.0,transformer,16,True,2.5,1.0,0.75,real_10kg_v1,thruster,real_10kg_x,1.0,0.0464285714285714,0.1328571428571428,0.019118554215104,0.0026999532932368,0.0084067957509727,0.0125,0.000661145020849,0.096715002480846,0.0795939448552337,,,20,1,train20_eval1_scn1
pre_step_3_10s,3.0,10.0,700,0.0672614449328175,0.0668845192772568,0.0071107703872856,0.9943961112352382,0.1057183709685108,0.0111763739602356,0.0662736860893314,0.0906405999141651,1.0,0.0359523809523809,0.0871428571428571,0.0160288034564593,0.0024018741728598,predictive_alpha,constant,1,20001,0.0,1.0,1.0,0.03,0.01,0.0451618093334343,1.0,1.0,1.0,0.0907301439369263,0.2313499807951846,0.1014801722752573,1.9053330226754537,0.0778759853308343,0.0795939448552337,30.583498382441466,1.456357065830546,0.019118554215104,14.73643241538038,45.0,0.0145398176291079,0.0536392794737324,0.1014801722752573,real10kg_smc_steady,real10kg_mpc_event,-1.0,-1.0,predictive_alpha,1.0,0.253413251190747,0.2864017770964899,0.2247254578839887,0.0,transformer,16,True,2.5,1.0,0.75,real_10kg_v1,thruster,real_10kg_x,1.0,0.0464285714285714,0.1328571428571428,0.019118554215104,0.0026999532932368,0.0084067957509727,0.0125,0.000661145020849,0.096715002480846,0.0795939448552337,,,20,1,train20_eval1_scn1
step_recovery_10_13s,10.0,13.0,300,0.1678293407145247,0.1673021425850653,0.0132921289159601,0.996858724897477,0.079200268912275,0.0062726825957766,0.1586578162200436,0.2313499807951846,1.0,0.2411111111111111,0.7266666666666667,0.0114187557783258,0.0009482095512208,predictive_alpha,constant,1,20001,0.0,1.0,1.0,0.03,0.01,0.0451618093334343,1.0,1.0,1.0,0.0907301439369263,0.2313499807951846,0.1014801722752573,1.9053330226754537,0.0778759853308343,0.0795939448552337,30.583498382441466,1.456357065830546,0.019118554215104,14.73643241538038,45.0,0.0145398176291079,0.0536392794737324,0.1014801722752573,real10kg_smc_steady,real10kg_mpc_event,-1.0,-1.0,predictive_alpha,1.0,0.253413251190747,0.2864017770964899,0.2247254578839887,0.0,transformer,16,True,2.5,1.0,0.75,real_10kg_v1,thruster,real_10kg_x,1.0,0.0464285714285714,0.1328571428571428,0.019118554215104,0.0026999532932368,0.0084067957509727,0.0125,0.000661145020849,0.096715002480846,0.0795939448552337,,,20,1,train20_eval1_scn1
post_step_13_20p9s,13.0,20.9,790,0.0811200957922774,0.0800020520428488,0.0134216843310211,0.9862174256759808,0.1654544931183234,0.0273751892930413,0.079863587077421,0.1034453394861755,0.7914908606691773,0.0,0.0,0.0190082633522676,0.0028688807258977,predictive_alpha,constant,1,20001,0.0,1.0,1.0,0.03,0.01,0.0451618093334343,1.0,1.0,1.0,0.0907301439369263,0.2313499807951846,0.1014801722752573,1.9053330226754537,0.0778759853308343,0.0795939448552337,30.583498382441466,1.456357065830546,0.019118554215104,14.73643241538038,45.0,0.0145398176291079,0.0536392794737324,0.1014801722752573,real10kg_smc_steady,real10kg_mpc_event,-1.0,-1.0,predictive_alpha,1.0,0.253413251190747,0.2864017770964899,0.2247254578839887,0.0,transformer,16,True,2.5,1.0,0.75,real_10kg_v1,thruster,real_10kg_x,1.0,0.0464285714285714,0.1328571428571428,0.019118554215104,0.0026999532932368,0.0084067957509727,0.0125,0.000661145020849,0.096715002480846,0.0795939448552337,,,20,1,train20_eval1_scn1
startup_0_3s,0.0,3.0,300,0.1197776750566917,0.1174007390832649,0.0237435866012188,0.9801554340380896,0.1982304848543843,0.0392953251256042,0.1040049073730863,0.2179846825425893,0.9160246497494088,0.0,0.0,0.0329260489600705,0.0045532948016913,predictive_alpha,constant,1,20002,0.0,1.0,1.0,0.03,0.01,0.0451687765447384,1.0,1.0,1.0,0.0898742634768383,0.2313690145533689,0.1003323149767831,1.887359533013606,0.0778682669024245,0.0795834779988108,30.61553562065057,1.457882648602408,0.0188497811670929,14.736881302216586,45.0,0.0138106259799493,0.0477808800705944,0.1003323149767831,real10kg_smc_steady,real10kg_mpc_event,-1.0,-1.0,predictive_alpha,1.0,0.2533669421830025,0.286613701549643,0.2244077047612795,0.0,transformer,16,True,2.5,1.0,0.75,real_10kg_v1,thruster,real_10kg_x,1.0,0.0465079365079365,0.1328571428571428,0.0188497811670929,0.0026699338373649,0.0084032961203597,0.0125,0.0006761923737442,0.0967120490237354,0.0795834779988108,,,20,2,train20_eval2_scn1
pre_step_3_10s,3.0,10.0,700,0.0672678281251175,0.0668967068360084,0.0070562961366072,0.9944829304074032,0.1048985277699563,0.0110037011283042,0.0662755957948693,0.0907814827138072,1.0,0.0361904761904761,0.0871428571428571,0.0160593696255267,0.0023998397260479,predictive_alpha,constant,1,20002,0.0,1.0,1.0,0.03,0.01,0.0451687765447384,1.0,1.0,1.0,0.0898742634768383,0.2313690145533689,0.1003323149767831,1.887359533013606,0.0778682669024245,0.0795834779988108,30.61553562065057,1.457882648602408,0.0188497811670929,14.736881302216586,45.0,0.0138106259799493,0.0477808800705944,0.1003323149767831,real10kg_smc_steady,real10kg_mpc_event,-1.0,-1.0,predictive_alpha,1.0,0.2533669421830025,0.286613701549643,0.2244077047612795,0.0,transformer,16,True,2.5,1.0,0.75,real_10kg_v1,thruster,real_10kg_x,1.0,0.0465079365079365,0.1328571428571428,0.0188497811670929,0.0026699338373649,0.0084032961203597,0.0125,0.0006761923737442,0.0967120490237354,0.0795834779988108,,,20,2,train20_eval2_scn1
step_recovery_10_13s,10.0,13.0,300,0.1678219677610268,0.1672958963454418,0.0132776477268495,0.9968653006361234,0.0791174594362791,0.0062595723876512,0.1586385585601172,0.2313690145533689,1.0,0.2411111111111111,0.7266666666666667,0.0113705055288664,0.0009464380691725,predictive_alpha,constant,1,20002,0.0,1.0,1.0,0.03,0.01,0.0451687765447384,1.0,1.0,1.0,0.0898742634768383,0.2313690145533689,0.1003323149767831,1.887359533013606,0.0778682669024245,0.0795834779988108,30.61553562065057,1.457882648602408,0.0188497811670929,14.736881302216586,45.0,0.0138106259799493,0.0477808800705944,0.1003323149767831,real10kg_smc_steady,real10kg_mpc_event,-1.0,-1.0,predictive_alpha,1.0,0.2533669421830025,0.286613701549643,0.2244077047612795,0.0,transformer,16,True,2.5,1.0,0.75,real_10kg_v1,thruster,real_10kg_x,1.0,0.0465079365079365,0.1328571428571428,0.0188497811670929,0.0026699338373649,0.0084032961203597,0.0125,0.0006761923737442,0.0967120490237354,0.0795834779988108,,,20,2,train20_eval2_scn1
post_step_13_20p9s,13.0,20.9,790,0.0811131017300915,0.0799952424572402,0.0134200021044534,0.9862185115720136,0.1654480203347327,0.0273730474326821,0.0798577277668021,0.103406594908031,0.791480652691624,0.0,0.0,0.0190087462261567,0.0028745572822105,predictive_alpha,constant,1,20002,0.0,1.0,1.0,0.03,0.01,0.0451687765447384,1.0,1.0,1.0,0.0898742634768383,0.2313690145533689,0.1003323149767831,1.887359533013606,0.0778682669024245,0.0795834779988108,30.61553562065057,1.457882648602408,0.0188497811670929,14.736881302216586,45.0,0.0138106259799493,0.0477808800705944,0.1003323149767831,real10kg_smc_steady,real10kg_mpc_event,-1.0,-1.0,predictive_alpha,1.0,0.2533669421830025,0.286613701549643,0.2244077047612795,0.0,transformer,16,True,2.5,1.0,0.75,real_10kg_v1,thruster,real_10kg_x,1.0,0.0465079365079365,0.1328571428571428,0.0188497811670929,0.0026699338373649,0.0084032961203597,0.0125,0.0006761923737442,0.0967120490237354,0.0795834779988108,,,20,2,train20_eval2_scn1
startup_0_3s,0.0,3.0,300,0.1375404594855564,0.1334095171665296,0.0334556232178,0.9699656207745871,0.2432420492336174,0.0591666945153695,0.119110020968,0.2457731346730086,0.9190935301744554,0.0,0.0,0.0378296823723712,0.0049826885900826,predictive_alpha,constant,1,20003,0.0,1.0,1.0,0.03,0.01,0.0451603672740772,1.0,1.0,1.0,0.0917824251955753,0.2457731346730086,0.1030176565778469,1.927430929107082,0.0778814514834089,0.0795972171155192,30.639614363656207,1.4590292554122002,0.0195557829967405,14.652100171031757,45.0,0.0164537939322001,0.065126190188,0.1030176565778469,real10kg_smc_steady,real10kg_mpc_event,-1.0,-1.0,predictive_alpha,1.0,0.2538628562341993,0.2871976170400865,0.2255931789542748,0.0,transformer,16,True,2.5,1.0,0.75,real_10kg_v1,thruster,real_10kg_x,1.0,0.0465873015873015,0.1323809523809523,0.0195557829967405,0.0027211497423165,0.0084110181275121,0.0125,0.0006814847912437,0.096065155816283,0.0795972171155192,,,20,3,train20_eval3_scn1
pre_step_3_10s,3.0,10.0,700,0.0675689985511831,0.0671886758098991,0.007159008878474,0.99437134263584,0.1059510875102156,0.0112256329445973,0.0665911546719835,0.0909008435116349,1.0,0.0369047619047619,0.0885714285714285,0.0160066555196887,0.0023709386324116,predictive_alpha,constant,1,20003,0.0,1.0,1.0,0.03,0.01,0.0451603672740772,1.0,1.0,1.0,0.0917824251955753,0.2457731346730086,0.1030176565778469,1.927430929107082,0.0778814514834089,0.0795972171155192,30.639614363656207,1.4590292554122002,0.0195557829967405,14.652100171031757,45.0,0.0164537939322001,0.065126190188,0.1030176565778469,real10kg_smc_steady,real10kg_mpc_event,-1.0,-1.0,predictive_alpha,1.0,0.2538628562341993,0.2871976170400865,0.2255931789542748,0.0,transformer,16,True,2.5,1.0,0.75,real_10kg_v1,thruster,real_10kg_x,1.0,0.0465873015873015,0.1323809523809523,0.0195557829967405,0.0027211497423165,0.0084110181275121,0.0125,0.0006814847912437,0.096065155816283,0.0795972171155192,,,20,3,train20_eval3_scn1
step_recovery_10_13s,10.0,13.0,300,0.1653737729970855,0.1648369071327634,0.0133146101030521,0.996753621480647,0.0805122230795737,0.006482218065215,0.1563134088341302,0.2282810652128583,1.0,0.24,0.72,0.0114873388292462,0.0009689682262074,predictive_alpha,constant,1,20003,0.0,1.0,1.0,0.03,0.01,0.0451603672740772,1.0,1.0,1.0,0.0917824251955753,0.2457731346730086,0.1030176565778469,1.927430929107082,0.0778814514834089,0.0795972171155192,30.639614363656207,1.4590292554122002,0.0195557829967405,14.652100171031757,45.0,0.0164537939322001,0.065126190188,0.1030176565778469,real10kg_smc_steady,real10kg_mpc_event,-1.0,-1.0,predictive_alpha,1.0,0.2538628562341993,0.2871976170400865,0.2255931789542748,0.0,transformer,16,True,2.5,1.0,0.75,real_10kg_v1,thruster,real_10kg_x,1.0,0.0465873015873015,0.1323809523809523,0.0195557829967405,0.0027211497423165,0.0084110181275121,0.0125,0.0006814847912437,0.096065155816283,0.0795972171155192,,,20,3,train20_eval3_scn1
post_step_13_20p9s,13.0,20.9,790,0.0810493241705565,0.0799305165127984,0.0134203382409393,0.98619596561467,0.1655823583759716,0.0274175174053486,0.0797974143762971,0.1034771257697871,0.7891654188169617,0.0,0.0,0.0190280171517881,0.0028727910169873,predictive_alpha,constant,1,20003,0.0,1.0,1.0,0.03,0.01,0.0451603672740772,1.0,1.0,1.0,0.0917824251955753,0.2457731346730086,0.1030176565778469,1.927430929107082,0.0778814514834089,0.0795972171155192,30.639614363656207,1.4590292554122002,0.0195557829967405,14.652100171031757,45.0,0.0164537939322001,0.065126190188,0.1030176565778469,real10kg_smc_steady,real10kg_mpc_event,-1.0,-1.0,predictive_alpha,1.0,0.2538628562341993,0.2871976170400865,0.2255931789542748,0.0,transformer,16,True,2.5,1.0,0.75,real_10kg_v1,thruster,real_10kg_x,1.0,0.0465873015873015,0.1323809523809523,0.0195557829967405,0.0027211497423165,0.0084110181275121,0.0125,0.0006814847912437,0.096065155816283,0.0795972171155192,,,20,3,train20_eval3_scn1
startup_0_3s,0.0,3.0,300,0.1230235920060439,0.1206472566294827,0.0240633259930812,0.9806839051127324,0.1955992797861006,0.0382590782528413,0.1065998332890976,0.2236329555507584,0.9096346394580128,0.0,0.0,0.0337118628141698,0.0046845809491689,predictive_alpha,constant,1,20004,0.0,1.0,1.0,0.03,0.01,0.0451685401002607,1.0,1.0,1.0,0.090250126577305,0.2313878977798869,0.1008979042017977,1.8952526581234064,0.0778694600382609,0.0795849069478794,30.60590184118893,1.457423897199473,0.0189599460874635,14.739484823643783,45.0,0.0138951263865415,0.0500103828689438,0.1008979042017977,real10kg_smc_steady,real10kg_mpc_event,-1.0,-1.0,predictive_alpha,1.0,0.2531900285389068,0.286385124494295,0.2250163588519319,0.0,transformer,16,True,2.5,1.0,0.75,real_10kg_v1,thruster,real_10kg_x,1.0,0.0465079365079365,0.1328571428571428,0.0189599460874635,0.0026920724754105,0.0083978448416967,0.0125,0.0006669970799779,0.0967194441982724,0.0795849069478794,,,20,4,train20_eval4_scn1
pre_step_3_10s,3.0,10.0,700,0.0672617059496955,0.066888108862164,0.0070794053497868,0.9944456198031784,0.1052516472758139,0.0110779092542723,0.066273658534485,0.0907546977857074,1.0,0.0361904761904761,0.0871428571428571,0.0160424632591023,0.0024171058265975,predictive_alpha,constant,1,20004,0.0,1.0,1.0,0.03,0.01,0.0451685401002607,1.0,1.0,1.0,0.090250126577305,0.2313878977798869,0.1008979042017977,1.8952526581234064,0.0778694600382609,0.0795849069478794,30.60590184118893,1.457423897199473,0.0189599460874635,14.739484823643783,45.0,0.0138951263865415,0.0500103828689438,0.1008979042017977,real10kg_smc_steady,real10kg_mpc_event,-1.0,-1.0,predictive_alpha,1.0,0.2531900285389068,0.286385124494295,0.2250163588519319,0.0,transformer,16,True,2.5,1.0,0.75,real_10kg_v1,thruster,real_10kg_x,1.0,0.0465079365079365,0.1328571428571428,0.0189599460874635,0.0026920724754105,0.0083978448416967,0.0125,0.0006669970799779,0.0967194441982724,0.0795849069478794,,,20,4,train20_eval4_scn1
step_recovery_10_13s,10.0,13.0,300,0.167849806234619,0.1673229704765677,0.0132883785277517,0.9968612668082862,0.0791682685005744,0.006267614737379,0.1586726135134512,0.2313878977798869,1.0,0.2411111111111111,0.7266666666666667,0.011395846024335,0.0009474790290044,predictive_alpha,constant,1,20004,0.0,1.0,1.0,0.03,0.01,0.0451685401002607,1.0,1.0,1.0,0.090250126577305,0.2313878977798869,0.1008979042017977,1.8952526581234064,0.0778694600382609,0.0795849069478794,30.60590184118893,1.457423897199473,0.0189599460874635,14.739484823643783,45.0,0.0138951263865415,0.0500103828689438,0.1008979042017977,real10kg_smc_steady,real10kg_mpc_event,-1.0,-1.0,predictive_alpha,1.0,0.2531900285389068,0.286385124494295,0.2250163588519319,0.0,transformer,16,True,2.5,1.0,0.75,real_10kg_v1,thruster,real_10kg_x,1.0,0.0465079365079365,0.1328571428571428,0.0189599460874635,0.0026920724754105,0.0083978448416967,0.0125,0.0006669970799779,0.0967194441982724,0.0795849069478794,,,20,4,train20_eval4_scn1
post_step_13_20p9s,13.0,20.9,790,0.0811158235163753,0.0799978148545644,0.0134211192988726,0.9862171323257888,0.1654562416685966,0.027375767907097,0.079860238402086,0.1034115606053744,0.7914971530910748,0.0,0.0,0.0190075227366048,0.0028727802653446,predictive_alpha,constant,1,20004,0.0,1.0,1.0,0.03,0.01,0.0451685401002607,1.0,1.0,1.0,0.090250126577305,0.2313878977798869,0.1008979042017977,1.8952526581234064,0.0778694600382609,0.0795849069478794,30.60590184118893,1.457423897199473,0.0189599460874635,14.739484823643783,45.0,0.0138951263865415,0.0500103828689438,0.1008979042017977,real10kg_smc_steady,real10kg_mpc_event,-1.0,-1.0,predictive_alpha,1.0,0.2531900285389068,0.286385124494295,0.2250163588519319,0.0,transformer,16,True,2.5,1.0,0.75,real_10kg_v1,thruster,real_10kg_x,1.0,0.0465079365079365,0.1328571428571428,0.0189599460874635,0.0026920724754105,0.0083978448416967,0.0125,0.0006669970799779,0.0967194441982724,0.0795849069478794,,,20,4,train20_eval4_scn1
startup_0_3s,0.0,3.0,300,0.1256490025204003,0.1226777871447837,0.0271630700700548,0.9763530524236816,0.2161821385382243,0.04673471702296,0.1095701024912438,0.2267638432335578,0.9447887627861332,0.0,0.0,0.0362879180945391,0.0049530677897514,predictive_alpha,constant,1,20005,0.0,1.0,1.0,0.03,0.01,0.0451780346795054,1.0,1.0,1.0,0.0904571306336734,0.2285540879659277,0.1008870135237916,1.8995997433071417,0.0778833153506421,0.0795953341597813,30.667228024126704,1.460344191625081,0.019315709774038,14.641765127166476,45.0,0.0146980152039008,0.053984581424483,0.1008870135237916,real10kg_smc_steady,real10kg_mpc_event,-1.0,-1.0,predictive_alpha,1.0,0.2539342712975542,0.287633732096634,0.2247763168588946,0.0,transformer,16,True,2.5,1.0,0.75,real_10kg_v1,thruster,real_10kg_x,1.0,0.0465079365079365,0.1323809523809523,0.019315709774038,0.0027153417523767,0.0084171895619278,0.0125,0.0006739502590138,0.096141956371708,0.0795953341597813,,,20,5,train20_eval5_scn1
pre_step_3_10s,3.0,10.0,700,0.0676281752679106,0.0672519376628738,0.0071236908029592,0.9944366737155588,0.1053361380037032,0.0110957019695352,0.0666160517428422,0.0912527475409906,1.0,0.0366666666666666,0.0885714285714285,0.0159678540334743,0.0023612235652016,predictive_alpha,constant,1,20005,0.0,1.0,1.0,0.03,0.01,0.0451780346795054,1.0,1.0,1.0,0.0904571306336734,0.2285540879659277,0.1008870135237916,1.8995997433071417,0.0778833153506421,0.0795953341597813,30.667228024126704,1.460344191625081,0.019315709774038,14.641765127166476,45.0,0.0146980152039008,0.053984581424483,0.1008870135237916,real10kg_smc_steady,real10kg_mpc_event,-1.0,-1.0,predictive_alpha,1.0,0.2539342712975542,0.287633732096634,0.2247763168588946,0.0,transformer,16,True,2.5,1.0,0.75,real_10kg_v1,thruster,real_10kg_x,1.0,0.0465079365079365,0.1323809523809523,0.019315709774038,0.0027153417523767,0.0084171895619278,0.0125,0.0006739502590138,0.096141956371708,0.0795953341597813,,,20,5,train20_eval5_scn1
step_recovery_10_13s,10.0,13.0,300,0.1655740780995929,0.1650386640535599,0.0133046873674773,0.9967663172147576,0.0803548932307784,0.0064569088661298,0.1564947676957031,0.2285540879659277,1.0,0.24,0.72,0.0114552532311314,0.0009629476204023,predictive_alpha,constant,1,20005,0.0,1.0,1.0,0.03,0.01,0.0451780346795054,1.0,1.0,1.0,0.0904571306336734,0.2285540879659277,0.1008870135237916,1.8995997433071417,0.0778833153506421,0.0795953341597813,30.667228024126704,1.460344191625081,0.019315709774038,14.641765127166476,45.0,0.0146980152039008,0.053984581424483,0.1008870135237916,real10kg_smc_steady,real10kg_mpc_event,-1.0,-1.0,predictive_alpha,1.0,0.2539342712975542,0.287633732096634,0.2247763168588946,0.0,transformer,16,True,2.5,1.0,0.75,real_10kg_v1,thruster,real_10kg_x,1.0,0.0465079365079365,0.1323809523809523,0.019315709774038,0.0027153417523767,0.0084171895619278,0.0125,0.0006739502590138,0.096141956371708,0.0795953341597813,,,20,5,train20_eval5_scn1
post_step_13_20p9s,13.0,20.9,790,0.0810576174991256,0.0799390863296364,0.0134193826764681,0.9862007889696328,0.165553628276984,0.0274080038356738,0.0798060115099014,0.1034361187138089,0.7893380467570522,0.0,0.0,0.0190220120280808,0.0028787789884819,predictive_alpha,constant,1,20005,0.0,1.0,1.0,0.03,0.01,0.0451780346795054,1.0,1.0,1.0,0.0904571306336734,0.2285540879659277,0.1008870135237916,1.8995997433071417,0.0778833153506421,0.0795953341597813,30.667228024126704,1.460344191625081,0.019315709774038,14.641765127166476,45.0,0.0146980152039008,0.053984581424483,0.1008870135237916,real10kg_smc_steady,real10kg_mpc_event,-1.0,-1.0,predictive_alpha,1.0,0.2539342712975542,0.287633732096634,0.2247763168588946,0.0,transformer,16,True,2.5,1.0,0.75,real_10kg_v1,thruster,real_10kg_x,1.0,0.0465079365079365,0.1323809523809523,0.019315709774038,0.0027153417523767,0.0084171895619278,0.0125,0.0006739502590138,0.096141956371708,0.0795953341597813,,,20,5,train20_eval5_scn1
startup_0_3s,0.0,3.0,300,0.1206464063965418,0.1182410927252126,0.0239708023968159,0.9800631138284932,0.1986864185413732,0.0394762929127977,0.1050468542639606,0.2191412726876236,0.9343087300295236,0.0,0.0,0.0342543208589439,0.004764422876836,predictive_alpha,constant,1,20006,0.0,1.0,1.0,0.03,0.01,0.0451664946657854,1.0,1.0,1.0,0.0900193359362086,0.230915608342325,0.100431626461971,1.8904060546603816,0.077852145141142,0.0795628102683371,30.644020873134977,1.4592390891969036,0.0190261378966354,14.70905175427536,45.0,0.0138766630179982,0.0499744813491366,0.100431626461971,real10kg_smc_steady,real10kg_mpc_event,-1.0,-1.0,predictive_alpha,1.0,0.2534015050471352,0.2865911749186328,0.2248223084751572,0.0,transformer,16,True,2.5,1.0,0.75,real_10kg_v1,thruster,real_10kg_x,1.0,0.0464285714285714,0.1328571428571428,0.0190261378966354,0.0027059793193948,0.0083979111796365,0.0125,0.0006707684678311,0.0966523200102465,0.0795628102683371,,,20,6,train20_eval6_scn1
pre_step_3_10s,3.0,10.0,700,0.0674124390849395,0.0670389130025622,0.0070866837671488,0.9944590926029744,0.1051242747383711,0.0110511131392685,0.0664023619603563,0.0910767298247356,1.0,0.0359523809523809,0.0871428571428571,0.0160116116930068,0.0024299493319823,predictive_alpha,constant,1,20006,0.0,1.0,1.0,0.03,0.01,0.0451664946657854,1.0,1.0,1.0,0.0900193359362086,0.230915608342325,0.100431626461971,1.8904060546603816,0.077852145141142,0.0795628102683371,30.644020873134977,1.4592390891969036,0.0190261378966354,14.70905175427536,45.0,0.0138766630179982,0.0499744813491366,0.100431626461971,real10kg_smc_steady,real10kg_mpc_event,-1.0,-1.0,predictive_alpha,1.0,0.2534015050471352,0.2865911749186328,0.2248223084751572,0.0,transformer,16,True,2.5,1.0,0.75,real_10kg_v1,thruster,real_10kg_x,1.0,0.0464285714285714,0.1328571428571428,0.0190261378966354,0.0027059793193948,0.0083979111796365,0.0125,0.0006707684678311,0.0966523200102465,0.0795628102683371,,,20,6,train20_eval6_scn1
step_recovery_10_13s,10.0,13.0,300,0.1675103926495587,0.1669807129222309,0.0133106407656752,0.9968379291639774,0.0794615817868795,0.0063141429800729,0.1583693569383157,0.230915608342325,1.0,0.2411111111111111,0.7266666666666667,0.0114093702800139,0.0009508350537279,predictive_alpha,constant,1,20006,0.0,1.0,1.0,0.03,0.01,0.0451664946657854,1.0,1.0,1.0,0.0900193359362086,0.230915608342325,0.100431626461971,1.8904060546603816,0.077852145141142,0.0795628102683371,30.644020873134977,1.4592390891969036,0.0190261378966354,14.70905175427536,45.0,0.0138766630179982,0.0499744813491366,0.100431626461971,real10kg_smc_steady,real10kg_mpc_event,-1.0,-1.0,predictive_alpha,1.0,0.2534015050471352,0.2865911749186328,0.2248223084751572,0.0,transformer,16,True,2.5,1.0,0.75,real_10kg_v1,thruster,real_10kg_x,1.0,0.0464285714285714,0.1328571428571428,0.0190261378966354,0.0027059793193948,0.0083979111796365,0.0125,0.0006707684678311,0.0966523200102465,0.0795628102683371,,,20,6,train20_eval6_scn1
post_step_13_20p9s,13.0,20.9,790,0.0810890724849238,0.0799708334277672,0.0134202636834577,0.9862097441382808,0.1655002736152013,0.0273903405667065,0.0798375773647741,0.1032996314805057,0.7913879264685223,0.0,0.0,0.0190014767783836,0.0028680122245547,predictive_alpha,constant,1,20006,0.0,1.0,1.0,0.03,0.01,0.0451664946657854,1.0,1.0,1.0,0.0900193359362086,0.230915608342325,0.100431626461971,1.8904060546603816,0.077852145141142,0.0795628102683371,30.644020873134977,1.4592390891969036,0.0190261378966354,14.70905175427536,45.0,0.0138766630179982,0.0499744813491366,0.100431626461971,real10kg_smc_steady,real10kg_mpc_event,-1.0,-1.0,predictive_alpha,1.0,0.2534015050471352,0.2865911749186328,0.2248223084751572,0.0,transformer,16,True,2.5,1.0,0.75,real_10kg_v1,thruster,real_10kg_x,1.0,0.0464285714285714,0.1328571428571428,0.0190261378966354,0.0027059793193948,0.0083979111796365,0.0125,0.0006707684678311,0.0966523200102465,0.0795628102683371,,,20,6,train20_eval6_scn1
startup_0_3s,0.0,3.0,300,0.1308074756292774,0.1266730535454302,0.0326271847694613,0.9683930749067844,0.2494290529841761,0.0622148524725829,0.1139724373307371,0.2332564818241251,0.8966105019339503,0.0,0.0,0.0372641594320406,0.0050481869551413,predictive_alpha,constant,1,20007,0.0,1.0,1.0,0.03,0.01,0.0451523398821899,1.0,1.0,1.0,0.0908485545576982,0.2332564818241251,0.1013389755565901,1.907819645711664,0.0778965129790906,0.0796184955293609,30.60202099062747,1.4572390947917844,0.0194922271564698,14.619597384828998,45.0,0.01621274704056,0.0625584037706932,0.1013389755565901,real10kg_smc_steady,real10kg_mpc_event,-1.0,-1.0,predictive_alpha,1.0,0.2539342941844505,0.2873381890560628,0.2248154726302683,0.0,transformer,16,True,2.5,1.0,0.75,real_10kg_v1,thruster,real_10kg_x,1.0,0.0465873015873015,0.1328571428571428,0.0194922271564698,0.0027352558856149,0.0084441620858144,0.0125,0.0006611325378215,0.0955479984854995,0.0796184955293609,,,20,7,train20_eval7_scn1
pre_step_3_10s,3.0,10.0,700,0.0677175033988355,0.0673383953165051,0.0071554722254642,0.9944016234606636,0.1056665096366691,0.0111654112587962,0.0667802778471445,0.0907697864549691,1.0,0.0371428571428571,0.09,0.0160189215658759,0.0023760323328848,predictive_alpha,constant,1,20007,0.0,1.0,1.0,0.03,0.01,0.0451523398821899,1.0,1.0,1.0,0.0908485545576982,0.2332564818241251,0.1013389755565901,1.907819645711664,0.0778965129790906,0.0796184955293609,30.60202099062747,1.4572390947917844,0.0194922271564698,14.619597384828998,45.0,0.01621274704056,0.0625584037706932,0.1013389755565901,real10kg_smc_steady,real10kg_mpc_event,-1.0,-1.0,predictive_alpha,1.0,0.2539342941844505,0.2873381890560628,0.2248154726302683,0.0,transformer,16,True,2.5,1.0,0.75,real_10kg_v1,thruster,real_10kg_x,1.0,0.0465873015873015,0.1328571428571428,0.0194922271564698,0.0027352558856149,0.0084441620858144,0.0125,0.0006611325378215,0.0955479984854995,0.0796184955293609,,,20,7,train20_eval7_scn1
step_recovery_10_13s,10.0,13.0,300,0.1634666411754915,0.1629234064056805,0.0133156457735386,0.996676785147694,0.081457878364574,0.0066353859476577,0.154571352432127,0.2256767486805267,1.0,0.2394444444444444,0.72,0.0115383903865978,0.0009756491541415,predictive_alpha,constant,1,20007,0.0,1.0,1.0,0.03,0.01,0.0451523398821899,1.0,1.0,1.0,0.0908485545576982,0.2332564818241251,0.1013389755565901,1.907819645711664,0.0778965129790906,0.0796184955293609,30.60202099062747,1.4572390947917844,0.0194922271564698,14.619597384828998,45.0,0.01621274704056,0.0625584037706932,0.1013389755565901,real10kg_smc_steady,real10kg_mpc_event,-1.0,-1.0,predictive_alpha,1.0,0.2539342941844505,0.2873381890560628,0.2248154726302683,0.0,transformer,16,True,2.5,1.0,0.75,real_10kg_v1,thruster,real_10kg_x,1.0,0.0465873015873015,0.1328571428571428,0.0194922271564698,0.0027352558856149,0.0084441620858144,0.0125,0.0006611325378215,0.0955479984854995,0.0796184955293609,,,20,7,train20_eval7_scn1
post_step_13_20p9s,13.0,20.9,790,0.0810158953751053,0.0798974496698825,0.0134153956213974,0.9861947374642418,0.1655896729806402,0.0274199397978353,0.0797600595955252,0.1035714604484517,0.7884510176727433,0.0,0.0,0.0190430302942452,0.0028784488256632,predictive_alpha,constant,1,20007,0.0,1.0,1.0,0.03,0.01,0.0451523398821899,1.0,1.0,1.0,0.0908485545576982,0.2332564818241251,0.1013389755565901,1.907819645711664,0.0778965129790906,0.0796184955293609,30.60202099062747,1.4572390947917844,0.0194922271564698,14.619597384828998,45.0,0.01621274704056,0.0625584037706932,0.1013389755565901,real10kg_smc_steady,real10kg_mpc_event,-1.0,-1.0,predictive_alpha,1.0,0.2539342941844505,0.2873381890560628,0.2248154726302683,0.0,transformer,16,True,2.5,1.0,0.75,real_10kg_v1,thruster,real_10kg_x,1.0,0.0465873015873015,0.1328571428571428,0.0194922271564698,0.0027352558856149,0.0084441620858144,0.0125,0.0006611325378215,0.0955479984854995,0.0796184955293609,,,20,7,train20_eval7_scn1
startup_0_3s,0.0,3.0,300,0.1093473719616677,0.106787499211244,0.023521857221144,0.9765895356742444,0.2151113172558889,0.0462728788115636,0.0959419137123487,0.1978350309460695,0.8797727697371507,0.0,0.0,0.0318269108259953,0.0044599789226874,predictive_alpha,constant,1,20008,0.0,1.0,1.0,0.03,0.01,0.0451668273424381,1.0,1.0,1.0,0.0886825891555758,0.2310927760626617,0.0985504278895366,1.862334372267092,0.077835863152972,0.079543119479319,30.57661167025195,1.4560291271548549,0.018686485334746,14.75106398946506,45.0,0.0137563492233657,0.0453618126514106,0.0985504278895366,real10kg_smc_steady,real10kg_mpc_event,-1.0,-1.0,predictive_alpha,1.0,0.2532625892173125,0.2867523439712518,0.2225454618887133,0.0,transformer,16,True,2.5,1.0,0.75,real_10kg_v1,thruster,real_10kg_x,1.0,0.0465079365079365,0.1328571428571428,0.018686485334746,0.0026561742321643,0.0084143712475825,0.0125,0.000679423942605,0.096633724362971,0.079543119479319,,,20,8,train20_eval8_scn1
pre_step_3_10s,3.0,10.0,700,0.0672466929032744,0.0668770915500116,0.0070407621915997,0.9945037988143982,0.1047004973423299,0.0109621941437312,0.0662690058271528,0.0907388285001659,1.0,0.0361904761904761,0.0871428571428571,0.0160596287648635,0.0024073144531177,predictive_alpha,constant,1,20008,0.0,1.0,1.0,0.03,0.01,0.0451668273424381,1.0,1.0,1.0,0.0886825891555758,0.2310927760626617,0.0985504278895366,1.862334372267092,0.077835863152972,0.079543119479319,30.57661167025195,1.4560291271548549,0.018686485334746,14.75106398946506,45.0,0.0137563492233657,0.0453618126514106,0.0985504278895366,real10kg_smc_steady,real10kg_mpc_event,-1.0,-1.0,predictive_alpha,1.0,0.2532625892173125,0.2867523439712518,0.2225454618887133,0.0,transformer,16,True,2.5,1.0,0.75,real_10kg_v1,thruster,real_10kg_x,1.0,0.0465079365079365,0.1328571428571428,0.018686485334746,0.0026561742321643,0.0084143712475825,0.0125,0.000679423942605,0.096633724362971,0.079543119479319,,,20,8,train20_eval8_scn1
step_recovery_10_13s,10.0,13.0,300,0.1676080592205805,0.1670799299316846,0.0132950565893113,0.9968490221093672,0.0793222990060064,0.0062920271195982,0.1584406439330415,0.2310927760626617,1.0,0.2411111111111111,0.7266666666666667,0.0113555317337758,0.0009484870972233,predictive_alpha,constant,1,20008,0.0,1.0,1.0,0.03,0.01,0.0451668273424381,1.0,1.0,1.0,0.0886825891555758,0.2310927760626617,0.0985504278895366,1.862334372267092,0.077835863152972,0.079543119479319,30.57661167025195,1.4560291271548549,0.018686485334746,14.75106398946506,45.0,0.0137563492233657,0.0453618126514106,0.0985504278895366,real10kg_smc_steady,real10kg_mpc_event,-1.0,-1.0,predictive_alpha,1.0,0.2532625892173125,0.2867523439712518,0.2225454618887133,0.0,transformer,16,True,2.5,1.0,0.75,real_10kg_v1,thruster,real_10kg_x,1.0,0.0465079365079365,0.1328571428571428,0.018686485334746,0.0026561742321643,0.0084143712475825,0.0125,0.000679423942605,0.096633724362971,0.079543119479319,,,20,8,train20_eval8_scn1
post_step_13_20p9s,13.0,20.9,790,0.0810838498240967,0.0799658088129261,0.0134186483369683,0.9862112983831414,0.1654910116635899,0.0273872749414384,0.079832811894684,0.103235399630942,0.791419491799473,0.0,0.0,0.0189982202952248,0.0028653180299839,predictive_alpha,constant,1,20008,0.0,1.0,1.0,0.03,0.01,0.0451668273424381,1.0,1.0,1.0,0.0886825891555758,0.2310927760626617,0.0985504278895366,1.862334372267092,0.077835863152972,0.079543119479319,30.57661167025195,1.4560291271548549,0.018686485334746,14.75106398946506,45.0,0.0137563492233657,0.0453618126514106,0.0985504278895366,real10kg_smc_steady,real10kg_mpc_event,-1.0,-1.0,predictive_alpha,1.0,0.2532625892173125,0.2867523439712518,0.2225454618887133,0.0,transformer,16,True,2.5,1.0,0.75,real_10kg_v1,thruster,real_10kg_x,1.0,0.0465079365079365,0.1328571428571428,0.018686485334746,0.0026561742321643,0.0084143712475825,0.0125,0.000679423942605,0.096633724362971,0.079543119479319,,,20,8,train20_eval8_scn1
startup_0_3s,0.0,3.0,300,0.1072208866862813,0.1034177497708549,0.028303490493669,0.964529887478416,0.2639736656579099,0.069682096160874,0.096025107996888,0.1885835110976503,0.877531980084256,0.0,0.0,0.0358279200368571,0.004933780186343,predictive_alpha,constant,1,20009,0.0,1.0,1.0,0.03,0.01,0.0451475591431107,1.0,1.0,1.0,0.0880520534378102,0.2218372328833135,0.0967180186145483,1.849093122194015,0.0779509769927839,0.0796800969941275,30.57135318319652,1.455778723009358,0.0192992920818656,14.533995207746608,45.0,0.0150029232231473,0.05218380053214,0.0967180186145483,real10kg_smc_steady,real10kg_mpc_event,-1.0,-1.0,predictive_alpha,1.0,0.2534987566959567,0.287547256222239,0.222376199563372,0.0,transformer,16,True,2.5,1.0,0.75,real_10kg_v1,thruster,real_10kg_x,1.0,0.0463492063492063,0.1319047619047619,0.0192992920818656,0.0027200398513787,0.0084408097321271,0.0125,0.0006765471669065,0.0948545441990669,0.0796800969941275,,,20,9,train20_eval9_scn1
pre_step_3_10s,3.0,10.0,700,0.0681857762599623,0.0678105450038765,0.0071435334709705,0.9944969277073976,0.1047657423996379,0.0109758607805472,0.0672612886114803,0.0911915641637181,1.0,0.0371428571428571,0.09,0.0160035680841519,0.0023933280966135,predictive_alpha,constant,1,20009,0.0,1.0,1.0,0.03,0.01,0.0451475591431107,1.0,1.0,1.0,0.0880520534378102,0.2218372328833135,0.0967180186145483,1.849093122194015,0.0779509769927839,0.0796800969941275,30.57135318319652,1.455778723009358,0.0192992920818656,14.533995207746608,45.0,0.0150029232231473,0.05218380053214,0.0967180186145483,real10kg_smc_steady,real10kg_mpc_event,-1.0,-1.0,predictive_alpha,1.0,0.2534987566959567,0.287547256222239,0.222376199563372,0.0,transformer,16,True,2.5,1.0,0.75,real_10kg_v1,thruster,real_10kg_x,1.0,0.0463492063492063,0.1319047619047619,0.0192992920818656,0.0027200398513787,0.0084408097321271,0.0125,0.0006765471669065,0.0948545441990669,0.0796800969941275,,,20,9,train20_eval9_scn1
step_recovery_10_13s,10.0,13.0,300,0.1606364694878298,0.1600851310904345,0.0132975987784592,0.9965677881295996,0.0827806961946873,0.0068526436624771,0.1519685853458701,0.2218372328833135,1.0,0.2377777777777777,0.7133333333333334,0.0115713276058158,0.0009849732317316,predictive_alpha,constant,1,20009,0.0,1.0,1.0,0.03,0.01,0.0451475591431107,1.0,1.0,1.0,0.0880520534378102,0.2218372328833135,0.0967180186145483,1.849093122194015,0.0779509769927839,0.0796800969941275,30.57135318319652,1.455778723009358,0.0192992920818656,14.533995207746608,45.0,0.0150029232231473,0.05218380053214,0.0967180186145483,real10kg_smc_steady,real10kg_mpc_event,-1.0,-1.0,predictive_alpha,1.0,0.2534987566959567,0.287547256222239,0.222376199563372,0.0,transformer,16,True,2.5,1.0,0.75,real_10kg_v1,thruster,real_10kg_x,1.0,0.0463492063492063,0.1319047619047619,0.0192992920818656,0.0027200398513787,0.0084408097321271,0.0125,0.0006765471669065,0.0948545441990669,0.0796800969941275,,,20,9,train20_eval9_scn1
post_step_13_20p9s,13.0,20.9,790,0.0809609509278327,0.0798423227750563,0.0134119002763465,0.9861831149466912,0.1656588778002583,0.0274428637940409,0.0797039543192093,0.1038387602207793,0.7872293078179998,0.0,0.0,0.0190765930780098,0.0028612156981429,predictive_alpha,constant,1,20009,0.0,1.0,1.0,0.03,0.01,0.0451475591431107,1.0,1.0,1.0,0.0880520534378102,0.2218372328833135,0.0967180186145483,1.849093122194015,0.0779509769927839,0.0796800969941275,30.57135318319652,1.455778723009358,0.0192992920818656,14.533995207746608,45.0,0.0150029232231473,0.05218380053214,0.0967180186145483,real10kg_smc_steady,real10kg_mpc_event,-1.0,-1.0,predictive_alpha,1.0,0.2534987566959567,0.287547256222239,0.222376199563372,0.0,transformer,16,True,2.5,1.0,0.75,real_10kg_v1,thruster,real_10kg_x,1.0,0.0463492063492063,0.1319047619047619,0.0192992920818656,0.0027200398513787,0.0084408097321271,0.0125,0.0006765471669065,0.0948545441990669,0.0796800969941275,,,20,9,train20_eval9_scn1
startup_0_3s,0.0,3.0,300,0.1264286095897581,0.1240063501386492,0.024629625415142,0.9808408914804272,0.1948105377023564,0.0379511455998812,0.1099556302554626,0.225519447357494,0.812345746731199,0.0,0.0,0.0325363863066022,0.0047163276964114,predictive_alpha,sinusoidal,2,20000,0.0,1.0,1.0,0.03,0.01,0.3665086488438369,1.0,1.0,1.0,0.0802109835879284,0.3665086488438369,0.0920444764006486,1.684430655346497,0.1052498140508889,0.1229896197504275,39.62102857120839,1.886715646248018,0.018251917446253,13.89208150241067,45.0,0.0137761725966414,0.053546552360729,0.0920444764006486,real10kg_smc_steady,real10kg_mpc_event,-1.0,-1.0,predictive_alpha,1.0,0.2546606260487276,0.2817587384827249,0.2318632161975949,0.0,transformer,16,True,2.5,1.0,0.75,real_10kg_v1,thruster,real_10kg_x,1.0,0.0778571428571428,0.2204761904761904,0.018251917446253,0.0025083457035773,0.0080876522821921,0.0125,0.0006703753424098,0.0849716679529981,0.1229896197504275,,,20,0,train20_eval0_scn2
pre_step_3_10s,3.0,10.0,700,0.0702774394551991,0.0698627376617492,0.0076234101808039,0.994099076507842,0.1084759239935559,0.0117670260862557,0.0679835563964096,0.0956783280164286,1.0,0.1019047619047619,0.3485714285714286,0.013112994526209,0.0018027494556829,predictive_alpha,sinusoidal,2,20000,0.0,1.0,1.0,0.03,0.01,0.3665086488438369,1.0,1.0,1.0,0.0802109835879284,0.3665086488438369,0.0920444764006486,1.684430655346497,0.1052498140508889,0.1229896197504275,39.62102857120839,1.886715646248018,0.018251917446253,13.89208150241067,45.0,0.0137761725966414,0.053546552360729,0.0920444764006486,real10kg_smc_steady,real10kg_mpc_event,-1.0,-1.0,predictive_alpha,1.0,0.2546606260487276,0.2817587384827249,0.2318632161975949,0.0,transformer,16,True,2.5,1.0,0.75,real_10kg_v1,thruster,real_10kg_x,1.0,0.0778571428571428,0.2204761904761904,0.018251917446253,0.0025083457035773,0.0080876522821921,0.0125,0.0006703753424098,0.0849716679529981,0.1229896197504275,,,20,0,train20_eval0_scn2
step_recovery_10_13s,10.0,13.0,300,0.0522610275414322,0.0506154971738307,0.0130110124714517,0.9685132412236452,0.2489620484621479,0.0619821015744689,0.0467459612533265,0.079638705560539,1.0,0.1044444444444444,0.3166666666666666,0.0136782587019968,0.0013991770118825,predictive_alpha,sinusoidal,2,20000,0.0,1.0,1.0,0.03,0.01,0.3665086488438369,1.0,1.0,1.0,0.0802109835879284,0.3665086488438369,0.0920444764006486,1.684430655346497,0.1052498140508889,0.1229896197504275,39.62102857120839,1.886715646248018,0.018251917446253,13.89208150241067,45.0,0.0137761725966414,0.053546552360729,0.0920444764006486,real10kg_smc_steady,real10kg_mpc_event,-1.0,-1.0,predictive_alpha,1.0,0.2546606260487276,0.2817587384827249,0.2318632161975949,0.0,transformer,16,True,2.5,1.0,0.75,real_10kg_v1,thruster,real_10kg_x,1.0,0.0778571428571428,0.2204761904761904,0.018251917446253,0.0025083457035773,0.0080876522821921,0.0125,0.0006703753424098,0.0849716679529981,0.1229896197504275,,,20,0,train20_eval0_scn2
post_step_13_20p9s,13.0,20.9,790,0.0975398668963879,0.0967278299503626,0.0125599580914429,0.9916748200314044,0.1287674311139343,0.0165810513156818,0.0890848431515529,0.3227477981442279,1.0,0.070675105485232,0.1443037974683544,0.0193640247600138,0.0027618844181234,predictive_alpha,sinusoidal,2,20000,0.0,1.0,1.0,0.03,0.01,0.3665086488438369,1.0,1.0,1.0,0.0802109835879284,0.3665086488438369,0.0920444764006486,1.684430655346497,0.1052498140508889,0.1229896197504275,39.62102857120839,1.886715646248018,0.018251917446253,13.89208150241067,45.0,0.0137761725966414,0.053546552360729,0.0920444764006486,real10kg_smc_steady,real10kg_mpc_event,-1.0,-1.0,predictive_alpha,1.0,0.2546606260487276,0.2817587384827249,0.2318632161975949,0.0,transformer,16,True,2.5,1.0,0.75,real_10kg_v1,thruster,real_10kg_x,1.0,0.0778571428571428,0.2204761904761904,0.018251917446253,0.0025083457035773,0.0080876522821921,0.0125,0.0006703753424098,0.0849716679529981,0.1229896197504275,,,20,0,train20_eval0_scn2
startup_0_3s,0.0,3.0,300,0.1287016618149706,0.1257513814564787,0.0273990477156093,0.9770765946850524,0.2128880647632964,0.0453213281186615,0.1122657660387246,0.2233047691709469,0.8045300989597448,0.0,0.0,0.0345701298161851,0.0049315367917597,predictive_alpha,sinusoidal,2,20001,0.0,1.0,1.0,0.03,0.01,0.3664886525425267,1.0,1.0,1.0,0.0804858087012714,0.3664886525425267,0.0924299147877952,1.6902019827267,0.105237536443214,0.1229794106918761,39.64742514098692,1.8879726257612817,0.0186223312503952,13.990228310741948,45.0,0.0144978817553516,0.0571938871410115,0.0924299147877952,real10kg_smc_steady,real10kg_mpc_event,-1.0,-1.0,predictive_alpha,1.0,0.2567638782995859,0.2813447361331778,0.2367298437523312,0.0,transformer,16,True,2.5,1.0,0.75,real_10kg_v1,thruster,real_10kg_x,1.0,0.0779365079365079,0.2214285714285714,0.0186223312503952,0.0025419975991504,0.0082239803524491,0.0125,0.0006730416221697,0.0848910147186954,0.1229794106918761,,,20,1,train20_eval1_scn2
pre_step_3_10s,3.0,10.0,700,0.0700187603606573,0.069605529811019,0.007595855591735,0.9940982881229294,0.1084831486962891,0.0117685935510611,0.0677970717417831,0.0946636191347239,1.0,0.1023809523809523,0.3528571428571428,0.0133524323403419,0.001811640606433,predictive_alpha,sinusoidal,2,20001,0.0,1.0,1.0,0.03,0.01,0.3664886525425267,1.0,1.0,1.0,0.0804858087012714,0.3664886525425267,0.0924299147877952,1.6902019827267,0.105237536443214,0.1229794106918761,39.64742514098692,1.8879726257612817,0.0186223312503952,13.990228310741948,45.0,0.0144978817553516,0.0571938871410115,0.0924299147877952,real10kg_smc_steady,real10kg_mpc_event,-1.0,-1.0,predictive_alpha,1.0,0.2567638782995859,0.2813447361331778,0.2367298437523312,0.0,transformer,16,True,2.5,1.0,0.75,real_10kg_v1,thruster,real_10kg_x,1.0,0.0779365079365079,0.2214285714285714,0.0186223312503952,0.0025419975991504,0.0082239803524491,0.0125,0.0006730416221697,0.0848910147186954,0.1229794106918761,,,20,1,train20_eval1_scn2
step_recovery_10_13s,10.0,13.0,300,0.0523369412512208,0.0506972026298805,0.0129980408153912,0.968669574833014,0.2483530849271415,0.0616792547928279,0.0468186344738161,0.0796309715610886,1.0,0.1044444444444444,0.3166666666666666,0.0136818567362777,0.0013974133284144,predictive_alpha,sinusoidal,2,20001,0.0,1.0,1.0,0.03,0.01,0.3664886525425267,1.0,1.0,1.0,0.0804858087012714,0.3664886525425267,0.0924299147877952,1.6902019827267,0.105237536443214,0.1229794106918761,39.64742514098692,1.8879726257612817,0.0186223312503952,13.990228310741948,45.0,0.0144978817553516,0.0571938871410115,0.0924299147877952,real10kg_smc_steady,real10kg_mpc_event,-1.0,-1.0,predictive_alpha,1.0,0.2567638782995859,0.2813447361331778,0.2367298437523312,0.0,transformer,16,True,2.5,1.0,0.75,real_10kg_v1,thruster,real_10kg_x,1.0,0.0779365079365079,0.2214285714285714,0.0186223312503952,0.0025419975991504,0.0082239803524491,0.0125,0.0006730416221697,0.0848910147186954,0.1229794106918761,,,20,1,train20_eval1_scn2
post_step_13_20p9s,13.0,20.9,790,0.0975300852512991,0.09671778583464,0.0125613467578276,0.9916712938928932,0.1287945840041217,0.0165880448687947,0.0890760041320091,0.3227309259528337,1.0,0.070464135021097,0.1430379746835443,0.0193640561658125,0.0027633501682695,predictive_alpha,sinusoidal,2,20001,0.0,1.0,1.0,0.03,0.01,0.3664886525425267,1.0,1.0,1.0,0.0804858087012714,0.3664886525425267,0.0924299147877952,1.6902019827267,0.105237536443214,0.1229794106918761,39.64742514098692,1.8879726257612817,0.0186223312503952,13.990228310741948,45.0,0.0144978817553516,0.0571938871410115,0.0924299147877952,real10kg_smc_steady,real10kg_mpc_event,-1.0,-1.0,predictive_alpha,1.0,0.2567638782995859,0.2813447361331778,0.2367298437523312,0.0,transformer,16,True,2.5,1.0,0.75,real_10kg_v1,thruster,real_10kg_x,1.0,0.0779365079365079,0.2214285714285714,0.0186223312503952,0.0025419975991504,0.0082239803524491,0.0125,0.0006730416221697,0.0848910147186954,0.1229794106918761,,,20,1,train20_eval1_scn2
startup_0_3s,0.0,3.0,300,0.1233363098036922,0.1208904874302013,0.0244404452676435,0.9801694863630688,0.1981609901134879,0.0392677780027578,0.1073387369189598,0.2201545464700235,0.7993316845998725,0.0,0.0,0.0319765664122434,0.0046374150138396,predictive_alpha,sinusoidal,2,20002,0.0,1.0,1.0,0.03,0.01,0.3664900048873176,1.0,1.0,1.0,0.079746503185236,0.3664900048873176,0.0913663341852664,1.674676566889957,0.1052364690446566,0.1229787102441222,39.636778333896174,1.8874656349474368,0.018134698974201,13.947674017810597,45.0,0.0137236134593356,0.0524314830079579,0.0913663341852664,real10kg_smc_steady,real10kg_mpc_event,-1.0,-1.0,predictive_alpha,1.0,0.2550304092521579,0.2824118807064638,0.2314153260986564,0.0,transformer,16,True,2.5,1.0,0.75,real_10kg_v1,thruster,real_10kg_x,1.0,0.0776984126984127,0.2195238095238095,0.018134698974201,0.0024917822601427,0.0080654934942225,0.0125,0.0006694557187331,0.0848752062748442,0.1229787102441222,,,20,2,train20_eval2_scn2
pre_step_3_10s,3.0,10.0,700,0.0699651955184148,0.0695493618137532,0.00761674833703,0.9940565633872616,0.1088648188659076,0.0118515487867068,0.0676803012156932,0.095063174237445,1.0,0.1014285714285714,0.3457142857142857,0.0130030675718686,0.0017935883476347,predictive_alpha,sinusoidal,2,20002,0.0,1.0,1.0,0.03,0.01,0.3664900048873176,1.0,1.0,1.0,0.079746503185236,0.3664900048873176,0.0913663341852664,1.674676566889957,0.1052364690446566,0.1229787102441222,39.636778333896174,1.8874656349474368,0.018134698974201,13.947674017810597,45.0,0.0137236134593356,0.0524314830079579,0.0913663341852664,real10kg_smc_steady,real10kg_mpc_event,-1.0,-1.0,predictive_alpha,1.0,0.2550304092521579,0.2824118807064638,0.2314153260986564,0.0,transformer,16,True,2.5,1.0,0.75,real_10kg_v1,thruster,real_10kg_x,1.0,0.0776984126984127,0.2195238095238095,0.018134698974201,0.0024917822601427,0.0080654934942225,0.0125,0.0006694557187331,0.0848752062748442,0.1229787102441222,,,20,2,train20_eval2_scn2
step_recovery_10_13s,10.0,13.0,300,0.0523772798886146,0.0507416365509221,0.0129871385864785,0.9687718922943138,0.2479536664389022,0.0614810207004944,0.0468636917439293,0.0796157727955002,1.0,0.1044444444444444,0.3166666666666666,0.0136735664405368,0.0013804172328643,predictive_alpha,sinusoidal,2,20002,0.0,1.0,1.0,0.03,0.01,0.3664900048873176,1.0,1.0,1.0,0.079746503185236,0.3664900048873176,0.0913663341852664,1.674676566889957,0.1052364690446566,0.1229787102441222,39.636778333896174,1.8874656349474368,0.018134698974201,13.947674017810597,45.0,0.0137236134593356,0.0524314830079579,0.0913663341852664,real10kg_smc_steady,real10kg_mpc_event,-1.0,-1.0,predictive_alpha,1.0,0.2550304092521579,0.2824118807064638,0.2314153260986564,0.0,transformer,16,True,2.5,1.0,0.75,real_10kg_v1,thruster,real_10kg_x,1.0,0.0776984126984127,0.2195238095238095,0.018134698974201,0.0024917822601427,0.0080654934942225,0.0125,0.0006694557187331,0.0848752062748442,0.1229787102441222,,,20,2,train20_eval2_scn2
post_step_13_20p9s,13.0,20.9,790,0.0975245103086575,0.0967122650191848,0.0125605694855928,0.9916713727974432,0.1287939764664249,0.016587888374034,0.0890681245047076,0.3227322916546028,1.0,0.070675105485232,0.1443037974683544,0.0193629993646257,0.0027632145796984,predictive_alpha,sinusoidal,2,20002,0.0,1.0,1.0,0.03,0.01,0.3664900048873176,1.0,1.0,1.0,0.079746503185236,0.3664900048873176,0.0913663341852664,1.674676566889957,0.1052364690446566,0.1229787102441222,39.636778333896174,1.8874656349474368,0.018134698974201,13.947674017810597,45.0,0.0137236134593356,0.0524314830079579,0.0913663341852664,real10kg_smc_steady,real10kg_mpc_event,-1.0,-1.0,predictive_alpha,1.0,0.2550304092521579,0.2824118807064638,0.2314153260986564,0.0,transformer,16,True,2.5,1.0,0.75,real_10kg_v1,thruster,real_10kg_x,1.0,0.0776984126984127,0.2195238095238095,0.018134698974201,0.0024917822601427,0.0080654934942225,0.0125,0.0006694557187331,0.0848752062748442,0.1229787102441222,,,20,2,train20_eval2_scn2
startup_0_3s,0.0,3.0,300,0.1475377581510629,0.1435769354540508,0.0339566442079433,0.9731538370472148,0.2301556200493121,0.0529716094402833,0.1292041595414336,0.2400563610257897,0.8330147890925935,0.0,0.0,0.0411997251328324,0.0057851425774676,predictive_alpha,sinusoidal,2,20003,0.0,1.0,1.0,0.03,0.01,0.3666306529980879,1.0,1.0,1.0,0.0831417925533676,0.3666306529980879,0.0965590914993079,1.7459776436207213,0.1054573112071856,0.1231774659341036,39.79270910745961,1.894890909879029,0.0195891571751191,14.214721011535474,45.0,0.0163316230597413,0.0650545955514202,0.0965590914993079,real10kg_smc_steady,real10kg_mpc_event,-1.0,-1.0,predictive_alpha,1.0,0.262477892198404,0.2814599964093739,0.2479079560062659,0.0,transformer,16,True,2.5,1.0,0.75,real_10kg_v1,thruster,real_10kg_x,1.0,0.0782539682539682,0.2238095238095238,0.0195891571751191,0.0026396072339803,0.0083597337543077,0.0125,0.0006520520212317,0.0851451867674273,0.1231774659341036,,,20,3,train20_eval3_scn2
pre_step_3_10s,3.0,10.0,700,0.0705594685923239,0.0701650955629365,0.0074496961464974,0.9944107709814816,0.1055803890692555,0.0111472185560153,0.0683182253019607,0.0957629266696905,1.0,0.1030952380952381,0.3614285714285714,0.0134160687545477,0.0017462102914881,predictive_alpha,sinusoidal,2,20003,0.0,1.0,1.0,0.03,0.01,0.3666306529980879,1.0,1.0,1.0,0.0831417925533676,0.3666306529980879,0.0965590914993079,1.7459776436207213,0.1054573112071856,0.1231774659341036,39.79270910745961,1.894890909879029,0.0195891571751191,14.214721011535474,45.0,0.0163316230597413,0.0650545955514202,0.0965590914993079,real10kg_smc_steady,real10kg_mpc_event,-1.0,-1.0,predictive_alpha,1.0,0.262477892198404,0.2814599964093739,0.2479079560062659,0.0,transformer,16,True,2.5,1.0,0.75,real_10kg_v1,thruster,real_10kg_x,1.0,0.0782539682539682,0.2238095238095238,0.0195891571751191,0.0026396072339803,0.0083597337543077,0.0125,0.0006520520212317,0.0851451867674273,0.1231774659341036,,,20,3,train20_eval3_scn2
step_recovery_10_13s,10.0,13.0,300,0.0522488372219949,0.0506211730849961,0.0129397769126591,0.9688478399991338,0.2476567441621826,0.0613338629290127,0.0467904123992846,0.0794287723811819,1.0,0.1044444444444444,0.3166666666666666,0.0135607200273231,0.0013613068263551,predictive_alpha,sinusoidal,2,20003,0.0,1.0,1.0,0.03,0.01,0.3666306529980879,1.0,1.0,1.0,0.0831417925533676,0.3666306529980879,0.0965590914993079,1.7459776436207213,0.1054573112071856,0.1231774659341036,39.79270910745961,1.894890909879029,0.0195891571751191,14.214721011535474,45.0,0.0163316230597413,0.0650545955514202,0.0965590914993079,real10kg_smc_steady,real10kg_mpc_event,-1.0,-1.0,predictive_alpha,1.0,0.262477892198404,0.2814599964093739,0.2479079560062659,0.0,transformer,16,True,2.5,1.0,0.75,real_10kg_v1,thruster,real_10kg_x,1.0,0.0782539682539682,0.2238095238095238,0.0195891571751191,0.0026396072339803,0.0083597337543077,0.0125,0.0006520520212317,0.0851451867674273,0.1231774659341036,,,20,3,train20_eval3_scn2
post_step_13_20p9s,13.0,20.9,790,0.0976999664159253,0.0968888726957213,0.0125630324932013,0.9916981166938074,0.1285878895773454,0.0165348453459555,0.0892507457279376,0.3229286243797268,1.0,0.070675105485232,0.1417721518987341,0.0194139092971907,0.0027718762363118,predictive_alpha,sinusoidal,2,20003,0.0,1.0,1.0,0.03,0.01,0.3666306529980879,1.0,1.0,1.0,0.0831417925533676,0.3666306529980879,0.0965590914993079,1.7459776436207213,0.1054573112071856,0.1231774659341036,39.79270910745961,1.894890909879029,0.0195891571751191,14.214721011535474,45.0,0.0163316230597413,0.0650545955514202,0.0965590914993079,real10kg_smc_steady,real10kg_mpc_event,-1.0,-1.0,predictive_alpha,1.0,0.262477892198404,0.2814599964093739,0.2479079560062659,0.0,transformer,16,True,2.5,1.0,0.75,real_10kg_v1,thruster,real_10kg_x,1.0,0.0782539682539682,0.2238095238095238,0.0195891571751191,0.0026396072339803,0.0083597337543077,0.0125,0.0006520520212317,0.0851451867674273,0.1231774659341036,,,20,3,train20_eval3_scn2
startup_0_3s,0.0,3.0,300,0.1255985474092564,0.123135312201633,0.0247525756300548,0.9803880278997412,0.1970769259727171,0.0388393147508558,0.1090975006539665,0.2222993737488647,0.806649115961797,0.0,0.0,0.0330937635174927,0.0048172851753343,predictive_alpha,sinusoidal,2,20004,0.0,1.0,1.0,0.03,0.01,0.3664901759854216,1.0,1.0,1.0,0.0799702614198034,0.3664901759854216,0.0917703222888864,1.6793754898158717,0.1052437108746239,0.1229839649178716,39.65497019043154,1.8883319138300731,0.0183741134254954,13.985196432303148,45.0,0.0138001366966713,0.0542983837091152,0.0917703222888864,real10kg_smc_steady,real10kg_mpc_event,-1.0,-1.0,predictive_alpha,1.0,0.2559395415894576,0.2821886860411565,0.2340334685637416,0.0,transformer,16,True,2.5,1.0,0.75,real_10kg_v1,thruster,real_10kg_x,1.0,0.0779365079365079,0.2214285714285714,0.0183741134254954,0.0025182918851971,0.0081606342801801,0.0125,0.0006517155976978,0.0848307621677098,0.1229839649178716,,,20,4,train20_eval4_scn2
pre_step_3_10s,3.0,10.0,700,0.0698044701513274,0.069389891122331,0.007596516513417,0.994060852720496,0.1088256453626643,0.0118430210886003,0.0675766081274281,0.0943099773601949,1.0,0.1021428571428571,0.3514285714285714,0.0132331526719332,0.0017968979715213,predictive_alpha,sinusoidal,2,20004,0.0,1.0,1.0,0.03,0.01,0.3664901759854216,1.0,1.0,1.0,0.0799702614198034,0.3664901759854216,0.0917703222888864,1.6793754898158717,0.1052437108746239,0.1229839649178716,39.65497019043154,1.8883319138300731,0.0183741134254954,13.985196432303148,45.0,0.0138001366966713,0.0542983837091152,0.0917703222888864,real10kg_smc_steady,real10kg_mpc_event,-1.0,-1.0,predictive_alpha,1.0,0.2559395415894576,0.2821886860411565,0.2340334685637416,0.0,transformer,16,True,2.5,1.0,0.75,real_10kg_v1,thruster,real_10kg_x,1.0,0.0779365079365079,0.2214285714285714,0.0183741134254954,0.0025182918851971,0.0081606342801801,0.0125,0.0006517155976978,0.0848307621677098,0.1229839649178716,,,20,4,train20_eval4_scn2
step_recovery_10_13s,10.0,13.0,300,0.0524244308138281,0.0507892193412992,0.0129913873337397,0.9688082169487736,0.2478117002333377,0.0614106387725376,0.0469001215473356,0.0796320970211624,1.0,0.105,0.32,0.0136969347059831,0.001380637428939,predictive_alpha,sinusoidal,2,20004,0.0,1.0,1.0,0.03,0.01,0.3664901759854216,1.0,1.0,1.0,0.0799702614198034,0.3664901759854216,0.0917703222888864,1.6793754898158717,0.1052437108746239,0.1229839649178716,39.65497019043154,1.8883319138300731,0.0183741134254954,13.985196432303148,45.0,0.0138001366966713,0.0542983837091152,0.0917703222888864,real10kg_smc_steady,real10kg_mpc_event,-1.0,-1.0,predictive_alpha,1.0,0.2559395415894576,0.2821886860411565,0.2340334685637416,0.0,transformer,16,True,2.5,1.0,0.75,real_10kg_v1,thruster,real_10kg_x,1.0,0.0779365079365079,0.2214285714285714,0.0183741134254954,0.0025182918851971,0.0081606342801801,0.0125,0.0006517155976978,0.0848307621677098,0.1229839649178716,,,20,4,train20_eval4_scn2
post_step_13_20p9s,13.0,20.9,790,0.0975287834750043,0.0967165852493835,0.0125604834227429,0.9916722202750644,0.1287874509986284,0.0165862075347241,0.0890730710764498,0.3227346219989213,1.0,0.070464135021097,0.1430379746835443,0.0193638661049841,0.0027627534304596,predictive_alpha,sinusoidal,2,20004,0.0,1.0,1.0,0.03,0.01,0.3664901759854216,1.0,1.0,1.0,0.0799702614198034,0.3664901759854216,0.0917703222888864,1.6793754898158717,0.1052437108746239,0.1229839649178716,39.65497019043154,1.8883319138300731,0.0183741134254954,13.985196432303148,45.0,0.0138001366966713,0.0542983837091152,0.0917703222888864,real10kg_smc_steady,real10kg_mpc_event,-1.0,-1.0,predictive_alpha,1.0,0.2559395415894576,0.2821886860411565,0.2340334685637416,0.0,transformer,16,True,2.5,1.0,0.75,real_10kg_v1,thruster,real_10kg_x,1.0,0.0779365079365079,0.2214285714285714,0.0183741134254954,0.0025182918851971,0.0081606342801801,0.0125,0.0006517155976978,0.0848307621677098,0.1229839649178716,,,20,4,train20_eval4_scn2
startup_0_3s,0.0,3.0,300,0.131502884958419,0.1284102485946963,0.0283516632357871,0.9764823686970776,0.2155972718374341,0.0464821836237444,0.1150903216163125,0.2316640414079179,0.820943649047568,0.0,0.0,0.035396362493815,0.0051419195949761,predictive_alpha,sinusoidal,2,20005,0.0,1.0,1.0,0.03,0.01,0.3664876257802821,1.0,1.0,1.0,0.080979189896825,0.3664876257802821,0.093095047559896,1.7005629878333253,0.1052395592285117,0.1229798591155325,39.65520681677309,1.8883431817510992,0.0186672609734171,13.948042172486549,45.0,0.0147497745487561,0.0582688107758263,0.093095047559896,real10kg_smc_steady,real10kg_mpc_event,-1.0,-1.0,predictive_alpha,1.0,0.2564557054010232,0.282119575284542,0.2357449249117746,0.0,transformer,16,True,2.5,1.0,0.75,real_10kg_v1,thruster,real_10kg_x,1.0,0.0782539682539682,0.2252380952380952,0.0186672609734171,0.0025413118371066,0.0081390979629044,0.0125,0.0006479896590047,0.0850233364130772,0.1229798591155325,,,20,5,train20_eval5_scn2
pre_step_3_10s,3.0,10.0,700,0.0704651385384291,0.0700566150889268,0.0075767032093097,0.9942024743302034,0.1075241369911968,0.0115614400357016,0.0680958898958025,0.096143211814185,1.0,0.1030952380952381,0.3628571428571429,0.0131973142010132,0.0017178340756218,predictive_alpha,sinusoidal,2,20005,0.0,1.0,1.0,0.03,0.01,0.3664876257802821,1.0,1.0,1.0,0.080979189896825,0.3664876257802821,0.093095047559896,1.7005629878333253,0.1052395592285117,0.1229798591155325,39.65520681677309,1.8883431817510992,0.0186672609734171,13.948042172486549,45.0,0.0147497745487561,0.0582688107758263,0.093095047559896,real10kg_smc_steady,real10kg_mpc_event,-1.0,-1.0,predictive_alpha,1.0,0.2564557054010232,0.282119575284542,0.2357449249117746,0.0,transformer,16,True,2.5,1.0,0.75,real_10kg_v1,thruster,real_10kg_x,1.0,0.0782539682539682,0.2252380952380952,0.0186672609734171,0.0025413118371066,0.0081390979629044,0.0125,0.0006479896590047,0.0850233364130772,0.1229798591155325,,,20,5,train20_eval5_scn2
step_recovery_10_13s,10.0,13.0,300,0.0522575703993647,0.0506220429968107,0.0129716007830032,0.9687025747646714,0.248224337332777,0.0616153216442962,0.0467717233432792,0.0796272722652525,1.0,0.1044444444444444,0.3166666666666666,0.0135534477664385,0.0013957113724174,predictive_alpha,sinusoidal,2,20005,0.0,1.0,1.0,0.03,0.01,0.3664876257802821,1.0,1.0,1.0,0.080979189896825,0.3664876257802821,0.093095047559896,1.7005629878333253,0.1052395592285117,0.1229798591155325,39.65520681677309,1.8883431817510992,0.0186672609734171,13.948042172486549,45.0,0.0147497745487561,0.0582688107758263,0.093095047559896,real10kg_smc_steady,real10kg_mpc_event,-1.0,-1.0,predictive_alpha,1.0,0.2564557054010232,0.282119575284542,0.2357449249117746,0.0,transformer,16,True,2.5,1.0,0.75,real_10kg_v1,thruster,real_10kg_x,1.0,0.0782539682539682,0.2252380952380952,0.0186672609734171,0.0025413118371066,0.0081390979629044,0.0125,0.0006479896590047,0.0850233364130772,0.1229798591155325,,,20,5,train20_eval5_scn2
post_step_13_20p9s,13.0,20.9,790,0.0975240659836067,0.0967120971076057,0.0125584122811732,0.9916741691621276,0.1287724435452088,0.0165823422166039,0.0890679614936972,0.3227292130404069,1.0,0.070675105485232,0.1443037974683544,0.0193584584402695,0.0027642055900444,predictive_alpha,sinusoidal,2,20005,0.0,1.0,1.0,0.03,0.01,0.3664876257802821,1.0,1.0,1.0,0.080979189896825,0.3664876257802821,0.093095047559896,1.7005629878333253,0.1052395592285117,0.1229798591155325,39.65520681677309,1.8883431817510992,0.0186672609734171,13.948042172486549,45.0,0.0147497745487561,0.0582688107758263,0.093095047559896,real10kg_smc_steady,real10kg_mpc_event,-1.0,-1.0,predictive_alpha,1.0,0.2564557054010232,0.282119575284542,0.2357449249117746,0.0,transformer,16,True,2.5,1.0,0.75,real_10kg_v1,thruster,real_10kg_x,1.0,0.0782539682539682,0.2252380952380952,0.0186672609734171,0.0025413118371066,0.0081390979629044,0.0125,0.0006479896590047,0.0850233364130772,0.1229798591155325,,,20,5,train20_eval5_scn2
startup_0_3s,0.0,3.0,300,0.1253110316607711,0.1227999574901358,0.0249604706748015,0.9799612680754792,0.1991881348672628,0.0396759130718989,0.1094378344611374,0.2243939141846303,0.8081276612574503,0.0,0.0,0.0330775137329446,0.0048412913055331,predictive_alpha,sinusoidal,2,20006,0.0,1.0,1.0,0.03,0.01,0.3664772164611786,1.0,1.0,1.0,0.0801441176299684,0.3664772164611786,0.0918252163758205,1.6830264702293378,0.1052698148585117,0.1229970856099406,39.61722038718896,1.886534304151855,0.0183483656880995,13.866183727911077,45.0,0.01386344696492,0.0544793343487794,0.0918252163758205,real10kg_smc_steady,real10kg_mpc_event,-1.0,-1.0,predictive_alpha,1.0,0.2546302264721334,0.2822072347976423,0.2314343553158133,0.0,transformer,16,True,2.5,1.0,0.75,real_10kg_v1,thruster,real_10kg_x,1.0,0.0779365079365079,0.2219047619047619,0.0183483656880995,0.0025070007492823,0.0081312419402512,0.0125,0.0006692945387174,0.0849708164424478,0.1229970856099406,,,20,6,train20_eval6_scn2
pre_step_3_10s,3.0,10.0,700,0.0702663110185545,0.0698498800552255,0.0076386334135655,0.994073533144226,0.1087097544020558,0.0118178107021552,0.0679913761888211,0.0949062196944111,1.0,0.1021428571428571,0.3528571428571428,0.0131854741422449,0.0017680778477956,predictive_alpha,sinusoidal,2,20006,0.0,1.0,1.0,0.03,0.01,0.3664772164611786,1.0,1.0,1.0,0.0801441176299684,0.3664772164611786,0.0918252163758205,1.6830264702293378,0.1052698148585117,0.1229970856099406,39.61722038718896,1.886534304151855,0.0183483656880995,13.866183727911077,45.0,0.01386344696492,0.0544793343487794,0.0918252163758205,real10kg_smc_steady,real10kg_mpc_event,-1.0,-1.0,predictive_alpha,1.0,0.2546302264721334,0.2822072347976423,0.2314343553158133,0.0,transformer,16,True,2.5,1.0,0.75,real_10kg_v1,thruster,real_10kg_x,1.0,0.0779365079365079,0.2219047619047619,0.0183483656880995,0.0025070007492823,0.0081312419402512,0.0125,0.0006692945387174,0.0849708164424478,0.1229970856099406,,,20,6,train20_eval6_scn2
step_recovery_10_13s,10.0,13.0,300,0.052317804692056,0.0506724398803832,0.0130175467875117,0.9685505762071368,0.2488167625559482,0.0619097813288231,0.0467925485410393,0.079695465299154,1.0,0.1044444444444444,0.3166666666666666,0.0136760726503914,0.0013990246499727,predictive_alpha,sinusoidal,2,20006,0.0,1.0,1.0,0.03,0.01,0.3664772164611786,1.0,1.0,1.0,0.0801441176299684,0.3664772164611786,0.0918252163758205,1.6830264702293378,0.1052698148585117,0.1229970856099406,39.61722038718896,1.886534304151855,0.0183483656880995,13.866183727911077,45.0,0.01386344696492,0.0544793343487794,0.0918252163758205,real10kg_smc_steady,real10kg_mpc_event,-1.0,-1.0,predictive_alpha,1.0,0.2546302264721334,0.2822072347976423,0.2314343553158133,0.0,transformer,16,True,2.5,1.0,0.75,real_10kg_v1,thruster,real_10kg_x,1.0,0.0779365079365079,0.2219047619047619,0.0183483656880995,0.0025070007492823,0.0081312419402512,0.0125,0.0006692945387174,0.0849708164424478,0.1229970856099406,,,20,6,train20_eval6_scn2
post_step_13_20p9s,13.0,20.9,790,0.0975350948425433,0.0967235755300581,0.0125556625721255,0.9916797198608835,0.128729690501608,0.0165713332166397,0.0890794951934175,0.322717611184779,1.0,0.070675105485232,0.1443037974683544,0.0193535022399256,0.0027408771339868,predictive_alpha,sinusoidal,2,20006,0.0,1.0,1.0,0.03,0.01,0.3664772164611786,1.0,1.0,1.0,0.0801441176299684,0.3664772164611786,0.0918252163758205,1.6830264702293378,0.1052698148585117,0.1229970856099406,39.61722038718896,1.886534304151855,0.0183483656880995,13.866183727911077,45.0,0.01386344696492,0.0544793343487794,0.0918252163758205,real10kg_smc_steady,real10kg_mpc_event,-1.0,-1.0,predictive_alpha,1.0,0.2546302264721334,0.2822072347976423,0.2314343553158133,0.0,transformer,16,True,2.5,1.0,0.75,real_10kg_v1,thruster,real_10kg_x,1.0,0.0779365079365079,0.2219047619047619,0.0183483656880995,0.0025070007492823,0.0081312419402512,0.0125,0.0006692945387174,0.0849708164424478,0.1229970856099406,,,20,6,train20_eval6_scn2
startup_0_3s,0.0,3.0,300,0.1373107712173301,0.1331861281704745,0.0334021429740056,0.9699612564237418,0.2432594521018169,0.0591751610368761,0.1201211954051413,0.2290121847867888,0.8078918554664852,0.0,0.0,0.0385071480501215,0.0054345220431584,predictive_alpha,sinusoidal,2,20007,0.0,1.0,1.0,0.03,0.01,0.3664787987051192,1.0,1.0,1.0,0.0817111262728673,0.3664787987051192,0.0942742141662208,1.715933651730213,0.1052521346509377,0.1229884717894577,39.709404133081264,1.8909240063372037,0.0191592847479172,14.140123740255271,45.0,0.0161737401253826,0.0624843071176085,0.0942742141662208,real10kg_smc_steady,real10kg_mpc_event,-1.0,-1.0,predictive_alpha,1.0,0.2598575816705085,0.2806031218546778,0.2431822059302413,0.0,transformer,16,True,2.5,1.0,0.75,real_10kg_v1,thruster,real_10kg_x,1.0,0.0783333333333333,0.2252380952380952,0.0191592847479172,0.0025761120898382,0.0082820593996795,0.0125,0.0006468063768399,0.0850089645315043,0.1229884717894577,,,20,7,train20_eval7_scn2
pre_step_3_10s,3.0,10.0,700,0.0703970168694022,0.0699986966575566,0.0074781314747916,0.994341802684842,0.1062279597538174,0.0112843794334586,0.0681090676781617,0.0960700704441609,1.0,0.1035714285714285,0.3642857142857142,0.0133310813018367,0.0017101994031304,predictive_alpha,sinusoidal,2,20007,0.0,1.0,1.0,0.03,0.01,0.3664787987051192,1.0,1.0,1.0,0.0817111262728673,0.3664787987051192,0.0942742141662208,1.715933651730213,0.1052521346509377,0.1229884717894577,39.709404133081264,1.8909240063372037,0.0191592847479172,14.140123740255271,45.0,0.0161737401253826,0.0624843071176085,0.0942742141662208,real10kg_smc_steady,real10kg_mpc_event,-1.0,-1.0,predictive_alpha,1.0,0.2598575816705085,0.2806031218546778,0.2431822059302413,0.0,transformer,16,True,2.5,1.0,0.75,real_10kg_v1,thruster,real_10kg_x,1.0,0.0783333333333333,0.2252380952380952,0.0191592847479172,0.0025761120898382,0.0082820593996795,0.0125,0.0006468063768399,0.0850089645315043,0.1229884717894577,,,20,7,train20_eval7_scn2
step_recovery_10_13s,10.0,13.0,300,0.0522231879550629,0.0505910161986139,0.0129541669041822,0.9687462251853828,0.248053927985573,0.0615307511890718,0.0467562658708125,0.0794693518758179,1.0,0.1044444444444444,0.3166666666666666,0.0135669368936386,0.0013637012880774,predictive_alpha,sinusoidal,2,20007,0.0,1.0,1.0,0.03,0.01,0.3664787987051192,1.0,1.0,1.0,0.0817111262728673,0.3664787987051192,0.0942742141662208,1.715933651730213,0.1052521346509377,0.1229884717894577,39.709404133081264,1.8909240063372037,0.0191592847479172,14.140123740255271,45.0,0.0161737401253826,0.0624843071176085,0.0942742141662208,real10kg_smc_steady,real10kg_mpc_event,-1.0,-1.0,predictive_alpha,1.0,0.2598575816705085,0.2806031218546778,0.2431822059302413,0.0,transformer,16,True,2.5,1.0,0.75,real_10kg_v1,thruster,real_10kg_x,1.0,0.0783333333333333,0.2252380952380952,0.0191592847479172,0.0025761120898382,0.0082820593996795,0.0125,0.0006468063768399,0.0850089645315043,0.1229884717894577,,,20,7,train20_eval7_scn2
post_step_13_20p9s,13.0,20.9,790,0.0975464999216815,0.09673410189641,0.0125631674853741,0.9916716845204728,0.1287915762786049,0.0165872701203277,0.0890974616242463,0.3227213357257816,1.0,0.070464135021097,0.1430379746835443,0.0193660297689814,0.0027659652114438,predictive_alpha,sinusoidal,2,20007,0.0,1.0,1.0,0.03,0.01,0.3664787987051192,1.0,1.0,1.0,0.0817111262728673,0.3664787987051192,0.0942742141662208,1.715933651730213,0.1052521346509377,0.1229884717894577,39.709404133081264,1.8909240063372037,0.0191592847479172,14.140123740255271,45.0,0.0161737401253826,0.0624843071176085,0.0942742141662208,real10kg_smc_steady,real10kg_mpc_event,-1.0,-1.0,predictive_alpha,1.0,0.2598575816705085,0.2806031218546778,0.2431822059302413,0.0,transformer,16,True,2.5,1.0,0.75,real_10kg_v1,thruster,real_10kg_x,1.0,0.0783333333333333,0.2252380952380952,0.0191592847479172,0.0025761120898382,0.0082820593996795,0.0125,0.0006468063768399,0.0850089645315043,0.1229884717894577,,,20,7,train20_eval7_scn2
startup_0_3s,0.0,3.0,300,0.113572756325548,0.1110096768048817,0.0239921369422987,0.9774322680580242,0.2112490505515868,0.0446261613589468,0.0993095637441679,0.202892809791301,0.7604406981255915,0.0,0.0,0.0308542371706184,0.0045076476328265,predictive_alpha,sinusoidal,2,20008,0.0,1.0,1.0,0.03,0.01,0.3665012684973373,1.0,1.0,1.0,0.0785113989979347,0.3665012684973373,0.0894616396621621,1.648739378956629,0.1052563784853998,0.1229908546197936,39.60987743908806,1.8861846399565745,0.0180210373836444,13.965955397845834,45.0,0.0136078794401176,0.0497322458405888,0.0894616396621621,real10kg_smc_steady,real10kg_mpc_event,-1.0,-1.0,predictive_alpha,1.0,0.2547118785924577,0.2829283059405825,0.2293748679751852,0.0,transformer,16,True,2.5,1.0,0.75,real_10kg_v1,thruster,real_10kg_x,1.0,0.0781746031746031,0.2214285714285714,0.0180210373836444,0.0024622397672703,0.0080745462968428,0.0125,0.0006725438733141,0.0847790499061289,0.1229908546197936,,,20,8,train20_eval8_scn2
pre_step_3_10s,3.0,10.0,700,0.0696252664742476,0.0692089486829293,0.0076025754724068,0.9940205932070328,0.1091927666117998,0.0119230602803389,0.067378804424022,0.0942481238895305,1.0,0.1026190476190476,0.35,0.0131305488297703,0.0017608182870432,predictive_alpha,sinusoidal,2,20008,0.0,1.0,1.0,0.03,0.01,0.3665012684973373,1.0,1.0,1.0,0.0785113989979347,0.3665012684973373,0.0894616396621621,1.648739378956629,0.1052563784853998,0.1229908546197936,39.60987743908806,1.8861846399565745,0.0180210373836444,13.965955397845834,45.0,0.0136078794401176,0.0497322458405888,0.0894616396621621,real10kg_smc_steady,real10kg_mpc_event,-1.0,-1.0,predictive_alpha,1.0,0.2547118785924577,0.2829283059405825,0.2293748679751852,0.0,transformer,16,True,2.5,1.0,0.75,real_10kg_v1,thruster,real_10kg_x,1.0,0.0781746031746031,0.2214285714285714,0.0180210373836444,0.0024622397672703,0.0080745462968428,0.0125,0.0006725438733141,0.0847790499061289,0.1229908546197936,,,20,8,train20_eval8_scn2
step_recovery_10_13s,10.0,13.0,300,0.0524721029478535,0.0508376353337693,0.0129944765743306,0.968850731679107,0.2476454314637342,0.061328259724859,0.0469399122715478,0.0796436732826815,1.0,0.105,0.32,0.0137073468968948,0.0013703373830714,predictive_alpha,sinusoidal,2,20008,0.0,1.0,1.0,0.03,0.01,0.3665012684973373,1.0,1.0,1.0,0.0785113989979347,0.3665012684973373,0.0894616396621621,1.648739378956629,0.1052563784853998,0.1229908546197936,39.60987743908806,1.8861846399565745,0.0180210373836444,13.965955397845834,45.0,0.0136078794401176,0.0497322458405888,0.0894616396621621,real10kg_smc_steady,real10kg_mpc_event,-1.0,-1.0,predictive_alpha,1.0,0.2547118785924577,0.2829283059405825,0.2293748679751852,0.0,transformer,16,True,2.5,1.0,0.75,real_10kg_v1,thruster,real_10kg_x,1.0,0.0781746031746031,0.2214285714285714,0.0180210373836444,0.0024622397672703,0.0080745462968428,0.0125,0.0006725438733141,0.0847790499061289,0.1229908546197936,,,20,8,train20_eval8_scn2
post_step_13_20p9s,13.0,20.9,790,0.0975296682359302,0.0967178310647335,0.0125577601643084,0.991675997818091,0.1287583603168882,0.0165787153514936,0.0890720587350291,0.3227410688482101,1.0,0.070675105485232,0.1443037974683544,0.0193631240194987,0.0027660556428595,predictive_alpha,sinusoidal,2,20008,0.0,1.0,1.0,0.03,0.01,0.3665012684973373,1.0,1.0,1.0,0.0785113989979347,0.3665012684973373,0.0894616396621621,1.648739378956629,0.1052563784853998,0.1229908546197936,39.60987743908806,1.8861846399565745,0.0180210373836444,13.965955397845834,45.0,0.0136078794401176,0.0497322458405888,0.0894616396621621,real10kg_smc_steady,real10kg_mpc_event,-1.0,-1.0,predictive_alpha,1.0,0.2547118785924577,0.2829283059405825,0.2293748679751852,0.0,transformer,16,True,2.5,1.0,0.75,real_10kg_v1,thruster,real_10kg_x,1.0,0.0781746031746031,0.2214285714285714,0.0180210373836444,0.0024622397672703,0.0080745462968428,0.0125,0.0006725438733141,0.0847790499061289,0.1229908546197936,,,20,8,train20_eval8_scn2
startup_0_3s,0.0,3.0,300,0.1140397700838791,0.1101379784157995,0.029575240848806,0.9657856933137474,0.2593414633075176,0.0672579945904845,0.1018451835326133,0.1987589265062607,0.7440942178919595,0.0,0.0,0.0344219743164022,0.0051906234689209,predictive_alpha,sinusoidal,2,20009,0.0,1.0,1.0,0.03,0.01,0.3664889977152724,1.0,1.0,1.0,0.0790957314069988,0.3664889977152724,0.0897661624106432,1.6610103595469752,0.1052716987618106,0.1229989204513665,39.53590710188399,1.882662242946857,0.018517694453147,13.872897340330224,45.0,0.0151066242133084,0.056269664319606,0.0897661624106432,real10kg_smc_steady,real10kg_mpc_event,-1.0,-1.0,predictive_alpha,1.0,0.254386925765637,0.2823542061829098,0.2319212865949486,0.0,transformer,16,True,2.5,1.0,0.75,real_10kg_v1,thruster,real_10kg_x,1.0,0.0785714285714285,0.2261904761904762,0.018517694453147,0.0025364969511823,0.0080841575236977,0.0125,0.0006511895104613,0.0850496700334123,0.1229989204513665,,,20,9,train20_eval9_scn2
pre_step_3_10s,3.0,10.0,700,0.070537548431101,0.0701196215166439,0.0076670996493147,0.9940751142653438,0.1086952951987507,0.0118146671983435,0.0681235752703534,0.0964293211486463,1.0,0.104047619047619,0.3657142857142857,0.0131456717045349,0.0016957507977732,predictive_alpha,sinusoidal,2,20009,0.0,1.0,1.0,0.03,0.01,0.3664889977152724,1.0,1.0,1.0,0.0790957314069988,0.3664889977152724,0.0897661624106432,1.6610103595469752,0.1052716987618106,0.1229989204513665,39.53590710188399,1.882662242946857,0.018517694453147,13.872897340330224,45.0,0.0151066242133084,0.056269664319606,0.0897661624106432,real10kg_smc_steady,real10kg_mpc_event,-1.0,-1.0,predictive_alpha,1.0,0.254386925765637,0.2823542061829098,0.2319212865949486,0.0,transformer,16,True,2.5,1.0,0.75,real_10kg_v1,thruster,real_10kg_x,1.0,0.0785714285714285,0.2261904761904762,0.018517694453147,0.0025364969511823,0.0080841575236977,0.0125,0.0006511895104613,0.0850496700334123,0.1229989204513665,,,20,9,train20_eval9_scn2
step_recovery_10_13s,10.0,13.0,300,0.0522591299405742,0.0506155832132336,0.013003053415642,0.9685500556704734,0.2488187888016556,0.0619107896607229,0.0467583987189262,0.0796964354322728,1.0,0.1044444444444444,0.3166666666666666,0.0135903441835239,0.0013959991604089,predictive_alpha,sinusoidal,2,20009,0.0,1.0,1.0,0.03,0.01,0.3664889977152724,1.0,1.0,1.0,0.0790957314069988,0.3664889977152724,0.0897661624106432,1.6610103595469752,0.1052716987618106,0.1229989204513665,39.53590710188399,1.882662242946857,0.018517694453147,13.872897340330224,45.0,0.0151066242133084,0.056269664319606,0.0897661624106432,real10kg_smc_steady,real10kg_mpc_event,-1.0,-1.0,predictive_alpha,1.0,0.254386925765637,0.2823542061829098,0.2319212865949486,0.0,transformer,16,True,2.5,1.0,0.75,real_10kg_v1,thruster,real_10kg_x,1.0,0.0785714285714285,0.2261904761904762,0.018517694453147,0.0025364969511823,0.0080841575236977,0.0125,0.0006511895104613,0.0850496700334123,0.1229989204513665,,,20,9,train20_eval9_scn2
post_step_13_20p9s,13.0,20.9,790,0.0975296060655276,0.0967185434030054,0.0125517895655545,0.9916839337792744,0.1286972240728756,0.0165629754840639,0.0890716058031623,0.322729585035182,1.0,0.070675105485232,0.1443037974683544,0.0193652127066732,0.0027523749293348,predictive_alpha,sinusoidal,2,20009,0.0,1.0,1.0,0.03,0.01,0.3664889977152724,1.0,1.0,1.0,0.0790957314069988,0.3664889977152724,0.0897661624106432,1.6610103595469752,0.1052716987618106,0.1229989204513665,39.53590710188399,1.882662242946857,0.018517694453147,13.872897340330224,45.0,0.0151066242133084,0.056269664319606,0.0897661624106432,real10kg_smc_steady,real10kg_mpc_event,-1.0,-1.0,predictive_alpha,1.0,0.254386925765637,0.2823542061829098,0.2319212865949486,0.0,transformer,16,True,2.5,1.0,0.75,real_10kg_v1,thruster,real_10kg_x,1.0,0.0785714285714285,0.2261904761904762,0.018517694453147,0.0025364969511823,0.0080841575236977,0.0125,0.0006511895104613,0.0850496700334123,0.1229989204513665,,,20,9,train20_eval9_scn2
startup_0_3s,0.0,3.0,300,0.123001453308077,0.1206647767055409,0.0238614580128919,0.9810028537086994,0.1939933014704067,0.0376334010153881,0.1065634519939747,0.2242136630178887,0.9257983307259254,0.0,0.0,0.0334733864502536,0.0044986473422558,predictive_alpha,step_change,3,20000,0.0,1.0,1.0,0.03,0.01,0.0407975073558683,1.0,1.0,1.0,0.0691234513332045,0.2242136630178887,0.0763624728827712,1.4515924779972955,0.0727690993617561,0.0745648813634029,27.01017767210757,1.2861989367670272,0.0202960882516545,14.752499032531844,45.0,0.0137610771383999,0.0490261619751614,0.0763624728827712,real10kg_smc_steady,real10kg_mpc_event,-1.0,-1.0,predictive_alpha,1.0,0.2061314844972449,0.204841544296611,0.1749048368554074,0.0,transformer,16,True,2.5,1.0,0.75,real_10kg_v1,thruster,real_10kg_x,1.0,0.0124603174603174,0.03,0.0202960882516545,0.0053028627923756,0.008646712508363,0.0125,0.0008156559252706,0.0654334691849983,0.0745648813634029,,,20,0,train20_eval0_scn3
pre_step_3_10s,3.0,10.0,700,0.0673005105419836,0.0669279419497229,0.0070717257855613,0.994464104517776,0.105076851997279,0.011041144825658,0.0663048351872662,0.0908502627177394,1.0,0.0361904761904761,0.0871428571428571,0.0160535481584841,0.0024251574668654,predictive_alpha,step_change,3,20000,0.0,1.0,1.0,0.03,0.01,0.0407975073558683,1.0,1.0,1.0,0.0691234513332045,0.2242136630178887,0.0763624728827712,1.4515924779972955,0.0727690993617561,0.0745648813634029,27.01017767210757,1.2861989367670272,0.0202960882516545,14.752499032531844,45.0,0.0137610771383999,0.0490261619751614,0.0763624728827712,real10kg_smc_steady,real10kg_mpc_event,-1.0,-1.0,predictive_alpha,1.0,0.2061314844972449,0.204841544296611,0.1749048368554074,0.0,transformer,16,True,2.5,1.0,0.75,real_10kg_v1,thruster,real_10kg_x,1.0,0.0124603174603174,0.03,0.0202960882516545,0.0053028627923756,0.008646712508363,0.0125,0.0008156559252706,0.0654334691849983,0.0745648813634029,,,20,0,train20_eval0_scn3
step_recovery_10_13s,10.0,13.0,300,0.0413419748015743,0.0389350633817395,0.0139003496342334,0.9417804439341116,0.3362284869300455,0.1130495954232677,0.0379433547055482,0.0742815425779211,1.0,0.0027777777777777,0.0066666666666666,0.0251379703632804,0.0125330196653996,predictive_alpha,step_change,3,20000,0.0,1.0,1.0,0.03,0.01,0.0407975073558683,1.0,1.0,1.0,0.0691234513332045,0.2242136630178887,0.0763624728827712,1.4515924779972955,0.0727690993617561,0.0745648813634029,27.01017767210757,1.2861989367670272,0.0202960882516545,14.752499032531844,45.0,0.0137610771383999,0.0490261619751614,0.0763624728827712,real10kg_smc_steady,real10kg_mpc_event,-1.0,-1.0,predictive_alpha,1.0,0.2061314844972449,0.204841544296611,0.1749048368554074,0.0,transformer,16,True,2.5,1.0,0.75,real_10kg_v1,thruster,real_10kg_x,1.0,0.0124603174603174,0.03,0.0202960882516545,0.0053028627923756,0.008646712508363,0.0125,0.0008156559252706,0.0654334691849983,0.0745648813634029,,,20,0,train20_eval0_scn3
post_step_13_20p9s,13.0,20.9,790,0.0712091815076581,0.0700199933594245,0.0129594776490701,0.9833000727847752,0.1819916670110367,0.033120966861456,0.0695880880207516,0.0952912957367486,0.8184429914615788,0.0,0.0,0.0174685648448617,0.0026318713177226,predictive_alpha,step_change,3,20000,0.0,1.0,1.0,0.03,0.01,0.0407975073558683,1.0,1.0,1.0,0.0691234513332045,0.2242136630178887,0.0763624728827712,1.4515924779972955,0.0727690993617561,0.0745648813634029,27.01017767210757,1.2861989367670272,0.0202960882516545,14.752499032531844,45.0,0.0137610771383999,0.0490261619751614,0.0763624728827712,real10kg_smc_steady,real10kg_mpc_event,-1.0,-1.0,predictive_alpha,1.0,0.2061314844972449,0.204841544296611,0.1749048368554074,0.0,transformer,16,True,2.5,1.0,0.75,real_10kg_v1,thruster,real_10kg_x,1.0,0.0124603174603174,0.03,0.0202960882516545,0.0053028627923756,0.008646712508363,0.0125,0.0008156559252706,0.0654334691849983,0.0745648813634029,,,20,0,train20_eval0_scn3
startup_0_3s,0.0,3.0,300,0.1263519977123081,0.1235256612552859,0.0265751451046925,0.977631248352262,0.210326275688982,0.0442371422451976,0.10996617700096,0.2278024075717772,0.894883449332974,0.0,0.0,0.0348252622892749,0.0047891941203092,predictive_alpha,step_change,3,20001,0.0,1.0,1.0,0.03,0.01,0.0407244866767444,1.0,1.0,1.0,0.0695924722020515,0.2278024075717772,0.0771207069462043,1.4614419162430832,0.0727174688396619,0.0745083545536388,26.96866114426008,1.2842219592504798,0.0204677318323122,14.763244433445635,45.0,0.0144596975571397,0.0536392794737324,0.0771207069462043,real10kg_smc_steady,real10kg_mpc_event,-1.0,-1.0,predictive_alpha,1.0,0.2062529387064348,0.2045241667640917,0.1747670414018267,0.0,transformer,16,True,2.5,1.0,0.75,real_10kg_v1,thruster,real_10kg_x,1.0,0.0123809523809523,0.03,0.0204677318323122,0.0053222316371002,0.0086384358789131,0.0125,0.000781359865456,0.065406927198482,0.0745083545536388,,,20,1,train20_eval1_scn3
pre_step_3_10s,3.0,10.0,700,0.0672614449328175,0.0668845192772568,0.0071107703872856,0.9943961112352382,0.1057183709685108,0.0111763739602356,0.0662736860893314,0.0906405999141651,1.0,0.0359523809523809,0.0871428571428571,0.0160288034564593,0.0024018741728598,predictive_alpha,step_change,3,20001,0.0,1.0,1.0,0.03,0.01,0.0407244866767444,1.0,1.0,1.0,0.0695924722020515,0.2278024075717772,0.0771207069462043,1.4614419162430832,0.0727174688396619,0.0745083545536388,26.96866114426008,1.2842219592504798,0.0204677318323122,14.763244433445635,45.0,0.0144596975571397,0.0536392794737324,0.0771207069462043,real10kg_smc_steady,real10kg_mpc_event,-1.0,-1.0,predictive_alpha,1.0,0.2062529387064348,0.2045241667640917,0.1747670414018267,0.0,transformer,16,True,2.5,1.0,0.75,real_10kg_v1,thruster,real_10kg_x,1.0,0.0123809523809523,0.03,0.0204677318323122,0.0053222316371002,0.0086384358789131,0.0125,0.000781359865456,0.065406927198482,0.0745083545536388,,,20,1,train20_eval1_scn3
step_recovery_10_13s,10.0,13.0,300,0.0413854747793415,0.0389824615051204,0.0138969499428225,0.9419358292484638,0.3357929325909182,0.1127568935780089,0.0379691916892089,0.0744066443528765,1.0,0.0027777777777777,0.0066666666666666,0.0251675999990192,0.0125356974234724,predictive_alpha,step_change,3,20001,0.0,1.0,1.0,0.03,0.01,0.0407244866767444,1.0,1.0,1.0,0.0695924722020515,0.2278024075717772,0.0771207069462043,1.4614419162430832,0.0727174688396619,0.0745083545536388,26.96866114426008,1.2842219592504798,0.0204677318323122,14.763244433445635,45.0,0.0144596975571397,0.0536392794737324,0.0771207069462043,real10kg_smc_steady,real10kg_mpc_event,-1.0,-1.0,predictive_alpha,1.0,0.2062529387064348,0.2045241667640917,0.1747670414018267,0.0,transformer,16,True,2.5,1.0,0.75,real_10kg_v1,thruster,real_10kg_x,1.0,0.0123809523809523,0.03,0.0204677318323122,0.0053222316371002,0.0086384358789131,0.0125,0.000781359865456,0.065406927198482,0.0745083545536388,,,20,1,train20_eval1_scn3
post_step_13_20p9s,13.0,20.9,790,0.0711772986406713,0.0699874589426223,0.0129600706995786,0.9832834383887508,0.1820815196289723,0.0331536797903958,0.0695614412629837,0.0951852347260868,0.8180472113527433,0.0,0.0,0.0174228059752808,0.0025978002977767,predictive_alpha,step_change,3,20001,0.0,1.0,1.0,0.03,0.01,0.0407244866767444,1.0,1.0,1.0,0.0695924722020515,0.2278024075717772,0.0771207069462043,1.4614419162430832,0.0727174688396619,0.0745083545536388,26.96866114426008,1.2842219592504798,0.0204677318323122,14.763244433445635,45.0,0.0144596975571397,0.0536392794737324,0.0771207069462043,real10kg_smc_steady,real10kg_mpc_event,-1.0,-1.0,predictive_alpha,1.0,0.2062529387064348,0.2045241667640917,0.1747670414018267,0.0,transformer,16,True,2.5,1.0,0.75,real_10kg_v1,thruster,real_10kg_x,1.0,0.0123809523809523,0.03,0.0204677318323122,0.0053222316371002,0.0086384358789131,0.0125,0.000781359865456,0.065406927198482,0.0745083545536388,,,20,1,train20_eval1_scn3
startup_0_3s,0.0,3.0,300,0.1197776750566917,0.1174007390832649,0.0237435866012188,0.9801554340380896,0.1982304848543843,0.0392953251256042,0.1040049073730863,0.2179846825425893,0.9160246497494088,0.0,0.0,0.0329260489600705,0.0045532948016913,predictive_alpha,step_change,3,20002,0.0,1.0,1.0,0.03,0.01,0.0408212437799946,1.0,1.0,1.0,0.0687434280422747,0.2179846825425893,0.0756115279879308,1.4436119888877696,0.0727551998701749,0.0745472220729754,26.99987185709687,1.2857081836712794,0.0202141766383716,14.76220830200246,45.0,0.0137274007170984,0.0477808800705944,0.0756115279879308,real10kg_smc_steady,real10kg_mpc_event,-1.0,-1.0,predictive_alpha,1.0,0.2060510579596452,0.2047505728541626,0.1742543925597454,0.0,transformer,16,True,2.5,1.0,0.75,real_10kg_v1,thruster,real_10kg_x,1.0,0.0124603174603174,0.03,0.0202141766383716,0.005299902653941,0.0086348483066483,0.0125,0.0008238353442421,0.0654128309415173,0.0745472220729754,,,20,2,train20_eval2_scn3
pre_step_3_10s,3.0,10.0,700,0.0672678281251175,0.0668967068360084,0.0070562961366072,0.9944829304074032,0.1048985277699563,0.0110037011283042,0.0662755957948693,0.0907814827138072,1.0,0.0361904761904761,0.0871428571428571,0.0160593696255267,0.0023998397260479,predictive_alpha,step_change,3,20002,0.0,1.0,1.0,0.03,0.01,0.0408212437799946,1.0,1.0,1.0,0.0687434280422747,0.2179846825425893,0.0756115279879308,1.4436119888877696,0.0727551998701749,0.0745472220729754,26.99987185709687,1.2857081836712794,0.0202141766383716,14.76220830200246,45.0,0.0137274007170984,0.0477808800705944,0.0756115279879308,real10kg_smc_steady,real10kg_mpc_event,-1.0,-1.0,predictive_alpha,1.0,0.2060510579596452,0.2047505728541626,0.1742543925597454,0.0,transformer,16,True,2.5,1.0,0.75,real_10kg_v1,thruster,real_10kg_x,1.0,0.0124603174603174,0.03,0.0202141766383716,0.005299902653941,0.0086348483066483,0.0125,0.0008238353442421,0.0654128309415173,0.0745472220729754,,,20,2,train20_eval2_scn3
step_recovery_10_13s,10.0,13.0,300,0.0413374098729932,0.038933435645812,0.0138913298075186,0.9418450687992466,0.3360474168603924,0.1129278663785424,0.0379426567757211,0.0742626353181153,1.0,0.0027777777777777,0.0066666666666666,0.0251141338730421,0.0125182628493528,predictive_alpha,step_change,3,20002,0.0,1.0,1.0,0.03,0.01,0.0408212437799946,1.0,1.0,1.0,0.0687434280422747,0.2179846825425893,0.0756115279879308,1.4436119888877696,0.0727551998701749,0.0745472220729754,26.99987185709687,1.2857081836712794,0.0202141766383716,14.76220830200246,45.0,0.0137274007170984,0.0477808800705944,0.0756115279879308,real10kg_smc_steady,real10kg_mpc_event,-1.0,-1.0,predictive_alpha,1.0,0.2060510579596452,0.2047505728541626,0.1742543925597454,0.0,transformer,16,True,2.5,1.0,0.75,real_10kg_v1,thruster,real_10kg_x,1.0,0.0124603174603174,0.03,0.0202141766383716,0.005299902653941,0.0086348483066483,0.0125,0.0008238353442421,0.0654128309415173,0.0745472220729754,,,20,2,train20_eval2_scn3
post_step_13_20p9s,13.0,20.9,790,0.0711941479125908,0.0700049765773909,0.012958007231006,0.9832967825296552,0.1820094433451942,0.0331274374668274,0.0695753359563975,0.0952551504575408,0.8184501380776816,0.0,0.0,0.0174630120572446,0.0026297701510492,predictive_alpha,step_change,3,20002,0.0,1.0,1.0,0.03,0.01,0.0408212437799946,1.0,1.0,1.0,0.0687434280422747,0.2179846825425893,0.0756115279879308,1.4436119888877696,0.0727551998701749,0.0745472220729754,26.99987185709687,1.2857081836712794,0.0202141766383716,14.76220830200246,45.0,0.0137274007170984,0.0477808800705944,0.0756115279879308,real10kg_smc_steady,real10kg_mpc_event,-1.0,-1.0,predictive_alpha,1.0,0.2060510579596452,0.2047505728541626,0.1742543925597454,0.0,transformer,16,True,2.5,1.0,0.75,real_10kg_v1,thruster,real_10kg_x,1.0,0.0124603174603174,0.03,0.0202141766383716,0.005299902653941,0.0086348483066483,0.0125,0.0008238353442421,0.0654128309415173,0.0745472220729754,,,20,2,train20_eval2_scn3
startup_0_3s,0.0,3.0,300,0.1375404594855564,0.1334095171665296,0.0334556232178,0.9699656207745871,0.2432420492336174,0.0591666945153695,0.119110020968,0.2457731346730086,0.9190935301744554,0.0,0.0,0.0378296823723712,0.0049826885900826,predictive_alpha,step_change,3,20003,0.0,1.0,1.0,0.03,0.01,0.0407980210477309,1.0,1.0,1.0,0.0709954259238329,0.2457731346730086,0.0798974812968432,1.490903944400491,0.0727833834256804,0.0745781250384381,27.0368204591692,1.2874676409128187,0.0209380199909294,14.67712309394078,45.0,0.0163930470347972,0.065126190188,0.0798974812968432,real10kg_smc_steady,real10kg_mpc_event,-1.0,-1.0,predictive_alpha,1.0,0.206274664303338,0.2054843937120865,0.1751636413993713,0.0,transformer,16,True,2.5,1.0,0.75,real_10kg_v1,thruster,real_10kg_x,1.0,0.0126984126984126,0.0304761904761904,0.0209380199909294,0.0053775761921909,0.0086892390504499,0.0125,0.0007921709598057,0.0655335469149934,0.0745781250384381,,,20,3,train20_eval3_scn3
pre_step_3_10s,3.0,10.0,700,0.0675689985511831,0.0671886758098991,0.007159008878474,0.99437134263584,0.1059510875102156,0.0112256329445973,0.0665911546719835,0.0909008435116349,1.0,0.0369047619047619,0.0885714285714285,0.0160066555196887,0.0023709386324116,predictive_alpha,step_change,3,20003,0.0,1.0,1.0,0.03,0.01,0.0407980210477309,1.0,1.0,1.0,0.0709954259238329,0.2457731346730086,0.0798974812968432,1.490903944400491,0.0727833834256804,0.0745781250384381,27.0368204591692,1.2874676409128187,0.0209380199909294,14.67712309394078,45.0,0.0163930470347972,0.065126190188,0.0798974812968432,real10kg_smc_steady,real10kg_mpc_event,-1.0,-1.0,predictive_alpha,1.0,0.206274664303338,0.2054843937120865,0.1751636413993713,0.0,transformer,16,True,2.5,1.0,0.75,real_10kg_v1,thruster,real_10kg_x,1.0,0.0126984126984126,0.0304761904761904,0.0209380199909294,0.0053775761921909,0.0086892390504499,0.0125,0.0007921709598057,0.0655335469149934,0.0745781250384381,,,20,3,train20_eval3_scn3
step_recovery_10_13s,10.0,13.0,300,0.0410159284031716,0.0385545167471203,0.0139948426632857,0.9399888835416196,0.3412050685704706,0.1164208988181795,0.0376828926606134,0.0734808709336017,1.0,0.0027777777777777,0.0066666666666666,0.0252681551861162,0.0126646449323164,predictive_alpha,step_change,3,20003,0.0,1.0,1.0,0.03,0.01,0.0407980210477309,1.0,1.0,1.0,0.0709954259238329,0.2457731346730086,0.0798974812968432,1.490903944400491,0.0727833834256804,0.0745781250384381,27.0368204591692,1.2874676409128187,0.0209380199909294,14.67712309394078,45.0,0.0163930470347972,0.065126190188,0.0798974812968432,real10kg_smc_steady,real10kg_mpc_event,-1.0,-1.0,predictive_alpha,1.0,0.206274664303338,0.2054843937120865,0.1751636413993713,0.0,transformer,16,True,2.5,1.0,0.75,real_10kg_v1,thruster,real_10kg_x,1.0,0.0126984126984126,0.0304761904761904,0.0209380199909294,0.0053775761921909,0.0086892390504499,0.0125,0.0007921709598057,0.0655335469149934,0.0745781250384381,,,20,3,train20_eval3_scn3
post_step_13_20p9s,13.0,20.9,790,0.0712651817577314,0.0700768957154082,0.0129597383405023,0.9833258540424024,0.1818523158273767,0.0330702647717799,0.0696449497635465,0.095288041999177,0.8182674286380283,0.0,0.0,0.0175196784601686,0.0026477770936194,predictive_alpha,step_change,3,20003,0.0,1.0,1.0,0.03,0.01,0.0407980210477309,1.0,1.0,1.0,0.0709954259238329,0.2457731346730086,0.0798974812968432,1.490903944400491,0.0727833834256804,0.0745781250384381,27.0368204591692,1.2874676409128187,0.0209380199909294,14.67712309394078,45.0,0.0163930470347972,0.065126190188,0.0798974812968432,real10kg_smc_steady,real10kg_mpc_event,-1.0,-1.0,predictive_alpha,1.0,0.206274664303338,0.2054843937120865,0.1751636413993713,0.0,transformer,16,True,2.5,1.0,0.75,real_10kg_v1,thruster,real_10kg_x,1.0,0.0126984126984126,0.0304761904761904,0.0209380199909294,0.0053775761921909,0.0086892390504499,0.0125,0.0007921709598057,0.0655335469149934,0.0745781250384381,,,20,3,train20_eval3_scn3
startup_0_3s,0.0,3.0,300,0.1230235920060439,0.1206472566294827,0.0240633259930812,0.9806839051127324,0.1955992797861006,0.0382590782528413,0.1065998332890976,0.2236329555507584,0.9096346394580128,0.0,0.0,0.0337118628141698,0.0046845809491689,predictive_alpha,step_change,3,20004,0.0,1.0,1.0,0.03,0.01,0.0407914151948155,1.0,1.0,1.0,0.069118308663661,0.2236329555507584,0.0763552508886444,1.451484481936882,0.0727638312391674,0.0745567319529384,26.99021892466029,1.2852485202219186,0.0203298743819837,14.763857095368646,45.0,0.0138123944078947,0.0500103828689438,0.0763552508886444,real10kg_smc_steady,real10kg_mpc_event,-1.0,-1.0,predictive_alpha,1.0,0.205914522709465,0.2044247561778301,0.1749819488714759,0.0,transformer,16,True,2.5,1.0,0.75,real_10kg_v1,thruster,real_10kg_x,1.0,0.0124603174603174,0.03,0.0203298743819837,0.0053220477274222,0.0086443436933199,0.0125,0.0007935717046151,0.0654166978910396,0.0745567319529384,,,20,4,train20_eval4_scn3
pre_step_3_10s,3.0,10.0,700,0.0672617059496955,0.066888108862164,0.0070794053497868,0.9944456198031784,0.1052516472758139,0.0110779092542723,0.066273658534485,0.0907546977857074,1.0,0.0361904761904761,0.0871428571428571,0.0160424632591023,0.0024171058265975,predictive_alpha,step_change,3,20004,0.0,1.0,1.0,0.03,0.01,0.0407914151948155,1.0,1.0,1.0,0.069118308663661,0.2236329555507584,0.0763552508886444,1.451484481936882,0.0727638312391674,0.0745567319529384,26.99021892466029,1.2852485202219186,0.0203298743819837,14.763857095368646,45.0,0.0138123944078947,0.0500103828689438,0.0763552508886444,real10kg_smc_steady,real10kg_mpc_event,-1.0,-1.0,predictive_alpha,1.0,0.205914522709465,0.2044247561778301,0.1749819488714759,0.0,transformer,16,True,2.5,1.0,0.75,real_10kg_v1,thruster,real_10kg_x,1.0,0.0124603174603174,0.03,0.0203298743819837,0.0053220477274222,0.0086443436933199,0.0125,0.0007935717046151,0.0654166978910396,0.0745567319529384,,,20,4,train20_eval4_scn3
step_recovery_10_13s,10.0,13.0,300,0.0413682027002182,0.0389632559298967,0.013899384230523,0.9418648475557572,0.3359919774916808,0.1128906089387701,0.0379610868502658,0.0743551606707434,1.0,0.0027777777777777,0.0066666666666666,0.0251476434403864,0.0125346054034161,predictive_alpha,step_change,3,20004,0.0,1.0,1.0,0.03,0.01,0.0407914151948155,1.0,1.0,1.0,0.069118308663661,0.2236329555507584,0.0763552508886444,1.451484481936882,0.0727638312391674,0.0745567319529384,26.99021892466029,1.2852485202219186,0.0203298743819837,14.763857095368646,45.0,0.0138123944078947,0.0500103828689438,0.0763552508886444,real10kg_smc_steady,real10kg_mpc_event,-1.0,-1.0,predictive_alpha,1.0,0.205914522709465,0.2044247561778301,0.1749819488714759,0.0,transformer,16,True,2.5,1.0,0.75,real_10kg_v1,thruster,real_10kg_x,1.0,0.0124603174603174,0.03,0.0203298743819837,0.0053220477274222,0.0086443436933199,0.0125,0.0007935717046151,0.0654166978910396,0.0745567319529384,,,20,4,train20_eval4_scn3
post_step_13_20p9s,13.0,20.9,790,0.0712008204154954,0.0700114353861123,0.0129597740341352,0.9832953465642336,0.1820172009045391,0.0331302614251233,0.0695815707893723,0.0952316078385618,0.8184660625934099,0.0,0.0,0.0174738781758154,0.0026206971046234,predictive_alpha,step_change,3,20004,0.0,1.0,1.0,0.03,0.01,0.0407914151948155,1.0,1.0,1.0,0.069118308663661,0.2236329555507584,0.0763552508886444,1.451484481936882,0.0727638312391674,0.0745567319529384,26.99021892466029,1.2852485202219186,0.0203298743819837,14.763857095368646,45.0,0.0138123944078947,0.0500103828689438,0.0763552508886444,real10kg_smc_steady,real10kg_mpc_event,-1.0,-1.0,predictive_alpha,1.0,0.205914522709465,0.2044247561778301,0.1749819488714759,0.0,transformer,16,True,2.5,1.0,0.75,real_10kg_v1,thruster,real_10kg_x,1.0,0.0124603174603174,0.03,0.0203298743819837,0.0053220477274222,0.0086443436933199,0.0125,0.0007935717046151,0.0654166978910396,0.0745567319529384,,,20,4,train20_eval4_scn3
startup_0_3s,0.0,3.0,300,0.1256490025204003,0.1226777871447837,0.0271630700700548,0.9763530524236816,0.2161821385382243,0.04673471702296,0.1095701024912438,0.2267638432335578,0.9447887627861332,0.0,0.0,0.0362879180945391,0.0049530677897514,predictive_alpha,step_change,3,20005,0.0,1.0,1.0,0.03,0.01,0.0409180562071372,1.0,1.0,1.0,0.069642240656271,0.2267638432335578,0.0770668573621934,1.4624870537816912,0.0728049809674334,0.0745966078045931,27.06403040559424,1.2887633526473448,0.0206940131677217,14.666644462686468,45.0,0.014628704999544,0.053984581424483,0.0770668573621934,real10kg_smc_steady,real10kg_mpc_event,-1.0,-1.0,predictive_alpha,1.0,0.2062521496951521,0.2060555418434636,0.1742905388512493,0.0,transformer,16,True,2.5,1.0,0.75,real_10kg_v1,thruster,real_10kg_x,1.0,0.0126190476190476,0.0304761904761904,0.0206940131677217,0.0053685378286545,0.0086810506021958,0.0125,0.0007803339602924,0.0655584112216237,0.0745966078045931,,,20,5,train20_eval5_scn3
pre_step_3_10s,3.0,10.0,700,0.0676281752679106,0.0672519376628738,0.0071236908029592,0.9944366737155588,0.1053361380037032,0.0110957019695352,0.0666160517428422,0.0912527475409906,1.0,0.0366666666666666,0.0885714285714285,0.0159678540334743,0.0023612235652016,predictive_alpha,step_change,3,20005,0.0,1.0,1.0,0.03,0.01,0.0409180562071372,1.0,1.0,1.0,0.069642240656271,0.2267638432335578,0.0770668573621934,1.4624870537816912,0.0728049809674334,0.0745966078045931,27.06403040559424,1.2887633526473448,0.0206940131677217,14.666644462686468,45.0,0.014628704999544,0.053984581424483,0.0770668573621934,real10kg_smc_steady,real10kg_mpc_event,-1.0,-1.0,predictive_alpha,1.0,0.2062521496951521,0.2060555418434636,0.1742905388512493,0.0,transformer,16,True,2.5,1.0,0.75,real_10kg_v1,thruster,real_10kg_x,1.0,0.0126190476190476,0.0304761904761904,0.0206940131677217,0.0053685378286545,0.0086810506021958,0.0125,0.0007803339602924,0.0655584112216237,0.0745966078045931,,,20,5,train20_eval5_scn3
step_recovery_10_13s,10.0,13.0,300,0.0409986395577687,0.0385418080019565,0.0139791802881343,0.9400752907337212,0.340966930584052,0.1162584477519097,0.0376741981942504,0.0734276773418034,1.0,0.0027777777777777,0.0066666666666666,0.0252324088142217,0.0126456663189433,predictive_alpha,step_change,3,20005,0.0,1.0,1.0,0.03,0.01,0.0409180562071372,1.0,1.0,1.0,0.069642240656271,0.2267638432335578,0.0770668573621934,1.4624870537816912,0.0728049809674334,0.0745966078045931,27.06403040559424,1.2887633526473448,0.0206940131677217,14.666644462686468,45.0,0.014628704999544,0.053984581424483,0.0770668573621934,real10kg_smc_steady,real10kg_mpc_event,-1.0,-1.0,predictive_alpha,1.0,0.2062521496951521,0.2060555418434636,0.1742905388512493,0.0,transformer,16,True,2.5,1.0,0.75,real_10kg_v1,thruster,real_10kg_x,1.0,0.0126190476190476,0.0304761904761904,0.0206940131677217,0.0053685378286545,0.0086810506021958,0.0125,0.0007803339602924,0.0655584112216237,0.0745966078045931,,,20,5,train20_eval5_scn3
post_step_13_20p9s,13.0,20.9,790,0.0712703394178553,0.0700824562995394,0.0129580322487419,0.9833327141694764,0.1818152173061715,0.0330567732440903,0.0696501932615138,0.0952796221603215,0.8181573265613936,0.0,0.0,0.0175010070217973,0.0026489406880264,predictive_alpha,step_change,3,20005,0.0,1.0,1.0,0.03,0.01,0.0409180562071372,1.0,1.0,1.0,0.069642240656271,0.2267638432335578,0.0770668573621934,1.4624870537816912,0.0728049809674334,0.0745966078045931,27.06403040559424,1.2887633526473448,0.0206940131677217,14.666644462686468,45.0,0.014628704999544,0.053984581424483,0.0770668573621934,real10kg_smc_steady,real10kg_mpc_event,-1.0,-1.0,predictive_alpha,1.0,0.2062521496951521,0.2060555418434636,0.1742905388512493,0.0,transformer,16,True,2.5,1.0,0.75,real_10kg_v1,thruster,real_10kg_x,1.0,0.0126190476190476,0.0304761904761904,0.0206940131677217,0.0053685378286545,0.0086810506021958,0.0125,0.0007803339602924,0.0655584112216237,0.0745966078045931,,,20,5,train20_eval5_scn3
startup_0_3s,0.0,3.0,300,0.1206464063965418,0.1182410927252126,0.0239708023968159,0.9800631138284932,0.1986864185413732,0.0394762929127977,0.1050468542639606,0.2191412726876236,0.9343087300295236,0.0,0.0,0.0342543208589439,0.004764422876836,predictive_alpha,step_change,3,20006,0.0,1.0,1.0,0.03,0.01,0.0408403891607552,1.0,1.0,1.0,0.0689467755942153,0.2191412726876236,0.0758625495587174,1.4478822874785229,0.0727713645579566,0.0745613155855764,27.03093913025014,1.2871875776309591,0.0204073249256307,14.730716046380955,45.0,0.0137953354210604,0.0499744813491366,0.0758625495587174,real10kg_smc_steady,real10kg_mpc_event,-1.0,-1.0,predictive_alpha,1.0,0.2060008381073423,0.2047175546856384,0.1746347184244742,0.0,transformer,16,True,2.5,1.0,0.75,real_10kg_v1,thruster,real_10kg_x,1.0,0.0123809523809523,0.03,0.0204073249256307,0.0053373985773578,0.0086490575524758,0.0125,0.0008070231356469,0.0654857867561636,0.0745613155855764,,,20,6,train20_eval6_scn3
pre_step_3_10s,3.0,10.0,700,0.0674124390849395,0.0670389130025622,0.0070866837671488,0.9944590926029744,0.1051242747383711,0.0110511131392685,0.0664023619603563,0.0910767298247356,1.0,0.0359523809523809,0.0871428571428571,0.0160116116930068,0.0024299493319823,predictive_alpha,step_change,3,20006,0.0,1.0,1.0,0.03,0.01,0.0408403891607552,1.0,1.0,1.0,0.0689467755942153,0.2191412726876236,0.0758625495587174,1.4478822874785229,0.0727713645579566,0.0745613155855764,27.03093913025014,1.2871875776309591,0.0204073249256307,14.730716046380955,45.0,0.0137953354210604,0.0499744813491366,0.0758625495587174,real10kg_smc_steady,real10kg_mpc_event,-1.0,-1.0,predictive_alpha,1.0,0.2060008381073423,0.2047175546856384,0.1746347184244742,0.0,transformer,16,True,2.5,1.0,0.75,real_10kg_v1,thruster,real_10kg_x,1.0,0.0123809523809523,0.03,0.0204073249256307,0.0053373985773578,0.0086490575524758,0.0125,0.0008070231356469,0.0654857867561636,0.0745613155855764,,,20,6,train20_eval6_scn3
step_recovery_10_13s,10.0,13.0,300,0.04138210810716,0.0389653368823057,0.013934898386465,0.9415986440662708,0.3367372766602473,0.1133919934925599,0.0379650338552928,0.0744607598120785,1.0,0.0027777777777777,0.0066666666666666,0.0251915367175642,0.0125510818828428,predictive_alpha,step_change,3,20006,0.0,1.0,1.0,0.03,0.01,0.0408403891607552,1.0,1.0,1.0,0.0689467755942153,0.2191412726876236,0.0758625495587174,1.4478822874785229,0.0727713645579566,0.0745613155855764,27.03093913025014,1.2871875776309591,0.0204073249256307,14.730716046380955,45.0,0.0137953354210604,0.0499744813491366,0.0758625495587174,real10kg_smc_steady,real10kg_mpc_event,-1.0,-1.0,predictive_alpha,1.0,0.2060008381073423,0.2047175546856384,0.1746347184244742,0.0,transformer,16,True,2.5,1.0,0.75,real_10kg_v1,thruster,real_10kg_x,1.0,0.0123809523809523,0.03,0.0204073249256307,0.0053373985773578,0.0086490575524758,0.0125,0.0008070231356469,0.0654857867561636,0.0745613155855764,,,20,6,train20_eval6_scn3
post_step_13_20p9s,13.0,20.9,790,0.0712157680474762,0.0700271402970867,0.0129570536930305,0.983309486326158,0.1819407983410735,0.0331024541009871,0.0695991593601846,0.0952296223891947,0.8181673991553639,0.0,0.0,0.0174863318095488,0.0026128532325139,predictive_alpha,step_change,3,20006,0.0,1.0,1.0,0.03,0.01,0.0408403891607552,1.0,1.0,1.0,0.0689467755942153,0.2191412726876236,0.0758625495587174,1.4478822874785229,0.0727713645579566,0.0745613155855764,27.03093913025014,1.2871875776309591,0.0204073249256307,14.730716046380955,45.0,0.0137953354210604,0.0499744813491366,0.0758625495587174,real10kg_smc_steady,real10kg_mpc_event,-1.0,-1.0,predictive_alpha,1.0,0.2060008381073423,0.2047175546856384,0.1746347184244742,0.0,transformer,16,True,2.5,1.0,0.75,real_10kg_v1,thruster,real_10kg_x,1.0,0.0123809523809523,0.03,0.0204073249256307,0.0053373985773578,0.0086490575524758,0.0125,0.0008070231356469,0.0654857867561636,0.0745613155855764,,,20,6,train20_eval6_scn3
startup_0_3s,0.0,3.0,300,0.1308074756292774,0.1266730535454302,0.0326271847694613,0.9683930749067844,0.2494290529841761,0.0622148524725829,0.1139724373307371,0.2332564818241251,0.8966105019339503,0.0,0.0,0.0372641594320406,0.0050481869551413,predictive_alpha,step_change,3,20007,0.0,1.0,1.0,0.03,0.01,0.0408282178155834,1.0,1.0,1.0,0.0703503007318693,0.2332564818241251,0.0783278076156179,1.4773563153692562,0.07280922000722,0.074603517777519,27.009119459354043,1.2861485456835258,0.020870344800741,14.645950442106075,45.0,0.0161641495251259,0.0625584037706932,0.0783278076156179,real10kg_smc_steady,real10kg_mpc_event,-1.0,-1.0,predictive_alpha,1.0,0.2056823103092089,0.2051331875783231,0.1739431020070333,0.0,transformer,16,True,2.5,1.0,0.75,real_10kg_v1,thruster,real_10kg_x,1.0,0.0126984126984126,0.0309523809523809,0.020870344800741,0.0054005242946383,0.008696894302237,0.0125,0.0008005012009387,0.0656202743575753,0.074603517777519,,,20,7,train20_eval7_scn3
pre_step_3_10s,3.0,10.0,700,0.0677175033988355,0.0673383953165051,0.0071554722254642,0.9944016234606636,0.1056665096366691,0.0111654112587962,0.0667802778471445,0.0907697864549691,1.0,0.0371428571428571,0.09,0.0160189215658759,0.0023760323328848,predictive_alpha,step_change,3,20007,0.0,1.0,1.0,0.03,0.01,0.0408282178155834,1.0,1.0,1.0,0.0703503007318693,0.2332564818241251,0.0783278076156179,1.4773563153692562,0.07280922000722,0.074603517777519,27.009119459354043,1.2861485456835258,0.020870344800741,14.645950442106075,45.0,0.0161641495251259,0.0625584037706932,0.0783278076156179,real10kg_smc_steady,real10kg_mpc_event,-1.0,-1.0,predictive_alpha,1.0,0.2056823103092089,0.2051331875783231,0.1739431020070333,0.0,transformer,16,True,2.5,1.0,0.75,real_10kg_v1,thruster,real_10kg_x,1.0,0.0126984126984126,0.0309523809523809,0.020870344800741,0.0054005242946383,0.008696894302237,0.0125,0.0008005012009387,0.0656202743575753,0.074603517777519,,,20,7,train20_eval7_scn3
step_recovery_10_13s,10.0,13.0,300,0.0411510222844683,0.0386632214611339,0.0140912008467739,0.939544616750059,0.3424265076421287,0.1172559131359848,0.0377862418408574,0.0738888815366401,1.0,0.0022222222222222,0.0066666666666666,0.0253344680339224,0.0126725306669241,predictive_alpha,step_change,3,20007,0.0,1.0,1.0,0.03,0.01,0.0408282178155834,1.0,1.0,1.0,0.0703503007318693,0.2332564818241251,0.0783278076156179,1.4773563153692562,0.07280922000722,0.074603517777519,27.009119459354043,1.2861485456835258,0.020870344800741,14.645950442106075,45.0,0.0161641495251259,0.0625584037706932,0.0783278076156179,real10kg_smc_steady,real10kg_mpc_event,-1.0,-1.0,predictive_alpha,1.0,0.2056823103092089,0.2051331875783231,0.1739431020070333,0.0,transformer,16,True,2.5,1.0,0.75,real_10kg_v1,thruster,real_10kg_x,1.0,0.0126984126984126,0.0309523809523809,0.020870344800741,0.0054005242946383,0.008696894302237,0.0125,0.0008005012009387,0.0656202743575753,0.074603517777519,,,20,7,train20_eval7_scn3
post_step_13_20p9s,13.0,20.9,790,0.0712923220494734,0.0701047783408478,0.0129582111800365,0.9833426142607408,0.1817616653171181,0.033037302978852,0.0696738511629919,0.0952946263680775,0.818665047762758,0.0,0.0,0.0175188289157095,0.0026647693182699,predictive_alpha,step_change,3,20007,0.0,1.0,1.0,0.03,0.01,0.0408282178155834,1.0,1.0,1.0,0.0703503007318693,0.2332564818241251,0.0783278076156179,1.4773563153692562,0.07280922000722,0.074603517777519,27.009119459354043,1.2861485456835258,0.020870344800741,14.645950442106075,45.0,0.0161641495251259,0.0625584037706932,0.0783278076156179,real10kg_smc_steady,real10kg_mpc_event,-1.0,-1.0,predictive_alpha,1.0,0.2056823103092089,0.2051331875783231,0.1739431020070333,0.0,transformer,16,True,2.5,1.0,0.75,real_10kg_v1,thruster,real_10kg_x,1.0,0.0126984126984126,0.0309523809523809,0.020870344800741,0.0054005242946383,0.008696894302237,0.0125,0.0008005012009387,0.0656202743575753,0.074603517777519,,,20,7,train20_eval7_scn3
startup_0_3s,0.0,3.0,300,0.1093473719616677,0.106787499211244,0.023521857221144,0.9765895356742444,0.2151113172558889,0.0462728788115636,0.0959419137123487,0.1978350309460695,0.8797727697371507,0.0,0.0,0.0318269108259953,0.0044599789226874,predictive_alpha,step_change,3,20008,0.0,1.0,1.0,0.03,0.01,0.0409241423884282,1.0,1.0,1.0,0.0676010896070169,0.1978350309460695,0.0733263977702311,1.4196228817473562,0.0728194809075586,0.0746127875319097,26.962207658286932,1.283914650394616,0.0200735274667358,14.770384351439745,45.0,0.0136736017556265,0.0453618126514106,0.0733263977702311,real10kg_smc_steady,real10kg_mpc_event,-1.0,-1.0,predictive_alpha,1.0,0.2057578739642233,0.2049106420941953,0.1722147751914148,0.0,transformer,16,True,2.5,1.0,0.75,real_10kg_v1,thruster,real_10kg_x,1.0,0.0124603174603174,0.03,0.0200735274667358,0.0053045875985345,0.0086758615651252,0.0125,0.0008130596759148,0.0654223159107856,0.0746127875319097,,,20,8,train20_eval8_scn3
pre_step_3_10s,3.0,10.0,700,0.0672466929032744,0.0668770915500116,0.0070407621915997,0.9945037988143982,0.1047004973423299,0.0109621941437312,0.0662690058271528,0.0907388285001659,1.0,0.0361904761904761,0.0871428571428571,0.0160596287648635,0.0024073144531177,predictive_alpha,step_change,3,20008,0.0,1.0,1.0,0.03,0.01,0.0409241423884282,1.0,1.0,1.0,0.0676010896070169,0.1978350309460695,0.0733263977702311,1.4196228817473562,0.0728194809075586,0.0746127875319097,26.962207658286932,1.283914650394616,0.0200735274667358,14.770384351439745,45.0,0.0136736017556265,0.0453618126514106,0.0733263977702311,real10kg_smc_steady,real10kg_mpc_event,-1.0,-1.0,predictive_alpha,1.0,0.2057578739642233,0.2049106420941953,0.1722147751914148,0.0,transformer,16,True,2.5,1.0,0.75,real_10kg_v1,thruster,real_10kg_x,1.0,0.0124603174603174,0.03,0.0200735274667358,0.0053045875985345,0.0086758615651252,0.0125,0.0008130596759148,0.0654223159107856,0.0746127875319097,,,20,8,train20_eval8_scn3
step_recovery_10_13s,10.0,13.0,300,0.0412969186859275,0.0388821954335972,0.0139143943891086,0.9415277621389918,0.3369354138726617,0.1135254731215418,0.0379078585120026,0.0742218254617841,1.0,0.0027777777777777,0.0066666666666666,0.0251351897929436,0.0125397069915276,predictive_alpha,step_change,3,20008,0.0,1.0,1.0,0.03,0.01,0.0409241423884282,1.0,1.0,1.0,0.0676010896070169,0.1978350309460695,0.0733263977702311,1.4196228817473562,0.0728194809075586,0.0746127875319097,26.962207658286932,1.283914650394616,0.0200735274667358,14.770384351439745,45.0,0.0136736017556265,0.0453618126514106,0.0733263977702311,real10kg_smc_steady,real10kg_mpc_event,-1.0,-1.0,predictive_alpha,1.0,0.2057578739642233,0.2049106420941953,0.1722147751914148,0.0,transformer,16,True,2.5,1.0,0.75,real_10kg_v1,thruster,real_10kg_x,1.0,0.0124603174603174,0.03,0.0200735274667358,0.0053045875985345,0.0086758615651252,0.0125,0.0008130596759148,0.0654223159107856,0.0746127875319097,,,20,8,train20_eval8_scn3
post_step_13_20p9s,13.0,20.9,790,0.0712397923968884,0.0700517674123262,0.0129559987326765,0.983323575987651,0.181864633469123,0.0330747449068584,0.0696183111080678,0.0952978421933386,0.8182756789525666,0.0,0.0,0.0174978955659476,0.002659627668111,predictive_alpha,step_change,3,20008,0.0,1.0,1.0,0.03,0.01,0.0409241423884282,1.0,1.0,1.0,0.0676010896070169,0.1978350309460695,0.0733263977702311,1.4196228817473562,0.0728194809075586,0.0746127875319097,26.962207658286932,1.283914650394616,0.0200735274667358,14.770384351439745,45.0,0.0136736017556265,0.0453618126514106,0.0733263977702311,real10kg_smc_steady,real10kg_mpc_event,-1.0,-1.0,predictive_alpha,1.0,0.2057578739642233,0.2049106420941953,0.1722147751914148,0.0,transformer,16,True,2.5,1.0,0.75,real_10kg_v1,thruster,real_10kg_x,1.0,0.0124603174603174,0.03,0.0200735274667358,0.0053045875985345,0.0086758615651252,0.0125,0.0008130596759148,0.0654223159107856,0.0746127875319097,,,20,8,train20_eval8_scn3
startup_0_3s,0.0,3.0,300,0.1072208866862813,0.1034177497708549,0.028303490493669,0.964529887478416,0.2639736656579099,0.069682096160874,0.096025107996888,0.1885835110976503,0.877531980084256,0.0,0.0,0.0358279200368571,0.004933780186343,predictive_alpha,step_change,3,20009,0.0,1.0,1.0,0.03,0.01,0.0409634783547039,1.0,1.0,1.0,0.0679766531218213,0.1885835110976503,0.0731974852587069,1.4275097155582483,0.0728484881448348,0.0746391929658395,26.992514928611207,1.285357853743391,0.0206712056201547,14.560428450162147,45.0,0.0149825222960516,0.05218380053214,0.0731974852587069,real10kg_smc_steady,real10kg_mpc_event,-1.0,-1.0,predictive_alpha,1.0,0.2040027697565148,0.2041175468364209,0.1704715988158326,0.0,transformer,16,True,2.5,1.0,0.75,real_10kg_v1,thruster,real_10kg_x,1.0,0.0126984126984126,0.0309523809523809,0.0206712056201547,0.005387218223446,0.0086747551182041,0.0125,0.0008204991515529,0.0658391783003579,0.0746391929658395,,,20,9,train20_eval9_scn3
pre_step_3_10s,3.0,10.0,700,0.0681857762599623,0.0678105450038765,0.0071435334709705,0.9944969277073976,0.1047657423996379,0.0109758607805472,0.0672612886114803,0.0911915641637181,1.0,0.0371428571428571,0.09,0.0160035680841519,0.0023933280966135,predictive_alpha,step_change,3,20009,0.0,1.0,1.0,0.03,0.01,0.0409634783547039,1.0,1.0,1.0,0.0679766531218213,0.1885835110976503,0.0731974852587069,1.4275097155582483,0.0728484881448348,0.0746391929658395,26.992514928611207,1.285357853743391,0.0206712056201547,14.560428450162147,45.0,0.0149825222960516,0.05218380053214,0.0731974852587069,real10kg_smc_steady,real10kg_mpc_event,-1.0,-1.0,predictive_alpha,1.0,0.2040027697565148,0.2041175468364209,0.1704715988158326,0.0,transformer,16,True,2.5,1.0,0.75,real_10kg_v1,thruster,real_10kg_x,1.0,0.0126984126984126,0.0309523809523809,0.0206712056201547,0.005387218223446,0.0086747551182041,0.0125,0.0008204991515529,0.0658391783003579,0.0746391929658395,,,20,9,train20_eval9_scn3
step_recovery_10_13s,10.0,13.0,300,0.0413049434166756,0.0387425110130881,0.01432187805616,0.93796305740603,0.3467352058005252,0.1202253029415325,0.0378972385350114,0.0743746473906815,1.0,0.0022222222222222,0.0066666666666666,0.0253287547376034,0.012559574408693,predictive_alpha,step_change,3,20009,0.0,1.0,1.0,0.03,0.01,0.0409634783547039,1.0,1.0,1.0,0.0679766531218213,0.1885835110976503,0.0731974852587069,1.4275097155582483,0.0728484881448348,0.0746391929658395,26.992514928611207,1.285357853743391,0.0206712056201547,14.560428450162147,45.0,0.0149825222960516,0.05218380053214,0.0731974852587069,real10kg_smc_steady,real10kg_mpc_event,-1.0,-1.0,predictive_alpha,1.0,0.2040027697565148,0.2041175468364209,0.1704715988158326,0.0,transformer,16,True,2.5,1.0,0.75,real_10kg_v1,thruster,real_10kg_x,1.0,0.0126984126984126,0.0309523809523809,0.0206712056201547,0.005387218223446,0.0086747551182041,0.0125,0.0008204991515529,0.0658391783003579,0.0746391929658395,,,20,9,train20_eval9_scn3
post_step_13_20p9s,13.0,20.9,790,0.071321854924982,0.0701363958803984,0.0129496317649659,0.9833787406983384,0.181566110115709,0.0329662523425497,0.0697094885706045,0.0952047798324668,0.8186304970381212,0.0,0.0,0.017551022667957,0.0026642805344093,predictive_alpha,step_change,3,20009,0.0,1.0,1.0,0.03,0.01,0.0409634783547039,1.0,1.0,1.0,0.0679766531218213,0.1885835110976503,0.0731974852587069,1.4275097155582483,0.0728484881448348,0.0746391929658395,26.992514928611207,1.285357853743391,0.0206712056201547,14.560428450162147,45.0,0.0149825222960516,0.05218380053214,0.0731974852587069,real10kg_smc_steady,real10kg_mpc_event,-1.0,-1.0,predictive_alpha,1.0,0.2040027697565148,0.2041175468364209,0.1704715988158326,0.0,transformer,16,True,2.5,1.0,0.75,real_10kg_v1,thruster,real_10kg_x,1.0,0.0126984126984126,0.0309523809523809,0.0206712056201547,0.005387218223446,0.0086747551182041,0.0125,0.0008204991515529,0.0658391783003579,0.0746391929658395,,,20,9,train20_eval9_scn3
startup_0_3s,0.0,3.0,300,0.1364316190866904,0.1342201944513652,0.0244647928267028,0.9837909668584964,0.1793190829990636,0.032155333527625,0.1171519585683748,0.2477790318095609,0.9500089709758746,0.0,0.0,0.0349641645928519,0.0044402760212238,predictive_alpha,constant,1,21000,0.0,1.0,1.0,0.03,0.01,0.0449392147033722,1.0,1.0,1.0,0.0913642844354917,0.2477790318095609,0.1002788359668174,1.918649973145328,0.0795339697070822,0.0814264194714521,30.509900029181065,1.4528523823419557,0.0191548811195684,13.533833638352824,45.0,0.0139602496273598,0.0530196005694818,0.1002788359668174,real10kg_smc_steady,real10kg_mpc_event,-1.0,-1.0,predictive_alpha,1.0,0.250494352987945,0.2900129490955645,0.2247109542748269,0.0,transformer,16,True,2.5,1.0,0.75,real_10kg_v1,thruster,real_10kg_x,1.0,0.0458730158730158,0.1319047619047619,0.0191548811195684,0.0027320459537697,0.0083921333024275,0.0125,0.0006937823367513,0.0928953962919255,0.0814264194714521,,,21,0,train21_eval0_scn1
pre_step_3_10s,3.0,10.0,700,0.0728095358856295,0.0724526619435047,0.0072000203597627,0.995098527441716,0.0988884254264805,0.0097789206833286,0.0719269480754202,0.0964291725311183,1.0,0.0378571428571428,0.0957142857142857,0.0155095390230509,0.0023706700471301,predictive_alpha,constant,1,21000,0.0,1.0,1.0,0.03,0.01,0.0449392147033722,1.0,1.0,1.0,0.0913642844354917,0.2477790318095609,0.1002788359668174,1.918649973145328,0.0795339697070822,0.0814264194714521,30.509900029181065,1.4528523823419557,0.0191548811195684,13.533833638352824,45.0,0.0139602496273598,0.0530196005694818,0.1002788359668174,real10kg_smc_steady,real10kg_mpc_event,-1.0,-1.0,predictive_alpha,1.0,0.250494352987945,0.2900129490955645,0.2247109542748269,0.0,transformer,16,True,2.5,1.0,0.75,real_10kg_v1,thruster,real_10kg_x,1.0,0.0458730158730158,0.1319047619047619,0.0191548811195684,0.0027320459537697,0.0083921333024275,0.0125,0.0006937823367513,0.0928953962919255,0.0814264194714521,,,21,0,train21_eval0_scn1
step_recovery_10_13s,10.0,13.0,300,0.145194608894624,0.1446280163705871,0.0128144969769411,0.996097702742888,0.0882573883045571,0.0077893665903413,0.1376522534385797,0.2010246519904506,1.0,0.2327777777777777,0.7,0.0115072731780114,0.0011415769649223,predictive_alpha,constant,1,21000,0.0,1.0,1.0,0.03,0.01,0.0449392147033722,1.0,1.0,1.0,0.0913642844354917,0.2477790318095609,0.1002788359668174,1.918649973145328,0.0795339697070822,0.0814264194714521,30.509900029181065,1.4528523823419557,0.0191548811195684,13.533833638352824,45.0,0.0139602496273598,0.0530196005694818,0.1002788359668174,real10kg_smc_steady,real10kg_mpc_event,-1.0,-1.0,predictive_alpha,1.0,0.250494352987945,0.2900129490955645,0.2247109542748269,0.0,transformer,16,True,2.5,1.0,0.75,real_10kg_v1,thruster,real_10kg_x,1.0,0.0458730158730158,0.1319047619047619,0.0191548811195684,0.0027320459537697,0.0083921333024275,0.0125,0.0006937823367513,0.0928953962919255,0.0814264194714521,,,21,0,train21_eval0_scn1
post_step_13_20p9s,13.0,20.9,790,0.0832611017803723,0.0821698125381149,0.0134362560682867,0.9868931683712758,0.1613749491776988,0.0260418742221048,0.0817892512561506,0.106593585295558,0.772329691649392,0.0,0.0,0.0194960938292067,0.0030359528217017,predictive_alpha,constant,1,21000,0.0,1.0,1.0,0.03,0.01,0.0449392147033722,1.0,1.0,1.0,0.0913642844354917,0.2477790318095609,0.1002788359668174,1.918649973145328,0.0795339697070822,0.0814264194714521,30.509900029181065,1.4528523823419557,0.0191548811195684,13.533833638352824,45.0,0.0139602496273598,0.0530196005694818,0.1002788359668174,real10kg_smc_steady,real10kg_mpc_event,-1.0,-1.0,predictive_alpha,1.0,0.250494352987945,0.2900129490955645,0.2247109542748269,0.0,transformer,16,True,2.5,1.0,0.75,real_10kg_v1,thruster,real_10kg_x,1.0,0.0458730158730158,0.1319047619047619,0.0191548811195684,0.0027320459537697,0.0083921333024275,0.0125,0.0006937823367513,0.0928953962919255,0.0814264194714521,,,21,0,train21_eval0_scn1
startup_0_3s,0.0,3.0,300,0.1176181109208725,0.1150289562672561,0.0245430078975735,0.977986768930864,0.2086669111195366,0.0435418797961686,0.1024123673333975,0.2132808757568886,0.8416966689364255,0.0,0.0,0.0335365689803286,0.0043363826518772,predictive_alpha,constant,1,21001,0.0,1.0,1.0,0.03,0.01,0.0449399644773403,1.0,1.0,1.0,0.0892794119537793,0.2132808757568886,0.0968791547503305,1.8748676510293667,0.0795375724864651,0.0814310184094666,30.370334291788367,1.4462063948470651,0.0189648169692724,13.581933410065444,45.0,0.0139822395834267,0.0521293643748314,0.0968791547503305,real10kg_smc_steady,real10kg_mpc_event,-1.0,-1.0,predictive_alpha,1.0,0.2498964678723415,0.2898301943254709,0.2226481899453072,0.0,transformer,16,True,2.5,1.0,0.75,real_10kg_v1,thruster,real_10kg_x,1.0,0.0458730158730158,0.1319047619047619,0.0189648169692724,0.0027208162249191,0.0083964819419786,0.0125,0.0006838661299836,0.0929739877236053,0.0814310184094666,,,21,1,train21_eval1_scn1
pre_step_3_10s,3.0,10.0,700,0.0726799826343253,0.0723208573171753,0.0072161951632836,0.9950588139384008,0.0992872439113045,0.0098579568035028,0.0717989843599178,0.0963283657486521,1.0,0.0378571428571428,0.0957142857142857,0.0155818814722621,0.0023628961093578,predictive_alpha,constant,1,21001,0.0,1.0,1.0,0.03,0.01,0.0449399644773403,1.0,1.0,1.0,0.0892794119537793,0.2132808757568886,0.0968791547503305,1.8748676510293667,0.0795375724864651,0.0814310184094666,30.370334291788367,1.4462063948470651,0.0189648169692724,13.581933410065444,45.0,0.0139822395834267,0.0521293643748314,0.0968791547503305,real10kg_smc_steady,real10kg_mpc_event,-1.0,-1.0,predictive_alpha,1.0,0.2498964678723415,0.2898301943254709,0.2226481899453072,0.0,transformer,16,True,2.5,1.0,0.75,real_10kg_v1,thruster,real_10kg_x,1.0,0.0458730158730158,0.1319047619047619,0.0189648169692724,0.0027208162249191,0.0083964819419786,0.0125,0.0006838661299836,0.0929739877236053,0.0814310184094666,,,21,1,train21_eval1_scn1
step_recovery_10_13s,10.0,13.0,300,0.1456418286211231,0.1450770383774154,0.0128138666975479,0.9961220602003222,0.0879820503413361,0.0077408411822654,0.1380899800718144,0.2015563892703863,1.0,0.2327777777777777,0.7,0.0114575053040491,0.0011724204174009,predictive_alpha,constant,1,21001,0.0,1.0,1.0,0.03,0.01,0.0449399644773403,1.0,1.0,1.0,0.0892794119537793,0.2132808757568886,0.0968791547503305,1.8748676510293667,0.0795375724864651,0.0814310184094666,30.370334291788367,1.4462063948470651,0.0189648169692724,13.581933410065444,45.0,0.0139822395834267,0.0521293643748314,0.0968791547503305,real10kg_smc_steady,real10kg_mpc_event,-1.0,-1.0,predictive_alpha,1.0,0.2498964678723415,0.2898301943254709,0.2226481899453072,0.0,transformer,16,True,2.5,1.0,0.75,real_10kg_v1,thruster,real_10kg_x,1.0,0.0458730158730158,0.1319047619047619,0.0189648169692724,0.0027208162249191,0.0083964819419786,0.0125,0.0006838661299836,0.0929739877236053,0.0814310184094666,,,21,1,train21_eval1_scn1
post_step_13_20p9s,13.0,20.9,790,0.0832646613587395,0.0821735287053325,0.0134355874936475,0.986895609306499,0.1613600208588048,0.0260370563315539,0.0817916670883718,0.1066034654285071,0.7715291326231359,0.0,0.0,0.019500257880769,0.003032940083331,predictive_alpha,constant,1,21001,0.0,1.0,1.0,0.03,0.01,0.0449399644773403,1.0,1.0,1.0,0.0892794119537793,0.2132808757568886,0.0968791547503305,1.8748676510293667,0.0795375724864651,0.0814310184094666,30.370334291788367,1.4462063948470651,0.0189648169692724,13.581933410065444,45.0,0.0139822395834267,0.0521293643748314,0.0968791547503305,real10kg_smc_steady,real10kg_mpc_event,-1.0,-1.0,predictive_alpha,1.0,0.2498964678723415,0.2898301943254709,0.2226481899453072,0.0,transformer,16,True,2.5,1.0,0.75,real_10kg_v1,thruster,real_10kg_x,1.0,0.0458730158730158,0.1319047619047619,0.0189648169692724,0.0027208162249191,0.0083964819419786,0.0125,0.0006838661299836,0.0929739877236053,0.0814310184094666,,,21,1,train21_eval1_scn1
startup_0_3s,0.0,3.0,300,0.1191096313382397,0.1155920036844256,0.0287331335177894,0.9704673113811848,0.2412326626735578,0.0581931975405745,0.1047861954485587,0.2125934891104206,0.8897704752484134,0.0,0.0,0.0357614459907707,0.0046215294982943,predictive_alpha,constant,1,21002,0.0,1.0,1.0,0.03,0.01,0.0449527364566845,1.0,1.0,1.0,0.0896218941546178,0.2125934891104206,0.0970955839229244,1.8820597772469752,0.0796069112428582,0.0815054690216615,30.44319884562131,1.4496761355057766,0.0192756804865559,13.553013555910503,45.0,0.0150853952820098,0.0552572985700963,0.0970955839229244,real10kg_smc_steady,real10kg_mpc_event,-1.0,-1.0,predictive_alpha,1.0,0.2511433086174975,0.2904568693181801,0.2240153682318106,0.0,transformer,16,True,2.5,1.0,0.75,real_10kg_v1,thruster,real_10kg_x,1.0,0.0458730158730158,0.1319047619047619,0.0192756804865559,0.0027546212444796,0.0084052158552634,0.0125,0.0006857972543814,0.0929209006304145,0.0815054690216615,,,21,2,train21_eval2_scn1
pre_step_3_10s,3.0,10.0,700,0.0728593585111772,0.0724993437271877,0.0072340363413054,0.9950587708793208,0.0992876754493481,0.009858042496135,0.0719664544465752,0.0965879643289609,1.0,0.0378571428571428,0.0957142857142857,0.0155317959581635,0.0023584134847442,predictive_alpha,constant,1,21002,0.0,1.0,1.0,0.03,0.01,0.0449527364566845,1.0,1.0,1.0,0.0896218941546178,0.2125934891104206,0.0970955839229244,1.8820597772469752,0.0796069112428582,0.0815054690216615,30.44319884562131,1.4496761355057766,0.0192756804865559,13.553013555910503,45.0,0.0150853952820098,0.0552572985700963,0.0970955839229244,real10kg_smc_steady,real10kg_mpc_event,-1.0,-1.0,predictive_alpha,1.0,0.2511433086174975,0.2904568693181801,0.2240153682318106,0.0,transformer,16,True,2.5,1.0,0.75,real_10kg_v1,thruster,real_10kg_x,1.0,0.0458730158730158,0.1319047619047619,0.0192756804865559,0.0027546212444796,0.0084052158552634,0.0125,0.0006857972543814,0.0929209006304145,0.0815054690216615,,,21,2,train21_eval2_scn1
step_recovery_10_13s,10.0,13.0,300,0.1451811945793371,0.1446133616810345,0.0128278947140068,0.9960887985530914,0.088357825895948,0.0078071053970586,0.1376415715228009,0.2010128735024002,1.0,0.2327777777777777,0.7,0.0115217960417,0.0011610892035359,predictive_alpha,constant,1,21002,0.0,1.0,1.0,0.03,0.01,0.0449527364566845,1.0,1.0,1.0,0.0896218941546178,0.2125934891104206,0.0970955839229244,1.8820597772469752,0.0796069112428582,0.0815054690216615,30.44319884562131,1.4496761355057766,0.0192756804865559,13.553013555910503,45.0,0.0150853952820098,0.0552572985700963,0.0970955839229244,real10kg_smc_steady,real10kg_mpc_event,-1.0,-1.0,predictive_alpha,1.0,0.2511433086174975,0.2904568693181801,0.2240153682318106,0.0,transformer,16,True,2.5,1.0,0.75,real_10kg_v1,thruster,real_10kg_x,1.0,0.0458730158730158,0.1319047619047619,0.0192756804865559,0.0027546212444796,0.0084052158552634,0.0125,0.0006857972543814,0.0929209006304145,0.0815054690216615,,,21,2,train21_eval2_scn1
post_step_13_20p9s,13.0,20.9,790,0.0832960844099794,0.0822048458813069,0.0134387868375458,0.9868992818041544,0.1613375578544696,0.0260298075744443,0.0818222772250685,0.1066510791914687,0.7711809374344849,0.0,0.0,0.0194950491985188,0.0030260939946182,predictive_alpha,constant,1,21002,0.0,1.0,1.0,0.03,0.01,0.0449527364566845,1.0,1.0,1.0,0.0896218941546178,0.2125934891104206,0.0970955839229244,1.8820597772469752,0.0796069112428582,0.0815054690216615,30.44319884562131,1.4496761355057766,0.0192756804865559,13.553013555910503,45.0,0.0150853952820098,0.0552572985700963,0.0970955839229244,real10kg_smc_steady,real10kg_mpc_event,-1.0,-1.0,predictive_alpha,1.0,0.2511433086174975,0.2904568693181801,0.2240153682318106,0.0,transformer,16,True,2.5,1.0,0.75,real_10kg_v1,thruster,real_10kg_x,1.0,0.0458730158730158,0.1319047619047619,0.0192756804865559,0.0027546212444796,0.0084052158552634,0.0125,0.0006857972543814,0.0929209006304145,0.0815054690216615,,,21,2,train21_eval2_scn1
startup_0_3s,0.0,3.0,300,0.1333374472010253,0.1310463807938262,0.024611397906777,0.9828175320940036,0.1845797892745905,0.0340696986086522,0.1131904617459313,0.2438229769179957,0.881916821693845,0.0,0.0,0.0314331437411951,0.004075274227949,predictive_alpha,constant,1,21003,0.0,1.0,1.0,0.03,0.01,0.0449519764134618,1.0,1.0,1.0,0.0909820644223534,0.2438229769179957,0.099906093626845,1.910623352869422,0.079504472429905,0.0813942417450976,30.462529012989695,1.450596619666176,0.018668939793422,13.487173052166328,45.0,0.0139681460403275,0.045217721918049,0.099906093626845,real10kg_smc_steady,real10kg_mpc_event,-1.0,-1.0,predictive_alpha,1.0,0.2476024935201682,0.2887419407603417,0.2220771150897434,0.0,transformer,16,True,2.5,1.0,0.75,real_10kg_v1,thruster,real_10kg_x,1.0,0.0457142857142857,0.1319047619047619,0.018668939793422,0.002689692768928,0.0084099096538797,0.0125,0.000659413204569,0.0931752094893855,0.0813942417450976,,,21,3,train21_eval3_scn1
pre_step_3_10s,3.0,10.0,700,0.0732329548932818,0.0728796127704756,0.0071852435468101,0.9951750940089594,0.0981148931827322,0.0096265322642589,0.0722735454586229,0.0969811361348088,1.0,0.0376190476190476,0.0957142857142857,0.0157176567358081,0.002374312717681,predictive_alpha,constant,1,21003,0.0,1.0,1.0,0.03,0.01,0.0449519764134618,1.0,1.0,1.0,0.0909820644223534,0.2438229769179957,0.099906093626845,1.910623352869422,0.079504472429905,0.0813942417450976,30.462529012989695,1.450596619666176,0.018668939793422,13.487173052166328,45.0,0.0139681460403275,0.045217721918049,0.099906093626845,real10kg_smc_steady,real10kg_mpc_event,-1.0,-1.0,predictive_alpha,1.0,0.2476024935201682,0.2887419407603417,0.2220771150897434,0.0,transformer,16,True,2.5,1.0,0.75,real_10kg_v1,thruster,real_10kg_x,1.0,0.0457142857142857,0.1319047619047619,0.018668939793422,0.002689692768928,0.0084099096538797,0.0125,0.000659413204569,0.0931752094893855,0.0813942417450976,,,21,3,train21_eval3_scn1
step_recovery_10_13s,10.0,13.0,300,0.1459110311344684,0.1453607810233504,0.012659871524047,0.996228865584461,0.0867643208715313,0.007528047376298,0.1383478687167231,0.2017870026324048,1.0,0.2322222222222222,0.7,0.011185778056282,0.0012092184364693,predictive_alpha,constant,1,21003,0.0,1.0,1.0,0.03,0.01,0.0449519764134618,1.0,1.0,1.0,0.0909820644223534,0.2438229769179957,0.099906093626845,1.910623352869422,0.079504472429905,0.0813942417450976,30.462529012989695,1.450596619666176,0.018668939793422,13.487173052166328,45.0,0.0139681460403275,0.045217721918049,0.099906093626845,real10kg_smc_steady,real10kg_mpc_event,-1.0,-1.0,predictive_alpha,1.0,0.2476024935201682,0.2887419407603417,0.2220771150897434,0.0,transformer,16,True,2.5,1.0,0.75,real_10kg_v1,thruster,real_10kg_x,1.0,0.0457142857142857,0.1319047619047619,0.018668939793422,0.002689692768928,0.0084099096538797,0.0125,0.000659413204569,0.0931752094893855,0.0813942417450976,,,21,3,train21_eval3_scn1
post_step_13_20p9s,13.0,20.9,790,0.0831688143369708,0.0820786892068246,0.0134216413417662,0.9868926214851474,0.1613782936400478,0.0260429536581734,0.0817063376303918,0.1065583288961112,0.7726696061234744,0.0,0.0,0.0194940924929417,0.0030452912554632,predictive_alpha,constant,1,21003,0.0,1.0,1.0,0.03,0.01,0.0449519764134618,1.0,1.0,1.0,0.0909820644223534,0.2438229769179957,0.099906093626845,1.910623352869422,0.079504472429905,0.0813942417450976,30.462529012989695,1.450596619666176,0.018668939793422,13.487173052166328,45.0,0.0139681460403275,0.045217721918049,0.099906093626845,real10kg_smc_steady,real10kg_mpc_event,-1.0,-1.0,predictive_alpha,1.0,0.2476024935201682,0.2887419407603417,0.2220771150897434,0.0,transformer,16,True,2.5,1.0,0.75,real_10kg_v1,thruster,real_10kg_x,1.0,0.0457142857142857,0.1319047619047619,0.018668939793422,0.002689692768928,0.0084099096538797,0.0125,0.000659413204569,0.0931752094893855,0.0813942417450976,,,21,3,train21_eval3_scn1
startup_0_3s,0.0,3.0,300,0.1170373060948217,0.1148967282494074,0.0222816708420805,0.9817102946330628,0.1903809271210354,0.0362448974114649,0.1010555682281998,0.2144420250904397,0.8560864304474631,0.0,0.0,0.0323687333594025,0.0041718181946056,predictive_alpha,constant,1,21004,0.0,1.0,1.0,0.03,0.01,0.0449822840413944,1.0,1.0,1.0,0.0893195354639277,0.2144420250904397,0.0970219751653047,1.8757102447424825,0.0795276805668319,0.0814213295088229,30.43824065667965,1.4494400312704594,0.0187526608165703,13.4923558517601,45.0,0.013415723424853,0.0455572883689038,0.0970219751653047,real10kg_smc_steady,real10kg_mpc_event,-1.0,-1.0,predictive_alpha,1.0,0.2479455043105005,0.2892946107983919,0.2226023580765052,0.0,transformer,16,True,2.5,1.0,0.75,real_10kg_v1,thruster,real_10kg_x,1.0,0.0457142857142857,0.1319047619047619,0.0187526608165703,0.0026867053108713,0.0083869710796792,0.0125,0.0006657575936638,0.0932694257129188,0.0814213295088229,,,21,4,train21_eval4_scn1
pre_step_3_10s,3.0,10.0,700,0.073324026434801,0.0729680010409114,0.0072169021543149,0.995144492041688,0.0984247934165497,0.0096874399590904,0.0723346091420431,0.0975391830247762,1.0,0.0376190476190476,0.0957142857142857,0.0155805681608998,0.0023574598934901,predictive_alpha,constant,1,21004,0.0,1.0,1.0,0.03,0.01,0.0449822840413944,1.0,1.0,1.0,0.0893195354639277,0.2144420250904397,0.0970219751653047,1.8757102447424825,0.0795276805668319,0.0814213295088229,30.43824065667965,1.4494400312704594,0.0187526608165703,13.4923558517601,45.0,0.013415723424853,0.0455572883689038,0.0970219751653047,real10kg_smc_steady,real10kg_mpc_event,-1.0,-1.0,predictive_alpha,1.0,0.2479455043105005,0.2892946107983919,0.2226023580765052,0.0,transformer,16,True,2.5,1.0,0.75,real_10kg_v1,thruster,real_10kg_x,1.0,0.0457142857142857,0.1319047619047619,0.0187526608165703,0.0026867053108713,0.0083869710796792,0.0125,0.0006657575936638,0.0932694257129188,0.0814213295088229,,,21,4,train21_eval4_scn1
step_recovery_10_13s,10.0,13.0,300,0.1459764236931748,0.1454232404763724,0.0126963539490855,0.9962104619170205,0.086975373336805,0.0075647155670766,0.138409301336181,0.2018763216634214,1.0,0.2322222222222222,0.7,0.0111986712958538,0.0011244736952952,predictive_alpha,constant,1,21004,0.0,1.0,1.0,0.03,0.01,0.0449822840413944,1.0,1.0,1.0,0.0893195354639277,0.2144420250904397,0.0970219751653047,1.8757102447424825,0.0795276805668319,0.0814213295088229,30.43824065667965,1.4494400312704594,0.0187526608165703,13.4923558517601,45.0,0.013415723424853,0.0455572883689038,0.0970219751653047,real10kg_smc_steady,real10kg_mpc_event,-1.0,-1.0,predictive_alpha,1.0,0.2479455043105005,0.2892946107983919,0.2226023580765052,0.0,transformer,16,True,2.5,1.0,0.75,real_10kg_v1,thruster,real_10kg_x,1.0,0.0457142857142857,0.1319047619047619,0.0187526608165703,0.0026867053108713,0.0083869710796792,0.0125,0.0006657575936638,0.0932694257129188,0.0814213295088229,,,21,4,train21_eval4_scn1
post_step_13_20p9s,13.0,20.9,790,0.0832943013687481,0.0822037640619387,0.0134343520333861,0.986907419968846,0.1612877689424582,0.0260137444104357,0.0818170593670522,0.1065947879059547,0.771994679894517,0.0,0.0,0.0194844386621852,0.003045705307103,predictive_alpha,constant,1,21004,0.0,1.0,1.0,0.03,0.01,0.0449822840413944,1.0,1.0,1.0,0.0893195354639277,0.2144420250904397,0.0970219751653047,1.8757102447424825,0.0795276805668319,0.0814213295088229,30.43824065667965,1.4494400312704594,0.0187526608165703,13.4923558517601,45.0,0.013415723424853,0.0455572883689038,0.0970219751653047,real10kg_smc_steady,real10kg_mpc_event,-1.0,-1.0,predictive_alpha,1.0,0.2479455043105005,0.2892946107983919,0.2226023580765052,0.0,transformer,16,True,2.5,1.0,0.75,real_10kg_v1,thruster,real_10kg_x,1.0,0.0457142857142857,0.1319047619047619,0.0187526608165703,0.0026867053108713,0.0083869710796792,0.0125,0.0006657575936638,0.0932694257129188,0.0814213295088229,,,21,4,train21_eval4_scn1
startup_0_3s,0.0,3.0,300,0.116857110857315,0.113886098600344,0.0261828360479058,0.9745756827704,0.2240585605430174,0.050202238552609,0.1023137801201105,0.210296895582414,0.8686082752619786,0.0,0.0,0.034604317863151,0.0045271963507001,predictive_alpha,constant,1,21005,0.0,1.0,1.0,0.03,0.01,0.0449524386448776,1.0,1.0,1.0,0.0893061466300733,0.210296895582414,0.0967863675586632,1.87542907923154,0.0795220352907117,0.0814121453181353,30.41236052791031,1.4482076441862053,0.0191033286073978,13.558840927426138,45.0,0.0144059594602058,0.0535676017489852,0.0967863675586632,real10kg_smc_steady,real10kg_mpc_event,-1.0,-1.0,predictive_alpha,1.0,0.2504385592498452,0.2900413654739267,0.2233081110259185,0.0,transformer,16,True,2.5,1.0,0.75,real_10kg_v1,thruster,real_10kg_x,1.0,0.0458730158730158,0.1319047619047619,0.0191033286073978,0.0027574131145601,0.0084118755077233,0.0125,0.0006830742829255,0.0930211644900286,0.0814121453181353,,,21,5,train21_eval5_scn1
pre_step_3_10s,3.0,10.0,700,0.0728261129277889,0.0724668860575115,0.007224482631906,0.9950673342866232,0.0992018156875892,0.0098410002357144,0.0719188698289881,0.0967209886013523,1.0,0.0378571428571428,0.0957142857142857,0.0155625460986091,0.002355643512012,predictive_alpha,constant,1,21005,0.0,1.0,1.0,0.03,0.01,0.0449524386448776,1.0,1.0,1.0,0.0893061466300733,0.210296895582414,0.0967863675586632,1.87542907923154,0.0795220352907117,0.0814121453181353,30.41236052791031,1.4482076441862053,0.0191033286073978,13.558840927426138,45.0,0.0144059594602058,0.0535676017489852,0.0967863675586632,real10kg_smc_steady,real10kg_mpc_event,-1.0,-1.0,predictive_alpha,1.0,0.2504385592498452,0.2900413654739267,0.2233081110259185,0.0,transformer,16,True,2.5,1.0,0.75,real_10kg_v1,thruster,real_10kg_x,1.0,0.0458730158730158,0.1319047619047619,0.0191033286073978,0.0027574131145601,0.0084118755077233,0.0125,0.0006830742829255,0.0930211644900286,0.0814121453181353,,,21,5,train21_eval5_scn1
step_recovery_10_13s,10.0,13.0,300,0.1456770351766786,0.1451104296791981,0.0128359563798636,0.9961105365935452,0.0881124218672908,0.0077637988873194,0.1381331268645319,0.2015948057719461,1.0,0.2327777777777777,0.7,0.0114475969917163,0.0012258614708575,predictive_alpha,constant,1,21005,0.0,1.0,1.0,0.03,0.01,0.0449524386448776,1.0,1.0,1.0,0.0893061466300733,0.210296895582414,0.0967863675586632,1.87542907923154,0.0795220352907117,0.0814121453181353,30.41236052791031,1.4482076441862053,0.0191033286073978,13.558840927426138,45.0,0.0144059594602058,0.0535676017489852,0.0967863675586632,real10kg_smc_steady,real10kg_mpc_event,-1.0,-1.0,predictive_alpha,1.0,0.2504385592498452,0.2900413654739267,0.2233081110259185,0.0,transformer,16,True,2.5,1.0,0.75,real_10kg_v1,thruster,real_10kg_x,1.0,0.0458730158730158,0.1319047619047619,0.0191033286073978,0.0027574131145601,0.0084118755077233,0.0125,0.0006830742829255,0.0930211644900286,0.0814121453181353,,,21,5,train21_eval5_scn1
post_step_13_20p9s,13.0,20.9,790,0.0832480994487059,0.08215638567424,0.0134377957555226,0.9868860216425904,0.1614186491284704,0.0260559802864602,0.0817773935647781,0.1065210024468645,0.7723788428155677,0.0,0.0,0.0194862103676807,0.0030473766229546,predictive_alpha,constant,1,21005,0.0,1.0,1.0,0.03,0.01,0.0449524386448776,1.0,1.0,1.0,0.0893061466300733,0.210296895582414,0.0967863675586632,1.87542907923154,0.0795220352907117,0.0814121453181353,30.41236052791031,1.4482076441862053,0.0191033286073978,13.558840927426138,45.0,0.0144059594602058,0.0535676017489852,0.0967863675586632,real10kg_smc_steady,real10kg_mpc_event,-1.0,-1.0,predictive_alpha,1.0,0.2504385592498452,0.2900413654739267,0.2233081110259185,0.0,transformer,16,True,2.5,1.0,0.75,real_10kg_v1,thruster,real_10kg_x,1.0,0.0458730158730158,0.1319047619047619,0.0191033286073978,0.0027574131145601,0.0084118755077233,0.0125,0.0006830742829255,0.0930211644900286,0.0814121453181353,,,21,5,train21_eval5_scn1
startup_0_3s,0.0,3.0,300,0.1225171314859742,0.1166728517497442,0.0373884095962063,0.952298265023459,0.3051688293933536,0.0931280144333097,0.1085798948274703,0.2141661213469773,0.8693010347201174,0.0,0.0,0.0375808154752474,0.0047302551037006,predictive_alpha,constant,1,21006,0.0,1.0,1.0,0.03,0.01,0.0449788485558388,1.0,1.0,1.0,0.0900977866217699,0.2141661213469773,0.0975844137104377,1.8920535190571692,0.0794843994718173,0.0813809108474922,30.43156565473581,1.4491221740350384,0.0195267305215313,13.575825199826491,45.0,0.0175992964668407,0.0803860378836152,0.0975844137104377,real10kg_smc_steady,real10kg_mpc_event,-1.0,-1.0,predictive_alpha,1.0,0.2522721271891628,0.2904824540173518,0.2243248286803663,0.0,transformer,16,True,2.5,1.0,0.75,real_10kg_v1,thruster,real_10kg_x,1.0,0.0453968253968253,0.1314285714285714,0.0195267305215313,0.002760244125644,0.0084436159733986,0.0125,0.0006551421044817,0.0927798263694912,0.0813809108474922,,,21,6,train21_eval6_scn1
pre_step_3_10s,3.0,10.0,700,0.0727222534468534,0.0723593063697231,0.0072565093592538,0.9950091332442608,0.0997838902854822,0.0099568247605051,0.0719069556788625,0.0938187553583084,1.0,0.0369047619047619,0.0942857142857142,0.0155601543108738,0.0023512359647432,predictive_alpha,constant,1,21006,0.0,1.0,1.0,0.03,0.01,0.0449788485558388,1.0,1.0,1.0,0.0900977866217699,0.2141661213469773,0.0975844137104377,1.8920535190571692,0.0794843994718173,0.0813809108474922,30.43156565473581,1.4491221740350384,0.0195267305215313,13.575825199826491,45.0,0.0175992964668407,0.0803860378836152,0.0975844137104377,real10kg_smc_steady,real10kg_mpc_event,-1.0,-1.0,predictive_alpha,1.0,0.2522721271891628,0.2904824540173518,0.2243248286803663,0.0,transformer,16,True,2.5,1.0,0.75,real_10kg_v1,thruster,real_10kg_x,1.0,0.0453968253968253,0.1314285714285714,0.0195267305215313,0.002760244125644,0.0084436159733986,0.0125,0.0006551421044817,0.0927798263694912,0.0813809108474922,,,21,6,train21_eval6_scn1
step_recovery_10_13s,10.0,13.0,300,0.144755010406269,0.144181088330229,0.0128773757275987,0.9960352178869027,0.0889597927661164,0.0079138447289903,0.1372697712928584,0.2003782774556904,1.0,0.2316666666666666,0.7,0.0114930496403455,0.0011378358954072,predictive_alpha,constant,1,21006,0.0,1.0,1.0,0.03,0.01,0.0449788485558388,1.0,1.0,1.0,0.0900977866217699,0.2141661213469773,0.0975844137104377,1.8920535190571692,0.0794843994718173,0.0813809108474922,30.43156565473581,1.4491221740350384,0.0195267305215313,13.575825199826491,45.0,0.0175992964668407,0.0803860378836152,0.0975844137104377,real10kg_smc_steady,real10kg_mpc_event,-1.0,-1.0,predictive_alpha,1.0,0.2522721271891628,0.2904824540173518,0.2243248286803663,0.0,transformer,16,True,2.5,1.0,0.75,real_10kg_v1,thruster,real_10kg_x,1.0,0.0453968253968253,0.1314285714285714,0.0195267305215313,0.002760244125644,0.0084436159733986,0.0125,0.0006551421044817,0.0927798263694912,0.0813809108474922,,,21,6,train21_eval6_scn1
post_step_13_20p9s,13.0,20.9,790,0.0833253235485345,0.0822333632579186,0.01344557591772,0.9868952169147,0.1613624207518191,0.0260378308308871,0.0818400612412705,0.1067209834104658,0.7708642838434727,0.0,0.0,0.0194644306670504,0.0030308824496005,predictive_alpha,constant,1,21006,0.0,1.0,1.0,0.03,0.01,0.0449788485558388,1.0,1.0,1.0,0.0900977866217699,0.2141661213469773,0.0975844137104377,1.8920535190571692,0.0794843994718173,0.0813809108474922,30.43156565473581,1.4491221740350384,0.0195267305215313,13.575825199826491,45.0,0.0175992964668407,0.0803860378836152,0.0975844137104377,real10kg_smc_steady,real10kg_mpc_event,-1.0,-1.0,predictive_alpha,1.0,0.2522721271891628,0.2904824540173518,0.2243248286803663,0.0,transformer,16,True,2.5,1.0,0.75,real_10kg_v1,thruster,real_10kg_x,1.0,0.0453968253968253,0.1314285714285714,0.0195267305215313,0.002760244125644,0.0084436159733986,0.0125,0.0006551421044817,0.0927798263694912,0.0813809108474922,,,21,6,train21_eval6_scn1
startup_0_3s,0.0,3.0,300,0.1381097194765851,0.1357353713990038,0.0254990894950295,0.9828082477715564,0.1846292179266399,0.0340879481122027,0.1189425483799932,0.2504392992686608,0.9500257816225478,0.0,0.0,0.0353747089008738,0.0044809409532074,predictive_alpha,constant,1,21007,0.0,1.0,1.0,0.03,0.01,0.0449585433462449,1.0,1.0,1.0,0.0916042421481195,0.2504392992686608,0.1005174833656283,1.923689085110511,0.0796053464009931,0.0815043500033855,30.493991374290214,1.4520948273471532,0.0192407550607252,13.509699692084949,45.0,0.0142256669678791,0.0551129014724482,0.1005174833656283,real10kg_smc_steady,real10kg_mpc_event,-1.0,-1.0,predictive_alpha,1.0,0.2512057862799389,0.2902123071764588,0.2252809968635362,0.0,transformer,16,True,2.5,1.0,0.75,real_10kg_v1,thruster,real_10kg_x,1.0,0.0453968253968253,0.1314285714285714,0.0192407550607252,0.0027327630622643,0.0084275544517551,0.0125,0.000670209805032,0.0927829515780553,0.0815043500033855,,,21,7,train21_eval7_scn1
pre_step_3_10s,3.0,10.0,700,0.0729662977715494,0.0726094636081699,0.0072073854496796,0.99510960300471,0.0987769102969333,0.0097568780078084,0.0721056148953582,0.095631757752639,1.0,0.0369047619047619,0.0942857142857142,0.0155639213029616,0.0023623192729723,predictive_alpha,constant,1,21007,0.0,1.0,1.0,0.03,0.01,0.0449585433462449,1.0,1.0,1.0,0.0916042421481195,0.2504392992686608,0.1005174833656283,1.923689085110511,0.0796053464009931,0.0815043500033855,30.493991374290214,1.4520948273471532,0.0192407550607252,13.509699692084949,45.0,0.0142256669678791,0.0551129014724482,0.1005174833656283,real10kg_smc_steady,real10kg_mpc_event,-1.0,-1.0,predictive_alpha,1.0,0.2512057862799389,0.2902123071764588,0.2252809968635362,0.0,transformer,16,True,2.5,1.0,0.75,real_10kg_v1,thruster,real_10kg_x,1.0,0.0453968253968253,0.1314285714285714,0.0192407550607252,0.0027327630622643,0.0084275544517551,0.0125,0.000670209805032,0.0927829515780553,0.0815043500033855,,,21,7,train21_eval7_scn1
step_recovery_10_13s,10.0,13.0,300,0.1445144585877792,0.1439456584789881,0.0128092211304777,0.9960640608950168,0.0886362600368969,0.0078563865933284,0.13702103752041,0.2000956659546536,1.0,0.2316666666666666,0.7,0.0115171497693711,0.0011269367364479,predictive_alpha,constant,1,21007,0.0,1.0,1.0,0.03,0.01,0.0449585433462449,1.0,1.0,1.0,0.0916042421481195,0.2504392992686608,0.1005174833656283,1.923689085110511,0.0796053464009931,0.0815043500033855,30.493991374290214,1.4520948273471532,0.0192407550607252,13.509699692084949,45.0,0.0142256669678791,0.0551129014724482,0.1005174833656283,real10kg_smc_steady,real10kg_mpc_event,-1.0,-1.0,predictive_alpha,1.0,0.2512057862799389,0.2902123071764588,0.2252809968635362,0.0,transformer,16,True,2.5,1.0,0.75,real_10kg_v1,thruster,real_10kg_x,1.0,0.0453968253968253,0.1314285714285714,0.0192407550607252,0.0027327630622643,0.0084275544517551,0.0125,0.000670209805032,0.0927829515780553,0.0815043500033855,,,21,7,train21_eval7_scn1
post_step_13_20p9s,13.0,20.9,790,0.083302968210199,0.0822113299091425,0.0134417910711168,0.98689556537407,0.1613602895541372,0.026037143044995,0.0818281658620468,0.1066606486377926,0.771837354656127,0.0,0.0,0.0195175911718547,0.0030426584748476,predictive_alpha,constant,1,21007,0.0,1.0,1.0,0.03,0.01,0.0449585433462449,1.0,1.0,1.0,0.0916042421481195,0.2504392992686608,0.1005174833656283,1.923689085110511,0.0796053464009931,0.0815043500033855,30.493991374290214,1.4520948273471532,0.0192407550607252,13.509699692084949,45.0,0.0142256669678791,0.0551129014724482,0.1005174833656283,real10kg_smc_steady,real10kg_mpc_event,-1.0,-1.0,predictive_alpha,1.0,0.2512057862799389,0.2902123071764588,0.2252809968635362,0.0,transformer,16,True,2.5,1.0,0.75,real_10kg_v1,thruster,real_10kg_x,1.0,0.0453968253968253,0.1314285714285714,0.0192407550607252,0.0027327630622643,0.0084275544517551,0.0125,0.000670209805032,0.0927829515780553,0.0815043500033855,,,21,7,train21_eval7_scn1
startup_0_3s,0.0,3.0,300,0.1144210697287364,0.1122462394586936,0.0222027684140959,0.980992746570201,0.1940444051670998,0.0376532311766536,0.0984569240249794,0.2105716675831614,0.826651776006431,0.0,0.0,0.0319947661373794,0.0042238066426456,predictive_alpha,constant,1,21008,0.0,1.0,1.0,0.03,0.01,0.0449970533237355,1.0,1.0,1.0,0.0889219285984133,0.2105716675831614,0.0965596383600227,1.867360500566681,0.0794299604899337,0.0813136145963215,30.387209600132877,1.4470099809587085,0.018704645482833,13.513889177724112,45.0,0.01340083659728,0.0459829621866733,0.0965596383600227,real10kg_smc_steady,real10kg_mpc_event,-1.0,-1.0,predictive_alpha,1.0,0.2478367485634032,0.2893150604327028,0.2219751086290315,0.0,transformer,16,True,2.5,1.0,0.75,real_10kg_v1,thruster,real_10kg_x,1.0,0.0457142857142857,0.1319047619047619,0.018704645482833,0.0026987152195458,0.0083951798019405,0.0125,0.0006373847120625,0.0932507060953252,0.0813136145963215,,,21,8,train21_eval8_scn1
pre_step_3_10s,3.0,10.0,700,0.0732201675470418,0.0728613032098103,0.0072404026258876,0.9950988320669856,0.0988853599827658,0.0097783144189211,0.0722495653153513,0.0971712672936954,1.0,0.0376190476190476,0.0957142857142857,0.01562389014129,0.0023791659883742,predictive_alpha,constant,1,21008,0.0,1.0,1.0,0.03,0.01,0.0449970533237355,1.0,1.0,1.0,0.0889219285984133,0.2105716675831614,0.0965596383600227,1.867360500566681,0.0794299604899337,0.0813136145963215,30.387209600132877,1.4470099809587085,0.018704645482833,13.513889177724112,45.0,0.01340083659728,0.0459829621866733,0.0965596383600227,real10kg_smc_steady,real10kg_mpc_event,-1.0,-1.0,predictive_alpha,1.0,0.2478367485634032,0.2893150604327028,0.2219751086290315,0.0,transformer,16,True,2.5,1.0,0.75,real_10kg_v1,thruster,real_10kg_x,1.0,0.0457142857142857,0.1319047619047619,0.018704645482833,0.0026987152195458,0.0083951798019405,0.0125,0.0006373847120625,0.0932507060953252,0.0813136145963215,,,21,8,train21_eval8_scn1
step_recovery_10_13s,10.0,13.0,300,0.1460770758113751,0.1455241833721411,0.0126974064861173,0.996215063615129,0.0869226496737453,0.0075555470263046,0.1385071014397621,0.2019940068790872,1.0,0.2322222222222222,0.7,0.0111989090771827,0.0011211191622417,predictive_alpha,constant,1,21008,0.0,1.0,1.0,0.03,0.01,0.0449970533237355,1.0,1.0,1.0,0.0889219285984133,0.2105716675831614,0.0965596383600227,1.867360500566681,0.0794299604899337,0.0813136145963215,30.387209600132877,1.4470099809587085,0.018704645482833,13.513889177724112,45.0,0.01340083659728,0.0459829621866733,0.0965596383600227,real10kg_smc_steady,real10kg_mpc_event,-1.0,-1.0,predictive_alpha,1.0,0.2478367485634032,0.2893150604327028,0.2219751086290315,0.0,transformer,16,True,2.5,1.0,0.75,real_10kg_v1,thruster,real_10kg_x,1.0,0.0457142857142857,0.1319047619047619,0.018704645482833,0.0026987152195458,0.0083951798019405,0.0125,0.0006373847120625,0.0932507060953252,0.0813136145963215,,,21,8,train21_eval8_scn1
post_step_13_20p9s,13.0,20.9,790,0.0832603709473892,0.0821695989458665,0.0134330331411894,0.9868992656517002,0.1613376566587432,0.0260298394561345,0.081784969011471,0.1064816604321283,0.7715818536966389,0.0,0.0,0.0194649663746337,0.0030403114793958,predictive_alpha,constant,1,21008,0.0,1.0,1.0,0.03,0.01,0.0449970533237355,1.0,1.0,1.0,0.0889219285984133,0.2105716675831614,0.0965596383600227,1.867360500566681,0.0794299604899337,0.0813136145963215,30.387209600132877,1.4470099809587085,0.018704645482833,13.513889177724112,45.0,0.01340083659728,0.0459829621866733,0.0965596383600227,real10kg_smc_steady,real10kg_mpc_event,-1.0,-1.0,predictive_alpha,1.0,0.2478367485634032,0.2893150604327028,0.2219751086290315,0.0,transformer,16,True,2.5,1.0,0.75,real_10kg_v1,thruster,real_10kg_x,1.0,0.0457142857142857,0.1319047619047619,0.018704645482833,0.0026987152195458,0.0083951798019405,0.0125,0.0006373847120625,0.0932507060953252,0.0813136145963215,,,21,8,train21_eval8_scn1
startup_0_3s,0.0,3.0,300,0.1101545850277739,0.1065830772379214,0.0278222976969253,0.9675773115667228,0.2525750307162465,0.0637941461413128,0.0976158801028656,0.1963888369989294,0.8570226967731351,0.0,0.0,0.0349144160812246,0.0044999338633361,predictive_alpha,constant,1,21009,0.0,1.0,1.0,0.03,0.01,0.0449615195081366,1.0,1.0,1.0,0.0886596315993429,0.2015558146728259,0.095677372973018,1.8618522635862012,0.0796203845636552,0.0815197856612164,30.40588507094275,1.447899289092512,0.0191585407377449,13.572861146378584,45.0,0.0148348459815992,0.0533442625453019,0.095677372973018,real10kg_smc_steady,real10kg_mpc_event,-1.0,-1.0,predictive_alpha,1.0,0.2507265706371976,0.2903655738616852,0.2228168517060112,0.0,transformer,16,True,2.5,1.0,0.75,real_10kg_v1,thruster,real_10kg_x,1.0,0.0458730158730158,0.1319047619047619,0.0191585407377449,0.0027355962313015,0.0084069091756671,0.0125,0.0006792660170782,0.0930457640899402,0.0815197856612164,,,21,9,train21_eval9_scn1
pre_step_3_10s,3.0,10.0,700,0.0728407613125972,0.0724813493328124,0.007227067696761,0.995065784962868,0.0992173553176626,0.0098440835962313,0.0719354928847912,0.09676374941749,1.0,0.0378571428571428,0.0957142857142857,0.0155303529332934,0.0023487533867251,predictive_alpha,constant,1,21009,0.0,1.0,1.0,0.03,0.01,0.0449615195081366,1.0,1.0,1.0,0.0886596315993429,0.2015558146728259,0.095677372973018,1.8618522635862012,0.0796203845636552,0.0815197856612164,30.40588507094275,1.447899289092512,0.0191585407377449,13.572861146378584,45.0,0.0148348459815992,0.0533442625453019,0.095677372973018,real10kg_smc_steady,real10kg_mpc_event,-1.0,-1.0,predictive_alpha,1.0,0.2507265706371976,0.2903655738616852,0.2228168517060112,0.0,transformer,16,True,2.5,1.0,0.75,real_10kg_v1,thruster,real_10kg_x,1.0,0.0458730158730158,0.1319047619047619,0.0191585407377449,0.0027355962313015,0.0084069091756671,0.0125,0.0006792660170782,0.0930457640899402,0.0815197856612164,,,21,9,train21_eval9_scn1
step_recovery_10_13s,10.0,13.0,300,0.14563775261984,0.1450742682895458,0.0127988932494417,0.9961309185279378,0.087881699759889,0.0077231931526872,0.1380796012531676,0.2015558146728259,1.0,0.2327777777777777,0.7,0.0114752750250533,0.0011402000723236,predictive_alpha,constant,1,21009,0.0,1.0,1.0,0.03,0.01,0.0449615195081366,1.0,1.0,1.0,0.0886596315993429,0.2015558146728259,0.095677372973018,1.8618522635862012,0.0796203845636552,0.0815197856612164,30.40588507094275,1.447899289092512,0.0191585407377449,13.572861146378584,45.0,0.0148348459815992,0.0533442625453019,0.095677372973018,real10kg_smc_steady,real10kg_mpc_event,-1.0,-1.0,predictive_alpha,1.0,0.2507265706371976,0.2903655738616852,0.2228168517060112,0.0,transformer,16,True,2.5,1.0,0.75,real_10kg_v1,thruster,real_10kg_x,1.0,0.0458730158730158,0.1319047619047619,0.0191585407377449,0.0027355962313015,0.0084069091756671,0.0125,0.0006792660170782,0.0930457640899402,0.0815197856612164,,,21,9,train21_eval9_scn1
post_step_13_20p9s,13.0,20.9,790,0.0833253430828568,0.0822346422832075,0.0134378721689372,0.9869103353278154,0.1612699290727788,0.0260079900231391,0.0818482329766078,0.1066013154915507,0.7729264441480128,0.0,0.0,0.0195219392511228,0.0030387716805535,predictive_alpha,constant,1,21009,0.0,1.0,1.0,0.03,0.01,0.0449615195081366,1.0,1.0,1.0,0.0886596315993429,0.2015558146728259,0.095677372973018,1.8618522635862012,0.0796203845636552,0.0815197856612164,30.40588507094275,1.447899289092512,0.0191585407377449,13.572861146378584,45.0,0.0148348459815992,0.0533442625453019,0.095677372973018,real10kg_smc_steady,real10kg_mpc_event,-1.0,-1.0,predictive_alpha,1.0,0.2507265706371976,0.2903655738616852,0.2228168517060112,0.0,transformer,16,True,2.5,1.0,0.75,real_10kg_v1,thruster,real_10kg_x,1.0,0.0458730158730158,0.1319047619047619,0.0191585407377449,0.0027355962313015,0.0084069091756671,0.0125,0.0006792660170782,0.0930457640899402,0.0815197856612164,,,21,9,train21_eval9_scn1
startup_0_3s,0.0,3.0,300,0.1394157375858554,0.1372951475985549,0.0242237555407726,0.9847894504306262,0.1737519447964406,0.0301897383205453,0.1204419235902826,0.2402367449062468,0.8413113493635423,0.0,0.0,0.0357450569641058,0.0048604947855859,predictive_alpha,sinusoidal,2,21000,0.0,1.0,1.0,0.03,0.01,0.4652058004589542,1.0,1.0,1.0,0.0862578355930469,0.4652058004589542,0.1034830045213398,1.811414547453985,0.1176585515971565,0.1494773218679787,38.64279969590302,1.8401333188525248,0.0197755236759885,13.34963484083594,45.0,0.0137423377844015,0.0532424498260117,0.1034830045213398,real10kg_smc_steady,real10kg_mpc_event,-1.0,-1.0,predictive_alpha,1.0,0.226880424841129,0.2487830649241267,0.2146142825855696,0.0,transformer,16,True,2.5,1.0,0.75,real_10kg_v1,thruster,real_10kg_x,1.0,0.0714285714285714,0.2247619047619047,0.0197755236759885,0.0026442077925174,0.0082223053016224,0.0125,0.000694684271621,0.0961980402492149,0.1494773218679787,,,21,0,train21_eval0_scn2
pre_step_3_10s,3.0,10.0,700,0.0753432920890423,0.0749380739706988,0.0078036358434269,0.9946217094168835,0.103574394309774,0.0107276551566365,0.0732272442192254,0.100116246117714,1.0,0.1021428571428571,0.3514285714285714,0.0132223941147621,0.0018132570716972,predictive_alpha,sinusoidal,2,21000,0.0,1.0,1.0,0.03,0.01,0.4652058004589542,1.0,1.0,1.0,0.0862578355930469,0.4652058004589542,0.1034830045213398,1.811414547453985,0.1176585515971565,0.1494773218679787,38.64279969590302,1.8401333188525248,0.0197755236759885,13.34963484083594,45.0,0.0137423377844015,0.0532424498260117,0.1034830045213398,real10kg_smc_steady,real10kg_mpc_event,-1.0,-1.0,predictive_alpha,1.0,0.226880424841129,0.2487830649241267,0.2146142825855696,0.0,transformer,16,True,2.5,1.0,0.75,real_10kg_v1,thruster,real_10kg_x,1.0,0.0714285714285714,0.2247619047619047,0.0197755236759885,0.0026442077925174,0.0082223053016224,0.0125,0.000694684271621,0.0961980402492149,0.1494773218679787,,,21,0,train21_eval0_scn2
step_recovery_10_13s,10.0,13.0,300,0.0525339571169042,0.0510868109933454,0.0122455866699367,0.972453129309516,0.2330985012738823,0.0543349112961301,0.0469024578693662,0.0819487138736848,1.0,0.1022222222222222,0.31,0.0137399738217006,0.0011897585953701,predictive_alpha,sinusoidal,2,21000,0.0,1.0,1.0,0.03,0.01,0.4652058004589542,1.0,1.0,1.0,0.0862578355930469,0.4652058004589542,0.1034830045213398,1.811414547453985,0.1176585515971565,0.1494773218679787,38.64279969590302,1.8401333188525248,0.0197755236759885,13.34963484083594,45.0,0.0137423377844015,0.0532424498260117,0.1034830045213398,real10kg_smc_steady,real10kg_mpc_event,-1.0,-1.0,predictive_alpha,1.0,0.226880424841129,0.2487830649241267,0.2146142825855696,0.0,transformer,16,True,2.5,1.0,0.75,real_10kg_v1,thruster,real_10kg_x,1.0,0.0714285714285714,0.2247619047619047,0.0197755236759885,0.0026442077925174,0.0082223053016224,0.0125,0.000694684271621,0.0961980402492149,0.1494773218679787,,,21,0,train21_eval0_scn2
post_step_13_20p9s,13.0,20.9,790,0.1116960228484609,0.11094238745467,0.0129533079181253,0.9932528001036052,0.1159692850988908,0.0134488750863478,0.0952010206995393,0.4242123002211539,1.0,0.0563291139240506,0.1556962025316455,0.0219057854359425,0.0031265972539008,predictive_alpha,sinusoidal,2,21000,0.0,1.0,1.0,0.03,0.01,0.4652058004589542,1.0,1.0,1.0,0.0862578355930469,0.4652058004589542,0.1034830045213398,1.811414547453985,0.1176585515971565,0.1494773218679787,38.64279969590302,1.8401333188525248,0.0197755236759885,13.34963484083594,45.0,0.0137423377844015,0.0532424498260117,0.1034830045213398,real10kg_smc_steady,real10kg_mpc_event,-1.0,-1.0,predictive_alpha,1.0,0.226880424841129,0.2487830649241267,0.2146142825855696,0.0,transformer,16,True,2.5,1.0,0.75,real_10kg_v1,thruster,real_10kg_x,1.0,0.0714285714285714,0.2247619047619047,0.0197755236759885,0.0026442077925174,0.0082223053016224,0.0125,0.000694684271621,0.0961980402492149,0.1494773218679787,,,21,0,train21_eval0_scn2
startup_0_3s,0.0,3.0,300,0.1147100376311964,0.1119249914756728,0.0251234754068992,0.9757209899583696,0.2190172362045036,0.0479685497546593,0.0999058989282002,0.2006671074173561,0.7501861506546397,0.0,0.0,0.033078013255085,0.0045670279185316,predictive_alpha,sinusoidal,2,21001,0.0,1.0,1.0,0.03,0.01,0.4662768867123796,1.0,1.0,1.0,0.0831694381794235,0.4662768867123796,0.0990460636316966,1.746558201767895,0.1178576620651669,0.1498613685927989,38.4970151660144,1.833191198381638,0.0193587162280464,13.30004965008598,45.0,0.0139751242957737,0.0542766366005434,0.0990460636316966,real10kg_smc_steady,real10kg_mpc_event,-1.0,-1.0,predictive_alpha,1.0,0.2219378476287372,0.2489162668528866,0.2071007780198263,0.0,transformer,16,True,2.5,1.0,0.75,real_10kg_v1,thruster,real_10kg_x,1.0,0.0715079365079365,0.2242857142857142,0.0193587162280464,0.0025971767896246,0.008075389291482,0.0125,0.0006988917886405,0.0961877212479051,0.1498613685927989,,,21,1,train21_eval1_scn2
pre_step_3_10s,3.0,10.0,700,0.0749248896113926,0.0745124418165722,0.0078508023673581,0.9944951831499566,0.1047823014231634,0.0109793306915346,0.0727704838201257,0.1000294129129725,1.0,0.1023809523809523,0.35,0.0130520743005554,0.0017995225840287,predictive_alpha,sinusoidal,2,21001,0.0,1.0,1.0,0.03,0.01,0.4662768867123796,1.0,1.0,1.0,0.0831694381794235,0.4662768867123796,0.0990460636316966,1.746558201767895,0.1178576620651669,0.1498613685927989,38.4970151660144,1.833191198381638,0.0193587162280464,13.30004965008598,45.0,0.0139751242957737,0.0542766366005434,0.0990460636316966,real10kg_smc_steady,real10kg_mpc_event,-1.0,-1.0,predictive_alpha,1.0,0.2219378476287372,0.2489162668528866,0.2071007780198263,0.0,transformer,16,True,2.5,1.0,0.75,real_10kg_v1,thruster,real_10kg_x,1.0,0.0715079365079365,0.2242857142857142,0.0193587162280464,0.0025971767896246,0.008075389291482,0.0125,0.0006988917886405,0.0961877212479051,0.1498613685927989,,,21,1,train21_eval1_scn2
step_recovery_10_13s,10.0,13.0,300,0.0524151858957847,0.0509678174012621,0.0122324691637162,0.9723864664450428,0.2333764338456727,0.0544645598745236,0.0467050431488401,0.0818226115527571,1.0,0.1022222222222222,0.31,0.0136913315226979,0.0012094181105558,predictive_alpha,sinusoidal,2,21001,0.0,1.0,1.0,0.03,0.01,0.4662768867123796,1.0,1.0,1.0,0.0831694381794235,0.4662768867123796,0.0990460636316966,1.746558201767895,0.1178576620651669,0.1498613685927989,38.4970151660144,1.833191198381638,0.0193587162280464,13.30004965008598,45.0,0.0139751242957737,0.0542766366005434,0.0990460636316966,real10kg_smc_steady,real10kg_mpc_event,-1.0,-1.0,predictive_alpha,1.0,0.2219378476287372,0.2489162668528866,0.2071007780198263,0.0,transformer,16,True,2.5,1.0,0.75,real_10kg_v1,thruster,real_10kg_x,1.0,0.0715079365079365,0.2242857142857142,0.0193587162280464,0.0025971767896246,0.008075389291482,0.0125,0.0006988917886405,0.0961877212479051,0.1498613685927989,,,21,1,train21_eval1_scn2
post_step_13_20p9s,13.0,20.9,790,0.11188922811162,0.1111381368845238,0.0129427159920545,0.9932871891264912,0.115674370182829,0.0133805599171941,0.0952553160808523,0.4253981758422903,1.0,0.0563291139240506,0.1556962025316455,0.0219828674116332,0.0031179258681614,predictive_alpha,sinusoidal,2,21001,0.0,1.0,1.0,0.03,0.01,0.4662768867123796,1.0,1.0,1.0,0.0831694381794235,0.4662768867123796,0.0990460636316966,1.746558201767895,0.1178576620651669,0.1498613685927989,38.4970151660144,1.833191198381638,0.0193587162280464,13.30004965008598,45.0,0.0139751242957737,0.0542766366005434,0.0990460636316966,real10kg_smc_steady,real10kg_mpc_event,-1.0,-1.0,predictive_alpha,1.0,0.2219378476287372,0.2489162668528866,0.2071007780198263,0.0,transformer,16,True,2.5,1.0,0.75,real_10kg_v1,thruster,real_10kg_x,1.0,0.0715079365079365,0.2242857142857142,0.0193587162280464,0.0025971767896246,0.008075389291482,0.0125,0.0006988917886405,0.0961877212479051,0.1498613685927989,,,21,1,train21_eval1_scn2
startup_0_3s,0.0,3.0,300,0.1211425759583039,0.117467098187222,0.0296142626666099,0.969659900806906,0.2444579243287918,0.0597596767671413,0.1064031109704785,0.2114126154778579,0.7684372236315098,0.0,0.0,0.0349229320535663,0.004930367429967,predictive_alpha,sinusoidal,2,21002,0.0,1.0,1.0,0.03,0.01,0.4666084816206693,1.0,1.0,1.0,0.0841887159522437,0.4666084816206693,0.1002260198869816,1.7679630349971185,0.1178942946153464,0.1499501112105059,38.52329115699728,1.8344424360474896,0.0195855248884499,13.245233744206017,45.0,0.0151768223940332,0.0579970349222886,0.1002260198869816,real10kg_smc_steady,real10kg_mpc_event,-1.0,-1.0,predictive_alpha,1.0,0.2231790315681283,0.250310024829604,0.2076229682700276,0.0,transformer,16,True,2.5,1.0,0.75,real_10kg_v1,thruster,real_10kg_x,1.0,0.0708730158730158,0.2223809523809523,0.0195855248884499,0.0026325730535893,0.0080859373749121,0.0125,0.0006954009775819,0.0962992399821912,0.1499501112105059,,,21,2,train21_eval2_scn2
pre_step_3_10s,3.0,10.0,700,0.0751921823449588,0.0747817918782196,0.0078452462855018,0.9945421125715378,0.1043359301570776,0.0108859863217425,0.0730214015777126,0.1000186612705407,1.0,0.1004761904761904,0.3442857142857143,0.0129525181845487,0.0017465218946205,predictive_alpha,sinusoidal,2,21002,0.0,1.0,1.0,0.03,0.01,0.4666084816206693,1.0,1.0,1.0,0.0841887159522437,0.4666084816206693,0.1002260198869816,1.7679630349971185,0.1178942946153464,0.1499501112105059,38.52329115699728,1.8344424360474896,0.0195855248884499,13.245233744206017,45.0,0.0151768223940332,0.0579970349222886,0.1002260198869816,real10kg_smc_steady,real10kg_mpc_event,-1.0,-1.0,predictive_alpha,1.0,0.2231790315681283,0.250310024829604,0.2076229682700276,0.0,transformer,16,True,2.5,1.0,0.75,real_10kg_v1,thruster,real_10kg_x,1.0,0.0708730158730158,0.2223809523809523,0.0195855248884499,0.0026325730535893,0.0080859373749121,0.0125,0.0006954009775819,0.0962992399821912,0.1499501112105059,,,21,2,train21_eval2_scn2
step_recovery_10_13s,10.0,13.0,300,0.0523616302932076,0.0509183705116696,0.0122090077974787,0.9724366912669395,0.2331670677385785,0.0543668814778068,0.0466794383305935,0.0817643144779389,1.0,0.1022222222222222,0.31,0.0136368214761462,0.0011862283342339,predictive_alpha,sinusoidal,2,21002,0.0,1.0,1.0,0.03,0.01,0.4666084816206693,1.0,1.0,1.0,0.0841887159522437,0.4666084816206693,0.1002260198869816,1.7679630349971185,0.1178942946153464,0.1499501112105059,38.52329115699728,1.8344424360474896,0.0195855248884499,13.245233744206017,45.0,0.0151768223940332,0.0579970349222886,0.1002260198869816,real10kg_smc_steady,real10kg_mpc_event,-1.0,-1.0,predictive_alpha,1.0,0.2231790315681283,0.250310024829604,0.2076229682700276,0.0,transformer,16,True,2.5,1.0,0.75,real_10kg_v1,thruster,real_10kg_x,1.0,0.0708730158730158,0.2223809523809523,0.0195855248884499,0.0026325730535893,0.0080859373749121,0.0125,0.0006954009775819,0.0962992399821912,0.1499501112105059,,,21,2,train21_eval2_scn2
post_step_13_20p9s,13.0,20.9,790,0.1119413740089901,0.1111903049532564,0.0129455513371368,0.993290514232268,0.1156458141749912,0.0133739543361966,0.0952806287498737,0.4257379998260676,1.0,0.0563291139240506,0.1556962025316455,0.0219929829428597,0.0031276614497297,predictive_alpha,sinusoidal,2,21002,0.0,1.0,1.0,0.03,0.01,0.4666084816206693,1.0,1.0,1.0,0.0841887159522437,0.4666084816206693,0.1002260198869816,1.7679630349971185,0.1178942946153464,0.1499501112105059,38.52329115699728,1.8344424360474896,0.0195855248884499,13.245233744206017,45.0,0.0151768223940332,0.0579970349222886,0.1002260198869816,real10kg_smc_steady,real10kg_mpc_event,-1.0,-1.0,predictive_alpha,1.0,0.2231790315681283,0.250310024829604,0.2076229682700276,0.0,transformer,16,True,2.5,1.0,0.75,real_10kg_v1,thruster,real_10kg_x,1.0,0.0708730158730158,0.2223809523809523,0.0195855248884499,0.0026325730535893,0.0080859373749121,0.0125,0.0006954009775819,0.0962992399821912,0.1499501112105059,,,21,2,train21_eval2_scn2
startup_0_3s,0.0,3.0,300,0.1470143480485736,0.1452174140950504,0.0229155225926394,0.9877771525203144,0.1558726947186686,0.0242962969588592,0.1301734979762179,0.2316124535720671,0.7835563276984974,0.0,0.0,0.0371319664179159,0.0051734103248347,predictive_alpha,sinusoidal,2,21003,0.0,1.0,1.0,0.03,0.01,0.4658503817578182,1.0,1.0,1.0,0.0878685537753735,0.4658503817578182,0.1051906673491094,1.845239629282844,0.1176588042607297,0.1495773833860287,38.66604302110896,1.8412401438623311,0.0199731867380489,13.600347363541308,45.0,0.0133624921256561,0.0384058089825427,0.1051906673491094,real10kg_smc_steady,real10kg_mpc_event,-1.0,-1.0,predictive_alpha,1.0,0.2352560640985218,0.2545639183799141,0.2154014186308597,0.0,transformer,16,True,2.5,1.0,0.75,real_10kg_v1,thruster,real_10kg_x,1.0,0.073015873015873,0.2328571428571428,0.0199731867380489,0.0026701197560447,0.0083504142764164,0.0125,0.0007045603859729,0.0964730678732928,0.1495773833860287,,,21,3,train21_eval3_scn2
pre_step_3_10s,3.0,10.0,700,0.075951666479886,0.0755732698094799,0.0075720889703834,0.995017928006802,0.0996961531105931,0.0099393229450508,0.073641948778892,0.1003807876873273,1.0,0.1069047619047619,0.3757142857142857,0.0133214837774265,0.0017768931253256,predictive_alpha,sinusoidal,2,21003,0.0,1.0,1.0,0.03,0.01,0.4658503817578182,1.0,1.0,1.0,0.0878685537753735,0.4658503817578182,0.1051906673491094,1.845239629282844,0.1176588042607297,0.1495773833860287,38.66604302110896,1.8412401438623311,0.0199731867380489,13.600347363541308,45.0,0.0133624921256561,0.0384058089825427,0.1051906673491094,real10kg_smc_steady,real10kg_mpc_event,-1.0,-1.0,predictive_alpha,1.0,0.2352560640985218,0.2545639183799141,0.2154014186308597,0.0,transformer,16,True,2.5,1.0,0.75,real_10kg_v1,thruster,real_10kg_x,1.0,0.073015873015873,0.2328571428571428,0.0199731867380489,0.0026701197560447,0.0083504142764164,0.0125,0.0007045603859729,0.0964730678732928,0.1495773833860287,,,21,3,train21_eval3_scn2
step_recovery_10_13s,10.0,13.0,300,0.0529413334062334,0.051530678521208,0.0121397674596293,0.9733543756028764,0.2293060389408328,0.0525812594947347,0.0473426989477476,0.0827866833007217,1.0,0.1022222222222222,0.31,0.0134134835989966,0.001171046709734,predictive_alpha,sinusoidal,2,21003,0.0,1.0,1.0,0.03,0.01,0.4658503817578182,1.0,1.0,1.0,0.0878685537753735,0.4658503817578182,0.1051906673491094,1.845239629282844,0.1176588042607297,0.1495773833860287,38.66604302110896,1.8412401438623311,0.0199731867380489,13.600347363541308,45.0,0.0133624921256561,0.0384058089825427,0.1051906673491094,real10kg_smc_steady,real10kg_mpc_event,-1.0,-1.0,predictive_alpha,1.0,0.2352560640985218,0.2545639183799141,0.2154014186308597,0.0,transformer,16,True,2.5,1.0,0.75,real_10kg_v1,thruster,real_10kg_x,1.0,0.073015873015873,0.2328571428571428,0.0199731867380489,0.0026701197560447,0.0083504142764164,0.0125,0.0007045603859729,0.0964730678732928,0.1495773833860287,,,21,3,train21_eval3_scn2
post_step_13_20p9s,13.0,20.9,790,0.11176622519327,0.1110121518835213,0.0129611430106576,0.9932531199971668,0.1159665452442795,0.0134482396158935,0.0952444866735738,0.4248247285782029,1.0,0.0563291139240506,0.1556962025316455,0.0219371527426906,0.0031178822363593,predictive_alpha,sinusoidal,2,21003,0.0,1.0,1.0,0.03,0.01,0.4658503817578182,1.0,1.0,1.0,0.0878685537753735,0.4658503817578182,0.1051906673491094,1.845239629282844,0.1176588042607297,0.1495773833860287,38.66604302110896,1.8412401438623311,0.0199731867380489,13.600347363541308,45.0,0.0133624921256561,0.0384058089825427,0.1051906673491094,real10kg_smc_steady,real10kg_mpc_event,-1.0,-1.0,predictive_alpha,1.0,0.2352560640985218,0.2545639183799141,0.2154014186308597,0.0,transformer,16,True,2.5,1.0,0.75,real_10kg_v1,thruster,real_10kg_x,1.0,0.073015873015873,0.2328571428571428,0.0199731867380489,0.0026701197560447,0.0083504142764164,0.0125,0.0007045603859729,0.0964730678732928,0.1495773833860287,,,21,3,train21_eval3_scn2
startup_0_3s,0.0,3.0,300,0.1151269654318378,0.113018361916866,0.0219332633042116,0.9816845383958268,0.1905136926170214,0.0362954670745729,0.1004351170859692,0.1942014659929976,0.725679886392801,0.0,0.0,0.0332123289251365,0.0044870163194594,predictive_alpha,sinusoidal,2,21004,0.0,1.0,1.0,0.03,0.01,0.4665298077153378,1.0,1.0,1.0,0.0833364570493965,0.4665298077153378,0.0992334326375864,1.750065598037327,0.1178651143912452,0.1499083490371724,38.50133827244921,1.8333970605928196,0.0193995146094637,13.396922383248627,45.0,0.0131655056699471,0.0452603453304584,0.0992334326375864,real10kg_smc_steady,real10kg_mpc_event,-1.0,-1.0,predictive_alpha,1.0,0.2259936905438155,0.2488226539958609,0.2129667821530962,0.0,transformer,16,True,2.5,1.0,0.75,real_10kg_v1,thruster,real_10kg_x,1.0,0.0729365079365079,0.2319047619047619,0.0193995146094637,0.0025701299836409,0.0081921252334923,0.0125,0.0007143947784492,0.0963299026797367,0.1499083490371724,,,21,4,train21_eval4_scn2
pre_step_3_10s,3.0,10.0,700,0.0752555311535456,0.0748525399991077,0.0077776747736227,0.9946450294315826,0.1033502076778089,0.0106812654270462,0.0729325008084152,0.1004944274666639,1.0,0.1066666666666666,0.3728571428571428,0.0132010835383843,0.0017600333902629,predictive_alpha,sinusoidal,2,21004,0.0,1.0,1.0,0.03,0.01,0.4665298077153378,1.0,1.0,1.0,0.0833364570493965,0.4665298077153378,0.0992334326375864,1.750065598037327,0.1178651143912452,0.1499083490371724,38.50133827244921,1.8333970605928196,0.0193995146094637,13.396922383248627,45.0,0.0131655056699471,0.0452603453304584,0.0992334326375864,real10kg_smc_steady,real10kg_mpc_event,-1.0,-1.0,predictive_alpha,1.0,0.2259936905438155,0.2488226539958609,0.2129667821530962,0.0,transformer,16,True,2.5,1.0,0.75,real_10kg_v1,thruster,real_10kg_x,1.0,0.0729365079365079,0.2319047619047619,0.0193995146094637,0.0025701299836409,0.0081921252334923,0.0125,0.0007143947784492,0.0963299026797367,0.1499083490371724,,,21,4,train21_eval4_scn2
step_recovery_10_13s,10.0,13.0,300,0.0526095445908355,0.0511794337289188,0.0121831746783141,0.9728165131814164,0.2315772693542076,0.0536280316815512,0.0468992715359456,0.0822376137295931,1.0,0.1022222222222222,0.31,0.0135966667096559,0.0011872760922678,predictive_alpha,sinusoidal,2,21004,0.0,1.0,1.0,0.03,0.01,0.4665298077153378,1.0,1.0,1.0,0.0833364570493965,0.4665298077153378,0.0992334326375864,1.750065598037327,0.1178651143912452,0.1499083490371724,38.50133827244921,1.8333970605928196,0.0193995146094637,13.396922383248627,45.0,0.0131655056699471,0.0452603453304584,0.0992334326375864,real10kg_smc_steady,real10kg_mpc_event,-1.0,-1.0,predictive_alpha,1.0,0.2259936905438155,0.2488226539958609,0.2129667821530962,0.0,transformer,16,True,2.5,1.0,0.75,real_10kg_v1,thruster,real_10kg_x,1.0,0.0729365079365079,0.2319047619047619,0.0193995146094637,0.0025701299836409,0.0081921252334923,0.0125,0.0007143947784492,0.0963299026797367,0.1499083490371724,,,21,4,train21_eval4_scn2
post_step_13_20p9s,13.0,20.9,790,0.1119239919620553,0.1111728018953388,0.0129455820827785,0.993288391045138,0.1156640489303434,0.0133781722149608,0.0952778414104797,0.4256417549040395,1.0,0.0563291139240506,0.1556962025316455,0.0219436661166306,0.0031196069659547,predictive_alpha,sinusoidal,2,21004,0.0,1.0,1.0,0.03,0.01,0.4665298077153378,1.0,1.0,1.0,0.0833364570493965,0.4665298077153378,0.0992334326375864,1.750065598037327,0.1178651143912452,0.1499083490371724,38.50133827244921,1.8333970605928196,0.0193995146094637,13.396922383248627,45.0,0.0131655056699471,0.0452603453304584,0.0992334326375864,real10kg_smc_steady,real10kg_mpc_event,-1.0,-1.0,predictive_alpha,1.0,0.2259936905438155,0.2488226539958609,0.2129667821530962,0.0,transformer,16,True,2.5,1.0,0.75,real_10kg_v1,thruster,real_10kg_x,1.0,0.0729365079365079,0.2319047619047619,0.0193995146094637,0.0025701299836409,0.0081921252334923,0.0125,0.0007143947784492,0.0963299026797367,0.1499083490371724,,,21,4,train21_eval4_scn2
startup_0_3s,0.0,3.0,300,0.1171014867319465,0.1139872725908442,0.0268264772590966,0.9734058530936418,0.2290874181683476,0.0524810451630393,0.1022565548937062,0.2045512023535358,0.7560531583920701,0.0,0.0,0.0341568363560568,0.0047826748855558,predictive_alpha,sinusoidal,2,21005,0.0,1.0,1.0,0.03,0.01,0.4664708700065724,1.0,1.0,1.0,0.0835480798419182,0.4664708700065724,0.099482113504639,1.7545096766802826,0.1178543725351738,0.149887241147464,38.508464313525856,1.8337363958821835,0.0194780051538852,13.275952957671583,45.0,0.0144057214041394,0.0558654233723602,0.099482113504639,real10kg_smc_steady,real10kg_mpc_event,-1.0,-1.0,predictive_alpha,1.0,0.223119144159352,0.250047717749434,0.2081205392978154,0.0,transformer,16,True,2.5,1.0,0.75,real_10kg_v1,thruster,real_10kg_x,1.0,0.0707142857142857,0.2228571428571428,0.0194780051538852,0.0026119174796347,0.0080902231216832,0.0125,0.0007143613026208,0.0962324253709189,0.149887241147464,,,21,5,train21_eval5_scn2
pre_step_3_10s,3.0,10.0,700,0.0750404702653696,0.0746347819013121,0.0077924006693306,0.9945937390501048,0.1038426417341735,0.0107832942423319,0.0728850259397654,0.1000381628723047,1.0,0.1,0.3457142857142857,0.0130211066166222,0.0017584517681498,predictive_alpha,sinusoidal,2,21005,0.0,1.0,1.0,0.03,0.01,0.4664708700065724,1.0,1.0,1.0,0.0835480798419182,0.4664708700065724,0.099482113504639,1.7545096766802826,0.1178543725351738,0.149887241147464,38.508464313525856,1.8337363958821835,0.0194780051538852,13.275952957671583,45.0,0.0144057214041394,0.0558654233723602,0.099482113504639,real10kg_smc_steady,real10kg_mpc_event,-1.0,-1.0,predictive_alpha,1.0,0.223119144159352,0.250047717749434,0.2081205392978154,0.0,transformer,16,True,2.5,1.0,0.75,real_10kg_v1,thruster,real_10kg_x,1.0,0.0707142857142857,0.2228571428571428,0.0194780051538852,0.0026119174796347,0.0080902231216832,0.0125,0.0007143613026208,0.0962324253709189,0.149887241147464,,,21,5,train21_eval5_scn2
step_recovery_10_13s,10.0,13.0,300,0.0523216876415079,0.0508816825022908,0.012190708896188,0.9724778537518974,0.2329953303439861,0.0542868239621032,0.0466707178753325,0.0817037074608276,1.0,0.1022222222222222,0.31,0.0136144908928839,0.0011795700904407,predictive_alpha,sinusoidal,2,21005,0.0,1.0,1.0,0.03,0.01,0.4664708700065724,1.0,1.0,1.0,0.0835480798419182,0.4664708700065724,0.099482113504639,1.7545096766802826,0.1178543725351738,0.149887241147464,38.508464313525856,1.8337363958821835,0.0194780051538852,13.275952957671583,45.0,0.0144057214041394,0.0558654233723602,0.099482113504639,real10kg_smc_steady,real10kg_mpc_event,-1.0,-1.0,predictive_alpha,1.0,0.223119144159352,0.250047717749434,0.2081205392978154,0.0,transformer,16,True,2.5,1.0,0.75,real_10kg_v1,thruster,real_10kg_x,1.0,0.0707142857142857,0.2228571428571428,0.0194780051538852,0.0026119174796347,0.0080902231216832,0.0125,0.0007143613026208,0.0962324253709189,0.149887241147464,,,21,5,train21_eval5_scn2
post_step_13_20p9s,13.0,20.9,790,0.1119152599424206,0.1111639159004376,0.0129463975553054,0.9932864915618336,0.1156803599613335,0.0133819456807837,0.0952783409869212,0.425576212750611,1.0,0.0563291139240506,0.1556962025316455,0.0219412546392383,0.003117774459571,predictive_alpha,sinusoidal,2,21005,0.0,1.0,1.0,0.03,0.01,0.4664708700065724,1.0,1.0,1.0,0.0835480798419182,0.4664708700065724,0.099482113504639,1.7545096766802826,0.1178543725351738,0.149887241147464,38.508464313525856,1.8337363958821835,0.0194780051538852,13.275952957671583,45.0,0.0144057214041394,0.0558654233723602,0.099482113504639,real10kg_smc_steady,real10kg_mpc_event,-1.0,-1.0,predictive_alpha,1.0,0.223119144159352,0.250047717749434,0.2081205392978154,0.0,transformer,16,True,2.5,1.0,0.75,real_10kg_v1,thruster,real_10kg_x,1.0,0.0707142857142857,0.2228571428571428,0.0194780051538852,0.0026119174796347,0.0080902231216832,0.0125,0.0007143613026208,0.0962324253709189,0.149887241147464,,,21,5,train21_eval5_scn2
startup_0_3s,0.0,3.0,300,0.1220306915160019,0.1158859902380364,0.0382351531764078,0.9496462635618204,0.3133240720134247,0.0981719741030738,0.1078229801086767,0.2109397302013011,0.7583455993814264,0.0,0.0,0.0365396969610014,0.0049982506633132,predictive_alpha,sinusoidal,2,21006,0.0,1.0,1.0,0.03,0.01,0.46878660042251,1.0,1.0,1.0,0.0843811734391917,0.46878660042251,0.1005316951371627,1.7720046422230258,0.1181820634215118,0.1505988400218791,38.51110917222553,1.833862341534549,0.0198315957098127,13.26537750627642,45.0,0.0177158453096677,0.0803789735587375,0.1005316951371627,real10kg_smc_steady,real10kg_mpc_event,-1.0,-1.0,predictive_alpha,1.0,0.2228773548522312,0.2508367773928218,0.2049651623091527,0.0,transformer,16,True,2.5,1.0,0.75,real_10kg_v1,thruster,real_10kg_x,1.0,0.0702380952380952,0.2214285714285714,0.0198315957098127,0.0026455367273434,0.0080487857441701,0.0125,0.0007209857216295,0.0964839040273786,0.1505988400218791,,,21,6,train21_eval6_scn2
pre_step_3_10s,3.0,10.0,700,0.0750801487980508,0.0746688443255592,0.0078480845193503,0.9945217946544298,0.1045294214914254,0.010926399957332,0.0728983623078591,0.1000401196098492,1.0,0.099047619047619,0.3428571428571428,0.0129480224089695,0.0017447546595458,predictive_alpha,sinusoidal,2,21006,0.0,1.0,1.0,0.03,0.01,0.46878660042251,1.0,1.0,1.0,0.0843811734391917,0.46878660042251,0.1005316951371627,1.7720046422230258,0.1181820634215118,0.1505988400218791,38.51110917222553,1.833862341534549,0.0198315957098127,13.26537750627642,45.0,0.0177158453096677,0.0803789735587375,0.1005316951371627,real10kg_smc_steady,real10kg_mpc_event,-1.0,-1.0,predictive_alpha,1.0,0.2228773548522312,0.2508367773928218,0.2049651623091527,0.0,transformer,16,True,2.5,1.0,0.75,real_10kg_v1,thruster,real_10kg_x,1.0,0.0702380952380952,0.2214285714285714,0.0198315957098127,0.0026455367273434,0.0080487857441701,0.0125,0.0007209857216295,0.0964839040273786,0.1505988400218791,,,21,6,train21_eval6_scn2
step_recovery_10_13s,10.0,13.0,300,0.0521779659886371,0.0507354539947308,0.0121841636011639,0.972354001031384,0.2335116628313433,0.0545276966782589,0.0464966191238498,0.0815374462513334,1.0,0.1016666666666666,0.3066666666666666,0.0135579656590513,0.0012029722356724,predictive_alpha,sinusoidal,2,21006,0.0,1.0,1.0,0.03,0.01,0.46878660042251,1.0,1.0,1.0,0.0843811734391917,0.46878660042251,0.1005316951371627,1.7720046422230258,0.1181820634215118,0.1505988400218791,38.51110917222553,1.833862341534549,0.0198315957098127,13.26537750627642,45.0,0.0177158453096677,0.0803789735587375,0.1005316951371627,real10kg_smc_steady,real10kg_mpc_event,-1.0,-1.0,predictive_alpha,1.0,0.2228773548522312,0.2508367773928218,0.2049651623091527,0.0,transformer,16,True,2.5,1.0,0.75,real_10kg_v1,thruster,real_10kg_x,1.0,0.0702380952380952,0.2214285714285714,0.0198315957098127,0.0026455367273434,0.0080487857441701,0.0125,0.0007209857216295,0.0964839040273786,0.1505988400218791,,,21,6,train21_eval6_scn2
post_step_13_20p9s,13.0,20.9,790,0.1122887889428466,0.111539825481571,0.0129475655546451,0.9933300245881466,0.1153059506344416,0.0132954622517123,0.0954031981270009,0.4280310205893845,1.0,0.0561181434599156,0.1556962025316455,0.0220607035610532,0.003123993044825,predictive_alpha,sinusoidal,2,21006,0.0,1.0,1.0,0.03,0.01,0.46878660042251,1.0,1.0,1.0,0.0843811734391917,0.46878660042251,0.1005316951371627,1.7720046422230258,0.1181820634215118,0.1505988400218791,38.51110917222553,1.833862341534549,0.0198315957098127,13.26537750627642,45.0,0.0177158453096677,0.0803789735587375,0.1005316951371627,real10kg_smc_steady,real10kg_mpc_event,-1.0,-1.0,predictive_alpha,1.0,0.2228773548522312,0.2508367773928218,0.2049651623091527,0.0,transformer,16,True,2.5,1.0,0.75,real_10kg_v1,thruster,real_10kg_x,1.0,0.0702380952380952,0.2214285714285714,0.0198315957098127,0.0026455367273434,0.0080487857441701,0.0125,0.0007209857216295,0.0964839040273786,0.1505988400218791,,,21,6,train21_eval6_scn2
startup_0_3s,0.0,3.0,300,0.1382407954971072,0.1358013376513261,0.0258556421653673,0.9823535604160198,0.1870333722573841,0.0349814823379692,0.1193398919041417,0.2427497597356502,0.8459475782870102,0.0,0.0,0.0353103693936714,0.004912504028019,predictive_alpha,sinusoidal,2,21007,0.0,1.0,1.0,0.03,0.01,0.4657413254349218,1.0,1.0,1.0,0.0860613739265082,0.4657413254349218,0.1032728579793076,1.807288852456673,0.1177391488485865,0.1496457787365767,38.63450010965655,1.839738100459836,0.0196814737501999,13.294298875656956,45.0,0.0141619926242854,0.0571880272451295,0.1032728579793076,real10kg_smc_steady,real10kg_mpc_event,-1.0,-1.0,predictive_alpha,1.0,0.2251725307490831,0.2495989550757404,0.2119466561033845,0.0,transformer,16,True,2.5,1.0,0.75,real_10kg_v1,thruster,real_10kg_x,1.0,0.0711904761904761,0.2233333333333333,0.0196814737501999,0.0026500244498768,0.0081632842041504,0.0125,0.0006796347309686,0.0962171717408304,0.1496457787365767,,,21,7,train21_eval7_scn2
pre_step_3_10s,3.0,10.0,700,0.0752242014723127,0.0748167839401587,0.0078185246689326,0.99458395670303,0.10393629331925,0.0108027530689451,0.0730896615902688,0.1000241803956758,1.0,0.1014285714285714,0.3471428571428571,0.0131087201466554,0.0018069262728654,predictive_alpha,sinusoidal,2,21007,0.0,1.0,1.0,0.03,0.01,0.4657413254349218,1.0,1.0,1.0,0.0860613739265082,0.4657413254349218,0.1032728579793076,1.807288852456673,0.1177391488485865,0.1496457787365767,38.63450010965655,1.839738100459836,0.0196814737501999,13.294298875656956,45.0,0.0141619926242854,0.0571880272451295,0.1032728579793076,real10kg_smc_steady,real10kg_mpc_event,-1.0,-1.0,predictive_alpha,1.0,0.2251725307490831,0.2495989550757404,0.2119466561033845,0.0,transformer,16,True,2.5,1.0,0.75,real_10kg_v1,thruster,real_10kg_x,1.0,0.0711904761904761,0.2233333333333333,0.0196814737501999,0.0026500244498768,0.0081632842041504,0.0125,0.0006796347309686,0.0962171717408304,0.1496457787365767,,,21,7,train21_eval7_scn2
step_recovery_10_13s,10.0,13.0,300,0.0525033219166433,0.0510575807937899,0.0122361045994341,0.9724638161915026,0.2330539126431038,0.0543141261982594,0.0468623887250304,0.0819070652038245,1.0,0.1022222222222222,0.31,0.0137343111335268,0.0011956386914391,predictive_alpha,sinusoidal,2,21007,0.0,1.0,1.0,0.03,0.01,0.4657413254349218,1.0,1.0,1.0,0.0860613739265082,0.4657413254349218,0.1032728579793076,1.807288852456673,0.1177391488485865,0.1496457787365767,38.63450010965655,1.839738100459836,0.0196814737501999,13.294298875656956,45.0,0.0141619926242854,0.0571880272451295,0.1032728579793076,real10kg_smc_steady,real10kg_mpc_event,-1.0,-1.0,predictive_alpha,1.0,0.2251725307490831,0.2495989550757404,0.2119466561033845,0.0,transformer,16,True,2.5,1.0,0.75,real_10kg_v1,thruster,real_10kg_x,1.0,0.0711904761904761,0.2233333333333333,0.0196814737501999,0.0026500244498768,0.0081632842041504,0.0125,0.0006796347309686,0.0962171717408304,0.1496457787365767,,,21,7,train21_eval7_scn2
post_step_13_20p9s,13.0,20.9,790,0.1117821394334255,0.1110292258160929,0.0129521315231441,0.9932644551164544,0.1158694187532358,0.0134257222022127,0.0952274058783119,0.4247832281546709,1.0,0.0563291139240506,0.1556962025316455,0.0219228628290932,0.0031253229402943,predictive_alpha,sinusoidal,2,21007,0.0,1.0,1.0,0.03,0.01,0.4657413254349218,1.0,1.0,1.0,0.0860613739265082,0.4657413254349218,0.1032728579793076,1.807288852456673,0.1177391488485865,0.1496457787365767,38.63450010965655,1.839738100459836,0.0196814737501999,13.294298875656956,45.0,0.0141619926242854,0.0571880272451295,0.1032728579793076,real10kg_smc_steady,real10kg_mpc_event,-1.0,-1.0,predictive_alpha,1.0,0.2251725307490831,0.2495989550757404,0.2119466561033845,0.0,transformer,16,True,2.5,1.0,0.75,real_10kg_v1,thruster,real_10kg_x,1.0,0.0711904761904761,0.2233333333333333,0.0196814737501999,0.0026500244498768,0.0081632842041504,0.0125,0.0006796347309686,0.0962171717408304,0.1496457787365767,,,21,7,train21_eval7_scn2
startup_0_3s,0.0,3.0,300,0.1104215436609045,0.1081655086625207,0.0222067566347542,0.9795688873422026,0.2011089131569235,0.040444794951159,0.0961367340373839,0.1871932795825773,0.7136468011160064,0.0,0.0,0.0327644907097792,0.0044435398723987,predictive_alpha,sinusoidal,2,21008,0.0,1.0,1.0,0.03,0.01,0.4667537489716405,1.0,1.0,1.0,0.0826944535805676,0.4667537489716405,0.098467437310191,1.7365835251919208,0.1179192376854424,0.1500048787704616,38.46691246431227,1.8317577363958224,0.0193478507276587,13.37058383249616,45.0,0.0132406680692732,0.0468879330525118,0.098467437310191,real10kg_smc_steady,real10kg_mpc_event,-1.0,-1.0,predictive_alpha,1.0,0.22438902456245,0.2483085735609001,0.2107630989371544,0.0,transformer,16,True,2.5,1.0,0.75,real_10kg_v1,thruster,real_10kg_x,1.0,0.0728571428571428,0.2314285714285714,0.0193478507276587,0.0025703812942809,0.0081710154620151,0.0125,0.0006882249248615,0.0963309712818241,0.1500048787704616,,,21,8,train21_eval8_scn2
pre_step_3_10s,3.0,10.0,700,0.075207079228706,0.0747999360198201,0.0078150072004872,0.9945863712158308,0.103913185841478,0.0107979501917255,0.0729075810765372,0.1005408991046758,1.0,0.1064285714285714,0.3714285714285714,0.0131705721704319,0.0017546571688138,predictive_alpha,sinusoidal,2,21008,0.0,1.0,1.0,0.03,0.01,0.4667537489716405,1.0,1.0,1.0,0.0826944535805676,0.4667537489716405,0.098467437310191,1.7365835251919208,0.1179192376854424,0.1500048787704616,38.46691246431227,1.8317577363958224,0.0193478507276587,13.37058383249616,45.0,0.0132406680692732,0.0468879330525118,0.098467437310191,real10kg_smc_steady,real10kg_mpc_event,-1.0,-1.0,predictive_alpha,1.0,0.22438902456245,0.2483085735609001,0.2107630989371544,0.0,transformer,16,True,2.5,1.0,0.75,real_10kg_v1,thruster,real_10kg_x,1.0,0.0728571428571428,0.2314285714285714,0.0193478507276587,0.0025703812942809,0.0081710154620151,0.0125,0.0006882249248615,0.0963309712818241,0.1500048787704616,,,21,8,train21_eval8_scn2
step_recovery_10_13s,10.0,13.0,300,0.0524982462268271,0.0510581889754326,0.0122117646325816,0.9725694217446345,0.2326128110988463,0.0541087198873075,0.0467591393093111,0.082058928324889,1.0,0.1022222222222222,0.31,0.0136300994200453,0.001217472300679,predictive_alpha,sinusoidal,2,21008,0.0,1.0,1.0,0.03,0.01,0.4667537489716405,1.0,1.0,1.0,0.0826944535805676,0.4667537489716405,0.098467437310191,1.7365835251919208,0.1179192376854424,0.1500048787704616,38.46691246431227,1.8317577363958224,0.0193478507276587,13.37058383249616,45.0,0.0132406680692732,0.0468879330525118,0.098467437310191,real10kg_smc_steady,real10kg_mpc_event,-1.0,-1.0,predictive_alpha,1.0,0.22438902456245,0.2483085735609001,0.2107630989371544,0.0,transformer,16,True,2.5,1.0,0.75,real_10kg_v1,thruster,real_10kg_x,1.0,0.0728571428571428,0.2314285714285714,0.0193478507276587,0.0025703812942809,0.0081710154620151,0.0125,0.0006882249248615,0.0963309712818241,0.1500048787704616,,,21,8,train21_eval8_scn2
post_step_13_20p9s,13.0,20.9,790,0.1119625568047415,0.1112120857129309,0.0129416427718699,0.9932971243849008,0.115589024949115,0.0133608226886871,0.0952757879499588,0.4259049445435607,1.0,0.0563291139240506,0.1556962025316455,0.0219934831306902,0.0031298145334385,predictive_alpha,sinusoidal,2,21008,0.0,1.0,1.0,0.03,0.01,0.4667537489716405,1.0,1.0,1.0,0.0826944535805676,0.4667537489716405,0.098467437310191,1.7365835251919208,0.1179192376854424,0.1500048787704616,38.46691246431227,1.8317577363958224,0.0193478507276587,13.37058383249616,45.0,0.0132406680692732,0.0468879330525118,0.098467437310191,real10kg_smc_steady,real10kg_mpc_event,-1.0,-1.0,predictive_alpha,1.0,0.22438902456245,0.2483085735609001,0.2107630989371544,0.0,transformer,16,True,2.5,1.0,0.75,real_10kg_v1,thruster,real_10kg_x,1.0,0.0728571428571428,0.2314285714285714,0.0193478507276587,0.0025703812942809,0.0081710154620151,0.0125,0.0006882249248615,0.0963309712818241,0.1500048787704616,,,21,8,train21_eval8_scn2
startup_0_3s,0.0,3.0,300,0.1124274102504459,0.1087121053342693,0.0286635784474445,0.9669537445726064,0.2549518696872312,0.0650004558570149,0.0991415342977748,0.1965361331320698,0.7327912253390678,0.0,0.0,0.03414321209349,0.0048786150637312,predictive_alpha,sinusoidal,2,21009,0.0,1.0,1.0,0.03,0.01,0.4690327017778188,1.0,1.0,1.0,0.0831858394679455,0.4690327017778188,0.0989986502595119,1.746902628826856,0.118282095860247,0.1507335194706305,38.46153369481541,1.8315016045150196,0.0195217669101455,13.25946648378637,45.0,0.014932918769928,0.0558195937411856,0.0989986502595119,real10kg_smc_steady,real10kg_mpc_event,-1.0,-1.0,predictive_alpha,1.0,0.2215124195960411,0.2497050397051542,0.2056416015110777,0.0,transformer,16,True,2.5,1.0,0.75,real_10kg_v1,thruster,real_10kg_x,1.0,0.0718253968253968,0.2257142857142857,0.0195217669101455,0.0026254310208773,0.008030287970518,0.0125,0.0006685343517752,0.0965791615695073,0.1507335194706305,,,21,9,train21_eval9_scn2
pre_step_3_10s,3.0,10.0,700,0.0752474673469218,0.0748285178796766,0.0079293287267569,0.9944323778325506,0.1053766858384679,0.0111042459182991,0.0730152894048761,0.1004060004671722,1.0,0.1038095238095238,0.3557142857142857,0.0129532987050173,0.0017267479530283,predictive_alpha,sinusoidal,2,21009,0.0,1.0,1.0,0.03,0.01,0.4690327017778188,1.0,1.0,1.0,0.0831858394679455,0.4690327017778188,0.0989986502595119,1.746902628826856,0.118282095860247,0.1507335194706305,38.46153369481541,1.8315016045150196,0.0195217669101455,13.25946648378637,45.0,0.014932918769928,0.0558195937411856,0.0989986502595119,real10kg_smc_steady,real10kg_mpc_event,-1.0,-1.0,predictive_alpha,1.0,0.2215124195960411,0.2497050397051542,0.2056416015110777,0.0,transformer,16,True,2.5,1.0,0.75,real_10kg_v1,thruster,real_10kg_x,1.0,0.0718253968253968,0.2257142857142857,0.0195217669101455,0.0026254310208773,0.008030287970518,0.0125,0.0006685343517752,0.0965791615695073,0.1507335194706305,,,21,9,train21_eval9_scn2
step_recovery_10_13s,10.0,13.0,300,0.0522152110379627,0.0507594258802442,0.012243730969234,0.9721195197954844,0.2344859041234614,0.0549836392325971,0.0464709709910153,0.0815539624985998,1.0,0.1016666666666666,0.3066666666666666,0.0137108264326894,0.001202858184085,predictive_alpha,sinusoidal,2,21009,0.0,1.0,1.0,0.03,0.01,0.4690327017778188,1.0,1.0,1.0,0.0831858394679455,0.4690327017778188,0.0989986502595119,1.746902628826856,0.118282095860247,0.1507335194706305,38.46153369481541,1.8315016045150196,0.0195217669101455,13.25946648378637,45.0,0.014932918769928,0.0558195937411856,0.0989986502595119,real10kg_smc_steady,real10kg_mpc_event,-1.0,-1.0,predictive_alpha,1.0,0.2215124195960411,0.2497050397051542,0.2056416015110777,0.0,transformer,16,True,2.5,1.0,0.75,real_10kg_v1,thruster,real_10kg_x,1.0,0.0718253968253968,0.2257142857142857,0.0195217669101455,0.0026254310208773,0.008030287970518,0.0125,0.0006685343517752,0.0965791615695073,0.1507335194706305,,,21,9,train21_eval9_scn2
post_step_13_20p9s,13.0,20.9,790,0.1123559210923465,0.1116077138885372,0.0129449297056421,0.9933407407768536,0.1152135960418371,0.0132741727128916,0.0954252166750714,0.4283276199569542,1.0,0.0561181434599156,0.1556962025316455,0.0220904754705293,0.0031392127601603,predictive_alpha,sinusoidal,2,21009,0.0,1.0,1.0,0.03,0.01,0.4690327017778188,1.0,1.0,1.0,0.0831858394679455,0.4690327017778188,0.0989986502595119,1.746902628826856,0.118282095860247,0.1507335194706305,38.46153369481541,1.8315016045150196,0.0195217669101455,13.25946648378637,45.0,0.014932918769928,0.0558195937411856,0.0989986502595119,real10kg_smc_steady,real10kg_mpc_event,-1.0,-1.0,predictive_alpha,1.0,0.2215124195960411,0.2497050397051542,0.2056416015110777,0.0,transformer,16,True,2.5,1.0,0.75,real_10kg_v1,thruster,real_10kg_x,1.0,0.0718253968253968,0.2257142857142857,0.0195217669101455,0.0026254310208773,0.008030287970518,0.0125,0.0006685343517752,0.0965791615695073,0.1507335194706305,,,21,9,train21_eval9_scn2
startup_0_3s,0.0,3.0,300,0.1364316190866904,0.1342201944513652,0.0244647928267028,0.9837909668584964,0.1793190829990636,0.032155333527625,0.1171519585683748,0.2477790318095609,0.9500089709758746,0.0,0.0,0.0349641645928519,0.0044402760212238,predictive_alpha,step_change,3,21000,0.0,1.0,1.0,0.03,0.01,0.04000773087859,1.0,1.0,1.0,0.0730583394820708,0.2477790318095609,0.0816757917940409,1.534225129123488,0.0730885209757935,0.0749796210069126,27.06339105878924,1.2887329075613922,0.0202942660166626,13.407472298904157,45.0,0.0141067451449533,0.0530196005694818,0.0816757917940409,real10kg_smc_steady,real10kg_mpc_event,-1.0,-1.0,predictive_alpha,1.0,0.1962614870619485,0.2034249928803088,0.1668309310948964,0.0,transformer,16,True,2.5,1.0,0.75,real_10kg_v1,thruster,real_10kg_x,1.0,0.0128571428571428,0.0323809523809523,0.0202942660166626,0.005337115848174,0.0082385731809034,0.0125,0.0007745168435469,0.0684141287426177,0.0749796210069126,,,21,0,train21_eval0_scn3
pre_step_3_10s,3.0,10.0,700,0.0728095358856295,0.0724526619435047,0.0072000203597627,0.995098527441716,0.0988884254264805,0.0097789206833286,0.0719269480754202,0.0964291725311183,1.0,0.0378571428571428,0.0957142857142857,0.0155095390230509,0.0023706700471301,predictive_alpha,step_change,3,21000,0.0,1.0,1.0,0.03,0.01,0.04000773087859,1.0,1.0,1.0,0.0730583394820708,0.2477790318095609,0.0816757917940409,1.534225129123488,0.0730885209757935,0.0749796210069126,27.06339105878924,1.2887329075613922,0.0202942660166626,13.407472298904157,45.0,0.0141067451449533,0.0530196005694818,0.0816757917940409,real10kg_smc_steady,real10kg_mpc_event,-1.0,-1.0,predictive_alpha,1.0,0.1962614870619485,0.2034249928803088,0.1668309310948964,0.0,transformer,16,True,2.5,1.0,0.75,real_10kg_v1,thruster,real_10kg_x,1.0,0.0128571428571428,0.0323809523809523,0.0202942660166626,0.005337115848174,0.0082385731809034,0.0125,0.0007745168435469,0.0684141287426177,0.0749796210069126,,,21,0,train21_eval0_scn3
step_recovery_10_13s,10.0,13.0,300,0.0411079354712026,0.0382999327117698,0.0149324315829157,0.9316919537007678,0.3632493680782472,0.1319501034092459,0.0377549238865856,0.0742833173666257,1.0,0.0016666666666666,0.0033333333333333,0.0255386462785921,0.0119238317875997,predictive_alpha,step_change,3,21000,0.0,1.0,1.0,0.03,0.01,0.04000773087859,1.0,1.0,1.0,0.0730583394820708,0.2477790318095609,0.0816757917940409,1.534225129123488,0.0730885209757935,0.0749796210069126,27.06339105878924,1.2887329075613922,0.0202942660166626,13.407472298904157,45.0,0.0141067451449533,0.0530196005694818,0.0816757917940409,real10kg_smc_steady,real10kg_mpc_event,-1.0,-1.0,predictive_alpha,1.0,0.1962614870619485,0.2034249928803088,0.1668309310948964,0.0,transformer,16,True,2.5,1.0,0.75,real_10kg_v1,thruster,real_10kg_x,1.0,0.0128571428571428,0.0323809523809523,0.0202942660166626,0.005337115848174,0.0082385731809034,0.0125,0.0007745168435469,0.0684141287426177,0.0749796210069126,,,21,0,train21_eval0_scn3
post_step_13_20p9s,13.0,20.9,790,0.0728288827234226,0.0716552967165358,0.0130216977083351,0.9838857062884834,0.1787985373575857,0.0319689169612119,0.0711277019459945,0.0955576201503595,0.8166012123785424,0.0,0.0,0.0171625150974862,0.0026832334124292,predictive_alpha,step_change,3,21000,0.0,1.0,1.0,0.03,0.01,0.04000773087859,1.0,1.0,1.0,0.0730583394820708,0.2477790318095609,0.0816757917940409,1.534225129123488,0.0730885209757935,0.0749796210069126,27.06339105878924,1.2887329075613922,0.0202942660166626,13.407472298904157,45.0,0.0141067451449533,0.0530196005694818,0.0816757917940409,real10kg_smc_steady,real10kg_mpc_event,-1.0,-1.0,predictive_alpha,1.0,0.1962614870619485,0.2034249928803088,0.1668309310948964,0.0,transformer,16,True,2.5,1.0,0.75,real_10kg_v1,thruster,real_10kg_x,1.0,0.0128571428571428,0.0323809523809523,0.0202942660166626,0.005337115848174,0.0082385731809034,0.0125,0.0007745168435469,0.0684141287426177,0.0749796210069126,,,21,0,train21_eval0_scn3
startup_0_3s,0.0,3.0,300,0.1176181109208725,0.1150289562672561,0.0245430078975735,0.977986768930864,0.2086669111195366,0.0435418797961686,0.1024123673333975,0.2132808757568886,0.8416966689364255,0.0,0.0,0.0335365689803286,0.0043363826518772,predictive_alpha,step_change,3,21001,0.0,1.0,1.0,0.03,0.01,0.040017865350197,1.0,1.0,1.0,0.0709242114368693,0.2132808757568886,0.0773505318187554,1.489408440174257,0.073089041208693,0.0749799209899826,26.920762483574563,1.2819410706464078,0.0201061598568151,13.458094079735442,45.0,0.0141281720775139,0.0521293643748314,0.0773505318187554,real10kg_smc_steady,real10kg_mpc_event,-1.0,-1.0,predictive_alpha,1.0,0.1955842927390121,0.2030270000443237,0.164758181209493,0.0,transformer,16,True,2.5,1.0,0.75,real_10kg_v1,thruster,real_10kg_x,1.0,0.0128571428571428,0.0323809523809523,0.0201061598568151,0.0053232531855176,0.0082369971202265,0.0125,0.0007825811701818,0.0683711847100266,0.0749799209899826,,,21,1,train21_eval1_scn3
pre_step_3_10s,3.0,10.0,700,0.0726799826343253,0.0723208573171753,0.0072161951632836,0.9950588139384008,0.0992872439113045,0.0098579568035028,0.0717989843599178,0.0963283657486521,1.0,0.0378571428571428,0.0957142857142857,0.0155818814722621,0.0023628961093578,predictive_alpha,step_change,3,21001,0.0,1.0,1.0,0.03,0.01,0.040017865350197,1.0,1.0,1.0,0.0709242114368693,0.2132808757568886,0.0773505318187554,1.489408440174257,0.073089041208693,0.0749799209899826,26.920762483574563,1.2819410706464078,0.0201061598568151,13.458094079735442,45.0,0.0141281720775139,0.0521293643748314,0.0773505318187554,real10kg_smc_steady,real10kg_mpc_event,-1.0,-1.0,predictive_alpha,1.0,0.1955842927390121,0.2030270000443237,0.164758181209493,0.0,transformer,16,True,2.5,1.0,0.75,real_10kg_v1,thruster,real_10kg_x,1.0,0.0128571428571428,0.0323809523809523,0.0201061598568151,0.0053232531855176,0.0082369971202265,0.0125,0.0007825811701818,0.0683711847100266,0.0749799209899826,,,21,1,train21_eval1_scn3
step_recovery_10_13s,10.0,13.0,300,0.0412420260905872,0.038445226747934,0.0149288062602677,0.9321856948417128,0.3619804281069263,0.1310298303324736,0.037869399724574,0.0745985480965745,1.0,0.0016666666666666,0.0033333333333333,0.0255088309337666,0.0119306518514197,predictive_alpha,step_change,3,21001,0.0,1.0,1.0,0.03,0.01,0.040017865350197,1.0,1.0,1.0,0.0709242114368693,0.2132808757568886,0.0773505318187554,1.489408440174257,0.073089041208693,0.0749799209899826,26.920762483574563,1.2819410706464078,0.0201061598568151,13.458094079735442,45.0,0.0141281720775139,0.0521293643748314,0.0773505318187554,real10kg_smc_steady,real10kg_mpc_event,-1.0,-1.0,predictive_alpha,1.0,0.1955842927390121,0.2030270000443237,0.164758181209493,0.0,transformer,16,True,2.5,1.0,0.75,real_10kg_v1,thruster,real_10kg_x,1.0,0.0128571428571428,0.0323809523809523,0.0201061598568151,0.0053232531855176,0.0082369971202265,0.0125,0.0007825811701818,0.0683711847100266,0.0749799209899826,,,21,1,train21_eval1_scn3
post_step_13_20p9s,13.0,20.9,790,0.0728228141250636,0.0716491757946459,0.0130214386701886,0.9838836449192684,0.1788098802090509,0.0319729732603751,0.0711218338772991,0.095548989485365,0.816596402227925,0.0,0.0,0.017164503062747,0.0026920746350161,predictive_alpha,step_change,3,21001,0.0,1.0,1.0,0.03,0.01,0.040017865350197,1.0,1.0,1.0,0.0709242114368693,0.2132808757568886,0.0773505318187554,1.489408440174257,0.073089041208693,0.0749799209899826,26.920762483574563,1.2819410706464078,0.0201061598568151,13.458094079735442,45.0,0.0141281720775139,0.0521293643748314,0.0773505318187554,real10kg_smc_steady,real10kg_mpc_event,-1.0,-1.0,predictive_alpha,1.0,0.1955842927390121,0.2030270000443237,0.164758181209493,0.0,transformer,16,True,2.5,1.0,0.75,real_10kg_v1,thruster,real_10kg_x,1.0,0.0128571428571428,0.0323809523809523,0.0201061598568151,0.0053232531855176,0.0082369971202265,0.0125,0.0007825811701818,0.0683711847100266,0.0749799209899826,,,21,1,train21_eval1_scn3
startup_0_3s,0.0,3.0,300,0.1191096313382397,0.1155920036844256,0.0287331335177894,0.9704673113811848,0.2412326626735578,0.0581931975405745,0.1047861954485587,0.2125934891104206,0.8897704752484134,0.0,0.0,0.0357614459907707,0.0046215294982943,predictive_alpha,step_change,3,21002,0.0,1.0,1.0,0.03,0.01,0.0400070323625748,1.0,1.0,1.0,0.0712962759705379,0.2125934891104206,0.0777166381416366,1.4972217953812967,0.0730753391442451,0.074963649175195,26.996304633461083,1.2855383158790992,0.0203920671681105,13.434879338461704,45.0,0.0152183409709109,0.0552572985700963,0.0777166381416366,real10kg_smc_steady,real10kg_mpc_event,-1.0,-1.0,predictive_alpha,1.0,0.1970917187223221,0.2043002498622353,0.1661359741186745,0.0,transformer,16,True,2.5,1.0,0.75,real_10kg_v1,thruster,real_10kg_x,1.0,0.0128571428571428,0.0323809523809523,0.0203920671681105,0.0053612231310872,0.0082351504867195,0.0125,0.00079940322747,0.0684251740111479,0.074963649175195,,,21,2,train21_eval2_scn3
pre_step_3_10s,3.0,10.0,700,0.0728593585111772,0.0724993437271877,0.0072340363413054,0.9950587708793208,0.0992876754493481,0.009858042496135,0.0719664544465752,0.0965879643289609,1.0,0.0378571428571428,0.0957142857142857,0.0155317959581635,0.0023584134847442,predictive_alpha,step_change,3,21002,0.0,1.0,1.0,0.03,0.01,0.0400070323625748,1.0,1.0,1.0,0.0712962759705379,0.2125934891104206,0.0777166381416366,1.4972217953812967,0.0730753391442451,0.074963649175195,26.996304633461083,1.2855383158790992,0.0203920671681105,13.434879338461704,45.0,0.0152183409709109,0.0552572985700963,0.0777166381416366,real10kg_smc_steady,real10kg_mpc_event,-1.0,-1.0,predictive_alpha,1.0,0.1970917187223221,0.2043002498622353,0.1661359741186745,0.0,transformer,16,True,2.5,1.0,0.75,real_10kg_v1,thruster,real_10kg_x,1.0,0.0128571428571428,0.0323809523809523,0.0203920671681105,0.0053612231310872,0.0082351504867195,0.0125,0.00079940322747,0.0684251740111479,0.074963649175195,,,21,2,train21_eval2_scn3
step_recovery_10_13s,10.0,13.0,300,0.041100749806818,0.0382919760978867,0.0149330573293456,0.9316612538181632,0.3633280998408575,0.1320073081339681,0.0377447498624339,0.0742550370453643,1.0,0.0016666666666666,0.0033333333333333,0.0255556466550026,0.0119152711679792,predictive_alpha,step_change,3,21002,0.0,1.0,1.0,0.03,0.01,0.0400070323625748,1.0,1.0,1.0,0.0712962759705379,0.2125934891104206,0.0777166381416366,1.4972217953812967,0.0730753391442451,0.074963649175195,26.996304633461083,1.2855383158790992,0.0203920671681105,13.434879338461704,45.0,0.0152183409709109,0.0552572985700963,0.0777166381416366,real10kg_smc_steady,real10kg_mpc_event,-1.0,-1.0,predictive_alpha,1.0,0.1970917187223221,0.2043002498622353,0.1661359741186745,0.0,transformer,16,True,2.5,1.0,0.75,real_10kg_v1,thruster,real_10kg_x,1.0,0.0128571428571428,0.0323809523809523,0.0203920671681105,0.0053612231310872,0.0082351504867195,0.0125,0.00079940322747,0.0684251740111479,0.074963649175195,,,21,2,train21_eval2_scn3
post_step_13_20p9s,13.0,20.9,790,0.0728099301078541,0.0716361020744994,0.0130213210498202,0.983878187609632,0.1788399059102465,0.0319837119459858,0.071108482792981,0.0955476186339697,0.8166136266563969,0.0,0.0,0.0171007878339017,0.0026880480059216,predictive_alpha,step_change,3,21002,0.0,1.0,1.0,0.03,0.01,0.0400070323625748,1.0,1.0,1.0,0.0712962759705379,0.2125934891104206,0.0777166381416366,1.4972217953812967,0.0730753391442451,0.074963649175195,26.996304633461083,1.2855383158790992,0.0203920671681105,13.434879338461704,45.0,0.0152183409709109,0.0552572985700963,0.0777166381416366,real10kg_smc_steady,real10kg_mpc_event,-1.0,-1.0,predictive_alpha,1.0,0.1970917187223221,0.2043002498622353,0.1661359741186745,0.0,transformer,16,True,2.5,1.0,0.75,real_10kg_v1,thruster,real_10kg_x,1.0,0.0128571428571428,0.0323809523809523,0.0203920671681105,0.0053612231310872,0.0082351504867195,0.0125,0.00079940322747,0.0684251740111479,0.074963649175195,,,21,2,train21_eval2_scn3
startup_0_3s,0.0,3.0,300,0.1333374472010253,0.1310463807938262,0.024611397906777,0.9828175320940036,0.1845797892745905,0.0340696986086522,0.1131904617459313,0.2438229769179957,0.881916821693845,0.0,0.0,0.0314331437411951,0.004075274227949,predictive_alpha,step_change,3,21003,0.0,1.0,1.0,0.03,0.01,0.0401601617231168,1.0,1.0,1.0,0.0726677893335959,0.2438229769179957,0.0810914005531601,1.5260235760055143,0.073099384929004,0.0749946346322814,27.0107432912226,1.2862258710105998,0.019800389196776,13.358142904097168,45.0,0.0141474063956118,0.045217721918049,0.0810914005531601,real10kg_smc_steady,real10kg_mpc_event,-1.0,-1.0,predictive_alpha,1.0,0.1917185962773019,0.2001050966027014,0.1647610455638884,0.0,transformer,16,True,2.5,1.0,0.75,real_10kg_v1,thruster,real_10kg_x,1.0,0.0127777777777777,0.0323809523809523,0.019800389196776,0.0052909958660676,0.0082050397296119,0.0125,0.0008268893888913,0.0686195208858543,0.0749946346322814,,,21,3,train21_eval3_scn3
pre_step_3_10s,3.0,10.0,700,0.0732329548932818,0.0728796127704756,0.0071852435468101,0.9951750940089594,0.0981148931827322,0.0096265322642589,0.0722735454586229,0.0969811361348088,1.0,0.0376190476190476,0.0957142857142857,0.0157176567358081,0.002374312717681,predictive_alpha,step_change,3,21003,0.0,1.0,1.0,0.03,0.01,0.0401601617231168,1.0,1.0,1.0,0.0726677893335959,0.2438229769179957,0.0810914005531601,1.5260235760055143,0.073099384929004,0.0749946346322814,27.0107432912226,1.2862258710105998,0.019800389196776,13.358142904097168,45.0,0.0141474063956118,0.045217721918049,0.0810914005531601,real10kg_smc_steady,real10kg_mpc_event,-1.0,-1.0,predictive_alpha,1.0,0.1917185962773019,0.2001050966027014,0.1647610455638884,0.0,transformer,16,True,2.5,1.0,0.75,real_10kg_v1,thruster,real_10kg_x,1.0,0.0127777777777777,0.0323809523809523,0.019800389196776,0.0052909958660676,0.0082050397296119,0.0125,0.0008268893888913,0.0686195208858543,0.0749946346322814,,,21,3,train21_eval3_scn3
step_recovery_10_13s,10.0,13.0,300,0.0416067181516567,0.0388066524543838,0.0150054230408898,0.9327015967213118,0.3606490419694965,0.1300677314735156,0.0382758446056952,0.075066898650426,1.0,0.0016666666666666,0.0033333333333333,0.025174131268261,0.011965967157415,predictive_alpha,step_change,3,21003,0.0,1.0,1.0,0.03,0.01,0.0401601617231168,1.0,1.0,1.0,0.0726677893335959,0.2438229769179957,0.0810914005531601,1.5260235760055143,0.073099384929004,0.0749946346322814,27.0107432912226,1.2862258710105998,0.019800389196776,13.358142904097168,45.0,0.0141474063956118,0.045217721918049,0.0810914005531601,real10kg_smc_steady,real10kg_mpc_event,-1.0,-1.0,predictive_alpha,1.0,0.1917185962773019,0.2001050966027014,0.1647610455638884,0.0,transformer,16,True,2.5,1.0,0.75,real_10kg_v1,thruster,real_10kg_x,1.0,0.0127777777777777,0.0323809523809523,0.019800389196776,0.0052909958660676,0.0082050397296119,0.0125,0.0008268893888913,0.0686195208858543,0.0749946346322814,,,21,3,train21_eval3_scn3
post_step_13_20p9s,13.0,20.9,790,0.0727844215483357,0.071611683908672,0.0130130222427488,0.9838875185827388,0.1787885644472286,0.0319653507771008,0.0710872134093887,0.0954706083908406,0.8165556933166775,0.0,0.0,0.0171636563640045,0.0027159577601361,predictive_alpha,step_change,3,21003,0.0,1.0,1.0,0.03,0.01,0.0401601617231168,1.0,1.0,1.0,0.0726677893335959,0.2438229769179957,0.0810914005531601,1.5260235760055143,0.073099384929004,0.0749946346322814,27.0107432912226,1.2862258710105998,0.019800389196776,13.358142904097168,45.0,0.0141474063956118,0.045217721918049,0.0810914005531601,real10kg_smc_steady,real10kg_mpc_event,-1.0,-1.0,predictive_alpha,1.0,0.1917185962773019,0.2001050966027014,0.1647610455638884,0.0,transformer,16,True,2.5,1.0,0.75,real_10kg_v1,thruster,real_10kg_x,1.0,0.0127777777777777,0.0323809523809523,0.019800389196776,0.0052909958660676,0.0082050397296119,0.0125,0.0008268893888913,0.0686195208858543,0.0749946346322814,,,21,3,train21_eval3_scn3
startup_0_3s,0.0,3.0,300,0.1170373060948217,0.1148967282494074,0.0222816708420805,0.9817102946330628,0.1903809271210354,0.0362448974114649,0.1010555682281998,0.2144420250904397,0.8560864304474631,0.0,0.0,0.0323687333594025,0.0041718181946056,predictive_alpha,step_change,3,21004,0.0,1.0,1.0,0.03,0.01,0.040009129681727,1.0,1.0,1.0,0.0708873234065097,0.2144420250904397,0.0773837849032567,1.488633791536704,0.0729677312263115,0.0748690705015473,26.99482448796283,1.2854678327601348,0.0198967507604117,13.376020219441775,45.0,0.0135721428515831,0.0455572883689038,0.0773837849032567,real10kg_smc_steady,real10kg_mpc_event,-1.0,-1.0,predictive_alpha,1.0,0.1929575931131766,0.2009936411396945,0.1644600099643104,0.0,transformer,16,True,2.5,1.0,0.75,real_10kg_v1,thruster,real_10kg_x,1.0,0.0127777777777777,0.0323809523809523,0.0198967507604117,0.005287092498912,0.0081549265972394,0.0125,0.0008276040736491,0.0685808770038965,0.0748690705015473,,,21,4,train21_eval4_scn3
pre_step_3_10s,3.0,10.0,700,0.073324026434801,0.0729680010409114,0.0072169021543149,0.995144492041688,0.0984247934165497,0.0096874399590904,0.0723346091420431,0.0975391830247762,1.0,0.0376190476190476,0.0957142857142857,0.0155805681608998,0.0023574598934901,predictive_alpha,step_change,3,21004,0.0,1.0,1.0,0.03,0.01,0.040009129681727,1.0,1.0,1.0,0.0708873234065097,0.2144420250904397,0.0773837849032567,1.488633791536704,0.0729677312263115,0.0748690705015473,26.99482448796283,1.2854678327601348,0.0198967507604117,13.376020219441775,45.0,0.0135721428515831,0.0455572883689038,0.0773837849032567,real10kg_smc_steady,real10kg_mpc_event,-1.0,-1.0,predictive_alpha,1.0,0.1929575931131766,0.2009936411396945,0.1644600099643104,0.0,transformer,16,True,2.5,1.0,0.75,real_10kg_v1,thruster,real_10kg_x,1.0,0.0127777777777777,0.0323809523809523,0.0198967507604117,0.005287092498912,0.0081549265972394,0.0125,0.0008276040736491,0.0685808770038965,0.0748690705015473,,,21,4,train21_eval4_scn3
step_recovery_10_13s,10.0,13.0,300,0.0413844485207331,0.0385996974385248,0.0149243404215915,0.9327102043944552,0.3606267802291641,0.1300516746184538,0.0380566050249249,0.0750810760467135,1.0,0.0016666666666666,0.0033333333333333,0.0249834052820241,0.0119014425237185,predictive_alpha,step_change,3,21004,0.0,1.0,1.0,0.03,0.01,0.040009129681727,1.0,1.0,1.0,0.0708873234065097,0.2144420250904397,0.0773837849032567,1.488633791536704,0.0729677312263115,0.0748690705015473,26.99482448796283,1.2854678327601348,0.0198967507604117,13.376020219441775,45.0,0.0135721428515831,0.0455572883689038,0.0773837849032567,real10kg_smc_steady,real10kg_mpc_event,-1.0,-1.0,predictive_alpha,1.0,0.1929575931131766,0.2009936411396945,0.1644600099643104,0.0,transformer,16,True,2.5,1.0,0.75,real_10kg_v1,thruster,real_10kg_x,1.0,0.0127777777777777,0.0323809523809523,0.0198967507604117,0.005287092498912,0.0081549265972394,0.0125,0.0008276040736491,0.0685808770038965,0.0748690705015473,,,21,4,train21_eval4_scn3
post_step_13_20p9s,13.0,20.9,790,0.0726692357771964,0.0714964729172822,0.0130027761970318,0.9838616321284857,0.1789309610589317,0.0320162888254729,0.0709934635476134,0.0955370317389088,0.816269676827766,0.0,0.0,0.0172878795517067,0.0026734890942854,predictive_alpha,step_change,3,21004,0.0,1.0,1.0,0.03,0.01,0.040009129681727,1.0,1.0,1.0,0.0708873234065097,0.2144420250904397,0.0773837849032567,1.488633791536704,0.0729677312263115,0.0748690705015473,26.99482448796283,1.2854678327601348,0.0198967507604117,13.376020219441775,45.0,0.0135721428515831,0.0455572883689038,0.0773837849032567,real10kg_smc_steady,real10kg_mpc_event,-1.0,-1.0,predictive_alpha,1.0,0.1929575931131766,0.2009936411396945,0.1644600099643104,0.0,transformer,16,True,2.5,1.0,0.75,real_10kg_v1,thruster,real_10kg_x,1.0,0.0127777777777777,0.0323809523809523,0.0198967507604117,0.005287092498912,0.0081549265972394,0.0125,0.0008276040736491,0.0685808770038965,0.0748690705015473,,,21,4,train21_eval4_scn3
startup_0_3s,0.0,3.0,300,0.116857110857315,0.113886098600344,0.0261828360479058,0.9745756827704,0.2240585605430174,0.050202238552609,0.1023137801201105,0.210296895582414,0.8686082752619786,0.0,0.0,0.034604317863151,0.0045271963507001,predictive_alpha,step_change,3,21005,0.0,1.0,1.0,0.03,0.01,0.0400312805533536,1.0,1.0,1.0,0.0709516142218428,0.210296895582414,0.0772293001089494,1.4899838986586988,0.0730814353116276,0.0749700770956586,26.961185401689374,1.2838659715090175,0.0202329233464585,13.44059009332892,45.0,0.0145485545602368,0.0535676017489852,0.0772293001089494,real10kg_smc_steady,real10kg_mpc_event,-1.0,-1.0,predictive_alpha,1.0,0.1960651321304308,0.2035607460610765,0.1654900117967155,0.0,transformer,16,True,2.5,1.0,0.75,real_10kg_v1,thruster,real_10kg_x,1.0,0.0128571428571428,0.0323809523809523,0.0202329233464585,0.005346381525051,0.0082428334630729,0.0125,0.0008167952535765,0.0684287576112416,0.0749700770956586,,,21,5,train21_eval5_scn3
pre_step_3_10s,3.0,10.0,700,0.0728261129277889,0.0724668860575115,0.007224482631906,0.9950673342866232,0.0992018156875892,0.0098410002357144,0.0719188698289881,0.0967209886013523,1.0,0.0378571428571428,0.0957142857142857,0.0155625460986091,0.002355643512012,predictive_alpha,step_change,3,21005,0.0,1.0,1.0,0.03,0.01,0.0400312805533536,1.0,1.0,1.0,0.0709516142218428,0.210296895582414,0.0772293001089494,1.4899838986586988,0.0730814353116276,0.0749700770956586,26.961185401689374,1.2838659715090175,0.0202329233464585,13.44059009332892,45.0,0.0145485545602368,0.0535676017489852,0.0772293001089494,real10kg_smc_steady,real10kg_mpc_event,-1.0,-1.0,predictive_alpha,1.0,0.1960651321304308,0.2035607460610765,0.1654900117967155,0.0,transformer,16,True,2.5,1.0,0.75,real_10kg_v1,thruster,real_10kg_x,1.0,0.0128571428571428,0.0323809523809523,0.0202329233464585,0.005346381525051,0.0082428334630729,0.0125,0.0008167952535765,0.0684287576112416,0.0749700770956586,,,21,5,train21_eval5_scn3
step_recovery_10_13s,10.0,13.0,300,0.0412988465916073,0.0384936019246681,0.0149611944931647,0.9320745033225872,0.3622666424830644,0.1312371202559524,0.0379292744544948,0.0746215418250966,1.0,0.0016666666666666,0.0033333333333333,0.0254949375759544,0.0119349915421387,predictive_alpha,step_change,3,21005,0.0,1.0,1.0,0.03,0.01,0.0400312805533536,1.0,1.0,1.0,0.0709516142218428,0.210296895582414,0.0772293001089494,1.4899838986586988,0.0730814353116276,0.0749700770956586,26.961185401689374,1.2838659715090175,0.0202329233464585,13.44059009332892,45.0,0.0145485545602368,0.0535676017489852,0.0772293001089494,real10kg_smc_steady,real10kg_mpc_event,-1.0,-1.0,predictive_alpha,1.0,0.1960651321304308,0.2035607460610765,0.1654900117967155,0.0,transformer,16,True,2.5,1.0,0.75,real_10kg_v1,thruster,real_10kg_x,1.0,0.0128571428571428,0.0323809523809523,0.0202329233464585,0.005346381525051,0.0082428334630729,0.0125,0.0008167952535765,0.0684287576112416,0.0749700770956586,,,21,5,train21_eval5_scn3
post_step_13_20p9s,13.0,20.9,790,0.0728043645548264,0.0716304530052815,0.0130212787578728,0.9838758080408636,0.1788529964857664,0.0319883943519375,0.0711030217740933,0.0955254201255174,0.8166029719641101,0.0,0.0,0.0171219183484204,0.0026906427230875,predictive_alpha,step_change,3,21005,0.0,1.0,1.0,0.03,0.01,0.0400312805533536,1.0,1.0,1.0,0.0709516142218428,0.210296895582414,0.0772293001089494,1.4899838986586988,0.0730814353116276,0.0749700770956586,26.961185401689374,1.2838659715090175,0.0202329233464585,13.44059009332892,45.0,0.0145485545602368,0.0535676017489852,0.0772293001089494,real10kg_smc_steady,real10kg_mpc_event,-1.0,-1.0,predictive_alpha,1.0,0.1960651321304308,0.2035607460610765,0.1654900117967155,0.0,transformer,16,True,2.5,1.0,0.75,real_10kg_v1,thruster,real_10kg_x,1.0,0.0128571428571428,0.0323809523809523,0.0202329233464585,0.005346381525051,0.0082428334630729,0.0125,0.0008167952535765,0.0684287576112416,0.0749700770956586,,,21,5,train21_eval5_scn3
startup_0_3s,0.0,3.0,300,0.1225171314859742,0.1166728517497442,0.0373884095962063,0.952298265023459,0.3051688293933536,0.0931280144333097,0.1085798948274703,0.2141661213469773,0.8693010347201174,0.0,0.0,0.0375808154752474,0.0047302551037006,predictive_alpha,step_change,3,21006,0.0,1.0,1.0,0.03,0.01,0.0395945584285378,1.0,1.0,1.0,0.0717613546314743,0.2141661213469773,0.0783578031444105,1.5069884472609607,0.072875603299281,0.0747630985104587,26.998384147716862,1.2856373403674697,0.0207014545438988,13.466135190949895,45.0,0.0177115718237221,0.0803860378836152,0.0783578031444105,real10kg_smc_steady,real10kg_mpc_event,-1.0,-1.0,predictive_alpha,1.0,0.1983810589358124,0.2046129581396691,0.16533641740713,0.0,transformer,16,True,2.5,1.0,0.75,real_10kg_v1,thruster,real_10kg_x,1.0,0.0124603174603174,0.0319047619047619,0.0207014545438988,0.0053567330777232,0.0082662634838486,0.0125,0.0007688754974851,0.0682753856180687,0.0747630985104587,,,21,6,train21_eval6_scn3
pre_step_3_10s,3.0,10.0,700,0.0727222534468534,0.0723593063697231,0.0072565093592538,0.9950091332442608,0.0997838902854822,0.0099568247605051,0.0719069556788625,0.0938187553583084,1.0,0.0369047619047619,0.0942857142857142,0.0155601543108738,0.0023512359647432,predictive_alpha,step_change,3,21006,0.0,1.0,1.0,0.03,0.01,0.0395945584285378,1.0,1.0,1.0,0.0717613546314743,0.2141661213469773,0.0783578031444105,1.5069884472609607,0.072875603299281,0.0747630985104587,26.998384147716862,1.2856373403674697,0.0207014545438988,13.466135190949895,45.0,0.0177115718237221,0.0803860378836152,0.0783578031444105,real10kg_smc_steady,real10kg_mpc_event,-1.0,-1.0,predictive_alpha,1.0,0.1983810589358124,0.2046129581396691,0.16533641740713,0.0,transformer,16,True,2.5,1.0,0.75,real_10kg_v1,thruster,real_10kg_x,1.0,0.0124603174603174,0.0319047619047619,0.0207014545438988,0.0053567330777232,0.0082662634838486,0.0125,0.0007688754974851,0.0682753856180687,0.0747630985104587,,,21,6,train21_eval6_scn3
step_recovery_10_13s,10.0,13.0,300,0.0410085626897336,0.0381678643513381,0.014997211231948,0.930729141621277,0.3657092628535967,0.1337432649369211,0.0376950125307873,0.0744349455541742,1.0,0.0011111111111111,0.0033333333333333,0.0251742389432483,0.0117699793331667,predictive_alpha,step_change,3,21006,0.0,1.0,1.0,0.03,0.01,0.0395945584285378,1.0,1.0,1.0,0.0717613546314743,0.2141661213469773,0.0783578031444105,1.5069884472609607,0.072875603299281,0.0747630985104587,26.998384147716862,1.2856373403674697,0.0207014545438988,13.466135190949895,45.0,0.0177115718237221,0.0803860378836152,0.0783578031444105,real10kg_smc_steady,real10kg_mpc_event,-1.0,-1.0,predictive_alpha,1.0,0.1983810589358124,0.2046129581396691,0.16533641740713,0.0,transformer,16,True,2.5,1.0,0.75,real_10kg_v1,thruster,real_10kg_x,1.0,0.0124603174603174,0.0319047619047619,0.0207014545438988,0.0053567330777232,0.0082662634838486,0.0125,0.0007688754974851,0.0682753856180687,0.0747630985104587,,,21,6,train21_eval6_scn3
post_step_13_20p9s,13.0,20.9,790,0.0726336727654251,0.0714561794319783,0.0130255456845299,0.9837886026051638,0.1793320534209626,0.0321599853841789,0.0709813400158833,0.0956789538786729,0.8157699317050979,0.0,0.0,0.017372568329009,0.0026988995433262,predictive_alpha,step_change,3,21006,0.0,1.0,1.0,0.03,0.01,0.0395945584285378,1.0,1.0,1.0,0.0717613546314743,0.2141661213469773,0.0783578031444105,1.5069884472609607,0.072875603299281,0.0747630985104587,26.998384147716862,1.2856373403674697,0.0207014545438988,13.466135190949895,45.0,0.0177115718237221,0.0803860378836152,0.0783578031444105,real10kg_smc_steady,real10kg_mpc_event,-1.0,-1.0,predictive_alpha,1.0,0.1983810589358124,0.2046129581396691,0.16533641740713,0.0,transformer,16,True,2.5,1.0,0.75,real_10kg_v1,thruster,real_10kg_x,1.0,0.0124603174603174,0.0319047619047619,0.0207014545438988,0.0053567330777232,0.0082662634838486,0.0125,0.0007688754974851,0.0682753856180687,0.0747630985104587,,,21,6,train21_eval6_scn3
startup_0_3s,0.0,3.0,300,0.1381097194765851,0.1357353713990038,0.0254990894950295,0.9828082477715564,0.1846292179266399,0.0340879481122027,0.1189425483799932,0.2504392992686608,0.9500257816225478,0.0,0.0,0.0353747089008738,0.0044809409532074,predictive_alpha,step_change,3,21007,0.0,1.0,1.0,0.03,0.01,0.0401314936988021,1.0,1.0,1.0,0.073356148618745,0.2504392992686608,0.082105469181349,1.5404791209936457,0.0730676534342551,0.0749621944714041,27.05642571345912,1.2884012244504344,0.0203585211391682,13.385311828600866,45.0,0.0143711419122195,0.0551129014724482,0.082105469181349,real10kg_smc_steady,real10kg_mpc_event,-1.0,-1.0,predictive_alpha,1.0,0.1967755535746156,0.2033439716061749,0.1673363190116582,0.0,transformer,16,True,2.5,1.0,0.75,real_10kg_v1,thruster,real_10kg_x,1.0,0.0124603174603174,0.0319047619047619,0.0203585211391682,0.0053403085108414,0.0082329892057071,0.0125,0.000798928882018,0.0684529788401318,0.0749621944714041,,,21,7,train21_eval7_scn3
pre_step_3_10s,3.0,10.0,700,0.0729662977715494,0.0726094636081699,0.0072073854496796,0.99510960300471,0.0987769102969333,0.0097568780078084,0.0721056148953582,0.095631757752639,1.0,0.0369047619047619,0.0942857142857142,0.0155639213029616,0.0023623192729723,predictive_alpha,step_change,3,21007,0.0,1.0,1.0,0.03,0.01,0.0401314936988021,1.0,1.0,1.0,0.073356148618745,0.2504392992686608,0.082105469181349,1.5404791209936457,0.0730676534342551,0.0749621944714041,27.05642571345912,1.2884012244504344,0.0203585211391682,13.385311828600866,45.0,0.0143711419122195,0.0551129014724482,0.082105469181349,real10kg_smc_steady,real10kg_mpc_event,-1.0,-1.0,predictive_alpha,1.0,0.1967755535746156,0.2033439716061749,0.1673363190116582,0.0,transformer,16,True,2.5,1.0,0.75,real_10kg_v1,thruster,real_10kg_x,1.0,0.0124603174603174,0.0319047619047619,0.0203585211391682,0.0053403085108414,0.0082329892057071,0.0125,0.000798928882018,0.0684529788401318,0.0749621944714041,,,21,7,train21_eval7_scn3
step_recovery_10_13s,10.0,13.0,300,0.0410246357441513,0.0381893281488341,0.0149865257308344,0.9308876838541724,0.3653055160391283,0.1334481200486138,0.0376940536772904,0.0742408452560178,1.0,0.0011111111111111,0.0033333333333333,0.0253338323733022,0.0118789887462931,predictive_alpha,step_change,3,21007,0.0,1.0,1.0,0.03,0.01,0.0401314936988021,1.0,1.0,1.0,0.073356148618745,0.2504392992686608,0.082105469181349,1.5404791209936457,0.0730676534342551,0.0749621944714041,27.05642571345912,1.2884012244504344,0.0203585211391682,13.385311828600866,45.0,0.0143711419122195,0.0551129014724482,0.082105469181349,real10kg_smc_steady,real10kg_mpc_event,-1.0,-1.0,predictive_alpha,1.0,0.1967755535746156,0.2033439716061749,0.1673363190116582,0.0,transformer,16,True,2.5,1.0,0.75,real_10kg_v1,thruster,real_10kg_x,1.0,0.0124603174603174,0.0319047619047619,0.0203585211391682,0.0053403085108414,0.0082329892057071,0.0125,0.000798928882018,0.0684529788401318,0.0749621944714041,,,21,7,train21_eval7_scn3
post_step_13_20p9s,13.0,20.9,790,0.072790026443054,0.0716177992551701,0.0130107178674607,0.9838957719186844,0.1787431397299932,0.0319491100005358,0.0711026808824143,0.0953123988978161,0.8165442035475273,0.0,0.0,0.0172067416848553,0.0027013149974886,predictive_alpha,step_change,3,21007,0.0,1.0,1.0,0.03,0.01,0.0401314936988021,1.0,1.0,1.0,0.073356148618745,0.2504392992686608,0.082105469181349,1.5404791209936457,0.0730676534342551,0.0749621944714041,27.05642571345912,1.2884012244504344,0.0203585211391682,13.385311828600866,45.0,0.0143711419122195,0.0551129014724482,0.082105469181349,real10kg_smc_steady,real10kg_mpc_event,-1.0,-1.0,predictive_alpha,1.0,0.1967755535746156,0.2033439716061749,0.1673363190116582,0.0,transformer,16,True,2.5,1.0,0.75,real_10kg_v1,thruster,real_10kg_x,1.0,0.0124603174603174,0.0319047619047619,0.0203585211391682,0.0053403085108414,0.0082329892057071,0.0125,0.000798928882018,0.0684529788401318,0.0749621944714041,,,21,7,train21_eval7_scn3
startup_0_3s,0.0,3.0,300,0.1144210697287364,0.1122462394586936,0.0222027684140959,0.980992746570201,0.1940444051670998,0.0376532311766536,0.0984569240249794,0.2105716675831614,0.826651776006431,0.0,0.0,0.0319947661373794,0.0042238066426456,predictive_alpha,step_change,3,21008,0.0,1.0,1.0,0.03,0.01,0.0398303189746767,1.0,1.0,1.0,0.0704671539040004,0.2105716675831614,0.0767670499119936,1.4798102319840087,0.0729010932081206,0.0747904514819242,26.9465306000886,1.283168123813743,0.0198723693432705,13.39997396499745,45.0,0.0135599441136387,0.0459829621866733,0.0767670499119936,real10kg_smc_steady,real10kg_mpc_event,-1.0,-1.0,predictive_alpha,1.0,0.1930838339759395,0.2011940324997174,0.1634200955789059,0.0,transformer,16,True,2.5,1.0,0.75,real_10kg_v1,thruster,real_10kg_x,1.0,0.0127777777777777,0.0323809523809523,0.0198723693432705,0.0052990961097217,0.008186889895358,0.0125,0.0007788556325625,0.0685080025343332,0.0747904514819242,,,21,8,train21_eval8_scn3
pre_step_3_10s,3.0,10.0,700,0.0732201675470418,0.0728613032098103,0.0072404026258876,0.9950988320669856,0.0988853599827658,0.0097783144189211,0.0722495653153513,0.0971712672936954,1.0,0.0376190476190476,0.0957142857142857,0.01562389014129,0.0023791659883742,predictive_alpha,step_change,3,21008,0.0,1.0,1.0,0.03,0.01,0.0398303189746767,1.0,1.0,1.0,0.0704671539040004,0.2105716675831614,0.0767670499119936,1.4798102319840087,0.0729010932081206,0.0747904514819242,26.9465306000886,1.283168123813743,0.0198723693432705,13.39997396499745,45.0,0.0135599441136387,0.0459829621866733,0.0767670499119936,real10kg_smc_steady,real10kg_mpc_event,-1.0,-1.0,predictive_alpha,1.0,0.1930838339759395,0.2011940324997174,0.1634200955789059,0.0,transformer,16,True,2.5,1.0,0.75,real_10kg_v1,thruster,real_10kg_x,1.0,0.0127777777777777,0.0323809523809523,0.0198723693432705,0.0052990961097217,0.008186889895358,0.0125,0.0007788556325625,0.0685080025343332,0.0747904514819242,,,21,8,train21_eval8_scn3
step_recovery_10_13s,10.0,13.0,300,0.0413681338430296,0.0385900916132521,0.0149039366254564,0.932845841189774,0.3602757785016124,0.1297986365749429,0.0380337320738164,0.0751607936876657,1.0,0.0016666666666666,0.0033333333333333,0.0249784618548278,0.0118825876754063,predictive_alpha,step_change,3,21008,0.0,1.0,1.0,0.03,0.01,0.0398303189746767,1.0,1.0,1.0,0.0704671539040004,0.2105716675831614,0.0767670499119936,1.4798102319840087,0.0729010932081206,0.0747904514819242,26.9465306000886,1.283168123813743,0.0198723693432705,13.39997396499745,45.0,0.0135599441136387,0.0459829621866733,0.0767670499119936,real10kg_smc_steady,real10kg_mpc_event,-1.0,-1.0,predictive_alpha,1.0,0.1930838339759395,0.2011940324997174,0.1634200955789059,0.0,transformer,16,True,2.5,1.0,0.75,real_10kg_v1,thruster,real_10kg_x,1.0,0.0127777777777777,0.0323809523809523,0.0198723693432705,0.0052990961097217,0.008186889895358,0.0125,0.0007788556325625,0.0685080025343332,0.0747904514819242,,,21,8,train21_eval8_scn3
post_step_13_20p9s,13.0,20.9,790,0.0726103550067677,0.07143349496422,0.013019963571592,0.9837921183219948,0.179312765656889,0.0321530679275224,0.0709499833899964,0.095695850485384,0.815970844169192,0.0,0.0,0.0173230974046795,0.002682473663869,predictive_alpha,step_change,3,21008,0.0,1.0,1.0,0.03,0.01,0.0398303189746767,1.0,1.0,1.0,0.0704671539040004,0.2105716675831614,0.0767670499119936,1.4798102319840087,0.0729010932081206,0.0747904514819242,26.9465306000886,1.283168123813743,0.0198723693432705,13.39997396499745,45.0,0.0135599441136387,0.0459829621866733,0.0767670499119936,real10kg_smc_steady,real10kg_mpc_event,-1.0,-1.0,predictive_alpha,1.0,0.1930838339759395,0.2011940324997174,0.1634200955789059,0.0,transformer,16,True,2.5,1.0,0.75,real_10kg_v1,thruster,real_10kg_x,1.0,0.0127777777777777,0.0323809523809523,0.0198723693432705,0.0052990961097217,0.008186889895358,0.0125,0.0007788556325625,0.0685080025343332,0.0747904514819242,,,21,8,train21_eval8_scn3
startup_0_3s,0.0,3.0,300,0.1101545850277739,0.1065830772379214,0.0278222976969253,0.9675773115667228,0.2525750307162465,0.0637941461413128,0.0976158801028656,0.1963888369989294,0.8570226967731351,0.0,0.0,0.0349144160812246,0.0044999338633361,predictive_alpha,step_change,3,21009,0.0,1.0,1.0,0.03,0.01,0.0400793195117888,1.0,1.0,1.0,0.0702818348251627,0.1963888369989294,0.0758142932799091,1.4759185313284184,0.0730848771949713,0.0749750609348139,26.958341957336245,1.2837305693969638,0.0202757626773128,13.449850742037274,45.0,0.0149702462215104,0.0533442625453019,0.0758142932799091,real10kg_smc_steady,real10kg_mpc_event,-1.0,-1.0,predictive_alpha,1.0,0.1964424648127403,0.2038520013113345,0.1649724479924078,0.0,transformer,16,True,2.5,1.0,0.75,real_10kg_v1,thruster,real_10kg_x,1.0,0.0128571428571428,0.0323809523809523,0.0202757626773128,0.0053414310873923,0.0082285285093858,0.0125,0.0008115928261979,0.0684356350352692,0.0749750609348139,,,21,9,train21_eval9_scn3
pre_step_3_10s,3.0,10.0,700,0.0728407613125972,0.0724813493328124,0.007227067696761,0.995065784962868,0.0992173553176626,0.0098440835962313,0.0719354928847912,0.09676374941749,1.0,0.0378571428571428,0.0957142857142857,0.0155303529332934,0.0023487533867251,predictive_alpha,step_change,3,21009,0.0,1.0,1.0,0.03,0.01,0.0400793195117888,1.0,1.0,1.0,0.0702818348251627,0.1963888369989294,0.0758142932799091,1.4759185313284184,0.0730848771949713,0.0749750609348139,26.958341957336245,1.2837305693969638,0.0202757626773128,13.449850742037274,45.0,0.0149702462215104,0.0533442625453019,0.0758142932799091,real10kg_smc_steady,real10kg_mpc_event,-1.0,-1.0,predictive_alpha,1.0,0.1964424648127403,0.2038520013113345,0.1649724479924078,0.0,transformer,16,True,2.5,1.0,0.75,real_10kg_v1,thruster,real_10kg_x,1.0,0.0128571428571428,0.0323809523809523,0.0202757626773128,0.0053414310873923,0.0082285285093858,0.0125,0.0008115928261979,0.0684356350352692,0.0749750609348139,,,21,9,train21_eval9_scn3
step_recovery_10_13s,10.0,13.0,300,0.0412185891544987,0.0384238024610276,0.0149192324307682,0.932195964228774,0.3619539808809766,0.1310106842755864,0.0378444444657791,0.0745868043505879,1.0,0.0016666666666666,0.0033333333333333,0.0255121684739572,0.0119238853256938,predictive_alpha,step_change,3,21009,0.0,1.0,1.0,0.03,0.01,0.0400793195117888,1.0,1.0,1.0,0.0702818348251627,0.1963888369989294,0.0758142932799091,1.4759185313284184,0.0730848771949713,0.0749750609348139,26.958341957336245,1.2837305693969638,0.0202757626773128,13.449850742037274,45.0,0.0149702462215104,0.0533442625453019,0.0758142932799091,real10kg_smc_steady,real10kg_mpc_event,-1.0,-1.0,predictive_alpha,1.0,0.1964424648127403,0.2038520013113345,0.1649724479924078,0.0,transformer,16,True,2.5,1.0,0.75,real_10kg_v1,thruster,real_10kg_x,1.0,0.0128571428571428,0.0323809523809523,0.0202757626773128,0.0053414310873923,0.0082285285093858,0.0125,0.0008115928261979,0.0684356350352692,0.0749750609348139,,,21,9,train21_eval9_scn3
post_step_13_20p9s,13.0,20.9,790,0.0728230443025434,0.0716501348000495,0.0130174484683031,0.983893704064046,0.1787545219096057,0.0319531791031317,0.0711235007494001,0.0954842062067535,0.8165975364013869,0.0,0.0,0.0171278195456856,0.0026976325712762,predictive_alpha,step_change,3,21009,0.0,1.0,1.0,0.03,0.01,0.0400793195117888,1.0,1.0,1.0,0.0702818348251627,0.1963888369989294,0.0758142932799091,1.4759185313284184,0.0730848771949713,0.0749750609348139,26.958341957336245,1.2837305693969638,0.0202757626773128,13.449850742037274,45.0,0.0149702462215104,0.0533442625453019,0.0758142932799091,real10kg_smc_steady,real10kg_mpc_event,-1.0,-1.0,predictive_alpha,1.0,0.1964424648127403,0.2038520013113345,0.1649724479924078,0.0,transformer,16,True,2.5,1.0,0.75,real_10kg_v1,thruster,real_10kg_x,1.0,0.0128571428571428,0.0323809523809523,0.0202757626773128,0.0053414310873923,0.0082285285093858,0.0125,0.0008115928261979,0.0684356350352692,0.0749750609348139,,,21,9,train21_eval9_scn3
startup_0_3s,0.0,3.0,300,0.1201439716005812,0.1177183170841648,0.0240202359445802,0.9798104350630216,0.199928765668206,0.0399715113416124,0.1046317710146008,0.2186490789044977,0.8969296926387557,0.0,0.0,0.0337316652934734,0.0043734776729665,predictive_alpha,constant,1,22000,0.0,1.0,1.0,0.03,0.01,0.0467218189468905,1.0,1.0,1.0,0.0888181166917501,0.2256772250200276,0.0989510592849317,1.8651804505267529,0.0772206565348257,0.0787155978606876,30.51887713908508,1.453279863765956,0.0187401152652618,15.004120113377828,45.0,0.0136035867529536,0.0506038731853625,0.0989510592849317,real10kg_smc_steady,real10kg_mpc_event,-1.0,-1.0,predictive_alpha,1.0,0.2626672157952601,0.2914094517401838,0.2302836224504946,0.0,transformer,16,True,2.5,1.0,0.75,real_10kg_v1,thruster,real_10kg_x,1.0,0.0469047619047619,0.1338095238095238,0.0187401152652618,0.0025062083220468,0.0082087705357531,0.0125,0.000663130652694,0.0949601767613747,0.0787155978606876,,,22,0,train22_eval0_scn1
pre_step_3_10s,3.0,10.0,700,0.0676670987958195,0.0673011612849201,0.0070277983141504,0.994592091024862,0.1038584251314853,0.0107865724707923,0.06678486489074,0.0892388773051059,1.0,0.0376190476190476,0.0928571428571428,0.0155472920843891,0.0021087582259057,predictive_alpha,constant,1,22000,0.0,1.0,1.0,0.03,0.01,0.0467218189468905,1.0,1.0,1.0,0.0888181166917501,0.2256772250200276,0.0989510592849317,1.8651804505267529,0.0772206565348257,0.0787155978606876,30.51887713908508,1.453279863765956,0.0187401152652618,15.004120113377828,45.0,0.0136035867529536,0.0506038731853625,0.0989510592849317,real10kg_smc_steady,real10kg_mpc_event,-1.0,-1.0,predictive_alpha,1.0,0.2626672157952601,0.2914094517401838,0.2302836224504946,0.0,transformer,16,True,2.5,1.0,0.75,real_10kg_v1,thruster,real_10kg_x,1.0,0.0469047619047619,0.1338095238095238,0.0187401152652618,0.0025062083220468,0.0082087705357531,0.0125,0.000663130652694,0.0949601767613747,0.0787155978606876,,,22,0,train22_eval0_scn1
step_recovery_10_13s,10.0,13.0,300,0.1646052422379095,0.164194946528016,0.0116148743799838,0.9975073958501248,0.0705619956088427,0.0049789952243023,0.1556428866941349,0.2256772250200276,1.0,0.2405555555555555,0.72,0.0111402080979518,0.000932348841909,predictive_alpha,constant,1,22000,0.0,1.0,1.0,0.03,0.01,0.0467218189468905,1.0,1.0,1.0,0.0888181166917501,0.2256772250200276,0.0989510592849317,1.8651804505267529,0.0772206565348257,0.0787155978606876,30.51887713908508,1.453279863765956,0.0187401152652618,15.004120113377828,45.0,0.0136035867529536,0.0506038731853625,0.0989510592849317,real10kg_smc_steady,real10kg_mpc_event,-1.0,-1.0,predictive_alpha,1.0,0.2626672157952601,0.2914094517401838,0.2302836224504946,0.0,transformer,16,True,2.5,1.0,0.75,real_10kg_v1,thruster,real_10kg_x,1.0,0.0469047619047619,0.1338095238095238,0.0187401152652618,0.0025062083220468,0.0082087705357531,0.0125,0.000663130652694,0.0949601767613747,0.0787155978606876,,,22,0,train22_eval0_scn1
post_step_13_20p9s,13.0,20.9,790,0.0785534712554454,0.0774225769228633,0.0132812811469148,0.9856035091192272,0.1690731285919354,0.0285857228118651,0.0774779111820434,0.1017423128850238,0.6814461921626309,0.0,0.0,0.0189871200742906,0.0027643953649949,predictive_alpha,constant,1,22000,0.0,1.0,1.0,0.03,0.01,0.0467218189468905,1.0,1.0,1.0,0.0888181166917501,0.2256772250200276,0.0989510592849317,1.8651804505267529,0.0772206565348257,0.0787155978606876,30.51887713908508,1.453279863765956,0.0187401152652618,15.004120113377828,45.0,0.0136035867529536,0.0506038731853625,0.0989510592849317,real10kg_smc_steady,real10kg_mpc_event,-1.0,-1.0,predictive_alpha,1.0,0.2626672157952601,0.2914094517401838,0.2302836224504946,0.0,transformer,16,True,2.5,1.0,0.75,real_10kg_v1,thruster,real_10kg_x,1.0,0.0469047619047619,0.1338095238095238,0.0187401152652618,0.0025062083220468,0.0082087705357531,0.0125,0.000663130652694,0.0949601767613747,0.0787155978606876,,,22,0,train22_eval0_scn1
startup_0_3s,0.0,3.0,300,0.1137563857506652,0.1103500017227778,0.0276295569786612,0.9700554478290684,0.2428835690966881,0.0589924281371457,0.0990403717281346,0.2061906571902768,0.867444181470003,0.0,0.0,0.0297015166099612,0.004235645718933,predictive_alpha,constant,1,22001,0.0,1.0,1.0,0.03,0.01,0.0463596071169132,1.0,1.0,1.0,0.0881438385764287,0.2252416836535817,0.0979289026210752,1.8510206101050048,0.0775378435469717,0.0790832987418028,30.52594423121158,1.453616391962456,0.0180637372864882,14.920426890292177,45.0,0.0145185741531679,0.0617055531154035,0.0979289026210752,real10kg_smc_steady,real10kg_mpc_event,-1.0,-1.0,predictive_alpha,1.0,0.2613171121995249,0.2915802885632672,0.2264336254771998,0.0,transformer,16,True,2.5,1.0,0.75,real_10kg_v1,thruster,real_10kg_x,1.0,0.0468253968253968,0.1338095238095238,0.0180637372864882,0.002499753319624,0.0081484380485265,0.0125,0.0006601702953414,0.0950350588650684,0.0790832987418028,,,22,1,train22_eval1_scn1
pre_step_3_10s,3.0,10.0,700,0.0680161002964828,0.0676638956663728,0.0069128230695877,0.9948217461957574,0.1016350987406614,0.010329693296024,0.0671224731940896,0.0908819419045108,1.0,0.0376190476190476,0.0928571428571428,0.0153305938485993,0.0021303604824802,predictive_alpha,constant,1,22001,0.0,1.0,1.0,0.03,0.01,0.0463596071169132,1.0,1.0,1.0,0.0881438385764287,0.2252416836535817,0.0979289026210752,1.8510206101050048,0.0775378435469717,0.0790832987418028,30.52594423121158,1.453616391962456,0.0180637372864882,14.920426890292177,45.0,0.0145185741531679,0.0617055531154035,0.0979289026210752,real10kg_smc_steady,real10kg_mpc_event,-1.0,-1.0,predictive_alpha,1.0,0.2613171121995249,0.2915802885632672,0.2264336254771998,0.0,transformer,16,True,2.5,1.0,0.75,real_10kg_v1,thruster,real_10kg_x,1.0,0.0468253968253968,0.1338095238095238,0.0180637372864882,0.002499753319624,0.0081484380485265,0.0125,0.0006601702953414,0.0950350588650684,0.0790832987418028,,,22,1,train22_eval1_scn1
step_recovery_10_13s,10.0,13.0,300,0.1643580999527323,0.1639496639730942,0.011579840378081,0.997514962878279,0.0704549418702899,0.0049638988339459,0.155444946064974,0.2252416836535817,1.0,0.24,0.72,0.0109423660575422,0.000926030181384,predictive_alpha,constant,1,22001,0.0,1.0,1.0,0.03,0.01,0.0463596071169132,1.0,1.0,1.0,0.0881438385764287,0.2252416836535817,0.0979289026210752,1.8510206101050048,0.0775378435469717,0.0790832987418028,30.52594423121158,1.453616391962456,0.0180637372864882,14.920426890292177,45.0,0.0145185741531679,0.0617055531154035,0.0979289026210752,real10kg_smc_steady,real10kg_mpc_event,-1.0,-1.0,predictive_alpha,1.0,0.2613171121995249,0.2915802885632672,0.2264336254771998,0.0,transformer,16,True,2.5,1.0,0.75,real_10kg_v1,thruster,real_10kg_x,1.0,0.0468253968253968,0.1338095238095238,0.0180637372864882,0.002499753319624,0.0081484380485265,0.0125,0.0006601702953414,0.0950350588650684,0.0790832987418028,,,22,1,train22_eval1_scn1
post_step_13_20p9s,13.0,20.9,790,0.0786915032270734,0.0775682576258748,0.0132483240080552,0.9857259608072638,0.1683577446706758,0.0283443301905964,0.0775887847268774,0.1026606668985021,0.6826238683414145,0.0,0.0,0.0189890759996834,0.0027939995023904,predictive_alpha,constant,1,22001,0.0,1.0,1.0,0.03,0.01,0.0463596071169132,1.0,1.0,1.0,0.0881438385764287,0.2252416836535817,0.0979289026210752,1.8510206101050048,0.0775378435469717,0.0790832987418028,30.52594423121158,1.453616391962456,0.0180637372864882,14.920426890292177,45.0,0.0145185741531679,0.0617055531154035,0.0979289026210752,real10kg_smc_steady,real10kg_mpc_event,-1.0,-1.0,predictive_alpha,1.0,0.2613171121995249,0.2915802885632672,0.2264336254771998,0.0,transformer,16,True,2.5,1.0,0.75,real_10kg_v1,thruster,real_10kg_x,1.0,0.0468253968253968,0.1338095238095238,0.0180637372864882,0.002499753319624,0.0081484380485265,0.0125,0.0006601702953414,0.0950350588650684,0.0790832987418028,,,22,1,train22_eval1_scn1
startup_0_3s,0.0,3.0,300,0.1280620421653165,0.1257370023466899,0.02429182752326,0.9818444265036376,0.1896879599335254,0.0359815221437427,0.110920216999678,0.2339181738150836,0.9115273274655774,0.0,0.0,0.0334318369090504,0.0043014038512471,predictive_alpha,constant,1,22002,0.0,1.0,1.0,0.03,0.01,0.0467565725115236,1.0,1.0,1.0,0.0897076640448123,0.2339181738150836,0.100339141102529,1.8838609449410595,0.0772222156657748,0.0787173601514777,30.522000424224,1.4534285916297145,0.0186919367622484,15.000461123820813,45.0,0.0136655073380867,0.050633652466694,0.100339141102529,real10kg_smc_steady,real10kg_mpc_event,-1.0,-1.0,predictive_alpha,1.0,0.262725608074548,0.2913105789759671,0.2306366731942398,0.0,transformer,16,True,2.5,1.0,0.75,real_10kg_v1,thruster,real_10kg_x,1.0,0.0468253968253968,0.1338095238095238,0.0186919367622484,0.0024993342234229,0.0082109860242895,0.0125,0.0006574172459299,0.0949348162484847,0.0787173601514777,,,22,2,train22_eval2_scn1
pre_step_3_10s,3.0,10.0,700,0.0676670727752354,0.0673030364899102,0.007009566121153,0.9946201857063576,0.1035890254102784,0.0107306861854513,0.0667934477044794,0.0892072053303477,1.0,0.0373809523809523,0.0928571428571428,0.0155414216705084,0.0021182665171394,predictive_alpha,constant,1,22002,0.0,1.0,1.0,0.03,0.01,0.0467565725115236,1.0,1.0,1.0,0.0897076640448123,0.2339181738150836,0.100339141102529,1.8838609449410595,0.0772222156657748,0.0787173601514777,30.522000424224,1.4534285916297145,0.0186919367622484,15.000461123820813,45.0,0.0136655073380867,0.050633652466694,0.100339141102529,real10kg_smc_steady,real10kg_mpc_event,-1.0,-1.0,predictive_alpha,1.0,0.262725608074548,0.2913105789759671,0.2306366731942398,0.0,transformer,16,True,2.5,1.0,0.75,real_10kg_v1,thruster,real_10kg_x,1.0,0.0468253968253968,0.1338095238095238,0.0186919367622484,0.0024993342234229,0.0082109860242895,0.0125,0.0006574172459299,0.0949348162484847,0.0787173601514777,,,22,2,train22_eval2_scn1
step_recovery_10_13s,10.0,13.0,300,0.1645182985022727,0.1641100791987855,0.0115824197580324,0.9975186996996472,0.0704020152376692,0.004956443749525,0.1555636925343232,0.2255333819282118,1.0,0.2405555555555555,0.72,0.011116929397601,0.0009298649601832,predictive_alpha,constant,1,22002,0.0,1.0,1.0,0.03,0.01,0.0467565725115236,1.0,1.0,1.0,0.0897076640448123,0.2339181738150836,0.100339141102529,1.8838609449410595,0.0772222156657748,0.0787173601514777,30.522000424224,1.4534285916297145,0.0186919367622484,15.000461123820813,45.0,0.0136655073380867,0.050633652466694,0.100339141102529,real10kg_smc_steady,real10kg_mpc_event,-1.0,-1.0,predictive_alpha,1.0,0.262725608074548,0.2913105789759671,0.2306366731942398,0.0,transformer,16,True,2.5,1.0,0.75,real_10kg_v1,thruster,real_10kg_x,1.0,0.0468253968253968,0.1338095238095238,0.0186919367622484,0.0024993342234229,0.0082109860242895,0.0125,0.0006574172459299,0.0949348162484847,0.0787173601514777,,,22,2,train22_eval2_scn1
post_step_13_20p9s,13.0,20.9,790,0.0785527372921032,0.0774214796485258,0.0132833363698691,0.985598749546171,0.1691008719463746,0.0285951048930241,0.0774768515896571,0.101744907824067,0.6816879719654863,0.0,0.0,0.0189788369900448,0.0027663750199595,predictive_alpha,constant,1,22002,0.0,1.0,1.0,0.03,0.01,0.0467565725115236,1.0,1.0,1.0,0.0897076640448123,0.2339181738150836,0.100339141102529,1.8838609449410595,0.0772222156657748,0.0787173601514777,30.522000424224,1.4534285916297145,0.0186919367622484,15.000461123820813,45.0,0.0136655073380867,0.050633652466694,0.100339141102529,real10kg_smc_steady,real10kg_mpc_event,-1.0,-1.0,predictive_alpha,1.0,0.262725608074548,0.2913105789759671,0.2306366731942398,0.0,transformer,16,True,2.5,1.0,0.75,real_10kg_v1,thruster,real_10kg_x,1.0,0.0468253968253968,0.1338095238095238,0.0186919367622484,0.0024993342234229,0.0082109860242895,0.0125,0.0006574172459299,0.0949348162484847,0.0787173601514777,,,22,2,train22_eval2_scn1
startup_0_3s,0.0,3.0,300,0.1180917424873594,0.1147316664248426,0.0279697043795507,0.9715469008099656,0.2368472493539896,0.0560966195265509,0.1040638080384392,0.211404490437919,0.8644223657248095,0.0,0.0,0.0355293184091421,0.0045993887379889,predictive_alpha,constant,1,22003,0.0,1.0,1.0,0.03,0.01,0.046730193671149,1.0,1.0,1.0,0.0887334331732739,0.2256944373354833,0.0985961865926737,1.863402096638753,0.0772212868629564,0.0787163264101481,30.48368514223406,1.451604054392098,0.0190087178356466,15.00415441381114,45.0,0.014653217226948,0.0541726687825482,0.0985961865926737,real10kg_smc_steady,real10kg_mpc_event,-1.0,-1.0,predictive_alpha,1.0,0.2627272124477439,0.2914906054515492,0.2299073478549308,0.0,transformer,16,True,2.5,1.0,0.75,real_10kg_v1,thruster,real_10kg_x,1.0,0.0469047619047619,0.1338095238095238,0.0190087178356466,0.0025450709598278,0.0082080744650016,0.0125,0.0006638646873547,0.0949585843325223,0.0787163264101481,,,22,3,train22_eval3_scn1
pre_step_3_10s,3.0,10.0,700,0.0676706985018589,0.0672992257221943,0.0070807946533302,0.9945105815679676,0.1046360509066669,0.0109487031493426,0.0667798740768395,0.0892673486241028,1.0,0.0376190476190476,0.0928571428571428,0.0155607297448738,0.0021202359634684,predictive_alpha,constant,1,22003,0.0,1.0,1.0,0.03,0.01,0.046730193671149,1.0,1.0,1.0,0.0887334331732739,0.2256944373354833,0.0985961865926737,1.863402096638753,0.0772212868629564,0.0787163264101481,30.48368514223406,1.451604054392098,0.0190087178356466,15.00415441381114,45.0,0.014653217226948,0.0541726687825482,0.0985961865926737,real10kg_smc_steady,real10kg_mpc_event,-1.0,-1.0,predictive_alpha,1.0,0.2627272124477439,0.2914906054515492,0.2299073478549308,0.0,transformer,16,True,2.5,1.0,0.75,real_10kg_v1,thruster,real_10kg_x,1.0,0.0469047619047619,0.1338095238095238,0.0190087178356466,0.0025450709598278,0.0082080744650016,0.0125,0.0006638646873547,0.0949585843325223,0.0787163264101481,,,22,3,train22_eval3_scn1
step_recovery_10_13s,10.0,13.0,300,0.1645947270702287,0.1641830548775869,0.0116339447474354,0.9974988737490588,0.0706823660424525,0.0049959968693592,0.1556270493021319,0.2256944373354833,1.0,0.2405555555555555,0.72,0.0111834840274961,0.000935013255115,predictive_alpha,constant,1,22003,0.0,1.0,1.0,0.03,0.01,0.046730193671149,1.0,1.0,1.0,0.0887334331732739,0.2256944373354833,0.0985961865926737,1.863402096638753,0.0772212868629564,0.0787163264101481,30.48368514223406,1.451604054392098,0.0190087178356466,15.00415441381114,45.0,0.014653217226948,0.0541726687825482,0.0985961865926737,real10kg_smc_steady,real10kg_mpc_event,-1.0,-1.0,predictive_alpha,1.0,0.2627272124477439,0.2914906054515492,0.2299073478549308,0.0,transformer,16,True,2.5,1.0,0.75,real_10kg_v1,thruster,real_10kg_x,1.0,0.0469047619047619,0.1338095238095238,0.0190087178356466,0.0025450709598278,0.0082080744650016,0.0125,0.0006638646873547,0.0949585843325223,0.0787163264101481,,,22,3,train22_eval3_scn1
post_step_13_20p9s,13.0,20.9,790,0.0785546457939081,0.0774235623248779,0.0132824836808527,0.985601316668174,0.1690859088805512,0.028590044581962,0.0774788250774744,0.1017430681085176,0.6812519981985627,0.0,0.0,0.0189884801739006,0.0027651616194,predictive_alpha,constant,1,22003,0.0,1.0,1.0,0.03,0.01,0.046730193671149,1.0,1.0,1.0,0.0887334331732739,0.2256944373354833,0.0985961865926737,1.863402096638753,0.0772212868629564,0.0787163264101481,30.48368514223406,1.451604054392098,0.0190087178356466,15.00415441381114,45.0,0.014653217226948,0.0541726687825482,0.0985961865926737,real10kg_smc_steady,real10kg_mpc_event,-1.0,-1.0,predictive_alpha,1.0,0.2627272124477439,0.2914906054515492,0.2299073478549308,0.0,transformer,16,True,2.5,1.0,0.75,real_10kg_v1,thruster,real_10kg_x,1.0,0.0469047619047619,0.1338095238095238,0.0190087178356466,0.0025450709598278,0.0082080744650016,0.0125,0.0006638646873547,0.0949585843325223,0.0787163264101481,,,22,3,train22_eval3_scn1
startup_0_3s,0.0,3.0,300,0.1342809463750559,0.1292168608823144,0.0365291037817962,0.9622873860406288,0.2720348997226157,0.0740029866670936,0.1176521168177448,0.2372090239047679,0.9319212624021824,0.0,0.0,0.0390008208913996,0.0049255890355478,predictive_alpha,constant,1,22004,0.0,1.0,1.0,0.03,0.01,0.0467370528557705,1.0,1.0,1.0,0.0907224168716224,0.2372090239047679,0.101560963906061,1.9051707543040703,0.0772212405181182,0.0787162086961224,30.60530174348667,1.457395321118413,0.0195174286946026,14.973507738033758,45.0,0.0171436432841658,0.076176032441833,0.101560963906061,real10kg_smc_steady,real10kg_mpc_event,-1.0,-1.0,predictive_alpha,1.0,0.263827134412001,0.2918179162395105,0.2318844063693957,0.0,transformer,16,True,2.5,1.0,0.75,real_10kg_v1,thruster,real_10kg_x,1.0,0.0469047619047619,0.1338095238095238,0.0195174286946026,0.0025897732442539,0.0082352817759189,0.0125,0.0006448267595358,0.0950184483554965,0.0787162086961224,,,22,4,train22_eval4_scn1
pre_step_3_10s,3.0,10.0,700,0.0678381351859964,0.0674619637100108,0.0071341459126303,0.9944548670898136,0.1051642397461275,0.011059517321381,0.0669049999620927,0.0903225127817832,1.0,0.0376190476190476,0.0928571428571428,0.015589725179881,0.0021177113866688,predictive_alpha,constant,1,22004,0.0,1.0,1.0,0.03,0.01,0.0467370528557705,1.0,1.0,1.0,0.0907224168716224,0.2372090239047679,0.101560963906061,1.9051707543040703,0.0772212405181182,0.0787162086961224,30.60530174348667,1.457395321118413,0.0195174286946026,14.973507738033758,45.0,0.0171436432841658,0.076176032441833,0.101560963906061,real10kg_smc_steady,real10kg_mpc_event,-1.0,-1.0,predictive_alpha,1.0,0.263827134412001,0.2918179162395105,0.2318844063693957,0.0,transformer,16,True,2.5,1.0,0.75,real_10kg_v1,thruster,real_10kg_x,1.0,0.0469047619047619,0.1338095238095238,0.0195174286946026,0.0025897732442539,0.0082352817759189,0.0125,0.0006448267595358,0.0950184483554965,0.0787162086961224,,,22,4,train22_eval4_scn1
step_recovery_10_13s,10.0,13.0,300,0.1646386191461085,0.1642258403519826,0.0116511061716262,0.9974928191437292,0.0707677593024909,0.0050080757566952,0.155664044787353,0.2257766199788829,1.0,0.2405555555555555,0.72,0.0112195984669284,0.0009378883861128,predictive_alpha,constant,1,22004,0.0,1.0,1.0,0.03,0.01,0.0467370528557705,1.0,1.0,1.0,0.0907224168716224,0.2372090239047679,0.101560963906061,1.9051707543040703,0.0772212405181182,0.0787162086961224,30.60530174348667,1.457395321118413,0.0195174286946026,14.973507738033758,45.0,0.0171436432841658,0.076176032441833,0.101560963906061,real10kg_smc_steady,real10kg_mpc_event,-1.0,-1.0,predictive_alpha,1.0,0.263827134412001,0.2918179162395105,0.2318844063693957,0.0,transformer,16,True,2.5,1.0,0.75,real_10kg_v1,thruster,real_10kg_x,1.0,0.0469047619047619,0.1338095238095238,0.0195174286946026,0.0025897732442539,0.0082352817759189,0.0125,0.0006448267595358,0.0950184483554965,0.0787162086961224,,,22,4,train22_eval4_scn1
post_step_13_20p9s,13.0,20.9,790,0.0785566364780067,0.0774254366007016,0.0132833317329815,0.9856001997027732,0.1690924195398871,0.0285922463458532,0.077480876179447,0.1017423910009387,0.6812578623029051,0.0,0.0,0.018989527212518,0.0027652738805938,predictive_alpha,constant,1,22004,0.0,1.0,1.0,0.03,0.01,0.0467370528557705,1.0,1.0,1.0,0.0907224168716224,0.2372090239047679,0.101560963906061,1.9051707543040703,0.0772212405181182,0.0787162086961224,30.60530174348667,1.457395321118413,0.0195174286946026,14.973507738033758,45.0,0.0171436432841658,0.076176032441833,0.101560963906061,real10kg_smc_steady,real10kg_mpc_event,-1.0,-1.0,predictive_alpha,1.0,0.263827134412001,0.2918179162395105,0.2318844063693957,0.0,transformer,16,True,2.5,1.0,0.75,real_10kg_v1,thruster,real_10kg_x,1.0,0.0469047619047619,0.1338095238095238,0.0195174286946026,0.0025897732442539,0.0082352817759189,0.0125,0.0006448267595358,0.0950184483554965,0.0787162086961224,,,22,4,train22_eval4_scn1
startup_0_3s,0.0,3.0,300,0.1029010019602668,0.0979303629219573,0.0315952563275022,0.9516949403444211,0.3070451766806127,0.0942767405228286,0.0933296100907028,0.1777283368741157,0.8294282898556475,0.0,0.0,0.0359502745257757,0.0049327249683219,predictive_alpha,constant,1,22005,0.0,1.0,1.0,0.03,0.01,0.0466417936191159,1.0,1.0,1.0,0.0872503290119449,0.2260623807182418,0.0962187862023462,1.832256909250844,0.0772794421132827,0.0787802199483711,30.47129923677958,1.451014249370456,0.0190705489059508,15.01620667699973,45.0,0.015667808150178,0.0617705877570979,0.0962187862023462,real10kg_smc_steady,real10kg_mpc_event,-1.0,-1.0,predictive_alpha,1.0,0.2627321292351935,0.2918640129805718,0.2273630401962769,0.0,transformer,16,True,2.5,1.0,0.75,real_10kg_v1,thruster,real_10kg_x,1.0,0.0469047619047619,0.1338095238095238,0.0190705489059508,0.0025904045148436,0.0081901397621526,0.0125,0.0006588240517243,0.0950594266089576,0.0787802199483711,,,22,5,train22_eval5_scn1
pre_step_3_10s,3.0,10.0,700,0.0676846925227576,0.0673120052236295,0.007093063842537,0.9944937727388992,0.1047956868556679,0.0109821359835512,0.0667755178535275,0.0896062141315407,1.0,0.0376190476190476,0.0928571428571428,0.015557430300254,0.0021111983891562,predictive_alpha,constant,1,22005,0.0,1.0,1.0,0.03,0.01,0.0466417936191159,1.0,1.0,1.0,0.0872503290119449,0.2260623807182418,0.0962187862023462,1.832256909250844,0.0772794421132827,0.0787802199483711,30.47129923677958,1.451014249370456,0.0190705489059508,15.01620667699973,45.0,0.015667808150178,0.0617705877570979,0.0962187862023462,real10kg_smc_steady,real10kg_mpc_event,-1.0,-1.0,predictive_alpha,1.0,0.2627321292351935,0.2918640129805718,0.2273630401962769,0.0,transformer,16,True,2.5,1.0,0.75,real_10kg_v1,thruster,real_10kg_x,1.0,0.0469047619047619,0.1338095238095238,0.0190705489059508,0.0025904045148436,0.0081901397621526,0.0125,0.0006588240517243,0.0950594266089576,0.0787802199483711,,,22,5,train22_eval5_scn1
step_recovery_10_13s,10.0,13.0,300,0.1648952264046522,0.1644853626220564,0.0116190005651136,0.9975143987395368,0.0704629286029219,0.0049650243073004,0.1559236552385837,0.2260623807182418,1.0,0.2405555555555555,0.72,0.0111755510419075,0.00094462396219,predictive_alpha,constant,1,22005,0.0,1.0,1.0,0.03,0.01,0.0466417936191159,1.0,1.0,1.0,0.0872503290119449,0.2260623807182418,0.0962187862023462,1.832256909250844,0.0772794421132827,0.0787802199483711,30.47129923677958,1.451014249370456,0.0190705489059508,15.01620667699973,45.0,0.015667808150178,0.0617705877570979,0.0962187862023462,real10kg_smc_steady,real10kg_mpc_event,-1.0,-1.0,predictive_alpha,1.0,0.2627321292351935,0.2918640129805718,0.2273630401962769,0.0,transformer,16,True,2.5,1.0,0.75,real_10kg_v1,thruster,real_10kg_x,1.0,0.0469047619047619,0.1338095238095238,0.0190705489059508,0.0025904045148436,0.0081901397621526,0.0125,0.0006588240517243,0.0950594266089576,0.0787802199483711,,,22,5,train22_eval5_scn1
post_step_13_20p9s,13.0,20.9,790,0.0785830455877748,0.0774543926229458,0.0132707240669399,0.9856374494474338,0.1688751558008391,0.0285188182467576,0.0775047424136621,0.1018803912544961,0.6848802437294382,0.0,0.0,0.0190048774661327,0.0027629830111052,predictive_alpha,constant,1,22005,0.0,1.0,1.0,0.03,0.01,0.0466417936191159,1.0,1.0,1.0,0.0872503290119449,0.2260623807182418,0.0962187862023462,1.832256909250844,0.0772794421132827,0.0787802199483711,30.47129923677958,1.451014249370456,0.0190705489059508,15.01620667699973,45.0,0.015667808150178,0.0617705877570979,0.0962187862023462,real10kg_smc_steady,real10kg_mpc_event,-1.0,-1.0,predictive_alpha,1.0,0.2627321292351935,0.2918640129805718,0.2273630401962769,0.0,transformer,16,True,2.5,1.0,0.75,real_10kg_v1,thruster,real_10kg_x,1.0,0.0469047619047619,0.1338095238095238,0.0190705489059508,0.0025904045148436,0.0081901397621526,0.0125,0.0006588240517243,0.0950594266089576,0.0787802199483711,,,22,5,train22_eval5_scn1
startup_0_3s,0.0,3.0,300,0.1243459940051078,0.1213912658950983,0.0269459976527844,0.9762378504136756,0.2167017753034936,0.0469596594196858,0.1088176536894471,0.2239392854752837,0.8635971572323887,0.0,0.0,0.0346978492217321,0.0044896783288356,predictive_alpha,constant,1,22006,0.0,1.0,1.0,0.03,0.01,0.0467170206152588,1.0,1.0,1.0,0.0894040030907167,0.2257106783887115,0.0996840972169622,1.8774840649050517,0.0772224189494677,0.0787176099033885,30.47439169675808,1.451161509369432,0.0189034618626697,15.02167633951654,45.0,0.0143738685252019,0.0541204054491035,0.0996840972169622,real10kg_smc_steady,real10kg_mpc_event,-1.0,-1.0,predictive_alpha,1.0,0.2622644129820284,0.2912171689153243,0.2299782483879521,0.0,transformer,16,True,2.5,1.0,0.75,real_10kg_v1,thruster,real_10kg_x,1.0,0.0469047619047619,0.1338095238095238,0.0189034618626697,0.0025235012175994,0.0082056365665681,0.0125,0.0006578018561782,0.0949530659857868,0.0787176099033885,,,22,6,train22_eval6_scn1
pre_step_3_10s,3.0,10.0,700,0.067624948996138,0.0672538024987245,0.007075293364435,0.9945116927565496,0.1046254891051989,0.010946492970502,0.0667433371055608,0.0893497968792019,1.0,0.0376190476190476,0.0928571428571428,0.015609960254268,0.0021128445107643,predictive_alpha,constant,1,22006,0.0,1.0,1.0,0.03,0.01,0.0467170206152588,1.0,1.0,1.0,0.0894040030907167,0.2257106783887115,0.0996840972169622,1.8774840649050517,0.0772224189494677,0.0787176099033885,30.47439169675808,1.451161509369432,0.0189034618626697,15.02167633951654,45.0,0.0143738685252019,0.0541204054491035,0.0996840972169622,real10kg_smc_steady,real10kg_mpc_event,-1.0,-1.0,predictive_alpha,1.0,0.2622644129820284,0.2912171689153243,0.2299782483879521,0.0,transformer,16,True,2.5,1.0,0.75,real_10kg_v1,thruster,real_10kg_x,1.0,0.0469047619047619,0.1338095238095238,0.0189034618626697,0.0025235012175994,0.0082056365665681,0.0125,0.0006578018561782,0.0949530659857868,0.0787176099033885,,,22,6,train22_eval6_scn1
step_recovery_10_13s,10.0,13.0,300,0.1646202896593338,0.1642098659856021,0.0116172148346131,0.9975068463639506,0.0705697630507995,0.0049800914570459,0.155653183282047,0.2257106783887115,1.0,0.2405555555555555,0.72,0.0111744550469271,0.0009347837788697,predictive_alpha,constant,1,22006,0.0,1.0,1.0,0.03,0.01,0.0467170206152588,1.0,1.0,1.0,0.0894040030907167,0.2257106783887115,0.0996840972169622,1.8774840649050517,0.0772224189494677,0.0787176099033885,30.47439169675808,1.451161509369432,0.0189034618626697,15.02167633951654,45.0,0.0143738685252019,0.0541204054491035,0.0996840972169622,real10kg_smc_steady,real10kg_mpc_event,-1.0,-1.0,predictive_alpha,1.0,0.2622644129820284,0.2912171689153243,0.2299782483879521,0.0,transformer,16,True,2.5,1.0,0.75,real_10kg_v1,thruster,real_10kg_x,1.0,0.0469047619047619,0.1338095238095238,0.0189034618626697,0.0025235012175994,0.0082056365665681,0.0125,0.0006578018561782,0.0949530659857868,0.0787176099033885,,,22,6,train22_eval6_scn1
post_step_13_20p9s,13.0,20.9,790,0.0785541376823997,0.0774228313105334,0.0132837396423635,0.9855983859635724,0.1691029910616633,0.0285958215860009,0.0774787459405189,0.1017440041100179,0.6816661590770321,0.0,0.0,0.0189853283876629,0.0027640850617485,predictive_alpha,constant,1,22006,0.0,1.0,1.0,0.03,0.01,0.0467170206152588,1.0,1.0,1.0,0.0894040030907167,0.2257106783887115,0.0996840972169622,1.8774840649050517,0.0772224189494677,0.0787176099033885,30.47439169675808,1.451161509369432,0.0189034618626697,15.02167633951654,45.0,0.0143738685252019,0.0541204054491035,0.0996840972169622,real10kg_smc_steady,real10kg_mpc_event,-1.0,-1.0,predictive_alpha,1.0,0.2622644129820284,0.2912171689153243,0.2299782483879521,0.0,transformer,16,True,2.5,1.0,0.75,real_10kg_v1,thruster,real_10kg_x,1.0,0.0469047619047619,0.1338095238095238,0.0189034618626697,0.0025235012175994,0.0082056365665681,0.0125,0.0006578018561782,0.0949530659857868,0.0787176099033885,,,22,6,train22_eval6_scn1
startup_0_3s,0.0,3.0,300,0.1086696007249004,0.1049386499890882,0.0282305129279811,0.9656670245319372,0.2597829819900358,0.0674871977316352,0.0969490528587874,0.1926831258156104,0.8441143592390558,0.0,0.0,0.0352890663416007,0.004591632201902,predictive_alpha,constant,1,22007,0.0,1.0,1.0,0.03,0.01,0.0467059722255142,1.0,1.0,1.0,0.0877285745047733,0.2257917885777866,0.0970549598621822,1.8423000646002403,0.0772201853999999,0.0787149959323696,30.469686538016774,1.450937454191275,0.0189754510934975,15.008519237281142,45.0,0.0147250419529896,0.0528547020721464,0.0970549598621822,real10kg_smc_steady,real10kg_mpc_event,-1.0,-1.0,predictive_alpha,1.0,0.2624449995579166,0.2915245718342423,0.2286571950530855,0.0,transformer,16,True,2.5,1.0,0.75,real_10kg_v1,thruster,real_10kg_x,1.0,0.0469047619047619,0.1338095238095238,0.0189754510934975,0.0025410374785857,0.0082045766065245,0.0125,0.0006501371309386,0.0949812038556746,0.0787149959323696,,,22,7,train22_eval7_scn1
pre_step_3_10s,3.0,10.0,700,0.067680964307726,0.0673097122348549,0.0070792350211515,0.9945146751872052,0.1045971358942864,0.0109405608372878,0.0667861603133975,0.0892973264652683,1.0,0.0376190476190476,0.0928571428571428,0.0155508617624232,0.0021156689853253,predictive_alpha,constant,1,22007,0.0,1.0,1.0,0.03,0.01,0.0467059722255142,1.0,1.0,1.0,0.0877285745047733,0.2257917885777866,0.0970549598621822,1.8423000646002403,0.0772201853999999,0.0787149959323696,30.469686538016774,1.450937454191275,0.0189754510934975,15.008519237281142,45.0,0.0147250419529896,0.0528547020721464,0.0970549598621822,real10kg_smc_steady,real10kg_mpc_event,-1.0,-1.0,predictive_alpha,1.0,0.2624449995579166,0.2915245718342423,0.2286571950530855,0.0,transformer,16,True,2.5,1.0,0.75,real_10kg_v1,thruster,real_10kg_x,1.0,0.0469047619047619,0.1338095238095238,0.0189754510934975,0.0025410374785857,0.0082045766065245,0.0125,0.0006501371309386,0.0949812038556746,0.0787149959323696,,,22,7,train22_eval7_scn1
step_recovery_10_13s,10.0,13.0,300,0.1646634828131553,0.1642511222506948,0.0116460899681228,0.997495737637662,0.0707266102305009,0.0050022533946971,0.1556929283830294,0.2257917885777866,1.0,0.2405555555555555,0.72,0.0111835264691447,0.0009350056042563,predictive_alpha,constant,1,22007,0.0,1.0,1.0,0.03,0.01,0.0467059722255142,1.0,1.0,1.0,0.0877285745047733,0.2257917885777866,0.0970549598621822,1.8423000646002403,0.0772201853999999,0.0787149959323696,30.469686538016774,1.450937454191275,0.0189754510934975,15.008519237281142,45.0,0.0147250419529896,0.0528547020721464,0.0970549598621822,real10kg_smc_steady,real10kg_mpc_event,-1.0,-1.0,predictive_alpha,1.0,0.2624449995579166,0.2915245718342423,0.2286571950530855,0.0,transformer,16,True,2.5,1.0,0.75,real_10kg_v1,thruster,real_10kg_x,1.0,0.0469047619047619,0.1338095238095238,0.0189754510934975,0.0025410374785857,0.0082045766065245,0.0125,0.0006501371309386,0.0949812038556746,0.0787149959323696,,,22,7,train22_eval7_scn1
post_step_13_20p9s,13.0,20.9,790,0.0785544677590587,0.0774238567978321,0.013279713982529,0.9856072990692984,0.1690510337777401,0.0285782520213226,0.0774790162070168,0.1017420911368982,0.6815014053418764,0.0,0.0,0.0190035776795638,0.0027599733836732,predictive_alpha,constant,1,22007,0.0,1.0,1.0,0.03,0.01,0.0467059722255142,1.0,1.0,1.0,0.0877285745047733,0.2257917885777866,0.0970549598621822,1.8423000646002403,0.0772201853999999,0.0787149959323696,30.469686538016774,1.450937454191275,0.0189754510934975,15.008519237281142,45.0,0.0147250419529896,0.0528547020721464,0.0970549598621822,real10kg_smc_steady,real10kg_mpc_event,-1.0,-1.0,predictive_alpha,1.0,0.2624449995579166,0.2915245718342423,0.2286571950530855,0.0,transformer,16,True,2.5,1.0,0.75,real_10kg_v1,thruster,real_10kg_x,1.0,0.0469047619047619,0.1338095238095238,0.0189754510934975,0.0025410374785857,0.0082045766065245,0.0125,0.0006501371309386,0.0949812038556746,0.0787149959323696,,,22,7,train22_eval7_scn1
startup_0_3s,0.0,3.0,300,0.1095629950344594,0.1070382344690372,0.0233851714270473,0.9769560829856092,0.2134404177221729,0.0455568119174156,0.0965579390761485,0.1978101819648135,0.8753835254830461,0.0,0.0,0.0331287545660105,0.0042899192209149,predictive_alpha,constant,1,22008,0.0,1.0,1.0,0.03,0.01,0.0467171483465278,1.0,1.0,1.0,0.0876695994242824,0.2256853760111043,0.0971842149730342,1.841061587909932,0.0772183120250313,0.078712741475916,30.504133681957537,1.4525777943789304,0.0186465904882907,15.000605609282244,45.0,0.0134422205365844,0.0484384419559282,0.0971842149730342,real10kg_smc_steady,real10kg_mpc_event,-1.0,-1.0,predictive_alpha,1.0,0.2622179046496097,0.2913541200567869,0.2289389951400725,0.0,transformer,16,True,2.5,1.0,0.75,real_10kg_v1,thruster,real_10kg_x,1.0,0.0469047619047619,0.1338095238095238,0.0186465904882907,0.0024913295663623,0.0081956906279022,0.0125,0.0006602754744972,0.0949643368134879,0.078712741475916,,,22,8,train22_eval8_scn1
pre_step_3_10s,3.0,10.0,700,0.0676868772112565,0.0673229611438352,0.0070094400230953,0.9946235358696563,0.1035568534387887,0.0107240218941427,0.0668036668078604,0.0892305711963396,1.0,0.0376190476190476,0.0928571428571428,0.0155263874985791,0.0021064620412839,predictive_alpha,constant,1,22008,0.0,1.0,1.0,0.03,0.01,0.0467171483465278,1.0,1.0,1.0,0.0876695994242824,0.2256853760111043,0.0971842149730342,1.841061587909932,0.0772183120250313,0.078712741475916,30.504133681957537,1.4525777943789304,0.0186465904882907,15.000605609282244,45.0,0.0134422205365844,0.0484384419559282,0.0971842149730342,real10kg_smc_steady,real10kg_mpc_event,-1.0,-1.0,predictive_alpha,1.0,0.2622179046496097,0.2913541200567869,0.2289389951400725,0.0,transformer,16,True,2.5,1.0,0.75,real_10kg_v1,thruster,real_10kg_x,1.0,0.0469047619047619,0.1338095238095238,0.0186465904882907,0.0024913295663623,0.0081956906279022,0.0125,0.0006602754744972,0.0949643368134879,0.078712741475916,,,22,8,train22_eval8_scn1
step_recovery_10_13s,10.0,13.0,300,0.1646070999526151,0.1641959029686403,0.0116276740203309,0.99750194867601,0.0706389580016786,0.0049898623875629,0.1556453371488541,0.2256853760111043,1.0,0.2405555555555555,0.72,0.0111321181157796,0.0009317701088282,predictive_alpha,constant,1,22008,0.0,1.0,1.0,0.03,0.01,0.0467171483465278,1.0,1.0,1.0,0.0876695994242824,0.2256853760111043,0.0971842149730342,1.841061587909932,0.0772183120250313,0.078712741475916,30.504133681957537,1.4525777943789304,0.0186465904882907,15.000605609282244,45.0,0.0134422205365844,0.0484384419559282,0.0971842149730342,real10kg_smc_steady,real10kg_mpc_event,-1.0,-1.0,predictive_alpha,1.0,0.2622179046496097,0.2913541200567869,0.2289389951400725,0.0,transformer,16,True,2.5,1.0,0.75,real_10kg_v1,thruster,real_10kg_x,1.0,0.0469047619047619,0.1338095238095238,0.0186465904882907,0.0024913295663623,0.0081956906279022,0.0125,0.0006602754744972,0.0949643368134879,0.078712741475916,,,22,8,train22_eval8_scn1
post_step_13_20p9s,13.0,20.9,790,0.0785483215589626,0.0774178914457195,0.0132781363085709,0.9856084752569206,0.1690441761840027,0.0285759335017281,0.0774732621617853,0.1017390010124617,0.6811082248017738,0.0,0.0,0.01899183553823,0.0027578367882979,predictive_alpha,constant,1,22008,0.0,1.0,1.0,0.03,0.01,0.0467171483465278,1.0,1.0,1.0,0.0876695994242824,0.2256853760111043,0.0971842149730342,1.841061587909932,0.0772183120250313,0.078712741475916,30.504133681957537,1.4525777943789304,0.0186465904882907,15.000605609282244,45.0,0.0134422205365844,0.0484384419559282,0.0971842149730342,real10kg_smc_steady,real10kg_mpc_event,-1.0,-1.0,predictive_alpha,1.0,0.2622179046496097,0.2913541200567869,0.2289389951400725,0.0,transformer,16,True,2.5,1.0,0.75,real_10kg_v1,thruster,real_10kg_x,1.0,0.0469047619047619,0.1338095238095238,0.0186465904882907,0.0024913295663623,0.0081956906279022,0.0125,0.0006602754744972,0.0949643368134879,0.078712741475916,,,22,8,train22_eval8_scn1
startup_0_3s,0.0,3.0,300,0.1306783258701349,0.1283410474058483,0.0246048857544789,0.9821142607335718,0.1882858966140315,0.0354515788637497,0.113177165891791,0.2386267390966328,0.9475104826744224,0.0,0.0,0.0345137226927964,0.0043831154700794,predictive_alpha,constant,1,22009,0.0,1.0,1.0,0.03,0.01,0.0467556086265449,1.0,1.0,1.0,0.0900535167798108,0.2386267390966328,0.1008374602087084,1.8911238523760283,0.0772224956069538,0.0787177747192525,30.571222584143555,1.455772504006836,0.0188341788059117,14.98391023806447,45.0,0.0137477110952073,0.052102970338232,0.1008374602087084,real10kg_smc_steady,real10kg_mpc_event,-1.0,-1.0,predictive_alpha,1.0,0.263413842594333,0.2915838869166086,0.2316919541421035,0.0,transformer,16,True,2.5,1.0,0.75,real_10kg_v1,thruster,real_10kg_x,1.0,0.0468253968253968,0.1338095238095238,0.0188341788059117,0.002509198756112,0.0082201268045633,0.0125,0.0006590954488654,0.0949565943095219,0.0787177747192525,,,22,9,train22_eval9_scn1
pre_step_3_10s,3.0,10.0,700,0.0677666089175113,0.0674017490862226,0.0070226422589231,0.9946159349402768,0.1036298314332272,0.010739141962879,0.0668713703460001,0.089325763272462,1.0,0.0373809523809523,0.0928571428571428,0.0154925341769324,0.0021007355773147,predictive_alpha,constant,1,22009,0.0,1.0,1.0,0.03,0.01,0.0467556086265449,1.0,1.0,1.0,0.0900535167798108,0.2386267390966328,0.1008374602087084,1.8911238523760283,0.0772224956069538,0.0787177747192525,30.571222584143555,1.455772504006836,0.0188341788059117,14.98391023806447,45.0,0.0137477110952073,0.052102970338232,0.1008374602087084,real10kg_smc_steady,real10kg_mpc_event,-1.0,-1.0,predictive_alpha,1.0,0.263413842594333,0.2915838869166086,0.2316919541421035,0.0,transformer,16,True,2.5,1.0,0.75,real_10kg_v1,thruster,real_10kg_x,1.0,0.0468253968253968,0.1338095238095238,0.0188341788059117,0.002509198756112,0.0082201268045633,0.0125,0.0006590954488654,0.0949565943095219,0.0787177747192525,,,22,9,train22_eval9_scn1
step_recovery_10_13s,10.0,13.0,300,0.1644956093619296,0.1640873662870633,0.0115819568436282,0.9975182129392396,0.0704089117548736,0.0049574148545055,0.155541570888917,0.2255056550164131,1.0,0.2405555555555555,0.72,0.0111230595094347,0.0009299896014964,predictive_alpha,constant,1,22009,0.0,1.0,1.0,0.03,0.01,0.0467556086265449,1.0,1.0,1.0,0.0900535167798108,0.2386267390966328,0.1008374602087084,1.8911238523760283,0.0772224956069538,0.0787177747192525,30.571222584143555,1.455772504006836,0.0188341788059117,14.98391023806447,45.0,0.0137477110952073,0.052102970338232,0.1008374602087084,real10kg_smc_steady,real10kg_mpc_event,-1.0,-1.0,predictive_alpha,1.0,0.263413842594333,0.2915838869166086,0.2316919541421035,0.0,transformer,16,True,2.5,1.0,0.75,real_10kg_v1,thruster,real_10kg_x,1.0,0.0468253968253968,0.1338095238095238,0.0188341788059117,0.002509198756112,0.0082201268045633,0.0125,0.0006590954488654,0.0949565943095219,0.0787177747192525,,,22,9,train22_eval9_scn1
post_step_13_20p9s,13.0,20.9,790,0.0785547392960016,0.0774233595907294,0.013284218288909,0.9855975627261768,0.1691077891411856,0.0285974443482197,0.077478512865873,0.101745626193025,0.681652105041417,0.0,0.0,0.0189810486509166,0.0027670329674974,predictive_alpha,constant,1,22009,0.0,1.0,1.0,0.03,0.01,0.0467556086265449,1.0,1.0,1.0,0.0900535167798108,0.2386267390966328,0.1008374602087084,1.8911238523760283,0.0772224956069538,0.0787177747192525,30.571222584143555,1.455772504006836,0.0188341788059117,14.98391023806447,45.0,0.0137477110952073,0.052102970338232,0.1008374602087084,real10kg_smc_steady,real10kg_mpc_event,-1.0,-1.0,predictive_alpha,1.0,0.263413842594333,0.2915838869166086,0.2316919541421035,0.0,transformer,16,True,2.5,1.0,0.75,real_10kg_v1,thruster,real_10kg_x,1.0,0.0468253968253968,0.1338095238095238,0.0188341788059117,0.002509198756112,0.0082201268045633,0.0125,0.0006590954488654,0.0949565943095219,0.0787177747192525,,,22,9,train22_eval9_scn1
startup_0_3s,0.0,3.0,300,0.1202901907976375,0.1176552998932971,0.0250391774854996,0.97809554638771,0.2081564366925201,0.0433291021365271,0.1049935174131523,0.2160902770564347,0.7899856261588807,0.0,0.0,0.0320510615640154,0.0041998111812511,predictive_alpha,sinusoidal,2,22000,0.0,1.0,1.0,0.03,0.01,0.3666985553225409,1.0,1.0,1.0,0.0801454909743034,0.3666985553225409,0.0915556567608115,1.6830553104603718,0.1067454237655767,0.1242040782005081,39.43482788470402,1.877848946890668,0.0179279573936635,13.78510635089896,45.0,0.0137626936465491,0.0536726849688503,0.0915556567608115,real10kg_smc_steady,real10kg_mpc_event,-1.0,-1.0,predictive_alpha,1.0,0.2576576857819955,0.2866535660645761,0.2262583278520365,0.0,transformer,16,True,2.5,1.0,0.75,real_10kg_v1,thruster,real_10kg_x,1.0,0.0796031746031746,0.2333333333333333,0.0179279573936635,0.0023215913268786,0.0077666952375777,0.0125,0.0006533554953584,0.0858364122349335,0.1242040782005081,,,22,0,train22_eval0_scn2
pre_step_3_10s,3.0,10.0,700,0.071685998385542,0.0712837372413777,0.0075836118989665,0.9943885674577506,0.1057893043238419,0.0111913769093224,0.0690182317576215,0.0962210946133482,1.0,0.1073809523809523,0.3885714285714285,0.012557979879668,0.0015569439601199,predictive_alpha,sinusoidal,2,22000,0.0,1.0,1.0,0.03,0.01,0.3666985553225409,1.0,1.0,1.0,0.0801454909743034,0.3666985553225409,0.0915556567608115,1.6830553104603718,0.1067454237655767,0.1242040782005081,39.43482788470402,1.877848946890668,0.0179279573936635,13.78510635089896,45.0,0.0137626936465491,0.0536726849688503,0.0915556567608115,real10kg_smc_steady,real10kg_mpc_event,-1.0,-1.0,predictive_alpha,1.0,0.2576576857819955,0.2866535660645761,0.2262583278520365,0.0,transformer,16,True,2.5,1.0,0.75,real_10kg_v1,thruster,real_10kg_x,1.0,0.0796031746031746,0.2333333333333333,0.0179279573936635,0.0023215913268786,0.0077666952375777,0.0125,0.0006533554953584,0.0858364122349335,0.1242040782005081,,,22,0,train22_eval0_scn2
step_recovery_10_13s,10.0,13.0,300,0.053709152814428,0.052325397604315,0.0121130450999704,0.9742361378349425,0.2255303698761099,0.0508639477364549,0.047857096615794,0.0832971392219979,1.0,0.1044444444444444,0.3166666666666666,0.0135727239840367,0.0012846557709211,predictive_alpha,sinusoidal,2,22000,0.0,1.0,1.0,0.03,0.01,0.3666985553225409,1.0,1.0,1.0,0.0801454909743034,0.3666985553225409,0.0915556567608115,1.6830553104603718,0.1067454237655767,0.1242040782005081,39.43482788470402,1.877848946890668,0.0179279573936635,13.78510635089896,45.0,0.0137626936465491,0.0536726849688503,0.0915556567608115,real10kg_smc_steady,real10kg_mpc_event,-1.0,-1.0,predictive_alpha,1.0,0.2576576857819955,0.2866535660645761,0.2262583278520365,0.0,transformer,16,True,2.5,1.0,0.75,real_10kg_v1,thruster,real_10kg_x,1.0,0.0796031746031746,0.2333333333333333,0.0179279573936635,0.0023215913268786,0.0077666952375777,0.0125,0.0006533554953584,0.0858364122349335,0.1242040782005081,,,22,0,train22_eval0_scn2
post_step_13_20p9s,13.0,20.9,790,0.0980416959488406,0.0972316737002906,0.0125767950593594,0.9917379820829224,0.1282800642894036,0.0164557748940935,0.089452067009949,0.3232773370342618,1.0,0.070464135021097,0.1430379746835443,0.019227465963692,0.0027053702127417,predictive_alpha,sinusoidal,2,22000,0.0,1.0,1.0,0.03,0.01,0.3666985553225409,1.0,1.0,1.0,0.0801454909743034,0.3666985553225409,0.0915556567608115,1.6830553104603718,0.1067454237655767,0.1242040782005081,39.43482788470402,1.877848946890668,0.0179279573936635,13.78510635089896,45.0,0.0137626936465491,0.0536726849688503,0.0915556567608115,real10kg_smc_steady,real10kg_mpc_event,-1.0,-1.0,predictive_alpha,1.0,0.2576576857819955,0.2866535660645761,0.2262583278520365,0.0,transformer,16,True,2.5,1.0,0.75,real_10kg_v1,thruster,real_10kg_x,1.0,0.0796031746031746,0.2333333333333333,0.0179279573936635,0.0023215913268786,0.0077666952375777,0.0125,0.0006533554953584,0.0858364122349335,0.1242040782005081,,,22,0,train22_eval0_scn2
startup_0_3s,0.0,3.0,300,0.1133836932845432,0.109942475779953,0.0277220836557756,0.969649802322506,0.2444979772021131,0.059779260855925,0.0996343242061412,0.1992582018923316,0.7574699276642731,0.0,0.0,0.0282886034394332,0.0039385834197675,predictive_alpha,sinusoidal,2,22001,0.0,1.0,1.0,0.03,0.01,0.366772390200858,1.0,1.0,1.0,0.0793658200576747,0.366772390200858,0.0902852949496346,1.66668222121117,0.1067698364148971,0.1242300003593382,39.44832436228132,1.8784916362991104,0.0173776887698611,13.825060289919058,45.0,0.0144867317378014,0.0617053071995478,0.0902852949496346,real10kg_smc_steady,real10kg_mpc_event,-1.0,-1.0,predictive_alpha,1.0,0.2576174348307367,0.2857148503470265,0.225187917590485,0.0,transformer,16,True,2.5,1.0,0.75,real_10kg_v1,thruster,real_10kg_x,1.0,0.08,0.2304761904761904,0.0173776887698611,0.0022892500434377,0.0078267006273081,0.0125,0.0006671332480168,0.0858333457794369,0.1242300003593382,,,22,1,train22_eval1_scn2
pre_step_3_10s,3.0,10.0,700,0.0715610218508315,0.0711567561219548,0.0075957821543162,0.9943507552237114,0.1061441264792107,0.0112665755860346,0.0689153584611065,0.0960419015366856,1.0,0.1088095238095238,0.38,0.0125296092989436,0.0015743800851774,predictive_alpha,sinusoidal,2,22001,0.0,1.0,1.0,0.03,0.01,0.366772390200858,1.0,1.0,1.0,0.0793658200576747,0.366772390200858,0.0902852949496346,1.66668222121117,0.1067698364148971,0.1242300003593382,39.44832436228132,1.8784916362991104,0.0173776887698611,13.825060289919058,45.0,0.0144867317378014,0.0617053071995478,0.0902852949496346,real10kg_smc_steady,real10kg_mpc_event,-1.0,-1.0,predictive_alpha,1.0,0.2576174348307367,0.2857148503470265,0.225187917590485,0.0,transformer,16,True,2.5,1.0,0.75,real_10kg_v1,thruster,real_10kg_x,1.0,0.08,0.2304761904761904,0.0173776887698611,0.0022892500434377,0.0078267006273081,0.0125,0.0006671332480168,0.0858333457794369,0.1242300003593382,,,22,1,train22_eval1_scn2
step_recovery_10_13s,10.0,13.0,300,0.0539414756457297,0.0525508719896326,0.0121691679242294,0.9742201406348222,0.2255994627242435,0.0508951175814673,0.0479304816111964,0.0836564045413711,1.0,0.1044444444444444,0.3166666666666666,0.0136402732501761,0.0012909357742953,predictive_alpha,sinusoidal,2,22001,0.0,1.0,1.0,0.03,0.01,0.366772390200858,1.0,1.0,1.0,0.0793658200576747,0.366772390200858,0.0902852949496346,1.66668222121117,0.1067698364148971,0.1242300003593382,39.44832436228132,1.8784916362991104,0.0173776887698611,13.825060289919058,45.0,0.0144867317378014,0.0617053071995478,0.0902852949496346,real10kg_smc_steady,real10kg_mpc_event,-1.0,-1.0,predictive_alpha,1.0,0.2576174348307367,0.2857148503470265,0.225187917590485,0.0,transformer,16,True,2.5,1.0,0.75,real_10kg_v1,thruster,real_10kg_x,1.0,0.08,0.2304761904761904,0.0173776887698611,0.0022892500434377,0.0078267006273081,0.0125,0.0006671332480168,0.0858333457794369,0.1242300003593382,,,22,1,train22_eval1_scn2
post_step_13_20p9s,13.0,20.9,790,0.0980643363913772,0.0972552608524584,0.0125709310872922,0.9917495435273256,0.1281906506471563,0.0164328429133412,0.0894768980460872,0.3233673069812361,1.0,0.070253164556962,0.1430379746835443,0.0191981175868916,0.0027018423948881,predictive_alpha,sinusoidal,2,22001,0.0,1.0,1.0,0.03,0.01,0.366772390200858,1.0,1.0,1.0,0.0793658200576747,0.366772390200858,0.0902852949496346,1.66668222121117,0.1067698364148971,0.1242300003593382,39.44832436228132,1.8784916362991104,0.0173776887698611,13.825060289919058,45.0,0.0144867317378014,0.0617053071995478,0.0902852949496346,real10kg_smc_steady,real10kg_mpc_event,-1.0,-1.0,predictive_alpha,1.0,0.2576174348307367,0.2857148503470265,0.225187917590485,0.0,transformer,16,True,2.5,1.0,0.75,real_10kg_v1,thruster,real_10kg_x,1.0,0.08,0.2304761904761904,0.0173776887698611,0.0022892500434377,0.0078267006273081,0.0125,0.0006671332480168,0.0858333457794369,0.1242300003593382,,,22,1,train22_eval1_scn2
startup_0_3s,0.0,3.0,300,0.1270102421497873,0.1244644441620364,0.0253022479314173,0.9799559630415592,0.1992142326724923,0.0396863104992899,0.1103698977707879,0.2279038257789905,0.8167537196493313,0.0,0.0,0.0318395026583526,0.0041385256165311,predictive_alpha,sinusoidal,2,22002,0.0,1.0,1.0,0.03,0.01,0.3666980036837686,1.0,1.0,1.0,0.080926631006835,0.3666980036837686,0.092848068001891,1.6994592511435354,0.1067454559049913,0.1242038815891628,39.481289626777695,1.8800614107989375,0.017897019336171,13.821447402560542,45.0,0.0138384264745781,0.053961791723551,0.092848068001891,real10kg_smc_steady,real10kg_mpc_event,-1.0,-1.0,predictive_alpha,1.0,0.2580894557748617,0.2866220442022416,0.2272109541637889,0.0,transformer,16,True,2.5,1.0,0.75,real_10kg_v1,thruster,real_10kg_x,1.0,0.08,0.2309523809523809,0.017897019336171,0.0023163301406402,0.0077934353388267,0.0125,0.0006698811052618,0.0858426317075213,0.1242038815891628,,,22,2,train22_eval2_scn2
pre_step_3_10s,3.0,10.0,700,0.0716169983430164,0.0712107589517851,0.0076172344833527,0.994327612150322,0.1063607056926517,0.0113125997154388,0.0689627035831754,0.0959952045433263,1.0,0.1085714285714285,0.3814285714285714,0.0125376692819934,0.0015724756163676,predictive_alpha,sinusoidal,2,22002,0.0,1.0,1.0,0.03,0.01,0.3666980036837686,1.0,1.0,1.0,0.080926631006835,0.3666980036837686,0.092848068001891,1.6994592511435354,0.1067454559049913,0.1242038815891628,39.481289626777695,1.8800614107989375,0.017897019336171,13.821447402560542,45.0,0.0138384264745781,0.053961791723551,0.092848068001891,real10kg_smc_steady,real10kg_mpc_event,-1.0,-1.0,predictive_alpha,1.0,0.2580894557748617,0.2866220442022416,0.2272109541637889,0.0,transformer,16,True,2.5,1.0,0.75,real_10kg_v1,thruster,real_10kg_x,1.0,0.08,0.2309523809523809,0.017897019336171,0.0023163301406402,0.0077934353388267,0.0125,0.0006698811052618,0.0858426317075213,0.1242038815891628,,,22,2,train22_eval2_scn2
step_recovery_10_13s,10.0,13.0,300,0.053993137820012,0.0526152065719661,0.0121201884902895,0.9744795115883188,0.224476460891987,0.0503896814945917,0.0480870934560807,0.0836996900071734,1.0,0.1044444444444444,0.3166666666666666,0.0136095095946741,0.0012713036056026,predictive_alpha,sinusoidal,2,22002,0.0,1.0,1.0,0.03,0.01,0.3666980036837686,1.0,1.0,1.0,0.080926631006835,0.3666980036837686,0.092848068001891,1.6994592511435354,0.1067454559049913,0.1242038815891628,39.481289626777695,1.8800614107989375,0.017897019336171,13.821447402560542,45.0,0.0138384264745781,0.053961791723551,0.092848068001891,real10kg_smc_steady,real10kg_mpc_event,-1.0,-1.0,predictive_alpha,1.0,0.2580894557748617,0.2866220442022416,0.2272109541637889,0.0,transformer,16,True,2.5,1.0,0.75,real_10kg_v1,thruster,real_10kg_x,1.0,0.08,0.2309523809523809,0.017897019336171,0.0023163301406402,0.0077934353388267,0.0125,0.0006698811052618,0.0858426317075213,0.1242038815891628,,,22,2,train22_eval2_scn2
post_step_13_20p9s,13.0,20.9,790,0.0980395617860553,0.0972294793951438,0.0125771225545057,0.9917371887822258,0.1282861971777469,0.0164573483863277,0.0894487163271377,0.3232774374005587,1.0,0.070464135021097,0.1430379746835443,0.0192289198948373,0.0027058786140754,predictive_alpha,sinusoidal,2,22002,0.0,1.0,1.0,0.03,0.01,0.3666980036837686,1.0,1.0,1.0,0.080926631006835,0.3666980036837686,0.092848068001891,1.6994592511435354,0.1067454559049913,0.1242038815891628,39.481289626777695,1.8800614107989375,0.017897019336171,13.821447402560542,45.0,0.0138384264745781,0.053961791723551,0.092848068001891,real10kg_smc_steady,real10kg_mpc_event,-1.0,-1.0,predictive_alpha,1.0,0.2580894557748617,0.2866220442022416,0.2272109541637889,0.0,transformer,16,True,2.5,1.0,0.75,real_10kg_v1,thruster,real_10kg_x,1.0,0.08,0.2309523809523809,0.017897019336171,0.0023163301406402,0.0077934353388267,0.0125,0.0006698811052618,0.0858426317075213,0.1242038815891628,,,22,2,train22_eval2_scn2
startup_0_3s,0.0,3.0,300,0.1188920387054967,0.1153113992869919,0.0289585576647947,0.9698832700869549,0.2435702001588768,0.0593264424054353,0.1046388178495123,0.206975841622414,0.7636549455539423,0.0,0.0,0.0341372835845668,0.0047935726071738,predictive_alpha,sinusoidal,2,22003,0.0,1.0,1.0,0.03,0.01,0.3667025865374735,1.0,1.0,1.0,0.0800951863153259,0.3667025865374735,0.0912879037785273,1.681998912621845,0.1067481646067972,0.1242058547021577,39.42992046961097,1.8776152604576648,0.0182673175157664,13.831940268110044,45.0,0.0148230758090884,0.0574492867542207,0.0912879037785273,real10kg_smc_steady,real10kg_mpc_event,-1.0,-1.0,predictive_alpha,1.0,0.2578116093511603,0.2847798960335007,0.2282510233470349,0.0,transformer,16,True,2.5,1.0,0.75,real_10kg_v1,thruster,real_10kg_x,1.0,0.0796031746031746,0.2333333333333333,0.0182673175157664,0.002414271412105,0.0078128598153794,0.0125,0.0006948368295428,0.0858283682380076,0.1242058547021577,,,22,3,train22_eval3_scn2
pre_step_3_10s,3.0,10.0,700,0.0716424432565657,0.0712401044433107,0.0075820310390045,0.994384071857876,0.1058315531179162,0.0112003176353503,0.0690125795828295,0.0962030463751776,1.0,0.1073809523809523,0.3885714285714285,0.0126555362931715,0.001579522810304,predictive_alpha,sinusoidal,2,22003,0.0,1.0,1.0,0.03,0.01,0.3667025865374735,1.0,1.0,1.0,0.0800951863153259,0.3667025865374735,0.0912879037785273,1.681998912621845,0.1067481646067972,0.1242058547021577,39.42992046961097,1.8776152604576648,0.0182673175157664,13.831940268110044,45.0,0.0148230758090884,0.0574492867542207,0.0912879037785273,real10kg_smc_steady,real10kg_mpc_event,-1.0,-1.0,predictive_alpha,1.0,0.2578116093511603,0.2847798960335007,0.2282510233470349,0.0,transformer,16,True,2.5,1.0,0.75,real_10kg_v1,thruster,real_10kg_x,1.0,0.0796031746031746,0.2333333333333333,0.0182673175157664,0.002414271412105,0.0078128598153794,0.0125,0.0006948368295428,0.0858283682380076,0.1242058547021577,,,22,3,train22_eval3_scn2
step_recovery_10_13s,10.0,13.0,300,0.0537470819645359,0.0523583224765522,0.0121389821296477,0.9741612114142304,0.2258537893770199,0.0510099341759592,0.0478570738923608,0.0833360696748631,1.0,0.1044444444444444,0.3166666666666666,0.0136607667893491,0.001293079891251,predictive_alpha,sinusoidal,2,22003,0.0,1.0,1.0,0.03,0.01,0.3667025865374735,1.0,1.0,1.0,0.0800951863153259,0.3667025865374735,0.0912879037785273,1.681998912621845,0.1067481646067972,0.1242058547021577,39.42992046961097,1.8776152604576648,0.0182673175157664,13.831940268110044,45.0,0.0148230758090884,0.0574492867542207,0.0912879037785273,real10kg_smc_steady,real10kg_mpc_event,-1.0,-1.0,predictive_alpha,1.0,0.2578116093511603,0.2847798960335007,0.2282510233470349,0.0,transformer,16,True,2.5,1.0,0.75,real_10kg_v1,thruster,real_10kg_x,1.0,0.0796031746031746,0.2333333333333333,0.0182673175157664,0.002414271412105,0.0078128598153794,0.0125,0.0006948368295428,0.0858283682380076,0.1242058547021577,,,22,3,train22_eval3_scn2
post_step_13_20p9s,13.0,20.9,790,0.0980456837840542,0.0972358125778141,0.0125758841047044,0.9917398586558502,0.1282655555996,0.016452052753274,0.089457978104902,0.3232858842365954,1.0,0.070464135021097,0.1430379746835443,0.0192215508606161,0.0027040979566797,predictive_alpha,sinusoidal,2,22003,0.0,1.0,1.0,0.03,0.01,0.3667025865374735,1.0,1.0,1.0,0.0800951863153259,0.3667025865374735,0.0912879037785273,1.681998912621845,0.1067481646067972,0.1242058547021577,39.42992046961097,1.8776152604576648,0.0182673175157664,13.831940268110044,45.0,0.0148230758090884,0.0574492867542207,0.0912879037785273,real10kg_smc_steady,real10kg_mpc_event,-1.0,-1.0,predictive_alpha,1.0,0.2578116093511603,0.2847798960335007,0.2282510233470349,0.0,transformer,16,True,2.5,1.0,0.75,real_10kg_v1,thruster,real_10kg_x,1.0,0.0796031746031746,0.2333333333333333,0.0182673175157664,0.002414271412105,0.0078128598153794,0.0125,0.0006948368295428,0.0858283682380076,0.1242058547021577,,,22,3,train22_eval3_scn2
startup_0_3s,0.0,3.0,300,0.1357013165569742,0.1303944123530538,0.0375785117107888,0.960892758165008,0.2769207599766469,0.0766851073060437,0.1191459959598521,0.2348180851560546,0.8176860864594313,0.0,0.0,0.0380598073977059,0.0052617865141056,predictive_alpha,sinusoidal,2,22004,0.0,1.0,1.0,0.03,0.01,0.3667201072027803,1.0,1.0,1.0,0.0822852308977462,0.3667201072027803,0.0946633210252831,1.7279898488526708,0.1067545914629527,0.1242115563179655,39.5601589875936,1.8838170946473145,0.0189203360731848,13.883011476567592,45.0,0.017412805883324,0.0761328299958346,0.0946633210252831,real10kg_smc_steady,real10kg_mpc_event,-1.0,-1.0,predictive_alpha,1.0,0.2588307269151228,0.282320972592154,0.2351416271414962,0.0,transformer,16,True,2.5,1.0,0.75,real_10kg_v1,thruster,real_10kg_x,1.0,0.0799206349206349,0.2280952380952381,0.0189203360731848,0.0025008841110568,0.0079572112484184,0.0125,0.0006935622805369,0.0859390899779747,0.1242115563179655,,,22,4,train22_eval4_scn2
pre_step_3_10s,3.0,10.0,700,0.0719191220653181,0.0714946232846028,0.0078024970386958,0.9940975533554236,0.1084898816146487,0.0117700544127605,0.069339241467981,0.0959487466612459,1.0,0.1083333333333333,0.3728571428571428,0.0128367255921114,0.0016283862596366,predictive_alpha,sinusoidal,2,22004,0.0,1.0,1.0,0.03,0.01,0.3667201072027803,1.0,1.0,1.0,0.0822852308977462,0.3667201072027803,0.0946633210252831,1.7279898488526708,0.1067545914629527,0.1242115563179655,39.5601589875936,1.8838170946473145,0.0189203360731848,13.883011476567592,45.0,0.017412805883324,0.0761328299958346,0.0946633210252831,real10kg_smc_steady,real10kg_mpc_event,-1.0,-1.0,predictive_alpha,1.0,0.2588307269151228,0.282320972592154,0.2351416271414962,0.0,transformer,16,True,2.5,1.0,0.75,real_10kg_v1,thruster,real_10kg_x,1.0,0.0799206349206349,0.2280952380952381,0.0189203360731848,0.0025008841110568,0.0079572112484184,0.0125,0.0006935622805369,0.0859390899779747,0.1242115563179655,,,22,4,train22_eval4_scn2
step_recovery_10_13s,10.0,13.0,300,0.0538727713533116,0.0524607629317388,0.0122533197912276,0.9737899427465412,0.2274492194000407,0.0517331474056878,0.0478624372170534,0.0834512203148696,1.0,0.1044444444444444,0.3166666666666666,0.0139059542045868,0.0013176608497955,predictive_alpha,sinusoidal,2,22004,0.0,1.0,1.0,0.03,0.01,0.3667201072027803,1.0,1.0,1.0,0.0822852308977462,0.3667201072027803,0.0946633210252831,1.7279898488526708,0.1067545914629527,0.1242115563179655,39.5601589875936,1.8838170946473145,0.0189203360731848,13.883011476567592,45.0,0.017412805883324,0.0761328299958346,0.0946633210252831,real10kg_smc_steady,real10kg_mpc_event,-1.0,-1.0,predictive_alpha,1.0,0.2588307269151228,0.282320972592154,0.2351416271414962,0.0,transformer,16,True,2.5,1.0,0.75,real_10kg_v1,thruster,real_10kg_x,1.0,0.0799206349206349,0.2280952380952381,0.0189203360731848,0.0025008841110568,0.0079572112484184,0.0125,0.0006935622805369,0.0859390899779747,0.1242115563179655,,,22,4,train22_eval4_scn2
post_step_13_20p9s,13.0,20.9,790,0.0980600063006715,0.0972501411515283,0.0125767595864578,0.99174112689061,0.1282557493204211,0.0164495372337427,0.0894787984928803,0.3233119662382747,1.0,0.070464135021097,0.1430379746835443,0.0192205006034353,0.0027054005721496,predictive_alpha,sinusoidal,2,22004,0.0,1.0,1.0,0.03,0.01,0.3667201072027803,1.0,1.0,1.0,0.0822852308977462,0.3667201072027803,0.0946633210252831,1.7279898488526708,0.1067545914629527,0.1242115563179655,39.5601589875936,1.8838170946473145,0.0189203360731848,13.883011476567592,45.0,0.017412805883324,0.0761328299958346,0.0946633210252831,real10kg_smc_steady,real10kg_mpc_event,-1.0,-1.0,predictive_alpha,1.0,0.2588307269151228,0.282320972592154,0.2351416271414962,0.0,transformer,16,True,2.5,1.0,0.75,real_10kg_v1,thruster,real_10kg_x,1.0,0.0799206349206349,0.2280952380952381,0.0189203360731848,0.0025008841110568,0.0079572112484184,0.0125,0.0006935622805369,0.0859390899779747,0.1242115563179655,,,22,4,train22_eval4_scn2
startup_0_3s,0.0,3.0,300,0.111883511507498,0.1071973804126544,0.0320412512226519,0.9581159812406356,0.2863804575932057,0.0820137664912939,0.1002379923956587,0.1825574659393332,0.6996721388540692,0.0,0.0,0.0366837375952512,0.005144570557665,predictive_alpha,sinusoidal,2,22005,0.0,1.0,1.0,0.03,0.01,0.3667228142454209,1.0,1.0,1.0,0.0795926787544136,0.3667228142454209,0.0900982041572734,1.6714462538426869,0.1067549946896781,0.1242121336415225,39.43339731265161,1.8777808244119811,0.0187573947323612,13.979971552756403,45.0,0.0157373678392459,0.0617136174179406,0.0900982041572734,real10kg_smc_steady,real10kg_mpc_event,-1.0,-1.0,predictive_alpha,1.0,0.2597619027139755,0.2810436679245959,0.2377940622988777,0.0,transformer,16,True,2.5,1.0,0.75,real_10kg_v1,thruster,real_10kg_x,1.0,0.0798412698412698,0.2276190476190476,0.0187573947323612,0.0024931056456232,0.0080406398316386,0.0125,0.0006997212042078,0.0859320318617294,0.1242121336415225,,,22,5,train22_eval5_scn2
pre_step_3_10s,3.0,10.0,700,0.0718703415763444,0.0714560005298586,0.0077062303740066,0.99423488135164,0.1072240677445609,0.0114970007036901,0.069338252343213,0.095918686616742,1.0,0.108095238095238,0.3714285714285714,0.0129282505633624,0.0016594168991209,predictive_alpha,sinusoidal,2,22005,0.0,1.0,1.0,0.03,0.01,0.3667228142454209,1.0,1.0,1.0,0.0795926787544136,0.3667228142454209,0.0900982041572734,1.6714462538426869,0.1067549946896781,0.1242121336415225,39.43339731265161,1.8777808244119811,0.0187573947323612,13.979971552756403,45.0,0.0157373678392459,0.0617136174179406,0.0900982041572734,real10kg_smc_steady,real10kg_mpc_event,-1.0,-1.0,predictive_alpha,1.0,0.2597619027139755,0.2810436679245959,0.2377940622988777,0.0,transformer,16,True,2.5,1.0,0.75,real_10kg_v1,thruster,real_10kg_x,1.0,0.0798412698412698,0.2276190476190476,0.0187573947323612,0.0024931056456232,0.0080406398316386,0.0125,0.0006997212042078,0.0859320318617294,0.1242121336415225,,,22,5,train22_eval5_scn2
step_recovery_10_13s,10.0,13.0,300,0.0539563423419156,0.0525448760355096,0.012260623203203,0.9738405858302688,0.2272322894963636,0.0516345133897592,0.0479250823566889,0.0835716835303392,1.0,0.1044444444444444,0.3166666666666666,0.0139276909354756,0.0013079112231057,predictive_alpha,sinusoidal,2,22005,0.0,1.0,1.0,0.03,0.01,0.3667228142454209,1.0,1.0,1.0,0.0795926787544136,0.3667228142454209,0.0900982041572734,1.6714462538426869,0.1067549946896781,0.1242121336415225,39.43339731265161,1.8777808244119811,0.0187573947323612,13.979971552756403,45.0,0.0157373678392459,0.0617136174179406,0.0900982041572734,real10kg_smc_steady,real10kg_mpc_event,-1.0,-1.0,predictive_alpha,1.0,0.2597619027139755,0.2810436679245959,0.2377940622988777,0.0,transformer,16,True,2.5,1.0,0.75,real_10kg_v1,thruster,real_10kg_x,1.0,0.0798412698412698,0.2276190476190476,0.0187573947323612,0.0024931056456232,0.0080406398316386,0.0125,0.0006997212042078,0.0859320318617294,0.1242121336415225,,,22,5,train22_eval5_scn2
post_step_13_20p9s,13.0,20.9,790,0.0980600158999032,0.0972501269655873,0.0125769441227357,0.9917408851417828,0.1282576186360598,0.0164500167381929,0.0894786838953836,0.3233153973328532,1.0,0.070464135021097,0.1430379746835443,0.0192203839447667,0.0027052627002397,predictive_alpha,sinusoidal,2,22005,0.0,1.0,1.0,0.03,0.01,0.3667228142454209,1.0,1.0,1.0,0.0795926787544136,0.3667228142454209,0.0900982041572734,1.6714462538426869,0.1067549946896781,0.1242121336415225,39.43339731265161,1.8777808244119811,0.0187573947323612,13.979971552756403,45.0,0.0157373678392459,0.0617136174179406,0.0900982041572734,real10kg_smc_steady,real10kg_mpc_event,-1.0,-1.0,predictive_alpha,1.0,0.2597619027139755,0.2810436679245959,0.2377940622988777,0.0,transformer,16,True,2.5,1.0,0.75,real_10kg_v1,thruster,real_10kg_x,1.0,0.0798412698412698,0.2276190476190476,0.0187573947323612,0.0024931056456232,0.0080406398316386,0.0125,0.0006997212042078,0.0859320318617294,0.1242121336415225,,,22,5,train22_eval5_scn2
startup_0_3s,0.0,3.0,300,0.1231194534316855,0.1199133090284264,0.0279141206411752,0.9739590754028318,0.2267238837009923,0.0514037194404611,0.1078065282078441,0.2155284538566617,0.7825032233273898,0.0,0.0,0.0334277447841543,0.0047197924697771,predictive_alpha,sinusoidal,2,22006,0.0,1.0,1.0,0.03,0.01,0.366708073641486,1.0,1.0,1.0,0.0805353634847801,0.366708073641486,0.0920782511166666,1.691242633180383,0.1067510851406786,0.1242082500052636,39.45146331989628,1.8786411104712517,0.0181545846293962,13.852320924330078,45.0,0.0145485177802293,0.0573592480184608,0.0920782511166666,real10kg_smc_steady,real10kg_mpc_event,-1.0,-1.0,predictive_alpha,1.0,0.257096896674523,0.2851233587286777,0.2269011640730535,0.0,transformer,16,True,2.5,1.0,0.75,real_10kg_v1,thruster,real_10kg_x,1.0,0.08,0.2314285714285714,0.0181545846293962,0.002399447468694,0.0077965017541588,0.0125,0.0006882005745322,0.0858199962009733,0.1242082500052636,,,22,6,train22_eval6_scn2
pre_step_3_10s,3.0,10.0,700,0.0715567622919536,0.0711459875993389,0.0076562835776809,0.9942594566962278,0.1069959474471904,0.0114481327701219,0.0689203532376648,0.0960887451269371,1.0,0.1085714285714285,0.3828571428571428,0.0126102373844098,0.001567426265174,predictive_alpha,sinusoidal,2,22006,0.0,1.0,1.0,0.03,0.01,0.366708073641486,1.0,1.0,1.0,0.0805353634847801,0.366708073641486,0.0920782511166666,1.691242633180383,0.1067510851406786,0.1242082500052636,39.45146331989628,1.8786411104712517,0.0181545846293962,13.852320924330078,45.0,0.0145485177802293,0.0573592480184608,0.0920782511166666,real10kg_smc_steady,real10kg_mpc_event,-1.0,-1.0,predictive_alpha,1.0,0.257096896674523,0.2851233587286777,0.2269011640730535,0.0,transformer,16,True,2.5,1.0,0.75,real_10kg_v1,thruster,real_10kg_x,1.0,0.08,0.2314285714285714,0.0181545846293962,0.002399447468694,0.0077965017541588,0.0125,0.0006882005745322,0.0858199962009733,0.1242082500052636,,,22,6,train22_eval6_scn2
step_recovery_10_13s,10.0,13.0,300,0.0539239530634866,0.0525368357735859,0.0121521027354268,0.974276416859358,0.2253563035543728,0.0507854635516906,0.0479806261345049,0.0835900278061223,1.0,0.1044444444444444,0.3166666666666666,0.0136998021114708,0.001290629082411,predictive_alpha,sinusoidal,2,22006,0.0,1.0,1.0,0.03,0.01,0.366708073641486,1.0,1.0,1.0,0.0805353634847801,0.366708073641486,0.0920782511166666,1.691242633180383,0.1067510851406786,0.1242082500052636,39.45146331989628,1.8786411104712517,0.0181545846293962,13.852320924330078,45.0,0.0145485177802293,0.0573592480184608,0.0920782511166666,real10kg_smc_steady,real10kg_mpc_event,-1.0,-1.0,predictive_alpha,1.0,0.257096896674523,0.2851233587286777,0.2269011640730535,0.0,transformer,16,True,2.5,1.0,0.75,real_10kg_v1,thruster,real_10kg_x,1.0,0.08,0.2314285714285714,0.0181545846293962,0.002399447468694,0.0077965017541588,0.0125,0.0006882005745322,0.0858199962009733,0.1242082500052636,,,22,6,train22_eval6_scn2
post_step_13_20p9s,13.0,20.9,790,0.0980472359953363,0.0972374466233352,0.0125753513071885,0.9917408240652534,0.1282580909041296,0.0164501378823719,0.0894598538249491,0.3232942089164429,1.0,0.070464135021097,0.1430379746835443,0.0192168664616772,0.0027038057611447,predictive_alpha,sinusoidal,2,22006,0.0,1.0,1.0,0.03,0.01,0.366708073641486,1.0,1.0,1.0,0.0805353634847801,0.366708073641486,0.0920782511166666,1.691242633180383,0.1067510851406786,0.1242082500052636,39.45146331989628,1.8786411104712517,0.0181545846293962,13.852320924330078,45.0,0.0145485177802293,0.0573592480184608,0.0920782511166666,real10kg_smc_steady,real10kg_mpc_event,-1.0,-1.0,predictive_alpha,1.0,0.257096896674523,0.2851233587286777,0.2269011640730535,0.0,transformer,16,True,2.5,1.0,0.75,real_10kg_v1,thruster,real_10kg_x,1.0,0.08,0.2314285714285714,0.0181545846293962,0.002399447468694,0.0077965017541588,0.0125,0.0006882005745322,0.0858199962009733,0.1242082500052636,,,22,6,train22_eval6_scn2
startup_0_3s,0.0,3.0,300,0.1123272595518799,0.108508799896214,0.0290388288937206,0.9660059395119286,0.2585198731774334,0.0668325248276762,0.0995485513337401,0.1928832315757645,0.7287303651890249,0.0,0.0,0.0340521590982622,0.0048260934305921,predictive_alpha,sinusoidal,2,22007,0.0,1.0,1.0,0.03,0.01,0.3667721045395401,1.0,1.0,1.0,0.0793994547317512,0.3667721045395401,0.0901283783427324,1.6673885493667755,0.1067801839511822,0.1242388293571749,39.43235221868254,1.8777310580325015,0.0182850420876538,13.898198862340305,45.0,0.0148814882761365,0.0560204635843146,0.0901283783427324,real10kg_smc_steady,real10kg_mpc_event,-1.0,-1.0,predictive_alpha,1.0,0.2573720869260971,0.2833793403202557,0.230819215826923,0.0,transformer,16,True,2.5,1.0,0.75,real_10kg_v1,thruster,real_10kg_x,1.0,0.0798412698412698,0.23,0.0182850420876538,0.0024260053054139,0.0078849008468218,0.0125,0.0006711375195548,0.0858724430384972,0.1242388293571749,,,22,7,train22_eval7_scn2
pre_step_3_10s,3.0,10.0,700,0.0716236009447823,0.0712049797942566,0.0077324682215275,0.994155262441378,0.1079597802893048,0.0116553141601149,0.0689993828512729,0.0959683327752141,1.0,0.1083333333333333,0.3785714285714285,0.0126986506323475,0.0015997870518475,predictive_alpha,sinusoidal,2,22007,0.0,1.0,1.0,0.03,0.01,0.3667721045395401,1.0,1.0,1.0,0.0793994547317512,0.3667721045395401,0.0901283783427324,1.6673885493667755,0.1067801839511822,0.1242388293571749,39.43235221868254,1.8777310580325015,0.0182850420876538,13.898198862340305,45.0,0.0148814882761365,0.0560204635843146,0.0901283783427324,real10kg_smc_steady,real10kg_mpc_event,-1.0,-1.0,predictive_alpha,1.0,0.2573720869260971,0.2833793403202557,0.230819215826923,0.0,transformer,16,True,2.5,1.0,0.75,real_10kg_v1,thruster,real_10kg_x,1.0,0.0798412698412698,0.23,0.0182850420876538,0.0024260053054139,0.0078849008468218,0.0125,0.0006711375195548,0.0858724430384972,0.1242388293571749,,,22,7,train22_eval7_scn2
step_recovery_10_13s,10.0,13.0,300,0.0540655252956808,0.0526656359272637,0.0122234126934669,0.9741075415292616,0.2260851554963699,0.0511144975358177,0.0480199617157992,0.0837807333375152,1.0,0.1044444444444444,0.3166666666666666,0.0138217736321257,0.0012965477149646,predictive_alpha,sinusoidal,2,22007,0.0,1.0,1.0,0.03,0.01,0.3667721045395401,1.0,1.0,1.0,0.0793994547317512,0.3667721045395401,0.0901283783427324,1.6673885493667755,0.1067801839511822,0.1242388293571749,39.43235221868254,1.8777310580325015,0.0182850420876538,13.898198862340305,45.0,0.0148814882761365,0.0560204635843146,0.0901283783427324,real10kg_smc_steady,real10kg_mpc_event,-1.0,-1.0,predictive_alpha,1.0,0.2573720869260971,0.2833793403202557,0.230819215826923,0.0,transformer,16,True,2.5,1.0,0.75,real_10kg_v1,thruster,real_10kg_x,1.0,0.0798412698412698,0.23,0.0182850420876538,0.0024260053054139,0.0078849008468218,0.0125,0.0006711375195548,0.0858724430384972,0.1242388293571749,,,22,7,train22_eval7_scn2
post_step_13_20p9s,13.0,20.9,790,0.0980759063480378,0.0972664152767582,0.012574890265855,0.991746279984332,0.1282158965855594,0.0164393161372388,0.0894904479949112,0.3233683130652887,1.0,0.070253164556962,0.1430379746835443,0.0192064532877448,0.0027047053632083,predictive_alpha,sinusoidal,2,22007,0.0,1.0,1.0,0.03,0.01,0.3667721045395401,1.0,1.0,1.0,0.0793994547317512,0.3667721045395401,0.0901283783427324,1.6673885493667755,0.1067801839511822,0.1242388293571749,39.43235221868254,1.8777310580325015,0.0182850420876538,13.898198862340305,45.0,0.0148814882761365,0.0560204635843146,0.0901283783427324,real10kg_smc_steady,real10kg_mpc_event,-1.0,-1.0,predictive_alpha,1.0,0.2573720869260971,0.2833793403202557,0.230819215826923,0.0,transformer,16,True,2.5,1.0,0.75,real_10kg_v1,thruster,real_10kg_x,1.0,0.0798412698412698,0.23,0.0182850420876538,0.0024260053054139,0.0078849008468218,0.0125,0.0006711375195548,0.0858724430384972,0.1242388293571749,,,22,7,train22_eval7_scn2
startup_0_3s,0.0,3.0,300,0.1115301360244188,0.1088377136891425,0.0243582290108618,0.9758592392043104,0.2184004241286743,0.0476987452595848,0.0983018112383952,0.1998196371047594,0.7557061521437135,0.0,0.0,0.031318938105192,0.0041339125842672,predictive_alpha,sinusoidal,2,22008,0.0,1.0,1.0,0.03,0.01,0.3667289319970094,1.0,1.0,1.0,0.0791745302067691,0.3667289319970094,0.0899491977100569,1.6626651343421508,0.1067447481797444,0.1242094865402784,39.40460318235204,1.8764096753500967,0.0178169438123184,13.792823644552948,45.0,0.0135712026516547,0.0515057078136859,0.0899491977100569,real10kg_smc_steady,real10kg_mpc_event,-1.0,-1.0,predictive_alpha,1.0,0.2580484578828084,0.2870794419989549,0.2256136378735148,0.0,transformer,16,True,2.5,1.0,0.75,real_10kg_v1,thruster,real_10kg_x,1.0,0.0777777777777777,0.2209523809523809,0.0178169438123184,0.0023085406726012,0.0077545694027516,0.0125,0.0006820909274449,0.0858264100176969,0.1242094865402784,,,22,8,train22_eval8_scn2
pre_step_3_10s,3.0,10.0,700,0.0715524539120642,0.0711592583050919,0.0074909023693595,0.9945047921423424,0.1046910617288637,0.0109602184059167,0.068865784036904,0.0958429322164,1.0,0.1019047619047619,0.3514285714285714,0.0125384059512135,0.0015544293282767,predictive_alpha,sinusoidal,2,22008,0.0,1.0,1.0,0.03,0.01,0.3667289319970094,1.0,1.0,1.0,0.0791745302067691,0.3667289319970094,0.0899491977100569,1.6626651343421508,0.1067447481797444,0.1242094865402784,39.40460318235204,1.8764096753500967,0.0178169438123184,13.792823644552948,45.0,0.0135712026516547,0.0515057078136859,0.0899491977100569,real10kg_smc_steady,real10kg_mpc_event,-1.0,-1.0,predictive_alpha,1.0,0.2580484578828084,0.2870794419989549,0.2256136378735148,0.0,transformer,16,True,2.5,1.0,0.75,real_10kg_v1,thruster,real_10kg_x,1.0,0.0777777777777777,0.2209523809523809,0.0178169438123184,0.0023085406726012,0.0077545694027516,0.0125,0.0006820909274449,0.0858264100176969,0.1242094865402784,,,22,8,train22_eval8_scn2
step_recovery_10_13s,10.0,13.0,300,0.0539422772196073,0.0525638914518369,0.0121163768130768,0.9744470230250248,0.2246174510532665,0.0504529993176665,0.048064435786171,0.0836146557108393,1.0,0.1044444444444444,0.3166666666666666,0.0135589934264197,0.0012675099545969,predictive_alpha,sinusoidal,2,22008,0.0,1.0,1.0,0.03,0.01,0.3667289319970094,1.0,1.0,1.0,0.0791745302067691,0.3667289319970094,0.0899491977100569,1.6626651343421508,0.1067447481797444,0.1242094865402784,39.40460318235204,1.8764096753500967,0.0178169438123184,13.792823644552948,45.0,0.0135712026516547,0.0515057078136859,0.0899491977100569,real10kg_smc_steady,real10kg_mpc_event,-1.0,-1.0,predictive_alpha,1.0,0.2580484578828084,0.2870794419989549,0.2256136378735148,0.0,transformer,16,True,2.5,1.0,0.75,real_10kg_v1,thruster,real_10kg_x,1.0,0.0777777777777777,0.2209523809523809,0.0178169438123184,0.0023085406726012,0.0077545694027516,0.0125,0.0006820909274449,0.0858264100176969,0.1242094865402784,,,22,8,train22_eval8_scn2
post_step_13_20p9s,13.0,20.9,790,0.0980583114530976,0.0972480204277465,0.0125799430808446,0.9917366410522104,0.128290431422142,0.0164584347944793,0.0894681722600542,0.3233036236807056,1.0,0.070464135021097,0.1430379746835443,0.0192308975800711,0.0027059631660442,predictive_alpha,sinusoidal,2,22008,0.0,1.0,1.0,0.03,0.01,0.3667289319970094,1.0,1.0,1.0,0.0791745302067691,0.3667289319970094,0.0899491977100569,1.6626651343421508,0.1067447481797444,0.1242094865402784,39.40460318235204,1.8764096753500967,0.0178169438123184,13.792823644552948,45.0,0.0135712026516547,0.0515057078136859,0.0899491977100569,real10kg_smc_steady,real10kg_mpc_event,-1.0,-1.0,predictive_alpha,1.0,0.2580484578828084,0.2870794419989549,0.2256136378735148,0.0,transformer,16,True,2.5,1.0,0.75,real_10kg_v1,thruster,real_10kg_x,1.0,0.0777777777777777,0.2209523809523809,0.0178169438123184,0.0023085406726012,0.0077545694027516,0.0125,0.0006820909274449,0.0858264100176969,0.1242094865402784,,,22,8,train22_eval8_scn2
startup_0_3s,0.0,3.0,300,0.130852386733204,0.1283039473071869,0.0256991093069506,0.9805243183587232,0.1963977115629441,0.0385720611071614,0.113668574003819,0.236933036582769,0.837684625269081,0.0,0.0,0.0326176534124297,0.0042555066532479,predictive_alpha,sinusoidal,2,22009,0.0,1.0,1.0,0.03,0.01,0.3667109482290747,1.0,1.0,1.0,0.0814238039324006,0.3667109482290747,0.0936311644104539,1.709899882580414,0.1067390040550656,0.1242024742028596,39.48612781568002,1.880291800746668,0.0180078779150138,13.76868818807327,45.0,0.0139338219342428,0.0552613629920955,0.0936311644104539,real10kg_smc_steady,real10kg_mpc_event,-1.0,-1.0,predictive_alpha,1.0,0.2586406309955726,0.287003411749598,0.2278298218604288,0.0,transformer,16,True,2.5,1.0,0.75,real_10kg_v1,thruster,real_10kg_x,1.0,0.0795238095238095,0.2328571428571428,0.0180078779150138,0.0023306961268004,0.0077748162176576,0.0125,0.0006706740414665,0.0858731792899915,0.1242024742028596,,,22,9,train22_eval9_scn2
pre_step_3_10s,3.0,10.0,700,0.0717769784147708,0.071377018768566,0.0075667576983966,0.9944277447304406,0.1054203989289066,0.0111134605103298,0.0691061475389867,0.0962515678011522,1.0,0.1071428571428571,0.3871428571428571,0.0125609461087687,0.0015695884769966,predictive_alpha,sinusoidal,2,22009,0.0,1.0,1.0,0.03,0.01,0.3667109482290747,1.0,1.0,1.0,0.0814238039324006,0.3667109482290747,0.0936311644104539,1.709899882580414,0.1067390040550656,0.1242024742028596,39.48612781568002,1.880291800746668,0.0180078779150138,13.76868818807327,45.0,0.0139338219342428,0.0552613629920955,0.0936311644104539,real10kg_smc_steady,real10kg_mpc_event,-1.0,-1.0,predictive_alpha,1.0,0.2586406309955726,0.287003411749598,0.2278298218604288,0.0,transformer,16,True,2.5,1.0,0.75,real_10kg_v1,thruster,real_10kg_x,1.0,0.0795238095238095,0.2328571428571428,0.0180078779150138,0.0023306961268004,0.0077748162176576,0.0125,0.0006706740414665,0.0858731792899915,0.1242024742028596,,,22,9,train22_eval9_scn2
step_recovery_10_13s,10.0,13.0,300,0.0536985597549747,0.052314167560965,0.0121145859261417,0.9742191932087806,0.2256035540137451,0.0508969635836328,0.0478743951010735,0.0832918058970708,1.0,0.1044444444444444,0.3166666666666666,0.0135261130790799,0.0012743111078703,predictive_alpha,sinusoidal,2,22009,0.0,1.0,1.0,0.03,0.01,0.3667109482290747,1.0,1.0,1.0,0.0814238039324006,0.3667109482290747,0.0936311644104539,1.709899882580414,0.1067390040550656,0.1242024742028596,39.48612781568002,1.880291800746668,0.0180078779150138,13.76868818807327,45.0,0.0139338219342428,0.0552613629920955,0.0936311644104539,real10kg_smc_steady,real10kg_mpc_event,-1.0,-1.0,predictive_alpha,1.0,0.2586406309955726,0.287003411749598,0.2278298218604288,0.0,transformer,16,True,2.5,1.0,0.75,real_10kg_v1,thruster,real_10kg_x,1.0,0.0795238095238095,0.2328571428571428,0.0180078779150138,0.0023306961268004,0.0077748162176576,0.0125,0.0006706740414665,0.0858731792899915,0.1242024742028596,,,22,9,train22_eval9_scn2
post_step_13_20p9s,13.0,20.9,790,0.0980578774155352,0.0972474000132505,0.0125813558054361,0.9917347037928405,0.1283054063277422,0.016462277292927,0.0894712079731889,0.3232828080633825,1.0,0.070464135021097,0.1430379746835443,0.0192380175676726,0.0027039440708277,predictive_alpha,sinusoidal,2,22009,0.0,1.0,1.0,0.03,0.01,0.3667109482290747,1.0,1.0,1.0,0.0814238039324006,0.3667109482290747,0.0936311644104539,1.709899882580414,0.1067390040550656,0.1242024742028596,39.48612781568002,1.880291800746668,0.0180078779150138,13.76868818807327,45.0,0.0139338219342428,0.0552613629920955,0.0936311644104539,real10kg_smc_steady,real10kg_mpc_event,-1.0,-1.0,predictive_alpha,1.0,0.2586406309955726,0.287003411749598,0.2278298218604288,0.0,transformer,16,True,2.5,1.0,0.75,real_10kg_v1,thruster,real_10kg_x,1.0,0.0795238095238095,0.2328571428571428,0.0180078779150138,0.0023306961268004,0.0077748162176576,0.0125,0.0006706740414665,0.0858731792899915,0.1242024742028596,,,22,9,train22_eval9_scn2
startup_0_3s,0.0,3.0,300,0.1201439716005812,0.1177183170841648,0.0240202359445802,0.9798104350630216,0.199928765668206,0.0399715113416124,0.1046317710146008,0.2186490789044977,0.8969296926387557,0.0,0.0,0.0337316652934734,0.0043734776729665,predictive_alpha,step_change,3,22000,0.0,1.0,1.0,0.03,0.01,0.0429153509230243,1.0,1.0,1.0,0.0703830132329623,0.2186490789044977,0.0768184118993254,1.4780432778922097,0.0728490270671773,0.0742219984000333,26.977923854427644,1.2846630406870307,0.02028853616651,14.165796355074326,45.0,0.0142863561791374,0.0506038731853625,0.0768184118993254,real10kg_smc_steady,real10kg_mpc_event,-1.0,-1.0,predictive_alpha,1.0,0.1932455438197174,0.2033151480229588,0.1611841323464787,0.0,transformer,16,True,2.5,1.0,0.75,real_10kg_v1,thruster,real_10kg_x,1.0,0.0129365079365079,0.0319047619047619,0.02028853616651,0.0053235320514115,0.0087041269861673,0.0125,0.0008410883830495,0.0669239679725927,0.0742219984000333,,,22,0,train22_eval0_scn3
pre_step_3_10s,3.0,10.0,700,0.0676670987958195,0.0673011612849201,0.0070277983141504,0.994592091024862,0.1038584251314853,0.0107865724707923,0.06678486489074,0.0892388773051059,1.0,0.0376190476190476,0.0928571428571428,0.0155472920843891,0.0021087582259057,predictive_alpha,step_change,3,22000,0.0,1.0,1.0,0.03,0.01,0.0429153509230243,1.0,1.0,1.0,0.0703830132329623,0.2186490789044977,0.0768184118993254,1.4780432778922097,0.0728490270671773,0.0742219984000333,26.977923854427644,1.2846630406870307,0.02028853616651,14.165796355074326,45.0,0.0142863561791374,0.0506038731853625,0.0768184118993254,real10kg_smc_steady,real10kg_mpc_event,-1.0,-1.0,predictive_alpha,1.0,0.1932455438197174,0.2033151480229588,0.1611841323464787,0.0,transformer,16,True,2.5,1.0,0.75,real_10kg_v1,thruster,real_10kg_x,1.0,0.0129365079365079,0.0319047619047619,0.02028853616651,0.0053235320514115,0.0087041269861673,0.0125,0.0008410883830495,0.0669239679725927,0.0742219984000333,,,22,0,train22_eval0_scn3
step_recovery_10_13s,10.0,13.0,300,0.0449873797864746,0.0418460796431462,0.0165157488038528,0.9301737474323234,0.3671195984794437,0.134776799587708,0.0416099446355779,0.0802831824773209,1.0,0.0027777777777777,0.0066666666666666,0.0248239058971548,0.0129392389374596,predictive_alpha,step_change,3,22000,0.0,1.0,1.0,0.03,0.01,0.0429153509230243,1.0,1.0,1.0,0.0703830132329623,0.2186490789044977,0.0768184118993254,1.4780432778922097,0.0728490270671773,0.0742219984000333,26.977923854427644,1.2846630406870307,0.02028853616651,14.165796355074326,45.0,0.0142863561791374,0.0506038731853625,0.0768184118993254,real10kg_smc_steady,real10kg_mpc_event,-1.0,-1.0,predictive_alpha,1.0,0.1932455438197174,0.2033151480229588,0.1611841323464787,0.0,transformer,16,True,2.5,1.0,0.75,real_10kg_v1,thruster,real_10kg_x,1.0,0.0129365079365079,0.0319047619047619,0.02028853616651,0.0053235320514115,0.0087041269861673,0.0125,0.0008410883830495,0.0669239679725927,0.0742219984000333,,,22,0,train22_eval0_scn3
post_step_13_20p9s,13.0,20.9,790,0.0731758750962795,0.0719792329037601,0.0131794812755495,0.9836470395339316,0.1801069171801354,0.0324385016161321,0.0718266550911652,0.092373051751271,0.819605713733407,0.0,0.0,0.017895750843577,0.0028280819990064,predictive_alpha,step_change,3,22000,0.0,1.0,1.0,0.03,0.01,0.0429153509230243,1.0,1.0,1.0,0.0703830132329623,0.2186490789044977,0.0768184118993254,1.4780432778922097,0.0728490270671773,0.0742219984000333,26.977923854427644,1.2846630406870307,0.02028853616651,14.165796355074326,45.0,0.0142863561791374,0.0506038731853625,0.0768184118993254,real10kg_smc_steady,real10kg_mpc_event,-1.0,-1.0,predictive_alpha,1.0,0.1932455438197174,0.2033151480229588,0.1611841323464787,0.0,transformer,16,True,2.5,1.0,0.75,real_10kg_v1,thruster,real_10kg_x,1.0,0.0129365079365079,0.0319047619047619,0.02028853616651,0.0053235320514115,0.0087041269861673,0.0125,0.0008410883830495,0.0669239679725927,0.0742219984000333,,,22,0,train22_eval0_scn3
startup_0_3s,0.0,3.0,300,0.1137563857506652,0.1103500017227778,0.0276295569786612,0.9700554478290684,0.2428835690966881,0.0589924281371457,0.0990403717281346,0.2061906571902768,0.867444181470003,0.0,0.0,0.0297015166099612,0.004235645718933,predictive_alpha,step_change,3,22001,0.0,1.0,1.0,0.03,0.01,0.0434402388793124,1.0,1.0,1.0,0.0694889229814455,0.2061906571902768,0.0751994259478555,1.4592673826103555,0.0728597548527827,0.0742251994455805,26.962602644496123,1.2839334592617202,0.0195221119865658,14.153820599233468,45.0,0.0151835549224073,0.0617055531154035,0.0751994259478555,real10kg_smc_steady,real10kg_mpc_event,-1.0,-1.0,predictive_alpha,1.0,0.1917060079094981,0.2019176465179938,0.1569509782192818,0.0,transformer,16,True,2.5,1.0,0.75,real_10kg_v1,thruster,real_10kg_x,1.0,0.0129365079365079,0.0319047619047619,0.0195221119865658,0.0052715612144255,0.0085415695590629,0.0125,0.0008193053305471,0.0666385278213173,0.0742251994455805,,,22,1,train22_eval1_scn3
pre_step_3_10s,3.0,10.0,700,0.0680161002964828,0.0676638956663728,0.0069128230695877,0.9948217461957574,0.1016350987406614,0.010329693296024,0.0671224731940896,0.0908819419045108,1.0,0.0376190476190476,0.0928571428571428,0.0153305938485993,0.0021303604824802,predictive_alpha,step_change,3,22001,0.0,1.0,1.0,0.03,0.01,0.0434402388793124,1.0,1.0,1.0,0.0694889229814455,0.2061906571902768,0.0751994259478555,1.4592673826103555,0.0728597548527827,0.0742251994455805,26.962602644496123,1.2839334592617202,0.0195221119865658,14.153820599233468,45.0,0.0151835549224073,0.0617055531154035,0.0751994259478555,real10kg_smc_steady,real10kg_mpc_event,-1.0,-1.0,predictive_alpha,1.0,0.1917060079094981,0.2019176465179938,0.1569509782192818,0.0,transformer,16,True,2.5,1.0,0.75,real_10kg_v1,thruster,real_10kg_x,1.0,0.0129365079365079,0.0319047619047619,0.0195221119865658,0.0052715612144255,0.0085415695590629,0.0125,0.0008193053305471,0.0666385278213173,0.0742251994455805,,,22,1,train22_eval1_scn3
step_recovery_10_13s,10.0,13.0,300,0.0453800599366427,0.0422171215678855,0.0166452541697524,0.9303011416650148,0.3667966545877568,0.1345397858167702,0.0420872699554599,0.080348270656845,1.0,0.0027777777777777,0.0066666666666666,0.0236413219878682,0.0128753339186016,predictive_alpha,step_change,3,22001,0.0,1.0,1.0,0.03,0.01,0.0434402388793124,1.0,1.0,1.0,0.0694889229814455,0.2061906571902768,0.0751994259478555,1.4592673826103555,0.0728597548527827,0.0742251994455805,26.962602644496123,1.2839334592617202,0.0195221119865658,14.153820599233468,45.0,0.0151835549224073,0.0617055531154035,0.0751994259478555,real10kg_smc_steady,real10kg_mpc_event,-1.0,-1.0,predictive_alpha,1.0,0.1917060079094981,0.2019176465179938,0.1569509782192818,0.0,transformer,16,True,2.5,1.0,0.75,real_10kg_v1,thruster,real_10kg_x,1.0,0.0129365079365079,0.0319047619047619,0.0195221119865658,0.0052715612144255,0.0085415695590629,0.0125,0.0008193053305471,0.0666385278213173,0.0742251994455805,,,22,1,train22_eval1_scn3
post_step_13_20p9s,13.0,20.9,790,0.0721912581336769,0.070984769906427,0.0131430663185872,0.9832876132312888,0.1820589730442176,0.0331454696659151,0.0710835099651705,0.0920443346506757,0.8160387242548226,0.0,0.0,0.01797397479125,0.0027611474243076,predictive_alpha,step_change,3,22001,0.0,1.0,1.0,0.03,0.01,0.0434402388793124,1.0,1.0,1.0,0.0694889229814455,0.2061906571902768,0.0751994259478555,1.4592673826103555,0.0728597548527827,0.0742251994455805,26.962602644496123,1.2839334592617202,0.0195221119865658,14.153820599233468,45.0,0.0151835549224073,0.0617055531154035,0.0751994259478555,real10kg_smc_steady,real10kg_mpc_event,-1.0,-1.0,predictive_alpha,1.0,0.1917060079094981,0.2019176465179938,0.1569509782192818,0.0,transformer,16,True,2.5,1.0,0.75,real_10kg_v1,thruster,real_10kg_x,1.0,0.0129365079365079,0.0319047619047619,0.0195221119865658,0.0052715612144255,0.0085415695590629,0.0125,0.0008193053305471,0.0666385278213173,0.0742251994455805,,,22,1,train22_eval1_scn3
startup_0_3s,0.0,3.0,300,0.1280620421653165,0.1257370023466899,0.02429182752326,0.9818444265036376,0.1896879599335254,0.0359815221437427,0.110920216999678,0.2339181738150836,0.9115273274655774,0.0,0.0,0.0334318369090504,0.0043014038512471,predictive_alpha,step_change,3,22002,0.0,1.0,1.0,0.03,0.01,0.0430028774727624,1.0,1.0,1.0,0.0712766655939687,0.2339181738150836,0.0786311486073643,1.4968099774733434,0.0728656842791933,0.0742339230570086,26.98368916008101,1.2849375790514763,0.020275458028613,14.16059008067078,45.0,0.0143360619459991,0.050633652466694,0.0786311486073643,real10kg_smc_steady,real10kg_mpc_event,-1.0,-1.0,predictive_alpha,1.0,0.1933699401553274,0.2031417688169821,0.1616914051276676,0.0,transformer,16,True,2.5,1.0,0.75,real_10kg_v1,thruster,real_10kg_x,1.0,0.0128571428571428,0.0319047619047619,0.020275458028613,0.0053126177958239,0.0087186558256146,0.0125,0.0008254152675385,0.0669329466402042,0.0742339230570086,,,22,2,train22_eval2_scn3
pre_step_3_10s,3.0,10.0,700,0.0676670727752354,0.0673030364899102,0.007009566121153,0.9946201857063576,0.1035890254102784,0.0107306861854513,0.0667934477044794,0.0892072053303477,1.0,0.0373809523809523,0.0928571428571428,0.0155414216705084,0.0021182665171394,predictive_alpha,step_change,3,22002,0.0,1.0,1.0,0.03,0.01,0.0430028774727624,1.0,1.0,1.0,0.0712766655939687,0.2339181738150836,0.0786311486073643,1.4968099774733434,0.0728656842791933,0.0742339230570086,26.98368916008101,1.2849375790514763,0.020275458028613,14.16059008067078,45.0,0.0143360619459991,0.050633652466694,0.0786311486073643,real10kg_smc_steady,real10kg_mpc_event,-1.0,-1.0,predictive_alpha,1.0,0.1933699401553274,0.2031417688169821,0.1616914051276676,0.0,transformer,16,True,2.5,1.0,0.75,real_10kg_v1,thruster,real_10kg_x,1.0,0.0128571428571428,0.0319047619047619,0.020275458028613,0.0053126177958239,0.0087186558256146,0.0125,0.0008254152675385,0.0669329466402042,0.0742339230570086,,,22,2,train22_eval2_scn3
step_recovery_10_13s,10.0,13.0,300,0.0448904227106329,0.0417751112093366,0.0164313765274509,0.9306018675435994,0.3660330096102873,0.1339801641243646,0.0414784287818775,0.0803864124371315,1.0,0.0027777777777777,0.0066666666666666,0.0249732292577571,0.0129566708181207,predictive_alpha,step_change,3,22002,0.0,1.0,1.0,0.03,0.01,0.0430028774727624,1.0,1.0,1.0,0.0712766655939687,0.2339181738150836,0.0786311486073643,1.4968099774733434,0.0728656842791933,0.0742339230570086,26.98368916008101,1.2849375790514763,0.020275458028613,14.16059008067078,45.0,0.0143360619459991,0.050633652466694,0.0786311486073643,real10kg_smc_steady,real10kg_mpc_event,-1.0,-1.0,predictive_alpha,1.0,0.1933699401553274,0.2031417688169821,0.1616914051276676,0.0,transformer,16,True,2.5,1.0,0.75,real_10kg_v1,thruster,real_10kg_x,1.0,0.0128571428571428,0.0319047619047619,0.020275458028613,0.0053126177958239,0.0087186558256146,0.0125,0.0008254152675385,0.0669329466402042,0.0742339230570086,,,22,2,train22_eval2_scn3
post_step_13_20p9s,13.0,20.9,790,0.0732163060315141,0.0720190350077078,0.0131865865734425,0.9836474811595792,0.1801045052418611,0.0324376328084155,0.0718550101758684,0.0922898762153249,0.8190117012994859,0.0,0.0,0.0179227010359252,0.0028160561694049,predictive_alpha,step_change,3,22002,0.0,1.0,1.0,0.03,0.01,0.0430028774727624,1.0,1.0,1.0,0.0712766655939687,0.2339181738150836,0.0786311486073643,1.4968099774733434,0.0728656842791933,0.0742339230570086,26.98368916008101,1.2849375790514763,0.020275458028613,14.16059008067078,45.0,0.0143360619459991,0.050633652466694,0.0786311486073643,real10kg_smc_steady,real10kg_mpc_event,-1.0,-1.0,predictive_alpha,1.0,0.1933699401553274,0.2031417688169821,0.1616914051276676,0.0,transformer,16,True,2.5,1.0,0.75,real_10kg_v1,thruster,real_10kg_x,1.0,0.0128571428571428,0.0319047619047619,0.020275458028613,0.0053126177958239,0.0087186558256146,0.0125,0.0008254152675385,0.0669329466402042,0.0742339230570086,,,22,2,train22_eval2_scn3
startup_0_3s,0.0,3.0,300,0.1180917424873594,0.1147316664248426,0.0279697043795507,0.9715469008099656,0.2368472493539896,0.0560966195265509,0.1040638080384392,0.211404490437919,0.8644223657248095,0.0,0.0,0.0355293184091421,0.0045993887379889,predictive_alpha,step_change,3,22003,0.0,1.0,1.0,0.03,0.01,0.0430581600300416,1.0,1.0,1.0,0.0702213856585632,0.211404490437919,0.0762089173128955,1.4746490988298289,0.0728796551867618,0.0742441106400024,26.932238055900616,1.282487526471458,0.0205258206638488,14.199131191779472,45.0,0.0153125794882458,0.0541726687825482,0.0762089173128955,real10kg_smc_steady,real10kg_mpc_event,-1.0,-1.0,predictive_alpha,1.0,0.1933508305188272,0.2033313090613285,0.1610940948136738,0.0,transformer,16,True,2.5,1.0,0.75,real_10kg_v1,thruster,real_10kg_x,1.0,0.0129365079365079,0.0319047619047619,0.0205258206638488,0.0053275484346638,0.0086659030310288,0.0125,0.000811155394118,0.0667194797920435,0.0742441106400024,,,22,3,train22_eval3_scn3
pre_step_3_10s,3.0,10.0,700,0.0676706985018589,0.0672992257221943,0.0070807946533302,0.9945105815679676,0.1046360509066669,0.0109487031493426,0.0667798740768395,0.0892673486241028,1.0,0.0376190476190476,0.0928571428571428,0.0155607297448738,0.0021202359634684,predictive_alpha,step_change,3,22003,0.0,1.0,1.0,0.03,0.01,0.0430581600300416,1.0,1.0,1.0,0.0702213856585632,0.211404490437919,0.0762089173128955,1.4746490988298289,0.0728796551867618,0.0742441106400024,26.932238055900616,1.282487526471458,0.0205258206638488,14.199131191779472,45.0,0.0153125794882458,0.0541726687825482,0.0762089173128955,real10kg_smc_steady,real10kg_mpc_event,-1.0,-1.0,predictive_alpha,1.0,0.1933508305188272,0.2033313090613285,0.1610940948136738,0.0,transformer,16,True,2.5,1.0,0.75,real_10kg_v1,thruster,real_10kg_x,1.0,0.0129365079365079,0.0319047619047619,0.0205258206638488,0.0053275484346638,0.0086659030310288,0.0125,0.000811155394118,0.0667194797920435,0.0742441106400024,,,22,3,train22_eval3_scn3
step_recovery_10_13s,10.0,13.0,300,0.0454970180599173,0.04234415256595,0.0166418567418419,0.9307017112678656,0.3657790653428194,0.1337943246430666,0.0421230645605873,0.0801697810748978,1.0,0.0027777777777777,0.0066666666666666,0.0241804475023647,0.0130017124260353,predictive_alpha,step_change,3,22003,0.0,1.0,1.0,0.03,0.01,0.0430581600300416,1.0,1.0,1.0,0.0702213856585632,0.211404490437919,0.0762089173128955,1.4746490988298289,0.0728796551867618,0.0742441106400024,26.932238055900616,1.282487526471458,0.0205258206638488,14.199131191779472,45.0,0.0153125794882458,0.0541726687825482,0.0762089173128955,real10kg_smc_steady,real10kg_mpc_event,-1.0,-1.0,predictive_alpha,1.0,0.1933508305188272,0.2033313090613285,0.1610940948136738,0.0,transformer,16,True,2.5,1.0,0.75,real_10kg_v1,thruster,real_10kg_x,1.0,0.0129365079365079,0.0319047619047619,0.0205258206638488,0.0053275484346638,0.0086659030310288,0.0125,0.000811155394118,0.0667194797920435,0.0742441106400024,,,22,3,train22_eval3_scn3
post_step_13_20p9s,13.0,20.9,790,0.0726243537908821,0.0714141081605589,0.0132031026344264,0.983335540116364,0.1817999327394227,0.0330512155440586,0.0714199817822631,0.0921897435814939,0.818962762883074,0.0,0.0,0.0180261705859143,0.0026717925442677,predictive_alpha,step_change,3,22003,0.0,1.0,1.0,0.03,0.01,0.0430581600300416,1.0,1.0,1.0,0.0702213856585632,0.211404490437919,0.0762089173128955,1.4746490988298289,0.0728796551867618,0.0742441106400024,26.932238055900616,1.282487526471458,0.0205258206638488,14.199131191779472,45.0,0.0153125794882458,0.0541726687825482,0.0762089173128955,real10kg_smc_steady,real10kg_mpc_event,-1.0,-1.0,predictive_alpha,1.0,0.1933508305188272,0.2033313090613285,0.1610940948136738,0.0,transformer,16,True,2.5,1.0,0.75,real_10kg_v1,thruster,real_10kg_x,1.0,0.0129365079365079,0.0319047619047619,0.0205258206638488,0.0053275484346638,0.0086659030310288,0.0125,0.000811155394118,0.0667194797920435,0.0742441106400024,,,22,3,train22_eval3_scn3
startup_0_3s,0.0,3.0,300,0.1342809463750559,0.1292168608823144,0.0365291037817962,0.9622873860406288,0.2720348997226157,0.0740029866670936,0.1176521168177448,0.2372090239047679,0.9319212624021824,0.0,0.0,0.0390008208913996,0.0049255890355478,predictive_alpha,step_change,3,22004,0.0,1.0,1.0,0.03,0.01,0.0432462135962526,1.0,1.0,1.0,0.0721843701758331,0.2372090239047679,0.0799814780736486,1.5158717736924952,0.0728103271816306,0.0741781773198691,27.053835185467705,1.2882778659746523,0.0209939590980591,14.171086143522505,45.0,0.0177041781436491,0.076176032441833,0.0799814780736486,real10kg_smc_steady,real10kg_mpc_event,-1.0,-1.0,predictive_alpha,1.0,0.1945091425618715,0.2038873930046629,0.1630125448166204,0.0,transformer,16,True,2.5,1.0,0.75,real_10kg_v1,thruster,real_10kg_x,1.0,0.0129365079365079,0.0319047619047619,0.0209939590980591,0.0053757612600313,0.0086374763272766,0.0125,0.0007957388667126,0.0667681127541909,0.0741781773198691,,,22,4,train22_eval4_scn3
pre_step_3_10s,3.0,10.0,700,0.0678381351859964,0.0674619637100108,0.0071341459126303,0.9944548670898136,0.1051642397461275,0.011059517321381,0.0669049999620927,0.0903225127817832,1.0,0.0376190476190476,0.0928571428571428,0.015589725179881,0.0021177113866688,predictive_alpha,step_change,3,22004,0.0,1.0,1.0,0.03,0.01,0.0432462135962526,1.0,1.0,1.0,0.0721843701758331,0.2372090239047679,0.0799814780736486,1.5158717736924952,0.0728103271816306,0.0741781773198691,27.053835185467705,1.2882778659746523,0.0209939590980591,14.171086143522505,45.0,0.0177041781436491,0.076176032441833,0.0799814780736486,real10kg_smc_steady,real10kg_mpc_event,-1.0,-1.0,predictive_alpha,1.0,0.1945091425618715,0.2038873930046629,0.1630125448166204,0.0,transformer,16,True,2.5,1.0,0.75,real_10kg_v1,thruster,real_10kg_x,1.0,0.0129365079365079,0.0319047619047619,0.0209939590980591,0.0053757612600313,0.0086374763272766,0.0125,0.0007957388667126,0.0667681127541909,0.0741781773198691,,,22,4,train22_eval4_scn3
step_recovery_10_13s,10.0,13.0,300,0.0455075957229224,0.0423399036877331,0.0166815414214161,0.9303920151159812,0.3665660898234097,0.1343706982084241,0.04214224596313,0.0800849433189627,1.0,0.0027777777777777,0.0066666666666666,0.0244440122218804,0.0131095495992121,predictive_alpha,step_change,3,22004,0.0,1.0,1.0,0.03,0.01,0.0432462135962526,1.0,1.0,1.0,0.0721843701758331,0.2372090239047679,0.0799814780736486,1.5158717736924952,0.0728103271816306,0.0741781773198691,27.053835185467705,1.2882778659746523,0.0209939590980591,14.171086143522505,45.0,0.0177041781436491,0.076176032441833,0.0799814780736486,real10kg_smc_steady,real10kg_mpc_event,-1.0,-1.0,predictive_alpha,1.0,0.1945091425618715,0.2038873930046629,0.1630125448166204,0.0,transformer,16,True,2.5,1.0,0.75,real_10kg_v1,thruster,real_10kg_x,1.0,0.0129365079365079,0.0319047619047619,0.0209939590980591,0.0053757612600313,0.0086374763272766,0.0125,0.0007957388667126,0.0667681127541909,0.0741781773198691,,,22,4,train22_eval4_scn3
post_step_13_20p9s,13.0,20.9,790,0.0725828577128535,0.0713770078098311,0.0131755071962958,0.9833865744471944,0.1815236766843726,0.0329508451970126,0.0713558635125119,0.091761648813696,0.8156884820996165,0.0,0.0,0.0178213817332442,0.0026778167900433,predictive_alpha,step_change,3,22004,0.0,1.0,1.0,0.03,0.01,0.0432462135962526,1.0,1.0,1.0,0.0721843701758331,0.2372090239047679,0.0799814780736486,1.5158717736924952,0.0728103271816306,0.0741781773198691,27.053835185467705,1.2882778659746523,0.0209939590980591,14.171086143522505,45.0,0.0177041781436491,0.076176032441833,0.0799814780736486,real10kg_smc_steady,real10kg_mpc_event,-1.0,-1.0,predictive_alpha,1.0,0.1945091425618715,0.2038873930046629,0.1630125448166204,0.0,transformer,16,True,2.5,1.0,0.75,real_10kg_v1,thruster,real_10kg_x,1.0,0.0129365079365079,0.0319047619047619,0.0209939590980591,0.0053757612600313,0.0086374763272766,0.0125,0.0007957388667126,0.0667681127541909,0.0741781773198691,,,22,4,train22_eval4_scn3
startup_0_3s,0.0,3.0,300,0.1029010019602668,0.0979303629219573,0.0315952563275022,0.9516949403444211,0.3070451766806127,0.0942767405228286,0.0933296100907028,0.1777283368741157,0.8294282898556475,0.0,0.0,0.0359502745257757,0.0049327249683219,predictive_alpha,step_change,3,22005,0.0,1.0,1.0,0.03,0.01,0.0433083204602366,1.0,1.0,1.0,0.0686752493189371,0.1777283368741157,0.0729887231262321,1.442180235697681,0.0728220881575934,0.074192027617458,26.921827060698053,1.281991764795145,0.0205512510216582,14.207564188178358,45.0,0.0162916385990072,0.0617705877570979,0.0729887231262321,real10kg_smc_steady,real10kg_mpc_event,-1.0,-1.0,predictive_alpha,1.0,0.1929936644179794,0.2030948306022664,0.158365021547042,0.0,transformer,16,True,2.5,1.0,0.75,real_10kg_v1,thruster,real_10kg_x,1.0,0.0129365079365079,0.0319047619047619,0.0205512510216582,0.0053742060498376,0.0086054021359216,0.0125,0.0007937998602958,0.0667118926438627,0.074192027617458,,,22,5,train22_eval5_scn3
pre_step_3_10s,3.0,10.0,700,0.0676846925227576,0.0673120052236295,0.007093063842537,0.9944937727388992,0.1047956868556679,0.0109821359835512,0.0667755178535275,0.0896062141315407,1.0,0.0376190476190476,0.0928571428571428,0.015557430300254,0.0021111983891562,predictive_alpha,step_change,3,22005,0.0,1.0,1.0,0.03,0.01,0.0433083204602366,1.0,1.0,1.0,0.0686752493189371,0.1777283368741157,0.0729887231262321,1.442180235697681,0.0728220881575934,0.074192027617458,26.921827060698053,1.281991764795145,0.0205512510216582,14.207564188178358,45.0,0.0162916385990072,0.0617705877570979,0.0729887231262321,real10kg_smc_steady,real10kg_mpc_event,-1.0,-1.0,predictive_alpha,1.0,0.1929936644179794,0.2030948306022664,0.158365021547042,0.0,transformer,16,True,2.5,1.0,0.75,real_10kg_v1,thruster,real_10kg_x,1.0,0.0129365079365079,0.0319047619047619,0.0205512510216582,0.0053742060498376,0.0086054021359216,0.0125,0.0007937998602958,0.0667118926438627,0.074192027617458,,,22,5,train22_eval5_scn3
step_recovery_10_13s,10.0,13.0,300,0.045523793952188,0.0423447758029257,0.0167133413176785,0.9301679874792282,0.3671341921816089,0.1347875150688425,0.0421793528239965,0.0800794071414491,1.0,0.0027777777777777,0.0066666666666666,0.0242916660286601,0.0130874916064716,predictive_alpha,step_change,3,22005,0.0,1.0,1.0,0.03,0.01,0.0433083204602366,1.0,1.0,1.0,0.0686752493189371,0.1777283368741157,0.0729887231262321,1.442180235697681,0.0728220881575934,0.074192027617458,26.921827060698053,1.281991764795145,0.0205512510216582,14.207564188178358,45.0,0.0162916385990072,0.0617705877570979,0.0729887231262321,real10kg_smc_steady,real10kg_mpc_event,-1.0,-1.0,predictive_alpha,1.0,0.1929936644179794,0.2030948306022664,0.158365021547042,0.0,transformer,16,True,2.5,1.0,0.75,real_10kg_v1,thruster,real_10kg_x,1.0,0.0129365079365079,0.0319047619047619,0.0205512510216582,0.0053742060498376,0.0086054021359216,0.0125,0.0007937998602958,0.0667118926438627,0.074192027617458,,,22,5,train22_eval5_scn3
post_step_13_20p9s,13.0,20.9,790,0.0725878607768353,0.0713822309748324,0.0131747726057378,0.9833907517166062,0.1815010452814205,0.0329426294382482,0.071364385645608,0.0919329696282002,0.8156302728056193,0.0,0.0,0.0178812746915159,0.0026814273308602,predictive_alpha,step_change,3,22005,0.0,1.0,1.0,0.03,0.01,0.0433083204602366,1.0,1.0,1.0,0.0686752493189371,0.1777283368741157,0.0729887231262321,1.442180235697681,0.0728220881575934,0.074192027617458,26.921827060698053,1.281991764795145,0.0205512510216582,14.207564188178358,45.0,0.0162916385990072,0.0617705877570979,0.0729887231262321,real10kg_smc_steady,real10kg_mpc_event,-1.0,-1.0,predictive_alpha,1.0,0.1929936644179794,0.2030948306022664,0.158365021547042,0.0,transformer,16,True,2.5,1.0,0.75,real_10kg_v1,thruster,real_10kg_x,1.0,0.0129365079365079,0.0319047619047619,0.0205512510216582,0.0053742060498376,0.0086054021359216,0.0125,0.0007937998602958,0.0667118926438627,0.074192027617458,,,22,5,train22_eval5_scn3
startup_0_3s,0.0,3.0,300,0.1243459940051078,0.1213912658950983,0.0269459976527844,0.9762378504136756,0.2167017753034936,0.0469596594196858,0.1088176536894471,0.2239392854752837,0.8635971572323887,0.0,0.0,0.0346978492217321,0.0044896783288356,predictive_alpha,step_change,3,22006,0.0,1.0,1.0,0.03,0.01,0.0429438903084588,1.0,1.0,1.0,0.0709818789854863,0.2239392854752837,0.0777748556580851,1.4906194586952135,0.0728694422140416,0.074241274912357,26.93378931064216,1.2825613957448647,0.0204578773755194,14.175932820671324,45.0,0.0150216778341013,0.0541204054491035,0.0777748556580851,real10kg_smc_steady,real10kg_mpc_event,-1.0,-1.0,predictive_alpha,1.0,0.1927849588311256,0.2028729983979544,0.1610506599681407,0.0,transformer,16,True,2.5,1.0,0.75,real_10kg_v1,thruster,real_10kg_x,1.0,0.0129365079365079,0.0319047619047619,0.0204578773755194,0.0053423414643475,0.0086954775829049,0.0125,0.0008395605093765,0.0669335130102172,0.074241274912357,,,22,6,train22_eval6_scn3
pre_step_3_10s,3.0,10.0,700,0.067624948996138,0.0672538024987245,0.007075293364435,0.9945116927565496,0.1046254891051989,0.010946492970502,0.0667433371055608,0.0893497968792019,1.0,0.0376190476190476,0.0928571428571428,0.015609960254268,0.0021128445107643,predictive_alpha,step_change,3,22006,0.0,1.0,1.0,0.03,0.01,0.0429438903084588,1.0,1.0,1.0,0.0709818789854863,0.2239392854752837,0.0777748556580851,1.4906194586952135,0.0728694422140416,0.074241274912357,26.93378931064216,1.2825613957448647,0.0204578773755194,14.175932820671324,45.0,0.0150216778341013,0.0541204054491035,0.0777748556580851,real10kg_smc_steady,real10kg_mpc_event,-1.0,-1.0,predictive_alpha,1.0,0.1927849588311256,0.2028729983979544,0.1610506599681407,0.0,transformer,16,True,2.5,1.0,0.75,real_10kg_v1,thruster,real_10kg_x,1.0,0.0129365079365079,0.0319047619047619,0.0204578773755194,0.0053423414643475,0.0086954775829049,0.0125,0.0008395605093765,0.0669335130102172,0.074241274912357,,,22,6,train22_eval6_scn3
step_recovery_10_13s,10.0,13.0,300,0.0449544959024264,0.0418129068928307,0.016510224680868,0.9301162442925728,0.3672652612255598,0.1348837721030787,0.0415670545940086,0.0802408794489978,1.0,0.0027777777777777,0.0066666666666666,0.0248635334749642,0.0129720481751924,predictive_alpha,step_change,3,22006,0.0,1.0,1.0,0.03,0.01,0.0429438903084588,1.0,1.0,1.0,0.0709818789854863,0.2239392854752837,0.0777748556580851,1.4906194586952135,0.0728694422140416,0.074241274912357,26.93378931064216,1.2825613957448647,0.0204578773755194,14.175932820671324,45.0,0.0150216778341013,0.0541204054491035,0.0777748556580851,real10kg_smc_steady,real10kg_mpc_event,-1.0,-1.0,predictive_alpha,1.0,0.1927849588311256,0.2028729983979544,0.1610506599681407,0.0,transformer,16,True,2.5,1.0,0.75,real_10kg_v1,thruster,real_10kg_x,1.0,0.0129365079365079,0.0319047619047619,0.0204578773755194,0.0053423414643475,0.0086954775829049,0.0125,0.0008395605093765,0.0669335130102172,0.074241274912357,,,22,6,train22_eval6_scn3
post_step_13_20p9s,13.0,20.9,790,0.0732375593089912,0.0720404478011358,0.0131876447537013,0.9836544046640778,0.1800666881601329,0.0324240121849585,0.0718814528274931,0.092313202366397,0.819108772705679,0.0,0.0,0.0179087314036836,0.0028232241658387,predictive_alpha,step_change,3,22006,0.0,1.0,1.0,0.03,0.01,0.0429438903084588,1.0,1.0,1.0,0.0709818789854863,0.2239392854752837,0.0777748556580851,1.4906194586952135,0.0728694422140416,0.074241274912357,26.93378931064216,1.2825613957448647,0.0204578773755194,14.175932820671324,45.0,0.0150216778341013,0.0541204054491035,0.0777748556580851,real10kg_smc_steady,real10kg_mpc_event,-1.0,-1.0,predictive_alpha,1.0,0.1927849588311256,0.2028729983979544,0.1610506599681407,0.0,transformer,16,True,2.5,1.0,0.75,real_10kg_v1,thruster,real_10kg_x,1.0,0.0129365079365079,0.0319047619047619,0.0204578773755194,0.0053423414643475,0.0086954775829049,0.0125,0.0008395605093765,0.0669335130102172,0.074241274912357,,,22,6,train22_eval6_scn3
startup_0_3s,0.0,3.0,300,0.1086696007249004,0.1049386499890882,0.0282305129279811,0.9656670245319372,0.2597829819900358,0.0674871977316352,0.0969490528587874,0.1926831258156104,0.8441143592390558,0.0,0.0,0.0352890663416007,0.004591632201902,predictive_alpha,step_change,3,22007,0.0,1.0,1.0,0.03,0.01,0.0430617557564042,1.0,1.0,1.0,0.0692029367345684,0.1926831258156104,0.0741757329948293,1.453261671425937,0.0728849108275639,0.0742482316903093,26.918005727220837,1.2818097965343254,0.0204892195960258,14.20539313097545,45.0,0.0153852989672275,0.0528547020721464,0.0741757329948293,real10kg_smc_steady,real10kg_mpc_event,-1.0,-1.0,predictive_alpha,1.0,0.1930115759327985,0.2032213304208458,0.159820911162422,0.0,transformer,16,True,2.5,1.0,0.75,real_10kg_v1,thruster,real_10kg_x,1.0,0.0129365079365079,0.0319047619047619,0.0204892195960258,0.0053297630609444,0.0086590130039519,0.0125,0.0008062423023948,0.0667148077460221,0.0742482316903093,,,22,7,train22_eval7_scn3
pre_step_3_10s,3.0,10.0,700,0.067680964307726,0.0673097122348549,0.0070792350211515,0.9945146751872052,0.1045971358942864,0.0109405608372878,0.0667861603133975,0.0892973264652683,1.0,0.0376190476190476,0.0928571428571428,0.0155508617624232,0.0021156689853253,predictive_alpha,step_change,3,22007,0.0,1.0,1.0,0.03,0.01,0.0430617557564042,1.0,1.0,1.0,0.0692029367345684,0.1926831258156104,0.0741757329948293,1.453261671425937,0.0728849108275639,0.0742482316903093,26.918005727220837,1.2818097965343254,0.0204892195960258,14.20539313097545,45.0,0.0153852989672275,0.0528547020721464,0.0741757329948293,real10kg_smc_steady,real10kg_mpc_event,-1.0,-1.0,predictive_alpha,1.0,0.1930115759327985,0.2032213304208458,0.159820911162422,0.0,transformer,16,True,2.5,1.0,0.75,real_10kg_v1,thruster,real_10kg_x,1.0,0.0129365079365079,0.0319047619047619,0.0204892195960258,0.0053297630609444,0.0086590130039519,0.0125,0.0008062423023948,0.0667148077460221,0.0742482316903093,,,22,7,train22_eval7_scn3
step_recovery_10_13s,10.0,13.0,300,0.045495794798536,0.042328588133659,0.0166780685620833,0.9303846283178056,0.3665848379160525,0.1343844433899385,0.0421359042630581,0.0801186853658417,1.0,0.0027777777777777,0.0066666666666666,0.0241387507916252,0.0129805049770967,predictive_alpha,step_change,3,22007,0.0,1.0,1.0,0.03,0.01,0.0430617557564042,1.0,1.0,1.0,0.0692029367345684,0.1926831258156104,0.0741757329948293,1.453261671425937,0.0728849108275639,0.0742482316903093,26.918005727220837,1.2818097965343254,0.0204892195960258,14.20539313097545,45.0,0.0153852989672275,0.0528547020721464,0.0741757329948293,real10kg_smc_steady,real10kg_mpc_event,-1.0,-1.0,predictive_alpha,1.0,0.1930115759327985,0.2032213304208458,0.159820911162422,0.0,transformer,16,True,2.5,1.0,0.75,real_10kg_v1,thruster,real_10kg_x,1.0,0.0129365079365079,0.0319047619047619,0.0204892195960258,0.0053297630609444,0.0086590130039519,0.0125,0.0008062423023948,0.0667148077460221,0.0742482316903093,,,22,7,train22_eval7_scn3
post_step_13_20p9s,13.0,20.9,790,0.0726064405406114,0.0713967057099306,0.0131986977292039,0.9833384638928264,0.1817841176475447,0.0330454654288963,0.071404159495176,0.0921848338929888,0.8187938812311244,0.0,0.0,0.0180526921435496,0.0026877555136706,predictive_alpha,step_change,3,22007,0.0,1.0,1.0,0.03,0.01,0.0430617557564042,1.0,1.0,1.0,0.0692029367345684,0.1926831258156104,0.0741757329948293,1.453261671425937,0.0728849108275639,0.0742482316903093,26.918005727220837,1.2818097965343254,0.0204892195960258,14.20539313097545,45.0,0.0153852989672275,0.0528547020721464,0.0741757329948293,real10kg_smc_steady,real10kg_mpc_event,-1.0,-1.0,predictive_alpha,1.0,0.1930115759327985,0.2032213304208458,0.159820911162422,0.0,transformer,16,True,2.5,1.0,0.75,real_10kg_v1,thruster,real_10kg_x,1.0,0.0129365079365079,0.0319047619047619,0.0204892195960258,0.0053297630609444,0.0086590130039519,0.0125,0.0008062423023948,0.0667148077460221,0.0742482316903093,,,22,7,train22_eval7_scn3
startup_0_3s,0.0,3.0,300,0.1095629950344594,0.1070382344690372,0.0233851714270473,0.9769560829856092,0.2134404177221729,0.0455568119174156,0.0965579390761485,0.1978101819648135,0.8753835254830461,0.0,0.0,0.0331287545660105,0.0042899192209149,predictive_alpha,step_change,3,22008,0.0,1.0,1.0,0.03,0.01,0.0436791359998376,1.0,1.0,1.0,0.0692564866672075,0.1978101819648135,0.0745214750619925,1.4543862200113578,0.072859519519042,0.0742302388151005,26.95443475073481,1.283544511939753,0.0201112293690326,14.14483168905982,45.0,0.014138663040609,0.0484384419559282,0.0745214750619925,real10kg_smc_steady,real10kg_mpc_event,-1.0,-1.0,predictive_alpha,1.0,0.1923291821167432,0.2028073233889154,0.1595370514203871,0.0,transformer,16,True,2.5,1.0,0.75,real_10kg_v1,thruster,real_10kg_x,1.0,0.0129365079365079,0.0319047619047619,0.0201112293690326,0.0052979666337961,0.0086182096574733,0.0125,0.0008393602502454,0.0669204774800972,0.0742302388151005,,,22,8,train22_eval8_scn3
pre_step_3_10s,3.0,10.0,700,0.0676868772112565,0.0673229611438352,0.0070094400230953,0.9946235358696563,0.1035568534387887,0.0107240218941427,0.0668036668078604,0.0892305711963396,1.0,0.0376190476190476,0.0928571428571428,0.0155263874985791,0.0021064620412839,predictive_alpha,step_change,3,22008,0.0,1.0,1.0,0.03,0.01,0.0436791359998376,1.0,1.0,1.0,0.0692564866672075,0.1978101819648135,0.0745214750619925,1.4543862200113578,0.072859519519042,0.0742302388151005,26.95443475073481,1.283544511939753,0.0201112293690326,14.14483168905982,45.0,0.014138663040609,0.0484384419559282,0.0745214750619925,real10kg_smc_steady,real10kg_mpc_event,-1.0,-1.0,predictive_alpha,1.0,0.1923291821167432,0.2028073233889154,0.1595370514203871,0.0,transformer,16,True,2.5,1.0,0.75,real_10kg_v1,thruster,real_10kg_x,1.0,0.0129365079365079,0.0319047619047619,0.0201112293690326,0.0052979666337961,0.0086182096574733,0.0125,0.0008393602502454,0.0669204774800972,0.0742302388151005,,,22,8,train22_eval8_scn3
step_recovery_10_13s,10.0,13.0,300,0.0451123991352682,0.0419609964792125,0.016565123911739,0.9301433149984698,0.3671966960140811,0.1348334135636575,0.0417572154463979,0.0802546755704074,1.0,0.0027777777777777,0.0066666666666666,0.0244831197619506,0.0128777071357756,predictive_alpha,step_change,3,22008,0.0,1.0,1.0,0.03,0.01,0.0436791359998376,1.0,1.0,1.0,0.0692564866672075,0.1978101819648135,0.0745214750619925,1.4543862200113578,0.072859519519042,0.0742302388151005,26.95443475073481,1.283544511939753,0.0201112293690326,14.14483168905982,45.0,0.014138663040609,0.0484384419559282,0.0745214750619925,real10kg_smc_steady,real10kg_mpc_event,-1.0,-1.0,predictive_alpha,1.0,0.1923291821167432,0.2028073233889154,0.1595370514203871,0.0,transformer,16,True,2.5,1.0,0.75,real_10kg_v1,thruster,real_10kg_x,1.0,0.0129365079365079,0.0319047619047619,0.0201112293690326,0.0052979666337961,0.0086182096574733,0.0125,0.0008393602502454,0.0669204774800972,0.0742302388151005,,,22,8,train22_eval8_scn3
post_step_13_20p9s,13.0,20.9,790,0.0731166133162923,0.0719218930258485,0.0131636030942379,0.983660070724615,0.1800357332921588,0.0324128652620453,0.0718147561487534,0.0922528145322519,0.8184842532845591,0.0,0.0,0.0177865920152535,0.0028140149531453,predictive_alpha,step_change,3,22008,0.0,1.0,1.0,0.03,0.01,0.0436791359998376,1.0,1.0,1.0,0.0692564866672075,0.1978101819648135,0.0745214750619925,1.4543862200113578,0.072859519519042,0.0742302388151005,26.95443475073481,1.283544511939753,0.0201112293690326,14.14483168905982,45.0,0.014138663040609,0.0484384419559282,0.0745214750619925,real10kg_smc_steady,real10kg_mpc_event,-1.0,-1.0,predictive_alpha,1.0,0.1923291821167432,0.2028073233889154,0.1595370514203871,0.0,transformer,16,True,2.5,1.0,0.75,real_10kg_v1,thruster,real_10kg_x,1.0,0.0129365079365079,0.0319047619047619,0.0201112293690326,0.0052979666337961,0.0086182096574733,0.0125,0.0008393602502454,0.0669204774800972,0.0742302388151005,,,22,8,train22_eval8_scn3
startup_0_3s,0.0,3.0,300,0.1306783258701349,0.1283410474058483,0.0246048857544789,0.9821142607335718,0.1882858966140315,0.0354515788637497,0.113177165891791,0.2386267390966328,0.9475104826744224,0.0,0.0,0.0345137226927964,0.0043831154700794,predictive_alpha,step_change,3,22009,0.0,1.0,1.0,0.03,0.01,0.043032373946911,1.0,1.0,1.0,0.0716247106524785,0.2386267390966328,0.0792721805146949,1.5041189237020496,0.0728449562128385,0.0742135037335489,27.03396593906755,1.287331711384169,0.0204055533257215,14.146042162352373,45.0,0.0144137548106117,0.052102970338232,0.0792721805146949,real10kg_smc_steady,real10kg_mpc_event,-1.0,-1.0,predictive_alpha,1.0,0.1940733812306345,0.203761193253752,0.1627242643658038,0.0,transformer,16,True,2.5,1.0,0.75,real_10kg_v1,thruster,real_10kg_x,1.0,0.0128571428571428,0.0319047619047619,0.0204055533257215,0.0053212769936414,0.0087222400713027,0.0125,0.0008235550058246,0.0669722895092433,0.0742135037335489,,,22,9,train22_eval9_scn3
pre_step_3_10s,3.0,10.0,700,0.0677666089175113,0.0674017490862226,0.0070226422589231,0.9946159349402768,0.1036298314332272,0.010739141962879,0.0668713703460001,0.089325763272462,1.0,0.0373809523809523,0.0928571428571428,0.0154925341769324,0.0021007355773147,predictive_alpha,step_change,3,22009,0.0,1.0,1.0,0.03,0.01,0.043032373946911,1.0,1.0,1.0,0.0716247106524785,0.2386267390966328,0.0792721805146949,1.5041189237020496,0.0728449562128385,0.0742135037335489,27.03396593906755,1.287331711384169,0.0204055533257215,14.146042162352373,45.0,0.0144137548106117,0.052102970338232,0.0792721805146949,real10kg_smc_steady,real10kg_mpc_event,-1.0,-1.0,predictive_alpha,1.0,0.1940733812306345,0.203761193253752,0.1627242643658038,0.0,transformer,16,True,2.5,1.0,0.75,real_10kg_v1,thruster,real_10kg_x,1.0,0.0128571428571428,0.0319047619047619,0.0204055533257215,0.0053212769936414,0.0087222400713027,0.0125,0.0008235550058246,0.0669722895092433,0.0742135037335489,,,22,9,train22_eval9_scn3
step_recovery_10_13s,10.0,13.0,300,0.0448788371439276,0.0417634196514599,0.0164294492423584,0.9305815905506528,0.3660845576205274,0.1340179033282172,0.0414647139029315,0.0803774684762367,1.0,0.0027777777777777,0.0066666666666666,0.0249731327465231,0.0129536690956206,predictive_alpha,step_change,3,22009,0.0,1.0,1.0,0.03,0.01,0.043032373946911,1.0,1.0,1.0,0.0716247106524785,0.2386267390966328,0.0792721805146949,1.5041189237020496,0.0728449562128385,0.0742135037335489,27.03396593906755,1.287331711384169,0.0204055533257215,14.146042162352373,45.0,0.0144137548106117,0.052102970338232,0.0792721805146949,real10kg_smc_steady,real10kg_mpc_event,-1.0,-1.0,predictive_alpha,1.0,0.1940733812306345,0.203761193253752,0.1627242643658038,0.0,transformer,16,True,2.5,1.0,0.75,real_10kg_v1,thruster,real_10kg_x,1.0,0.0128571428571428,0.0319047619047619,0.0204055533257215,0.0053212769936414,0.0087222400713027,0.0125,0.0008235550058246,0.0669722895092433,0.0742135037335489,,,22,9,train22_eval9_scn3
post_step_13_20p9s,13.0,20.9,790,0.0732191615850098,0.0720220183309716,0.0131861479873756,0.9836498639410352,0.1800914911060008,0.0324329451687827,0.0718588839135473,0.0922908400401747,0.8188029919792302,0.0,0.0,0.017894901082664,0.0028156692189461,predictive_alpha,step_change,3,22009,0.0,1.0,1.0,0.03,0.01,0.043032373946911,1.0,1.0,1.0,0.0716247106524785,0.2386267390966328,0.0792721805146949,1.5041189237020496,0.0728449562128385,0.0742135037335489,27.03396593906755,1.287331711384169,0.0204055533257215,14.146042162352373,45.0,0.0144137548106117,0.052102970338232,0.0792721805146949,real10kg_smc_steady,real10kg_mpc_event,-1.0,-1.0,predictive_alpha,1.0,0.1940733812306345,0.203761193253752,0.1627242643658038,0.0,transformer,16,True,2.5,1.0,0.75,real_10kg_v1,thruster,real_10kg_x,1.0,0.0128571428571428,0.0319047619047619,0.0204055533257215,0.0053212769936414,0.0087222400713027,0.0125,0.0008235550058246,0.0669722895092433,0.0742135037335489,,,22,9,train22_eval9_scn3
startup_0_3s,0.0,3.0,300,0.1227415823793963,0.120514089379129,0.0232776782802201,0.981852173020044,0.1896478587693974,0.0359663103358173,0.1064996543650638,0.221130284517568,0.9290927392599552,0.0,0.0,0.0327830002580286,0.0045724330765239,predictive_alpha,constant,1,23000,0.0,1.0,1.0,0.03,0.01,0.0450460101912136,1.0,1.0,1.0,0.089501723844599,0.2216133340638479,0.0992516302952197,1.879536200736581,0.0770547322797053,0.0785672197574229,30.64466962724175,1.4592699822496071,0.0187459282749195,14.191615465543716,45.0,0.0136588636190893,0.0457027781888078,0.0992516302952197,real10kg_smc_steady,real10kg_mpc_event,-1.0,-1.0,predictive_alpha,1.0,0.2533243323685022,0.2913903042121498,0.221101303373663,0.0,transformer,16,True,2.5,1.0,0.75,real_10kg_v1,thruster,real_10kg_x,1.0,0.0464285714285714,0.1304761904761904,0.0187459282749195,0.0026514132067179,0.008093063536,0.0125,0.00067551603639,0.0947722768612694,0.0785672197574229,,,23,0,train23_eval0_scn1
pre_step_3_10s,3.0,10.0,700,0.0713327278075315,0.0709582273778203,0.0072998646467544,0.9947499494100144,0.1023354198153019,0.010472538148774,0.0696207042843094,0.1037408427955146,1.0,0.0373809523809523,0.0857142857142857,0.0156430580318867,0.0023915782592507,predictive_alpha,constant,1,23000,0.0,1.0,1.0,0.03,0.01,0.0450460101912136,1.0,1.0,1.0,0.089501723844599,0.2216133340638479,0.0992516302952197,1.879536200736581,0.0770547322797053,0.0785672197574229,30.64466962724175,1.4592699822496071,0.0187459282749195,14.191615465543716,45.0,0.0136588636190893,0.0457027781888078,0.0992516302952197,real10kg_smc_steady,real10kg_mpc_event,-1.0,-1.0,predictive_alpha,1.0,0.2533243323685022,0.2913903042121498,0.221101303373663,0.0,transformer,16,True,2.5,1.0,0.75,real_10kg_v1,thruster,real_10kg_x,1.0,0.0464285714285714,0.1304761904761904,0.0187459282749195,0.0026514132067179,0.008093063536,0.0125,0.00067551603639,0.0947722768612694,0.0785672197574229,,,23,0,train23_eval0_scn1
step_recovery_10_13s,10.0,13.0,300,0.1591020318409884,0.1586026169689266,0.012596286220107,0.9968610402627606,0.0791711210369465,0.0062680664062468,0.1496030155149987,0.2216133340638479,1.0,0.2377777777777777,0.7133333333333334,0.0110880986330855,0.0011669830272793,predictive_alpha,constant,1,23000,0.0,1.0,1.0,0.03,0.01,0.0450460101912136,1.0,1.0,1.0,0.089501723844599,0.2216133340638479,0.0992516302952197,1.879536200736581,0.0770547322797053,0.0785672197574229,30.64466962724175,1.4592699822496071,0.0187459282749195,14.191615465543716,45.0,0.0136588636190893,0.0457027781888078,0.0992516302952197,real10kg_smc_steady,real10kg_mpc_event,-1.0,-1.0,predictive_alpha,1.0,0.2533243323685022,0.2913903042121498,0.221101303373663,0.0,transformer,16,True,2.5,1.0,0.75,real_10kg_v1,thruster,real_10kg_x,1.0,0.0464285714285714,0.1304761904761904,0.0187459282749195,0.0026514132067179,0.008093063536,0.0125,0.00067551603639,0.0947722768612694,0.0785672197574229,,,23,0,train23_eval0_scn1
post_step_13_20p9s,13.0,20.9,790,0.0794746079642781,0.0783304256554197,0.013437177073942,0.9856031714006976,0.169075097293738,0.0285863885248869,0.0783855129368928,0.1001378697984001,0.7442728435549701,0.0,0.0,0.0191789113578581,0.0027092906405601,predictive_alpha,constant,1,23000,0.0,1.0,1.0,0.03,0.01,0.0450460101912136,1.0,1.0,1.0,0.089501723844599,0.2216133340638479,0.0992516302952197,1.879536200736581,0.0770547322797053,0.0785672197574229,30.64466962724175,1.4592699822496071,0.0187459282749195,14.191615465543716,45.0,0.0136588636190893,0.0457027781888078,0.0992516302952197,real10kg_smc_steady,real10kg_mpc_event,-1.0,-1.0,predictive_alpha,1.0,0.2533243323685022,0.2913903042121498,0.221101303373663,0.0,transformer,16,True,2.5,1.0,0.75,real_10kg_v1,thruster,real_10kg_x,1.0,0.0464285714285714,0.1304761904761904,0.0187459282749195,0.0026514132067179,0.008093063536,0.0125,0.00067551603639,0.0947722768612694,0.0785672197574229,,,23,0,train23_eval0_scn1
startup_0_3s,0.0,3.0,300,0.118040237958417,0.11578791816158,0.0229489822233355,0.9809190506915916,0.1944166042042373,0.037797815990307,0.1024681447622798,0.2139426943675357,0.9046500102047677,0.0,0.0,0.0332411536134304,0.0046551576518242,predictive_alpha,constant,1,23001,0.0,1.0,1.0,0.03,0.01,0.0450482351270552,1.0,1.0,1.0,0.0889677879464675,0.2236445316787366,0.0986695449249508,1.868323546875818,0.0770233949824661,0.0785307583847747,30.58426820663072,1.4563937241252722,0.0188242152764897,14.332250201076691,45.0,0.0135885611017022,0.0481022025480742,0.0986695449249508,real10kg_smc_steady,real10kg_mpc_event,-1.0,-1.0,predictive_alpha,1.0,0.2547186234272866,0.2918864003094182,0.222542162258566,0.0,transformer,16,True,2.5,1.0,0.75,real_10kg_v1,thruster,real_10kg_x,1.0,0.0465873015873015,0.1309523809523809,0.0188242152764897,0.0026852547974255,0.0080795520684462,0.0125,0.0006846982558719,0.0950581014367866,0.0785307583847747,,,23,1,train23_eval1_scn1
pre_step_3_10s,3.0,10.0,700,0.0705754208070614,0.0701906737060125,0.0073593034174356,0.9945484263976164,0.104275728479954,0.0108734275500251,0.068938397007713,0.1009352936328956,1.0,0.0373809523809523,0.0857142857142857,0.015712679064189,0.0024810868858829,predictive_alpha,constant,1,23001,0.0,1.0,1.0,0.03,0.01,0.0450482351270552,1.0,1.0,1.0,0.0889677879464675,0.2236445316787366,0.0986695449249508,1.868323546875818,0.0770233949824661,0.0785307583847747,30.58426820663072,1.4563937241252722,0.0188242152764897,14.332250201076691,45.0,0.0135885611017022,0.0481022025480742,0.0986695449249508,real10kg_smc_steady,real10kg_mpc_event,-1.0,-1.0,predictive_alpha,1.0,0.2547186234272866,0.2918864003094182,0.222542162258566,0.0,transformer,16,True,2.5,1.0,0.75,real_10kg_v1,thruster,real_10kg_x,1.0,0.0465873015873015,0.1309523809523809,0.0188242152764897,0.0026852547974255,0.0080795520684462,0.0125,0.0006846982558719,0.0950581014367866,0.0785307583847747,,,23,1,train23_eval1_scn1
step_recovery_10_13s,10.0,13.0,300,0.1607301599984343,0.160236430242574,0.0125885168403189,0.9969282071525029,0.0783208132216231,0.0061341497836963,0.1511556779772551,0.2236445316787366,1.0,0.2388888888888889,0.7166666666666667,0.0110341439792878,0.0010101325289483,predictive_alpha,constant,1,23001,0.0,1.0,1.0,0.03,0.01,0.0450482351270552,1.0,1.0,1.0,0.0889677879464675,0.2236445316787366,0.0986695449249508,1.868323546875818,0.0770233949824661,0.0785307583847747,30.58426820663072,1.4563937241252722,0.0188242152764897,14.332250201076691,45.0,0.0135885611017022,0.0481022025480742,0.0986695449249508,real10kg_smc_steady,real10kg_mpc_event,-1.0,-1.0,predictive_alpha,1.0,0.2547186234272866,0.2918864003094182,0.222542162258566,0.0,transformer,16,True,2.5,1.0,0.75,real_10kg_v1,thruster,real_10kg_x,1.0,0.0465873015873015,0.1309523809523809,0.0188242152764897,0.0026852547974255,0.0080795520684462,0.0125,0.0006846982558719,0.0950581014367866,0.0785307583847747,,,23,1,train23_eval1_scn1
post_step_13_20p9s,13.0,20.9,790,0.0796068534424022,0.0784659284408112,0.0134294150625261,0.9856680053003662,0.168696719965734,0.0284585833271973,0.0785113704332741,0.1003130708913567,0.7708506827620494,0.0,0.0,0.0192283198675826,0.002750703287363,predictive_alpha,constant,1,23001,0.0,1.0,1.0,0.03,0.01,0.0450482351270552,1.0,1.0,1.0,0.0889677879464675,0.2236445316787366,0.0986695449249508,1.868323546875818,0.0770233949824661,0.0785307583847747,30.58426820663072,1.4563937241252722,0.0188242152764897,14.332250201076691,45.0,0.0135885611017022,0.0481022025480742,0.0986695449249508,real10kg_smc_steady,real10kg_mpc_event,-1.0,-1.0,predictive_alpha,1.0,0.2547186234272866,0.2918864003094182,0.222542162258566,0.0,transformer,16,True,2.5,1.0,0.75,real_10kg_v1,thruster,real_10kg_x,1.0,0.0465873015873015,0.1309523809523809,0.0188242152764897,0.0026852547974255,0.0080795520684462,0.0125,0.0006846982558719,0.0950581014367866,0.0785307583847747,,,23,1,train23_eval1_scn1
startup_0_3s,0.0,3.0,300,0.1269074799055046,0.1243856576123984,0.0251737290900107,0.9801286551826262,0.1983628475544163,0.0393478192898966,0.1098099073161045,0.2299823114408484,0.9184377027656908,0.0,0.0,0.0342952524782296,0.0049483972394213,predictive_alpha,constant,1,23002,0.0,1.0,1.0,0.03,0.01,0.0450137260186411,1.0,1.0,1.0,0.089896770625623,0.2299823114408484,0.0999853549189857,1.8878321831380844,0.0770066662526434,0.0785106073519518,30.580924504965253,1.4562345002364403,0.0189893963495773,14.295020637785068,45.0,0.0141473421061199,0.0529064103880708,0.0999853549189857,real10kg_smc_steady,real10kg_mpc_event,-1.0,-1.0,predictive_alpha,1.0,0.2546075408861251,0.2915393656572192,0.2252772839864095,0.0,transformer,16,True,2.5,1.0,0.75,real_10kg_v1,thruster,real_10kg_x,1.0,0.0465079365079365,0.1309523809523809,0.0189893963495773,0.0027403214293095,0.0081060563335636,0.0125,0.0006881942894662,0.0947575765941372,0.0785106073519518,,,23,2,train23_eval2_scn1
pre_step_3_10s,3.0,10.0,700,0.0706506675749605,0.0702644399163441,0.0073773512882362,0.9945332765864304,0.104420121443422,0.010903561762259,0.0690718527379113,0.1009042150912597,1.0,0.0373809523809523,0.0857142857142857,0.0157289793879224,0.0024996573560816,predictive_alpha,constant,1,23002,0.0,1.0,1.0,0.03,0.01,0.0450137260186411,1.0,1.0,1.0,0.089896770625623,0.2299823114408484,0.0999853549189857,1.8878321831380844,0.0770066662526434,0.0785106073519518,30.580924504965253,1.4562345002364403,0.0189893963495773,14.295020637785068,45.0,0.0141473421061199,0.0529064103880708,0.0999853549189857,real10kg_smc_steady,real10kg_mpc_event,-1.0,-1.0,predictive_alpha,1.0,0.2546075408861251,0.2915393656572192,0.2252772839864095,0.0,transformer,16,True,2.5,1.0,0.75,real_10kg_v1,thruster,real_10kg_x,1.0,0.0465079365079365,0.1309523809523809,0.0189893963495773,0.0027403214293095,0.0081060563335636,0.0125,0.0006881942894662,0.0947575765941372,0.0785106073519518,,,23,2,train23_eval2_scn1
step_recovery_10_13s,10.0,13.0,300,0.1596693206207277,0.1591705410070532,0.01261074236541,0.9968761712535916,0.0789803721615693,0.00623789918678,0.1501641398484505,0.2222818495714291,1.0,0.2383333333333333,0.7166666666666667,0.0110168929335041,0.0010525234354765,predictive_alpha,constant,1,23002,0.0,1.0,1.0,0.03,0.01,0.0450137260186411,1.0,1.0,1.0,0.089896770625623,0.2299823114408484,0.0999853549189857,1.8878321831380844,0.0770066662526434,0.0785106073519518,30.580924504965253,1.4562345002364403,0.0189893963495773,14.295020637785068,45.0,0.0141473421061199,0.0529064103880708,0.0999853549189857,real10kg_smc_steady,real10kg_mpc_event,-1.0,-1.0,predictive_alpha,1.0,0.2546075408861251,0.2915393656572192,0.2252772839864095,0.0,transformer,16,True,2.5,1.0,0.75,real_10kg_v1,thruster,real_10kg_x,1.0,0.0465079365079365,0.1309523809523809,0.0189893963495773,0.0027403214293095,0.0081060563335636,0.0125,0.0006881942894662,0.0947575765941372,0.0785106073519518,,,23,2,train23_eval2_scn1
post_step_13_20p9s,13.0,20.9,790,0.079542234116631,0.0783995854632977,0.0134339870272384,0.9856346924872916,0.1688912459705427,0.0285242529654823,0.0784514496010188,0.1001311341337521,0.7686039355202108,0.0,0.0,0.0192393085381831,0.0027343343697768,predictive_alpha,constant,1,23002,0.0,1.0,1.0,0.03,0.01,0.0450137260186411,1.0,1.0,1.0,0.089896770625623,0.2299823114408484,0.0999853549189857,1.8878321831380844,0.0770066662526434,0.0785106073519518,30.580924504965253,1.4562345002364403,0.0189893963495773,14.295020637785068,45.0,0.0141473421061199,0.0529064103880708,0.0999853549189857,real10kg_smc_steady,real10kg_mpc_event,-1.0,-1.0,predictive_alpha,1.0,0.2546075408861251,0.2915393656572192,0.2252772839864095,0.0,transformer,16,True,2.5,1.0,0.75,real_10kg_v1,thruster,real_10kg_x,1.0,0.0465079365079365,0.1309523809523809,0.0189893963495773,0.0027403214293095,0.0081060563335636,0.0125,0.0006881942894662,0.0947575765941372,0.0785106073519518,,,23,2,train23_eval2_scn1
startup_0_3s,0.0,3.0,300,0.1137826062188238,0.1104106619470146,0.0274948578168717,0.970365028681762,0.2416437690308686,0.0583917111114437,0.1006806191183363,0.2027343699221217,0.8817852953515681,0.0,0.0,0.0346379768019295,0.005105709605966,predictive_alpha,constant,1,23003,0.0,1.0,1.0,0.03,0.01,0.0450395438078817,1.0,1.0,1.0,0.0886687884417308,0.2222434567688672,0.0977735609370879,1.862044557276348,0.0770211437539094,0.0785280853816335,30.547725054858784,1.4546535740408943,0.0190368963071602,14.27381617789543,45.0,0.0147589754581266,0.052583774771952,0.0977735609370879,real10kg_smc_steady,real10kg_mpc_event,-1.0,-1.0,predictive_alpha,1.0,0.2549990220341249,0.2921774373144208,0.2239131461499658,0.0,transformer,16,True,2.5,1.0,0.75,real_10kg_v1,thruster,real_10kg_x,1.0,0.0464285714285714,0.1309523809523809,0.0190368963071602,0.002775465704401,0.0080870156236186,0.0125,0.0006729097372451,0.0948430308898877,0.0785280853816335,,,23,3,train23_eval3_scn1
pre_step_3_10s,3.0,10.0,700,0.0708864967644388,0.0704967155258212,0.0074235115414623,0.9945013330266153,0.1047239161237052,0.0109670986082848,0.0692488110967133,0.1017334902677237,1.0,0.0371428571428571,0.0857142857142857,0.0157736093026448,0.0024943619183194,predictive_alpha,constant,1,23003,0.0,1.0,1.0,0.03,0.01,0.0450395438078817,1.0,1.0,1.0,0.0886687884417308,0.2222434567688672,0.0977735609370879,1.862044557276348,0.0770211437539094,0.0785280853816335,30.547725054858784,1.4546535740408943,0.0190368963071602,14.27381617789543,45.0,0.0147589754581266,0.052583774771952,0.0977735609370879,real10kg_smc_steady,real10kg_mpc_event,-1.0,-1.0,predictive_alpha,1.0,0.2549990220341249,0.2921774373144208,0.2239131461499658,0.0,transformer,16,True,2.5,1.0,0.75,real_10kg_v1,thruster,real_10kg_x,1.0,0.0464285714285714,0.1309523809523809,0.0190368963071602,0.002775465704401,0.0080870156236186,0.0125,0.0006729097372451,0.0948430308898877,0.0785280853816335,,,23,3,train23_eval3_scn1
step_recovery_10_13s,10.0,13.0,300,0.1596654793906327,0.159166711333716,0.0126104445698818,0.9968761684816266,0.0789804071488087,0.0062379047133915,0.1501693753334697,0.2222434567688672,1.0,0.2383333333333333,0.7166666666666667,0.0110553638318912,0.0010317648702894,predictive_alpha,constant,1,23003,0.0,1.0,1.0,0.03,0.01,0.0450395438078817,1.0,1.0,1.0,0.0886687884417308,0.2222434567688672,0.0977735609370879,1.862044557276348,0.0770211437539094,0.0785280853816335,30.547725054858784,1.4546535740408943,0.0190368963071602,14.27381617789543,45.0,0.0147589754581266,0.052583774771952,0.0977735609370879,real10kg_smc_steady,real10kg_mpc_event,-1.0,-1.0,predictive_alpha,1.0,0.2549990220341249,0.2921774373144208,0.2239131461499658,0.0,transformer,16,True,2.5,1.0,0.75,real_10kg_v1,thruster,real_10kg_x,1.0,0.0464285714285714,0.1309523809523809,0.0190368963071602,0.002775465704401,0.0080870156236186,0.0125,0.0006729097372451,0.0948430308898877,0.0785280853816335,,,23,3,train23_eval3_scn1
post_step_13_20p9s,13.0,20.9,790,0.0795909884832689,0.0784496813966541,0.0134302991964923,0.9856603478815356,0.1687414549363909,0.02847367861405,0.0784947122669489,0.1003115983398407,0.7696324245448142,0.0,0.0,0.0192331555322659,0.0027510922458451,predictive_alpha,constant,1,23003,0.0,1.0,1.0,0.03,0.01,0.0450395438078817,1.0,1.0,1.0,0.0886687884417308,0.2222434567688672,0.0977735609370879,1.862044557276348,0.0770211437539094,0.0785280853816335,30.547725054858784,1.4546535740408943,0.0190368963071602,14.27381617789543,45.0,0.0147589754581266,0.052583774771952,0.0977735609370879,real10kg_smc_steady,real10kg_mpc_event,-1.0,-1.0,predictive_alpha,1.0,0.2549990220341249,0.2921774373144208,0.2239131461499658,0.0,transformer,16,True,2.5,1.0,0.75,real_10kg_v1,thruster,real_10kg_x,1.0,0.0464285714285714,0.1309523809523809,0.0190368963071602,0.002775465704401,0.0080870156236186,0.0125,0.0006729097372451,0.0948430308898877,0.0785280853816335,,,23,3,train23_eval3_scn1
startup_0_3s,0.0,3.0,300,0.1257559786445881,0.1235837062087977,0.0232730256854509,0.9827262889669076,0.1850649641972507,0.0342490409733296,0.1072878169624185,0.2298670432394063,0.893100174407246,0.0,0.0,0.0325367519405317,0.0046152624537198,predictive_alpha,constant,1,23004,0.0,1.0,1.0,0.03,0.01,0.0450630354995955,1.0,1.0,1.0,0.0895612042562331,0.2298670432394063,0.0999475446431285,1.8807852893808967,0.0770231505309947,0.078530863799511,30.572447424670028,1.4558308297461915,0.0187216166864429,14.356410770231236,45.0,0.0136635458016539,0.0457989480132294,0.0999475446431285,real10kg_smc_steady,real10kg_mpc_event,-1.0,-1.0,predictive_alpha,1.0,0.2544936476198168,0.2911151250416904,0.2233481937730297,0.0,transformer,16,True,2.5,1.0,0.75,real_10kg_v1,thruster,real_10kg_x,1.0,0.0465079365079365,0.1309523809523809,0.0187216166864429,0.0026954018098045,0.008116602959036,0.0125,0.0006940120662642,0.0949666745025793,0.078530863799511,,,23,4,train23_eval4_scn1
pre_step_3_10s,3.0,10.0,700,0.0702187221374377,0.0698365698413247,0.0073159040051426,0.9945576865473992,0.104187370297388,0.010855008129485,0.0686579741199741,0.0997675899507525,1.0,0.0373809523809523,0.0857142857142857,0.0157184682447585,0.0025168086736727,predictive_alpha,constant,1,23004,0.0,1.0,1.0,0.03,0.01,0.0450630354995955,1.0,1.0,1.0,0.0895612042562331,0.2298670432394063,0.0999475446431285,1.8807852893808967,0.0770231505309947,0.078530863799511,30.572447424670028,1.4558308297461915,0.0187216166864429,14.356410770231236,45.0,0.0136635458016539,0.0457989480132294,0.0999475446431285,real10kg_smc_steady,real10kg_mpc_event,-1.0,-1.0,predictive_alpha,1.0,0.2544936476198168,0.2911151250416904,0.2233481937730297,0.0,transformer,16,True,2.5,1.0,0.75,real_10kg_v1,thruster,real_10kg_x,1.0,0.0465079365079365,0.1309523809523809,0.0187216166864429,0.0026954018098045,0.008116602959036,0.0125,0.0006940120662642,0.0949666745025793,0.078530863799511,,,23,4,train23_eval4_scn1
step_recovery_10_13s,10.0,13.0,300,0.1608112247121622,0.1603150795606044,0.0126224109782009,0.996914735569946,0.0784921015357847,0.0061610100035039,0.1512249374444766,0.2237949731343421,1.0,0.2383333333333333,0.7166666666666667,0.011007674199972,0.0010465268039687,predictive_alpha,constant,1,23004,0.0,1.0,1.0,0.03,0.01,0.0450630354995955,1.0,1.0,1.0,0.0895612042562331,0.2298670432394063,0.0999475446431285,1.8807852893808967,0.0770231505309947,0.078530863799511,30.572447424670028,1.4558308297461915,0.0187216166864429,14.356410770231236,45.0,0.0136635458016539,0.0457989480132294,0.0999475446431285,real10kg_smc_steady,real10kg_mpc_event,-1.0,-1.0,predictive_alpha,1.0,0.2544936476198168,0.2911151250416904,0.2233481937730297,0.0,transformer,16,True,2.5,1.0,0.75,real_10kg_v1,thruster,real_10kg_x,1.0,0.0465079365079365,0.1309523809523809,0.0187216166864429,0.0026954018098045,0.008116602959036,0.0125,0.0006940120662642,0.0949666745025793,0.078530863799511,,,23,4,train23_eval4_scn1
post_step_13_20p9s,13.0,20.9,790,0.079575563692668,0.0784340500144822,0.013430194910409,0.9856549721395058,0.1687728529612222,0.0284842758966703,0.0784807532541383,0.1003101298938353,0.7704145593643255,0.0,0.0,0.0192172600792378,0.002726176765959,predictive_alpha,constant,1,23004,0.0,1.0,1.0,0.03,0.01,0.0450630354995955,1.0,1.0,1.0,0.0895612042562331,0.2298670432394063,0.0999475446431285,1.8807852893808967,0.0770231505309947,0.078530863799511,30.572447424670028,1.4558308297461915,0.0187216166864429,14.356410770231236,45.0,0.0136635458016539,0.0457989480132294,0.0999475446431285,real10kg_smc_steady,real10kg_mpc_event,-1.0,-1.0,predictive_alpha,1.0,0.2544936476198168,0.2911151250416904,0.2233481937730297,0.0,transformer,16,True,2.5,1.0,0.75,real_10kg_v1,thruster,real_10kg_x,1.0,0.0465079365079365,0.1309523809523809,0.0187216166864429,0.0026954018098045,0.008116602959036,0.0125,0.0006940120662642,0.0949666745025793,0.078530863799511,,,23,4,train23_eval4_scn1
startup_0_3s,0.0,3.0,300,0.1326305763797857,0.130470596620608,0.0238389011553965,0.9837143152194964,0.179739105461882,0.0323061460322375,0.1134433273583938,0.242452781838969,0.939257833736791,0.0,0.0,0.0331913296972806,0.0045430776811675,predictive_alpha,constant,1,23005,0.0,1.0,1.0,0.03,0.01,0.0450359143472406,1.0,1.0,1.0,0.0904267580189877,0.242452781838969,0.1011364242050249,1.8989619183987425,0.0770059830927202,0.0785094674325291,30.606939566343463,1.457473312683022,0.018817776512835,14.338558873099718,45.0,0.0138047374654208,0.0496004981623083,0.1011364242050249,real10kg_smc_steady,real10kg_mpc_event,-1.0,-1.0,predictive_alpha,1.0,0.2547222097104193,0.2913248465935183,0.2237735875468379,0.0,transformer,16,True,2.5,1.0,0.75,real_10kg_v1,thruster,real_10kg_x,1.0,0.0465079365079365,0.1309523809523809,0.018817776512835,0.0026855428292208,0.0081192414395181,0.0125,0.0006709370336516,0.0948763794945973,0.0785094674325291,,,23,5,train23_eval5_scn1
pre_step_3_10s,3.0,10.0,700,0.0704100987091358,0.0700275214944564,0.0073299545410377,0.9945664439946358,0.1041037390292242,0.0108375884798648,0.0688402824434157,0.1003489090704665,1.0,0.0373809523809523,0.0857142857142857,0.0157034950760344,0.0024952588428184,predictive_alpha,constant,1,23005,0.0,1.0,1.0,0.03,0.01,0.0450359143472406,1.0,1.0,1.0,0.0904267580189877,0.242452781838969,0.1011364242050249,1.8989619183987425,0.0770059830927202,0.0785094674325291,30.606939566343463,1.457473312683022,0.018817776512835,14.338558873099718,45.0,0.0138047374654208,0.0496004981623083,0.1011364242050249,real10kg_smc_steady,real10kg_mpc_event,-1.0,-1.0,predictive_alpha,1.0,0.2547222097104193,0.2913248465935183,0.2237735875468379,0.0,transformer,16,True,2.5,1.0,0.75,real_10kg_v1,thruster,real_10kg_x,1.0,0.0465079365079365,0.1309523809523809,0.018817776512835,0.0026855428292208,0.0081192414395181,0.0125,0.0006709370336516,0.0948763794945973,0.0785094674325291,,,23,5,train23_eval5_scn1
step_recovery_10_13s,10.0,13.0,300,0.1603425310629647,0.1598457720030786,0.0126117580224803,0.9969018883723934,0.0786551012939158,0.0061866249595561,0.1507849919457775,0.2231826723086077,1.0,0.2383333333333333,0.7166666666666667,0.0109843240184612,0.0010770827330911,predictive_alpha,constant,1,23005,0.0,1.0,1.0,0.03,0.01,0.0450359143472406,1.0,1.0,1.0,0.0904267580189877,0.242452781838969,0.1011364242050249,1.8989619183987425,0.0770059830927202,0.0785094674325291,30.606939566343463,1.457473312683022,0.018817776512835,14.338558873099718,45.0,0.0138047374654208,0.0496004981623083,0.1011364242050249,real10kg_smc_steady,real10kg_mpc_event,-1.0,-1.0,predictive_alpha,1.0,0.2547222097104193,0.2913248465935183,0.2237735875468379,0.0,transformer,16,True,2.5,1.0,0.75,real_10kg_v1,thruster,real_10kg_x,1.0,0.0465079365079365,0.1309523809523809,0.018817776512835,0.0026855428292208,0.0081192414395181,0.0125,0.0006709370336516,0.0948763794945973,0.0785094674325291,,,23,5,train23_eval5_scn1
post_step_13_20p9s,13.0,20.9,790,0.0795395943546912,0.0783968093238173,0.013434558346066,0.9856325011443,0.1689040339602091,0.0285285726880314,0.0784498100614246,0.1001227301479007,0.7691307776353422,0.0,0.0,0.0192369009384414,0.0027344243759786,predictive_alpha,constant,1,23005,0.0,1.0,1.0,0.03,0.01,0.0450359143472406,1.0,1.0,1.0,0.0904267580189877,0.242452781838969,0.1011364242050249,1.8989619183987425,0.0770059830927202,0.0785094674325291,30.606939566343463,1.457473312683022,0.018817776512835,14.338558873099718,45.0,0.0138047374654208,0.0496004981623083,0.1011364242050249,real10kg_smc_steady,real10kg_mpc_event,-1.0,-1.0,predictive_alpha,1.0,0.2547222097104193,0.2913248465935183,0.2237735875468379,0.0,transformer,16,True,2.5,1.0,0.75,real_10kg_v1,thruster,real_10kg_x,1.0,0.0465079365079365,0.1309523809523809,0.018817776512835,0.0026855428292208,0.0081192414395181,0.0125,0.0006709370336516,0.0948763794945973,0.0785094674325291,,,23,5,train23_eval5_scn1
startup_0_3s,0.0,3.0,300,0.115100426090722,0.1125213578569638,0.0242291583075193,0.9775928871738032,0.2105045057645743,0.0443121469471877,0.0997737481915367,0.2091644484599584,0.8437509336903836,0.0,0.0,0.0331024838023967,0.0047077451563539,predictive_alpha,constant,1,23006,0.0,1.0,1.0,0.03,0.01,0.0450467984597963,1.0,1.0,1.0,0.0883981849128686,0.2223587231630379,0.0978692295756392,1.8563618831702415,0.0770003002015042,0.0785050466903015,30.485858312774106,1.4517075387035288,0.0188433945089588,14.362235678644884,45.0,0.0138980821616512,0.0502864147895174,0.0978692295756392,real10kg_smc_steady,real10kg_mpc_event,-1.0,-1.0,predictive_alpha,1.0,0.2546295585286747,0.2913937737222216,0.2239045717495693,0.0,transformer,16,True,2.5,1.0,0.75,real_10kg_v1,thruster,real_10kg_x,1.0,0.0465079365079365,0.1309523809523809,0.0188433945089588,0.0027032916918911,0.0081023016979717,0.0125,0.0007115517673625,0.0946930080117133,0.0785050466903015,,,23,6,train23_eval6_scn1
pre_step_3_10s,3.0,10.0,700,0.0703166793867967,0.0699314389799223,0.0073504586375928,0.9945213509762704,0.1045336426818395,0.0109272824523345,0.0688207155560935,0.0996494758458514,1.0,0.0373809523809523,0.0857142857142857,0.0158311918325583,0.0024886391795038,predictive_alpha,constant,1,23006,0.0,1.0,1.0,0.03,0.01,0.0450467984597963,1.0,1.0,1.0,0.0883981849128686,0.2223587231630379,0.0978692295756392,1.8563618831702415,0.0770003002015042,0.0785050466903015,30.485858312774106,1.4517075387035288,0.0188433945089588,14.362235678644884,45.0,0.0138980821616512,0.0502864147895174,0.0978692295756392,real10kg_smc_steady,real10kg_mpc_event,-1.0,-1.0,predictive_alpha,1.0,0.2546295585286747,0.2913937737222216,0.2239045717495693,0.0,transformer,16,True,2.5,1.0,0.75,real_10kg_v1,thruster,real_10kg_x,1.0,0.0465079365079365,0.1309523809523809,0.0188433945089588,0.0027032916918911,0.0081023016979717,0.0125,0.0007115517673625,0.0946930080117133,0.0785050466903015,,,23,6,train23_eval6_scn1
step_recovery_10_13s,10.0,13.0,300,0.1597538377910961,0.1592585552205315,0.0125698559280824,0.996899714101315,0.0786826538998053,0.0061909600247165,0.15024363754066,0.2223587231630379,1.0,0.2383333333333333,0.7166666666666667,0.0109994165420236,0.0010217573802918,predictive_alpha,constant,1,23006,0.0,1.0,1.0,0.03,0.01,0.0450467984597963,1.0,1.0,1.0,0.0883981849128686,0.2223587231630379,0.0978692295756392,1.8563618831702415,0.0770003002015042,0.0785050466903015,30.485858312774106,1.4517075387035288,0.0188433945089588,14.362235678644884,45.0,0.0138980821616512,0.0502864147895174,0.0978692295756392,real10kg_smc_steady,real10kg_mpc_event,-1.0,-1.0,predictive_alpha,1.0,0.2546295585286747,0.2913937737222216,0.2239045717495693,0.0,transformer,16,True,2.5,1.0,0.75,real_10kg_v1,thruster,real_10kg_x,1.0,0.0465079365079365,0.1309523809523809,0.0188433945089588,0.0027032916918911,0.0081023016979717,0.0125,0.0007115517673625,0.0946930080117133,0.0785050466903015,,,23,6,train23_eval6_scn1
post_step_13_20p9s,13.0,20.9,790,0.0795645856412557,0.0784232112107055,0.0134284485948972,0.9856547429820532,0.1687741912644904,0.0284847276369828,0.0784709964016433,0.1003308212739284,0.7692844292563419,0.0,0.0,0.0192441875971811,0.0027219707565995,predictive_alpha,constant,1,23006,0.0,1.0,1.0,0.03,0.01,0.0450467984597963,1.0,1.0,1.0,0.0883981849128686,0.2223587231630379,0.0978692295756392,1.8563618831702415,0.0770003002015042,0.0785050466903015,30.485858312774106,1.4517075387035288,0.0188433945089588,14.362235678644884,45.0,0.0138980821616512,0.0502864147895174,0.0978692295756392,real10kg_smc_steady,real10kg_mpc_event,-1.0,-1.0,predictive_alpha,1.0,0.2546295585286747,0.2913937737222216,0.2239045717495693,0.0,transformer,16,True,2.5,1.0,0.75,real_10kg_v1,thruster,real_10kg_x,1.0,0.0465079365079365,0.1309523809523809,0.0188433945089588,0.0027032916918911,0.0081023016979717,0.0125,0.0007115517673625,0.0946930080117133,0.0785050466903015,,,23,6,train23_eval6_scn1
startup_0_3s,0.0,3.0,300,0.132011227569979,0.1297215675239291,0.0244801781788348,0.982655565831806,0.1854401222491316,0.0343880389397728,0.1119253708820857,0.2412519145566803,0.9006966592958984,0.0,0.0,0.0320855662965642,0.0045369452050646,predictive_alpha,constant,1,23007,0.0,1.0,1.0,0.03,0.01,0.0450596957477334,1.0,1.0,1.0,0.0901626572125605,0.2412519145566803,0.1010327043410826,1.8934158014637712,0.0770035057926619,0.0785062242670643,30.58563320852639,1.4564587242155422,0.0186361084575721,14.361307372789277,45.0,0.0139488776900952,0.0438177750039786,0.1010327043410826,real10kg_smc_steady,real10kg_mpc_event,-1.0,-1.0,predictive_alpha,1.0,0.2543750121869496,0.2908834113199994,0.2230652154437155,0.0,transformer,16,True,2.5,1.0,0.75,real_10kg_v1,thruster,real_10kg_x,1.0,0.0465079365079365,0.1309523809523809,0.0186361084575721,0.0026749579259305,0.0081286746538008,0.0125,0.0006964494177847,0.0948914179652859,0.0785062242670643,,,23,7,train23_eval7_scn1
pre_step_3_10s,3.0,10.0,700,0.070063344834527,0.0696852122104459,0.0072693526938065,0.994602989266726,0.1037540059067267,0.010764893741693,0.0685392101634751,0.0991441365016794,1.0,0.0373809523809523,0.0857142857142857,0.0156642327805547,0.0024667567770951,predictive_alpha,constant,1,23007,0.0,1.0,1.0,0.03,0.01,0.0450596957477334,1.0,1.0,1.0,0.0901626572125605,0.2412519145566803,0.1010327043410826,1.8934158014637712,0.0770035057926619,0.0785062242670643,30.58563320852639,1.4564587242155422,0.0186361084575721,14.361307372789277,45.0,0.0139488776900952,0.0438177750039786,0.1010327043410826,real10kg_smc_steady,real10kg_mpc_event,-1.0,-1.0,predictive_alpha,1.0,0.2543750121869496,0.2908834113199994,0.2230652154437155,0.0,transformer,16,True,2.5,1.0,0.75,real_10kg_v1,thruster,real_10kg_x,1.0,0.0465079365079365,0.1309523809523809,0.0186361084575721,0.0026749579259305,0.0081286746538008,0.0125,0.0006964494177847,0.0948914179652859,0.0785062242670643,,,23,7,train23_eval7_scn1
step_recovery_10_13s,10.0,13.0,300,0.160750040079262,0.1602567911110299,0.0125831748092469,0.9969315779455552,0.0782778953152512,0.0061274288949854,0.1511566143873905,0.2237211077516704,1.0,0.2383333333333333,0.7166666666666667,0.0109710735044406,0.0010746890320832,predictive_alpha,constant,1,23007,0.0,1.0,1.0,0.03,0.01,0.0450596957477334,1.0,1.0,1.0,0.0901626572125605,0.2412519145566803,0.1010327043410826,1.8934158014637712,0.0770035057926619,0.0785062242670643,30.58563320852639,1.4564587242155422,0.0186361084575721,14.361307372789277,45.0,0.0139488776900952,0.0438177750039786,0.1010327043410826,real10kg_smc_steady,real10kg_mpc_event,-1.0,-1.0,predictive_alpha,1.0,0.2543750121869496,0.2908834113199994,0.2230652154437155,0.0,transformer,16,True,2.5,1.0,0.75,real_10kg_v1,thruster,real_10kg_x,1.0,0.0465079365079365,0.1309523809523809,0.0186361084575721,0.0026749579259305,0.0081286746538008,0.0125,0.0006964494177847,0.0948914179652859,0.0785062242670643,,,23,7,train23_eval7_scn1
post_step_13_20p9s,13.0,20.9,790,0.079539414769194,0.0783968462064768,0.0134332798193109,0.9856351902257174,0.1688883411864587,0.0285232717887136,0.0784498313925864,0.1001059018537017,0.7689823794871467,0.0,0.0,0.019228532032649,0.0027306071595462,predictive_alpha,constant,1,23007,0.0,1.0,1.0,0.03,0.01,0.0450596957477334,1.0,1.0,1.0,0.0901626572125605,0.2412519145566803,0.1010327043410826,1.8934158014637712,0.0770035057926619,0.0785062242670643,30.58563320852639,1.4564587242155422,0.0186361084575721,14.361307372789277,45.0,0.0139488776900952,0.0438177750039786,0.1010327043410826,real10kg_smc_steady,real10kg_mpc_event,-1.0,-1.0,predictive_alpha,1.0,0.2543750121869496,0.2908834113199994,0.2230652154437155,0.0,transformer,16,True,2.5,1.0,0.75,real_10kg_v1,thruster,real_10kg_x,1.0,0.0465079365079365,0.1309523809523809,0.0186361084575721,0.0026749579259305,0.0081286746538008,0.0125,0.0006964494177847,0.0948914179652859,0.0785062242670643,,,23,7,train23_eval7_scn1
startup_0_3s,0.0,3.0,300,0.1246726827611992,0.1219731824677226,0.025803499483021,0.9783472992343696,0.2069699545364367,0.0428365620808146,0.1085648052991611,0.2250713052914439,0.9197223159004596,0.0,0.0,0.0344873890977334,0.0050817123796079,predictive_alpha,constant,1,23008,0.0,1.0,1.0,0.03,0.01,0.045015461200862,1.0,1.0,1.0,0.089752445017362,0.2250713052914439,0.09964834419684,1.8848013453646035,0.0770098122896981,0.0785140062879304,30.57830026430542,1.456109536395496,0.0190133022694978,14.299036537900609,45.0,0.0143096617780355,0.05337902494419,0.09964834419684,real10kg_smc_steady,real10kg_mpc_event,-1.0,-1.0,predictive_alpha,1.0,0.255064006842971,0.2918822495932784,0.2248341046138444,0.0,transformer,16,True,2.5,1.0,0.75,real_10kg_v1,thruster,real_10kg_x,1.0,0.0465079365079365,0.1309523809523809,0.0190133022694978,0.0027466137927278,0.0081014825328764,0.0125,0.0006933448684865,0.0948378174229815,0.0785140062879304,,,23,8,train23_eval8_scn1
pre_step_3_10s,3.0,10.0,700,0.0706548006110131,0.0702668193695899,0.0073942508115057,0.9945087773503276,0.104653197625091,0.0109522917731563,0.0690534787531852,0.1011353128342977,1.0,0.0373809523809523,0.0857142857142857,0.0157226959847723,0.0024660828544754,predictive_alpha,constant,1,23008,0.0,1.0,1.0,0.03,0.01,0.045015461200862,1.0,1.0,1.0,0.089752445017362,0.2250713052914439,0.09964834419684,1.8848013453646035,0.0770098122896981,0.0785140062879304,30.57830026430542,1.456109536395496,0.0190133022694978,14.299036537900609,45.0,0.0143096617780355,0.05337902494419,0.09964834419684,real10kg_smc_steady,real10kg_mpc_event,-1.0,-1.0,predictive_alpha,1.0,0.255064006842971,0.2918822495932784,0.2248341046138444,0.0,transformer,16,True,2.5,1.0,0.75,real_10kg_v1,thruster,real_10kg_x,1.0,0.0465079365079365,0.1309523809523809,0.0190133022694978,0.0027466137927278,0.0081014825328764,0.0125,0.0006933448684865,0.0948378174229815,0.0785140062879304,,,23,8,train23_eval8_scn1
step_recovery_10_13s,10.0,13.0,300,0.1599336929533373,0.1594368629872338,0.0125965416873992,0.9968935253295976,0.0787610256149996,0.0062032991559266,0.1504086896583149,0.2226208984641288,1.0,0.2383333333333333,0.7166666666666667,0.0110099381030231,0.0010473132687174,predictive_alpha,constant,1,23008,0.0,1.0,1.0,0.03,0.01,0.045015461200862,1.0,1.0,1.0,0.089752445017362,0.2250713052914439,0.09964834419684,1.8848013453646035,0.0770098122896981,0.0785140062879304,30.57830026430542,1.456109536395496,0.0190133022694978,14.299036537900609,45.0,0.0143096617780355,0.05337902494419,0.09964834419684,real10kg_smc_steady,real10kg_mpc_event,-1.0,-1.0,predictive_alpha,1.0,0.255064006842971,0.2918822495932784,0.2248341046138444,0.0,transformer,16,True,2.5,1.0,0.75,real_10kg_v1,thruster,real_10kg_x,1.0,0.0465079365079365,0.1309523809523809,0.0190133022694978,0.0027466137927278,0.0081014825328764,0.0125,0.0006933448684865,0.0948378174229815,0.0785140062879304,,,23,8,train23_eval8_scn1
post_step_13_20p9s,13.0,20.9,790,0.0795551525851924,0.0784127271261751,0.0134337830669264,0.9856398307099734,0.1688612570070901,0.0285141241180145,0.0784639935435193,0.1001373290850297,0.7692622923234655,0.0,0.0,0.0192431082746281,0.002736863253942,predictive_alpha,constant,1,23008,0.0,1.0,1.0,0.03,0.01,0.045015461200862,1.0,1.0,1.0,0.089752445017362,0.2250713052914439,0.09964834419684,1.8848013453646035,0.0770098122896981,0.0785140062879304,30.57830026430542,1.456109536395496,0.0190133022694978,14.299036537900609,45.0,0.0143096617780355,0.05337902494419,0.09964834419684,real10kg_smc_steady,real10kg_mpc_event,-1.0,-1.0,predictive_alpha,1.0,0.255064006842971,0.2918822495932784,0.2248341046138444,0.0,transformer,16,True,2.5,1.0,0.75,real_10kg_v1,thruster,real_10kg_x,1.0,0.0465079365079365,0.1309523809523809,0.0190133022694978,0.0027466137927278,0.0081014825328764,0.0125,0.0006933448684865,0.0948378174229815,0.0785140062879304,,,23,8,train23_eval8_scn1
startup_0_3s,0.0,3.0,300,0.1186778070358814,0.1155179206427664,0.0272035272201499,0.973374243491374,0.2292216876903124,0.0525425821075951,0.1037350030083346,0.2133641392740407,0.8662169914454235,0.0,0.0,0.0344050395975265,0.0050131274418088,predictive_alpha,constant,1,23009,0.0,1.0,1.0,0.03,0.01,0.0450087480843525,1.0,1.0,1.0,0.0889833778633927,0.2216629658985896,0.0984296558205858,1.8686509351312472,0.0770087698764796,0.0785130149840405,30.51288748110312,1.4529946419572912,0.0190143995672474,14.291023968358582,45.0,0.0146752745640257,0.0532853578094287,0.0984296558205858,real10kg_smc_steady,real10kg_mpc_event,-1.0,-1.0,predictive_alpha,1.0,0.2550075291735638,0.2918436314741389,0.2243174576471072,0.0,transformer,16,True,2.5,1.0,0.75,real_10kg_v1,thruster,real_10kg_x,1.0,0.0463492063492063,0.1304761904761904,0.0190143995672474,0.0027646267325671,0.0081033923233223,0.0125,0.0006967709424986,0.0946346995309393,0.0785130149840405,,,23,9,train23_eval9_scn1
pre_step_3_10s,3.0,10.0,700,0.0706390202191174,0.0702499049246929,0.0074041904073625,0.9944914964389732,0.1048172863156266,0.010986663510572,0.069096100837143,0.1005887907248363,1.0,0.0371428571428571,0.0857142857142857,0.0157872264053061,0.0024912255238995,predictive_alpha,constant,1,23009,0.0,1.0,1.0,0.03,0.01,0.0450087480843525,1.0,1.0,1.0,0.0889833778633927,0.2216629658985896,0.0984296558205858,1.8686509351312472,0.0770087698764796,0.0785130149840405,30.51288748110312,1.4529946419572912,0.0190143995672474,14.291023968358582,45.0,0.0146752745640257,0.0532853578094287,0.0984296558205858,real10kg_smc_steady,real10kg_mpc_event,-1.0,-1.0,predictive_alpha,1.0,0.2550075291735638,0.2918436314741389,0.2243174576471072,0.0,transformer,16,True,2.5,1.0,0.75,real_10kg_v1,thruster,real_10kg_x,1.0,0.0463492063492063,0.1304761904761904,0.0190143995672474,0.0027646267325671,0.0081033923233223,0.0125,0.0006967709424986,0.0946346995309393,0.0785130149840405,,,23,9,train23_eval9_scn1
step_recovery_10_13s,10.0,13.0,300,0.1592230822946604,0.1587253212561862,0.0125802355913031,0.9968738135746358,0.0790101247256472,0.0062425998091623,0.1497507801725109,0.2216629658985896,1.0,0.2377777777777777,0.7133333333333334,0.0110260329576642,0.0010284348000483,predictive_alpha,constant,1,23009,0.0,1.0,1.0,0.03,0.01,0.0450087480843525,1.0,1.0,1.0,0.0889833778633927,0.2216629658985896,0.0984296558205858,1.8686509351312472,0.0770087698764796,0.0785130149840405,30.51288748110312,1.4529946419572912,0.0190143995672474,14.291023968358582,45.0,0.0146752745640257,0.0532853578094287,0.0984296558205858,real10kg_smc_steady,real10kg_mpc_event,-1.0,-1.0,predictive_alpha,1.0,0.2550075291735638,0.2918436314741389,0.2243174576471072,0.0,transformer,16,True,2.5,1.0,0.75,real_10kg_v1,thruster,real_10kg_x,1.0,0.0463492063492063,0.1304761904761904,0.0190143995672474,0.0027646267325671,0.0081033923233223,0.0125,0.0006967709424986,0.0946346995309393,0.0785130149840405,,,23,9,train23_eval9_scn1
post_step_13_20p9s,13.0,20.9,790,0.0795576812914776,0.0784154104076242,0.0134330958114719,0.9856422300736944,0.1688472513704454,0.0285093942953544,0.0784657016981475,0.1001456157428018,0.7685594704805984,0.0,0.0,0.0192527556141894,0.0027540563036779,predictive_alpha,constant,1,23009,0.0,1.0,1.0,0.03,0.01,0.0450087480843525,1.0,1.0,1.0,0.0889833778633927,0.2216629658985896,0.0984296558205858,1.8686509351312472,0.0770087698764796,0.0785130149840405,30.51288748110312,1.4529946419572912,0.0190143995672474,14.291023968358582,45.0,0.0146752745640257,0.0532853578094287,0.0984296558205858,real10kg_smc_steady,real10kg_mpc_event,-1.0,-1.0,predictive_alpha,1.0,0.2550075291735638,0.2918436314741389,0.2243174576471072,0.0,transformer,16,True,2.5,1.0,0.75,real_10kg_v1,thruster,real_10kg_x,1.0,0.0463492063492063,0.1304761904761904,0.0190143995672474,0.0027646267325671,0.0081033923233223,0.0125,0.0006967709424986,0.0946346995309393,0.0785130149840405,,,23,9,train23_eval9_scn1
startup_0_3s,0.0,3.0,300,0.1221345565438236,0.119683708213061,0.0243446070111496,0.9799332113685352,0.199326117849492,0.0397309012569495,0.1079637902197923,0.2165792215885336,0.7832180454593116,0.0,0.0,0.0306181572584841,0.0044664243857415,predictive_alpha,sinusoidal,2,23000,0.0,1.0,1.0,0.03,0.01,0.3770772321178753,1.0,1.0,1.0,0.0826594096862981,0.3770772321178753,0.0944084407540679,1.735847603412262,0.1090368695299946,0.1283055055300138,39.20288310595275,1.866803957426321,0.0175030808654468,13.220921481520923,45.0,0.0138117876283001,0.0495022557362695,0.0944084407540679,real10kg_smc_steady,real10kg_mpc_event,-1.0,-1.0,predictive_alpha,1.0,0.2336670287802405,0.2680473089202193,0.2120043666431004,0.0,transformer,16,True,2.5,1.0,0.75,real_10kg_v1,thruster,real_10kg_x,1.0,0.0758730158730158,0.2247619047619047,0.0175030808654468,0.002328128662614,0.0074945957256277,0.0125,0.0006857344158945,0.0889511344289137,0.1283055055300138,,,23,0,train23_eval0_scn2
pre_step_3_10s,3.0,10.0,700,0.0758781803483403,0.0754419940291408,0.0081242716524213,0.9942514920996124,0.1070699325566921,0.0114639704576946,0.0728828730163039,0.0963025868634133,1.0,0.1052380952380952,0.3628571428571429,0.0114449394713465,0.0013423011028364,predictive_alpha,sinusoidal,2,23000,0.0,1.0,1.0,0.03,0.01,0.3770772321178753,1.0,1.0,1.0,0.0826594096862981,0.3770772321178753,0.0944084407540679,1.735847603412262,0.1090368695299946,0.1283055055300138,39.20288310595275,1.866803957426321,0.0175030808654468,13.220921481520923,45.0,0.0138117876283001,0.0495022557362695,0.0944084407540679,real10kg_smc_steady,real10kg_mpc_event,-1.0,-1.0,predictive_alpha,1.0,0.2336670287802405,0.2680473089202193,0.2120043666431004,0.0,transformer,16,True,2.5,1.0,0.75,real_10kg_v1,thruster,real_10kg_x,1.0,0.0758730158730158,0.2247619047619047,0.0175030808654468,0.002328128662614,0.0074945957256277,0.0125,0.0006857344158945,0.0889511344289137,0.1283055055300138,,,23,0,train23_eval0_scn2
step_recovery_10_13s,10.0,13.0,300,0.0566984768120382,0.0552404350778532,0.0127754297467724,0.974284287406546,0.2253222743377112,0.0507701273127187,0.0499031501077871,0.0890339099339683,1.0,0.1055555555555555,0.32,0.0134153908577072,0.0013774861233084,predictive_alpha,sinusoidal,2,23000,0.0,1.0,1.0,0.03,0.01,0.3770772321178753,1.0,1.0,1.0,0.0826594096862981,0.3770772321178753,0.0944084407540679,1.735847603412262,0.1090368695299946,0.1283055055300138,39.20288310595275,1.866803957426321,0.0175030808654468,13.220921481520923,45.0,0.0138117876283001,0.0495022557362695,0.0944084407540679,real10kg_smc_steady,real10kg_mpc_event,-1.0,-1.0,predictive_alpha,1.0,0.2336670287802405,0.2680473089202193,0.2120043666431004,0.0,transformer,16,True,2.5,1.0,0.75,real_10kg_v1,thruster,real_10kg_x,1.0,0.0758730158730158,0.2247619047619047,0.0175030808654468,0.002328128662614,0.0074945957256277,0.0125,0.0006857344158945,0.0889511344289137,0.1283055055300138,,,23,0,train23_eval0_scn2
post_step_13_20p9s,13.0,20.9,790,0.1004110520800646,0.0996059306263674,0.0126900734387451,0.991981744668353,0.126381241664777,0.0159722182447307,0.0906679406080277,0.3347468060589348,1.0,0.0620253164556962,0.1417721518987341,0.0196799772480134,0.0027825490286937,predictive_alpha,sinusoidal,2,23000,0.0,1.0,1.0,0.03,0.01,0.3770772321178753,1.0,1.0,1.0,0.0826594096862981,0.3770772321178753,0.0944084407540679,1.735847603412262,0.1090368695299946,0.1283055055300138,39.20288310595275,1.866803957426321,0.0175030808654468,13.220921481520923,45.0,0.0138117876283001,0.0495022557362695,0.0944084407540679,real10kg_smc_steady,real10kg_mpc_event,-1.0,-1.0,predictive_alpha,1.0,0.2336670287802405,0.2680473089202193,0.2120043666431004,0.0,transformer,16,True,2.5,1.0,0.75,real_10kg_v1,thruster,real_10kg_x,1.0,0.0758730158730158,0.2247619047619047,0.0175030808654468,0.002328128662614,0.0074945957256277,0.0125,0.0006857344158945,0.0889511344289137,0.1283055055300138,,,23,0,train23_eval0_scn2
startup_0_3s,0.0,3.0,300,0.1180162829199555,0.1154800853556122,0.0243350142901849,0.9785097657578024,0.2062004808835587,0.0425186383166108,0.1043659246613893,0.2095902115201121,0.7716283840025058,0.0,0.0,0.031447750452412,0.0047451563129003,predictive_alpha,sinusoidal,2,23001,0.0,1.0,1.0,0.03,0.01,0.3770938782767796,1.0,1.0,1.0,0.0820341437178897,0.3770938782767796,0.0935623070740604,1.722717018075685,0.109039880295349,0.1283112041305135,39.1840542872451,1.8659073470116716,0.0176464148576454,13.261735891222642,45.0,0.013801486633337,0.0520050659682105,0.0935623070740604,real10kg_smc_steady,real10kg_mpc_event,-1.0,-1.0,predictive_alpha,1.0,0.2337817101556554,0.2680307837130737,0.213374441301816,0.0,transformer,16,True,2.5,1.0,0.75,real_10kg_v1,thruster,real_10kg_x,1.0,0.0753968253968253,0.2233333333333333,0.0176464148576454,0.0023648879997369,0.0075095073194442,0.0125,0.0006653707305175,0.0888345785724816,0.1283112041305135,,,23,1,train23_eval1_scn2
pre_step_3_10s,3.0,10.0,700,0.0754808607306764,0.0750468724403816,0.0080825289087548,0.9942503531876336,0.1070805079660415,0.0114662351862654,0.0725061120262085,0.096068303180556,1.0,0.1038095238095238,0.3585714285714286,0.0115072281960874,0.0013361288987189,predictive_alpha,sinusoidal,2,23001,0.0,1.0,1.0,0.03,0.01,0.3770938782767796,1.0,1.0,1.0,0.0820341437178897,0.3770938782767796,0.0935623070740604,1.722717018075685,0.109039880295349,0.1283112041305135,39.1840542872451,1.8659073470116716,0.0176464148576454,13.261735891222642,45.0,0.013801486633337,0.0520050659682105,0.0935623070740604,real10kg_smc_steady,real10kg_mpc_event,-1.0,-1.0,predictive_alpha,1.0,0.2337817101556554,0.2680307837130737,0.213374441301816,0.0,transformer,16,True,2.5,1.0,0.75,real_10kg_v1,thruster,real_10kg_x,1.0,0.0753968253968253,0.2233333333333333,0.0176464148576454,0.0023648879997369,0.0075095073194442,0.0125,0.0006653707305175,0.0888345785724816,0.1283112041305135,,,23,1,train23_eval1_scn2
step_recovery_10_13s,10.0,13.0,300,0.0568233928608996,0.0553683527643273,0.0127766775176154,0.9743936427707842,0.2248489024386843,0.0505570289278809,0.0500015121696491,0.0892043391445538,1.0,0.1055555555555555,0.32,0.0134402184767601,0.0013723441464684,predictive_alpha,sinusoidal,2,23001,0.0,1.0,1.0,0.03,0.01,0.3770938782767796,1.0,1.0,1.0,0.0820341437178897,0.3770938782767796,0.0935623070740604,1.722717018075685,0.109039880295349,0.1283112041305135,39.1840542872451,1.8659073470116716,0.0176464148576454,13.261735891222642,45.0,0.013801486633337,0.0520050659682105,0.0935623070740604,real10kg_smc_steady,real10kg_mpc_event,-1.0,-1.0,predictive_alpha,1.0,0.2337817101556554,0.2680307837130737,0.213374441301816,0.0,transformer,16,True,2.5,1.0,0.75,real_10kg_v1,thruster,real_10kg_x,1.0,0.0753968253968253,0.2233333333333333,0.0176464148576454,0.0023648879997369,0.0075095073194442,0.0125,0.0006653707305175,0.0888345785724816,0.1283112041305135,,,23,1,train23_eval1_scn2
post_step_13_20p9s,13.0,20.9,790,0.100413671827991,0.0996085269898249,0.0126904231961273,0.9919817209797352,0.1263814275994818,0.015972265242083,0.0906683802382939,0.3347660151028701,1.0,0.0620253164556962,0.1417721518987341,0.0196814403593105,0.0027823743316318,predictive_alpha,sinusoidal,2,23001,0.0,1.0,1.0,0.03,0.01,0.3770938782767796,1.0,1.0,1.0,0.0820341437178897,0.3770938782767796,0.0935623070740604,1.722717018075685,0.109039880295349,0.1283112041305135,39.1840542872451,1.8659073470116716,0.0176464148576454,13.261735891222642,45.0,0.013801486633337,0.0520050659682105,0.0935623070740604,real10kg_smc_steady,real10kg_mpc_event,-1.0,-1.0,predictive_alpha,1.0,0.2337817101556554,0.2680307837130737,0.213374441301816,0.0,transformer,16,True,2.5,1.0,0.75,real_10kg_v1,thruster,real_10kg_x,1.0,0.0753968253968253,0.2233333333333333,0.0176464148576454,0.0023648879997369,0.0075095073194442,0.0125,0.0006653707305175,0.0888345785724816,0.1283112041305135,,,23,1,train23_eval1_scn2
startup_0_3s,0.0,3.0,300,0.1227218649683554,0.1198010542114519,0.0266151000587264,0.9761997525244858,0.2168733343939101,0.0470340431711327,0.10695528607601,0.2225319013893209,0.8059375617534271,0.0,0.0,0.0332972309547783,0.0044473343413408,predictive_alpha,sinusoidal,2,23002,0.0,1.0,1.0,0.03,0.01,0.3799193020571783,1.0,1.0,1.0,0.0818215837088315,0.3799193020571783,0.0941018025588717,1.718253257885463,0.1094518084592454,0.1291930918384641,39.26819672277709,1.869914129656052,0.0181208047157725,13.653411978912056,45.0,0.0142667015843549,0.0556773342062031,0.0941018025588717,real10kg_smc_steady,real10kg_mpc_event,-1.0,-1.0,predictive_alpha,1.0,0.2385735581445229,0.267696499219673,0.2147761883938385,0.0,transformer,16,True,2.5,1.0,0.75,real_10kg_v1,thruster,real_10kg_x,1.0,0.0743650793650793,0.2209523809523809,0.0181208047157725,0.0023520090446344,0.0076856004229096,0.0125,0.0006714024017971,0.0884358416899796,0.1291930918384641,,,23,2,train23_eval2_scn2
pre_step_3_10s,3.0,10.0,700,0.0730756887756563,0.0726878034797326,0.0075192762503021,0.9946920062961768,0.1028970971917418,0.0105878126104867,0.0701982743745845,0.0959184179416613,1.0,0.1026190476190476,0.3514285714285714,0.012047602897226,0.0014308077753717,predictive_alpha,sinusoidal,2,23002,0.0,1.0,1.0,0.03,0.01,0.3799193020571783,1.0,1.0,1.0,0.0818215837088315,0.3799193020571783,0.0941018025588717,1.718253257885463,0.1094518084592454,0.1291930918384641,39.26819672277709,1.869914129656052,0.0181208047157725,13.653411978912056,45.0,0.0142667015843549,0.0556773342062031,0.0941018025588717,real10kg_smc_steady,real10kg_mpc_event,-1.0,-1.0,predictive_alpha,1.0,0.2385735581445229,0.267696499219673,0.2147761883938385,0.0,transformer,16,True,2.5,1.0,0.75,real_10kg_v1,thruster,real_10kg_x,1.0,0.0743650793650793,0.2209523809523809,0.0181208047157725,0.0023520090446344,0.0076856004229096,0.0125,0.0006714024017971,0.0884358416899796,0.1291930918384641,,,23,2,train23_eval2_scn2
step_recovery_10_13s,10.0,13.0,300,0.0576757656396032,0.0562992162478123,0.0125256613396859,0.976132967173899,0.2171737332097968,0.04716443039628,0.0508002535625524,0.0904917561309185,1.0,0.1061111111111111,0.32,0.0134104771623796,0.0013236976929056,predictive_alpha,sinusoidal,2,23002,0.0,1.0,1.0,0.03,0.01,0.3799193020571783,1.0,1.0,1.0,0.0818215837088315,0.3799193020571783,0.0941018025588717,1.718253257885463,0.1094518084592454,0.1291930918384641,39.26819672277709,1.869914129656052,0.0181208047157725,13.653411978912056,45.0,0.0142667015843549,0.0556773342062031,0.0941018025588717,real10kg_smc_steady,real10kg_mpc_event,-1.0,-1.0,predictive_alpha,1.0,0.2385735581445229,0.267696499219673,0.2147761883938385,0.0,transformer,16,True,2.5,1.0,0.75,real_10kg_v1,thruster,real_10kg_x,1.0,0.0743650793650793,0.2209523809523809,0.0181208047157725,0.0023520090446344,0.0076856004229096,0.0125,0.0006714024017971,0.0884358416899796,0.1291930918384641,,,23,2,train23_eval2_scn2
post_step_13_20p9s,13.0,20.9,790,0.1008678449666667,0.1000620431784256,0.0127243728009827,0.992011311548221,0.1261489506907551,0.0159135577603785,0.0908239481353755,0.3379273320731316,1.0,0.060126582278481,0.1417721518987341,0.0197554908933838,0.0027910857082543,predictive_alpha,sinusoidal,2,23002,0.0,1.0,1.0,0.03,0.01,0.3799193020571783,1.0,1.0,1.0,0.0818215837088315,0.3799193020571783,0.0941018025588717,1.718253257885463,0.1094518084592454,0.1291930918384641,39.26819672277709,1.869914129656052,0.0181208047157725,13.653411978912056,45.0,0.0142667015843549,0.0556773342062031,0.0941018025588717,real10kg_smc_steady,real10kg_mpc_event,-1.0,-1.0,predictive_alpha,1.0,0.2385735581445229,0.267696499219673,0.2147761883938385,0.0,transformer,16,True,2.5,1.0,0.75,real_10kg_v1,thruster,real_10kg_x,1.0,0.0743650793650793,0.2209523809523809,0.0181208047157725,0.0023520090446344,0.0076856004229096,0.0125,0.0006714024017971,0.0884358416899796,0.1291930918384641,,,23,2,train23_eval2_scn2
startup_0_3s,0.0,3.0,300,0.1121282839866605,0.1083830025711775,0.0287380727163344,0.9665982454888136,0.256296374960606,0.0656878318179475,0.0995402338872133,0.1998907413044169,0.7467102753106385,0.0,0.0,0.0337146124416271,0.005140238962587,predictive_alpha,sinusoidal,2,23003,0.0,1.0,1.0,0.03,0.01,0.3798326975451166,1.0,1.0,1.0,0.0808095451079085,0.3798326975451166,0.0922309551975486,1.6970004472660796,0.1093858134307943,0.1291270359003209,39.2187139674416,1.8675578079734092,0.0181418363446966,13.615467369475803,45.0,0.0148676717819616,0.055164770877275,0.0922309551975486,real10kg_smc_steady,real10kg_mpc_event,-1.0,-1.0,predictive_alpha,1.0,0.2372163381371487,0.2667037096507654,0.2151175784448804,0.0,transformer,16,True,2.5,1.0,0.75,real_10kg_v1,thruster,real_10kg_x,1.0,0.0743650793650793,0.22,0.0181418363446966,0.0024523177611095,0.0076580183891139,0.0125,0.0006793288793046,0.0884807809703821,0.1291270359003209,,,23,3,train23_eval3_scn2
pre_step_3_10s,3.0,10.0,700,0.073264060250529,0.0728675425917523,0.0076120799412712,0.9945878285011672,0.103899236750482,0.0107950513973327,0.0703859479900976,0.0956168357504651,1.0,0.1026190476190476,0.3485714285714286,0.0119531733854175,0.0014389445844506,predictive_alpha,sinusoidal,2,23003,0.0,1.0,1.0,0.03,0.01,0.3798326975451166,1.0,1.0,1.0,0.0808095451079085,0.3798326975451166,0.0922309551975486,1.6970004472660796,0.1093858134307943,0.1291270359003209,39.2187139674416,1.8675578079734092,0.0181418363446966,13.615467369475803,45.0,0.0148676717819616,0.055164770877275,0.0922309551975486,real10kg_smc_steady,real10kg_mpc_event,-1.0,-1.0,predictive_alpha,1.0,0.2372163381371487,0.2667037096507654,0.2151175784448804,0.0,transformer,16,True,2.5,1.0,0.75,real_10kg_v1,thruster,real_10kg_x,1.0,0.0743650793650793,0.22,0.0181418363446966,0.0024523177611095,0.0076580183891139,0.0125,0.0006793288793046,0.0884807809703821,0.1291270359003209,,,23,3,train23_eval3_scn2
step_recovery_10_13s,10.0,13.0,300,0.0576769263554609,0.0562754788545325,0.012637179808261,0.9757017651687732,0.2191028649893475,0.0480060654465402,0.0507347939671102,0.090493148893952,1.0,0.1061111111111111,0.32,0.013447657682412,0.0013351744013846,predictive_alpha,sinusoidal,2,23003,0.0,1.0,1.0,0.03,0.01,0.3798326975451166,1.0,1.0,1.0,0.0808095451079085,0.3798326975451166,0.0922309551975486,1.6970004472660796,0.1093858134307943,0.1291270359003209,39.2187139674416,1.8675578079734092,0.0181418363446966,13.615467369475803,45.0,0.0148676717819616,0.055164770877275,0.0922309551975486,real10kg_smc_steady,real10kg_mpc_event,-1.0,-1.0,predictive_alpha,1.0,0.2372163381371487,0.2667037096507654,0.2151175784448804,0.0,transformer,16,True,2.5,1.0,0.75,real_10kg_v1,thruster,real_10kg_x,1.0,0.0743650793650793,0.22,0.0181418363446966,0.0024523177611095,0.0076580183891139,0.0125,0.0006793288793046,0.0884807809703821,0.1291270359003209,,,23,3,train23_eval3_scn2
post_step_13_20p9s,13.0,20.9,790,0.1008402067756652,0.1000363427093499,0.0127073773807351,0.9920283377829276,0.1260149873453226,0.0158797770356418,0.0908092166762866,0.3378393986931168,1.0,0.060126582278481,0.1417721518987341,0.0197381768896453,0.0027808743151627,predictive_alpha,sinusoidal,2,23003,0.0,1.0,1.0,0.03,0.01,0.3798326975451166,1.0,1.0,1.0,0.0808095451079085,0.3798326975451166,0.0922309551975486,1.6970004472660796,0.1093858134307943,0.1291270359003209,39.2187139674416,1.8675578079734092,0.0181418363446966,13.615467369475803,45.0,0.0148676717819616,0.055164770877275,0.0922309551975486,real10kg_smc_steady,real10kg_mpc_event,-1.0,-1.0,predictive_alpha,1.0,0.2372163381371487,0.2667037096507654,0.2151175784448804,0.0,transformer,16,True,2.5,1.0,0.75,real_10kg_v1,thruster,real_10kg_x,1.0,0.0743650793650793,0.22,0.0181418363446966,0.0024523177611095,0.0076580183891139,0.0125,0.0006793288793046,0.0884807809703821,0.1291270359003209,,,23,3,train23_eval3_scn2
startup_0_3s,0.0,3.0,300,0.1186977798794316,0.1161108373682005,0.0246462247405416,0.978205636922116,0.2076384643889403,0.0431137318937972,0.1040241031991161,0.2114423711801966,0.7790215838157512,0.0,0.0,0.0302263802302284,0.0044426189983998,predictive_alpha,sinusoidal,2,23004,0.0,1.0,1.0,0.03,0.01,0.3770098314599496,1.0,1.0,1.0,0.0819879699659412,0.3770098314599496,0.0936789683981622,1.721747369284766,0.1090327599319358,0.1282890984905076,39.18371682034421,1.865891277159248,0.0174677252960907,13.25533897789369,45.0,0.0138759680177202,0.0500429056043581,0.0936789683981622,real10kg_smc_steady,real10kg_mpc_event,-1.0,-1.0,predictive_alpha,1.0,0.2332251037891318,0.2679704121149424,0.2103944118983955,0.0,transformer,16,True,2.5,1.0,0.75,real_10kg_v1,thruster,real_10kg_x,1.0,0.0745238095238095,0.2176190476190476,0.0174677252960907,0.0023254482695604,0.0074849939838021,0.0125,0.0006833345896941,0.0888266860171172,0.1282890984905076,,,23,4,train23_eval4_scn2
pre_step_3_10s,3.0,10.0,700,0.0755227524942601,0.0750901557385956,0.0080718433745167,0.9942719678325098,0.1068796237945679,0.0114232539824683,0.0725609683980298,0.096274489816352,1.0,0.1011904761904761,0.3414285714285714,0.0115041972536733,0.0013482879548077,predictive_alpha,sinusoidal,2,23004,0.0,1.0,1.0,0.03,0.01,0.3770098314599496,1.0,1.0,1.0,0.0819879699659412,0.3770098314599496,0.0936789683981622,1.721747369284766,0.1090327599319358,0.1282890984905076,39.18371682034421,1.865891277159248,0.0174677252960907,13.25533897789369,45.0,0.0138759680177202,0.0500429056043581,0.0936789683981622,real10kg_smc_steady,real10kg_mpc_event,-1.0,-1.0,predictive_alpha,1.0,0.2332251037891318,0.2679704121149424,0.2103944118983955,0.0,transformer,16,True,2.5,1.0,0.75,real_10kg_v1,thruster,real_10kg_x,1.0,0.0745238095238095,0.2176190476190476,0.0174677252960907,0.0023254482695604,0.0074849939838021,0.0125,0.0006833345896941,0.0888266860171172,0.1282890984905076,,,23,4,train23_eval4_scn2
step_recovery_10_13s,10.0,13.0,300,0.0566833049831092,0.05522909087657,0.0127571385802514,0.9743449308932765,0.2250598934563345,0.0506519556425766,0.049896673039861,0.0890073521103238,1.0,0.1055555555555555,0.32,0.0134088943946866,0.0013753828234422,predictive_alpha,sinusoidal,2,23004,0.0,1.0,1.0,0.03,0.01,0.3770098314599496,1.0,1.0,1.0,0.0819879699659412,0.3770098314599496,0.0936789683981622,1.721747369284766,0.1090327599319358,0.1282890984905076,39.18371682034421,1.865891277159248,0.0174677252960907,13.25533897789369,45.0,0.0138759680177202,0.0500429056043581,0.0936789683981622,real10kg_smc_steady,real10kg_mpc_event,-1.0,-1.0,predictive_alpha,1.0,0.2332251037891318,0.2679704121149424,0.2103944118983955,0.0,transformer,16,True,2.5,1.0,0.75,real_10kg_v1,thruster,real_10kg_x,1.0,0.0745238095238095,0.2176190476190476,0.0174677252960907,0.0023254482695604,0.0074849939838021,0.0125,0.0006833345896941,0.0888266860171172,0.1282890984905076,,,23,4,train23_eval4_scn2
post_step_13_20p9s,13.0,20.9,790,0.1004039266997761,0.0995985015883722,0.0126920044943669,0.9919781512747778,0.1264094434505341,0.0159793473934737,0.0906677765500453,0.3346714452838365,1.0,0.0620253164556962,0.1417721518987341,0.0196837860832477,0.0027796147508558,predictive_alpha,sinusoidal,2,23004,0.0,1.0,1.0,0.03,0.01,0.3770098314599496,1.0,1.0,1.0,0.0819879699659412,0.3770098314599496,0.0936789683981622,1.721747369284766,0.1090327599319358,0.1282890984905076,39.18371682034421,1.865891277159248,0.0174677252960907,13.25533897789369,45.0,0.0138759680177202,0.0500429056043581,0.0936789683981622,real10kg_smc_steady,real10kg_mpc_event,-1.0,-1.0,predictive_alpha,1.0,0.2332251037891318,0.2679704121149424,0.2103944118983955,0.0,transformer,16,True,2.5,1.0,0.75,real_10kg_v1,thruster,real_10kg_x,1.0,0.0745238095238095,0.2176190476190476,0.0174677252960907,0.0023254482695604,0.0074849939838021,0.0125,0.0006833345896941,0.0888266860171172,0.1282890984905076,,,23,4,train23_eval4_scn2
startup_0_3s,0.0,3.0,300,0.128203913501875,0.1256829373269363,0.025299065241025,0.9803361995271556,0.1973345785630411,0.038940935896653,0.1111322258085323,0.2334999355786664,0.83158691310715,0.0,0.0,0.0318445927320917,0.0040629984644379,predictive_alpha,sinusoidal,2,23005,0.0,1.0,1.0,0.03,0.01,0.3799562379193547,1.0,1.0,1.0,0.0826088001508973,0.3799562379193547,0.0953045110838572,1.7347848031688435,0.1094555358133166,0.1292032098951564,39.280522498384165,1.8705010713516268,0.017843401163166,13.535630743177556,45.0,0.0139433473561783,0.0530331592111918,0.0953045110838572,real10kg_smc_steady,real10kg_mpc_event,-1.0,-1.0,predictive_alpha,1.0,0.2376802667294837,0.268292991069223,0.2132647684104519,0.0,transformer,16,True,2.5,1.0,0.75,real_10kg_v1,thruster,real_10kg_x,1.0,0.0743650793650793,0.2195238095238095,0.017843401163166,0.0022884126266875,0.0076055705408205,0.0125,0.0006684285048935,0.0886419815825954,0.1292032098951564,,,23,5,train23_eval5_scn2
pre_step_3_10s,3.0,10.0,700,0.073680079369217,0.0732827673991183,0.0076413413862253,0.9946076066489052,0.1037097333722182,0.0107557087961366,0.0707439078903013,0.0955424045070988,1.0,0.1023809523809523,0.3457142857142857,0.0118264150776229,0.001406759458089,predictive_alpha,sinusoidal,2,23005,0.0,1.0,1.0,0.03,0.01,0.3799562379193547,1.0,1.0,1.0,0.0826088001508973,0.3799562379193547,0.0953045110838572,1.7347848031688435,0.1094555358133166,0.1292032098951564,39.280522498384165,1.8705010713516268,0.017843401163166,13.535630743177556,45.0,0.0139433473561783,0.0530331592111918,0.0953045110838572,real10kg_smc_steady,real10kg_mpc_event,-1.0,-1.0,predictive_alpha,1.0,0.2376802667294837,0.268292991069223,0.2132647684104519,0.0,transformer,16,True,2.5,1.0,0.75,real_10kg_v1,thruster,real_10kg_x,1.0,0.0743650793650793,0.2195238095238095,0.017843401163166,0.0022884126266875,0.0076055705408205,0.0125,0.0006684285048935,0.0886419815825954,0.1292032098951564,,,23,5,train23_eval5_scn2
step_recovery_10_13s,10.0,13.0,300,0.0577456682256756,0.0563694835684614,0.0125317006449548,0.9761681750423956,0.2170154234942744,0.0470956940343992,0.0508544028677663,0.0905605044991472,1.0,0.1066666666666666,0.3233333333333333,0.013433278444677,0.001325951023606,predictive_alpha,sinusoidal,2,23005,0.0,1.0,1.0,0.03,0.01,0.3799562379193547,1.0,1.0,1.0,0.0826088001508973,0.3799562379193547,0.0953045110838572,1.7347848031688435,0.1094555358133166,0.1292032098951564,39.280522498384165,1.8705010713516268,0.017843401163166,13.535630743177556,45.0,0.0139433473561783,0.0530331592111918,0.0953045110838572,real10kg_smc_steady,real10kg_mpc_event,-1.0,-1.0,predictive_alpha,1.0,0.2376802667294837,0.268292991069223,0.2132647684104519,0.0,transformer,16,True,2.5,1.0,0.75,real_10kg_v1,thruster,real_10kg_x,1.0,0.0743650793650793,0.2195238095238095,0.017843401163166,0.0022884126266875,0.0076055705408205,0.0125,0.0006684285048935,0.0886419815825954,0.1292032098951564,,,23,5,train23_eval5_scn2
post_step_13_20p9s,13.0,20.9,790,0.1008735702039913,0.1000678201283357,0.0127243286841635,0.9920122776062528,0.1261413535620063,0.015911641078455,0.0908258353657601,0.3379692863040204,1.0,0.060126582278481,0.1417721518987341,0.0197578715341756,0.002791288645311,predictive_alpha,sinusoidal,2,23005,0.0,1.0,1.0,0.03,0.01,0.3799562379193547,1.0,1.0,1.0,0.0826088001508973,0.3799562379193547,0.0953045110838572,1.7347848031688435,0.1094555358133166,0.1292032098951564,39.280522498384165,1.8705010713516268,0.017843401163166,13.535630743177556,45.0,0.0139433473561783,0.0530331592111918,0.0953045110838572,real10kg_smc_steady,real10kg_mpc_event,-1.0,-1.0,predictive_alpha,1.0,0.2376802667294837,0.268292991069223,0.2132647684104519,0.0,transformer,16,True,2.5,1.0,0.75,real_10kg_v1,thruster,real_10kg_x,1.0,0.0743650793650793,0.2195238095238095,0.017843401163166,0.0022884126266875,0.0076055705408205,0.0125,0.0006684285048935,0.0886419815825954,0.1292032098951564,,,23,5,train23_eval5_scn2
startup_0_3s,0.0,3.0,300,0.1091197863796964,0.1060935061608987,0.0255204962733472,0.9722664393030666,0.2338759735520867,0.0546979710049364,0.0959406745780256,0.1949178751255752,0.7442129899553879,0.0,0.0,0.0319333316585702,0.0045921063002459,predictive_alpha,sinusoidal,2,23006,0.0,1.0,1.0,0.03,0.01,0.3786302978550666,1.0,1.0,1.0,0.080379302506709,0.3786302978550666,0.0917071075815657,1.6879653526408895,0.1092437568999155,0.1287756624640132,39.17185845967803,1.8653265933180012,0.0178461213347339,13.57537670400151,45.0,0.0140223897644961,0.0530699649206293,0.0917071075815657,real10kg_smc_steady,real10kg_mpc_event,-1.0,-1.0,predictive_alpha,1.0,0.2352496610986005,0.2667918207462043,0.2128697429470152,0.0,transformer,16,True,2.5,1.0,0.75,real_10kg_v1,thruster,real_10kg_x,1.0,0.0756349206349206,0.2285714285714285,0.0178461213347339,0.0023614329639805,0.0076368982259392,0.0125,0.0006642177383347,0.0884724319466122,0.1287756624640132,,,23,6,train23_eval6_scn2
pre_step_3_10s,3.0,10.0,700,0.0737178923022466,0.0733131048470974,0.0077146810150599,0.9945089659713886,0.1046514051626621,0.0109519166025196,0.0708393346477384,0.0963470167361465,1.0,0.1057142857142857,0.3742857142857143,0.0119268293743228,0.0014016034984876,predictive_alpha,sinusoidal,2,23006,0.0,1.0,1.0,0.03,0.01,0.3786302978550666,1.0,1.0,1.0,0.080379302506709,0.3786302978550666,0.0917071075815657,1.6879653526408895,0.1092437568999155,0.1287756624640132,39.17185845967803,1.8653265933180012,0.0178461213347339,13.57537670400151,45.0,0.0140223897644961,0.0530699649206293,0.0917071075815657,real10kg_smc_steady,real10kg_mpc_event,-1.0,-1.0,predictive_alpha,1.0,0.2352496610986005,0.2667918207462043,0.2128697429470152,0.0,transformer,16,True,2.5,1.0,0.75,real_10kg_v1,thruster,real_10kg_x,1.0,0.0756349206349206,0.2285714285714285,0.0178461213347339,0.0023614329639805,0.0076368982259392,0.0125,0.0006642177383347,0.0884724319466122,0.1287756624640132,,,23,6,train23_eval6_scn2
step_recovery_10_13s,10.0,13.0,300,0.0573386165490028,0.055922843148776,0.0126630392051429,0.9753085531978796,0.2208466120615379,0.0487732260590594,0.0504520554264247,0.0900561087261838,1.0,0.1061111111111111,0.32,0.0133285873050482,0.0013377062379214,predictive_alpha,sinusoidal,2,23006,0.0,1.0,1.0,0.03,0.01,0.3786302978550666,1.0,1.0,1.0,0.080379302506709,0.3786302978550666,0.0917071075815657,1.6879653526408895,0.1092437568999155,0.1287756624640132,39.17185845967803,1.8653265933180012,0.0178461213347339,13.57537670400151,45.0,0.0140223897644961,0.0530699649206293,0.0917071075815657,real10kg_smc_steady,real10kg_mpc_event,-1.0,-1.0,predictive_alpha,1.0,0.2352496610986005,0.2667918207462043,0.2128697429470152,0.0,transformer,16,True,2.5,1.0,0.75,real_10kg_v1,thruster,real_10kg_x,1.0,0.0756349206349206,0.2285714285714285,0.0178461213347339,0.0023614329639805,0.0076368982259392,0.0125,0.0006642177383347,0.0884724319466122,0.1287756624640132,,,23,6,train23_eval6_scn2
post_step_13_20p9s,13.0,20.9,790,0.1006607935934072,0.099856913839752,0.012696146078825,0.992013973614174,0.1261280149459955,0.0159082761542172,0.0907541317446418,0.3364968823504667,1.0,0.060759493670886,0.1417721518987341,0.0196994514346176,0.0027808356986207,predictive_alpha,sinusoidal,2,23006,0.0,1.0,1.0,0.03,0.01,0.3786302978550666,1.0,1.0,1.0,0.080379302506709,0.3786302978550666,0.0917071075815657,1.6879653526408895,0.1092437568999155,0.1287756624640132,39.17185845967803,1.8653265933180012,0.0178461213347339,13.57537670400151,45.0,0.0140223897644961,0.0530699649206293,0.0917071075815657,real10kg_smc_steady,real10kg_mpc_event,-1.0,-1.0,predictive_alpha,1.0,0.2352496610986005,0.2667918207462043,0.2128697429470152,0.0,transformer,16,True,2.5,1.0,0.75,real_10kg_v1,thruster,real_10kg_x,1.0,0.0756349206349206,0.2285714285714285,0.0178461213347339,0.0023614329639805,0.0076368982259392,0.0125,0.0006642177383347,0.0884724319466122,0.1287756624640132,,,23,6,train23_eval6_scn2
startup_0_3s,0.0,3.0,300,0.125600630206647,0.1229725085202447,0.0255593516456355,0.9790755692700078,0.2034970015961182,0.0414110296586105,0.1095317908173753,0.2206439572368498,0.7965368551380725,0.0,0.0,0.0297172844610012,0.0041961242522206,predictive_alpha,sinusoidal,2,23007,0.0,1.0,1.0,0.03,0.01,0.3787143082753411,1.0,1.0,1.0,0.0828423808653594,0.3787143082753411,0.0951144727654662,1.7396899981725489,0.1092352709780338,0.128794648956321,39.206170090011085,1.866960480476718,0.0174456742292181,13.255811795193567,45.0,0.0141016889593796,0.0487784855635647,0.0951144727654662,real10kg_smc_steady,real10kg_mpc_event,-1.0,-1.0,predictive_alpha,1.0,0.2340436236512196,0.2675906482740391,0.210441990729887,0.0,transformer,16,True,2.5,1.0,0.75,real_10kg_v1,thruster,real_10kg_x,1.0,0.0738888888888888,0.2166666666666666,0.0174456742292181,0.0022916003616051,0.0075406152346176,0.0125,0.0006673933767808,0.0890241748046202,0.128794648956321,,,23,7,train23_eval7_scn2
pre_step_3_10s,3.0,10.0,700,0.0755941266441137,0.0751652252443705,0.0080411999757087,0.994326260269368,0.1063733431773815,0.0113152881387329,0.0726310885252649,0.0962896936492882,1.0,0.1007142857142857,0.3385714285714286,0.0115851681274652,0.0013670041052041,predictive_alpha,sinusoidal,2,23007,0.0,1.0,1.0,0.03,0.01,0.3787143082753411,1.0,1.0,1.0,0.0828423808653594,0.3787143082753411,0.0951144727654662,1.7396899981725489,0.1092352709780338,0.128794648956321,39.206170090011085,1.866960480476718,0.0174456742292181,13.255811795193567,45.0,0.0141016889593796,0.0487784855635647,0.0951144727654662,real10kg_smc_steady,real10kg_mpc_event,-1.0,-1.0,predictive_alpha,1.0,0.2340436236512196,0.2675906482740391,0.210441990729887,0.0,transformer,16,True,2.5,1.0,0.75,real_10kg_v1,thruster,real_10kg_x,1.0,0.0738888888888888,0.2166666666666666,0.0174456742292181,0.0022916003616051,0.0075406152346176,0.0125,0.0006673933767808,0.0890241748046202,0.128794648956321,,,23,7,train23_eval7_scn2
step_recovery_10_13s,10.0,13.0,300,0.0566822542754559,0.0552386306643773,0.0127110830408722,0.974531295031721,0.2242515440388249,0.050288755003797,0.0499045401762231,0.0890122447417697,1.0,0.1055555555555555,0.32,0.0134208597272449,0.0013404815300614,predictive_alpha,sinusoidal,2,23007,0.0,1.0,1.0,0.03,0.01,0.3787143082753411,1.0,1.0,1.0,0.0828423808653594,0.3787143082753411,0.0951144727654662,1.7396899981725489,0.1092352709780338,0.128794648956321,39.206170090011085,1.866960480476718,0.0174456742292181,13.255811795193567,45.0,0.0141016889593796,0.0487784855635647,0.0951144727654662,real10kg_smc_steady,real10kg_mpc_event,-1.0,-1.0,predictive_alpha,1.0,0.2340436236512196,0.2675906482740391,0.210441990729887,0.0,transformer,16,True,2.5,1.0,0.75,real_10kg_v1,thruster,real_10kg_x,1.0,0.0738888888888888,0.2166666666666666,0.0174456742292181,0.0022916003616051,0.0075406152346176,0.0125,0.0006673933767808,0.0890241748046202,0.128794648956321,,,23,7,train23_eval7_scn2
post_step_13_20p9s,13.0,20.9,790,0.1006734661182581,0.0998687953495013,0.0127031687268767,0.9920071216400592,0.126181894958843,0.0159218706154045,0.0907595786584665,0.3365852940577068,1.0,0.060759493670886,0.1417721518987341,0.0197402518076934,0.0027776502268597,predictive_alpha,sinusoidal,2,23007,0.0,1.0,1.0,0.03,0.01,0.3787143082753411,1.0,1.0,1.0,0.0828423808653594,0.3787143082753411,0.0951144727654662,1.7396899981725489,0.1092352709780338,0.128794648956321,39.206170090011085,1.866960480476718,0.0174456742292181,13.255811795193567,45.0,0.0141016889593796,0.0487784855635647,0.0951144727654662,real10kg_smc_steady,real10kg_mpc_event,-1.0,-1.0,predictive_alpha,1.0,0.2340436236512196,0.2675906482740391,0.210441990729887,0.0,transformer,16,True,2.5,1.0,0.75,real_10kg_v1,thruster,real_10kg_x,1.0,0.0738888888888888,0.2166666666666666,0.0174456742292181,0.0022916003616051,0.0075406152346176,0.0125,0.0006673933767808,0.0890241748046202,0.128794648956321,,,23,7,train23_eval7_scn2
startup_0_3s,0.0,3.0,300,0.1217253100359418,0.1186569891181651,0.0271582406786189,0.9747930737093982,0.2231108770279567,0.049778463448184,0.1063171731426969,0.2206956881611832,0.7989086785022423,0.0,0.0,0.0335423316170041,0.0044978361264036,predictive_alpha,sinusoidal,2,23008,0.0,1.0,1.0,0.03,0.01,0.3799663168065138,1.0,1.0,1.0,0.0817059166596314,0.3799663168065138,0.0938997429916477,1.7158242498522591,0.1094621662947992,0.1292093763624671,39.27047858360401,1.870022789695429,0.018165129547109,13.674545342078526,45.0,0.0144098284348712,0.0559390244403029,0.0938997429916477,real10kg_smc_steady,real10kg_mpc_event,-1.0,-1.0,predictive_alpha,1.0,0.239138935537133,0.2677877126221375,0.2151221251914033,0.0,transformer,16,True,2.5,1.0,0.75,real_10kg_v1,thruster,real_10kg_x,1.0,0.0745238095238095,0.2219047619047619,0.018165129547109,0.002361050180695,0.0076992804429297,0.0125,0.0006687367720296,0.0884148187371479,0.1292093763624671,,,23,8,train23_eval8_scn2
pre_step_3_10s,3.0,10.0,700,0.0729853029966057,0.0725985645596906,0.0075035243305248,0.9947011463810312,0.102808702881918,0.0105696293882625,0.0701116423850678,0.0959070382497456,1.0,0.1028571428571428,0.3528571428571428,0.01206853722068,0.0014274230175376,predictive_alpha,sinusoidal,2,23008,0.0,1.0,1.0,0.03,0.01,0.3799663168065138,1.0,1.0,1.0,0.0817059166596314,0.3799663168065138,0.0938997429916477,1.7158242498522591,0.1094621662947992,0.1292093763624671,39.27047858360401,1.870022789695429,0.018165129547109,13.674545342078526,45.0,0.0144098284348712,0.0559390244403029,0.0938997429916477,real10kg_smc_steady,real10kg_mpc_event,-1.0,-1.0,predictive_alpha,1.0,0.239138935537133,0.2677877126221375,0.2151221251914033,0.0,transformer,16,True,2.5,1.0,0.75,real_10kg_v1,thruster,real_10kg_x,1.0,0.0745238095238095,0.2219047619047619,0.018165129547109,0.002361050180695,0.0076992804429297,0.0125,0.0006687367720296,0.0884148187371479,0.1292093763624671,,,23,8,train23_eval8_scn2
step_recovery_10_13s,10.0,13.0,300,0.0577024193244459,0.0563255718120713,0.0125299304043311,0.9761388252261508,0.2171474012879515,0.0471529938861106,0.0508179470252131,0.0905344030812026,1.0,0.1066666666666666,0.3233333333333333,0.0134142519659041,0.0013231111973641,predictive_alpha,sinusoidal,2,23008,0.0,1.0,1.0,0.03,0.01,0.3799663168065138,1.0,1.0,1.0,0.0817059166596314,0.3799663168065138,0.0938997429916477,1.7158242498522591,0.1094621662947992,0.1292093763624671,39.27047858360401,1.870022789695429,0.018165129547109,13.674545342078526,45.0,0.0144098284348712,0.0559390244403029,0.0938997429916477,real10kg_smc_steady,real10kg_mpc_event,-1.0,-1.0,predictive_alpha,1.0,0.239138935537133,0.2677877126221375,0.2151221251914033,0.0,transformer,16,True,2.5,1.0,0.75,real_10kg_v1,thruster,real_10kg_x,1.0,0.0745238095238095,0.2219047619047619,0.018165129547109,0.002361050180695,0.0076992804429297,0.0125,0.0006687367720296,0.0884148187371479,0.1292093763624671,,,23,8,train23_eval8_scn2
post_step_13_20p9s,13.0,20.9,790,0.1008757908016396,0.1000701190706062,0.0127238531526755,0.9920132300859216,0.12613386275896,0.0159097513344961,0.0908282114528565,0.3379804071664939,1.0,0.060126582278481,0.1417721518987341,0.0197560240636934,0.0027917106712562,predictive_alpha,sinusoidal,2,23008,0.0,1.0,1.0,0.03,0.01,0.3799663168065138,1.0,1.0,1.0,0.0817059166596314,0.3799663168065138,0.0938997429916477,1.7158242498522591,0.1094621662947992,0.1292093763624671,39.27047858360401,1.870022789695429,0.018165129547109,13.674545342078526,45.0,0.0144098284348712,0.0559390244403029,0.0938997429916477,real10kg_smc_steady,real10kg_mpc_event,-1.0,-1.0,predictive_alpha,1.0,0.239138935537133,0.2677877126221375,0.2151221251914033,0.0,transformer,16,True,2.5,1.0,0.75,real_10kg_v1,thruster,real_10kg_x,1.0,0.0745238095238095,0.2219047619047619,0.018165129547109,0.002361050180695,0.0076992804429297,0.0125,0.0006687367720296,0.0884148187371479,0.1292093763624671,,,23,8,train23_eval8_scn2
startup_0_3s,0.0,3.0,300,0.1123556841207788,0.1087172247778988,0.0283613256185261,0.967616597492577,0.2524244842658662,0.0637181202568885,0.0988986071951402,0.2015041117671574,0.7574978383738163,0.0,0.0,0.0333416087869144,0.0046357323928712,predictive_alpha,sinusoidal,2,23009,0.0,1.0,1.0,0.03,0.01,0.3794443161249361,1.0,1.0,1.0,0.0806392352192768,0.3794443161249361,0.0921765885760578,1.6934239396048127,0.1093225232529436,0.1290024212190699,39.21771749081754,1.867510356705597,0.0181177482915498,13.728070686029332,45.0,0.0147534657184956,0.0552461781907203,0.0921765885760578,real10kg_smc_steady,real10kg_mpc_event,-1.0,-1.0,predictive_alpha,1.0,0.237757700088853,0.2668911635244571,0.2140325234893022,0.0,transformer,16,True,2.5,1.0,0.75,real_10kg_v1,thruster,real_10kg_x,1.0,0.0756349206349206,0.2285714285714285,0.0181177482915498,0.0023774344855322,0.0077085639662661,0.0125,0.0006686858334752,0.0883665327074213,0.1290024212190699,,,23,9,train23_eval9_scn2
pre_step_3_10s,3.0,10.0,700,0.0730308377814263,0.0726373322552401,0.0075710785162252,0.994611789510565,0.103669610622361,0.0107473881665919,0.0701759417157922,0.0961791797396178,1.0,0.1061904761904762,0.3742857142857143,0.012089148630913,0.0014243873154507,predictive_alpha,sinusoidal,2,23009,0.0,1.0,1.0,0.03,0.01,0.3794443161249361,1.0,1.0,1.0,0.0806392352192768,0.3794443161249361,0.0921765885760578,1.6934239396048127,0.1093225232529436,0.1290024212190699,39.21771749081754,1.867510356705597,0.0181177482915498,13.728070686029332,45.0,0.0147534657184956,0.0552461781907203,0.0921765885760578,real10kg_smc_steady,real10kg_mpc_event,-1.0,-1.0,predictive_alpha,1.0,0.237757700088853,0.2668911635244571,0.2140325234893022,0.0,transformer,16,True,2.5,1.0,0.75,real_10kg_v1,thruster,real_10kg_x,1.0,0.0756349206349206,0.2285714285714285,0.0181177482915498,0.0023774344855322,0.0077085639662661,0.0125,0.0006686858334752,0.0883665327074213,0.1290024212190699,,,23,9,train23_eval9_scn2
step_recovery_10_13s,10.0,13.0,300,0.0577020555795193,0.0563047898687802,0.0126213254428542,0.975784819159284,0.2187326831963691,0.0478439866982831,0.0507604244165951,0.0906023977776437,1.0,0.1061111111111111,0.32,0.0133693651356709,0.0013277269042799,predictive_alpha,sinusoidal,2,23009,0.0,1.0,1.0,0.03,0.01,0.3794443161249361,1.0,1.0,1.0,0.0806392352192768,0.3794443161249361,0.0921765885760578,1.6934239396048127,0.1093225232529436,0.1290024212190699,39.21771749081754,1.867510356705597,0.0181177482915498,13.728070686029332,45.0,0.0147534657184956,0.0552461781907203,0.0921765885760578,real10kg_smc_steady,real10kg_mpc_event,-1.0,-1.0,predictive_alpha,1.0,0.237757700088853,0.2668911635244571,0.2140325234893022,0.0,transformer,16,True,2.5,1.0,0.75,real_10kg_v1,thruster,real_10kg_x,1.0,0.0756349206349206,0.2285714285714285,0.0181177482915498,0.0023774344855322,0.0077085639662661,0.0125,0.0006686858334752,0.0883665327074213,0.1290024212190699,,,23,9,train23_eval9_scn2
post_step_13_20p9s,13.0,20.9,790,0.100774896291783,0.0999711618657989,0.012702224916205,0.9920244579199864,0.126045527047005,0.0158874748885572,0.0907816852682873,0.3374051939930481,1.0,0.060337552742616,0.1417721518987341,0.0197214412762114,0.0027804229276533,predictive_alpha,sinusoidal,2,23009,0.0,1.0,1.0,0.03,0.01,0.3794443161249361,1.0,1.0,1.0,0.0806392352192768,0.3794443161249361,0.0921765885760578,1.6934239396048127,0.1093225232529436,0.1290024212190699,39.21771749081754,1.867510356705597,0.0181177482915498,13.728070686029332,45.0,0.0147534657184956,0.0552461781907203,0.0921765885760578,real10kg_smc_steady,real10kg_mpc_event,-1.0,-1.0,predictive_alpha,1.0,0.237757700088853,0.2668911635244571,0.2140325234893022,0.0,transformer,16,True,2.5,1.0,0.75,real_10kg_v1,thruster,real_10kg_x,1.0,0.0756349206349206,0.2285714285714285,0.0181177482915498,0.0023774344855322,0.0077085639662661,0.0125,0.0006686858334752,0.0883665327074213,0.1290024212190699,,,23,9,train23_eval9_scn2
startup_0_3s,0.0,3.0,300,0.1227415823793963,0.120514089379129,0.0232776782802201,0.981852173020044,0.1896478587693974,0.0359663103358173,0.1064996543650638,0.221130284517568,0.9290927392599552,0.0,0.0,0.0327830002580286,0.0045724330765239,predictive_alpha,step_change,3,23000,0.0,1.0,1.0,0.03,0.01,0.0408100966699218,1.0,1.0,1.0,0.069514811584455,0.221130284517568,0.0767996298300742,1.4598110432735558,0.0725605402403584,0.0740651555693963,27.07858584806872,1.2894564689556534,0.0199391815810912,14.209971263575769,45.0,0.0136956749624321,0.0457027781888078,0.0767996298300742,real10kg_smc_steady,real10kg_mpc_event,-1.0,-1.0,predictive_alpha,1.0,0.205322069514682,0.2127637118101539,0.171494255256257,0.0,transformer,16,True,2.5,1.0,0.75,real_10kg_v1,thruster,real_10kg_x,1.0,0.0127777777777777,0.0295238095238095,0.0199391815810912,0.0052385028997772,0.0081364555005341,0.0125,0.0007970724714978,0.0661082268572489,0.0740651555693963,,,23,0,train23_eval0_scn3
pre_step_3_10s,3.0,10.0,700,0.0713327278075315,0.0709582273778203,0.0072998646467544,0.9947499494100144,0.1023354198153019,0.010472538148774,0.0696207042843094,0.1037408427955146,1.0,0.0373809523809523,0.0857142857142857,0.0156430580318867,0.0023915782592507,predictive_alpha,step_change,3,23000,0.0,1.0,1.0,0.03,0.01,0.0408100966699218,1.0,1.0,1.0,0.069514811584455,0.221130284517568,0.0767996298300742,1.4598110432735558,0.0725605402403584,0.0740651555693963,27.07858584806872,1.2894564689556534,0.0199391815810912,14.209971263575769,45.0,0.0136956749624321,0.0457027781888078,0.0767996298300742,real10kg_smc_steady,real10kg_mpc_event,-1.0,-1.0,predictive_alpha,1.0,0.205322069514682,0.2127637118101539,0.171494255256257,0.0,transformer,16,True,2.5,1.0,0.75,real_10kg_v1,thruster,real_10kg_x,1.0,0.0127777777777777,0.0295238095238095,0.0199391815810912,0.0052385028997772,0.0081364555005341,0.0125,0.0007970724714978,0.0661082268572489,0.0740651555693963,,,23,0,train23_eval0_scn3
step_recovery_10_13s,10.0,13.0,300,0.0383013678667331,0.0354598816195422,0.0144772779206199,0.9258124081344128,0.3779833130501388,0.1428713849443592,0.035825180892601,0.065353303216918,1.0,0.0022222222222222,0.0066666666666666,0.0254054813583265,0.012737725923219,predictive_alpha,step_change,3,23000,0.0,1.0,1.0,0.03,0.01,0.0408100966699218,1.0,1.0,1.0,0.069514811584455,0.221130284517568,0.0767996298300742,1.4598110432735558,0.0725605402403584,0.0740651555693963,27.07858584806872,1.2894564689556534,0.0199391815810912,14.209971263575769,45.0,0.0136956749624321,0.0457027781888078,0.0767996298300742,real10kg_smc_steady,real10kg_mpc_event,-1.0,-1.0,predictive_alpha,1.0,0.205322069514682,0.2127637118101539,0.171494255256257,0.0,transformer,16,True,2.5,1.0,0.75,real_10kg_v1,thruster,real_10kg_x,1.0,0.0127777777777777,0.0295238095238095,0.0199391815810912,0.0052385028997772,0.0081364555005341,0.0125,0.0007970724714978,0.0661082268572489,0.0740651555693963,,,23,0,train23_eval0_scn3
post_step_13_20p9s,13.0,20.9,790,0.0697823089781867,0.068593531571502,0.0128256802110635,0.9829644873594504,0.1837955837069359,0.0337808165901732,0.0685182225449751,0.0923965801853887,0.8140143834421373,0.0,0.0,0.0170068035744749,0.0023536440517051,predictive_alpha,step_change,3,23000,0.0,1.0,1.0,0.03,0.01,0.0408100966699218,1.0,1.0,1.0,0.069514811584455,0.221130284517568,0.0767996298300742,1.4598110432735558,0.0725605402403584,0.0740651555693963,27.07858584806872,1.2894564689556534,0.0199391815810912,14.209971263575769,45.0,0.0136956749624321,0.0457027781888078,0.0767996298300742,real10kg_smc_steady,real10kg_mpc_event,-1.0,-1.0,predictive_alpha,1.0,0.205322069514682,0.2127637118101539,0.171494255256257,0.0,transformer,16,True,2.5,1.0,0.75,real_10kg_v1,thruster,real_10kg_x,1.0,0.0127777777777777,0.0295238095238095,0.0199391815810912,0.0052385028997772,0.0081364555005341,0.0125,0.0007970724714978,0.0661082268572489,0.0740651555693963,,,23,0,train23_eval0_scn3
startup_0_3s,0.0,3.0,300,0.118040237958417,0.11578791816158,0.0229489822233355,0.9809190506915916,0.1944166042042373,0.037797815990307,0.1024681447622798,0.2139426943675357,0.9046500102047677,0.0,0.0,0.0332411536134304,0.0046551576518242,predictive_alpha,step_change,3,23001,0.0,1.0,1.0,0.03,0.01,0.0410103442543921,1.0,1.0,1.0,0.0687049955259608,0.2139426943675357,0.0754966335208923,1.4428049060451782,0.0726522437752537,0.074147359107939,27.017815251015943,1.2865626310007594,0.0200358119647325,14.342679466663006,45.0,0.0136266696741004,0.0481022025480742,0.0754966335208923,real10kg_smc_steady,real10kg_mpc_event,-1.0,-1.0,predictive_alpha,1.0,0.2065321450240071,0.2133669462423549,0.1727315210549637,0.0,transformer,16,True,2.5,1.0,0.75,real_10kg_v1,thruster,real_10kg_x,1.0,0.0127777777777777,0.0295238095238095,0.0200358119647325,0.0052814510765445,0.0081379049885078,0.0125,0.0007912991469224,0.0657833488729427,0.074147359107939,,,23,1,train23_eval1_scn3
pre_step_3_10s,3.0,10.0,700,0.0705754208070614,0.0701906737060125,0.0073593034174356,0.9945484263976164,0.104275728479954,0.0108734275500251,0.068938397007713,0.1009352936328956,1.0,0.0373809523809523,0.0857142857142857,0.015712679064189,0.0024810868858829,predictive_alpha,step_change,3,23001,0.0,1.0,1.0,0.03,0.01,0.0410103442543921,1.0,1.0,1.0,0.0687049955259608,0.2139426943675357,0.0754966335208923,1.4428049060451782,0.0726522437752537,0.074147359107939,27.017815251015943,1.2865626310007594,0.0200358119647325,14.342679466663006,45.0,0.0136266696741004,0.0481022025480742,0.0754966335208923,real10kg_smc_steady,real10kg_mpc_event,-1.0,-1.0,predictive_alpha,1.0,0.2065321450240071,0.2133669462423549,0.1727315210549637,0.0,transformer,16,True,2.5,1.0,0.75,real_10kg_v1,thruster,real_10kg_x,1.0,0.0127777777777777,0.0295238095238095,0.0200358119647325,0.0052814510765445,0.0081379049885078,0.0125,0.0007912991469224,0.0657833488729427,0.074147359107939,,,23,1,train23_eval1_scn3
step_recovery_10_13s,10.0,13.0,300,0.0383929386893367,0.0355529044647548,0.0144916777953135,0.9260271726641576,0.3774568524846601,0.1424736754876265,0.035878172054924,0.0654066396485851,1.0,0.0022222222222222,0.0066666666666666,0.0255911136168413,0.0128232269231743,predictive_alpha,step_change,3,23001,0.0,1.0,1.0,0.03,0.01,0.0410103442543921,1.0,1.0,1.0,0.0687049955259608,0.2139426943675357,0.0754966335208923,1.4428049060451782,0.0726522437752537,0.074147359107939,27.017815251015943,1.2865626310007594,0.0200358119647325,14.342679466663006,45.0,0.0136266696741004,0.0481022025480742,0.0754966335208923,real10kg_smc_steady,real10kg_mpc_event,-1.0,-1.0,predictive_alpha,1.0,0.2065321450240071,0.2133669462423549,0.1727315210549637,0.0,transformer,16,True,2.5,1.0,0.75,real_10kg_v1,thruster,real_10kg_x,1.0,0.0127777777777777,0.0295238095238095,0.0200358119647325,0.0052814510765445,0.0081379049885078,0.0125,0.0007912991469224,0.0657833488729427,0.074147359107939,,,23,1,train23_eval1_scn3
post_step_13_20p9s,13.0,20.9,790,0.0697440373650835,0.0685584636905068,0.0128049913853785,0.9830010747962492,0.183599801060401,0.0337088869494188,0.0684777774237895,0.0924348153314935,0.8146014735661941,0.0,0.0,0.0169421893907368,0.0023439596723208,predictive_alpha,step_change,3,23001,0.0,1.0,1.0,0.03,0.01,0.0410103442543921,1.0,1.0,1.0,0.0687049955259608,0.2139426943675357,0.0754966335208923,1.4428049060451782,0.0726522437752537,0.074147359107939,27.017815251015943,1.2865626310007594,0.0200358119647325,14.342679466663006,45.0,0.0136266696741004,0.0481022025480742,0.0754966335208923,real10kg_smc_steady,real10kg_mpc_event,-1.0,-1.0,predictive_alpha,1.0,0.2065321450240071,0.2133669462423549,0.1727315210549637,0.0,transformer,16,True,2.5,1.0,0.75,real_10kg_v1,thruster,real_10kg_x,1.0,0.0127777777777777,0.0295238095238095,0.0200358119647325,0.0052814510765445,0.0081379049885078,0.0125,0.0007912991469224,0.0657833488729427,0.074147359107939,,,23,1,train23_eval1_scn3
startup_0_3s,0.0,3.0,300,0.1269074799055046,0.1243856576123984,0.0251737290900107,0.9801286551826262,0.1983628475544163,0.0393478192898966,0.1098099073161045,0.2299823114408484,0.9184377027656908,0.0,0.0,0.0342952524782296,0.0049483972394213,predictive_alpha,step_change,3,23002,0.0,1.0,1.0,0.03,0.01,0.0409931768149781,1.0,1.0,1.0,0.0697889156927058,0.2299823114408484,0.0775381050747056,1.4655672295468236,0.0726216763926688,0.0741154720617293,27.015057498265488,1.2864313094412136,0.0201811589783395,14.31406088407654,45.0,0.0141810057506223,0.0529064103880708,0.0775381050747056,real10kg_smc_steady,real10kg_mpc_event,-1.0,-1.0,predictive_alpha,1.0,0.2065445086238363,0.2130874980807882,0.1752050599649582,0.0,transformer,16,True,2.5,1.0,0.75,real_10kg_v1,thruster,real_10kg_x,1.0,0.0127777777777777,0.0295238095238095,0.0201811589783395,0.0053206894325557,0.0081457717974815,0.0125,0.0007967435124718,0.0658022235111481,0.0741154720617293,,,23,2,train23_eval2_scn3
pre_step_3_10s,3.0,10.0,700,0.0706506675749605,0.0702644399163441,0.0073773512882362,0.9945332765864304,0.104420121443422,0.010903561762259,0.0690718527379113,0.1009042150912597,1.0,0.0373809523809523,0.0857142857142857,0.0157289793879224,0.0024996573560816,predictive_alpha,step_change,3,23002,0.0,1.0,1.0,0.03,0.01,0.0409931768149781,1.0,1.0,1.0,0.0697889156927058,0.2299823114408484,0.0775381050747056,1.4655672295468236,0.0726216763926688,0.0741154720617293,27.015057498265488,1.2864313094412136,0.0201811589783395,14.31406088407654,45.0,0.0141810057506223,0.0529064103880708,0.0775381050747056,real10kg_smc_steady,real10kg_mpc_event,-1.0,-1.0,predictive_alpha,1.0,0.2065445086238363,0.2130874980807882,0.1752050599649582,0.0,transformer,16,True,2.5,1.0,0.75,real_10kg_v1,thruster,real_10kg_x,1.0,0.0127777777777777,0.0295238095238095,0.0201811589783395,0.0053206894325557,0.0081457717974815,0.0125,0.0007967435124718,0.0658022235111481,0.0741154720617293,,,23,2,train23_eval2_scn3
step_recovery_10_13s,10.0,13.0,300,0.0383754163665182,0.0355319255137151,0.0144967186146188,0.9259033224383724,0.3777605557725466,0.1427030374975833,0.0358688241369253,0.065424602921072,1.0,0.0022222222222222,0.0066666666666666,0.0255319248780643,0.0127715982556145,predictive_alpha,step_change,3,23002,0.0,1.0,1.0,0.03,0.01,0.0409931768149781,1.0,1.0,1.0,0.0697889156927058,0.2299823114408484,0.0775381050747056,1.4655672295468236,0.0726216763926688,0.0741154720617293,27.015057498265488,1.2864313094412136,0.0201811589783395,14.31406088407654,45.0,0.0141810057506223,0.0529064103880708,0.0775381050747056,real10kg_smc_steady,real10kg_mpc_event,-1.0,-1.0,predictive_alpha,1.0,0.2065445086238363,0.2130874980807882,0.1752050599649582,0.0,transformer,16,True,2.5,1.0,0.75,real_10kg_v1,thruster,real_10kg_x,1.0,0.0127777777777777,0.0295238095238095,0.0201811589783395,0.0053206894325557,0.0081457717974815,0.0125,0.0007967435124718,0.0658022235111481,0.0741154720617293,,,23,2,train23_eval2_scn3
post_step_13_20p9s,13.0,20.9,790,0.0697210604371837,0.0685344816453987,0.0128082432082599,0.9829810564505956,0.1837069477708203,0.0337482426592708,0.0684568645535198,0.0923886682809064,0.8141960199627859,0.0,0.0,0.0169363423113856,0.0023308156410254,predictive_alpha,step_change,3,23002,0.0,1.0,1.0,0.03,0.01,0.0409931768149781,1.0,1.0,1.0,0.0697889156927058,0.2299823114408484,0.0775381050747056,1.4655672295468236,0.0726216763926688,0.0741154720617293,27.015057498265488,1.2864313094412136,0.0201811589783395,14.31406088407654,45.0,0.0141810057506223,0.0529064103880708,0.0775381050747056,real10kg_smc_steady,real10kg_mpc_event,-1.0,-1.0,predictive_alpha,1.0,0.2065445086238363,0.2130874980807882,0.1752050599649582,0.0,transformer,16,True,2.5,1.0,0.75,real_10kg_v1,thruster,real_10kg_x,1.0,0.0127777777777777,0.0295238095238095,0.0201811589783395,0.0053206894325557,0.0081457717974815,0.0125,0.0007967435124718,0.0658022235111481,0.0741154720617293,,,23,2,train23_eval2_scn3
startup_0_3s,0.0,3.0,300,0.1137826062188238,0.1104106619470146,0.0274948578168717,0.970365028681762,0.2416437690308686,0.0583917111114437,0.1006806191183363,0.2027343699221217,0.8817852953515681,0.0,0.0,0.0346379768019295,0.005105709605966,predictive_alpha,step_change,3,23003,0.0,1.0,1.0,0.03,0.01,0.0410049115140338,1.0,1.0,1.0,0.0685469853476841,0.2027343699221217,0.0746457829328861,1.4394866923013672,0.07265123429233,0.0741396701273511,26.983184745643047,1.2849135593163357,0.020224247217261,14.281794123427575,45.0,0.0147933182683534,0.052583774771952,0.0746457829328861,real10kg_smc_steady,real10kg_mpc_event,-1.0,-1.0,predictive_alpha,1.0,0.206759969109337,0.2137651906728433,0.1734809636256735,0.0,transformer,16,True,2.5,1.0,0.75,real_10kg_v1,thruster,real_10kg_x,1.0,0.0126984126984126,0.0295238095238095,0.020224247217261,0.0053542063863667,0.0081210103552526,0.0125,0.0007900123590616,0.0659007699622407,0.0741396701273511,,,23,3,train23_eval3_scn3
pre_step_3_10s,3.0,10.0,700,0.0708864967644388,0.0704967155258212,0.0074235115414623,0.9945013330266153,0.1047239161237052,0.0109670986082848,0.0692488110967133,0.1017334902677237,1.0,0.0371428571428571,0.0857142857142857,0.0157736093026448,0.0024943619183194,predictive_alpha,step_change,3,23003,0.0,1.0,1.0,0.03,0.01,0.0410049115140338,1.0,1.0,1.0,0.0685469853476841,0.2027343699221217,0.0746457829328861,1.4394866923013672,0.07265123429233,0.0741396701273511,26.983184745643047,1.2849135593163357,0.020224247217261,14.281794123427575,45.0,0.0147933182683534,0.052583774771952,0.0746457829328861,real10kg_smc_steady,real10kg_mpc_event,-1.0,-1.0,predictive_alpha,1.0,0.206759969109337,0.2137651906728433,0.1734809636256735,0.0,transformer,16,True,2.5,1.0,0.75,real_10kg_v1,thruster,real_10kg_x,1.0,0.0126984126984126,0.0295238095238095,0.020224247217261,0.0053542063863667,0.0081210103552526,0.0125,0.0007900123590616,0.0659007699622407,0.0741396701273511,,,23,3,train23_eval3_scn3
step_recovery_10_13s,10.0,13.0,300,0.0384413389783216,0.0355887678985178,0.0145319008361485,0.9257941800255076,0.3780279569435277,0.1429051362308976,0.0359065955295131,0.0654148916847197,1.0,0.0022222222222222,0.0066666666666666,0.0256524661081317,0.0127725260065855,predictive_alpha,step_change,3,23003,0.0,1.0,1.0,0.03,0.01,0.0410049115140338,1.0,1.0,1.0,0.0685469853476841,0.2027343699221217,0.0746457829328861,1.4394866923013672,0.07265123429233,0.0741396701273511,26.983184745643047,1.2849135593163357,0.020224247217261,14.281794123427575,45.0,0.0147933182683534,0.052583774771952,0.0746457829328861,real10kg_smc_steady,real10kg_mpc_event,-1.0,-1.0,predictive_alpha,1.0,0.206759969109337,0.2137651906728433,0.1734809636256735,0.0,transformer,16,True,2.5,1.0,0.75,real_10kg_v1,thruster,real_10kg_x,1.0,0.0126984126984126,0.0295238095238095,0.020224247217261,0.0053542063863667,0.0081210103552526,0.0125,0.0007900123590616,0.0659007699622407,0.0741396701273511,,,23,3,train23_eval3_scn3
post_step_13_20p9s,13.0,20.9,790,0.0697067589340919,0.0685225764643818,0.0127940906585244,0.9830119419147044,0.1835416085063042,0.0336875220530814,0.0684504205631023,0.0922397238412638,0.8156706905785744,0.0,0.0,0.016867035171217,0.0023144948820338,predictive_alpha,step_change,3,23003,0.0,1.0,1.0,0.03,0.01,0.0410049115140338,1.0,1.0,1.0,0.0685469853476841,0.2027343699221217,0.0746457829328861,1.4394866923013672,0.07265123429233,0.0741396701273511,26.983184745643047,1.2849135593163357,0.020224247217261,14.281794123427575,45.0,0.0147933182683534,0.052583774771952,0.0746457829328861,real10kg_smc_steady,real10kg_mpc_event,-1.0,-1.0,predictive_alpha,1.0,0.206759969109337,0.2137651906728433,0.1734809636256735,0.0,transformer,16,True,2.5,1.0,0.75,real_10kg_v1,thruster,real_10kg_x,1.0,0.0126984126984126,0.0295238095238095,0.020224247217261,0.0053542063863667,0.0081210103552526,0.0125,0.0007900123590616,0.0659007699622407,0.0741396701273511,,,23,3,train23_eval3_scn3
startup_0_3s,0.0,3.0,300,0.1257559786445881,0.1235837062087977,0.0232730256854509,0.9827262889669076,0.1850649641972507,0.0342490409733296,0.1072878169624185,0.2298670432394063,0.893100174407246,0.0,0.0,0.0325367519405317,0.0046152624537198,predictive_alpha,step_change,3,23004,0.0,1.0,1.0,0.03,0.01,0.0409290648562235,1.0,1.0,1.0,0.0692960356643751,0.2298670432394063,0.0771441055444833,1.4552167489518788,0.0725947389987775,0.0740935476923451,27.00395496658486,1.285902617456422,0.0199326084715131,14.375946021104564,45.0,0.0136947783782732,0.0457989480132294,0.0771441055444833,real10kg_smc_steady,real10kg_mpc_event,-1.0,-1.0,predictive_alpha,1.0,0.2066301387770556,0.2127585774577145,0.1736785669400567,0.0,transformer,16,True,2.5,1.0,0.75,real_10kg_v1,thruster,real_10kg_x,1.0,0.0127777777777777,0.0295238095238095,0.0199326084715131,0.0052849548589031,0.0081666821681594,0.0125,0.0008269217694938,0.065630182305794,0.0740935476923451,,,23,4,train23_eval4_scn3
pre_step_3_10s,3.0,10.0,700,0.0702187221374377,0.0698365698413247,0.0073159040051426,0.9945576865473992,0.104187370297388,0.010855008129485,0.0686579741199741,0.0997675899507525,1.0,0.0373809523809523,0.0857142857142857,0.0157184682447585,0.0025168086736727,predictive_alpha,step_change,3,23004,0.0,1.0,1.0,0.03,0.01,0.0409290648562235,1.0,1.0,1.0,0.0692960356643751,0.2298670432394063,0.0771441055444833,1.4552167489518788,0.0725947389987775,0.0740935476923451,27.00395496658486,1.285902617456422,0.0199326084715131,14.375946021104564,45.0,0.0136947783782732,0.0457989480132294,0.0771441055444833,real10kg_smc_steady,real10kg_mpc_event,-1.0,-1.0,predictive_alpha,1.0,0.2066301387770556,0.2127585774577145,0.1736785669400567,0.0,transformer,16,True,2.5,1.0,0.75,real_10kg_v1,thruster,real_10kg_x,1.0,0.0127777777777777,0.0295238095238095,0.0199326084715131,0.0052849548589031,0.0081666821681594,0.0125,0.0008269217694938,0.065630182305794,0.0740935476923451,,,23,4,train23_eval4_scn3
step_recovery_10_13s,10.0,13.0,300,0.0383593708325765,0.0355256180792532,0.014469685233555,0.9261261931095912,0.3772138311837674,0.1422902744363358,0.035860610301415,0.0654044507943546,1.0,0.0022222222222222,0.0066666666666666,0.0255318549875321,0.0128173150808032,predictive_alpha,step_change,3,23004,0.0,1.0,1.0,0.03,0.01,0.0409290648562235,1.0,1.0,1.0,0.0692960356643751,0.2298670432394063,0.0771441055444833,1.4552167489518788,0.0725947389987775,0.0740935476923451,27.00395496658486,1.285902617456422,0.0199326084715131,14.375946021104564,45.0,0.0136947783782732,0.0457989480132294,0.0771441055444833,real10kg_smc_steady,real10kg_mpc_event,-1.0,-1.0,predictive_alpha,1.0,0.2066301387770556,0.2127585774577145,0.1736785669400567,0.0,transformer,16,True,2.5,1.0,0.75,real_10kg_v1,thruster,real_10kg_x,1.0,0.0127777777777777,0.0295238095238095,0.0199326084715131,0.0052849548589031,0.0081666821681594,0.0125,0.0008269217694938,0.065630182305794,0.0740935476923451,,,23,4,train23_eval4_scn3
post_step_13_20p9s,13.0,20.9,790,0.0697422627056366,0.0685552328042899,0.0128126212170515,0.9829797621227632,0.183713873338612,0.0337507872570755,0.0684753924398584,0.0924154476290012,0.813648021591679,0.0,0.0,0.0169598544126449,0.0023400316199483,predictive_alpha,step_change,3,23004,0.0,1.0,1.0,0.03,0.01,0.0409290648562235,1.0,1.0,1.0,0.0692960356643751,0.2298670432394063,0.0771441055444833,1.4552167489518788,0.0725947389987775,0.0740935476923451,27.00395496658486,1.285902617456422,0.0199326084715131,14.375946021104564,45.0,0.0136947783782732,0.0457989480132294,0.0771441055444833,real10kg_smc_steady,real10kg_mpc_event,-1.0,-1.0,predictive_alpha,1.0,0.2066301387770556,0.2127585774577145,0.1736785669400567,0.0,transformer,16,True,2.5,1.0,0.75,real_10kg_v1,thruster,real_10kg_x,1.0,0.0127777777777777,0.0295238095238095,0.0199326084715131,0.0052849548589031,0.0081666821681594,0.0125,0.0008269217694938,0.065630182305794,0.0740935476923451,,,23,4,train23_eval4_scn3
startup_0_3s,0.0,3.0,300,0.1326305763797857,0.130470596620608,0.0238389011553965,0.9837143152194964,0.179739105461882,0.0323061460322375,0.1134433273583938,0.242452781838969,0.939257833736791,0.0,0.0,0.0331913296972806,0.0045430776811675,predictive_alpha,step_change,3,23005,0.0,1.0,1.0,0.03,0.01,0.0408532981094833,1.0,1.0,1.0,0.0702435916753948,0.242452781838969,0.0788362185100503,1.475115425183292,0.0725898944762933,0.0740961459349726,27.03983271847843,1.287611081832306,0.0200188081518575,14.35279082277559,45.0,0.0138363577802615,0.0496004981623083,0.0788362185100503,real10kg_smc_steady,real10kg_mpc_event,-1.0,-1.0,predictive_alpha,1.0,0.2067454089449874,0.2130307987452322,0.1739793382338913,0.0,transformer,16,True,2.5,1.0,0.75,real_10kg_v1,thruster,real_10kg_x,1.0,0.0127777777777777,0.0295238095238095,0.0200188081518575,0.0052575780631769,0.0081591120103083,0.0125,0.0007974851091342,0.0657205899394254,0.0740961459349726,,,23,5,train23_eval5_scn3
pre_step_3_10s,3.0,10.0,700,0.0704100987091358,0.0700275214944564,0.0073299545410377,0.9945664439946358,0.1041037390292242,0.0108375884798648,0.0688402824434157,0.1003489090704665,1.0,0.0373809523809523,0.0857142857142857,0.0157034950760344,0.0024952588428184,predictive_alpha,step_change,3,23005,0.0,1.0,1.0,0.03,0.01,0.0408532981094833,1.0,1.0,1.0,0.0702435916753948,0.242452781838969,0.0788362185100503,1.475115425183292,0.0725898944762933,0.0740961459349726,27.03983271847843,1.287611081832306,0.0200188081518575,14.35279082277559,45.0,0.0138363577802615,0.0496004981623083,0.0788362185100503,real10kg_smc_steady,real10kg_mpc_event,-1.0,-1.0,predictive_alpha,1.0,0.2067454089449874,0.2130307987452322,0.1739793382338913,0.0,transformer,16,True,2.5,1.0,0.75,real_10kg_v1,thruster,real_10kg_x,1.0,0.0127777777777777,0.0295238095238095,0.0200188081518575,0.0052575780631769,0.0081591120103083,0.0125,0.0007974851091342,0.0657205899394254,0.0740961459349726,,,23,5,train23_eval5_scn3
step_recovery_10_13s,10.0,13.0,300,0.0383557008655194,0.0355204736672301,0.0144725857862658,0.9260806833323142,0.3773255463903206,0.1423745679587539,0.0358605635713593,0.0654148703847194,1.0,0.0022222222222222,0.0066666666666666,0.0255027548951463,0.012797577866237,predictive_alpha,step_change,3,23005,0.0,1.0,1.0,0.03,0.01,0.0408532981094833,1.0,1.0,1.0,0.0702435916753948,0.242452781838969,0.0788362185100503,1.475115425183292,0.0725898944762933,0.0740961459349726,27.03983271847843,1.287611081832306,0.0200188081518575,14.35279082277559,45.0,0.0138363577802615,0.0496004981623083,0.0788362185100503,real10kg_smc_steady,real10kg_mpc_event,-1.0,-1.0,predictive_alpha,1.0,0.2067454089449874,0.2130307987452322,0.1739793382338913,0.0,transformer,16,True,2.5,1.0,0.75,real_10kg_v1,thruster,real_10kg_x,1.0,0.0127777777777777,0.0295238095238095,0.0200188081518575,0.0052575780631769,0.0081591120103083,0.0125,0.0007974851091342,0.0657205899394254,0.0740961459349726,,,23,5,train23_eval5_scn3
post_step_13_20p9s,13.0,20.9,790,0.069766875422803,0.0685795674726356,0.0128163891766418,0.9829817812110389,0.1837030696727014,0.0337468178071733,0.0684965370134535,0.0924301568079791,0.8139316468775188,0.0,0.0,0.0169594841655628,0.0023190797192617,predictive_alpha,step_change,3,23005,0.0,1.0,1.0,0.03,0.01,0.0408532981094833,1.0,1.0,1.0,0.0702435916753948,0.242452781838969,0.0788362185100503,1.475115425183292,0.0725898944762933,0.0740961459349726,27.03983271847843,1.287611081832306,0.0200188081518575,14.35279082277559,45.0,0.0138363577802615,0.0496004981623083,0.0788362185100503,real10kg_smc_steady,real10kg_mpc_event,-1.0,-1.0,predictive_alpha,1.0,0.2067454089449874,0.2130307987452322,0.1739793382338913,0.0,transformer,16,True,2.5,1.0,0.75,real_10kg_v1,thruster,real_10kg_x,1.0,0.0127777777777777,0.0295238095238095,0.0200188081518575,0.0052575780631769,0.0081591120103083,0.0125,0.0007974851091342,0.0657205899394254,0.0740961459349726,,,23,5,train23_eval5_scn3
startup_0_3s,0.0,3.0,300,0.115100426090722,0.1125213578569638,0.0242291583075193,0.9775928871738032,0.2105045057645743,0.0443121469471877,0.0997737481915367,0.2091644484599584,0.8437509336903836,0.0,0.0,0.0331024838023967,0.0047077451563539,predictive_alpha,step_change,3,23006,0.0,1.0,1.0,0.03,0.01,0.0410416612354693,1.0,1.0,1.0,0.0682789818334184,0.2091644484599584,0.0747586069731192,1.433858618501787,0.0726304097332395,0.074116048120404,26.92328948326305,1.2820614039649072,0.0200442610359616,14.370986382348828,45.0,0.0139389027537088,0.0502864147895174,0.0747586069731192,real10kg_smc_steady,real10kg_mpc_event,-1.0,-1.0,predictive_alpha,1.0,0.2062248607592913,0.2123719332762412,0.1738298779745985,0.0,transformer,16,True,2.5,1.0,0.75,real_10kg_v1,thruster,real_10kg_x,1.0,0.0127777777777777,0.0295238095238095,0.0200442610359616,0.0052900974048273,0.0081514577260849,0.0125,0.0007956460215002,0.0656681520090008,0.074116048120404,,,23,6,train23_eval6_scn3
pre_step_3_10s,3.0,10.0,700,0.0703166793867967,0.0699314389799223,0.0073504586375928,0.9945213509762704,0.1045336426818395,0.0109272824523345,0.0688207155560935,0.0996494758458514,1.0,0.0373809523809523,0.0857142857142857,0.0158311918325583,0.0024886391795038,predictive_alpha,step_change,3,23006,0.0,1.0,1.0,0.03,0.01,0.0410416612354693,1.0,1.0,1.0,0.0682789818334184,0.2091644484599584,0.0747586069731192,1.433858618501787,0.0726304097332395,0.074116048120404,26.92328948326305,1.2820614039649072,0.0200442610359616,14.370986382348828,45.0,0.0139389027537088,0.0502864147895174,0.0747586069731192,real10kg_smc_steady,real10kg_mpc_event,-1.0,-1.0,predictive_alpha,1.0,0.2062248607592913,0.2123719332762412,0.1738298779745985,0.0,transformer,16,True,2.5,1.0,0.75,real_10kg_v1,thruster,real_10kg_x,1.0,0.0127777777777777,0.0295238095238095,0.0200442610359616,0.0052900974048273,0.0081514577260849,0.0125,0.0007956460215002,0.0656681520090008,0.074116048120404,,,23,6,train23_eval6_scn3
step_recovery_10_13s,10.0,13.0,300,0.0384058221113831,0.0355608777688428,0.0145062450124291,0.9259241389420196,0.3777095298301051,0.1426644889244791,0.0358918491187104,0.0654291965282076,1.0,0.0022222222222222,0.0066666666666666,0.0255615017383884,0.012748309424831,predictive_alpha,step_change,3,23006,0.0,1.0,1.0,0.03,0.01,0.0410416612354693,1.0,1.0,1.0,0.0682789818334184,0.2091644484599584,0.0747586069731192,1.433858618501787,0.0726304097332395,0.074116048120404,26.92328948326305,1.2820614039649072,0.0200442610359616,14.370986382348828,45.0,0.0139389027537088,0.0502864147895174,0.0747586069731192,real10kg_smc_steady,real10kg_mpc_event,-1.0,-1.0,predictive_alpha,1.0,0.2062248607592913,0.2123719332762412,0.1738298779745985,0.0,transformer,16,True,2.5,1.0,0.75,real_10kg_v1,thruster,real_10kg_x,1.0,0.0127777777777777,0.0295238095238095,0.0200442610359616,0.0052900974048273,0.0081514577260849,0.0125,0.0007956460215002,0.0656681520090008,0.074116048120404,,,23,6,train23_eval6_scn3
post_step_13_20p9s,13.0,20.9,790,0.0697252178551856,0.0685402740740836,0.0127998763588795,0.983005520562688,0.1835759966424772,0.0337001465432788,0.0684670397097865,0.0922750550995279,0.8148890910636972,0.0,0.0,0.0169349317125693,0.0023190205496982,predictive_alpha,step_change,3,23006,0.0,1.0,1.0,0.03,0.01,0.0410416612354693,1.0,1.0,1.0,0.0682789818334184,0.2091644484599584,0.0747586069731192,1.433858618501787,0.0726304097332395,0.074116048120404,26.92328948326305,1.2820614039649072,0.0200442610359616,14.370986382348828,45.0,0.0139389027537088,0.0502864147895174,0.0747586069731192,real10kg_smc_steady,real10kg_mpc_event,-1.0,-1.0,predictive_alpha,1.0,0.2062248607592913,0.2123719332762412,0.1738298779745985,0.0,transformer,16,True,2.5,1.0,0.75,real_10kg_v1,thruster,real_10kg_x,1.0,0.0127777777777777,0.0295238095238095,0.0200442610359616,0.0052900974048273,0.0081514577260849,0.0125,0.0007956460215002,0.0656681520090008,0.074116048120404,,,23,6,train23_eval6_scn3
startup_0_3s,0.0,3.0,300,0.132011227569979,0.1297215675239291,0.0244801781788348,0.982655565831806,0.1854401222491316,0.0343880389397728,0.1119253708820857,0.2412519145566803,0.9006966592958984,0.0,0.0,0.0320855662965642,0.0045369452050646,predictive_alpha,step_change,3,23007,0.0,1.0,1.0,0.03,0.01,0.0407592787550153,1.0,1.0,1.0,0.0699163592375278,0.2412519145566803,0.0785741267867847,1.4682435439880843,0.0725333779423966,0.0740373454303219,27.01663892993852,1.286506615711358,0.019835790271944,14.380233124490363,45.0,0.0139789307040305,0.0438177750039786,0.0785741267867847,real10kg_smc_steady,real10kg_mpc_event,-1.0,-1.0,predictive_alpha,1.0,0.2064705389367857,0.2123807783921534,0.1734778907260901,0.0,transformer,16,True,2.5,1.0,0.75,real_10kg_v1,thruster,real_10kg_x,1.0,0.0127777777777777,0.0295238095238095,0.019835790271944,0.005262018549941,0.0081789507098965,0.0125,0.0008129150973303,0.0655620438943236,0.0740373454303219,,,23,7,train23_eval7_scn3
pre_step_3_10s,3.0,10.0,700,0.070063344834527,0.0696852122104459,0.0072693526938065,0.994602989266726,0.1037540059067267,0.010764893741693,0.0685392101634751,0.0991441365016794,1.0,0.0373809523809523,0.0857142857142857,0.0156642327805547,0.0024667567770951,predictive_alpha,step_change,3,23007,0.0,1.0,1.0,0.03,0.01,0.0407592787550153,1.0,1.0,1.0,0.0699163592375278,0.2412519145566803,0.0785741267867847,1.4682435439880843,0.0725333779423966,0.0740373454303219,27.01663892993852,1.286506615711358,0.019835790271944,14.380233124490363,45.0,0.0139789307040305,0.0438177750039786,0.0785741267867847,real10kg_smc_steady,real10kg_mpc_event,-1.0,-1.0,predictive_alpha,1.0,0.2064705389367857,0.2123807783921534,0.1734778907260901,0.0,transformer,16,True,2.5,1.0,0.75,real_10kg_v1,thruster,real_10kg_x,1.0,0.0127777777777777,0.0295238095238095,0.019835790271944,0.005262018549941,0.0081789507098965,0.0125,0.0008129150973303,0.0655620438943236,0.0740373454303219,,,23,7,train23_eval7_scn3
step_recovery_10_13s,10.0,13.0,300,0.0383264634225017,0.0355002029195984,0.0144448396025605,0.9262582495090316,0.3768894469422887,0.1420456552164642,0.0358444788955099,0.0654093780264698,1.0,0.0022222222222222,0.0066666666666666,0.0254666417476834,0.0128265227693215,predictive_alpha,step_change,3,23007,0.0,1.0,1.0,0.03,0.01,0.0407592787550153,1.0,1.0,1.0,0.0699163592375278,0.2412519145566803,0.0785741267867847,1.4682435439880843,0.0725333779423966,0.0740373454303219,27.01663892993852,1.286506615711358,0.019835790271944,14.380233124490363,45.0,0.0139789307040305,0.0438177750039786,0.0785741267867847,real10kg_smc_steady,real10kg_mpc_event,-1.0,-1.0,predictive_alpha,1.0,0.2064705389367857,0.2123807783921534,0.1734778907260901,0.0,transformer,16,True,2.5,1.0,0.75,real_10kg_v1,thruster,real_10kg_x,1.0,0.0127777777777777,0.0295238095238095,0.019835790271944,0.005262018549941,0.0081789507098965,0.0125,0.0008129150973303,0.0655620438943236,0.0740373454303219,,,23,7,train23_eval7_scn3
post_step_13_20p9s,13.0,20.9,790,0.0697432181590568,0.0685551912224262,0.0128180433623218,0.9829656994903626,0.1837891009429616,0.0337784336254221,0.0684773420229066,0.0922884311956859,0.8146669330260242,0.0,0.0,0.0169662719082076,0.0023470497525431,predictive_alpha,step_change,3,23007,0.0,1.0,1.0,0.03,0.01,0.0407592787550153,1.0,1.0,1.0,0.0699163592375278,0.2412519145566803,0.0785741267867847,1.4682435439880843,0.0725333779423966,0.0740373454303219,27.01663892993852,1.286506615711358,0.019835790271944,14.380233124490363,45.0,0.0139789307040305,0.0438177750039786,0.0785741267867847,real10kg_smc_steady,real10kg_mpc_event,-1.0,-1.0,predictive_alpha,1.0,0.2064705389367857,0.2123807783921534,0.1734778907260901,0.0,transformer,16,True,2.5,1.0,0.75,real_10kg_v1,thruster,real_10kg_x,1.0,0.0127777777777777,0.0295238095238095,0.019835790271944,0.005262018549941,0.0081789507098965,0.0125,0.0008129150973303,0.0655620438943236,0.0740373454303219,,,23,7,train23_eval7_scn3
startup_0_3s,0.0,3.0,300,0.1246726827611992,0.1219731824677226,0.025803499483021,0.9783472992343696,0.2069699545364367,0.0428365620808146,0.1085648052991611,0.2250713052914439,0.9197223159004596,0.0,0.0,0.0344873890977334,0.0050817123796079,predictive_alpha,step_change,3,23008,0.0,1.0,1.0,0.03,0.01,0.0409979609012845,1.0,1.0,1.0,0.0696094800997598,0.2250713052914439,0.0770244159741209,1.4617990820949576,0.0726503136677396,0.0741463693035883,27.012617236937285,1.2863151065208231,0.0202110097855663,14.312308949497083,45.0,0.0143438340664875,0.05337902494419,0.0770244159741209,real10kg_smc_steady,real10kg_mpc_event,-1.0,-1.0,predictive_alpha,1.0,0.2069185204739735,0.2135325991069258,0.1748487759506817,0.0,transformer,16,True,2.5,1.0,0.75,real_10kg_v1,thruster,real_10kg_x,1.0,0.0127777777777777,0.0295238095238095,0.0202110097855663,0.0053307331292231,0.0081409654341698,0.0125,0.0008017279405239,0.0658103927534832,0.0741463693035883,,,23,8,train23_eval8_scn3
pre_step_3_10s,3.0,10.0,700,0.0706548006110131,0.0702668193695899,0.0073942508115057,0.9945087773503276,0.104653197625091,0.0109522917731563,0.0690534787531852,0.1011353128342977,1.0,0.0373809523809523,0.0857142857142857,0.0157226959847723,0.0024660828544754,predictive_alpha,step_change,3,23008,0.0,1.0,1.0,0.03,0.01,0.0409979609012845,1.0,1.0,1.0,0.0696094800997598,0.2250713052914439,0.0770244159741209,1.4617990820949576,0.0726503136677396,0.0741463693035883,27.012617236937285,1.2863151065208231,0.0202110097855663,14.312308949497083,45.0,0.0143438340664875,0.05337902494419,0.0770244159741209,real10kg_smc_steady,real10kg_mpc_event,-1.0,-1.0,predictive_alpha,1.0,0.2069185204739735,0.2135325991069258,0.1748487759506817,0.0,transformer,16,True,2.5,1.0,0.75,real_10kg_v1,thruster,real_10kg_x,1.0,0.0127777777777777,0.0295238095238095,0.0202110097855663,0.0053307331292231,0.0081409654341698,0.0125,0.0008017279405239,0.0658103927534832,0.0741463693035883,,,23,8,train23_eval8_scn3
step_recovery_10_13s,10.0,13.0,300,0.0383799698746888,0.0355369237084891,0.0144965216834606,0.9259236999017384,0.3777106060997958,0.1426653019602751,0.0358705082066851,0.0654177512048553,1.0,0.0022222222222222,0.0066666666666666,0.025548955818583,0.0127860045068725,predictive_alpha,step_change,3,23008,0.0,1.0,1.0,0.03,0.01,0.0409979609012845,1.0,1.0,1.0,0.0696094800997598,0.2250713052914439,0.0770244159741209,1.4617990820949576,0.0726503136677396,0.0741463693035883,27.012617236937285,1.2863151065208231,0.0202110097855663,14.312308949497083,45.0,0.0143438340664875,0.05337902494419,0.0770244159741209,real10kg_smc_steady,real10kg_mpc_event,-1.0,-1.0,predictive_alpha,1.0,0.2069185204739735,0.2135325991069258,0.1748487759506817,0.0,transformer,16,True,2.5,1.0,0.75,real_10kg_v1,thruster,real_10kg_x,1.0,0.0127777777777777,0.0295238095238095,0.0202110097855663,0.0053307331292231,0.0081409654341698,0.0125,0.0008017279405239,0.0658103927534832,0.0741463693035883,,,23,8,train23_eval8_scn3
post_step_13_20p9s,13.0,20.9,790,0.069733737021679,0.0685480998042065,0.0128043778545162,0.9829976526698422,0.1836181223234254,0.0337156148455804,0.0684679766152052,0.0924447085004705,0.814655654309304,0.0,0.0,0.0169420566754999,0.0023335337350276,predictive_alpha,step_change,3,23008,0.0,1.0,1.0,0.03,0.01,0.0409979609012845,1.0,1.0,1.0,0.0696094800997598,0.2250713052914439,0.0770244159741209,1.4617990820949576,0.0726503136677396,0.0741463693035883,27.012617236937285,1.2863151065208231,0.0202110097855663,14.312308949497083,45.0,0.0143438340664875,0.05337902494419,0.0770244159741209,real10kg_smc_steady,real10kg_mpc_event,-1.0,-1.0,predictive_alpha,1.0,0.2069185204739735,0.2135325991069258,0.1748487759506817,0.0,transformer,16,True,2.5,1.0,0.75,real_10kg_v1,thruster,real_10kg_x,1.0,0.0127777777777777,0.0295238095238095,0.0202110097855663,0.0053307331292231,0.0081409654341698,0.0125,0.0008017279405239,0.0658103927534832,0.0741463693035883,,,23,8,train23_eval8_scn3
startup_0_3s,0.0,3.0,300,0.1186778070358814,0.1155179206427664,0.0272035272201499,0.973374243491374,0.2292216876903124,0.0525425821075951,0.1037350030083346,0.2133641392740407,0.8662169914454235,0.0,0.0,0.0344050395975265,0.0050131274418088,predictive_alpha,step_change,3,23009,0.0,1.0,1.0,0.03,0.01,0.0409882101826565,1.0,1.0,1.0,0.0689259400862226,0.2133641392740407,0.0756439259950596,1.447444741810676,0.0726567242773946,0.0741447970242001,26.949548005452588,1.2833118097834566,0.0201914226694874,14.301741566121905,45.0,0.0147126236552687,0.0532853578094287,0.0756439259950596,real10kg_smc_steady,real10kg_mpc_event,-1.0,-1.0,predictive_alpha,1.0,0.2065435967779804,0.2128266697505034,0.173935419032655,0.0,transformer,16,True,2.5,1.0,0.75,real_10kg_v1,thruster,real_10kg_x,1.0,0.0126984126984126,0.0295238095238095,0.0201914226694874,0.0053367320771015,0.0081326007878105,0.0125,0.0007876452249073,0.0657895671779556,0.0741447970242001,,,23,9,train23_eval9_scn3
pre_step_3_10s,3.0,10.0,700,0.0706390202191174,0.0702499049246929,0.0074041904073625,0.9944914964389732,0.1048172863156266,0.010986663510572,0.069096100837143,0.1005887907248363,1.0,0.0371428571428571,0.0857142857142857,0.0157872264053061,0.0024912255238995,predictive_alpha,step_change,3,23009,0.0,1.0,1.0,0.03,0.01,0.0409882101826565,1.0,1.0,1.0,0.0689259400862226,0.2133641392740407,0.0756439259950596,1.447444741810676,0.0726567242773946,0.0741447970242001,26.949548005452588,1.2833118097834566,0.0201914226694874,14.301741566121905,45.0,0.0147126236552687,0.0532853578094287,0.0756439259950596,real10kg_smc_steady,real10kg_mpc_event,-1.0,-1.0,predictive_alpha,1.0,0.2065435967779804,0.2128266697505034,0.173935419032655,0.0,transformer,16,True,2.5,1.0,0.75,real_10kg_v1,thruster,real_10kg_x,1.0,0.0126984126984126,0.0295238095238095,0.0201914226694874,0.0053367320771015,0.0081326007878105,0.0125,0.0007876452249073,0.0657895671779556,0.0741447970242001,,,23,9,train23_eval9_scn3
step_recovery_10_13s,10.0,13.0,300,0.0384392396737912,0.0355859803888592,0.0145331739982322,0.9257722236666032,0.3780817238209126,0.1429457898873928,0.0359100019851596,0.0654273152316733,1.0,0.0022222222222222,0.0066666666666666,0.0256099278234964,0.0127323822889431,predictive_alpha,step_change,3,23009,0.0,1.0,1.0,0.03,0.01,0.0409882101826565,1.0,1.0,1.0,0.0689259400862226,0.2133641392740407,0.0756439259950596,1.447444741810676,0.0726567242773946,0.0741447970242001,26.949548005452588,1.2833118097834566,0.0201914226694874,14.301741566121905,45.0,0.0147126236552687,0.0532853578094287,0.0756439259950596,real10kg_smc_steady,real10kg_mpc_event,-1.0,-1.0,predictive_alpha,1.0,0.2065435967779804,0.2128266697505034,0.173935419032655,0.0,transformer,16,True,2.5,1.0,0.75,real_10kg_v1,thruster,real_10kg_x,1.0,0.0126984126984126,0.0295238095238095,0.0201914226694874,0.0053367320771015,0.0081326007878105,0.0125,0.0007876452249073,0.0657895671779556,0.0741447970242001,,,23,9,train23_eval9_scn3
post_step_13_20p9s,13.0,20.9,790,0.0696905876094947,0.0685062340832197,0.012793509803481,0.983005545412941,0.1835758635752712,0.0337000976874066,0.0684320987862135,0.0922511355756598,0.8157319118177478,0.0,0.0,0.016869954712303,0.0023142993786145,predictive_alpha,step_change,3,23009,0.0,1.0,1.0,0.03,0.01,0.0409882101826565,1.0,1.0,1.0,0.0689259400862226,0.2133641392740407,0.0756439259950596,1.447444741810676,0.0726567242773946,0.0741447970242001,26.949548005452588,1.2833118097834566,0.0201914226694874,14.301741566121905,45.0,0.0147126236552687,0.0532853578094287,0.0756439259950596,real10kg_smc_steady,real10kg_mpc_event,-1.0,-1.0,predictive_alpha,1.0,0.2065435967779804,0.2128266697505034,0.173935419032655,0.0,transformer,16,True,2.5,1.0,0.75,real_10kg_v1,thruster,real_10kg_x,1.0,0.0126984126984126,0.0295238095238095,0.0201914226694874,0.0053367320771015,0.0081326007878105,0.0125,0.0007876452249073,0.0657895671779556,0.0741447970242001,,,23,9,train23_eval9_scn3
startup_0_3s,0.0,3.0,300,0.121149797127177,0.1181646202920331,0.0267281846595644,0.9753596216755512,0.2206209609373636,0.0486736084049257,0.1058677700969893,0.2186873579194471,0.902737806277588,0.0,0.0,0.0357082392809037,0.0046053996469557,predictive_alpha,constant,1,24000,0.0,1.0,1.0,0.03,0.01,0.0438364747572133,1.0,1.0,1.0,0.0892408925742636,0.2186873579194471,0.0979256688524372,1.874058744059536,0.0791041422223405,0.0809149072173141,30.484864014536328,1.4516601911683966,0.0190650868925402,14.04801096643751,45.0,0.014400420213623,0.0544932718133105,0.0979256688524372,real10kg_smc_steady,real10kg_mpc_event,-1.0,-1.0,predictive_alpha,1.0,0.2587763330929103,0.2948536205888264,0.2261430576698122,0.0,transformer,16,True,2.5,1.0,0.75,real_10kg_v1,thruster,real_10kg_x,1.0,0.0463492063492063,0.1314285714285714,0.0190650868925402,0.0026416268214699,0.0081296563232207,0.0125,0.000715007621896,0.0934957958033623,0.0809149072173141,,,24,0,train24_eval0_scn1
pre_step_3_10s,3.0,10.0,700,0.0709563234457046,0.0705937434028339,0.0071640232625452,0.994890095409916,0.1009638452875471,0.0101936980552477,0.0699412213688974,0.0975247347279842,1.0,0.0371428571428571,0.09,0.0152305561518588,0.0024105380664014,predictive_alpha,constant,1,24000,0.0,1.0,1.0,0.03,0.01,0.0438364747572133,1.0,1.0,1.0,0.0892408925742636,0.2186873579194471,0.0979256688524372,1.874058744059536,0.0791041422223405,0.0809149072173141,30.484864014536328,1.4516601911683966,0.0190650868925402,14.04801096643751,45.0,0.014400420213623,0.0544932718133105,0.0979256688524372,real10kg_smc_steady,real10kg_mpc_event,-1.0,-1.0,predictive_alpha,1.0,0.2587763330929103,0.2948536205888264,0.2261430576698122,0.0,transformer,16,True,2.5,1.0,0.75,real_10kg_v1,thruster,real_10kg_x,1.0,0.0463492063492063,0.1314285714285714,0.0190650868925402,0.0026416268214699,0.0081296563232207,0.0125,0.000715007621896,0.0934957958033623,0.0809149072173141,,,24,0,train24_eval0_scn1
step_recovery_10_13s,10.0,13.0,300,0.1527898778000093,0.1523354164371648,0.0117757232074023,0.9970255793813818,0.0770713569312221,0.0059399940592198,0.1440841327504,0.2119019152111312,1.0,0.2377777777777777,0.71,0.0112972501082086,0.0008301490145228,predictive_alpha,constant,1,24000,0.0,1.0,1.0,0.03,0.01,0.0438364747572133,1.0,1.0,1.0,0.0892408925742636,0.2186873579194471,0.0979256688524372,1.874058744059536,0.0791041422223405,0.0809149072173141,30.484864014536328,1.4516601911683966,0.0190650868925402,14.04801096643751,45.0,0.014400420213623,0.0544932718133105,0.0979256688524372,real10kg_smc_steady,real10kg_mpc_event,-1.0,-1.0,predictive_alpha,1.0,0.2587763330929103,0.2948536205888264,0.2261430576698122,0.0,transformer,16,True,2.5,1.0,0.75,real_10kg_v1,thruster,real_10kg_x,1.0,0.0463492063492063,0.1314285714285714,0.0190650868925402,0.0026416268214699,0.0081296563232207,0.0125,0.000715007621896,0.0934957958033623,0.0809149072173141,,,24,0,train24_eval0_scn1
post_step_13_20p9s,13.0,20.9,790,0.0810253402897033,0.0799047944112518,0.0134286856824415,0.9861704267523584,0.1657343941343249,0.0274678893990717,0.0797590816787467,0.1038053258252364,0.7591837191572053,0.0,0.0,0.0193262628987481,0.0028198154597472,predictive_alpha,constant,1,24000,0.0,1.0,1.0,0.03,0.01,0.0438364747572133,1.0,1.0,1.0,0.0892408925742636,0.2186873579194471,0.0979256688524372,1.874058744059536,0.0791041422223405,0.0809149072173141,30.484864014536328,1.4516601911683966,0.0190650868925402,14.04801096643751,45.0,0.014400420213623,0.0544932718133105,0.0979256688524372,real10kg_smc_steady,real10kg_mpc_event,-1.0,-1.0,predictive_alpha,1.0,0.2587763330929103,0.2948536205888264,0.2261430576698122,0.0,transformer,16,True,2.5,1.0,0.75,real_10kg_v1,thruster,real_10kg_x,1.0,0.0463492063492063,0.1314285714285714,0.0190650868925402,0.0026416268214699,0.0081296563232207,0.0125,0.000715007621896,0.0934957958033623,0.0809149072173141,,,24,0,train24_eval0_scn1
startup_0_3s,0.0,3.0,300,0.1253461302058238,0.123047940150963,0.0238926093631554,0.981665249249522,0.1906130594053658,0.0363333384158735,0.1082017659380684,0.2285067462941613,0.928488604264364,0.0,0.0,0.0341633271588792,0.004351230104627,predictive_alpha,constant,1,24001,0.0,1.0,1.0,0.03,0.01,0.0437887223928023,1.0,1.0,1.0,0.0898351187205037,0.2285067462941613,0.0989277939671933,1.8865374931305787,0.0791026083861753,0.0809139370163,30.51755561885908,1.4532169342313848,0.0187376187434624,13.944028125436562,45.0,0.0136763375420868,0.0503802069179072,0.0989277939671933,real10kg_smc_steady,real10kg_mpc_event,-1.0,-1.0,predictive_alpha,1.0,0.2574920452925853,0.2950795493261029,0.2254187872772759,0.0,transformer,16,True,2.5,1.0,0.75,real_10kg_v1,thruster,real_10kg_x,1.0,0.0462698412698412,0.1314285714285714,0.0187376187434624,0.0025726792231397,0.0080909360663448,0.0125,0.0006873636665435,0.0938041457656437,0.0809139370163,,,24,1,train24_eval1_scn1
pre_step_3_10s,3.0,10.0,700,0.0718965154855467,0.0715381917700965,0.0071691043532896,0.99501611847208,0.0997142115285251,0.0099429239807554,0.0706737235063011,0.1025858292423356,1.0,0.0371428571428571,0.09,0.0149590763968293,0.0022899855911799,predictive_alpha,constant,1,24001,0.0,1.0,1.0,0.03,0.01,0.0437887223928023,1.0,1.0,1.0,0.0898351187205037,0.2285067462941613,0.0989277939671933,1.8865374931305787,0.0791026083861753,0.0809139370163,30.51755561885908,1.4532169342313848,0.0187376187434624,13.944028125436562,45.0,0.0136763375420868,0.0503802069179072,0.0989277939671933,real10kg_smc_steady,real10kg_mpc_event,-1.0,-1.0,predictive_alpha,1.0,0.2574920452925853,0.2950795493261029,0.2254187872772759,0.0,transformer,16,True,2.5,1.0,0.75,real_10kg_v1,thruster,real_10kg_x,1.0,0.0462698412698412,0.1314285714285714,0.0187376187434624,0.0025726792231397,0.0080909360663448,0.0125,0.0006873636665435,0.0938041457656437,0.0809139370163,,,24,1,train24_eval1_scn1
step_recovery_10_13s,10.0,13.0,300,0.1528861344756514,0.1524298814086222,0.0118026000805052,0.9970157328616226,0.0771986296925112,0.0059596284264014,0.1441765723860893,0.2120380174638359,1.0,0.2372222222222222,0.71,0.0112239315228665,0.000830328388078,predictive_alpha,constant,1,24001,0.0,1.0,1.0,0.03,0.01,0.0437887223928023,1.0,1.0,1.0,0.0898351187205037,0.2285067462941613,0.0989277939671933,1.8865374931305787,0.0791026083861753,0.0809139370163,30.51755561885908,1.4532169342313848,0.0187376187434624,13.944028125436562,45.0,0.0136763375420868,0.0503802069179072,0.0989277939671933,real10kg_smc_steady,real10kg_mpc_event,-1.0,-1.0,predictive_alpha,1.0,0.2574920452925853,0.2950795493261029,0.2254187872772759,0.0,transformer,16,True,2.5,1.0,0.75,real_10kg_v1,thruster,real_10kg_x,1.0,0.0462698412698412,0.1314285714285714,0.0187376187434624,0.0025726792231397,0.0080909360663448,0.0125,0.0006873636665435,0.0938041457656437,0.0809139370163,,,24,1,train24_eval1_scn1
post_step_13_20p9s,13.0,20.9,790,0.0810342049532722,0.0799132521392316,0.0134318466690369,0.9861669178504684,0.1657552718235753,0.0274748101373073,0.0797684886863746,0.1038036492561855,0.7597800501348624,0.0,0.0,0.0193263792301081,0.0028294887294141,predictive_alpha,constant,1,24001,0.0,1.0,1.0,0.03,0.01,0.0437887223928023,1.0,1.0,1.0,0.0898351187205037,0.2285067462941613,0.0989277939671933,1.8865374931305787,0.0791026083861753,0.0809139370163,30.51755561885908,1.4532169342313848,0.0187376187434624,13.944028125436562,45.0,0.0136763375420868,0.0503802069179072,0.0989277939671933,real10kg_smc_steady,real10kg_mpc_event,-1.0,-1.0,predictive_alpha,1.0,0.2574920452925853,0.2950795493261029,0.2254187872772759,0.0,transformer,16,True,2.5,1.0,0.75,real_10kg_v1,thruster,real_10kg_x,1.0,0.0462698412698412,0.1314285714285714,0.0187376187434624,0.0025726792231397,0.0080909360663448,0.0125,0.0006873636665435,0.0938041457656437,0.0809139370163,,,24,1,train24_eval1_scn1
startup_0_3s,0.0,3.0,300,0.115643001758672,0.1132403781188909,0.0234503863347031,0.9792237869716062,0.2027825806843047,0.0411207750289865,0.1010551653038978,0.2092325399269688,0.9114609997565298,0.0,0.0,0.0340616240856391,0.0044101761780212,predictive_alpha,constant,1,24002,0.0,1.0,1.0,0.03,0.01,0.0437839626667708,1.0,1.0,1.0,0.0888668442434666,0.2121814761443434,0.0972868433455881,1.8662037291128,0.0790984007178226,0.08091148067095,30.4989424959542,1.452330595045438,0.0187035863561603,13.950163818728551,45.0,0.0135634163474942,0.0489147721972297,0.0972868433455881,real10kg_smc_steady,real10kg_mpc_event,-1.0,-1.0,predictive_alpha,1.0,0.2569447723068648,0.2950932159788969,0.2242987837847821,0.0,transformer,16,True,2.5,1.0,0.75,real_10kg_v1,thruster,real_10kg_x,1.0,0.0463492063492063,0.1314285714285714,0.0187035863561603,0.0025741914486985,0.008063959156894,0.0125,0.0007104017083739,0.093879182429055,0.08091148067095,,,24,2,train24_eval2_scn1
pre_step_3_10s,3.0,10.0,700,0.0720211154749625,0.0716637113461039,0.0071661391530013,0.995037509117964,0.0995005298896341,0.0099003554483179,0.0707684722082761,0.1032836729121878,1.0,0.0373809523809523,0.09,0.0149020407694518,0.0022647723403075,predictive_alpha,constant,1,24002,0.0,1.0,1.0,0.03,0.01,0.0437839626667708,1.0,1.0,1.0,0.0888668442434666,0.2121814761443434,0.0972868433455881,1.8662037291128,0.0790984007178226,0.08091148067095,30.4989424959542,1.452330595045438,0.0187035863561603,13.950163818728551,45.0,0.0135634163474942,0.0489147721972297,0.0972868433455881,real10kg_smc_steady,real10kg_mpc_event,-1.0,-1.0,predictive_alpha,1.0,0.2569447723068648,0.2950932159788969,0.2242987837847821,0.0,transformer,16,True,2.5,1.0,0.75,real_10kg_v1,thruster,real_10kg_x,1.0,0.0463492063492063,0.1314285714285714,0.0187035863561603,0.0025741914486985,0.008063959156894,0.0125,0.0007104017083739,0.093879182429055,0.08091148067095,,,24,2,train24_eval2_scn1
step_recovery_10_13s,10.0,13.0,300,0.1530091362298347,0.1525546769791461,0.0117841546828135,0.99702985545905,0.0770160199134291,0.0059314673233057,0.1442941333025882,0.2121814761443434,1.0,0.2372222222222222,0.71,0.0112117689444673,0.0008196162571189,predictive_alpha,constant,1,24002,0.0,1.0,1.0,0.03,0.01,0.0437839626667708,1.0,1.0,1.0,0.0888668442434666,0.2121814761443434,0.0972868433455881,1.8662037291128,0.0790984007178226,0.08091148067095,30.4989424959542,1.452330595045438,0.0187035863561603,13.950163818728551,45.0,0.0135634163474942,0.0489147721972297,0.0972868433455881,real10kg_smc_steady,real10kg_mpc_event,-1.0,-1.0,predictive_alpha,1.0,0.2569447723068648,0.2950932159788969,0.2242987837847821,0.0,transformer,16,True,2.5,1.0,0.75,real_10kg_v1,thruster,real_10kg_x,1.0,0.0463492063492063,0.1314285714285714,0.0187035863561603,0.0025741914486985,0.008063959156894,0.0125,0.0007104017083739,0.093879182429055,0.08091148067095,,,24,2,train24_eval2_scn1
post_step_13_20p9s,13.0,20.9,790,0.0810459783740601,0.0799255120340571,0.0134299343521262,0.9861749298055033,0.165707597360866,0.0274590078231109,0.0797798697576593,0.1038147313998969,0.7592452646443855,0.0,0.0,0.0193325573465639,0.0028424830502611,predictive_alpha,constant,1,24002,0.0,1.0,1.0,0.03,0.01,0.0437839626667708,1.0,1.0,1.0,0.0888668442434666,0.2121814761443434,0.0972868433455881,1.8662037291128,0.0790984007178226,0.08091148067095,30.4989424959542,1.452330595045438,0.0187035863561603,13.950163818728551,45.0,0.0135634163474942,0.0489147721972297,0.0972868433455881,real10kg_smc_steady,real10kg_mpc_event,-1.0,-1.0,predictive_alpha,1.0,0.2569447723068648,0.2950932159788969,0.2242987837847821,0.0,transformer,16,True,2.5,1.0,0.75,real_10kg_v1,thruster,real_10kg_x,1.0,0.0463492063492063,0.1314285714285714,0.0187035863561603,0.0025741914486985,0.008063959156894,0.0125,0.0007104017083739,0.093879182429055,0.08091148067095,,,24,2,train24_eval2_scn1
startup_0_3s,0.0,3.0,300,0.1215061976738218,0.1186018940693209,0.0264073246717542,0.9760974858887662,0.2173331498911976,0.0472336980416297,0.1061007553929926,0.2197127393152508,0.8723659864665931,0.0,0.0,0.0348895360105682,0.0044823128696693,predictive_alpha,constant,1,24003,0.0,1.0,1.0,0.03,0.01,0.0438184791258727,1.0,1.0,1.0,0.0892163738956904,0.2197127393152508,0.0979553084137374,1.8735438518094985,0.0791050233506742,0.0809155591104215,30.44429895134578,1.449728521492656,0.018985428581391,14.08892712087924,45.0,0.0143234033409712,0.0541891333324282,0.0979553084137374,real10kg_smc_steady,real10kg_mpc_event,-1.0,-1.0,predictive_alpha,1.0,0.2586876808830847,0.2947293635321115,0.2257086700379815,0.0,transformer,16,True,2.5,1.0,0.75,real_10kg_v1,thruster,real_10kg_x,1.0,0.0463492063492063,0.1314285714285714,0.018985428581391,0.0026211246547436,0.0081451114033017,0.0125,0.0006834841093567,0.0934549276851887,0.0809155591104215,,,24,3,train24_eval3_scn1
pre_step_3_10s,3.0,10.0,700,0.0706453821552778,0.0702793752889393,0.0071818819860586,0.9948190970850148,0.1016610253487331,0.0103349640749557,0.0696846223142446,0.0962827569251318,1.0,0.0371428571428571,0.09,0.0153309279467852,0.0023933317656161,predictive_alpha,constant,1,24003,0.0,1.0,1.0,0.03,0.01,0.0438184791258727,1.0,1.0,1.0,0.0892163738956904,0.2197127393152508,0.0979553084137374,1.8735438518094985,0.0791050233506742,0.0809155591104215,30.44429895134578,1.449728521492656,0.018985428581391,14.08892712087924,45.0,0.0143234033409712,0.0541891333324282,0.0979553084137374,real10kg_smc_steady,real10kg_mpc_event,-1.0,-1.0,predictive_alpha,1.0,0.2586876808830847,0.2947293635321115,0.2257086700379815,0.0,transformer,16,True,2.5,1.0,0.75,real_10kg_v1,thruster,real_10kg_x,1.0,0.0463492063492063,0.1314285714285714,0.018985428581391,0.0026211246547436,0.0081451114033017,0.0125,0.0006834841093567,0.0934549276851887,0.0809155591104215,,,24,3,train24_eval3_scn1
step_recovery_10_13s,10.0,13.0,300,0.1529605813667864,0.1525045939010927,0.0118020460568525,0.9970189217272898,0.0771574346239715,0.0059532697177524,0.1442477344086848,0.2121320051598969,1.0,0.2377777777777777,0.71,0.0113109726654726,0.0008287667805484,predictive_alpha,constant,1,24003,0.0,1.0,1.0,0.03,0.01,0.0438184791258727,1.0,1.0,1.0,0.0892163738956904,0.2197127393152508,0.0979553084137374,1.8735438518094985,0.0791050233506742,0.0809155591104215,30.44429895134578,1.449728521492656,0.018985428581391,14.08892712087924,45.0,0.0143234033409712,0.0541891333324282,0.0979553084137374,real10kg_smc_steady,real10kg_mpc_event,-1.0,-1.0,predictive_alpha,1.0,0.2586876808830847,0.2947293635321115,0.2257086700379815,0.0,transformer,16,True,2.5,1.0,0.75,real_10kg_v1,thruster,real_10kg_x,1.0,0.0463492063492063,0.1314285714285714,0.018985428581391,0.0026211246547436,0.0081451114033017,0.0125,0.0006834841093567,0.0934549276851887,0.0809155591104215,,,24,3,train24_eval3_scn1
post_step_13_20p9s,13.0,20.9,790,0.0810364209604769,0.0799153651278686,0.0134326445111552,0.9861660248648556,0.1657605845858689,0.027476571402249,0.0797707852464563,0.1038028477574321,0.7594389672199258,0.0,0.0,0.0193296532687379,0.0028269865457911,predictive_alpha,constant,1,24003,0.0,1.0,1.0,0.03,0.01,0.0438184791258727,1.0,1.0,1.0,0.0892163738956904,0.2197127393152508,0.0979553084137374,1.8735438518094985,0.0791050233506742,0.0809155591104215,30.44429895134578,1.449728521492656,0.018985428581391,14.08892712087924,45.0,0.0143234033409712,0.0541891333324282,0.0979553084137374,real10kg_smc_steady,real10kg_mpc_event,-1.0,-1.0,predictive_alpha,1.0,0.2586876808830847,0.2947293635321115,0.2257086700379815,0.0,transformer,16,True,2.5,1.0,0.75,real_10kg_v1,thruster,real_10kg_x,1.0,0.0463492063492063,0.1314285714285714,0.018985428581391,0.0026211246547436,0.0081451114033017,0.0125,0.0006834841093567,0.0934549276851887,0.0809155591104215,,,24,3,train24_eval3_scn1
startup_0_3s,0.0,3.0,300,0.1205075667022241,0.1181730860651,0.0236049859635938,0.9806279331579844,0.1958796995870153,0.0383688567102993,0.1041206443915362,0.2201895316240186,0.902139751241668,0.0,0.0,0.0334593226977999,0.0043385867027543,predictive_alpha,constant,1,24004,0.0,1.0,1.0,0.03,0.01,0.0437835092302204,1.0,1.0,1.0,0.0892833772453161,0.2201895316240186,0.0981100660679133,1.874950922151638,0.0790987630100665,0.0809118665121477,30.48269252306548,1.4515567868126418,0.0186371427402791,13.9602702779261,45.0,0.0136031166816478,0.0489109927911434,0.0981100660679133,real10kg_smc_steady,real10kg_mpc_event,-1.0,-1.0,predictive_alpha,1.0,0.2570938039050668,0.2951402231372001,0.2243591817704838,0.0,transformer,16,True,2.5,1.0,0.75,real_10kg_v1,thruster,real_10kg_x,1.0,0.0463492063492063,0.1314285714285714,0.0186371427402791,0.0025683548362883,0.0080706311377209,0.0125,0.000705437140599,0.0938589560763571,0.0809118665121477,,,24,4,train24_eval4_scn1
pre_step_3_10s,3.0,10.0,700,0.0719327068592652,0.0715738461285118,0.0071762710702068,0.9950111604800936,0.0997636733488572,0.0099527905200574,0.0706945472179632,0.1029958463837539,1.0,0.0373809523809523,0.09,0.0149619674716178,0.0022839134636032,predictive_alpha,constant,1,24004,0.0,1.0,1.0,0.03,0.01,0.0437835092302204,1.0,1.0,1.0,0.0892833772453161,0.2201895316240186,0.0981100660679133,1.874950922151638,0.0790987630100665,0.0809118665121477,30.48269252306548,1.4515567868126418,0.0186371427402791,13.9602702779261,45.0,0.0136031166816478,0.0489109927911434,0.0981100660679133,real10kg_smc_steady,real10kg_mpc_event,-1.0,-1.0,predictive_alpha,1.0,0.2570938039050668,0.2951402231372001,0.2243591817704838,0.0,transformer,16,True,2.5,1.0,0.75,real_10kg_v1,thruster,real_10kg_x,1.0,0.0463492063492063,0.1314285714285714,0.0186371427402791,0.0025683548362883,0.0080706311377209,0.0125,0.000705437140599,0.0938589560763571,0.0809118665121477,,,24,4,train24_eval4_scn1
step_recovery_10_13s,10.0,13.0,300,0.1530307296165794,0.152576500747939,0.0117820043497185,0.9970317800236695,0.0769911009327247,0.005927629622833,0.1443148458008065,0.2122071341815942,1.0,0.2372222222222222,0.71,0.0112113584862322,0.0008193079439731,predictive_alpha,constant,1,24004,0.0,1.0,1.0,0.03,0.01,0.0437835092302204,1.0,1.0,1.0,0.0892833772453161,0.2201895316240186,0.0981100660679133,1.874950922151638,0.0790987630100665,0.0809118665121477,30.48269252306548,1.4515567868126418,0.0186371427402791,13.9602702779261,45.0,0.0136031166816478,0.0489109927911434,0.0981100660679133,real10kg_smc_steady,real10kg_mpc_event,-1.0,-1.0,predictive_alpha,1.0,0.2570938039050668,0.2951402231372001,0.2243591817704838,0.0,transformer,16,True,2.5,1.0,0.75,real_10kg_v1,thruster,real_10kg_x,1.0,0.0463492063492063,0.1314285714285714,0.0186371427402791,0.0025683548362883,0.0080706311377209,0.0125,0.000705437140599,0.0938589560763571,0.0809118665121477,,,24,4,train24_eval4_scn1
post_step_13_20p9s,13.0,20.9,790,0.0810466912599039,0.0799262737465192,0.0134297032422406,0.9861756538611596,0.1657032882338614,0.0274575797315141,0.079780643236438,0.1038155271899711,0.759208251610614,0.0,0.0,0.019332905616794,0.0028433092629671,predictive_alpha,constant,1,24004,0.0,1.0,1.0,0.03,0.01,0.0437835092302204,1.0,1.0,1.0,0.0892833772453161,0.2201895316240186,0.0981100660679133,1.874950922151638,0.0790987630100665,0.0809118665121477,30.48269252306548,1.4515567868126418,0.0186371427402791,13.9602702779261,45.0,0.0136031166816478,0.0489109927911434,0.0981100660679133,real10kg_smc_steady,real10kg_mpc_event,-1.0,-1.0,predictive_alpha,1.0,0.2570938039050668,0.2951402231372001,0.2243591817704838,0.0,transformer,16,True,2.5,1.0,0.75,real_10kg_v1,thruster,real_10kg_x,1.0,0.0463492063492063,0.1314285714285714,0.0186371427402791,0.0025683548362883,0.0080706311377209,0.0125,0.000705437140599,0.0938589560763571,0.0809118665121477,,,24,4,train24_eval4_scn1
startup_0_3s,0.0,3.0,300,0.1178156387892221,0.1142702078752557,0.0286852633848515,0.9699069584445462,0.2434758549853543,0.0592804919608492,0.1039502782369658,0.2102887196711287,0.835413641929325,0.0,0.0,0.0348443273172399,0.004496490337549,predictive_alpha,constant,1,24005,0.0,1.0,1.0,0.03,0.01,0.0438019262422896,1.0,1.0,1.0,0.0888753163464673,0.2124771022947975,0.0973074703098801,1.866381643275815,0.0791109599807859,0.0809214212996158,30.401187758977205,1.447675607570343,0.0189961501445147,14.14444500163531,45.0,0.0149469402834521,0.0548497050247738,0.0973074703098801,real10kg_smc_steady,real10kg_mpc_event,-1.0,-1.0,predictive_alpha,1.0,0.2589186467199244,0.294759465550599,0.2259301256122333,0.0,transformer,16,True,2.5,1.0,0.75,real_10kg_v1,thruster,real_10kg_x,1.0,0.0463492063492063,0.1314285714285714,0.0189961501445147,0.0026186273536039,0.0081343855324901,0.0125,0.0007017800844322,0.0934529130127796,0.0809214212996158,,,24,5,train24_eval5_scn1
pre_step_3_10s,3.0,10.0,700,0.0703637596769871,0.0699919288942308,0.0072241653874849,0.9947155924518072,0.1026688372060894,0.0105408901332504,0.0694496562362593,0.0950088697087411,1.0,0.0373809523809523,0.09,0.0153614672165715,0.0023714097552525,predictive_alpha,constant,1,24005,0.0,1.0,1.0,0.03,0.01,0.0438019262422896,1.0,1.0,1.0,0.0888753163464673,0.2124771022947975,0.0973074703098801,1.866381643275815,0.0791109599807859,0.0809214212996158,30.401187758977205,1.447675607570343,0.0189961501445147,14.14444500163531,45.0,0.0149469402834521,0.0548497050247738,0.0973074703098801,real10kg_smc_steady,real10kg_mpc_event,-1.0,-1.0,predictive_alpha,1.0,0.2589186467199244,0.294759465550599,0.2259301256122333,0.0,transformer,16,True,2.5,1.0,0.75,real_10kg_v1,thruster,real_10kg_x,1.0,0.0463492063492063,0.1314285714285714,0.0189961501445147,0.0026186273536039,0.0081343855324901,0.0125,0.0007017800844322,0.0934529130127796,0.0809214212996158,,,24,5,train24_eval5_scn1
step_recovery_10_13s,10.0,13.0,300,0.1532258179526082,0.152768944779032,0.0118237387634744,0.9970183016173064,0.0771654471907042,0.0059545062401413,0.1445020613485491,0.2124771022947975,1.0,0.2372222222222222,0.71,0.0113373546262623,0.0008324744929305,predictive_alpha,constant,1,24005,0.0,1.0,1.0,0.03,0.01,0.0438019262422896,1.0,1.0,1.0,0.0888753163464673,0.2124771022947975,0.0973074703098801,1.866381643275815,0.0791109599807859,0.0809214212996158,30.401187758977205,1.447675607570343,0.0189961501445147,14.14444500163531,45.0,0.0149469402834521,0.0548497050247738,0.0973074703098801,real10kg_smc_steady,real10kg_mpc_event,-1.0,-1.0,predictive_alpha,1.0,0.2589186467199244,0.294759465550599,0.2259301256122333,0.0,transformer,16,True,2.5,1.0,0.75,real_10kg_v1,thruster,real_10kg_x,1.0,0.0463492063492063,0.1314285714285714,0.0189961501445147,0.0026186273536039,0.0081343855324901,0.0125,0.0007017800844322,0.0934529130127796,0.0809214212996158,,,24,5,train24_eval5_scn1
post_step_13_20p9s,13.0,20.9,790,0.0810579778177659,0.0799366978784883,0.0134357768732858,0.9861669391531268,0.1657551450825984,0.0274747681213532,0.0797924879864149,0.1038088686898385,0.7593948560956736,0.0,0.0,0.0193369889996045,0.0028330059100803,predictive_alpha,constant,1,24005,0.0,1.0,1.0,0.03,0.01,0.0438019262422896,1.0,1.0,1.0,0.0888753163464673,0.2124771022947975,0.0973074703098801,1.866381643275815,0.0791109599807859,0.0809214212996158,30.401187758977205,1.447675607570343,0.0189961501445147,14.14444500163531,45.0,0.0149469402834521,0.0548497050247738,0.0973074703098801,real10kg_smc_steady,real10kg_mpc_event,-1.0,-1.0,predictive_alpha,1.0,0.2589186467199244,0.294759465550599,0.2259301256122333,0.0,transformer,16,True,2.5,1.0,0.75,real_10kg_v1,thruster,real_10kg_x,1.0,0.0463492063492063,0.1314285714285714,0.0189961501445147,0.0026186273536039,0.0081343855324901,0.0125,0.0007017800844322,0.0934529130127796,0.0809214212996158,,,24,5,train24_eval5_scn1
startup_0_3s,0.0,3.0,300,0.1529583190288617,0.150786585140619,0.0256837127722194,0.9858017929195936,0.1679131474200709,0.0281948250765144,0.1300948924026148,0.2794029930124417,1.0,0.0044444444444444,0.0266666666666666,0.0362741719029271,0.0045457964238629,predictive_alpha,constant,1,24006,0.0,1.0,1.0,0.03,0.01,0.0438513195097568,1.0,1.0,1.0,0.0927061121955562,0.2794029930124417,0.1040741210272867,1.946828356106681,0.0791104438825614,0.080919717542375,30.641476827041757,1.4591179441448454,0.0191609729674709,14.02986979345128,45.0,0.0141192919953247,0.0558535212153143,0.1040741210272867,real10kg_smc_steady,real10kg_mpc_event,-1.0,-1.0,predictive_alpha,1.0,0.260418707238726,0.2952542139181753,0.228752302044997,0.0,transformer,16,True,2.5,1.0,0.75,real_10kg_v1,thruster,real_10kg_x,1.0,0.0469841269841269,0.1352380952380952,0.0191609729674709,0.0026364888791714,0.0081802075986561,0.0125,0.0006984281394221,0.0934734465976668,0.080919717542375,,,24,6,train24_eval6_scn1
pre_step_3_10s,3.0,10.0,700,0.071047910471507,0.0706862434216387,0.0071596489651456,0.9949095329128176,0.1007721257054688,0.0101550213191988,0.0700318791801238,0.0973275938879341,1.0,0.0371428571428571,0.09,0.0152625111791371,0.0024186169397621,predictive_alpha,constant,1,24006,0.0,1.0,1.0,0.03,0.01,0.0438513195097568,1.0,1.0,1.0,0.0927061121955562,0.2794029930124417,0.1040741210272867,1.946828356106681,0.0791104438825614,0.080919717542375,30.641476827041757,1.4591179441448454,0.0191609729674709,14.02986979345128,45.0,0.0141192919953247,0.0558535212153143,0.1040741210272867,real10kg_smc_steady,real10kg_mpc_event,-1.0,-1.0,predictive_alpha,1.0,0.260418707238726,0.2952542139181753,0.228752302044997,0.0,transformer,16,True,2.5,1.0,0.75,real_10kg_v1,thruster,real_10kg_x,1.0,0.0469841269841269,0.1352380952380952,0.0191609729674709,0.0026364888791714,0.0081802075986561,0.0125,0.0006984281394221,0.0934734465976668,0.080919717542375,,,24,6,train24_eval6_scn1
step_recovery_10_13s,10.0,13.0,300,0.1526197708801689,0.1521675584131417,0.0117400438712283,0.9970369994371024,0.0769234798579677,0.0059172217534591,0.1439217702846632,0.2116636060346644,1.0,0.2377777777777777,0.71,0.0113007314254576,0.0008294770404863,predictive_alpha,constant,1,24006,0.0,1.0,1.0,0.03,0.01,0.0438513195097568,1.0,1.0,1.0,0.0927061121955562,0.2794029930124417,0.1040741210272867,1.946828356106681,0.0791104438825614,0.080919717542375,30.641476827041757,1.4591179441448454,0.0191609729674709,14.02986979345128,45.0,0.0141192919953247,0.0558535212153143,0.1040741210272867,real10kg_smc_steady,real10kg_mpc_event,-1.0,-1.0,predictive_alpha,1.0,0.260418707238726,0.2952542139181753,0.228752302044997,0.0,transformer,16,True,2.5,1.0,0.75,real_10kg_v1,thruster,real_10kg_x,1.0,0.0469841269841269,0.1352380952380952,0.0191609729674709,0.0026364888791714,0.0081802075986561,0.0125,0.0006984281394221,0.0934734465976668,0.080919717542375,,,24,6,train24_eval6_scn1
post_step_13_20p9s,13.0,20.9,790,0.0810172371958546,0.0798972097983246,0.013424924181978,0.986175443198312,0.1657045419794313,0.0274579952326131,0.0797516111818832,0.103768594997415,0.758844226996717,0.0,0.0,0.0193394430746604,0.0028117407661882,predictive_alpha,constant,1,24006,0.0,1.0,1.0,0.03,0.01,0.0438513195097568,1.0,1.0,1.0,0.0927061121955562,0.2794029930124417,0.1040741210272867,1.946828356106681,0.0791104438825614,0.080919717542375,30.641476827041757,1.4591179441448454,0.0191609729674709,14.02986979345128,45.0,0.0141192919953247,0.0558535212153143,0.1040741210272867,real10kg_smc_steady,real10kg_mpc_event,-1.0,-1.0,predictive_alpha,1.0,0.260418707238726,0.2952542139181753,0.228752302044997,0.0,transformer,16,True,2.5,1.0,0.75,real_10kg_v1,thruster,real_10kg_x,1.0,0.0469841269841269,0.1352380952380952,0.0191609729674709,0.0026364888791714,0.0081802075986561,0.0125,0.0006984281394221,0.0934734465976668,0.080919717542375,,,24,6,train24_eval6_scn1
startup_0_3s,0.0,3.0,300,0.1261139280315378,0.1237758029268923,0.0241717490750469,0.9814602150520532,0.191665975775508,0.0367358462699776,0.1089386393835636,0.2296619993824646,0.9223561897170168,0.0,0.0,0.0345682572733875,0.0043660455095881,predictive_alpha,constant,1,24007,0.0,1.0,1.0,0.03,0.01,0.0438142551156454,1.0,1.0,1.0,0.0898371790942269,0.2296619993824646,0.0989355793626939,1.8865807609787668,0.0791083926851575,0.0809193819923072,30.503157902253093,1.4525313286787187,0.0188226027192151,13.95535736498334,45.0,0.013734144842537,0.0517297603616372,0.0989355793626939,real10kg_smc_steady,real10kg_mpc_event,-1.0,-1.0,predictive_alpha,1.0,0.2579028851681466,0.2949655537547903,0.2256054913898142,0.0,transformer,16,True,2.5,1.0,0.75,real_10kg_v1,thruster,real_10kg_x,1.0,0.0463492063492063,0.1314285714285714,0.0188226027192151,0.0025794258152208,0.008111603733246,0.0125,0.0006851682377203,0.0936420660487577,0.0809193819923072,,,24,7,train24_eval7_scn1
pre_step_3_10s,3.0,10.0,700,0.0716844095916083,0.0713271686439629,0.0071476983521369,0.9950164763903246,0.0997106399126103,0.0099422117117822,0.0705264110215503,0.1012314487986262,1.0,0.0371428571428571,0.09,0.0150291180778149,0.0023115954954596,predictive_alpha,constant,1,24007,0.0,1.0,1.0,0.03,0.01,0.0438142551156454,1.0,1.0,1.0,0.0898371790942269,0.2296619993824646,0.0989355793626939,1.8865807609787668,0.0791083926851575,0.0809193819923072,30.503157902253093,1.4525313286787187,0.0188226027192151,13.95535736498334,45.0,0.013734144842537,0.0517297603616372,0.0989355793626939,real10kg_smc_steady,real10kg_mpc_event,-1.0,-1.0,predictive_alpha,1.0,0.2579028851681466,0.2949655537547903,0.2256054913898142,0.0,transformer,16,True,2.5,1.0,0.75,real_10kg_v1,thruster,real_10kg_x,1.0,0.0463492063492063,0.1314285714285714,0.0188226027192151,0.0025794258152208,0.008111603733246,0.0125,0.0006851682377203,0.0936420660487577,0.0809193819923072,,,24,7,train24_eval7_scn1
step_recovery_10_13s,10.0,13.0,300,0.1525498698987451,0.1520958909804942,0.0117602190869765,0.9970240622391076,0.0770909807709593,0.0059430193162284,0.1438530834578405,0.2115950997333443,1.0,0.2377777777777777,0.71,0.0112276732119324,0.0008321198812883,predictive_alpha,constant,1,24007,0.0,1.0,1.0,0.03,0.01,0.0438142551156454,1.0,1.0,1.0,0.0898371790942269,0.2296619993824646,0.0989355793626939,1.8865807609787668,0.0791083926851575,0.0809193819923072,30.503157902253093,1.4525313286787187,0.0188226027192151,13.95535736498334,45.0,0.013734144842537,0.0517297603616372,0.0989355793626939,real10kg_smc_steady,real10kg_mpc_event,-1.0,-1.0,predictive_alpha,1.0,0.2579028851681466,0.2949655537547903,0.2256054913898142,0.0,transformer,16,True,2.5,1.0,0.75,real_10kg_v1,thruster,real_10kg_x,1.0,0.0463492063492063,0.1314285714285714,0.0188226027192151,0.0025794258152208,0.008111603733246,0.0125,0.0006851682377203,0.0936420660487577,0.0809193819923072,,,24,7,train24_eval7_scn1
post_step_13_20p9s,13.0,20.9,790,0.0810141591439601,0.079894025868189,0.0134252974781206,0.9861736110377864,0.1657154455465528,0.0274616088926924,0.0797473676052842,0.1037841736722738,0.7591019792776266,0.0,0.0,0.0193303372805764,0.0028119678205346,predictive_alpha,constant,1,24007,0.0,1.0,1.0,0.03,0.01,0.0438142551156454,1.0,1.0,1.0,0.0898371790942269,0.2296619993824646,0.0989355793626939,1.8865807609787668,0.0791083926851575,0.0809193819923072,30.503157902253093,1.4525313286787187,0.0188226027192151,13.95535736498334,45.0,0.013734144842537,0.0517297603616372,0.0989355793626939,real10kg_smc_steady,real10kg_mpc_event,-1.0,-1.0,predictive_alpha,1.0,0.2579028851681466,0.2949655537547903,0.2256054913898142,0.0,transformer,16,True,2.5,1.0,0.75,real_10kg_v1,thruster,real_10kg_x,1.0,0.0463492063492063,0.1314285714285714,0.0188226027192151,0.0025794258152208,0.008111603733246,0.0125,0.0006851682377203,0.0936420660487577,0.0809193819923072,,,24,7,train24_eval7_scn1
startup_0_3s,0.0,3.0,300,0.1107013959211793,0.1063093542042912,0.0308726459436867,0.9603253267012528,0.2788821738586601,0.0777752668961319,0.0990524948971109,0.194608896959597,0.8844043512712615,0.0,0.0,0.0368189348270692,0.0047138827576879,predictive_alpha,constant,1,24008,0.0,1.0,1.0,0.03,0.01,0.043811164202788,1.0,1.0,1.0,0.0883229586096574,0.211817097341651,0.0961863150172123,1.8547821308028063,0.0791058322550755,0.0809168645294911,30.482038554921317,1.4515256454724434,0.0192007660689714,14.026193728603248,45.0,0.0155432553982585,0.0560583396469447,0.0961863150172123,real10kg_smc_steady,real10kg_mpc_event,-1.0,-1.0,predictive_alpha,1.0,0.2589454322960842,0.2952064215679015,0.2261946476026926,0.0,transformer,16,True,2.5,1.0,0.75,real_10kg_v1,thruster,real_10kg_x,1.0,0.0463492063492063,0.1314285714285714,0.0192007660689714,0.0026396765002397,0.0081201956893036,0.0125,0.0006974282351663,0.0935484289171791,0.0809168645294911,,,24,8,train24_eval8_scn1
pre_step_3_10s,3.0,10.0,700,0.0712164572734453,0.0708545632569065,0.007170401122218,0.9949183934389022,0.1006846085405,0.0101373903969537,0.0701494024773286,0.0988532532587022,1.0,0.0371428571428571,0.09,0.0151442346965985,0.0023657678601589,predictive_alpha,constant,1,24008,0.0,1.0,1.0,0.03,0.01,0.043811164202788,1.0,1.0,1.0,0.0883229586096574,0.211817097341651,0.0961863150172123,1.8547821308028063,0.0791058322550755,0.0809168645294911,30.482038554921317,1.4515256454724434,0.0192007660689714,14.026193728603248,45.0,0.0155432553982585,0.0560583396469447,0.0961863150172123,real10kg_smc_steady,real10kg_mpc_event,-1.0,-1.0,predictive_alpha,1.0,0.2589454322960842,0.2952064215679015,0.2261946476026926,0.0,transformer,16,True,2.5,1.0,0.75,real_10kg_v1,thruster,real_10kg_x,1.0,0.0463492063492063,0.1314285714285714,0.0192007660689714,0.0026396765002397,0.0081201956893036,0.0125,0.0006974282351663,0.0935484289171791,0.0809168645294911,,,24,8,train24_eval8_scn1
step_recovery_10_13s,10.0,13.0,300,0.1527088065517069,0.1522527928483071,0.0117926531508866,0.9970138349339704,0.0772231374023192,0.0059634129502574,0.1440044038535893,0.211817097341651,1.0,0.2377777777777777,0.71,0.0112869764205326,0.0008325482562413,predictive_alpha,constant,1,24008,0.0,1.0,1.0,0.03,0.01,0.043811164202788,1.0,1.0,1.0,0.0883229586096574,0.211817097341651,0.0961863150172123,1.8547821308028063,0.0791058322550755,0.0809168645294911,30.482038554921317,1.4515256454724434,0.0192007660689714,14.026193728603248,45.0,0.0155432553982585,0.0560583396469447,0.0961863150172123,real10kg_smc_steady,real10kg_mpc_event,-1.0,-1.0,predictive_alpha,1.0,0.2589454322960842,0.2952064215679015,0.2261946476026926,0.0,transformer,16,True,2.5,1.0,0.75,real_10kg_v1,thruster,real_10kg_x,1.0,0.0463492063492063,0.1314285714285714,0.0192007660689714,0.0026396765002397,0.0081201956893036,0.0125,0.0006974282351663,0.0935484289171791,0.0809168645294911,,,24,8,train24_eval8_scn1
post_step_13_20p9s,13.0,20.9,790,0.0810196485583104,0.0798987441998949,0.0134303435470534,0.9861650306023148,0.165766499682945,0.0274785324171358,0.0797530316389684,0.1037853896886441,0.7591373102613679,0.0,0.0,0.019344124241324,0.0028126949673838,predictive_alpha,constant,1,24008,0.0,1.0,1.0,0.03,0.01,0.043811164202788,1.0,1.0,1.0,0.0883229586096574,0.211817097341651,0.0961863150172123,1.8547821308028063,0.0791058322550755,0.0809168645294911,30.482038554921317,1.4515256454724434,0.0192007660689714,14.026193728603248,45.0,0.0155432553982585,0.0560583396469447,0.0961863150172123,real10kg_smc_steady,real10kg_mpc_event,-1.0,-1.0,predictive_alpha,1.0,0.2589454322960842,0.2952064215679015,0.2261946476026926,0.0,transformer,16,True,2.5,1.0,0.75,real_10kg_v1,thruster,real_10kg_x,1.0,0.0463492063492063,0.1314285714285714,0.0192007660689714,0.0026396765002397,0.0081201956893036,0.0125,0.0006974282351663,0.0935484289171791,0.0809168645294911,,,24,8,train24_eval8_scn1
startup_0_3s,0.0,3.0,300,0.1071953764277228,0.1046629345474284,0.0231628767514294,0.976375456062679,0.2160809311308976,0.0466909687983957,0.0953029783425373,0.1914581933171729,0.9001647692358858,0.0,0.0,0.0340600985514428,0.0044424245015779,predictive_alpha,constant,1,24009,0.0,1.0,1.0,0.03,0.01,0.0437595972266013,1.0,1.0,1.0,0.0880860316977726,0.2122958977949567,0.0959438798128112,1.8498066656532248,0.0791005703110172,0.0809145408082957,30.488540926524976,1.451835282215475,0.0186801091819422,13.957738440323013,45.0,0.0134922961591565,0.0482707703186172,0.0959438798128112,real10kg_smc_steady,real10kg_mpc_event,-1.0,-1.0,predictive_alpha,1.0,0.2571311573605834,0.2954652884722039,0.2229881277875808,0.0,transformer,16,True,2.5,1.0,0.75,real_10kg_v1,thruster,real_10kg_x,1.0,0.0463492063492063,0.1314285714285714,0.0186801091819422,0.0025704551129772,0.0080621160014446,0.0125,0.0006791652445407,0.0939376990237545,0.0809145408082957,,,24,9,train24_eval9_scn1
pre_step_3_10s,3.0,10.0,700,0.0720908777121795,0.0717336628238961,0.0071677239888276,0.9950449363411882,0.0994262272328625,0.0098855746617608,0.0708182863295107,0.1037055229193937,1.0,0.0373809523809523,0.09,0.0148180346893321,0.0022305816884954,predictive_alpha,constant,1,24009,0.0,1.0,1.0,0.03,0.01,0.0437595972266013,1.0,1.0,1.0,0.0880860316977726,0.2122958977949567,0.0959438798128112,1.8498066656532248,0.0791005703110172,0.0809145408082957,30.488540926524976,1.451835282215475,0.0186801091819422,13.957738440323013,45.0,0.0134922961591565,0.0482707703186172,0.0959438798128112,real10kg_smc_steady,real10kg_mpc_event,-1.0,-1.0,predictive_alpha,1.0,0.2571311573605834,0.2954652884722039,0.2229881277875808,0.0,transformer,16,True,2.5,1.0,0.75,real_10kg_v1,thruster,real_10kg_x,1.0,0.0463492063492063,0.1314285714285714,0.0186801091819422,0.0025704551129772,0.0080621160014446,0.0125,0.0006791652445407,0.0939376990237545,0.0809145408082957,,,24,9,train24_eval9_scn1
step_recovery_10_13s,10.0,13.0,300,0.1531059165721937,0.1526527213761958,0.011771505674852,0.997039989007974,0.0768847209722394,0.0059112603189791,0.1443865275181204,0.2122958977949567,1.0,0.2372222222222222,0.71,0.0112080324934198,0.0008235381455167,predictive_alpha,constant,1,24009,0.0,1.0,1.0,0.03,0.01,0.0437595972266013,1.0,1.0,1.0,0.0880860316977726,0.2122958977949567,0.0959438798128112,1.8498066656532248,0.0791005703110172,0.0809145408082957,30.488540926524976,1.451835282215475,0.0186801091819422,13.957738440323013,45.0,0.0134922961591565,0.0482707703186172,0.0959438798128112,real10kg_smc_steady,real10kg_mpc_event,-1.0,-1.0,predictive_alpha,1.0,0.2571311573605834,0.2954652884722039,0.2229881277875808,0.0,transformer,16,True,2.5,1.0,0.75,real_10kg_v1,thruster,real_10kg_x,1.0,0.0463492063492063,0.1314285714285714,0.0186801091819422,0.0025704551129772,0.0080621160014446,0.0125,0.0006791652445407,0.0939376990237545,0.0809145408082957,,,24,9,train24_eval9_scn1
post_step_13_20p9s,13.0,20.9,790,0.0810762137748758,0.0799560144338542,0.0134308672811049,0.9861833787141068,0.1656573075599998,0.0274423435480283,0.079809653208901,0.1038426627864472,0.7580021094310478,0.0,0.0,0.0193452057677996,0.0028409165001909,predictive_alpha,constant,1,24009,0.0,1.0,1.0,0.03,0.01,0.0437595972266013,1.0,1.0,1.0,0.0880860316977726,0.2122958977949567,0.0959438798128112,1.8498066656532248,0.0791005703110172,0.0809145408082957,30.488540926524976,1.451835282215475,0.0186801091819422,13.957738440323013,45.0,0.0134922961591565,0.0482707703186172,0.0959438798128112,real10kg_smc_steady,real10kg_mpc_event,-1.0,-1.0,predictive_alpha,1.0,0.2571311573605834,0.2954652884722039,0.2229881277875808,0.0,transformer,16,True,2.5,1.0,0.75,real_10kg_v1,thruster,real_10kg_x,1.0,0.0463492063492063,0.1314285714285714,0.0186801091819422,0.0025704551129772,0.0080621160014446,0.0125,0.0006791652445407,0.0939376990237545,0.0809145408082957,,,24,9,train24_eval9_scn1
startup_0_3s,0.0,3.0,300,0.1215577088000371,0.1183061032728059,0.0279274506018504,0.9732505197792096,0.2297464379473558,0.0527834257494982,0.1069238092165038,0.2171073665394318,0.7916591226869951,0.0,0.0,0.0337771266227772,0.0048881219664608,predictive_alpha,sinusoidal,2,24000,0.0,1.0,1.0,0.03,0.01,0.3603251370792136,1.0,1.0,1.0,0.0823822042061292,0.3603251370792136,0.0930392778681759,1.7300262883287143,0.1051297749509642,0.1218378358977981,39.16474206639611,1.8649877174474336,0.018352117980633,12.909003498172108,45.0,0.0146205217201205,0.0577278784732488,0.0930392778681759,real10kg_smc_steady,real10kg_mpc_event,-1.0,-1.0,predictive_alpha,1.0,0.2404700871424912,0.2740424697090935,0.2194813418959079,0.0,transformer,16,True,2.5,1.0,0.75,real_10kg_v1,thruster,real_10kg_x,1.0,0.078015873015873,0.219047619047619,0.018352117980633,0.0023961442946384,0.0077101320969603,0.0125,0.0006700834541076,0.0873859962226089,0.1218378358977981,,,24,0,train24_eval0_scn2
pre_step_3_10s,3.0,10.0,700,0.0755886637172589,0.0751831850518494,0.0078188725542889,0.994635721211766,0.1034397510126069,0.0106997820895501,0.0729826234972304,0.0996171083425705,1.0,0.1004761904761904,0.3314285714285714,0.0125427021347207,0.0015337212533429,predictive_alpha,sinusoidal,2,24000,0.0,1.0,1.0,0.03,0.01,0.3603251370792136,1.0,1.0,1.0,0.0823822042061292,0.3603251370792136,0.0930392778681759,1.7300262883287143,0.1051297749509642,0.1218378358977981,39.16474206639611,1.8649877174474336,0.018352117980633,12.909003498172108,45.0,0.0146205217201205,0.0577278784732488,0.0930392778681759,real10kg_smc_steady,real10kg_mpc_event,-1.0,-1.0,predictive_alpha,1.0,0.2404700871424912,0.2740424697090935,0.2194813418959079,0.0,transformer,16,True,2.5,1.0,0.75,real_10kg_v1,thruster,real_10kg_x,1.0,0.078015873015873,0.219047619047619,0.018352117980633,0.0023961442946384,0.0077101320969603,0.0125,0.0006700834541076,0.0873859962226089,0.1218378358977981,,,24,0,train24_eval0_scn2
step_recovery_10_13s,10.0,13.0,300,0.0572060612984873,0.0558393113398417,0.0124299943032369,0.9761083016795346,0.2172845677729894,0.0472125833922948,0.0502409640557263,0.0899642460126234,1.0,0.105,0.3166666666666666,0.0135440001647067,0.001251620971918,predictive_alpha,sinusoidal,2,24000,0.0,1.0,1.0,0.03,0.01,0.3603251370792136,1.0,1.0,1.0,0.0823822042061292,0.3603251370792136,0.0930392778681759,1.7300262883287143,0.1051297749509642,0.1218378358977981,39.16474206639611,1.8649877174474336,0.018352117980633,12.909003498172108,45.0,0.0146205217201205,0.0577278784732488,0.0930392778681759,real10kg_smc_steady,real10kg_mpc_event,-1.0,-1.0,predictive_alpha,1.0,0.2404700871424912,0.2740424697090935,0.2194813418959079,0.0,transformer,16,True,2.5,1.0,0.75,real_10kg_v1,thruster,real_10kg_x,1.0,0.078015873015873,0.219047619047619,0.018352117980633,0.0023961442946384,0.0077101320969603,0.0125,0.0006700834541076,0.0873859962226089,0.1218378358977981,,,24,0,train24_eval0_scn2
post_step_13_20p9s,13.0,20.9,790,0.0980999590765473,0.0972877128033398,0.0125977342532348,0.9917202180219696,0.1284173242458217,0.0164910091664565,0.0903287830511684,0.3166583649456345,1.0,0.0721518987341772,0.1556962025316455,0.0196818781465438,0.0026843050449651,predictive_alpha,sinusoidal,2,24000,0.0,1.0,1.0,0.03,0.01,0.3603251370792136,1.0,1.0,1.0,0.0823822042061292,0.3603251370792136,0.0930392778681759,1.7300262883287143,0.1051297749509642,0.1218378358977981,39.16474206639611,1.8649877174474336,0.018352117980633,12.909003498172108,45.0,0.0146205217201205,0.0577278784732488,0.0930392778681759,real10kg_smc_steady,real10kg_mpc_event,-1.0,-1.0,predictive_alpha,1.0,0.2404700871424912,0.2740424697090935,0.2194813418959079,0.0,transformer,16,True,2.5,1.0,0.75,real_10kg_v1,thruster,real_10kg_x,1.0,0.078015873015873,0.219047619047619,0.018352117980633,0.0023961442946384,0.0077101320969603,0.0125,0.0006700834541076,0.0873859962226089,0.1218378358977981,,,24,0,train24_eval0_scn2
startup_0_3s,0.0,3.0,300,0.1312132827257505,0.1289752732507854,0.0241309853415266,0.9829437277349218,0.1839065743973718,0.033821628106576,0.1156801642030043,0.2261243300208905,0.8106136440219314,0.0,0.0,0.0331686839697444,0.0049389172347292,predictive_alpha,sinusoidal,2,24001,0.0,1.0,1.0,0.03,0.01,0.3606170603197843,1.0,1.0,1.0,0.0840055896936006,0.3606170603197843,0.095216078474613,1.7641173835656143,0.1051052297834767,0.1218838495590251,39.207868223268086,1.867041343965147,0.0183591005806638,12.822558512690415,45.0,0.0136676751344517,0.0519222926248978,0.095216078474613,real10kg_smc_steady,real10kg_mpc_event,-1.0,-1.0,predictive_alpha,1.0,0.2404912805560282,0.2721451768134946,0.2219591542091664,0.0,transformer,16,True,2.5,1.0,0.75,real_10kg_v1,thruster,real_10kg_x,1.0,0.0797619047619047,0.229047619047619,0.0183591005806638,0.002438982613984,0.0077944575875911,0.0125,0.0007003014878547,0.087793114419562,0.1218838495590251,,,24,1,train24_eval1_scn2
pre_step_3_10s,3.0,10.0,700,0.0765382422677695,0.0761123151031191,0.0080633751669686,0.9944351065293568,0.1053509321361064,0.0110988189019465,0.0739018796571068,0.0991531248514799,1.0,0.1057142857142857,0.3614285714285714,0.0127098122507845,0.001634668303074,predictive_alpha,sinusoidal,2,24001,0.0,1.0,1.0,0.03,0.01,0.3606170603197843,1.0,1.0,1.0,0.0840055896936006,0.3606170603197843,0.095216078474613,1.7641173835656143,0.1051052297834767,0.1218838495590251,39.207868223268086,1.867041343965147,0.0183591005806638,12.822558512690415,45.0,0.0136676751344517,0.0519222926248978,0.095216078474613,real10kg_smc_steady,real10kg_mpc_event,-1.0,-1.0,predictive_alpha,1.0,0.2404912805560282,0.2721451768134946,0.2219591542091664,0.0,transformer,16,True,2.5,1.0,0.75,real_10kg_v1,thruster,real_10kg_x,1.0,0.0797619047619047,0.229047619047619,0.0183591005806638,0.002438982613984,0.0077944575875911,0.0125,0.0007003014878547,0.087793114419562,0.1218838495590251,,,24,1,train24_eval1_scn2
step_recovery_10_13s,10.0,13.0,300,0.0577446867562352,0.0563977881722825,0.0123991264954466,0.9766749347928996,0.214723244543495,0.0461060717472855,0.050637225275552,0.0907887181915276,1.0,0.105,0.3166666666666666,0.0136877829193634,0.0012411378208717,predictive_alpha,sinusoidal,2,24001,0.0,1.0,1.0,0.03,0.01,0.3606170603197843,1.0,1.0,1.0,0.0840055896936006,0.3606170603197843,0.095216078474613,1.7641173835656143,0.1051052297834767,0.1218838495590251,39.207868223268086,1.867041343965147,0.0183591005806638,12.822558512690415,45.0,0.0136676751344517,0.0519222926248978,0.095216078474613,real10kg_smc_steady,real10kg_mpc_event,-1.0,-1.0,predictive_alpha,1.0,0.2404912805560282,0.2721451768134946,0.2219591542091664,0.0,transformer,16,True,2.5,1.0,0.75,real_10kg_v1,thruster,real_10kg_x,1.0,0.0797619047619047,0.229047619047619,0.0183591005806638,0.002438982613984,0.0077944575875911,0.0125,0.0007003014878547,0.087793114419562,0.1218838495590251,,,24,1,train24_eval1_scn2
post_step_13_20p9s,13.0,20.9,790,0.0981431278859945,0.0973298730442424,0.0126083053753599,0.9917135834238254,0.1284685504420249,0.016504168452675,0.0903502129790689,0.3169507903452929,1.0,0.0721518987341772,0.1556962025316455,0.019723447128096,0.0026921586992133,predictive_alpha,sinusoidal,2,24001,0.0,1.0,1.0,0.03,0.01,0.3606170603197843,1.0,1.0,1.0,0.0840055896936006,0.3606170603197843,0.095216078474613,1.7641173835656143,0.1051052297834767,0.1218838495590251,39.207868223268086,1.867041343965147,0.0183591005806638,12.822558512690415,45.0,0.0136676751344517,0.0519222926248978,0.095216078474613,real10kg_smc_steady,real10kg_mpc_event,-1.0,-1.0,predictive_alpha,1.0,0.2404912805560282,0.2721451768134946,0.2219591542091664,0.0,transformer,16,True,2.5,1.0,0.75,real_10kg_v1,thruster,real_10kg_x,1.0,0.0797619047619047,0.229047619047619,0.0183591005806638,0.002438982613984,0.0077944575875911,0.0125,0.0007003014878547,0.087793114419562,0.1218838495590251,,,24,1,train24_eval1_scn2
startup_0_3s,0.0,3.0,300,0.1253976918529419,0.123164448949421,0.0235605525620866,0.9821907176238944,0.1878866525686686,0.0353013942134596,0.1114004992940949,0.2131050442386569,0.7763696138837018,0.0,0.0,0.0333014646885584,0.0050270066622571,predictive_alpha,sinusoidal,2,24002,0.0,1.0,1.0,0.03,0.01,0.3604041411130886,1.0,1.0,1.0,0.0833815267738374,0.3604041411130886,0.0940668896908192,1.751012062250587,0.105109611721406,0.1218439327783973,39.18221826807636,1.8658199175274457,0.0183838816585693,12.82584322625214,45.0,0.0135233242123935,0.0506164333268363,0.0940668896908192,real10kg_smc_steady,real10kg_mpc_event,-1.0,-1.0,predictive_alpha,1.0,0.2407854404069323,0.2722328640060931,0.2225897744538573,0.0,transformer,16,True,2.5,1.0,0.75,real_10kg_v1,thruster,real_10kg_x,1.0,0.0796825396825396,0.2285714285714285,0.0183838816585693,0.0024520420336151,0.0078264112967766,0.0125,0.0006755848811599,0.0877643407376518,0.1218439327783973,,,24,2,train24_eval2_scn2
pre_step_3_10s,3.0,10.0,700,0.0764919228358731,0.0760676039318001,0.0080457374555687,0.9944527619604572,0.1051841443812613,0.011063704229218,0.0738674824112776,0.0991730085925206,1.0,0.1054761904761904,0.36,0.0127402818002125,0.001638091228492,predictive_alpha,sinusoidal,2,24002,0.0,1.0,1.0,0.03,0.01,0.3604041411130886,1.0,1.0,1.0,0.0833815267738374,0.3604041411130886,0.0940668896908192,1.751012062250587,0.105109611721406,0.1218439327783973,39.18221826807636,1.8658199175274457,0.0183838816585693,12.82584322625214,45.0,0.0135233242123935,0.0506164333268363,0.0940668896908192,real10kg_smc_steady,real10kg_mpc_event,-1.0,-1.0,predictive_alpha,1.0,0.2407854404069323,0.2722328640060931,0.2225897744538573,0.0,transformer,16,True,2.5,1.0,0.75,real_10kg_v1,thruster,real_10kg_x,1.0,0.0796825396825396,0.2285714285714285,0.0183838816585693,0.0024520420336151,0.0078264112967766,0.0125,0.0006755848811599,0.0877643407376518,0.1218439327783973,,,24,2,train24_eval2_scn2
step_recovery_10_13s,10.0,13.0,300,0.0577529002168312,0.056400389701121,0.0124255191045264,0.9765810805927962,0.2151496991125162,0.0462893930282062,0.0506369185550866,0.0907904075769736,1.0,0.105,0.3166666666666666,0.0137034015875879,0.0012657227367607,predictive_alpha,sinusoidal,2,24002,0.0,1.0,1.0,0.03,0.01,0.3604041411130886,1.0,1.0,1.0,0.0833815267738374,0.3604041411130886,0.0940668896908192,1.751012062250587,0.105109611721406,0.1218439327783973,39.18221826807636,1.8658199175274457,0.0183838816585693,12.82584322625214,45.0,0.0135233242123935,0.0506164333268363,0.0940668896908192,real10kg_smc_steady,real10kg_mpc_event,-1.0,-1.0,predictive_alpha,1.0,0.2407854404069323,0.2722328640060931,0.2225897744538573,0.0,transformer,16,True,2.5,1.0,0.75,real_10kg_v1,thruster,real_10kg_x,1.0,0.0796825396825396,0.2285714285714285,0.0183838816585693,0.0024520420336151,0.0078264112967766,0.0125,0.0006755848811599,0.0877643407376518,0.1218439327783973,,,24,2,train24_eval2_scn2
post_step_13_20p9s,13.0,20.9,790,0.0981239386312143,0.0973110527055283,0.0126042196840659,0.9917157226154456,0.1284520358629016,0.0164999255173241,0.0903497701642623,0.31674101053269,1.0,0.0721518987341772,0.1556962025316455,0.0197080618348997,0.0026817974175843,predictive_alpha,sinusoidal,2,24002,0.0,1.0,1.0,0.03,0.01,0.3604041411130886,1.0,1.0,1.0,0.0833815267738374,0.3604041411130886,0.0940668896908192,1.751012062250587,0.105109611721406,0.1218439327783973,39.18221826807636,1.8658199175274457,0.0183838816585693,12.82584322625214,45.0,0.0135233242123935,0.0506164333268363,0.0940668896908192,real10kg_smc_steady,real10kg_mpc_event,-1.0,-1.0,predictive_alpha,1.0,0.2407854404069323,0.2722328640060931,0.2225897744538573,0.0,transformer,16,True,2.5,1.0,0.75,real_10kg_v1,thruster,real_10kg_x,1.0,0.0796825396825396,0.2285714285714285,0.0183838816585693,0.0024520420336151,0.0078264112967766,0.0125,0.0006755848811599,0.0877643407376518,0.1218439327783973,,,24,2,train24_eval2_scn2
startup_0_3s,0.0,3.0,300,0.1198504933811791,0.1166861956352741,0.0273582256712418,0.9735979581173596,0.2282696124097734,0.0521070159497081,0.1053019877883753,0.2126938146751858,0.7819310092704661,0.0,0.0,0.0332280319963228,0.0049673986546829,predictive_alpha,sinusoidal,2,24003,0.0,1.0,1.0,0.03,0.01,0.3606265956726359,1.0,1.0,1.0,0.0821306245789878,0.3606265956726359,0.0927272471107456,1.7247431161587456,0.1051040409022231,0.1218731685544924,39.158834655164746,1.864706412150702,0.0182642689828357,12.97043380746852,45.0,0.0144804385562412,0.0569175958841701,0.0927272471107456,real10kg_smc_steady,real10kg_mpc_event,-1.0,-1.0,predictive_alpha,1.0,0.2387534742281019,0.272641582970472,0.2187408501232164,0.0,transformer,16,True,2.5,1.0,0.75,real_10kg_v1,thruster,real_10kg_x,1.0,0.0783333333333333,0.2209523809523809,0.0182642689828357,0.0024161340637321,0.0076894847682027,0.0125,0.0006835651952917,0.0873920817670274,0.1218731685544924,,,24,3,train24_eval3_scn2
pre_step_3_10s,3.0,10.0,700,0.0754477728676071,0.0750380589198567,0.007852142651668,0.9945695686939712,0.1040738825445083,0.0108313730278881,0.0728078374060617,0.09944413045455,1.0,0.1014285714285714,0.3371428571428571,0.0125272951246341,0.0015448689327317,predictive_alpha,sinusoidal,2,24003,0.0,1.0,1.0,0.03,0.01,0.3606265956726359,1.0,1.0,1.0,0.0821306245789878,0.3606265956726359,0.0927272471107456,1.7247431161587456,0.1051040409022231,0.1218731685544924,39.158834655164746,1.864706412150702,0.0182642689828357,12.97043380746852,45.0,0.0144804385562412,0.0569175958841701,0.0927272471107456,real10kg_smc_steady,real10kg_mpc_event,-1.0,-1.0,predictive_alpha,1.0,0.2387534742281019,0.272641582970472,0.2187408501232164,0.0,transformer,16,True,2.5,1.0,0.75,real_10kg_v1,thruster,real_10kg_x,1.0,0.0783333333333333,0.2209523809523809,0.0182642689828357,0.0024161340637321,0.0076894847682027,0.0125,0.0006835651952917,0.0873920817670274,0.1218731685544924,,,24,3,train24_eval3_scn2
step_recovery_10_13s,10.0,13.0,300,0.0577382526281932,0.0563653670817473,0.0125160381230215,0.9762222532904388,0.2167720281321797,0.0469901121805385,0.0506610660682463,0.0907668514252323,1.0,0.105,0.3166666666666666,0.0135007016970788,0.0012672062342579,predictive_alpha,sinusoidal,2,24003,0.0,1.0,1.0,0.03,0.01,0.3606265956726359,1.0,1.0,1.0,0.0821306245789878,0.3606265956726359,0.0927272471107456,1.7247431161587456,0.1051040409022231,0.1218731685544924,39.158834655164746,1.864706412150702,0.0182642689828357,12.97043380746852,45.0,0.0144804385562412,0.0569175958841701,0.0927272471107456,real10kg_smc_steady,real10kg_mpc_event,-1.0,-1.0,predictive_alpha,1.0,0.2387534742281019,0.272641582970472,0.2187408501232164,0.0,transformer,16,True,2.5,1.0,0.75,real_10kg_v1,thruster,real_10kg_x,1.0,0.0783333333333333,0.2209523809523809,0.0182642689828357,0.0024161340637321,0.0076894847682027,0.0125,0.0006835651952917,0.0873920817670274,0.1218731685544924,,,24,3,train24_eval3_scn2
post_step_13_20p9s,13.0,20.9,790,0.0980769214618422,0.0972654464169975,0.0125902921623985,0.991726136661412,0.1283716084756688,0.0164792698626304,0.0902674822611598,0.3169500944122881,1.0,0.0721518987341772,0.1556962025316455,0.0196933580229553,0.0026926397468274,predictive_alpha,sinusoidal,2,24003,0.0,1.0,1.0,0.03,0.01,0.3606265956726359,1.0,1.0,1.0,0.0821306245789878,0.3606265956726359,0.0927272471107456,1.7247431161587456,0.1051040409022231,0.1218731685544924,39.158834655164746,1.864706412150702,0.0182642689828357,12.97043380746852,45.0,0.0144804385562412,0.0569175958841701,0.0927272471107456,real10kg_smc_steady,real10kg_mpc_event,-1.0,-1.0,predictive_alpha,1.0,0.2387534742281019,0.272641582970472,0.2187408501232164,0.0,transformer,16,True,2.5,1.0,0.75,real_10kg_v1,thruster,real_10kg_x,1.0,0.0783333333333333,0.2209523809523809,0.0182642689828357,0.0024161340637321,0.0076894847682027,0.0125,0.0006835651952917,0.0873920817670274,0.1218731685544924,,,24,3,train24_eval3_scn2
startup_0_3s,0.0,3.0,300,0.1266568750983115,0.1244123257157573,0.0237389388908939,0.9822785033910556,0.1874271639219561,0.0351289417758278,0.1116546830799282,0.2169624698915354,0.7880280636039477,0.0,0.0,0.0326592669752165,0.0049630421608852,predictive_alpha,sinusoidal,2,24004,0.0,1.0,1.0,0.03,0.01,0.3606490511390132,1.0,1.0,1.0,0.0832355681388469,0.3606490511390132,0.0941580247731315,1.7479469309157851,0.105103191142327,0.1218884620229422,39.2080898452674,1.867051897393686,0.0184232875259008,12.892628968129545,45.0,0.0135607882014574,0.0502877035419831,0.0941580247731315,real10kg_smc_steady,real10kg_mpc_event,-1.0,-1.0,predictive_alpha,1.0,0.2403245976545568,0.2713214953673784,0.2218575656761892,0.0,transformer,16,True,2.5,1.0,0.75,real_10kg_v1,thruster,real_10kg_x,1.0,0.0798412698412698,0.2285714285714285,0.0184232875259008,0.0024673680563609,0.0078693526754873,0.0125,0.0007008776866038,0.0875767961987023,0.1218884620229422,,,24,4,train24_eval4_scn2
pre_step_3_10s,3.0,10.0,700,0.0758786547574608,0.0754553001804519,0.0080042440292524,0.9944206367606,0.1054874266661323,0.0111275971846426,0.0733085098811901,0.0991650371260094,1.0,0.1059523809523809,0.36,0.0130952507074419,0.0017084623619752,predictive_alpha,sinusoidal,2,24004,0.0,1.0,1.0,0.03,0.01,0.3606490511390132,1.0,1.0,1.0,0.0832355681388469,0.3606490511390132,0.0941580247731315,1.7479469309157851,0.105103191142327,0.1218884620229422,39.2080898452674,1.867051897393686,0.0184232875259008,12.892628968129545,45.0,0.0135607882014574,0.0502877035419831,0.0941580247731315,real10kg_smc_steady,real10kg_mpc_event,-1.0,-1.0,predictive_alpha,1.0,0.2403245976545568,0.2713214953673784,0.2218575656761892,0.0,transformer,16,True,2.5,1.0,0.75,real_10kg_v1,thruster,real_10kg_x,1.0,0.0798412698412698,0.2285714285714285,0.0184232875259008,0.0024673680563609,0.0078693526754873,0.0125,0.0007008776866038,0.0875767961987023,0.1218884620229422,,,24,4,train24_eval4_scn2
step_recovery_10_13s,10.0,13.0,300,0.057793567924298,0.0564430309935955,0.0124209800610282,0.9766317086968658,0.2149197654191917,0.0461905055678403,0.0506622048898383,0.0908548076561176,1.0,0.105,0.3166666666666666,0.0137459488350121,0.0012419653534121,predictive_alpha,sinusoidal,2,24004,0.0,1.0,1.0,0.03,0.01,0.3606490511390132,1.0,1.0,1.0,0.0832355681388469,0.3606490511390132,0.0941580247731315,1.7479469309157851,0.105103191142327,0.1218884620229422,39.2080898452674,1.867051897393686,0.0184232875259008,12.892628968129545,45.0,0.0135607882014574,0.0502877035419831,0.0941580247731315,real10kg_smc_steady,real10kg_mpc_event,-1.0,-1.0,predictive_alpha,1.0,0.2403245976545568,0.2713214953673784,0.2218575656761892,0.0,transformer,16,True,2.5,1.0,0.75,real_10kg_v1,thruster,real_10kg_x,1.0,0.0798412698412698,0.2285714285714285,0.0184232875259008,0.0024673680563609,0.0078693526754873,0.0125,0.0007008776866038,0.0875767961987023,0.1218884620229422,,,24,4,train24_eval4_scn2
post_step_13_20p9s,13.0,20.9,790,0.0981442639930198,0.0973308846076246,0.0126093400393842,0.9917124103610068,0.1284776055815245,0.0165064951359617,0.0903478642164493,0.3169826916812525,1.0,0.0721518987341772,0.1556962025316455,0.0197237841500244,0.0026929851596619,predictive_alpha,sinusoidal,2,24004,0.0,1.0,1.0,0.03,0.01,0.3606490511390132,1.0,1.0,1.0,0.0832355681388469,0.3606490511390132,0.0941580247731315,1.7479469309157851,0.105103191142327,0.1218884620229422,39.2080898452674,1.867051897393686,0.0184232875259008,12.892628968129545,45.0,0.0135607882014574,0.0502877035419831,0.0941580247731315,real10kg_smc_steady,real10kg_mpc_event,-1.0,-1.0,predictive_alpha,1.0,0.2403245976545568,0.2713214953673784,0.2218575656761892,0.0,transformer,16,True,2.5,1.0,0.75,real_10kg_v1,thruster,real_10kg_x,1.0,0.0798412698412698,0.2285714285714285,0.0184232875259008,0.0024673680563609,0.0078693526754873,0.0125,0.0007008776866038,0.0875767961987023,0.1218884620229422,,,24,4,train24_eval4_scn2
startup_0_3s,0.0,3.0,300,0.1147756984990567,0.1108697778450839,0.029687595499267,0.9659690970732374,0.2586575023066496,0.0669037034995144,0.1017941599383704,0.201770252722734,0.7546931613428921,0.0,0.0,0.0332440724080597,0.0046661728629625,predictive_alpha,sinusoidal,2,24005,0.0,1.0,1.0,0.03,0.01,0.3603189866523815,1.0,1.0,1.0,0.081495317226879,0.3603189866523815,0.0916685672311949,1.7114016617644603,0.105129466555319,0.1218359461551675,39.127246980016096,1.863202237143624,0.0183172530942834,12.996605672061142,45.0,0.0150922063526854,0.0570664684878229,0.0916685672311949,real10kg_smc_steady,real10kg_mpc_event,-1.0,-1.0,predictive_alpha,1.0,0.2390803079974922,0.273229828814224,0.2186884286832286,0.0,transformer,16,True,2.5,1.0,0.75,real_10kg_v1,thruster,real_10kg_x,1.0,0.078015873015873,0.219047619047619,0.0183172530942834,0.0023723919511104,0.0077100737769848,0.0125,0.0006646645232033,0.0872242536622263,0.1218359461551675,,,24,5,train24_eval5_scn2
pre_step_3_10s,3.0,10.0,700,0.0750938145001207,0.0746957112146815,0.007722156584235,0.9946985875189684,0.1028334575309474,0.0105747199877691,0.0725066324846549,0.0995922517742074,1.0,0.1004761904761904,0.3314285714285714,0.0126667018664125,0.0015528786487326,predictive_alpha,sinusoidal,2,24005,0.0,1.0,1.0,0.03,0.01,0.3603189866523815,1.0,1.0,1.0,0.081495317226879,0.3603189866523815,0.0916685672311949,1.7114016617644603,0.105129466555319,0.1218359461551675,39.127246980016096,1.863202237143624,0.0183172530942834,12.996605672061142,45.0,0.0150922063526854,0.0570664684878229,0.0916685672311949,real10kg_smc_steady,real10kg_mpc_event,-1.0,-1.0,predictive_alpha,1.0,0.2390803079974922,0.273229828814224,0.2186884286832286,0.0,transformer,16,True,2.5,1.0,0.75,real_10kg_v1,thruster,real_10kg_x,1.0,0.078015873015873,0.219047619047619,0.0183172530942834,0.0023723919511104,0.0077100737769848,0.0125,0.0006646645232033,0.0872242536622263,0.1218359461551675,,,24,5,train24_eval5_scn2
step_recovery_10_13s,10.0,13.0,300,0.0572621369014982,0.0558946621397571,0.012439415854787,0.9761190406831406,0.2172363192834599,0.0471916184158253,0.0502833219296716,0.0900476161264979,1.0,0.105,0.3166666666666666,0.0135512825761652,0.0012606759295574,predictive_alpha,sinusoidal,2,24005,0.0,1.0,1.0,0.03,0.01,0.3603189866523815,1.0,1.0,1.0,0.081495317226879,0.3603189866523815,0.0916685672311949,1.7114016617644603,0.105129466555319,0.1218359461551675,39.127246980016096,1.863202237143624,0.0183172530942834,12.996605672061142,45.0,0.0150922063526854,0.0570664684878229,0.0916685672311949,real10kg_smc_steady,real10kg_mpc_event,-1.0,-1.0,predictive_alpha,1.0,0.2390803079974922,0.273229828814224,0.2186884286832286,0.0,transformer,16,True,2.5,1.0,0.75,real_10kg_v1,thruster,real_10kg_x,1.0,0.078015873015873,0.219047619047619,0.0183172530942834,0.0023723919511104,0.0077100737769848,0.0125,0.0006646645232033,0.0872242536622263,0.1218359461551675,,,24,5,train24_eval5_scn2
post_step_13_20p9s,13.0,20.9,790,0.0980965792013471,0.0972843760506581,0.0125971833137533,0.9917203723381434,0.1284161325126036,0.0164907030894945,0.0903249598052835,0.3166521789004969,1.0,0.0721518987341772,0.1556962025316455,0.0196790103088003,0.0026845053199949,predictive_alpha,sinusoidal,2,24005,0.0,1.0,1.0,0.03,0.01,0.3603189866523815,1.0,1.0,1.0,0.081495317226879,0.3603189866523815,0.0916685672311949,1.7114016617644603,0.105129466555319,0.1218359461551675,39.127246980016096,1.863202237143624,0.0183172530942834,12.996605672061142,45.0,0.0150922063526854,0.0570664684878229,0.0916685672311949,real10kg_smc_steady,real10kg_mpc_event,-1.0,-1.0,predictive_alpha,1.0,0.2390803079974922,0.273229828814224,0.2186884286832286,0.0,transformer,16,True,2.5,1.0,0.75,real_10kg_v1,thruster,real_10kg_x,1.0,0.078015873015873,0.219047619047619,0.0183172530942834,0.0023723919511104,0.0077100737769848,0.0125,0.0006646645232033,0.0872242536622263,0.1218359461551675,,,24,5,train24_eval5_scn2
startup_0_3s,0.0,3.0,300,0.1555000160807153,0.1533140049458422,0.0259821263288624,0.9859420520333686,0.167087611845493,0.0279182700322301,0.1348419873313071,0.2761503108610457,0.925090717204226,0.0,0.0,0.0347641070297784,0.0051109686919331,predictive_alpha,sinusoidal,2,24006,0.0,1.0,1.0,0.03,0.01,0.3608938552401021,1.0,1.0,1.0,0.0868044604664461,0.3608938552401021,0.1003634436196873,1.8228936697953697,0.1051439311687313,0.1219668817106043,39.33665419367069,1.8731740092224136,0.0185886907923357,12.82720285617978,45.0,0.0141356074471841,0.0576820247750157,0.1003634436196873,real10kg_smc_steady,real10kg_mpc_event,-1.0,-1.0,predictive_alpha,1.0,0.2422641997080181,0.2725299634186306,0.2238117459283066,0.0,transformer,16,True,2.5,1.0,0.75,real_10kg_v1,thruster,real_10kg_x,1.0,0.0795238095238095,0.229047619047619,0.0185886907923357,0.002453676336011,0.0077921204454886,0.0125,0.0007000894924484,0.0878725314544809,0.1219668817106043,,,24,6,train24_eval6_scn2
pre_step_3_10s,3.0,10.0,700,0.0766861732010456,0.0762632644689207,0.0080426147964592,0.9944852022930364,0.1048769870857188,0.010999182420178,0.0740381192588872,0.0991724530858165,1.0,0.1052380952380952,0.3614285714285714,0.0126349352652062,0.001600573302003,predictive_alpha,sinusoidal,2,24006,0.0,1.0,1.0,0.03,0.01,0.3608938552401021,1.0,1.0,1.0,0.0868044604664461,0.3608938552401021,0.1003634436196873,1.8228936697953697,0.1051439311687313,0.1219668817106043,39.33665419367069,1.8731740092224136,0.0185886907923357,12.82720285617978,45.0,0.0141356074471841,0.0576820247750157,0.1003634436196873,real10kg_smc_steady,real10kg_mpc_event,-1.0,-1.0,predictive_alpha,1.0,0.2422641997080181,0.2725299634186306,0.2238117459283066,0.0,transformer,16,True,2.5,1.0,0.75,real_10kg_v1,thruster,real_10kg_x,1.0,0.0795238095238095,0.229047619047619,0.0185886907923357,0.002453676336011,0.0077921204454886,0.0125,0.0007000894924484,0.0878725314544809,0.1219668817106043,,,24,6,train24_eval6_scn2
step_recovery_10_13s,10.0,13.0,300,0.0577046750410934,0.0563705616165598,0.0123365029336444,0.9768803234125574,0.2137868885815434,0.0457048337293772,0.0506311394865384,0.0907527979698841,1.0,0.105,0.3166666666666666,0.013687773671384,0.0012466317583167,predictive_alpha,sinusoidal,2,24006,0.0,1.0,1.0,0.03,0.01,0.3608938552401021,1.0,1.0,1.0,0.0868044604664461,0.3608938552401021,0.1003634436196873,1.8228936697953697,0.1051439311687313,0.1219668817106043,39.33665419367069,1.8731740092224136,0.0185886907923357,12.82720285617978,45.0,0.0141356074471841,0.0576820247750157,0.1003634436196873,real10kg_smc_steady,real10kg_mpc_event,-1.0,-1.0,predictive_alpha,1.0,0.2422641997080181,0.2725299634186306,0.2238117459283066,0.0,transformer,16,True,2.5,1.0,0.75,real_10kg_v1,thruster,real_10kg_x,1.0,0.0795238095238095,0.229047619047619,0.0185886907923357,0.002453676336011,0.0077921204454886,0.0125,0.0007000894924484,0.0878725314544809,0.1219668817106043,,,24,6,train24_eval6_scn2
post_step_13_20p9s,13.0,20.9,790,0.0981996016122604,0.0973855219372515,0.0126183150149208,0.991709949310962,0.1284966008797477,0.0165113764376491,0.0903917278384654,0.3172232466089841,1.0,0.0719409282700422,0.1556962025316455,0.0197889281710984,0.0026961968006199,predictive_alpha,sinusoidal,2,24006,0.0,1.0,1.0,0.03,0.01,0.3608938552401021,1.0,1.0,1.0,0.0868044604664461,0.3608938552401021,0.1003634436196873,1.8228936697953697,0.1051439311687313,0.1219668817106043,39.33665419367069,1.8731740092224136,0.0185886907923357,12.82720285617978,45.0,0.0141356074471841,0.0576820247750157,0.1003634436196873,real10kg_smc_steady,real10kg_mpc_event,-1.0,-1.0,predictive_alpha,1.0,0.2422641997080181,0.2725299634186306,0.2238117459283066,0.0,transformer,16,True,2.5,1.0,0.75,real_10kg_v1,thruster,real_10kg_x,1.0,0.0795238095238095,0.229047619047619,0.0185886907923357,0.002453676336011,0.0077921204454886,0.0125,0.0007000894924484,0.0878725314544809,0.1219668817106043,,,24,6,train24_eval6_scn2
startup_0_3s,0.0,3.0,300,0.1290112310612583,0.1266092748931472,0.0247788064880627,0.9813818056896878,0.1920670493896541,0.0368897514612478,0.1135489989722334,0.2253920570754624,0.8100238400301305,0.0,0.0,0.032777700996387,0.0050630382673931,predictive_alpha,sinusoidal,2,24007,0.0,1.0,1.0,0.03,0.01,0.3603683233486135,1.0,1.0,1.0,0.0837388316588106,0.3603683233486135,0.0948148014171922,1.7585154648350232,0.1051187354420309,0.1218421743685807,39.18543757035235,1.865973217635826,0.0181936483518613,12.785845528240191,45.0,0.013846229541321,0.0542702546453883,0.0948148014171922,real10kg_smc_steady,real10kg_mpc_event,-1.0,-1.0,predictive_alpha,1.0,0.2395513559661525,0.2734080817025366,0.2202269246462466,0.0,transformer,16,True,2.5,1.0,0.75,real_10kg_v1,thruster,real_10kg_x,1.0,0.0796031746031746,0.229047619047619,0.0181936483518613,0.0024241325245419,0.0076860052323342,0.0125,0.0006791214556118,0.0878303556432606,0.1218421743685807,,,24,7,train24_eval7_scn2
pre_step_3_10s,3.0,10.0,700,0.0767265425486087,0.0762939672215318,0.008135901736335,0.9943621162545818,0.1060376431165348,0.0112439817577096,0.0740476203050198,0.0991792778423753,1.0,0.1052380952380952,0.3614285714285714,0.0124173548474865,0.0015377791101327,predictive_alpha,sinusoidal,2,24007,0.0,1.0,1.0,0.03,0.01,0.3603683233486135,1.0,1.0,1.0,0.0837388316588106,0.3603683233486135,0.0948148014171922,1.7585154648350232,0.1051187354420309,0.1218421743685807,39.18543757035235,1.865973217635826,0.0181936483518613,12.785845528240191,45.0,0.013846229541321,0.0542702546453883,0.0948148014171922,real10kg_smc_steady,real10kg_mpc_event,-1.0,-1.0,predictive_alpha,1.0,0.2395513559661525,0.2734080817025366,0.2202269246462466,0.0,transformer,16,True,2.5,1.0,0.75,real_10kg_v1,thruster,real_10kg_x,1.0,0.0796031746031746,0.229047619047619,0.0181936483518613,0.0024241325245419,0.0076860052323342,0.0125,0.0006791214556118,0.0878303556432606,0.1218421743685807,,,24,7,train24_eval7_scn2
step_recovery_10_13s,10.0,13.0,300,0.0576728269293945,0.0563212281213154,0.0124126640546917,0.9765643738994496,0.215225518074358,0.0463220236303758,0.0505856615259242,0.0906716676734906,1.0,0.105,0.3166666666666666,0.013649636795104,0.0012656457557074,predictive_alpha,sinusoidal,2,24007,0.0,1.0,1.0,0.03,0.01,0.3603683233486135,1.0,1.0,1.0,0.0837388316588106,0.3603683233486135,0.0948148014171922,1.7585154648350232,0.1051187354420309,0.1218421743685807,39.18543757035235,1.865973217635826,0.0181936483518613,12.785845528240191,45.0,0.013846229541321,0.0542702546453883,0.0948148014171922,real10kg_smc_steady,real10kg_mpc_event,-1.0,-1.0,predictive_alpha,1.0,0.2395513559661525,0.2734080817025366,0.2202269246462466,0.0,transformer,16,True,2.5,1.0,0.75,real_10kg_v1,thruster,real_10kg_x,1.0,0.0796031746031746,0.229047619047619,0.0181936483518613,0.0024241325245419,0.0076860052323342,0.0125,0.0006791214556118,0.0878303556432606,0.1218421743685807,,,24,7,train24_eval7_scn2
post_step_13_20p9s,13.0,20.9,790,0.0981156832669723,0.0973029528620504,0.0126024865510906,0.9917166106593742,0.1284451795213954,0.0164981641422835,0.0903439874882763,0.3167044775471767,1.0,0.0721518987341772,0.1556962025316455,0.0197075106919743,0.0026826803209104,predictive_alpha,sinusoidal,2,24007,0.0,1.0,1.0,0.03,0.01,0.3603683233486135,1.0,1.0,1.0,0.0837388316588106,0.3603683233486135,0.0948148014171922,1.7585154648350232,0.1051187354420309,0.1218421743685807,39.18543757035235,1.865973217635826,0.0181936483518613,12.785845528240191,45.0,0.013846229541321,0.0542702546453883,0.0948148014171922,real10kg_smc_steady,real10kg_mpc_event,-1.0,-1.0,predictive_alpha,1.0,0.2395513559661525,0.2734080817025366,0.2202269246462466,0.0,transformer,16,True,2.5,1.0,0.75,real_10kg_v1,thruster,real_10kg_x,1.0,0.0796031746031746,0.229047619047619,0.0181936483518613,0.0024241325245419,0.0076860052323342,0.0125,0.0006791214556118,0.0878303556432606,0.1218421743685807,,,24,7,train24_eval7_scn2
startup_0_3s,0.0,3.0,300,0.1111141194455969,0.1065104203179392,0.031652454942173,0.9585678296275236,0.2848643817734662,0.0811477160031791,0.0990425200939618,0.2002968607931859,0.7504863220234166,0.0,0.0,0.0345178158065987,0.005035995676483,predictive_alpha,sinusoidal,2,24008,0.0,1.0,1.0,0.03,0.01,0.3602270133560126,1.0,1.0,1.0,0.0811301703989271,0.3602270133560126,0.0910343895702778,1.7037335783774694,0.1050970034464317,0.1217895182812603,39.14097828777529,1.8638561089416803,0.0185424194302422,13.09766957092607,45.0,0.0156407568276258,0.0560102382702881,0.0910343895702778,real10kg_smc_steady,real10kg_mpc_event,-1.0,-1.0,predictive_alpha,1.0,0.2417862382688377,0.2747574838018514,0.2199287129594345,0.0,transformer,16,True,2.5,1.0,0.75,real_10kg_v1,thruster,real_10kg_x,1.0,0.078095238095238,0.22,0.0185424194302422,0.0024343335571911,0.0077169465696965,0.0125,0.0006795812914323,0.0872395868197282,0.1217895182812603,,,24,8,train24_eval8_scn2
pre_step_3_10s,3.0,10.0,700,0.0750833704335791,0.0746900454939823,0.0076752602413799,0.9947614906293436,0.1022231713501689,0.010449576760886,0.072505624256375,0.0993482070623814,1.0,0.1007142857142857,0.3342857142857143,0.0126833538725349,0.001561637342996,predictive_alpha,sinusoidal,2,24008,0.0,1.0,1.0,0.03,0.01,0.3602270133560126,1.0,1.0,1.0,0.0811301703989271,0.3602270133560126,0.0910343895702778,1.7037335783774694,0.1050970034464317,0.1217895182812603,39.14097828777529,1.8638561089416803,0.0185424194302422,13.09766957092607,45.0,0.0156407568276258,0.0560102382702881,0.0910343895702778,real10kg_smc_steady,real10kg_mpc_event,-1.0,-1.0,predictive_alpha,1.0,0.2417862382688377,0.2747574838018514,0.2199287129594345,0.0,transformer,16,True,2.5,1.0,0.75,real_10kg_v1,thruster,real_10kg_x,1.0,0.078095238095238,0.22,0.0185424194302422,0.0024343335571911,0.0077169465696965,0.0125,0.0006795812914323,0.0872395868197282,0.1217895182812603,,,24,8,train24_eval8_scn2
step_recovery_10_13s,10.0,13.0,300,0.0576099128048341,0.0562578299816783,0.0124080062513348,0.9765303789343294,0.2153797089290797,0.0463884190183751,0.0505434843298155,0.0905970611589576,1.0,0.105,0.3166666666666666,0.0136133562212958,0.0012619219026458,predictive_alpha,sinusoidal,2,24008,0.0,1.0,1.0,0.03,0.01,0.3602270133560126,1.0,1.0,1.0,0.0811301703989271,0.3602270133560126,0.0910343895702778,1.7037335783774694,0.1050970034464317,0.1217895182812603,39.14097828777529,1.8638561089416803,0.0185424194302422,13.09766957092607,45.0,0.0156407568276258,0.0560102382702881,0.0910343895702778,real10kg_smc_steady,real10kg_mpc_event,-1.0,-1.0,predictive_alpha,1.0,0.2417862382688377,0.2747574838018514,0.2199287129594345,0.0,transformer,16,True,2.5,1.0,0.75,real_10kg_v1,thruster,real_10kg_x,1.0,0.078095238095238,0.22,0.0185424194302422,0.0024343335571911,0.0077169465696965,0.0125,0.0006795812914323,0.0872395868197282,0.1217895182812603,,,24,8,train24_eval8_scn2
post_step_13_20p9s,13.0,20.9,790,0.0980615458012702,0.097249098702851,0.0125968077868063,0.991714926663856,0.1284581808687255,0.0165015042321021,0.0903025360936075,0.3165546551093852,1.0,0.0721518987341772,0.1556962025316455,0.0197293438392674,0.0026877964620166,predictive_alpha,sinusoidal,2,24008,0.0,1.0,1.0,0.03,0.01,0.3602270133560126,1.0,1.0,1.0,0.0811301703989271,0.3602270133560126,0.0910343895702778,1.7037335783774694,0.1050970034464317,0.1217895182812603,39.14097828777529,1.8638561089416803,0.0185424194302422,13.09766957092607,45.0,0.0156407568276258,0.0560102382702881,0.0910343895702778,real10kg_smc_steady,real10kg_mpc_event,-1.0,-1.0,predictive_alpha,1.0,0.2417862382688377,0.2747574838018514,0.2199287129594345,0.0,transformer,16,True,2.5,1.0,0.75,real_10kg_v1,thruster,real_10kg_x,1.0,0.078095238095238,0.22,0.0185424194302422,0.0024343335571911,0.0077169465696965,0.0125,0.0006795812914323,0.0872395868197282,0.1217895182812603,,,24,8,train24_eval8_scn2
startup_0_3s,0.0,3.0,300,0.1203436450187984,0.1180584509946292,0.0233408449966853,0.981011095153282,0.1939516207360959,0.0376172311861584,0.10799076906366,0.2036700572500004,0.7485015411281417,0.0,0.0,0.033121011166198,0.0050136086006253,predictive_alpha,sinusoidal,2,24009,0.0,1.0,1.0,0.03,0.01,0.3606924352866585,1.0,1.0,1.0,0.0829636651642723,0.3606924352866585,0.0932031687555638,1.74223696844972,0.1051011545534424,0.121889520157424,39.15147878661639,1.8643561326960183,0.0182628215147607,12.806889888012286,45.0,0.0134913104421395,0.0502801535480722,0.0932031687555638,real10kg_smc_steady,real10kg_mpc_event,-1.0,-1.0,predictive_alpha,1.0,0.2394963416773479,0.2718066344901442,0.221455284804965,0.0,transformer,16,True,2.5,1.0,0.75,real_10kg_v1,thruster,real_10kg_x,1.0,0.0797619047619047,0.2295238095238095,0.0182628215147607,0.0024273279070918,0.0077787590029263,0.0125,0.0006724495974398,0.0878684829410183,0.121889520157424,,,24,9,train24_eval9_scn2
pre_step_3_10s,3.0,10.0,700,0.0767865898369464,0.0763568680341862,0.0081122797533937,0.9944036868459356,0.1056470898189365,0.0111613075872104,0.0741180081909166,0.0991917374158863,1.0,0.1057142857142857,0.3628571428571429,0.0124765117370604,0.0015564663382363,predictive_alpha,sinusoidal,2,24009,0.0,1.0,1.0,0.03,0.01,0.3606924352866585,1.0,1.0,1.0,0.0829636651642723,0.3606924352866585,0.0932031687555638,1.74223696844972,0.1051011545534424,0.121889520157424,39.15147878661639,1.8643561326960183,0.0182628215147607,12.806889888012286,45.0,0.0134913104421395,0.0502801535480722,0.0932031687555638,real10kg_smc_steady,real10kg_mpc_event,-1.0,-1.0,predictive_alpha,1.0,0.2394963416773479,0.2718066344901442,0.221455284804965,0.0,transformer,16,True,2.5,1.0,0.75,real_10kg_v1,thruster,real_10kg_x,1.0,0.0797619047619047,0.2295238095238095,0.0182628215147607,0.0024273279070918,0.0077787590029263,0.0125,0.0006724495974398,0.0878684829410183,0.121889520157424,,,24,9,train24_eval9_scn2
step_recovery_10_13s,10.0,13.0,300,0.0577534168007299,0.0563821638098256,0.0125103459696693,0.9762567642424412,0.2166165512394622,0.0469227302708785,0.0506388826189231,0.0907631336026114,1.0,0.105,0.3166666666666666,0.0136461250736004,0.0012730908133458,predictive_alpha,sinusoidal,2,24009,0.0,1.0,1.0,0.03,0.01,0.3606924352866585,1.0,1.0,1.0,0.0829636651642723,0.3606924352866585,0.0932031687555638,1.74223696844972,0.1051011545534424,0.121889520157424,39.15147878661639,1.8643561326960183,0.0182628215147607,12.806889888012286,45.0,0.0134913104421395,0.0502801535480722,0.0932031687555638,real10kg_smc_steady,real10kg_mpc_event,-1.0,-1.0,predictive_alpha,1.0,0.2394963416773479,0.2718066344901442,0.221455284804965,0.0,transformer,16,True,2.5,1.0,0.75,real_10kg_v1,thruster,real_10kg_x,1.0,0.0797619047619047,0.2295238095238095,0.0182628215147607,0.0024273279070918,0.0077787590029263,0.0125,0.0006724495974398,0.0878684829410183,0.121889520157424,,,24,9,train24_eval9_scn2
post_step_13_20p9s,13.0,20.9,790,0.0981197132534219,0.0973076347862817,0.0125977117459222,0.9917235951857836,0.128391240946507,0.016484310751784,0.0903074923756149,0.3170213510136406,1.0,0.0721518987341772,0.1556962025316455,0.0197177114392693,0.0026916433270076,predictive_alpha,sinusoidal,2,24009,0.0,1.0,1.0,0.03,0.01,0.3606924352866585,1.0,1.0,1.0,0.0829636651642723,0.3606924352866585,0.0932031687555638,1.74223696844972,0.1051011545534424,0.121889520157424,39.15147878661639,1.8643561326960183,0.0182628215147607,12.806889888012286,45.0,0.0134913104421395,0.0502801535480722,0.0932031687555638,real10kg_smc_steady,real10kg_mpc_event,-1.0,-1.0,predictive_alpha,1.0,0.2394963416773479,0.2718066344901442,0.221455284804965,0.0,transformer,16,True,2.5,1.0,0.75,real_10kg_v1,thruster,real_10kg_x,1.0,0.0797619047619047,0.2295238095238095,0.0182628215147607,0.0024273279070918,0.0077787590029263,0.0125,0.0006724495974398,0.0878684829410183,0.121889520157424,,,24,9,train24_eval9_scn2
startup_0_3s,0.0,3.0,300,0.121149797127177,0.1181646202920331,0.0267281846595644,0.9753596216755512,0.2206209609373636,0.0486736084049257,0.1058677700969893,0.2186873579194471,0.902737806277588,0.0,0.0,0.0357082392809037,0.0046053996469557,predictive_alpha,step_change,3,24000,0.0,1.0,1.0,0.03,0.01,0.0394563826935891,1.0,1.0,1.0,0.0711332154285132,0.2186873579194471,0.0778410185472694,1.4937975239987782,0.0743347812876191,0.0761903715821604,26.99527037352595,1.2854890654059976,0.0204572573824739,13.511630041562134,45.0,0.0147232559542861,0.0544932718133105,0.0778410185472694,real10kg_smc_steady,real10kg_mpc_event,-1.0,-1.0,predictive_alpha,1.0,0.1969574193211179,0.2097691194854417,0.1642579468655943,0.0,transformer,16,True,2.5,1.0,0.75,real_10kg_v1,thruster,real_10kg_x,1.0,0.0126190476190476,0.0304761904761904,0.0204572573824739,0.0054124917569436,0.0084725142191125,0.0125,0.0008541266331072,0.0679917836155936,0.0761903715821604,,,24,0,train24_eval0_scn3
pre_step_3_10s,3.0,10.0,700,0.0709563234457046,0.0705937434028339,0.0071640232625452,0.994890095409916,0.1009638452875471,0.0101936980552477,0.0699412213688974,0.0975247347279842,1.0,0.0371428571428571,0.09,0.0152305561518588,0.0024105380664014,predictive_alpha,step_change,3,24000,0.0,1.0,1.0,0.03,0.01,0.0394563826935891,1.0,1.0,1.0,0.0711332154285132,0.2186873579194471,0.0778410185472694,1.4937975239987782,0.0743347812876191,0.0761903715821604,26.99527037352595,1.2854890654059976,0.0204572573824739,13.511630041562134,45.0,0.0147232559542861,0.0544932718133105,0.0778410185472694,real10kg_smc_steady,real10kg_mpc_event,-1.0,-1.0,predictive_alpha,1.0,0.1969574193211179,0.2097691194854417,0.1642579468655943,0.0,transformer,16,True,2.5,1.0,0.75,real_10kg_v1,thruster,real_10kg_x,1.0,0.0126190476190476,0.0304761904761904,0.0204572573824739,0.0054124917569436,0.0084725142191125,0.0125,0.0008541266331072,0.0679917836155936,0.0761903715821604,,,24,0,train24_eval0_scn3
step_recovery_10_13s,10.0,13.0,300,0.040581910329072,0.0377373558754,0.0149259310426605,0.9299058513853584,0.3677976448528071,0.1352751075592716,0.0376698230056682,0.0706557137339803,1.0,0.0016666666666666,0.0033333333333333,0.0249720779357743,0.0124359059927766,predictive_alpha,step_change,3,24000,0.0,1.0,1.0,0.03,0.01,0.0394563826935891,1.0,1.0,1.0,0.0711332154285132,0.2186873579194471,0.0778410185472694,1.4937975239987782,0.0743347812876191,0.0761903715821604,26.99527037352595,1.2854890654059976,0.0204572573824739,13.511630041562134,45.0,0.0147232559542861,0.0544932718133105,0.0778410185472694,real10kg_smc_steady,real10kg_mpc_event,-1.0,-1.0,predictive_alpha,1.0,0.1969574193211179,0.2097691194854417,0.1642579468655943,0.0,transformer,16,True,2.5,1.0,0.75,real_10kg_v1,thruster,real_10kg_x,1.0,0.0126190476190476,0.0304761904761904,0.0204572573824739,0.0054124917569436,0.0084725142191125,0.0125,0.0008541266331072,0.0679917836155936,0.0761903715821604,,,24,0,train24_eval0_scn3
post_step_13_20p9s,13.0,20.9,790,0.0736600411918573,0.0724725287540054,0.0131732397072999,0.9838784717108844,0.1788383429353299,0.0319831529038546,0.0720949065700784,0.0970457016628519,0.8124058971223485,0.0,0.0,0.0178054359471612,0.0027988111170982,predictive_alpha,step_change,3,24000,0.0,1.0,1.0,0.03,0.01,0.0394563826935891,1.0,1.0,1.0,0.0711332154285132,0.2186873579194471,0.0778410185472694,1.4937975239987782,0.0743347812876191,0.0761903715821604,26.99527037352595,1.2854890654059976,0.0204572573824739,13.511630041562134,45.0,0.0147232559542861,0.0544932718133105,0.0778410185472694,real10kg_smc_steady,real10kg_mpc_event,-1.0,-1.0,predictive_alpha,1.0,0.1969574193211179,0.2097691194854417,0.1642579468655943,0.0,transformer,16,True,2.5,1.0,0.75,real_10kg_v1,thruster,real_10kg_x,1.0,0.0126190476190476,0.0304761904761904,0.0204572573824739,0.0054124917569436,0.0084725142191125,0.0125,0.0008541266331072,0.0679917836155936,0.0761903715821604,,,24,0,train24_eval0_scn3
startup_0_3s,0.0,3.0,300,0.1253461302058238,0.123047940150963,0.0238926093631554,0.981665249249522,0.1906130594053658,0.0363333384158735,0.1082017659380684,0.2285067462941613,0.928488604264364,0.0,0.0,0.0341633271588792,0.004351230104627,predictive_alpha,step_change,3,24001,0.0,1.0,1.0,0.03,0.01,0.0388031734337022,1.0,1.0,1.0,0.0716303957633607,0.2285067462941613,0.0789936735239061,1.5042383110305753,0.0741058502675091,0.0759949464479672,27.02845401410358,1.2870692387668372,0.0201055145167569,13.422870000301629,45.0,0.0140079693731119,0.0503802069179072,0.0789936735239061,real10kg_smc_steady,real10kg_mpc_event,-1.0,-1.0,predictive_alpha,1.0,0.1964472980925831,0.2101274649271976,0.1635552510688735,0.0,transformer,16,True,2.5,1.0,0.75,real_10kg_v1,thruster,real_10kg_x,1.0,0.0126190476190476,0.0304761904761904,0.0201055145167569,0.005326728425921,0.0083928402085856,0.0125,0.0008412437867444,0.0682743861684049,0.0759949464479672,,,24,1,train24_eval1_scn3
pre_step_3_10s,3.0,10.0,700,0.0718965154855467,0.0715381917700965,0.0071691043532896,0.99501611847208,0.0997142115285251,0.0099429239807554,0.0706737235063011,0.1025858292423356,1.0,0.0371428571428571,0.09,0.0149590763968293,0.0022899855911799,predictive_alpha,step_change,3,24001,0.0,1.0,1.0,0.03,0.01,0.0388031734337022,1.0,1.0,1.0,0.0716303957633607,0.2285067462941613,0.0789936735239061,1.5042383110305753,0.0741058502675091,0.0759949464479672,27.02845401410358,1.2870692387668372,0.0201055145167569,13.422870000301629,45.0,0.0140079693731119,0.0503802069179072,0.0789936735239061,real10kg_smc_steady,real10kg_mpc_event,-1.0,-1.0,predictive_alpha,1.0,0.1964472980925831,0.2101274649271976,0.1635552510688735,0.0,transformer,16,True,2.5,1.0,0.75,real_10kg_v1,thruster,real_10kg_x,1.0,0.0126190476190476,0.0304761904761904,0.0201055145167569,0.005326728425921,0.0083928402085856,0.0125,0.0008412437867444,0.0682743861684049,0.0759949464479672,,,24,1,train24_eval1_scn3
step_recovery_10_13s,10.0,13.0,300,0.0404250994579794,0.0375669819439971,0.0149301886728508,0.929298442000044,0.3693296707499832,0.136404405696291,0.0375603872860474,0.0705444123384235,1.0,0.0016666666666666,0.0033333333333333,0.0250605963005934,0.0124084990777191,predictive_alpha,step_change,3,24001,0.0,1.0,1.0,0.03,0.01,0.0388031734337022,1.0,1.0,1.0,0.0716303957633607,0.2285067462941613,0.0789936735239061,1.5042383110305753,0.0741058502675091,0.0759949464479672,27.02845401410358,1.2870692387668372,0.0201055145167569,13.422870000301629,45.0,0.0140079693731119,0.0503802069179072,0.0789936735239061,real10kg_smc_steady,real10kg_mpc_event,-1.0,-1.0,predictive_alpha,1.0,0.1964472980925831,0.2101274649271976,0.1635552510688735,0.0,transformer,16,True,2.5,1.0,0.75,real_10kg_v1,thruster,real_10kg_x,1.0,0.0126190476190476,0.0304761904761904,0.0201055145167569,0.005326728425921,0.0083928402085856,0.0125,0.0008412437867444,0.0682743861684049,0.0759949464479672,,,24,1,train24_eval1_scn3
post_step_13_20p9s,13.0,20.9,790,0.0734844766142858,0.0722947482043254,0.0131695742280726,0.9838097995008492,0.1792157314693647,0.0321182784060994,0.0719302872448529,0.0974248946113184,0.8138266774286312,0.0,0.0,0.0177059389637371,0.0027750638854702,predictive_alpha,step_change,3,24001,0.0,1.0,1.0,0.03,0.01,0.0388031734337022,1.0,1.0,1.0,0.0716303957633607,0.2285067462941613,0.0789936735239061,1.5042383110305753,0.0741058502675091,0.0759949464479672,27.02845401410358,1.2870692387668372,0.0201055145167569,13.422870000301629,45.0,0.0140079693731119,0.0503802069179072,0.0789936735239061,real10kg_smc_steady,real10kg_mpc_event,-1.0,-1.0,predictive_alpha,1.0,0.1964472980925831,0.2101274649271976,0.1635552510688735,0.0,transformer,16,True,2.5,1.0,0.75,real_10kg_v1,thruster,real_10kg_x,1.0,0.0126190476190476,0.0304761904761904,0.0201055145167569,0.005326728425921,0.0083928402085856,0.0125,0.0008412437867444,0.0682743861684049,0.0759949464479672,,,24,1,train24_eval1_scn3
startup_0_3s,0.0,3.0,300,0.115643001758672,0.1132403781188909,0.0234503863347031,0.9792237869716062,0.2027825806843047,0.0411207750289865,0.1010551653038978,0.2092325399269688,0.9114609997565298,0.0,0.0,0.0340616240856391,0.0044101761780212,predictive_alpha,step_change,3,24002,0.0,1.0,1.0,0.03,0.01,0.0385936665684983,1.0,1.0,1.0,0.0706098162249811,0.2092325399269688,0.0768567013175601,1.482806140724604,0.0740065755768688,0.0758994373377804,27.010821229492635,1.2862295823567922,0.0200642003982798,13.434803449382466,45.0,0.013905156625398,0.0489147721972297,0.0768567013175601,real10kg_smc_steady,real10kg_mpc_event,-1.0,-1.0,predictive_alpha,1.0,0.1960438526774075,0.2097662176315918,0.1627581661054864,0.0,transformer,16,True,2.5,1.0,0.75,real_10kg_v1,thruster,real_10kg_x,1.0,0.0126984126984126,0.0304761904761904,0.0200642003982798,0.0053244401192303,0.008356715936299,0.0125,0.0008369702274901,0.0682829455356659,0.0758994373377804,,,24,2,train24_eval2_scn3
pre_step_3_10s,3.0,10.0,700,0.0720211154749625,0.0716637113461039,0.0071661391530013,0.995037509117964,0.0995005298896341,0.0099003554483179,0.0707684722082761,0.1032836729121878,1.0,0.0373809523809523,0.09,0.0149020407694518,0.0022647723403075,predictive_alpha,step_change,3,24002,0.0,1.0,1.0,0.03,0.01,0.0385936665684983,1.0,1.0,1.0,0.0706098162249811,0.2092325399269688,0.0768567013175601,1.482806140724604,0.0740065755768688,0.0758994373377804,27.010821229492635,1.2862295823567922,0.0200642003982798,13.434803449382466,45.0,0.013905156625398,0.0489147721972297,0.0768567013175601,real10kg_smc_steady,real10kg_mpc_event,-1.0,-1.0,predictive_alpha,1.0,0.1960438526774075,0.2097662176315918,0.1627581661054864,0.0,transformer,16,True,2.5,1.0,0.75,real_10kg_v1,thruster,real_10kg_x,1.0,0.0126984126984126,0.0304761904761904,0.0200642003982798,0.0053244401192303,0.008356715936299,0.0125,0.0008369702274901,0.0682829455356659,0.0758994373377804,,,24,2,train24_eval2_scn3
step_recovery_10_13s,10.0,13.0,300,0.040369926536525,0.0375014704904994,0.01494559064121,0.9289457204379524,0.3702159484409248,0.1370598484800135,0.0375235564044039,0.0705184977752748,1.0,0.0016666666666666,0.0033333333333333,0.0251135614773609,0.0123985782959812,predictive_alpha,step_change,3,24002,0.0,1.0,1.0,0.03,0.01,0.0385936665684983,1.0,1.0,1.0,0.0706098162249811,0.2092325399269688,0.0768567013175601,1.482806140724604,0.0740065755768688,0.0758994373377804,27.010821229492635,1.2862295823567922,0.0200642003982798,13.434803449382466,45.0,0.013905156625398,0.0489147721972297,0.0768567013175601,real10kg_smc_steady,real10kg_mpc_event,-1.0,-1.0,predictive_alpha,1.0,0.1960438526774075,0.2097662176315918,0.1627581661054864,0.0,transformer,16,True,2.5,1.0,0.75,real_10kg_v1,thruster,real_10kg_x,1.0,0.0126984126984126,0.0304761904761904,0.0200642003982798,0.0053244401192303,0.008356715936299,0.0125,0.0008369702274901,0.0682829455356659,0.0758994373377804,,,24,2,train24_eval2_scn3
post_step_13_20p9s,13.0,20.9,790,0.0734068188283221,0.0722148481822538,0.0131748530355427,0.983762126392426,0.1794772372080995,0.0322120786758524,0.0718628805512894,0.0974952900496016,0.8141028007591541,0.0,0.0,0.0176750782132748,0.0027769326261061,predictive_alpha,step_change,3,24002,0.0,1.0,1.0,0.03,0.01,0.0385936665684983,1.0,1.0,1.0,0.0706098162249811,0.2092325399269688,0.0768567013175601,1.482806140724604,0.0740065755768688,0.0758994373377804,27.010821229492635,1.2862295823567922,0.0200642003982798,13.434803449382466,45.0,0.013905156625398,0.0489147721972297,0.0768567013175601,real10kg_smc_steady,real10kg_mpc_event,-1.0,-1.0,predictive_alpha,1.0,0.1960438526774075,0.2097662176315918,0.1627581661054864,0.0,transformer,16,True,2.5,1.0,0.75,real_10kg_v1,thruster,real_10kg_x,1.0,0.0126984126984126,0.0304761904761904,0.0200642003982798,0.0053244401192303,0.008356715936299,0.0125,0.0008369702274901,0.0682829455356659,0.0758994373377804,,,24,2,train24_eval2_scn3
startup_0_3s,0.0,3.0,300,0.1215061976738218,0.1186018940693209,0.0264073246717542,0.9760974858887662,0.2173331498911976,0.0472336980416297,0.1061007553929926,0.2197127393152508,0.8723659864665931,0.0,0.0,0.0348895360105682,0.0044823128696693,predictive_alpha,step_change,3,24003,0.0,1.0,1.0,0.03,0.01,0.0394201214796965,1.0,1.0,1.0,0.0710679609515508,0.2197127393152508,0.0778153299947143,1.4924271799825677,0.074297989510597,0.0761577948648172,26.95429836166112,1.283538017221958,0.0203735298811192,13.557573696516592,45.0,0.0146417288257619,0.0541891333324282,0.0778153299947143,real10kg_smc_steady,real10kg_mpc_event,-1.0,-1.0,predictive_alpha,1.0,0.1970446159421366,0.2096466478113523,0.163912014329939,0.0,transformer,16,True,2.5,1.0,0.75,real_10kg_v1,thruster,real_10kg_x,1.0,0.0126190476190476,0.0304761904761904,0.0203735298811192,0.0053876314395075,0.0084811851168691,0.0125,0.0008302580013043,0.0678513362704991,0.0761577948648172,,,24,3,train24_eval3_scn3
pre_step_3_10s,3.0,10.0,700,0.0706453821552778,0.0702793752889393,0.0071818819860586,0.9948190970850148,0.1016610253487331,0.0103349640749557,0.0696846223142446,0.0962827569251318,1.0,0.0371428571428571,0.09,0.0153309279467852,0.0023933317656161,predictive_alpha,step_change,3,24003,0.0,1.0,1.0,0.03,0.01,0.0394201214796965,1.0,1.0,1.0,0.0710679609515508,0.2197127393152508,0.0778153299947143,1.4924271799825677,0.074297989510597,0.0761577948648172,26.95429836166112,1.283538017221958,0.0203735298811192,13.557573696516592,45.0,0.0146417288257619,0.0541891333324282,0.0778153299947143,real10kg_smc_steady,real10kg_mpc_event,-1.0,-1.0,predictive_alpha,1.0,0.1970446159421366,0.2096466478113523,0.163912014329939,0.0,transformer,16,True,2.5,1.0,0.75,real_10kg_v1,thruster,real_10kg_x,1.0,0.0126190476190476,0.0304761904761904,0.0203735298811192,0.0053876314395075,0.0084811851168691,0.0125,0.0008302580013043,0.0678513362704991,0.0761577948648172,,,24,3,train24_eval3_scn3
step_recovery_10_13s,10.0,13.0,300,0.0405522574007851,0.0377078073239601,0.0149200149838607,0.9298571704970016,0.3679207013410774,0.1353656424753102,0.0376353927361073,0.0706500596389915,1.0,0.0016666666666666,0.0033333333333333,0.0250065108690554,0.0124479439138695,predictive_alpha,step_change,3,24003,0.0,1.0,1.0,0.03,0.01,0.0394201214796965,1.0,1.0,1.0,0.0710679609515508,0.2197127393152508,0.0778153299947143,1.4924271799825677,0.074297989510597,0.0761577948648172,26.95429836166112,1.283538017221958,0.0203735298811192,13.557573696516592,45.0,0.0146417288257619,0.0541891333324282,0.0778153299947143,real10kg_smc_steady,real10kg_mpc_event,-1.0,-1.0,predictive_alpha,1.0,0.1970446159421366,0.2096466478113523,0.163912014329939,0.0,transformer,16,True,2.5,1.0,0.75,real_10kg_v1,thruster,real_10kg_x,1.0,0.0126190476190476,0.0304761904761904,0.0203735298811192,0.0053876314395075,0.0084811851168691,0.0125,0.0008302580013043,0.0678513362704991,0.0761577948648172,,,24,3,train24_eval3_scn3
post_step_13_20p9s,13.0,20.9,790,0.0736362258751928,0.072448541302907,0.0131720394861006,0.9838709200781304,0.1788798832306554,0.0319980126246129,0.0720738489615623,0.097144891599858,0.8126253349642655,0.0,0.0,0.0177942928743382,0.0027929083248106,predictive_alpha,step_change,3,24003,0.0,1.0,1.0,0.03,0.01,0.0394201214796965,1.0,1.0,1.0,0.0710679609515508,0.2197127393152508,0.0778153299947143,1.4924271799825677,0.074297989510597,0.0761577948648172,26.95429836166112,1.283538017221958,0.0203735298811192,13.557573696516592,45.0,0.0146417288257619,0.0541891333324282,0.0778153299947143,real10kg_smc_steady,real10kg_mpc_event,-1.0,-1.0,predictive_alpha,1.0,0.1970446159421366,0.2096466478113523,0.163912014329939,0.0,transformer,16,True,2.5,1.0,0.75,real_10kg_v1,thruster,real_10kg_x,1.0,0.0126190476190476,0.0304761904761904,0.0203735298811192,0.0053876314395075,0.0084811851168691,0.0125,0.0008302580013043,0.0678513362704991,0.0761577948648172,,,24,3,train24_eval3_scn3
startup_0_3s,0.0,3.0,300,0.1205075667022241,0.1181730860651,0.0236049859635938,0.9806279331579844,0.1958796995870153,0.0383688567102993,0.1041206443915362,0.2201895316240186,0.902139751241668,0.0,0.0,0.0334593226977999,0.0043385867027543,predictive_alpha,step_change,3,24004,0.0,1.0,1.0,0.03,0.01,0.0385972443077752,1.0,1.0,1.0,0.0710230045941096,0.2201895316240186,0.0778895636075491,1.4914830964763033,0.0740072054031777,0.0759000365923825,26.994628463116207,1.2854584982436288,0.0199986123655155,13.445001711113854,45.0,0.0139442809412544,0.0489109927911434,0.0778895636075491,real10kg_smc_steady,real10kg_mpc_event,-1.0,-1.0,predictive_alpha,1.0,0.1961710145050187,0.2098460000188541,0.1628309517237357,0.0,transformer,16,True,2.5,1.0,0.75,real_10kg_v1,thruster,real_10kg_x,1.0,0.0126984126984126,0.0304761904761904,0.0199986123655155,0.0053185901555374,0.0083632573483221,0.0125,0.0008335599709389,0.0682463859853033,0.0759000365923825,,,24,4,train24_eval4_scn3
pre_step_3_10s,3.0,10.0,700,0.0719327068592652,0.0715738461285118,0.0071762710702068,0.9950111604800936,0.0997636733488572,0.0099527905200574,0.0706945472179632,0.1029958463837539,1.0,0.0373809523809523,0.09,0.0149619674716178,0.0022839134636032,predictive_alpha,step_change,3,24004,0.0,1.0,1.0,0.03,0.01,0.0385972443077752,1.0,1.0,1.0,0.0710230045941096,0.2201895316240186,0.0778895636075491,1.4914830964763033,0.0740072054031777,0.0759000365923825,26.994628463116207,1.2854584982436288,0.0199986123655155,13.445001711113854,45.0,0.0139442809412544,0.0489109927911434,0.0778895636075491,real10kg_smc_steady,real10kg_mpc_event,-1.0,-1.0,predictive_alpha,1.0,0.1961710145050187,0.2098460000188541,0.1628309517237357,0.0,transformer,16,True,2.5,1.0,0.75,real_10kg_v1,thruster,real_10kg_x,1.0,0.0126984126984126,0.0304761904761904,0.0199986123655155,0.0053185901555374,0.0083632573483221,0.0125,0.0008335599709389,0.0682463859853033,0.0759000365923825,,,24,4,train24_eval4_scn3
step_recovery_10_13s,10.0,13.0,300,0.0403719586641843,0.0375034232501682,0.0149461798096151,0.9289473310453752,0.3702119070798158,0.1370568561436742,0.0375252987228656,0.070524796329816,1.0,0.0016666666666666,0.0033333333333333,0.025113594083842,0.0124005114540987,predictive_alpha,step_change,3,24004,0.0,1.0,1.0,0.03,0.01,0.0385972443077752,1.0,1.0,1.0,0.0710230045941096,0.2201895316240186,0.0778895636075491,1.4914830964763033,0.0740072054031777,0.0759000365923825,26.994628463116207,1.2854584982436288,0.0199986123655155,13.445001711113854,45.0,0.0139442809412544,0.0489109927911434,0.0778895636075491,real10kg_smc_steady,real10kg_mpc_event,-1.0,-1.0,predictive_alpha,1.0,0.1961710145050187,0.2098460000188541,0.1628309517237357,0.0,transformer,16,True,2.5,1.0,0.75,real_10kg_v1,thruster,real_10kg_x,1.0,0.0126984126984126,0.0304761904761904,0.0199986123655155,0.0053185901555374,0.0083632573483221,0.0125,0.0008335599709389,0.0682463859853033,0.0759000365923825,,,24,4,train24_eval4_scn3
post_step_13_20p9s,13.0,20.9,790,0.0734057155685806,0.0722137498716617,0.0131747260923499,0.9837619497652692,0.1794782053454841,0.0322124261940357,0.0718619194647655,0.0974953651895018,0.8140981412984017,0.0,0.0,0.0176771185946519,0.0027769367977483,predictive_alpha,step_change,3,24004,0.0,1.0,1.0,0.03,0.01,0.0385972443077752,1.0,1.0,1.0,0.0710230045941096,0.2201895316240186,0.0778895636075491,1.4914830964763033,0.0740072054031777,0.0759000365923825,26.994628463116207,1.2854584982436288,0.0199986123655155,13.445001711113854,45.0,0.0139442809412544,0.0489109927911434,0.0778895636075491,real10kg_smc_steady,real10kg_mpc_event,-1.0,-1.0,predictive_alpha,1.0,0.1961710145050187,0.2098460000188541,0.1628309517237357,0.0,transformer,16,True,2.5,1.0,0.75,real_10kg_v1,thruster,real_10kg_x,1.0,0.0126984126984126,0.0304761904761904,0.0199986123655155,0.0053185901555374,0.0083632573483221,0.0125,0.0008335599709389,0.0682463859853033,0.0759000365923825,,,24,4,train24_eval4_scn3
startup_0_3s,0.0,3.0,300,0.1178156387892221,0.1142702078752557,0.0286852633848515,0.9699069584445462,0.2434758549853543,0.0592804919608492,0.1039502782369658,0.2102887196711287,0.835413641929325,0.0,0.0,0.0348443273172399,0.004496490337549,predictive_alpha,step_change,3,24005,0.0,1.0,1.0,0.03,0.01,0.0391693866004858,1.0,1.0,1.0,0.0706525121845194,0.2102887196711287,0.0768878539734943,1.4837027558749076,0.0741846984560095,0.0760517036282786,26.91238849317634,1.2815423091988734,0.0203661631889341,13.621602489515013,45.0,0.0152463249448004,0.0548497050247738,0.0768878539734943,real10kg_smc_steady,real10kg_mpc_event,-1.0,-1.0,predictive_alpha,1.0,0.1976738106866505,0.2098800089962239,0.164159503088754,0.0,transformer,16,True,2.5,1.0,0.75,real_10kg_v1,thruster,real_10kg_x,1.0,0.0126984126984126,0.0304761904761904,0.0203661631889341,0.0053798770569536,0.0084610555530589,0.0125,0.0008413938440786,0.0677023754842142,0.0760517036282786,,,24,5,train24_eval5_scn3
pre_step_3_10s,3.0,10.0,700,0.0703637596769871,0.0699919288942308,0.0072241653874849,0.9947155924518072,0.1026688372060894,0.0105408901332504,0.0694496562362593,0.0950088697087411,1.0,0.0373809523809523,0.09,0.0153614672165715,0.0023714097552525,predictive_alpha,step_change,3,24005,0.0,1.0,1.0,0.03,0.01,0.0391693866004858,1.0,1.0,1.0,0.0706525121845194,0.2102887196711287,0.0768878539734943,1.4837027558749076,0.0741846984560095,0.0760517036282786,26.91238849317634,1.2815423091988734,0.0203661631889341,13.621602489515013,45.0,0.0152463249448004,0.0548497050247738,0.0768878539734943,real10kg_smc_steady,real10kg_mpc_event,-1.0,-1.0,predictive_alpha,1.0,0.1976738106866505,0.2098800089962239,0.164159503088754,0.0,transformer,16,True,2.5,1.0,0.75,real_10kg_v1,thruster,real_10kg_x,1.0,0.0126984126984126,0.0304761904761904,0.0203661631889341,0.0053798770569536,0.0084610555530589,0.0125,0.0008413938440786,0.0677023754842142,0.0760517036282786,,,24,5,train24_eval5_scn3
step_recovery_10_13s,10.0,13.0,300,0.0405034155218082,0.037658440114469,0.0149120272624885,0.929759617289378,0.3681671550504057,0.1355470540579094,0.0375823941258202,0.0706393667796639,1.0,0.0016666666666666,0.0033333333333333,0.0250826763560851,0.012475782857616,predictive_alpha,step_change,3,24005,0.0,1.0,1.0,0.03,0.01,0.0391693866004858,1.0,1.0,1.0,0.0706525121845194,0.2102887196711287,0.0768878539734943,1.4837027558749076,0.0741846984560095,0.0760517036282786,26.91238849317634,1.2815423091988734,0.0203661631889341,13.621602489515013,45.0,0.0152463249448004,0.0548497050247738,0.0768878539734943,real10kg_smc_steady,real10kg_mpc_event,-1.0,-1.0,predictive_alpha,1.0,0.1976738106866505,0.2098800089962239,0.164159503088754,0.0,transformer,16,True,2.5,1.0,0.75,real_10kg_v1,thruster,real_10kg_x,1.0,0.0126984126984126,0.0304761904761904,0.0203661631889341,0.0053798770569536,0.0084610555530589,0.0125,0.0008413938440786,0.0677023754842142,0.0760517036282786,,,24,5,train24_eval5_scn3
post_step_13_20p9s,13.0,20.9,790,0.07357451398003,0.0723858942845504,0.0131716140249978,0.9838446816542724,0.1790241391002996,0.0320496423806034,0.0720173363413066,0.0972348516794656,0.8131973332545325,0.0,0.0,0.0177468344267998,0.0027807278751101,predictive_alpha,step_change,3,24005,0.0,1.0,1.0,0.03,0.01,0.0391693866004858,1.0,1.0,1.0,0.0706525121845194,0.2102887196711287,0.0768878539734943,1.4837027558749076,0.0741846984560095,0.0760517036282786,26.91238849317634,1.2815423091988734,0.0203661631889341,13.621602489515013,45.0,0.0152463249448004,0.0548497050247738,0.0768878539734943,real10kg_smc_steady,real10kg_mpc_event,-1.0,-1.0,predictive_alpha,1.0,0.1976738106866505,0.2098800089962239,0.164159503088754,0.0,transformer,16,True,2.5,1.0,0.75,real_10kg_v1,thruster,real_10kg_x,1.0,0.0126984126984126,0.0304761904761904,0.0203661631889341,0.0053798770569536,0.0084610555530589,0.0125,0.0008413938440786,0.0677023754842142,0.0760517036282786,,,24,5,train24_eval5_scn3
startup_0_3s,0.0,3.0,300,0.1529583190288617,0.150786585140619,0.0256837127722194,0.9858017929195936,0.1679131474200709,0.0281948250765144,0.1300948924026148,0.2794029930124417,1.0,0.0044444444444444,0.0266666666666666,0.0362741719029271,0.0045457964238629,predictive_alpha,step_change,3,24006,0.0,1.0,1.0,0.03,0.01,0.0395788807507653,1.0,1.0,1.0,0.0746454586749498,0.2794029930124417,0.0855110364896158,1.5675546321739462,0.0743545745042883,0.0762091016299388,27.152038913202237,1.292954233962011,0.0205433287799918,13.486217368793763,45.0,0.0144568052677545,0.0558535212153143,0.0855110364896158,real10kg_smc_steady,real10kg_mpc_event,-1.0,-1.0,predictive_alpha,1.0,0.1983370660002645,0.2106106931431719,0.1668940798860941,0.0,transformer,16,True,2.5,1.0,0.75,real_10kg_v1,thruster,real_10kg_x,1.0,0.0132539682539682,0.0342857142857142,0.0205433287799918,0.0054129430026216,0.0085249299734452,0.0125,0.0008370426061267,0.0680547747168459,0.0762091016299388,,,24,6,train24_eval6_scn3
pre_step_3_10s,3.0,10.0,700,0.071047910471507,0.0706862434216387,0.0071596489651456,0.9949095329128176,0.1007721257054688,0.0101550213191988,0.0700318791801238,0.0973275938879341,1.0,0.0371428571428571,0.09,0.0152625111791371,0.0024186169397621,predictive_alpha,step_change,3,24006,0.0,1.0,1.0,0.03,0.01,0.0395788807507653,1.0,1.0,1.0,0.0746454586749498,0.2794029930124417,0.0855110364896158,1.5675546321739462,0.0743545745042883,0.0762091016299388,27.152038913202237,1.292954233962011,0.0205433287799918,13.486217368793763,45.0,0.0144568052677545,0.0558535212153143,0.0855110364896158,real10kg_smc_steady,real10kg_mpc_event,-1.0,-1.0,predictive_alpha,1.0,0.1983370660002645,0.2106106931431719,0.1668940798860941,0.0,transformer,16,True,2.5,1.0,0.75,real_10kg_v1,thruster,real_10kg_x,1.0,0.0132539682539682,0.0342857142857142,0.0205433287799918,0.0054129430026216,0.0085249299734452,0.0125,0.0008370426061267,0.0680547747168459,0.0762091016299388,,,24,6,train24_eval6_scn3
step_recovery_10_13s,10.0,13.0,300,0.0406573037042711,0.0378169645597673,0.0149296194186803,0.9301395103530836,0.3672063333878181,0.1348404912801254,0.0377375458793354,0.0707132118502002,1.0,0.0016666666666666,0.0033333333333333,0.0249391811352679,0.0124268066682441,predictive_alpha,step_change,3,24006,0.0,1.0,1.0,0.03,0.01,0.0395788807507653,1.0,1.0,1.0,0.0746454586749498,0.2794029930124417,0.0855110364896158,1.5675546321739462,0.0743545745042883,0.0762091016299388,27.152038913202237,1.292954233962011,0.0205433287799918,13.486217368793763,45.0,0.0144568052677545,0.0558535212153143,0.0855110364896158,real10kg_smc_steady,real10kg_mpc_event,-1.0,-1.0,predictive_alpha,1.0,0.1983370660002645,0.2106106931431719,0.1668940798860941,0.0,transformer,16,True,2.5,1.0,0.75,real_10kg_v1,thruster,real_10kg_x,1.0,0.0132539682539682,0.0342857142857142,0.0205433287799918,0.0054129430026216,0.0085249299734452,0.0125,0.0008370426061267,0.0680547747168459,0.0762091016299388,,,24,6,train24_eval6_scn3
post_step_13_20p9s,13.0,20.9,790,0.0736978611631047,0.0725102123639918,0.0131773989445966,0.983884894617438,0.1788030037321306,0.0319705141436323,0.0721237556069516,0.0969169740036932,0.8121291422158482,0.0,0.0,0.0177886384121697,0.0027841030584624,predictive_alpha,step_change,3,24006,0.0,1.0,1.0,0.03,0.01,0.0395788807507653,1.0,1.0,1.0,0.0746454586749498,0.2794029930124417,0.0855110364896158,1.5675546321739462,0.0743545745042883,0.0762091016299388,27.152038913202237,1.292954233962011,0.0205433287799918,13.486217368793763,45.0,0.0144568052677545,0.0558535212153143,0.0855110364896158,real10kg_smc_steady,real10kg_mpc_event,-1.0,-1.0,predictive_alpha,1.0,0.1983370660002645,0.2106106931431719,0.1668940798860941,0.0,transformer,16,True,2.5,1.0,0.75,real_10kg_v1,thruster,real_10kg_x,1.0,0.0132539682539682,0.0342857142857142,0.0205433287799918,0.0054129430026216,0.0085249299734452,0.0125,0.0008370426061267,0.0680547747168459,0.0762091016299388,,,24,6,train24_eval6_scn3
startup_0_3s,0.0,3.0,300,0.1261139280315378,0.1237758029268923,0.0241717490750469,0.9814602150520532,0.191665975775508,0.0367358462699776,0.1089386393835636,0.2296619993824646,0.9223561897170168,0.0,0.0,0.0345682572733875,0.0043660455095881,predictive_alpha,step_change,3,24007,0.0,1.0,1.0,0.03,0.01,0.0391990121245114,1.0,1.0,1.0,0.071726037269578,0.2296619993824646,0.0791394675768078,1.5062467826611383,0.0742153343045796,0.0760872071492025,27.015474458600657,1.2864511646952694,0.0201979452018238,13.420783629857311,45.0,0.0140723307746764,0.0517297603616372,0.0791394675768078,real10kg_smc_steady,real10kg_mpc_event,-1.0,-1.0,predictive_alpha,1.0,0.1961861005947618,0.2096937047401012,0.1637355630237254,0.0,transformer,16,True,2.5,1.0,0.75,real_10kg_v1,thruster,real_10kg_x,1.0,0.0126190476190476,0.0304761904761904,0.0201979452018238,0.0053437561493939,0.0084240922280169,0.0125,0.0008472919691761,0.0682356999119478,0.0760872071492025,,,24,7,train24_eval7_scn3
pre_step_3_10s,3.0,10.0,700,0.0716844095916083,0.0713271686439629,0.0071476983521369,0.9950164763903246,0.0997106399126103,0.0099422117117822,0.0705264110215503,0.1012314487986262,1.0,0.0371428571428571,0.09,0.0150291180778149,0.0023115954954596,predictive_alpha,step_change,3,24007,0.0,1.0,1.0,0.03,0.01,0.0391990121245114,1.0,1.0,1.0,0.071726037269578,0.2296619993824646,0.0791394675768078,1.5062467826611383,0.0742153343045796,0.0760872071492025,27.015474458600657,1.2864511646952694,0.0201979452018238,13.420783629857311,45.0,0.0140723307746764,0.0517297603616372,0.0791394675768078,real10kg_smc_steady,real10kg_mpc_event,-1.0,-1.0,predictive_alpha,1.0,0.1961861005947618,0.2096937047401012,0.1637355630237254,0.0,transformer,16,True,2.5,1.0,0.75,real_10kg_v1,thruster,real_10kg_x,1.0,0.0126190476190476,0.0304761904761904,0.0201979452018238,0.0053437561493939,0.0084240922280169,0.0125,0.0008472919691761,0.0682356999119478,0.0760872071492025,,,24,7,train24_eval7_scn3
step_recovery_10_13s,10.0,13.0,300,0.040492365342808,0.0376402527006724,0.0149279277759828,0.929564187767506,0.3686603054576616,0.1359104208201363,0.0376178356799332,0.0705423854040707,1.0,0.0016666666666666,0.0033333333333333,0.0249711246004575,0.0123868374109139,predictive_alpha,step_change,3,24007,0.0,1.0,1.0,0.03,0.01,0.0391990121245114,1.0,1.0,1.0,0.071726037269578,0.2296619993824646,0.0791394675768078,1.5062467826611383,0.0742153343045796,0.0760872071492025,27.015474458600657,1.2864511646952694,0.0201979452018238,13.420783629857311,45.0,0.0140723307746764,0.0517297603616372,0.0791394675768078,real10kg_smc_steady,real10kg_mpc_event,-1.0,-1.0,predictive_alpha,1.0,0.1961861005947618,0.2096937047401012,0.1637355630237254,0.0,transformer,16,True,2.5,1.0,0.75,real_10kg_v1,thruster,real_10kg_x,1.0,0.0126190476190476,0.0304761904761904,0.0201979452018238,0.0053437561493939,0.0084240922280169,0.0125,0.0008472919691761,0.0682356999119478,0.0760872071492025,,,24,7,train24_eval7_scn3
post_step_13_20p9s,13.0,20.9,790,0.073569753859811,0.0723815521670961,0.0131688871540125,0.9838493180909778,0.1789986572349582,0.032040519291918,0.072009098597495,0.097242686272157,0.8133233416526304,0.0,0.0,0.0177475869119265,0.0027869103989926,predictive_alpha,step_change,3,24007,0.0,1.0,1.0,0.03,0.01,0.0391990121245114,1.0,1.0,1.0,0.071726037269578,0.2296619993824646,0.0791394675768078,1.5062467826611383,0.0742153343045796,0.0760872071492025,27.015474458600657,1.2864511646952694,0.0201979452018238,13.420783629857311,45.0,0.0140723307746764,0.0517297603616372,0.0791394675768078,real10kg_smc_steady,real10kg_mpc_event,-1.0,-1.0,predictive_alpha,1.0,0.1961861005947618,0.2096937047401012,0.1637355630237254,0.0,transformer,16,True,2.5,1.0,0.75,real_10kg_v1,thruster,real_10kg_x,1.0,0.0126190476190476,0.0304761904761904,0.0201979452018238,0.0053437561493939,0.0084240922280169,0.0125,0.0008472919691761,0.0682356999119478,0.0760872071492025,,,24,7,train24_eval7_scn3
startup_0_3s,0.0,3.0,300,0.1107013959211793,0.1063093542042912,0.0308726459436867,0.9603253267012528,0.2788821738586601,0.0777752668961319,0.0990524948971109,0.194608896959597,0.8844043512712615,0.0,0.0,0.0368189348270692,0.0047138827576879,predictive_alpha,step_change,3,24008,0.0,1.0,1.0,0.03,0.01,0.0393840117753077,1.0,1.0,1.0,0.0702045873626156,0.194608896959597,0.0756441052920277,1.4742963346149285,0.0742773002870881,0.076135702533432,26.99397342244515,1.2854273058307215,0.0205786633529322,13.493590346237909,45.0,0.0158383599466652,0.0560583396469447,0.0756441052920277,real10kg_smc_steady,real10kg_mpc_event,-1.0,-1.0,predictive_alpha,1.0,0.1972400222216808,0.2103667955352755,0.1644327289578671,0.0,transformer,16,True,2.5,1.0,0.75,real_10kg_v1,thruster,real_10kg_x,1.0,0.0126190476190476,0.0304761904761904,0.0205786633529322,0.005408827920213,0.0084464922830055,0.0125,0.0008486214409233,0.0680678773959273,0.076135702533432,,,24,8,train24_eval8_scn3
pre_step_3_10s,3.0,10.0,700,0.0712164572734453,0.0708545632569065,0.007170401122218,0.9949183934389022,0.1006846085405,0.0101373903969537,0.0701494024773286,0.0988532532587022,1.0,0.0371428571428571,0.09,0.0151442346965985,0.0023657678601589,predictive_alpha,step_change,3,24008,0.0,1.0,1.0,0.03,0.01,0.0393840117753077,1.0,1.0,1.0,0.0702045873626156,0.194608896959597,0.0756441052920277,1.4742963346149285,0.0742773002870881,0.076135702533432,26.99397342244515,1.2854273058307215,0.0205786633529322,13.493590346237909,45.0,0.0158383599466652,0.0560583396469447,0.0756441052920277,real10kg_smc_steady,real10kg_mpc_event,-1.0,-1.0,predictive_alpha,1.0,0.1972400222216808,0.2103667955352755,0.1644327289578671,0.0,transformer,16,True,2.5,1.0,0.75,real_10kg_v1,thruster,real_10kg_x,1.0,0.0126190476190476,0.0304761904761904,0.0205786633529322,0.005408827920213,0.0084464922830055,0.0125,0.0008486214409233,0.0680678773959273,0.076135702533432,,,24,8,train24_eval8_scn3
step_recovery_10_13s,10.0,13.0,300,0.0404943276085339,0.0376444457839589,0.0149226763714104,0.929622690562359,0.3685127585194313,0.1358016531916007,0.0375988809048759,0.0705330064753219,1.0,0.0016666666666666,0.0033333333333333,0.0250011857622307,0.0124085071620384,predictive_alpha,step_change,3,24008,0.0,1.0,1.0,0.03,0.01,0.0393840117753077,1.0,1.0,1.0,0.0702045873626156,0.194608896959597,0.0756441052920277,1.4742963346149285,0.0742773002870881,0.076135702533432,26.99397342244515,1.2854273058307215,0.0205786633529322,13.493590346237909,45.0,0.0158383599466652,0.0560583396469447,0.0756441052920277,real10kg_smc_steady,real10kg_mpc_event,-1.0,-1.0,predictive_alpha,1.0,0.1972400222216808,0.2103667955352755,0.1644327289578671,0.0,transformer,16,True,2.5,1.0,0.75,real_10kg_v1,thruster,real_10kg_x,1.0,0.0126190476190476,0.0304761904761904,0.0205786633529322,0.005408827920213,0.0084464922830055,0.0125,0.0008486214409233,0.0680678773959273,0.076135702533432,,,24,8,train24_eval8_scn3
post_step_13_20p9s,13.0,20.9,790,0.0736165191331782,0.0724286735004719,0.0131711481749934,0.9838644145812246,0.1789156609152591,0.032010813720744,0.0720578780324244,0.0971146102918722,0.8130513236207123,0.0,0.0,0.0177773078040631,0.0027955449427821,predictive_alpha,step_change,3,24008,0.0,1.0,1.0,0.03,0.01,0.0393840117753077,1.0,1.0,1.0,0.0702045873626156,0.194608896959597,0.0756441052920277,1.4742963346149285,0.0742773002870881,0.076135702533432,26.99397342244515,1.2854273058307215,0.0205786633529322,13.493590346237909,45.0,0.0158383599466652,0.0560583396469447,0.0756441052920277,real10kg_smc_steady,real10kg_mpc_event,-1.0,-1.0,predictive_alpha,1.0,0.1972400222216808,0.2103667955352755,0.1644327289578671,0.0,transformer,16,True,2.5,1.0,0.75,real_10kg_v1,thruster,real_10kg_x,1.0,0.0126190476190476,0.0304761904761904,0.0205786633529322,0.005408827920213,0.0084464922830055,0.0125,0.0008486214409233,0.0680678773959273,0.076135702533432,,,24,8,train24_eval8_scn3
startup_0_3s,0.0,3.0,300,0.1071953764277228,0.1046629345474284,0.0231628767514294,0.976375456062679,0.2160809311308976,0.0466909687983957,0.0953029783425373,0.1914581933171729,0.9001647692358858,0.0,0.0,0.0340600985514428,0.0044424245015779,predictive_alpha,step_change,3,24009,0.0,1.0,1.0,0.03,0.01,0.038483463767959,1.0,1.0,1.0,0.0697817602731237,0.1914581933171729,0.0750871955292085,1.4654169657355989,0.0739904362272901,0.0758887292819121,27.001858554806983,1.285802788324142,0.020041088527439,13.448524674719057,45.0,0.013839318733058,0.0482707703186172,0.0750871955292085,real10kg_smc_steady,real10kg_mpc_event,-1.0,-1.0,predictive_alpha,1.0,0.1965539358915959,0.2102203867076683,0.1616604823958949,0.0,transformer,16,True,2.5,1.0,0.75,real_10kg_v1,thruster,real_10kg_x,1.0,0.0126984126984126,0.0304761904761904,0.020041088527439,0.0053092200715903,0.0083388430522355,0.0125,0.0008179749136267,0.068283428687115,0.0758887292819121,,,24,9,train24_eval9_scn3
pre_step_3_10s,3.0,10.0,700,0.0720908777121795,0.0717336628238961,0.0071677239888276,0.9950449363411882,0.0994262272328625,0.0098855746617608,0.0708182863295107,0.1037055229193937,1.0,0.0373809523809523,0.09,0.0148180346893321,0.0022305816884954,predictive_alpha,step_change,3,24009,0.0,1.0,1.0,0.03,0.01,0.038483463767959,1.0,1.0,1.0,0.0697817602731237,0.1914581933171729,0.0750871955292085,1.4654169657355989,0.0739904362272901,0.0758887292819121,27.001858554806983,1.285802788324142,0.020041088527439,13.448524674719057,45.0,0.013839318733058,0.0482707703186172,0.0750871955292085,real10kg_smc_steady,real10kg_mpc_event,-1.0,-1.0,predictive_alpha,1.0,0.1965539358915959,0.2102203867076683,0.1616604823958949,0.0,transformer,16,True,2.5,1.0,0.75,real_10kg_v1,thruster,real_10kg_x,1.0,0.0126984126984126,0.0304761904761904,0.020041088527439,0.0053092200715903,0.0083388430522355,0.0125,0.0008179749136267,0.068283428687115,0.0758887292819121,,,24,9,train24_eval9_scn3
step_recovery_10_13s,10.0,13.0,300,0.040281923282886,0.0374057945382812,0.0149479054829836,0.9286000143437336,0.3710822191385862,0.1377020133608177,0.0374545684323389,0.0704446820290608,1.0,0.0016666666666666,0.0033333333333333,0.0251087749296217,0.012386535476485,predictive_alpha,step_change,3,24009,0.0,1.0,1.0,0.03,0.01,0.038483463767959,1.0,1.0,1.0,0.0697817602731237,0.1914581933171729,0.0750871955292085,1.4654169657355989,0.0739904362272901,0.0758887292819121,27.001858554806983,1.285802788324142,0.020041088527439,13.448524674719057,45.0,0.013839318733058,0.0482707703186172,0.0750871955292085,real10kg_smc_steady,real10kg_mpc_event,-1.0,-1.0,predictive_alpha,1.0,0.1965539358915959,0.2102203867076683,0.1616604823958949,0.0,transformer,16,True,2.5,1.0,0.75,real_10kg_v1,thruster,real_10kg_x,1.0,0.0126984126984126,0.0304761904761904,0.020041088527439,0.0053092200715903,0.0083388430522355,0.0125,0.0008179749136267,0.068283428687115,0.0758887292819121,,,24,9,train24_eval9_scn3
post_step_13_20p9s,13.0,20.9,790,0.0733655705776069,0.0721722705816841,0.0131784029860222,0.983734877456442,0.1796265316587696,0.0322656908757589,0.0718282750351709,0.0975995144789917,0.8141937985788166,0.0,0.0,0.0176806167319276,0.0027556694898534,predictive_alpha,step_change,3,24009,0.0,1.0,1.0,0.03,0.01,0.038483463767959,1.0,1.0,1.0,0.0697817602731237,0.1914581933171729,0.0750871955292085,1.4654169657355989,0.0739904362272901,0.0758887292819121,27.001858554806983,1.285802788324142,0.020041088527439,13.448524674719057,45.0,0.013839318733058,0.0482707703186172,0.0750871955292085,real10kg_smc_steady,real10kg_mpc_event,-1.0,-1.0,predictive_alpha,1.0,0.1965539358915959,0.2102203867076683,0.1616604823958949,0.0,transformer,16,True,2.5,1.0,0.75,real_10kg_v1,thruster,real_10kg_x,1.0,0.0126984126984126,0.0304761904761904,0.020041088527439,0.0053092200715903,0.0083388430522355,0.0125,0.0008179749136267,0.068283428687115,0.0758887292819121,,,24,9,train24_eval9_scn3
