window,window_start_s,window_end_s,n_steps,rmse_3d,xy_rmse,z_rmse,xy_share,z_share,z_energy_share,mean_error,max_error,window_action_peak_abs,window_action_saturation_fraction,window_action_saturation_step_fraction,window_action_tv_mean,window_action_jerk_mean,method,scenario,scenario_id,seed,start_time,mass_scale_xy,damping_scale_xy,initial_position_std,initial_velocity_std,final_error,success_0.5m,success_1.0m,success_2.0m,episode_mean_error,episode_max_error,rmse,iae,steady_state_error,steady_state_rmse,energy,mean_thrust,control_tv,heading_rmse_deg,heading_max_deg,episode_z_rmse,z_max_abs_error,episode_rmse_3d,primary_controller,authority_controller,authority_until,blend_duration,blend_curve,authority_active_fraction,authority_alpha_mean,authority_alpha_std,alpha_raw_mean,alpha_uncertainty_std,policy_architecture,history_len,trajectory3d,current_amplitude_scale,current_frequency_scale,vertical_current,vehicle_profile,action_mode,thruster_layout,action_peak_abs,action_saturation_fraction,action_saturation_step_fraction,action_tv_mean,action_jerk_mean,alpha_delta_mean,alpha_delta_max,alpha_jerk_mean,post_startup_rmse,tail_rmse,disturbance_window_rmse,disturbance_recovery_time_s
startup_0_3s,0.0,3.0,300,0.12014397160058124,0.11771831708416483,0.024020235944580203,0.9798104350630217,0.199928765668206,0.03997151134161243,0.10463177101460089,0.21864907890449772,0.8969296926387557,0.0,0.0,0.03373166529347343,0.004373477672966554,predictive_alpha,constant,1,22000,0.0,1.0,1.0,0.03,0.01,0.04672181894689051,1.0,1.0,1.0,0.08881811669175012,0.22567722502002768,0.0989510592849317,1.8651804505267526,0.07722065653482578,0.0787155978606876,30.51887713908508,1.453279863765956,0.01874011526526183,15.004120113377828,45.0,0.013603586752953648,0.05060387318536258,0.0989510592849317,real10kg_smc_steady,real10kg_mpc_event,-1.0,-1.0,predictive_alpha,1.0,0.2626672157952601,0.29140945174018384,0.2302836224504946,0.0,transformer,16,True,2.5,1.0,0.75,real_10kg_v1,thruster,real_10kg_x,1.0,0.04690476190476191,0.13380952380952382,0.01874011526526183,0.002506208322046856,0.008208770535753137,0.012500000000000011,0.0006631306526940315,0.09496017676137472,0.0787155978606876,,
pre_step_3_10s,3.0,10.0,700,0.06766709879581956,0.0673011612849201,0.0070277983141504505,0.994592091024862,0.10385842513148538,0.010786572470792354,0.06678486489074008,0.08923887730510592,1.0,0.03761904761904762,0.09285714285714286,0.015547292084389108,0.0021087582259057725,predictive_alpha,constant,1,22000,0.0,1.0,1.0,0.03,0.01,0.04672181894689051,1.0,1.0,1.0,0.08881811669175012,0.22567722502002768,0.0989510592849317,1.8651804505267526,0.07722065653482578,0.0787155978606876,30.51887713908508,1.453279863765956,0.01874011526526183,15.004120113377828,45.0,0.013603586752953648,0.05060387318536258,0.0989510592849317,real10kg_smc_steady,real10kg_mpc_event,-1.0,-1.0,predictive_alpha,1.0,0.2626672157952601,0.29140945174018384,0.2302836224504946,0.0,transformer,16,True,2.5,1.0,0.75,real_10kg_v1,thruster,real_10kg_x,1.0,0.04690476190476191,0.13380952380952382,0.01874011526526183,0.002506208322046856,0.008208770535753137,0.012500000000000011,0.0006631306526940315,0.09496017676137472,0.0787155978606876,,
step_recovery_10_13s,10.0,13.0,300,0.1646052422379095,0.16419494652801608,0.011614874379983868,0.9975073958501248,0.07056199560884276,0.004978995224302344,0.1556428866941349,0.22567722502002768,1.0,0.24055555555555555,0.72,0.011140208097951871,0.000932348841909002,predictive_alpha,constant,1,22000,0.0,1.0,1.0,0.03,0.01,0.04672181894689051,1.0,1.0,1.0,0.08881811669175012,0.22567722502002768,0.0989510592849317,1.8651804505267526,0.07722065653482578,0.0787155978606876,30.51887713908508,1.453279863765956,0.01874011526526183,15.004120113377828,45.0,0.013603586752953648,0.05060387318536258,0.0989510592849317,real10kg_smc_steady,real10kg_mpc_event,-1.0,-1.0,predictive_alpha,1.0,0.2626672157952601,0.29140945174018384,0.2302836224504946,0.0,transformer,16,True,2.5,1.0,0.75,real_10kg_v1,thruster,real_10kg_x,1.0,0.04690476190476191,0.13380952380952382,0.01874011526526183,0.002506208322046856,0.008208770535753137,0.012500000000000011,0.0006631306526940315,0.09496017676137472,0.0787155978606876,,
post_step_13_20p9s,13.0,20.9,790,0.07855347125544544,0.07742257692286338,0.013281281146914833,0.9856035091192272,0.16907312859193546,0.028585722811865145,0.07747791118204347,0.10174231288502388,0.6814461921626309,0.0,0.0,0.018987120074290615,0.0027643953649949243,predictive_alpha,constant,1,22000,0.0,1.0,1.0,0.03,0.01,0.04672181894689051,1.0,1.0,1.0,0.08881811669175012,0.22567722502002768,0.0989510592849317,1.8651804505267526,0.07722065653482578,0.0787155978606876,30.51887713908508,1.453279863765956,0.01874011526526183,15.004120113377828,45.0,0.013603586752953648,0.05060387318536258,0.0989510592849317,real10kg_smc_steady,real10kg_mpc_event,-1.0,-1.0,predictive_alpha,1.0,0.2626672157952601,0.29140945174018384,0.2302836224504946,0.0,transformer,16,True,2.5,1.0,0.75,real_10kg_v1,thruster,real_10kg_x,1.0,0.04690476190476191,0.13380952380952382,0.01874011526526183,0.002506208322046856,0.008208770535753137,0.012500000000000011,0.0006631306526940315,0.09496017676137472,0.0787155978606876,,
startup_0_3s,0.0,3.0,300,0.11375638575066523,0.1103500017227778,0.02762955697866121,0.9700554478290683,0.24288356909668818,0.0589924281371457,0.0990403717281346,0.20619065719027688,0.867444181470003,0.0,0.0,0.029701516609961207,0.0042356457189330204,predictive_alpha,constant,1,22001,0.0,1.0,1.0,0.03,0.01,0.046359607116913254,1.0,1.0,1.0,0.08814383857642878,0.22524168365358171,0.09792890262107526,1.8510206101050046,0.07753784354697178,0.07908329874180282,30.52594423121158,1.453616391962456,0.018063737286488236,14.920426890292177,45.0,0.014518574153167978,0.0617055531154035,0.09792890262107526,real10kg_smc_steady,real10kg_mpc_event,-1.0,-1.0,predictive_alpha,1.0,0.26131711219952497,0.29158028856326723,0.22643362547719983,0.0,transformer,16,True,2.5,1.0,0.75,real_10kg_v1,thruster,real_10kg_x,1.0,0.046825396825396826,0.13380952380952382,0.018063737286488236,0.0024997533196240308,0.008148438048526508,0.012500000000000011,0.0006601702953414626,0.09503505886506843,0.07908329874180282,,
pre_step_3_10s,3.0,10.0,700,0.06801610029648285,0.06766389566637283,0.006912823069587768,0.9948217461957574,0.10163509874066147,0.010329693296024007,0.06712247319408961,0.09088194190451084,1.0,0.03761904761904762,0.09285714285714286,0.015330593848599385,0.002130360482480292,predictive_alpha,constant,1,22001,0.0,1.0,1.0,0.03,0.01,0.046359607116913254,1.0,1.0,1.0,0.08814383857642878,0.22524168365358171,0.09792890262107526,1.8510206101050046,0.07753784354697178,0.07908329874180282,30.52594423121158,1.453616391962456,0.018063737286488236,14.920426890292177,45.0,0.014518574153167978,0.0617055531154035,0.09792890262107526,real10kg_smc_steady,real10kg_mpc_event,-1.0,-1.0,predictive_alpha,1.0,0.26131711219952497,0.29158028856326723,0.22643362547719983,0.0,transformer,16,True,2.5,1.0,0.75,real_10kg_v1,thruster,real_10kg_x,1.0,0.046825396825396826,0.13380952380952382,0.018063737286488236,0.0024997533196240308,0.008148438048526508,0.012500000000000011,0.0006601702953414626,0.09503505886506843,0.07908329874180282,,
step_recovery_10_13s,10.0,13.0,300,0.16435809995273232,0.16394966397309424,0.01157984037808106,0.997514962878279,0.07045494187028994,0.004963898833945935,0.15544494606497405,0.22524168365358171,1.0,0.24,0.72,0.010942366057542244,0.0009260301813840213,predictive_alpha,constant,1,22001,0.0,1.0,1.0,0.03,0.01,0.046359607116913254,1.0,1.0,1.0,0.08814383857642878,0.22524168365358171,0.09792890262107526,1.8510206101050046,0.07753784354697178,0.07908329874180282,30.52594423121158,1.453616391962456,0.018063737286488236,14.920426890292177,45.0,0.014518574153167978,0.0617055531154035,0.09792890262107526,real10kg_smc_steady,real10kg_mpc_event,-1.0,-1.0,predictive_alpha,1.0,0.26131711219952497,0.29158028856326723,0.22643362547719983,0.0,transformer,16,True,2.5,1.0,0.75,real_10kg_v1,thruster,real_10kg_x,1.0,0.046825396825396826,0.13380952380952382,0.018063737286488236,0.0024997533196240308,0.008148438048526508,0.012500000000000011,0.0006601702953414626,0.09503505886506843,0.07908329874180282,,
post_step_13_20p9s,13.0,20.9,790,0.0786915032270734,0.07756825762587483,0.01324832400805529,0.9857259608072638,0.16835774467067588,0.02834433019059649,0.07758878472687745,0.10266066689850212,0.6826238683414145,0.0,0.0,0.018989075999683455,0.0027939995023904068,predictive_alpha,constant,1,22001,0.0,1.0,1.0,0.03,0.01,0.046359607116913254,1.0,1.0,1.0,0.08814383857642878,0.22524168365358171,0.09792890262107526,1.8510206101050046,0.07753784354697178,0.07908329874180282,30.52594423121158,1.453616391962456,0.018063737286488236,14.920426890292177,45.0,0.014518574153167978,0.0617055531154035,0.09792890262107526,real10kg_smc_steady,real10kg_mpc_event,-1.0,-1.0,predictive_alpha,1.0,0.26131711219952497,0.29158028856326723,0.22643362547719983,0.0,transformer,16,True,2.5,1.0,0.75,real_10kg_v1,thruster,real_10kg_x,1.0,0.046825396825396826,0.13380952380952382,0.018063737286488236,0.0024997533196240308,0.008148438048526508,0.012500000000000011,0.0006601702953414626,0.09503505886506843,0.07908329874180282,,
startup_0_3s,0.0,3.0,300,0.12806204216531658,0.1257370023466899,0.024291827523260017,0.9818444265036376,0.18968795993352544,0.03598152214374275,0.11092021699967809,0.2339181738150836,0.9115273274655774,0.0,0.0,0.03343183690905043,0.004301403851247179,predictive_alpha,constant,1,22002,0.0,1.0,1.0,0.03,0.01,0.046756572511523674,1.0,1.0,1.0,0.08970766404481234,0.2339181738150836,0.10033914110252909,1.8838609449410593,0.07722221566577481,0.07871736015147772,30.522000424223997,1.4534285916297143,0.018691936762248455,15.000461123820811,45.0,0.01366550733808678,0.050633652466694046,0.10033914110252909,real10kg_smc_steady,real10kg_mpc_event,-1.0,-1.0,predictive_alpha,1.0,0.26272560807454803,0.2913105789759671,0.23063667319423986,0.0,transformer,16,True,2.5,1.0,0.75,real_10kg_v1,thruster,real_10kg_x,1.0,0.046825396825396826,0.13380952380952382,0.018691936762248455,0.0024993342234229253,0.008210986024289562,0.012500000000000011,0.0006574172459299414,0.09493481624848475,0.07871736015147772,,
pre_step_3_10s,3.0,10.0,700,0.06766707277523545,0.06730303648991029,0.007009566121153027,0.9946201857063575,0.10358902541027845,0.010730686185451315,0.06679344770447945,0.08920720533034772,1.0,0.03738095238095238,0.09285714285714286,0.015541421670508478,0.0021182665171394894,predictive_alpha,constant,1,22002,0.0,1.0,1.0,0.03,0.01,0.046756572511523674,1.0,1.0,1.0,0.08970766404481234,0.2339181738150836,0.10033914110252909,1.8838609449410593,0.07722221566577481,0.07871736015147772,30.522000424223997,1.4534285916297143,0.018691936762248455,15.000461123820811,45.0,0.01366550733808678,0.050633652466694046,0.10033914110252909,real10kg_smc_steady,real10kg_mpc_event,-1.0,-1.0,predictive_alpha,1.0,0.26272560807454803,0.2913105789759671,0.23063667319423986,0.0,transformer,16,True,2.5,1.0,0.75,real_10kg_v1,thruster,real_10kg_x,1.0,0.046825396825396826,0.13380952380952382,0.018691936762248455,0.0024993342234229253,0.008210986024289562,0.012500000000000011,0.0006574172459299414,0.09493481624848475,0.07871736015147772,,
step_recovery_10_13s,10.0,13.0,300,0.16451829850227273,0.1641100791987855,0.011582419758032423,0.9975186996996472,0.07040201523766926,0.004956443749525014,0.15556369253432328,0.22553338192821182,1.0,0.24055555555555555,0.72,0.011116929397601045,0.0009298649601832396,predictive_alpha,constant,1,22002,0.0,1.0,1.0,0.03,0.01,0.046756572511523674,1.0,1.0,1.0,0.08970766404481234,0.2339181738150836,0.10033914110252909,1.8838609449410593,0.07722221566577481,0.07871736015147772,30.522000424223997,1.4534285916297143,0.018691936762248455,15.000461123820811,45.0,0.01366550733808678,0.050633652466694046,0.10033914110252909,real10kg_smc_steady,real10kg_mpc_event,-1.0,-1.0,predictive_alpha,1.0,0.26272560807454803,0.2913105789759671,0.23063667319423986,0.0,transformer,16,True,2.5,1.0,0.75,real_10kg_v1,thruster,real_10kg_x,1.0,0.046825396825396826,0.13380952380952382,0.018691936762248455,0.0024993342234229253,0.008210986024289562,0.012500000000000011,0.0006574172459299414,0.09493481624848475,0.07871736015147772,,
post_step_13_20p9s,13.0,20.9,790,0.07855273729210323,0.07742147964852582,0.013283336369869154,0.985598749546171,0.16910087194637463,0.02859510489302419,0.07747685158965717,0.10174490782406703,0.6816879719654863,0.0,0.0,0.018978836990044844,0.002766375019959554,predictive_alpha,constant,1,22002,0.0,1.0,1.0,0.03,0.01,0.046756572511523674,1.0,1.0,1.0,0.08970766404481234,0.2339181738150836,0.10033914110252909,1.8838609449410593,0.07722221566577481,0.07871736015147772,30.522000424223997,1.4534285916297143,0.018691936762248455,15.000461123820811,45.0,0.01366550733808678,0.050633652466694046,0.10033914110252909,real10kg_smc_steady,real10kg_mpc_event,-1.0,-1.0,predictive_alpha,1.0,0.26272560807454803,0.2913105789759671,0.23063667319423986,0.0,transformer,16,True,2.5,1.0,0.75,real_10kg_v1,thruster,real_10kg_x,1.0,0.046825396825396826,0.13380952380952382,0.018691936762248455,0.0024993342234229253,0.008210986024289562,0.012500000000000011,0.0006574172459299414,0.09493481624848475,0.07871736015147772,,
startup_0_3s,0.0,3.0,300,0.11809174248735944,0.1147316664248426,0.02796970437955076,0.9715469008099655,0.23684724935398968,0.05609661952655096,0.10406380803843927,0.211404490437919,0.8644223657248095,0.0,0.0,0.03552931840914214,0.004599388737988996,predictive_alpha,constant,1,22003,0.0,1.0,1.0,0.03,0.01,0.04673019367114909,1.0,1.0,1.0,0.08873343317327395,0.22569443733548333,0.0985961865926737,1.863402096638753,0.07722128686295641,0.07871632641014815,30.48368514223406,1.451604054392098,0.019008717835646637,15.00415441381114,45.0,0.014653217226948043,0.05417266878254823,0.0985961865926737,real10kg_smc_steady,real10kg_mpc_event,-1.0,-1.0,predictive_alpha,1.0,0.2627272124477439,0.2914906054515492,0.22990734785493086,0.0,transformer,16,True,2.5,1.0,0.75,real_10kg_v1,thruster,real_10kg_x,1.0,0.04690476190476191,0.13380952380952382,0.019008717835646637,0.002545070959827884,0.008208074465001667,0.012500000000000011,0.0006638646873547439,0.0949585843325223,0.07871632641014815,,
pre_step_3_10s,3.0,10.0,700,0.0676706985018589,0.0672992257221943,0.00708079465333022,0.9945105815679677,0.10463605090666697,0.010948703149342601,0.0667798740768395,0.08926734862410285,1.0,0.03761904761904762,0.09285714285714286,0.01556072974487387,0.002120235963468401,predictive_alpha,constant,1,22003,0.0,1.0,1.0,0.03,0.01,0.04673019367114909,1.0,1.0,1.0,0.08873343317327395,0.22569443733548333,0.0985961865926737,1.863402096638753,0.07722128686295641,0.07871632641014815,30.48368514223406,1.451604054392098,0.019008717835646637,15.00415441381114,45.0,0.014653217226948043,0.05417266878254823,0.0985961865926737,real10kg_smc_steady,real10kg_mpc_event,-1.0,-1.0,predictive_alpha,1.0,0.2627272124477439,0.2914906054515492,0.22990734785493086,0.0,transformer,16,True,2.5,1.0,0.75,real_10kg_v1,thruster,real_10kg_x,1.0,0.04690476190476191,0.13380952380952382,0.019008717835646637,0.002545070959827884,0.008208074465001667,0.012500000000000011,0.0006638646873547439,0.0949585843325223,0.07871632641014815,,
step_recovery_10_13s,10.0,13.0,300,0.16459472707022874,0.1641830548775869,0.011633944747435484,0.9974988737490588,0.07068236604245257,0.004995996869359251,0.15562704930213192,0.22569443733548333,1.0,0.24055555555555555,0.72,0.011183484027496122,0.0009350132551150173,predictive_alpha,constant,1,22003,0.0,1.0,1.0,0.03,0.01,0.04673019367114909,1.0,1.0,1.0,0.08873343317327395,0.22569443733548333,0.0985961865926737,1.863402096638753,0.07722128686295641,0.07871632641014815,30.48368514223406,1.451604054392098,0.019008717835646637,15.00415441381114,45.0,0.014653217226948043,0.05417266878254823,0.0985961865926737,real10kg_smc_steady,real10kg_mpc_event,-1.0,-1.0,predictive_alpha,1.0,0.2627272124477439,0.2914906054515492,0.22990734785493086,0.0,transformer,16,True,2.5,1.0,0.75,real_10kg_v1,thruster,real_10kg_x,1.0,0.04690476190476191,0.13380952380952382,0.019008717835646637,0.002545070959827884,0.008208074465001667,0.012500000000000011,0.0006638646873547439,0.0949585843325223,0.07871632641014815,,
post_step_13_20p9s,13.0,20.9,790,0.07855464579390815,0.0774235623248779,0.013282483680852735,0.9856013166681739,0.16908590888055128,0.028590044581962088,0.07747882507747446,0.10174306810851766,0.6812519981985627,0.0,0.0,0.018988480173900604,0.0027651616194000785,predictive_alpha,constant,1,22003,0.0,1.0,1.0,0.03,0.01,0.04673019367114909,1.0,1.0,1.0,0.08873343317327395,0.22569443733548333,0.0985961865926737,1.863402096638753,0.07722128686295641,0.07871632641014815,30.48368514223406,1.451604054392098,0.019008717835646637,15.00415441381114,45.0,0.014653217226948043,0.05417266878254823,0.0985961865926737,real10kg_smc_steady,real10kg_mpc_event,-1.0,-1.0,predictive_alpha,1.0,0.2627272124477439,0.2914906054515492,0.22990734785493086,0.0,transformer,16,True,2.5,1.0,0.75,real_10kg_v1,thruster,real_10kg_x,1.0,0.04690476190476191,0.13380952380952382,0.019008717835646637,0.002545070959827884,0.008208074465001667,0.012500000000000011,0.0006638646873547439,0.0949585843325223,0.07871632641014815,,
startup_0_3s,0.0,3.0,300,0.13428094637505592,0.1292168608823144,0.03652910378179628,0.9622873860406288,0.27203489972261574,0.07400298666709361,0.11765211681774486,0.23720902390476795,0.9319212624021825,0.0,0.0,0.039000820891399605,0.004925589035547884,predictive_alpha,constant,1,22004,0.0,1.0,1.0,0.03,0.01,0.04673705285577057,1.0,1.0,1.0,0.09072241687162241,0.23720902390476795,0.10156096390606105,1.9051707543040706,0.07722124051811825,0.07871620869612245,30.60530174348667,1.457395321118413,0.019517428694602667,14.973507738033758,45.0,0.017143643284165837,0.07617603244183303,0.10156096390606105,real10kg_smc_steady,real10kg_mpc_event,-1.0,-1.0,predictive_alpha,1.0,0.263827134412001,0.2918179162395105,0.2318844063693957,0.0,transformer,16,True,2.5,1.0,0.75,real_10kg_v1,thruster,real_10kg_x,1.0,0.04690476190476191,0.13380952380952382,0.019517428694602667,0.0025897732442539587,0.008235281775918991,0.012500000000000011,0.0006448267595358678,0.09501844835549657,0.07871620869612245,,
pre_step_3_10s,3.0,10.0,700,0.0678381351859964,0.06746196371001087,0.007134145912630339,0.9944548670898137,0.10516423974612758,0.011059517321381,0.06690499996209276,0.09032251278178326,1.0,0.03761904761904762,0.09285714285714286,0.015589725179881057,0.0021177113866688965,predictive_alpha,constant,1,22004,0.0,1.0,1.0,0.03,0.01,0.04673705285577057,1.0,1.0,1.0,0.09072241687162241,0.23720902390476795,0.10156096390606105,1.9051707543040706,0.07722124051811825,0.07871620869612245,30.60530174348667,1.457395321118413,0.019517428694602667,14.973507738033758,45.0,0.017143643284165837,0.07617603244183303,0.10156096390606105,real10kg_smc_steady,real10kg_mpc_event,-1.0,-1.0,predictive_alpha,1.0,0.263827134412001,0.2918179162395105,0.2318844063693957,0.0,transformer,16,True,2.5,1.0,0.75,real_10kg_v1,thruster,real_10kg_x,1.0,0.04690476190476191,0.13380952380952382,0.019517428694602667,0.0025897732442539587,0.008235281775918991,0.012500000000000011,0.0006448267595358678,0.09501844835549657,0.07871620869612245,,
step_recovery_10_13s,10.0,13.0,300,0.16463861914610856,0.1642258403519826,0.011651106171626291,0.9974928191437293,0.07076775930249096,0.005008075756695297,0.15566404478735302,0.2257766199788829,1.0,0.24055555555555555,0.72,0.011219598466928498,0.0009378883861128554,predictive_alpha,constant,1,22004,0.0,1.0,1.0,0.03,0.01,0.04673705285577057,1.0,1.0,1.0,0.09072241687162241,0.23720902390476795,0.10156096390606105,1.9051707543040706,0.07722124051811825,0.07871620869612245,30.60530174348667,1.457395321118413,0.019517428694602667,14.973507738033758,45.0,0.017143643284165837,0.07617603244183303,0.10156096390606105,real10kg_smc_steady,real10kg_mpc_event,-1.0,-1.0,predictive_alpha,1.0,0.263827134412001,0.2918179162395105,0.2318844063693957,0.0,transformer,16,True,2.5,1.0,0.75,real_10kg_v1,thruster,real_10kg_x,1.0,0.04690476190476191,0.13380952380952382,0.019517428694602667,0.0025897732442539587,0.008235281775918991,0.012500000000000011,0.0006448267595358678,0.09501844835549657,0.07871620869612245,,
post_step_13_20p9s,13.0,20.9,790,0.07855663647800679,0.07742543660070166,0.013283331732981525,0.9856001997027733,0.16909241953988713,0.028592246345853202,0.07748087617944704,0.10174239100093878,0.6812578623029051,0.0,0.0,0.018989527212518013,0.0027652738805938296,predictive_alpha,constant,1,22004,0.0,1.0,1.0,0.03,0.01,0.04673705285577057,1.0,1.0,1.0,0.09072241687162241,0.23720902390476795,0.10156096390606105,1.9051707543040706,0.07722124051811825,0.07871620869612245,30.60530174348667,1.457395321118413,0.019517428694602667,14.973507738033758,45.0,0.017143643284165837,0.07617603244183303,0.10156096390606105,real10kg_smc_steady,real10kg_mpc_event,-1.0,-1.0,predictive_alpha,1.0,0.263827134412001,0.2918179162395105,0.2318844063693957,0.0,transformer,16,True,2.5,1.0,0.75,real_10kg_v1,thruster,real_10kg_x,1.0,0.04690476190476191,0.13380952380952382,0.019517428694602667,0.0025897732442539587,0.008235281775918991,0.012500000000000011,0.0006448267595358678,0.09501844835549657,0.07871620869612245,,
startup_0_3s,0.0,3.0,300,0.10290100196026683,0.09793036292195731,0.0315952563275022,0.9516949403444211,0.3070451766806127,0.09427674052282867,0.09332961009070281,0.17772833687411574,0.8294282898556475,0.0,0.0,0.035950274525775795,0.00493272496832197,predictive_alpha,constant,1,22005,0.0,1.0,1.0,0.03,0.01,0.046641793619115954,1.0,1.0,1.0,0.08725032901194495,0.22606238071824186,0.09621878620234624,1.832256909250844,0.07727944211328276,0.07878021994837116,30.47129923677958,1.451014249370456,0.01907054890595087,15.01620667699973,45.0,0.01566780815017809,0.061770587757097935,0.09621878620234624,real10kg_smc_steady,real10kg_mpc_event,-1.0,-1.0,predictive_alpha,1.0,0.26273212923519357,0.29186401298057185,0.22736304019627693,0.0,transformer,16,True,2.5,1.0,0.75,real_10kg_v1,thruster,real_10kg_x,1.0,0.04690476190476191,0.13380952380952382,0.01907054890595087,0.0025904045148436093,0.008190139762152684,0.012500000000000011,0.0006588240517243474,0.09505942660895768,0.07878021994837116,,
pre_step_3_10s,3.0,10.0,700,0.06768469252275762,0.06731200522362958,0.007093063842537075,0.9944937727388992,0.10479568685566791,0.01098213598355121,0.06677551785352752,0.08960621413154073,1.0,0.03761904761904762,0.09285714285714286,0.015557430300254001,0.0021111983891562614,predictive_alpha,constant,1,22005,0.0,1.0,1.0,0.03,0.01,0.046641793619115954,1.0,1.0,1.0,0.08725032901194495,0.22606238071824186,0.09621878620234624,1.832256909250844,0.07727944211328276,0.07878021994837116,30.47129923677958,1.451014249370456,0.01907054890595087,15.01620667699973,45.0,0.01566780815017809,0.061770587757097935,0.09621878620234624,real10kg_smc_steady,real10kg_mpc_event,-1.0,-1.0,predictive_alpha,1.0,0.26273212923519357,0.29186401298057185,0.22736304019627693,0.0,transformer,16,True,2.5,1.0,0.75,real_10kg_v1,thruster,real_10kg_x,1.0,0.04690476190476191,0.13380952380952382,0.01907054890595087,0.0025904045148436093,0.008190139762152684,0.012500000000000011,0.0006588240517243474,0.09505942660895768,0.07878021994837116,,
step_recovery_10_13s,10.0,13.0,300,0.1648952264046522,0.16448536262205643,0.011619000565113656,0.9975143987395367,0.07046292860292194,0.004965024307300474,0.15592365523858373,0.22606238071824186,1.0,0.24055555555555555,0.72,0.011175551041907594,0.0009446239621900556,predictive_alpha,constant,1,22005,0.0,1.0,1.0,0.03,0.01,0.046641793619115954,1.0,1.0,1.0,0.08725032901194495,0.22606238071824186,0.09621878620234624,1.832256909250844,0.07727944211328276,0.07878021994837116,30.47129923677958,1.451014249370456,0.01907054890595087,15.01620667699973,45.0,0.01566780815017809,0.061770587757097935,0.09621878620234624,real10kg_smc_steady,real10kg_mpc_event,-1.0,-1.0,predictive_alpha,1.0,0.26273212923519357,0.29186401298057185,0.22736304019627693,0.0,transformer,16,True,2.5,1.0,0.75,real_10kg_v1,thruster,real_10kg_x,1.0,0.04690476190476191,0.13380952380952382,0.01907054890595087,0.0025904045148436093,0.008190139762152684,0.012500000000000011,0.0006588240517243474,0.09505942660895768,0.07878021994837116,,
post_step_13_20p9s,13.0,20.9,790,0.07858304558777487,0.07745439262294584,0.013270724066939922,0.9856374494474338,0.1688751558008391,0.02851881824675767,0.07750474241366219,0.1018803912544961,0.6848802437294382,0.0,0.0,0.019004877466132785,0.0027629830111052193,predictive_alpha,constant,1,22005,0.0,1.0,1.0,0.03,0.01,0.046641793619115954,1.0,1.0,1.0,0.08725032901194495,0.22606238071824186,0.09621878620234624,1.832256909250844,0.07727944211328276,0.07878021994837116,30.47129923677958,1.451014249370456,0.01907054890595087,15.01620667699973,45.0,0.01566780815017809,0.061770587757097935,0.09621878620234624,real10kg_smc_steady,real10kg_mpc_event,-1.0,-1.0,predictive_alpha,1.0,0.26273212923519357,0.29186401298057185,0.22736304019627693,0.0,transformer,16,True,2.5,1.0,0.75,real_10kg_v1,thruster,real_10kg_x,1.0,0.04690476190476191,0.13380952380952382,0.01907054890595087,0.0025904045148436093,0.008190139762152684,0.012500000000000011,0.0006588240517243474,0.09505942660895768,0.07878021994837116,,
startup_0_3s,0.0,3.0,300,0.12434599400510787,0.1213912658950983,0.026945997652784458,0.9762378504136756,0.21670177530349366,0.046959659419685856,0.1088176536894471,0.22393928547528374,0.8635971572323887,0.0,0.0,0.03469784922173213,0.004489678328835647,predictive_alpha,constant,1,22006,0.0,1.0,1.0,0.03,0.01,0.04671702061525889,1.0,1.0,1.0,0.08940400309071674,0.2257106783887115,0.09968409721696223,1.8774840649050515,0.07722241894946774,0.07871760990338858,30.474391696758076,1.4511615093694321,0.018903461862669717,15.021676339516539,45.0,0.014373868525201918,0.054120405449103515,0.09968409721696223,real10kg_smc_steady,real10kg_mpc_event,-1.0,-1.0,predictive_alpha,1.0,0.26226441298202846,0.2912171689153243,0.2299782483879521,0.0,transformer,16,True,2.5,1.0,0.75,real_10kg_v1,thruster,real_10kg_x,1.0,0.04690476190476191,0.13380952380952382,0.018903461862669717,0.0025235012175994108,0.008205636566568147,0.012500000000000011,0.0006578018561782557,0.09495306598578682,0.07871760990338858,,
pre_step_3_10s,3.0,10.0,700,0.06762494899613804,0.06725380249872458,0.007075293364435072,0.9945116927565497,0.10462548910519891,0.010946492970502097,0.06674333710556087,0.08934979687920197,1.0,0.03761904761904762,0.09285714285714286,0.01560996025426806,0.0021128445107643614,predictive_alpha,constant,1,22006,0.0,1.0,1.0,0.03,0.01,0.04671702061525889,1.0,1.0,1.0,0.08940400309071674,0.2257106783887115,0.09968409721696223,1.8774840649050515,0.07722241894946774,0.07871760990338858,30.474391696758076,1.4511615093694321,0.018903461862669717,15.021676339516539,45.0,0.014373868525201918,0.054120405449103515,0.09968409721696223,real10kg_smc_steady,real10kg_mpc_event,-1.0,-1.0,predictive_alpha,1.0,0.26226441298202846,0.2912171689153243,0.2299782483879521,0.0,transformer,16,True,2.5,1.0,0.75,real_10kg_v1,thruster,real_10kg_x,1.0,0.04690476190476191,0.13380952380952382,0.018903461862669717,0.0025235012175994108,0.008205636566568147,0.012500000000000011,0.0006578018561782557,0.09495306598578682,0.07871760990338858,,
step_recovery_10_13s,10.0,13.0,300,0.16462028965933384,0.16420986598560217,0.011617214834613174,0.9975068463639506,0.07056976305079954,0.004980091457045991,0.15565318328204705,0.2257106783887115,1.0,0.24055555555555555,0.72,0.011174455046927174,0.0009347837788697685,predictive_alpha,constant,1,22006,0.0,1.0,1.0,0.03,0.01,0.04671702061525889,1.0,1.0,1.0,0.08940400309071674,0.2257106783887115,0.09968409721696223,1.8774840649050515,0.07722241894946774,0.07871760990338858,30.474391696758076,1.4511615093694321,0.018903461862669717,15.021676339516539,45.0,0.014373868525201918,0.054120405449103515,0.09968409721696223,real10kg_smc_steady,real10kg_mpc_event,-1.0,-1.0,predictive_alpha,1.0,0.26226441298202846,0.2912171689153243,0.2299782483879521,0.0,transformer,16,True,2.5,1.0,0.75,real_10kg_v1,thruster,real_10kg_x,1.0,0.04690476190476191,0.13380952380952382,0.018903461862669717,0.0025235012175994108,0.008205636566568147,0.012500000000000011,0.0006578018561782557,0.09495306598578682,0.07871760990338858,,
post_step_13_20p9s,13.0,20.9,790,0.07855413768239972,0.0774228313105334,0.01328373964236351,0.9855983859635724,0.16910299106166335,0.028595821586000995,0.0774787459405189,0.10174400411001795,0.6816661590770321,0.0,0.0,0.018985328387662946,0.0027640850617485636,predictive_alpha,constant,1,22006,0.0,1.0,1.0,0.03,0.01,0.04671702061525889,1.0,1.0,1.0,0.08940400309071674,0.2257106783887115,0.09968409721696223,1.8774840649050515,0.07722241894946774,0.07871760990338858,30.474391696758076,1.4511615093694321,0.018903461862669717,15.021676339516539,45.0,0.014373868525201918,0.054120405449103515,0.09968409721696223,real10kg_smc_steady,real10kg_mpc_event,-1.0,-1.0,predictive_alpha,1.0,0.26226441298202846,0.2912171689153243,0.2299782483879521,0.0,transformer,16,True,2.5,1.0,0.75,real_10kg_v1,thruster,real_10kg_x,1.0,0.04690476190476191,0.13380952380952382,0.018903461862669717,0.0025235012175994108,0.008205636566568147,0.012500000000000011,0.0006578018561782557,0.09495306598578682,0.07871760990338858,,
startup_0_3s,0.0,3.0,300,0.10866960072490046,0.10493864998908826,0.028230512927981198,0.9656670245319371,0.2597829819900358,0.06748719773163527,0.09694905285878744,0.19268312581561045,0.8441143592390558,0.0,0.0,0.03528906634160074,0.004591632201902005,predictive_alpha,constant,1,22007,0.0,1.0,1.0,0.03,0.01,0.04670597222551423,1.0,1.0,1.0,0.08772857450477335,0.22579178857778665,0.09705495986218224,1.8423000646002405,0.07722018539999999,0.07871499593236961,30.469686538016774,1.450937454191275,0.018975451093497554,15.008519237281142,45.0,0.01472504195298967,0.05285470207214649,0.09705495986218224,real10kg_smc_steady,real10kg_mpc_event,-1.0,-1.0,predictive_alpha,1.0,0.26244499955791667,0.2915245718342423,0.22865719505308552,0.0,transformer,16,True,2.5,1.0,0.75,real_10kg_v1,thruster,real_10kg_x,1.0,0.04690476190476191,0.13380952380952382,0.018975451093497554,0.0025410374785857057,0.008204576606524577,0.012500000000000011,0.0006501371309386223,0.09498120385567466,0.07871499593236961,,
pre_step_3_10s,3.0,10.0,700,0.06768096430772601,0.06730971223485496,0.007079235021151569,0.9945146751872053,0.10459713589428646,0.01094056083728783,0.06678616031339753,0.0892973264652683,1.0,0.03761904761904762,0.09285714285714286,0.015550861762423282,0.0021156689853253662,predictive_alpha,constant,1,22007,0.0,1.0,1.0,0.03,0.01,0.04670597222551423,1.0,1.0,1.0,0.08772857450477335,0.22579178857778665,0.09705495986218224,1.8423000646002405,0.07722018539999999,0.07871499593236961,30.469686538016774,1.450937454191275,0.018975451093497554,15.008519237281142,45.0,0.01472504195298967,0.05285470207214649,0.09705495986218224,real10kg_smc_steady,real10kg_mpc_event,-1.0,-1.0,predictive_alpha,1.0,0.26244499955791667,0.2915245718342423,0.22865719505308552,0.0,transformer,16,True,2.5,1.0,0.75,real_10kg_v1,thruster,real_10kg_x,1.0,0.04690476190476191,0.13380952380952382,0.018975451093497554,0.0025410374785857057,0.008204576606524577,0.012500000000000011,0.0006501371309386223,0.09498120385567466,0.07871499593236961,,
step_recovery_10_13s,10.0,13.0,300,0.1646634828131553,0.1642511222506948,0.011646089968122823,0.9974957376376619,0.07072661023050093,0.0050022533946971984,0.15569292838302948,0.22579178857778665,1.0,0.24055555555555555,0.72,0.011183526469144778,0.0009350056042563637,predictive_alpha,constant,1,22007,0.0,1.0,1.0,0.03,0.01,0.04670597222551423,1.0,1.0,1.0,0.08772857450477335,0.22579178857778665,0.09705495986218224,1.8423000646002405,0.07722018539999999,0.07871499593236961,30.469686538016774,1.450937454191275,0.018975451093497554,15.008519237281142,45.0,0.01472504195298967,0.05285470207214649,0.09705495986218224,real10kg_smc_steady,real10kg_mpc_event,-1.0,-1.0,predictive_alpha,1.0,0.26244499955791667,0.2915245718342423,0.22865719505308552,0.0,transformer,16,True,2.5,1.0,0.75,real_10kg_v1,thruster,real_10kg_x,1.0,0.04690476190476191,0.13380952380952382,0.018975451093497554,0.0025410374785857057,0.008204576606524577,0.012500000000000011,0.0006501371309386223,0.09498120385567466,0.07871499593236961,,
post_step_13_20p9s,13.0,20.9,790,0.07855446775905871,0.07742385679783213,0.013279713982529034,0.9856072990692983,0.16905103377774017,0.028578252021322647,0.07747901620701686,0.10174209113689822,0.6815014053418764,0.0,0.0,0.019003577679563826,0.002759973383673225,predictive_alpha,constant,1,22007,0.0,1.0,1.0,0.03,0.01,0.04670597222551423,1.0,1.0,1.0,0.08772857450477335,0.22579178857778665,0.09705495986218224,1.8423000646002405,0.07722018539999999,0.07871499593236961,30.469686538016774,1.450937454191275,0.018975451093497554,15.008519237281142,45.0,0.01472504195298967,0.05285470207214649,0.09705495986218224,real10kg_smc_steady,real10kg_mpc_event,-1.0,-1.0,predictive_alpha,1.0,0.26244499955791667,0.2915245718342423,0.22865719505308552,0.0,transformer,16,True,2.5,1.0,0.75,real_10kg_v1,thruster,real_10kg_x,1.0,0.04690476190476191,0.13380952380952382,0.018975451093497554,0.0025410374785857057,0.008204576606524577,0.012500000000000011,0.0006501371309386223,0.09498120385567466,0.07871499593236961,,
startup_0_3s,0.0,3.0,300,0.10956299503445945,0.10703823446903724,0.023385171427047387,0.9769560829856091,0.21344041772217298,0.04555681191741569,0.09655793907614853,0.1978101819648135,0.8753835254830461,0.0,0.0,0.03312875456601058,0.004289919220914984,predictive_alpha,constant,1,22008,0.0,1.0,1.0,0.03,0.01,0.04671714834652789,1.0,1.0,1.0,0.08766959942428246,0.22568537601110436,0.0971842149730342,1.8410615879099317,0.07721831202503138,0.07871274147591609,30.504133681957537,1.4525777943789304,0.01864659048829071,15.000605609282243,45.0,0.013442220536584434,0.048438441955928224,0.0971842149730342,real10kg_smc_steady,real10kg_mpc_event,-1.0,-1.0,predictive_alpha,1.0,0.26221790464960976,0.29135412005678696,0.2289389951400725,0.0,transformer,16,True,2.5,1.0,0.75,real_10kg_v1,thruster,real_10kg_x,1.0,0.04690476190476191,0.13380952380952382,0.01864659048829071,0.002491329566362354,0.008195690627902296,0.012500000000000011,0.0006602754744972535,0.09496433681348794,0.07871274147591609,,
pre_step_3_10s,3.0,10.0,700,0.06768687721125657,0.06732296114383528,0.0070094400230953854,0.9946235358696563,0.10355685343878872,0.010724021894142769,0.06680366680786043,0.08923057119633969,1.0,0.03761904761904762,0.09285714285714286,0.015526387498579148,0.002106462041283988,predictive_alpha,constant,1,22008,0.0,1.0,1.0,0.03,0.01,0.04671714834652789,1.0,1.0,1.0,0.08766959942428246,0.22568537601110436,0.0971842149730342,1.8410615879099317,0.07721831202503138,0.07871274147591609,30.504133681957537,1.4525777943789304,0.01864659048829071,15.000605609282243,45.0,0.013442220536584434,0.048438441955928224,0.0971842149730342,real10kg_smc_steady,real10kg_mpc_event,-1.0,-1.0,predictive_alpha,1.0,0.26221790464960976,0.29135412005678696,0.2289389951400725,0.0,transformer,16,True,2.5,1.0,0.75,real_10kg_v1,thruster,real_10kg_x,1.0,0.04690476190476191,0.13380952380952382,0.01864659048829071,0.002491329566362354,0.008195690627902296,0.012500000000000011,0.0006602754744972535,0.09496433681348794,0.07871274147591609,,
step_recovery_10_13s,10.0,13.0,300,0.16460709995261513,0.16419590296864034,0.011627674020330906,0.9975019486760099,0.07063895800167869,0.004989862387562926,0.15564533714885415,0.22568537601110436,1.0,0.24055555555555555,0.72,0.011132118115779625,0.0009317701088282252,predictive_alpha,constant,1,22008,0.0,1.0,1.0,0.03,0.01,0.04671714834652789,1.0,1.0,1.0,0.08766959942428246,0.22568537601110436,0.0971842149730342,1.8410615879099317,0.07721831202503138,0.07871274147591609,30.504133681957537,1.4525777943789304,0.01864659048829071,15.000605609282243,45.0,0.013442220536584434,0.048438441955928224,0.0971842149730342,real10kg_smc_steady,real10kg_mpc_event,-1.0,-1.0,predictive_alpha,1.0,0.26221790464960976,0.29135412005678696,0.2289389951400725,0.0,transformer,16,True,2.5,1.0,0.75,real_10kg_v1,thruster,real_10kg_x,1.0,0.04690476190476191,0.13380952380952382,0.01864659048829071,0.002491329566362354,0.008195690627902296,0.012500000000000011,0.0006602754744972535,0.09496433681348794,0.07871274147591609,,
post_step_13_20p9s,13.0,20.9,790,0.07854832155896267,0.0774178914457195,0.013278136308570986,0.9856084752569206,0.16904417618400272,0.028575933501728157,0.07747326216178531,0.10173900101246171,0.6811082248017738,0.0,0.0,0.018991835538230063,0.0027578367882979526,predictive_alpha,constant,1,22008,0.0,1.0,1.0,0.03,0.01,0.04671714834652789,1.0,1.0,1.0,0.08766959942428246,0.22568537601110436,0.0971842149730342,1.8410615879099317,0.07721831202503138,0.07871274147591609,30.504133681957537,1.4525777943789304,0.01864659048829071,15.000605609282243,45.0,0.013442220536584434,0.048438441955928224,0.0971842149730342,real10kg_smc_steady,real10kg_mpc_event,-1.0,-1.0,predictive_alpha,1.0,0.26221790464960976,0.29135412005678696,0.2289389951400725,0.0,transformer,16,True,2.5,1.0,0.75,real_10kg_v1,thruster,real_10kg_x,1.0,0.04690476190476191,0.13380952380952382,0.01864659048829071,0.002491329566362354,0.008195690627902296,0.012500000000000011,0.0006602754744972535,0.09496433681348794,0.07871274147591609,,
startup_0_3s,0.0,3.0,300,0.1306783258701349,0.1283410474058483,0.024604885754478948,0.9821142607335718,0.18828589661403158,0.03545157886374979,0.11317716589179108,0.23862673909663287,0.9475104826744223,0.0,0.0,0.03451372269279647,0.0043831154700794735,predictive_alpha,constant,1,22009,0.0,1.0,1.0,0.03,0.01,0.04675560862654491,1.0,1.0,1.0,0.09005351677981087,0.23862673909663287,0.10083746020870844,1.8911238523760283,0.07722249560695381,0.07871777471925252,30.571222584143555,1.455772504006836,0.01883417880591179,14.98391023806447,45.0,0.013747711095207334,0.052102970338232024,0.10083746020870844,real10kg_smc_steady,real10kg_mpc_event,-1.0,-1.0,predictive_alpha,1.0,0.26341384259433304,0.29158388691660864,0.23169195414210358,0.0,transformer,16,True,2.5,1.0,0.75,real_10kg_v1,thruster,real_10kg_x,1.0,0.046825396825396826,0.13380952380952382,0.01883417880591179,0.0025091987561120413,0.008220126804563384,0.012500000000000011,0.0006590954488654461,0.09495659430952197,0.07871777471925252,,
pre_step_3_10s,3.0,10.0,700,0.06776660891751131,0.06740174908622261,0.007022642258923132,0.9946159349402768,0.10362983143322725,0.010739141962879097,0.06687137034600012,0.08932576327246201,1.0,0.03738095238095238,0.09285714285714286,0.015492534176932443,0.0021007355773147505,predictive_alpha,constant,1,22009,0.0,1.0,1.0,0.03,0.01,0.04675560862654491,1.0,1.0,1.0,0.09005351677981087,0.23862673909663287,0.10083746020870844,1.8911238523760283,0.07722249560695381,0.07871777471925252,30.571222584143555,1.455772504006836,0.01883417880591179,14.98391023806447,45.0,0.013747711095207334,0.052102970338232024,0.10083746020870844,real10kg_smc_steady,real10kg_mpc_event,-1.0,-1.0,predictive_alpha,1.0,0.26341384259433304,0.29158388691660864,0.23169195414210358,0.0,transformer,16,True,2.5,1.0,0.75,real_10kg_v1,thruster,real_10kg_x,1.0,0.046825396825396826,0.13380952380952382,0.01883417880591179,0.0025091987561120413,0.008220126804563384,0.012500000000000011,0.0006590954488654461,0.09495659430952197,0.07871777471925252,,
step_recovery_10_13s,10.0,13.0,300,0.16449560936192964,0.16408736628706333,0.011581956843628272,0.9975182129392397,0.07040891175487365,0.0049574148545055855,0.15554157088891704,0.2255056550164131,1.0,0.24055555555555555,0.72,0.011123059509434785,0.0009299896014964457,predictive_alpha,constant,1,22009,0.0,1.0,1.0,0.03,0.01,0.04675560862654491,1.0,1.0,1.0,0.09005351677981087,0.23862673909663287,0.10083746020870844,1.8911238523760283,0.07722249560695381,0.07871777471925252,30.571222584143555,1.455772504006836,0.01883417880591179,14.98391023806447,45.0,0.013747711095207334,0.052102970338232024,0.10083746020870844,real10kg_smc_steady,real10kg_mpc_event,-1.0,-1.0,predictive_alpha,1.0,0.26341384259433304,0.29158388691660864,0.23169195414210358,0.0,transformer,16,True,2.5,1.0,0.75,real_10kg_v1,thruster,real_10kg_x,1.0,0.046825396825396826,0.13380952380952382,0.01883417880591179,0.0025091987561120413,0.008220126804563384,0.012500000000000011,0.0006590954488654461,0.09495659430952197,0.07871777471925252,,
post_step_13_20p9s,13.0,20.9,790,0.07855473929600167,0.07742335959072946,0.01328421828890906,0.9855975627261767,0.16910778914118565,0.02859744434821971,0.07747851286587308,0.10174562619302506,0.681652105041417,0.0,0.0,0.01898104865091663,0.0027670329674974485,predictive_alpha,constant,1,22009,0.0,1.0,1.0,0.03,0.01,0.04675560862654491,1.0,1.0,1.0,0.09005351677981087,0.23862673909663287,0.10083746020870844,1.8911238523760283,0.07722249560695381,0.07871777471925252,30.571222584143555,1.455772504006836,0.01883417880591179,14.98391023806447,45.0,0.013747711095207334,0.052102970338232024,0.10083746020870844,real10kg_smc_steady,real10kg_mpc_event,-1.0,-1.0,predictive_alpha,1.0,0.26341384259433304,0.29158388691660864,0.23169195414210358,0.0,transformer,16,True,2.5,1.0,0.75,real_10kg_v1,thruster,real_10kg_x,1.0,0.046825396825396826,0.13380952380952382,0.01883417880591179,0.0025091987561120413,0.008220126804563384,0.012500000000000011,0.0006590954488654461,0.09495659430952197,0.07871777471925252,,
startup_0_3s,0.0,3.0,300,0.12029019079763752,0.11765529989329715,0.0250391774854996,0.97809554638771,0.20815643669252012,0.043329102136527145,0.1049935174131523,0.21609027705643477,0.7899856261588807,0.0,0.0,0.03205106156401544,0.004199811181251111,predictive_alpha,sinusoidal,2,22000,0.0,1.0,1.0,0.03,0.01,0.3666985553225409,1.0,1.0,1.0,0.08014549097430342,0.3666985553225409,0.09155565676081155,1.6830553104603718,0.10674542376557675,0.12420407820050819,39.43482788470402,1.8778489468906678,0.01792795739366352,13.785106350898959,45.0,0.013762693646549171,0.05367268496885036,0.09155565676081155,real10kg_smc_steady,real10kg_mpc_event,-1.0,-1.0,predictive_alpha,1.0,0.2576576857819955,0.2866535660645761,0.22625832785203653,0.0,transformer,16,True,2.5,1.0,0.75,real_10kg_v1,thruster,real_10kg_x,1.0,0.0796031746031746,0.23333333333333334,0.01792795739366352,0.0023215913268786474,0.007766695237577762,0.012500000000000011,0.0006533554953584548,0.08583641223493357,0.12420407820050819,,
pre_step_3_10s,3.0,10.0,700,0.07168599838554202,0.07128373724137775,0.007583611898966546,0.9943885674577506,0.10578930432384194,0.011191376909322443,0.06901823175762155,0.09622109461334824,1.0,0.10738095238095238,0.38857142857142857,0.012557979879668075,0.0015569439601199246,predictive_alpha,sinusoidal,2,22000,0.0,1.0,1.0,0.03,0.01,0.3666985553225409,1.0,1.0,1.0,0.08014549097430342,0.3666985553225409,0.09155565676081155,1.6830553104603718,0.10674542376557675,0.12420407820050819,39.43482788470402,1.8778489468906678,0.01792795739366352,13.785106350898959,45.0,0.013762693646549171,0.05367268496885036,0.09155565676081155,real10kg_smc_steady,real10kg_mpc_event,-1.0,-1.0,predictive_alpha,1.0,0.2576576857819955,0.2866535660645761,0.22625832785203653,0.0,transformer,16,True,2.5,1.0,0.75,real_10kg_v1,thruster,real_10kg_x,1.0,0.0796031746031746,0.23333333333333334,0.01792795739366352,0.0023215913268786474,0.007766695237577762,0.012500000000000011,0.0006533554953584548,0.08583641223493357,0.12420407820050819,,
step_recovery_10_13s,10.0,13.0,300,0.053709152814428014,0.05232539760431508,0.012113045099970464,0.9742361378349425,0.22553036987610997,0.05086394773645497,0.04785709661579408,0.08329713922199797,1.0,0.10444444444444445,0.31666666666666665,0.01357272398403672,0.0012846557709211596,predictive_alpha,sinusoidal,2,22000,0.0,1.0,1.0,0.03,0.01,0.3666985553225409,1.0,1.0,1.0,0.08014549097430342,0.3666985553225409,0.09155565676081155,1.6830553104603718,0.10674542376557675,0.12420407820050819,39.43482788470402,1.8778489468906678,0.01792795739366352,13.785106350898959,45.0,0.013762693646549171,0.05367268496885036,0.09155565676081155,real10kg_smc_steady,real10kg_mpc_event,-1.0,-1.0,predictive_alpha,1.0,0.2576576857819955,0.2866535660645761,0.22625832785203653,0.0,transformer,16,True,2.5,1.0,0.75,real_10kg_v1,thruster,real_10kg_x,1.0,0.0796031746031746,0.23333333333333334,0.01792795739366352,0.0023215913268786474,0.007766695237577762,0.012500000000000011,0.0006533554953584548,0.08583641223493357,0.12420407820050819,,
post_step_13_20p9s,13.0,20.9,790,0.09804169594884066,0.09723167370029065,0.012576795059359443,0.9917379820829223,0.12828006428940364,0.016455774894093524,0.08945206700994908,0.32327733703426187,1.0,0.07046413502109705,0.14303797468354432,0.019227465963692056,0.00270537021274171,predictive_alpha,sinusoidal,2,22000,0.0,1.0,1.0,0.03,0.01,0.3666985553225409,1.0,1.0,1.0,0.08014549097430342,0.3666985553225409,0.09155565676081155,1.6830553104603718,0.10674542376557675,0.12420407820050819,39.43482788470402,1.8778489468906678,0.01792795739366352,13.785106350898959,45.0,0.013762693646549171,0.05367268496885036,0.09155565676081155,real10kg_smc_steady,real10kg_mpc_event,-1.0,-1.0,predictive_alpha,1.0,0.2576576857819955,0.2866535660645761,0.22625832785203653,0.0,transformer,16,True,2.5,1.0,0.75,real_10kg_v1,thruster,real_10kg_x,1.0,0.0796031746031746,0.23333333333333334,0.01792795739366352,0.0023215913268786474,0.007766695237577762,0.012500000000000011,0.0006533554953584548,0.08583641223493357,0.12420407820050819,,
startup_0_3s,0.0,3.0,300,0.11338369328454326,0.10994247577995302,0.027722083655775647,0.969649802322506,0.24449797720211314,0.05977926085592504,0.09963432420614123,0.1992582018923316,0.7574699276642731,0.0,0.0,0.028288603439433284,0.003938583419767588,predictive_alpha,sinusoidal,2,22001,0.0,1.0,1.0,0.03,0.01,0.36677239020085806,1.0,1.0,1.0,0.07936582005767476,0.36677239020085806,0.09028529494963465,1.66668222121117,0.10676983641489714,0.12423000035933826,39.44832436228132,1.8784916362991104,0.017377688769861174,13.825060289919058,45.0,0.01448673173780149,0.06170530719954782,0.09028529494963465,real10kg_smc_steady,real10kg_mpc_event,-1.0,-1.0,predictive_alpha,1.0,0.2576174348307367,0.28571485034702654,0.225187917590485,0.0,transformer,16,True,2.5,1.0,0.75,real_10kg_v1,thruster,real_10kg_x,1.0,0.08,0.23047619047619047,0.017377688769861174,0.0022892500434377547,0.007826700627308145,0.012500000000000011,0.0006671332480168059,0.08583334577943694,0.12423000035933826,,
pre_step_3_10s,3.0,10.0,700,0.07156102185083152,0.07115675612195484,0.007595782154316226,0.9943507552237114,0.10614412647921077,0.011266575586034692,0.06891535846110655,0.09604190153668565,1.0,0.10880952380952381,0.38,0.012529609298943652,0.0015743800851774658,predictive_alpha,sinusoidal,2,22001,0.0,1.0,1.0,0.03,0.01,0.36677239020085806,1.0,1.0,1.0,0.07936582005767476,0.36677239020085806,0.09028529494963465,1.66668222121117,0.10676983641489714,0.12423000035933826,39.44832436228132,1.8784916362991104,0.017377688769861174,13.825060289919058,45.0,0.01448673173780149,0.06170530719954782,0.09028529494963465,real10kg_smc_steady,real10kg_mpc_event,-1.0,-1.0,predictive_alpha,1.0,0.2576174348307367,0.28571485034702654,0.225187917590485,0.0,transformer,16,True,2.5,1.0,0.75,real_10kg_v1,thruster,real_10kg_x,1.0,0.08,0.23047619047619047,0.017377688769861174,0.0022892500434377547,0.007826700627308145,0.012500000000000011,0.0006671332480168059,0.08583334577943694,0.12423000035933826,,
step_recovery_10_13s,10.0,13.0,300,0.05394147564572971,0.05255087198963263,0.01216916792422949,0.9742201406348222,0.22559946272424353,0.05089511758146735,0.047930481611196424,0.08365640454137113,1.0,0.10444444444444445,0.31666666666666665,0.01364027325017612,0.0012909357742953923,predictive_alpha,sinusoidal,2,22001,0.0,1.0,1.0,0.03,0.01,0.36677239020085806,1.0,1.0,1.0,0.07936582005767476,0.36677239020085806,0.09028529494963465,1.66668222121117,0.10676983641489714,0.12423000035933826,39.44832436228132,1.8784916362991104,0.017377688769861174,13.825060289919058,45.0,0.01448673173780149,0.06170530719954782,0.09028529494963465,real10kg_smc_steady,real10kg_mpc_event,-1.0,-1.0,predictive_alpha,1.0,0.2576174348307367,0.28571485034702654,0.225187917590485,0.0,transformer,16,True,2.5,1.0,0.75,real_10kg_v1,thruster,real_10kg_x,1.0,0.08,0.23047619047619047,0.017377688769861174,0.0022892500434377547,0.007826700627308145,0.012500000000000011,0.0006671332480168059,0.08583334577943694,0.12423000035933826,,
post_step_13_20p9s,13.0,20.9,790,0.09806433639137721,0.09725526085245846,0.012570931087292252,0.9917495435273257,0.1281906506471563,0.01643284291334127,0.08947689804608727,0.32336730698123617,1.0,0.07025316455696203,0.14303797468354432,0.019198117586891612,0.0027018423948881342,predictive_alpha,sinusoidal,2,22001,0.0,1.0,1.0,0.03,0.01,0.36677239020085806,1.0,1.0,1.0,0.07936582005767476,0.36677239020085806,0.09028529494963465,1.66668222121117,0.10676983641489714,0.12423000035933826,39.44832436228132,1.8784916362991104,0.017377688769861174,13.825060289919058,45.0,0.01448673173780149,0.06170530719954782,0.09028529494963465,real10kg_smc_steady,real10kg_mpc_event,-1.0,-1.0,predictive_alpha,1.0,0.2576174348307367,0.28571485034702654,0.225187917590485,0.0,transformer,16,True,2.5,1.0,0.75,real_10kg_v1,thruster,real_10kg_x,1.0,0.08,0.23047619047619047,0.017377688769861174,0.0022892500434377547,0.007826700627308145,0.012500000000000011,0.0006671332480168059,0.08583334577943694,0.12423000035933826,,
startup_0_3s,0.0,3.0,300,0.1270102421497873,0.12446444416203645,0.025302247931417315,0.9799559630415593,0.1992142326724923,0.039686310499289904,0.11036989777078797,0.2279038257789905,0.8167537196493313,0.0,0.0,0.0318395026583526,0.004138525616531134,predictive_alpha,sinusoidal,2,22002,0.0,1.0,1.0,0.03,0.01,0.36669800368376865,1.0,1.0,1.0,0.08092663100683502,0.36669800368376865,0.09284806800189106,1.6994592511435354,0.10674545590499138,0.12420388158916282,39.481289626777695,1.8800614107989377,0.017897019336171084,13.821447402560542,45.0,0.013838426474578122,0.05396179172355109,0.09284806800189106,real10kg_smc_steady,real10kg_mpc_event,-1.0,-1.0,predictive_alpha,1.0,0.2580894557748617,0.28662204420224163,0.22721095416378895,0.0,transformer,16,True,2.5,1.0,0.75,real_10kg_v1,thruster,real_10kg_x,1.0,0.08,0.23095238095238096,0.017897019336171084,0.0023163301406402812,0.007793435338826789,0.012500000000000011,0.0006698811052618143,0.08584263170752136,0.12420388158916282,,
pre_step_3_10s,3.0,10.0,700,0.07161699834301644,0.0712107589517851,0.007617234483352701,0.994327612150322,0.10636070569265178,0.011312599715438888,0.06896270358317548,0.09599520454332632,1.0,0.10857142857142857,0.38142857142857145,0.012537669281993489,0.00157247561636762,predictive_alpha,sinusoidal,2,22002,0.0,1.0,1.0,0.03,0.01,0.36669800368376865,1.0,1.0,1.0,0.08092663100683502,0.36669800368376865,0.09284806800189106,1.6994592511435354,0.10674545590499138,0.12420388158916282,39.481289626777695,1.8800614107989377,0.017897019336171084,13.821447402560542,45.0,0.013838426474578122,0.05396179172355109,0.09284806800189106,real10kg_smc_steady,real10kg_mpc_event,-1.0,-1.0,predictive_alpha,1.0,0.2580894557748617,0.28662204420224163,0.22721095416378895,0.0,transformer,16,True,2.5,1.0,0.75,real_10kg_v1,thruster,real_10kg_x,1.0,0.08,0.23095238095238096,0.017897019336171084,0.0023163301406402812,0.007793435338826789,0.012500000000000011,0.0006698811052618143,0.08584263170752136,0.12420388158916282,,
step_recovery_10_13s,10.0,13.0,300,0.05399313782001203,0.0526152065719661,0.012120188490289594,0.9744795115883187,0.224476460891987,0.050389681494591776,0.04808709345608072,0.08369969000717342,1.0,0.10444444444444445,0.31666666666666665,0.013609509594674104,0.0012713036056026094,predictive_alpha,sinusoidal,2,22002,0.0,1.0,1.0,0.03,0.01,0.36669800368376865,1.0,1.0,1.0,0.08092663100683502,0.36669800368376865,0.09284806800189106,1.6994592511435354,0.10674545590499138,0.12420388158916282,39.481289626777695,1.8800614107989377,0.017897019336171084,13.821447402560542,45.0,0.013838426474578122,0.05396179172355109,0.09284806800189106,real10kg_smc_steady,real10kg_mpc_event,-1.0,-1.0,predictive_alpha,1.0,0.2580894557748617,0.28662204420224163,0.22721095416378895,0.0,transformer,16,True,2.5,1.0,0.75,real_10kg_v1,thruster,real_10kg_x,1.0,0.08,0.23095238095238096,0.017897019336171084,0.0023163301406402812,0.007793435338826789,0.012500000000000011,0.0006698811052618143,0.08584263170752136,0.12420388158916282,,
post_step_13_20p9s,13.0,20.9,790,0.09803956178605537,0.09722947939514388,0.012577122554505799,0.9917371887822258,0.1282861971777469,0.016457348386327755,0.08944871632713779,0.3232774374005587,1.0,0.07046413502109705,0.14303797468354432,0.019228919894837392,0.0027058786140754672,predictive_alpha,sinusoidal,2,22002,0.0,1.0,1.0,0.03,0.01,0.36669800368376865,1.0,1.0,1.0,0.08092663100683502,0.36669800368376865,0.09284806800189106,1.6994592511435354,0.10674545590499138,0.12420388158916282,39.481289626777695,1.8800614107989377,0.017897019336171084,13.821447402560542,45.0,0.013838426474578122,0.05396179172355109,0.09284806800189106,real10kg_smc_steady,real10kg_mpc_event,-1.0,-1.0,predictive_alpha,1.0,0.2580894557748617,0.28662204420224163,0.22721095416378895,0.0,transformer,16,True,2.5,1.0,0.75,real_10kg_v1,thruster,real_10kg_x,1.0,0.08,0.23095238095238096,0.017897019336171084,0.0023163301406402812,0.007793435338826789,0.012500000000000011,0.0006698811052618143,0.08584263170752136,0.12420388158916282,,
startup_0_3s,0.0,3.0,300,0.11889203870549671,0.11531139928699194,0.02895855766479476,0.9698832700869547,0.2435702001588768,0.0593264424054353,0.10463881784951234,0.20697584162241403,0.7636549455539423,0.0,0.0,0.0341372835845668,0.0047935726071738904,predictive_alpha,sinusoidal,2,22003,0.0,1.0,1.0,0.03,0.01,0.3667025865374735,1.0,1.0,1.0,0.08009518631532596,0.3667025865374735,0.0912879037785273,1.681998912621845,0.10674816460679723,0.12420585470215778,39.42992046961097,1.8776152604576652,0.018267317515766462,13.831940268110044,45.0,0.014823075809088477,0.05744928675422073,0.0912879037785273,real10kg_smc_steady,real10kg_mpc_event,-1.0,-1.0,predictive_alpha,1.0,0.2578116093511603,0.2847798960335007,0.22825102334703495,0.0,transformer,16,True,2.5,1.0,0.75,real_10kg_v1,thruster,real_10kg_x,1.0,0.0796031746031746,0.23333333333333334,0.018267317515766462,0.0024142714121050666,0.007812859815379495,0.012500000000000011,0.0006948368295428406,0.08582836823800769,0.12420585470215778,,
pre_step_3_10s,3.0,10.0,700,0.07164244325656578,0.07124010444331072,0.007582031039004542,0.9943840718578761,0.10583155311791624,0.011200317635350327,0.06901257958282954,0.09620304637517768,1.0,0.10738095238095238,0.38857142857142857,0.012655536293171595,0.0015795228103040548,predictive_alpha,sinusoidal,2,22003,0.0,1.0,1.0,0.03,0.01,0.3667025865374735,1.0,1.0,1.0,0.08009518631532596,0.3667025865374735,0.0912879037785273,1.681998912621845,0.10674816460679723,0.12420585470215778,39.42992046961097,1.8776152604576652,0.018267317515766462,13.831940268110044,45.0,0.014823075809088477,0.05744928675422073,0.0912879037785273,real10kg_smc_steady,real10kg_mpc_event,-1.0,-1.0,predictive_alpha,1.0,0.2578116093511603,0.2847798960335007,0.22825102334703495,0.0,transformer,16,True,2.5,1.0,0.75,real_10kg_v1,thruster,real_10kg_x,1.0,0.0796031746031746,0.23333333333333334,0.018267317515766462,0.0024142714121050666,0.007812859815379495,0.012500000000000011,0.0006948368295428406,0.08582836823800769,0.12420585470215778,,
step_recovery_10_13s,10.0,13.0,300,0.0537470819645359,0.05235832247655222,0.012138982129647716,0.9741612114142303,0.22585378937701991,0.05100993417595927,0.047857073892360893,0.08333606967486311,1.0,0.10444444444444445,0.31666666666666665,0.013660766789349124,0.0012930798912510414,predictive_alpha,sinusoidal,2,22003,0.0,1.0,1.0,0.03,0.01,0.3667025865374735,1.0,1.0,1.0,0.08009518631532596,0.3667025865374735,0.0912879037785273,1.681998912621845,0.10674816460679723,0.12420585470215778,39.42992046961097,1.8776152604576652,0.018267317515766462,13.831940268110044,45.0,0.014823075809088477,0.05744928675422073,0.0912879037785273,real10kg_smc_steady,real10kg_mpc_event,-1.0,-1.0,predictive_alpha,1.0,0.2578116093511603,0.2847798960335007,0.22825102334703495,0.0,transformer,16,True,2.5,1.0,0.75,real_10kg_v1,thruster,real_10kg_x,1.0,0.0796031746031746,0.23333333333333334,0.018267317515766462,0.0024142714121050666,0.007812859815379495,0.012500000000000011,0.0006948368295428406,0.08582836823800769,0.12420585470215778,,
post_step_13_20p9s,13.0,20.9,790,0.0980456837840542,0.0972358125778141,0.01257588410470441,0.9917398586558502,0.12826555559960007,0.016452052753274094,0.089457978104902,0.32328588423659543,1.0,0.07046413502109705,0.14303797468354432,0.01922155086061614,0.0027040979566797917,predictive_alpha,sinusoidal,2,22003,0.0,1.0,1.0,0.03,0.01,0.3667025865374735,1.0,1.0,1.0,0.08009518631532596,0.3667025865374735,0.0912879037785273,1.681998912621845,0.10674816460679723,0.12420585470215778,39.42992046961097,1.8776152604576652,0.018267317515766462,13.831940268110044,45.0,0.014823075809088477,0.05744928675422073,0.0912879037785273,real10kg_smc_steady,real10kg_mpc_event,-1.0,-1.0,predictive_alpha,1.0,0.2578116093511603,0.2847798960335007,0.22825102334703495,0.0,transformer,16,True,2.5,1.0,0.75,real_10kg_v1,thruster,real_10kg_x,1.0,0.0796031746031746,0.23333333333333334,0.018267317515766462,0.0024142714121050666,0.007812859815379495,0.012500000000000011,0.0006948368295428406,0.08582836823800769,0.12420585470215778,,
startup_0_3s,0.0,3.0,300,0.1357013165569742,0.1303944123530538,0.03757851171078884,0.9608927581650079,0.27692075997664695,0.0766851073060437,0.1191459959598521,0.23481808515605465,0.8176860864594313,0.0,0.0,0.038059807397705994,0.005261786514105692,predictive_alpha,sinusoidal,2,22004,0.0,1.0,1.0,0.03,0.01,0.36672010720278037,1.0,1.0,1.0,0.08228523089774624,0.36672010720278037,0.09466332102528316,1.7279898488526708,0.10675459146295274,0.12421155631796557,39.5601589875936,1.8838170946473145,0.018920336073184885,13.883011476567592,45.0,0.01741280588332404,0.07613282999583464,0.09466332102528316,real10kg_smc_steady,real10kg_mpc_event,-1.0,-1.0,predictive_alpha,1.0,0.2588307269151228,0.282320972592154,0.23514162714149625,0.0,transformer,16,True,2.5,1.0,0.75,real_10kg_v1,thruster,real_10kg_x,1.0,0.07992063492063492,0.2280952380952381,0.018920336073184885,0.0025008841110568483,0.007957211248418463,0.012500000000000011,0.0006935622805369227,0.0859390899779747,0.12421155631796557,,
pre_step_3_10s,3.0,10.0,700,0.07191912206531813,0.07149462328460282,0.007802497038695836,0.9940975533554237,0.10848988161464874,0.0117700544127605,0.069339241467981,0.09594874666124593,1.0,0.10833333333333334,0.37285714285714283,0.01283672559211143,0.0016283862596366305,predictive_alpha,sinusoidal,2,22004,0.0,1.0,1.0,0.03,0.01,0.36672010720278037,1.0,1.0,1.0,0.08228523089774624,0.36672010720278037,0.09466332102528316,1.7279898488526708,0.10675459146295274,0.12421155631796557,39.5601589875936,1.8838170946473145,0.018920336073184885,13.883011476567592,45.0,0.01741280588332404,0.07613282999583464,0.09466332102528316,real10kg_smc_steady,real10kg_mpc_event,-1.0,-1.0,predictive_alpha,1.0,0.2588307269151228,0.282320972592154,0.23514162714149625,0.0,transformer,16,True,2.5,1.0,0.75,real_10kg_v1,thruster,real_10kg_x,1.0,0.07992063492063492,0.2280952380952381,0.018920336073184885,0.0025008841110568483,0.007957211248418463,0.012500000000000011,0.0006935622805369227,0.0859390899779747,0.12421155631796557,,
step_recovery_10_13s,10.0,13.0,300,0.05387277135331161,0.05246076293173882,0.012253319791227601,0.9737899427465413,0.22744921940004073,0.051733147405687865,0.047862437217053404,0.08345122031486962,1.0,0.10444444444444445,0.31666666666666665,0.013905954204586889,0.0013176608497955202,predictive_alpha,sinusoidal,2,22004,0.0,1.0,1.0,0.03,0.01,0.36672010720278037,1.0,1.0,1.0,0.08228523089774624,0.36672010720278037,0.09466332102528316,1.7279898488526708,0.10675459146295274,0.12421155631796557,39.5601589875936,1.8838170946473145,0.018920336073184885,13.883011476567592,45.0,0.01741280588332404,0.07613282999583464,0.09466332102528316,real10kg_smc_steady,real10kg_mpc_event,-1.0,-1.0,predictive_alpha,1.0,0.2588307269151228,0.282320972592154,0.23514162714149625,0.0,transformer,16,True,2.5,1.0,0.75,real_10kg_v1,thruster,real_10kg_x,1.0,0.07992063492063492,0.2280952380952381,0.018920336073184885,0.0025008841110568483,0.007957211248418463,0.012500000000000011,0.0006935622805369227,0.0859390899779747,0.12421155631796557,,
post_step_13_20p9s,13.0,20.9,790,0.09806000630067156,0.09725014115152834,0.012576759586457846,0.9917411268906101,0.1282557493204211,0.0164495372337427,0.08947879849288032,0.32331196623827474,1.0,0.07046413502109705,0.14303797468354432,0.01922050060343535,0.0027054005721496932,predictive_alpha,sinusoidal,2,22004,0.0,1.0,1.0,0.03,0.01,0.36672010720278037,1.0,1.0,1.0,0.08228523089774624,0.36672010720278037,0.09466332102528316,1.7279898488526708,0.10675459146295274,0.12421155631796557,39.5601589875936,1.8838170946473145,0.018920336073184885,13.883011476567592,45.0,0.01741280588332404,0.07613282999583464,0.09466332102528316,real10kg_smc_steady,real10kg_mpc_event,-1.0,-1.0,predictive_alpha,1.0,0.2588307269151228,0.282320972592154,0.23514162714149625,0.0,transformer,16,True,2.5,1.0,0.75,real_10kg_v1,thruster,real_10kg_x,1.0,0.07992063492063492,0.2280952380952381,0.018920336073184885,0.0025008841110568483,0.007957211248418463,0.012500000000000011,0.0006935622805369227,0.0859390899779747,0.12421155631796557,,
startup_0_3s,0.0,3.0,300,0.11188351150749803,0.10719738041265443,0.03204125122265199,0.9581159812406357,0.28638045759320574,0.08201376649129391,0.10023799239565878,0.18255746593933325,0.6996721388540692,0.0,0.0,0.036683737595251245,0.005144570557665058,predictive_alpha,sinusoidal,2,22005,0.0,1.0,1.0,0.03,0.01,0.3667228142454209,1.0,1.0,1.0,0.07959267875441366,0.3667228142454209,0.09009820415727346,1.6714462538426869,0.10675499468967811,0.12421213364152257,39.43339731265161,1.8777808244119814,0.018757394732361262,13.979971552756405,45.0,0.01573736783924599,0.06171361741794068,0.09009820415727346,real10kg_smc_steady,real10kg_mpc_event,-1.0,-1.0,predictive_alpha,1.0,0.2597619027139755,0.28104366792459595,0.23779406229887778,0.0,transformer,16,True,2.5,1.0,0.75,real_10kg_v1,thruster,real_10kg_x,1.0,0.07984126984126984,0.2276190476190476,0.018757394732361262,0.0024931056456232166,0.008040639831638644,0.012500000000000011,0.0006997212042078662,0.0859320318617294,0.12421213364152257,,
pre_step_3_10s,3.0,10.0,700,0.07187034157634443,0.07145600052985865,0.007706230374006688,0.99423488135164,0.1072240677445609,0.011497000703690188,0.06933825234321302,0.09591868661674201,1.0,0.10809523809523809,0.37142857142857144,0.01292825056336246,0.001659416899120911,predictive_alpha,sinusoidal,2,22005,0.0,1.0,1.0,0.03,0.01,0.3667228142454209,1.0,1.0,1.0,0.07959267875441366,0.3667228142454209,0.09009820415727346,1.6714462538426869,0.10675499468967811,0.12421213364152257,39.43339731265161,1.8777808244119814,0.018757394732361262,13.979971552756405,45.0,0.01573736783924599,0.06171361741794068,0.09009820415727346,real10kg_smc_steady,real10kg_mpc_event,-1.0,-1.0,predictive_alpha,1.0,0.2597619027139755,0.28104366792459595,0.23779406229887778,0.0,transformer,16,True,2.5,1.0,0.75,real_10kg_v1,thruster,real_10kg_x,1.0,0.07984126984126984,0.2276190476190476,0.018757394732361262,0.0024931056456232166,0.008040639831638644,0.012500000000000011,0.0006997212042078662,0.0859320318617294,0.12421213364152257,,
step_recovery_10_13s,10.0,13.0,300,0.05395634234191566,0.052544876035509676,0.012260623203203083,0.9738405858302687,0.22723228949636365,0.05163451338975922,0.04792508235668892,0.08357168353033922,1.0,0.10444444444444445,0.31666666666666665,0.013927690935475644,0.0013079112231057944,predictive_alpha,sinusoidal,2,22005,0.0,1.0,1.0,0.03,0.01,0.3667228142454209,1.0,1.0,1.0,0.07959267875441366,0.3667228142454209,0.09009820415727346,1.6714462538426869,0.10675499468967811,0.12421213364152257,39.43339731265161,1.8777808244119814,0.018757394732361262,13.979971552756405,45.0,0.01573736783924599,0.06171361741794068,0.09009820415727346,real10kg_smc_steady,real10kg_mpc_event,-1.0,-1.0,predictive_alpha,1.0,0.2597619027139755,0.28104366792459595,0.23779406229887778,0.0,transformer,16,True,2.5,1.0,0.75,real_10kg_v1,thruster,real_10kg_x,1.0,0.07984126984126984,0.2276190476190476,0.018757394732361262,0.0024931056456232166,0.008040639831638644,0.012500000000000011,0.0006997212042078662,0.0859320318617294,0.12421213364152257,,
post_step_13_20p9s,13.0,20.9,790,0.09806001589990322,0.09725012696558732,0.012576944122735752,0.9917408851417829,0.12825761863605983,0.016450016738192963,0.0894786838953836,0.3233153973328532,1.0,0.07046413502109705,0.14303797468354432,0.019220383944766713,0.0027052627002397377,predictive_alpha,sinusoidal,2,22005,0.0,1.0,1.0,0.03,0.01,0.3667228142454209,1.0,1.0,1.0,0.07959267875441366,0.3667228142454209,0.09009820415727346,1.6714462538426869,0.10675499468967811,0.12421213364152257,39.43339731265161,1.8777808244119814,0.018757394732361262,13.979971552756405,45.0,0.01573736783924599,0.06171361741794068,0.09009820415727346,real10kg_smc_steady,real10kg_mpc_event,-1.0,-1.0,predictive_alpha,1.0,0.2597619027139755,0.28104366792459595,0.23779406229887778,0.0,transformer,16,True,2.5,1.0,0.75,real_10kg_v1,thruster,real_10kg_x,1.0,0.07984126984126984,0.2276190476190476,0.018757394732361262,0.0024931056456232166,0.008040639831638644,0.012500000000000011,0.0006997212042078662,0.0859320318617294,0.12421213364152257,,
startup_0_3s,0.0,3.0,300,0.12311945343168555,0.11991330902842647,0.027914120641175218,0.9739590754028318,0.22672388370099233,0.0514037194404611,0.10780652820784416,0.21552845385666172,0.7825032233273898,0.0,0.0,0.03342774478415435,0.004719792469777175,predictive_alpha,sinusoidal,2,22006,0.0,1.0,1.0,0.03,0.01,0.366708073641486,1.0,1.0,1.0,0.08053536348478013,0.366708073641486,0.09207825111666662,1.691242633180383,0.10675108514067862,0.12420825000526363,39.45146331989628,1.8786411104712515,0.01815458462939629,13.852320924330078,45.0,0.014548517780229303,0.05735924801846087,0.09207825111666662,real10kg_smc_steady,real10kg_mpc_event,-1.0,-1.0,predictive_alpha,1.0,0.257096896674523,0.2851233587286777,0.22690116407305358,0.0,transformer,16,True,2.5,1.0,0.75,real_10kg_v1,thruster,real_10kg_x,1.0,0.08,0.23142857142857143,0.01815458462939629,0.0023994474686940886,0.007796501754158879,0.012500000000000011,0.00068820057453226,0.0858199962009733,0.12420825000526363,,
pre_step_3_10s,3.0,10.0,700,0.0715567622919536,0.0711459875993389,0.007656283577680963,0.9942594566962278,0.1069959474471904,0.011448132770121931,0.06892035323766486,0.09608874512693719,1.0,0.10857142857142857,0.38285714285714284,0.012610237384409877,0.0015674262651740902,predictive_alpha,sinusoidal,2,22006,0.0,1.0,1.0,0.03,0.01,0.366708073641486,1.0,1.0,1.0,0.08053536348478013,0.366708073641486,0.09207825111666662,1.691242633180383,0.10675108514067862,0.12420825000526363,39.45146331989628,1.8786411104712515,0.01815458462939629,13.852320924330078,45.0,0.014548517780229303,0.05735924801846087,0.09207825111666662,real10kg_smc_steady,real10kg_mpc_event,-1.0,-1.0,predictive_alpha,1.0,0.257096896674523,0.2851233587286777,0.22690116407305358,0.0,transformer,16,True,2.5,1.0,0.75,real_10kg_v1,thruster,real_10kg_x,1.0,0.08,0.23142857142857143,0.01815458462939629,0.0023994474686940886,0.007796501754158879,0.012500000000000011,0.00068820057453226,0.0858199962009733,0.12420825000526363,,
step_recovery_10_13s,10.0,13.0,300,0.05392395306348663,0.05253683577358595,0.012152102735426848,0.974276416859358,0.22535630355437286,0.05078546355169065,0.04798062613450499,0.08359002780612235,1.0,0.10444444444444445,0.31666666666666665,0.013699802111470854,0.0012906290824110402,predictive_alpha,sinusoidal,2,22006,0.0,1.0,1.0,0.03,0.01,0.366708073641486,1.0,1.0,1.0,0.08053536348478013,0.366708073641486,0.09207825111666662,1.691242633180383,0.10675108514067862,0.12420825000526363,39.45146331989628,1.8786411104712515,0.01815458462939629,13.852320924330078,45.0,0.014548517780229303,0.05735924801846087,0.09207825111666662,real10kg_smc_steady,real10kg_mpc_event,-1.0,-1.0,predictive_alpha,1.0,0.257096896674523,0.2851233587286777,0.22690116407305358,0.0,transformer,16,True,2.5,1.0,0.75,real_10kg_v1,thruster,real_10kg_x,1.0,0.08,0.23142857142857143,0.01815458462939629,0.0023994474686940886,0.007796501754158879,0.012500000000000011,0.00068820057453226,0.0858199962009733,0.12420825000526363,,
post_step_13_20p9s,13.0,20.9,790,0.09804723599533634,0.09723744662333524,0.0125753513071885,0.9917408240652534,0.12825809090412965,0.01645013788237198,0.08945985382494916,0.3232942089164429,1.0,0.07046413502109705,0.14303797468354432,0.019216866461677234,0.0027038057611447736,predictive_alpha,sinusoidal,2,22006,0.0,1.0,1.0,0.03,0.01,0.366708073641486,1.0,1.0,1.0,0.08053536348478013,0.366708073641486,0.09207825111666662,1.691242633180383,0.10675108514067862,0.12420825000526363,39.45146331989628,1.8786411104712515,0.01815458462939629,13.852320924330078,45.0,0.014548517780229303,0.05735924801846087,0.09207825111666662,real10kg_smc_steady,real10kg_mpc_event,-1.0,-1.0,predictive_alpha,1.0,0.257096896674523,0.2851233587286777,0.22690116407305358,0.0,transformer,16,True,2.5,1.0,0.75,real_10kg_v1,thruster,real_10kg_x,1.0,0.08,0.23142857142857143,0.01815458462939629,0.0023994474686940886,0.007796501754158879,0.012500000000000011,0.00068820057453226,0.0858199962009733,0.12420825000526363,,
startup_0_3s,0.0,3.0,300,0.11232725955187992,0.10850879989621401,0.029038828893720645,0.9660059395119286,0.25851987317743347,0.06683252482767628,0.09954855133374013,0.1928832315757645,0.7287303651890249,0.0,0.0,0.03405215909826222,0.004826093430592157,predictive_alpha,sinusoidal,2,22007,0.0,1.0,1.0,0.03,0.01,0.3667721045395401,1.0,1.0,1.0,0.07939945473175121,0.3667721045395401,0.09012837834273249,1.6673885493667755,0.10678018395118226,0.1242388293571749,39.43235221868254,1.8777310580325017,0.018285042087653833,13.898198862340305,45.0,0.014881488276136574,0.05602046358431467,0.09012837834273249,real10kg_smc_steady,real10kg_mpc_event,-1.0,-1.0,predictive_alpha,1.0,0.2573720869260971,0.28337934032025575,0.23081921582692302,0.0,transformer,16,True,2.5,1.0,0.75,real_10kg_v1,thruster,real_10kg_x,1.0,0.07984126984126984,0.23,0.018285042087653833,0.0024260053054139144,0.007884900846821849,0.012500000000000011,0.0006711375195548341,0.08587244303849725,0.1242388293571749,,
pre_step_3_10s,3.0,10.0,700,0.07162360094478233,0.0712049797942566,0.007732468221527545,0.994155262441378,0.10795978028930481,0.011655314160114966,0.06899938285127295,0.09596833277521413,1.0,0.10833333333333334,0.37857142857142856,0.012698650632347552,0.001599787051847531,predictive_alpha,sinusoidal,2,22007,0.0,1.0,1.0,0.03,0.01,0.3667721045395401,1.0,1.0,1.0,0.07939945473175121,0.3667721045395401,0.09012837834273249,1.6673885493667755,0.10678018395118226,0.1242388293571749,39.43235221868254,1.8777310580325017,0.018285042087653833,13.898198862340305,45.0,0.014881488276136574,0.05602046358431467,0.09012837834273249,real10kg_smc_steady,real10kg_mpc_event,-1.0,-1.0,predictive_alpha,1.0,0.2573720869260971,0.28337934032025575,0.23081921582692302,0.0,transformer,16,True,2.5,1.0,0.75,real_10kg_v1,thruster,real_10kg_x,1.0,0.07984126984126984,0.23,0.018285042087653833,0.0024260053054139144,0.007884900846821849,0.012500000000000011,0.0006711375195548341,0.08587244303849725,0.1242388293571749,,
step_recovery_10_13s,10.0,13.0,300,0.054065525295680844,0.052665635927263775,0.012223412693466924,0.9741075415292617,0.2260851554963699,0.05111449753581777,0.04801996171579928,0.08378073333751522,1.0,0.10444444444444445,0.31666666666666665,0.013821773632125726,0.0012965477149646306,predictive_alpha,sinusoidal,2,22007,0.0,1.0,1.0,0.03,0.01,0.3667721045395401,1.0,1.0,1.0,0.07939945473175121,0.3667721045395401,0.09012837834273249,1.6673885493667755,0.10678018395118226,0.1242388293571749,39.43235221868254,1.8777310580325017,0.018285042087653833,13.898198862340305,45.0,0.014881488276136574,0.05602046358431467,0.09012837834273249,real10kg_smc_steady,real10kg_mpc_event,-1.0,-1.0,predictive_alpha,1.0,0.2573720869260971,0.28337934032025575,0.23081921582692302,0.0,transformer,16,True,2.5,1.0,0.75,real_10kg_v1,thruster,real_10kg_x,1.0,0.07984126984126984,0.23,0.018285042087653833,0.0024260053054139144,0.007884900846821849,0.012500000000000011,0.0006711375195548341,0.08587244303849725,0.1242388293571749,,
post_step_13_20p9s,13.0,20.9,790,0.09807590634803787,0.09726641527675829,0.012574890265855041,0.9917462799843321,0.12821589658555949,0.016439316137238886,0.08949044799491128,0.32336831306528874,1.0,0.07025316455696203,0.14303797468354432,0.019206453287744826,0.002704705363208341,predictive_alpha,sinusoidal,2,22007,0.0,1.0,1.0,0.03,0.01,0.3667721045395401,1.0,1.0,1.0,0.07939945473175121,0.3667721045395401,0.09012837834273249,1.6673885493667755,0.10678018395118226,0.1242388293571749,39.43235221868254,1.8777310580325017,0.018285042087653833,13.898198862340305,45.0,0.014881488276136574,0.05602046358431467,0.09012837834273249,real10kg_smc_steady,real10kg_mpc_event,-1.0,-1.0,predictive_alpha,1.0,0.2573720869260971,0.28337934032025575,0.23081921582692302,0.0,transformer,16,True,2.5,1.0,0.75,real_10kg_v1,thruster,real_10kg_x,1.0,0.07984126984126984,0.23,0.018285042087653833,0.0024260053054139144,0.007884900846821849,0.012500000000000011,0.0006711375195548341,0.08587244303849725,0.1242388293571749,,
startup_0_3s,0.0,3.0,300,0.11153013602441883,0.10883771368914259,0.024358229010861814,0.9758592392043103,0.21840042412867433,0.047698745259584834,0.0983018112383952,0.19981963710475947,0.7557061521437135,0.0,0.0,0.03131893810519209,0.004133912584267218,predictive_alpha,sinusoidal,2,22008,0.0,1.0,1.0,0.03,0.01,0.3667289319970094,1.0,1.0,1.0,0.0791745302067691,0.3667289319970094,0.08994919771005692,1.6626651343421508,0.10674474817974447,0.12420948654027841,39.40460318235204,1.8764096753500972,0.017816943812318454,13.792823644552948,45.0,0.013571202651654752,0.05150570781368591,0.08994919771005692,real10kg_smc_steady,real10kg_mpc_event,-1.0,-1.0,predictive_alpha,1.0,0.2580484578828084,0.2870794419989549,0.22561363787351488,0.0,transformer,16,True,2.5,1.0,0.75,real_10kg_v1,thruster,real_10kg_x,1.0,0.07777777777777778,0.22095238095238096,0.017816943812318454,0.002308540672601223,0.007754569402751669,0.012500000000000011,0.0006820909274449937,0.08582641001769696,0.12420948654027841,,
pre_step_3_10s,3.0,10.0,700,0.07155245391206423,0.07115925830509197,0.007490902369359591,0.9945047921423423,0.1046910617288637,0.01096021840591675,0.06886578403690403,0.09584293221640004,1.0,0.1019047619047619,0.3514285714285714,0.012538405951213546,0.0015544293282767597,predictive_alpha,sinusoidal,2,22008,0.0,1.0,1.0,0.03,0.01,0.3667289319970094,1.0,1.0,1.0,0.0791745302067691,0.3667289319970094,0.08994919771005692,1.6626651343421508,0.10674474817974447,0.12420948654027841,39.40460318235204,1.8764096753500972,0.017816943812318454,13.792823644552948,45.0,0.013571202651654752,0.05150570781368591,0.08994919771005692,real10kg_smc_steady,real10kg_mpc_event,-1.0,-1.0,predictive_alpha,1.0,0.2580484578828084,0.2870794419989549,0.22561363787351488,0.0,transformer,16,True,2.5,1.0,0.75,real_10kg_v1,thruster,real_10kg_x,1.0,0.07777777777777778,0.22095238095238096,0.017816943812318454,0.002308540672601223,0.007754569402751669,0.012500000000000011,0.0006820909274449937,0.08582641001769696,0.12420948654027841,,
step_recovery_10_13s,10.0,13.0,300,0.05394227721960731,0.05256389145183696,0.012116376813076878,0.9744470230250248,0.22461745105326653,0.05045299931766658,0.04806443578617105,0.08361465571083938,1.0,0.10444444444444445,0.31666666666666665,0.01355899342641977,0.0012675099545969742,predictive_alpha,sinusoidal,2,22008,0.0,1.0,1.0,0.03,0.01,0.3667289319970094,1.0,1.0,1.0,0.0791745302067691,0.3667289319970094,0.08994919771005692,1.6626651343421508,0.10674474817974447,0.12420948654027841,39.40460318235204,1.8764096753500972,0.017816943812318454,13.792823644552948,45.0,0.013571202651654752,0.05150570781368591,0.08994919771005692,real10kg_smc_steady,real10kg_mpc_event,-1.0,-1.0,predictive_alpha,1.0,0.2580484578828084,0.2870794419989549,0.22561363787351488,0.0,transformer,16,True,2.5,1.0,0.75,real_10kg_v1,thruster,real_10kg_x,1.0,0.07777777777777778,0.22095238095238096,0.017816943812318454,0.002308540672601223,0.007754569402751669,0.012500000000000011,0.0006820909274449937,0.08582641001769696,0.12420948654027841,,
post_step_13_20p9s,13.0,20.9,790,0.09805831145309764,0.09724802042774654,0.012579943080844673,0.9917366410522104,0.12829043142214208,0.01645843479447934,0.08946817226005425,0.3233036236807056,1.0,0.07046413502109705,0.14303797468354432,0.019230897580071106,0.0027059631660442344,predictive_alpha,sinusoidal,2,22008,0.0,1.0,1.0,0.03,0.01,0.3667289319970094,1.0,1.0,1.0,0.0791745302067691,0.3667289319970094,0.08994919771005692,1.6626651343421508,0.10674474817974447,0.12420948654027841,39.40460318235204,1.8764096753500972,0.017816943812318454,13.792823644552948,45.0,0.013571202651654752,0.05150570781368591,0.08994919771005692,real10kg_smc_steady,real10kg_mpc_event,-1.0,-1.0,predictive_alpha,1.0,0.2580484578828084,0.2870794419989549,0.22561363787351488,0.0,transformer,16,True,2.5,1.0,0.75,real_10kg_v1,thruster,real_10kg_x,1.0,0.07777777777777778,0.22095238095238096,0.017816943812318454,0.002308540672601223,0.007754569402751669,0.012500000000000011,0.0006820909274449937,0.08582641001769696,0.12420948654027841,,
startup_0_3s,0.0,3.0,300,0.130852386733204,0.1283039473071869,0.025699109306950622,0.9805243183587231,0.19639771156294417,0.03857206110716141,0.11366857400381904,0.236933036582769,0.837684625269081,0.0,0.0,0.032617653412429795,0.00425550665324795,predictive_alpha,sinusoidal,2,22009,0.0,1.0,1.0,0.03,0.01,0.36671094822907474,1.0,1.0,1.0,0.08142380393240066,0.36671094822907474,0.0936311644104539,1.709899882580414,0.10673900405506563,0.12420247420285967,39.48612781568002,1.8802918007466676,0.018007877915013855,13.76868818807327,45.0,0.013933821934242868,0.05526136299209555,0.0936311644104539,real10kg_smc_steady,real10kg_mpc_event,-1.0,-1.0,predictive_alpha,1.0,0.2586406309955726,0.287003411749598,0.2278298218604288,0.0,transformer,16,True,2.5,1.0,0.75,real_10kg_v1,thruster,real_10kg_x,1.0,0.07952380952380952,0.23285714285714285,0.018007877915013855,0.0023306961268004366,0.007774816217657633,0.012500000000000011,0.0006706740414665793,0.0858731792899915,0.12420247420285967,,
pre_step_3_10s,3.0,10.0,700,0.07177697841477085,0.07137701876856609,0.007566757698396662,0.9944277447304406,0.10542039892890662,0.011113460510329815,0.06910614753898672,0.0962515678011522,1.0,0.10714285714285714,0.3871428571428571,0.012560946108768777,0.0015695884769966017,predictive_alpha,sinusoidal,2,22009,0.0,1.0,1.0,0.03,0.01,0.36671094822907474,1.0,1.0,1.0,0.08142380393240066,0.36671094822907474,0.0936311644104539,1.709899882580414,0.10673900405506563,0.12420247420285967,39.48612781568002,1.8802918007466676,0.018007877915013855,13.76868818807327,45.0,0.013933821934242868,0.05526136299209555,0.0936311644104539,real10kg_smc_steady,real10kg_mpc_event,-1.0,-1.0,predictive_alpha,1.0,0.2586406309955726,0.287003411749598,0.2278298218604288,0.0,transformer,16,True,2.5,1.0,0.75,real_10kg_v1,thruster,real_10kg_x,1.0,0.07952380952380952,0.23285714285714285,0.018007877915013855,0.0023306961268004366,0.007774816217657633,0.012500000000000011,0.0006706740414665793,0.0858731792899915,0.12420247420285967,,
step_recovery_10_13s,10.0,13.0,300,0.05369855975497478,0.05231416756096502,0.012114585926141773,0.9742191932087806,0.22560355401374516,0.050896963583632826,0.04787439510107358,0.08329180589707084,1.0,0.10444444444444445,0.31666666666666665,0.01352611307907994,0.001274311107870355,predictive_alpha,sinusoidal,2,22009,0.0,1.0,1.0,0.03,0.01,0.36671094822907474,1.0,1.0,1.0,0.08142380393240066,0.36671094822907474,0.0936311644104539,1.709899882580414,0.10673900405506563,0.12420247420285967,39.48612781568002,1.8802918007466676,0.018007877915013855,13.76868818807327,45.0,0.013933821934242868,0.05526136299209555,0.0936311644104539,real10kg_smc_steady,real10kg_mpc_event,-1.0,-1.0,predictive_alpha,1.0,0.2586406309955726,0.287003411749598,0.2278298218604288,0.0,transformer,16,True,2.5,1.0,0.75,real_10kg_v1,thruster,real_10kg_x,1.0,0.07952380952380952,0.23285714285714285,0.018007877915013855,0.0023306961268004366,0.007774816217657633,0.012500000000000011,0.0006706740414665793,0.0858731792899915,0.12420247420285967,,
post_step_13_20p9s,13.0,20.9,790,0.09805787741553523,0.0972474000132505,0.012581355805436187,0.9917347037928405,0.12830540632774223,0.01646227729292704,0.0894712079731889,0.32328280806338255,1.0,0.07046413502109705,0.14303797468354432,0.019238017567672665,0.00270394407082775,predictive_alpha,sinusoidal,2,22009,0.0,1.0,1.0,0.03,0.01,0.36671094822907474,1.0,1.0,1.0,0.08142380393240066,0.36671094822907474,0.0936311644104539,1.709899882580414,0.10673900405506563,0.12420247420285967,39.48612781568002,1.8802918007466676,0.018007877915013855,13.76868818807327,45.0,0.013933821934242868,0.05526136299209555,0.0936311644104539,real10kg_smc_steady,real10kg_mpc_event,-1.0,-1.0,predictive_alpha,1.0,0.2586406309955726,0.287003411749598,0.2278298218604288,0.0,transformer,16,True,2.5,1.0,0.75,real_10kg_v1,thruster,real_10kg_x,1.0,0.07952380952380952,0.23285714285714285,0.018007877915013855,0.0023306961268004366,0.007774816217657633,0.012500000000000011,0.0006706740414665793,0.0858731792899915,0.12420247420285967,,
startup_0_3s,0.0,3.0,300,0.12014397160058124,0.11771831708416483,0.024020235944580203,0.9798104350630217,0.199928765668206,0.03997151134161243,0.10463177101460089,0.21864907890449772,0.8969296926387557,0.0,0.0,0.03373166529347343,0.004373477672966554,predictive_alpha,step_change,3,22000,0.0,1.0,1.0,0.03,0.01,0.04291535092302434,1.0,1.0,1.0,0.07038301323296237,0.21864907890449772,0.07681841189932548,1.4780432778922097,0.07284902706717734,0.0742219984000333,26.977923854427644,1.2846630406870307,0.020288536166510034,14.165796355074326,45.0,0.014286356179137458,0.05060387318536258,0.07681841189932548,real10kg_smc_steady,real10kg_mpc_event,-1.0,-1.0,predictive_alpha,1.0,0.19324554381971748,0.20331514802295886,0.16118413234647874,0.0,transformer,16,True,2.5,1.0,0.75,real_10kg_v1,thruster,real_10kg_x,1.0,0.012936507936507937,0.03190476190476191,0.020288536166510034,0.005323532051411586,0.008704126986167324,0.012500000000000011,0.0008410883830495112,0.06692396797259276,0.0742219984000333,,
pre_step_3_10s,3.0,10.0,700,0.06766709879581956,0.0673011612849201,0.0070277983141504505,0.994592091024862,0.10385842513148538,0.010786572470792354,0.06678486489074008,0.08923887730510592,1.0,0.03761904761904762,0.09285714285714286,0.015547292084389108,0.0021087582259057725,predictive_alpha,step_change,3,22000,0.0,1.0,1.0,0.03,0.01,0.04291535092302434,1.0,1.0,1.0,0.07038301323296237,0.21864907890449772,0.07681841189932548,1.4780432778922097,0.07284902706717734,0.0742219984000333,26.977923854427644,1.2846630406870307,0.020288536166510034,14.165796355074326,45.0,0.014286356179137458,0.05060387318536258,0.07681841189932548,real10kg_smc_steady,real10kg_mpc_event,-1.0,-1.0,predictive_alpha,1.0,0.19324554381971748,0.20331514802295886,0.16118413234647874,0.0,transformer,16,True,2.5,1.0,0.75,real_10kg_v1,thruster,real_10kg_x,1.0,0.012936507936507937,0.03190476190476191,0.020288536166510034,0.005323532051411586,0.008704126986167324,0.012500000000000011,0.0008410883830495112,0.06692396797259276,0.0742219984000333,,
step_recovery_10_13s,10.0,13.0,300,0.0449873797864746,0.04184607964314624,0.0165157488038528,0.9301737474323234,0.36711959847944375,0.134776799587708,0.041609944635577975,0.0802831824773209,1.0,0.002777777777777778,0.006666666666666667,0.02482390589715486,0.012939238937459654,predictive_alpha,step_change,3,22000,0.0,1.0,1.0,0.03,0.01,0.04291535092302434,1.0,1.0,1.0,0.07038301323296237,0.21864907890449772,0.07681841189932548,1.4780432778922097,0.07284902706717734,0.0742219984000333,26.977923854427644,1.2846630406870307,0.020288536166510034,14.165796355074326,45.0,0.014286356179137458,0.05060387318536258,0.07681841189932548,real10kg_smc_steady,real10kg_mpc_event,-1.0,-1.0,predictive_alpha,1.0,0.19324554381971748,0.20331514802295886,0.16118413234647874,0.0,transformer,16,True,2.5,1.0,0.75,real_10kg_v1,thruster,real_10kg_x,1.0,0.012936507936507937,0.03190476190476191,0.020288536166510034,0.005323532051411586,0.008704126986167324,0.012500000000000011,0.0008410883830495112,0.06692396797259276,0.0742219984000333,,
post_step_13_20p9s,13.0,20.9,790,0.07317587509627957,0.07197923290376014,0.013179481275549559,0.9836470395339315,0.1801069171801354,0.03243850161613216,0.0718266550911652,0.09237305175127107,0.819605713733407,0.0,0.0,0.017895750843577092,0.0028280819990064688,predictive_alpha,step_change,3,22000,0.0,1.0,1.0,0.03,0.01,0.04291535092302434,1.0,1.0,1.0,0.07038301323296237,0.21864907890449772,0.07681841189932548,1.4780432778922097,0.07284902706717734,0.0742219984000333,26.977923854427644,1.2846630406870307,0.020288536166510034,14.165796355074326,45.0,0.014286356179137458,0.05060387318536258,0.07681841189932548,real10kg_smc_steady,real10kg_mpc_event,-1.0,-1.0,predictive_alpha,1.0,0.19324554381971748,0.20331514802295886,0.16118413234647874,0.0,transformer,16,True,2.5,1.0,0.75,real_10kg_v1,thruster,real_10kg_x,1.0,0.012936507936507937,0.03190476190476191,0.020288536166510034,0.005323532051411586,0.008704126986167324,0.012500000000000011,0.0008410883830495112,0.06692396797259276,0.0742219984000333,,
startup_0_3s,0.0,3.0,300,0.11375638575066523,0.1103500017227778,0.02762955697866121,0.9700554478290683,0.24288356909668818,0.0589924281371457,0.0990403717281346,0.20619065719027688,0.867444181470003,0.0,0.0,0.029701516609961207,0.0042356457189330204,predictive_alpha,step_change,3,22001,0.0,1.0,1.0,0.03,0.01,0.0434402388793124,1.0,1.0,1.0,0.0694889229814455,0.20619065719027688,0.0751994259478555,1.4592673826103555,0.07285975485278272,0.07422519944558058,26.962602644496123,1.2839334592617202,0.019522111986565834,14.153820599233468,45.0,0.0151835549224073,0.0617055531154035,0.0751994259478555,real10kg_smc_steady,real10kg_mpc_event,-1.0,-1.0,predictive_alpha,1.0,0.19170600790949813,0.20191764651799385,0.15695097821928183,0.0,transformer,16,True,2.5,1.0,0.75,real_10kg_v1,thruster,real_10kg_x,1.0,0.012936507936507937,0.03190476190476191,0.019522111986565834,0.005271561214425596,0.008541569559062961,0.012500000000000011,0.0008193053305471628,0.0666385278213173,0.07422519944558058,,
pre_step_3_10s,3.0,10.0,700,0.06801610029648285,0.06766389566637283,0.006912823069587768,0.9948217461957574,0.10163509874066147,0.010329693296024007,0.06712247319408961,0.09088194190451084,1.0,0.03761904761904762,0.09285714285714286,0.015330593848599385,0.002130360482480292,predictive_alpha,step_change,3,22001,0.0,1.0,1.0,0.03,0.01,0.0434402388793124,1.0,1.0,1.0,0.0694889229814455,0.20619065719027688,0.0751994259478555,1.4592673826103555,0.07285975485278272,0.07422519944558058,26.962602644496123,1.2839334592617202,0.019522111986565834,14.153820599233468,45.0,0.0151835549224073,0.0617055531154035,0.0751994259478555,real10kg_smc_steady,real10kg_mpc_event,-1.0,-1.0,predictive_alpha,1.0,0.19170600790949813,0.20191764651799385,0.15695097821928183,0.0,transformer,16,True,2.5,1.0,0.75,real_10kg_v1,thruster,real_10kg_x,1.0,0.012936507936507937,0.03190476190476191,0.019522111986565834,0.005271561214425596,0.008541569559062961,0.012500000000000011,0.0008193053305471628,0.0666385278213173,0.07422519944558058,,
step_recovery_10_13s,10.0,13.0,300,0.04538005993664275,0.04221712156788555,0.016645254169752453,0.9303011416650148,0.36679665458775684,0.1345397858167702,0.04208726995545998,0.08034827065684509,1.0,0.002777777777777778,0.006666666666666667,0.023641321987868273,0.012875333918601647,predictive_alpha,step_change,3,22001,0.0,1.0,1.0,0.03,0.01,0.0434402388793124,1.0,1.0,1.0,0.0694889229814455,0.20619065719027688,0.0751994259478555,1.4592673826103555,0.07285975485278272,0.07422519944558058,26.962602644496123,1.2839334592617202,0.019522111986565834,14.153820599233468,45.0,0.0151835549224073,0.0617055531154035,0.0751994259478555,real10kg_smc_steady,real10kg_mpc_event,-1.0,-1.0,predictive_alpha,1.0,0.19170600790949813,0.20191764651799385,0.15695097821928183,0.0,transformer,16,True,2.5,1.0,0.75,real_10kg_v1,thruster,real_10kg_x,1.0,0.012936507936507937,0.03190476190476191,0.019522111986565834,0.005271561214425596,0.008541569559062961,0.012500000000000011,0.0008193053305471628,0.0666385278213173,0.07422519944558058,,
post_step_13_20p9s,13.0,20.9,790,0.07219125813367692,0.07098476990642705,0.01314306631858724,0.9832876132312888,0.1820589730442176,0.033145469665915146,0.07108350996517056,0.09204433465067571,0.8160387242548226,0.0,0.0,0.017973974791250045,0.0027611474243076774,predictive_alpha,step_change,3,22001,0.0,1.0,1.0,0.03,0.01,0.0434402388793124,1.0,1.0,1.0,0.0694889229814455,0.20619065719027688,0.0751994259478555,1.4592673826103555,0.07285975485278272,0.07422519944558058,26.962602644496123,1.2839334592617202,0.019522111986565834,14.153820599233468,45.0,0.0151835549224073,0.0617055531154035,0.0751994259478555,real10kg_smc_steady,real10kg_mpc_event,-1.0,-1.0,predictive_alpha,1.0,0.19170600790949813,0.20191764651799385,0.15695097821928183,0.0,transformer,16,True,2.5,1.0,0.75,real_10kg_v1,thruster,real_10kg_x,1.0,0.012936507936507937,0.03190476190476191,0.019522111986565834,0.005271561214425596,0.008541569559062961,0.012500000000000011,0.0008193053305471628,0.0666385278213173,0.07422519944558058,,
startup_0_3s,0.0,3.0,300,0.12806204216531658,0.1257370023466899,0.024291827523260017,0.9818444265036376,0.18968795993352544,0.03598152214374275,0.11092021699967809,0.2339181738150836,0.9115273274655774,0.0,0.0,0.03343183690905043,0.004301403851247179,predictive_alpha,step_change,3,22002,0.0,1.0,1.0,0.03,0.01,0.04300287747276248,1.0,1.0,1.0,0.07127666559396874,0.2339181738150836,0.07863114860736434,1.4968099774733434,0.07286568427919335,0.07423392305700868,26.98368916008101,1.2849375790514765,0.020275458028613087,14.160590080670781,45.0,0.014336061945999127,0.050633652466694046,0.07863114860736434,real10kg_smc_steady,real10kg_mpc_event,-1.0,-1.0,predictive_alpha,1.0,0.19336994015532744,0.2031417688169821,0.1616914051276676,0.0,transformer,16,True,2.5,1.0,0.75,real_10kg_v1,thruster,real_10kg_x,1.0,0.012857142857142857,0.03190476190476191,0.020275458028613087,0.005312617795823956,0.008718655825614614,0.012500000000000011,0.000825415267538569,0.06693294664020426,0.07423392305700868,,
pre_step_3_10s,3.0,10.0,700,0.06766707277523545,0.06730303648991029,0.007009566121153027,0.9946201857063575,0.10358902541027845,0.010730686185451315,0.06679344770447945,0.08920720533034772,1.0,0.03738095238095238,0.09285714285714286,0.015541421670508478,0.0021182665171394894,predictive_alpha,step_change,3,22002,0.0,1.0,1.0,0.03,0.01,0.04300287747276248,1.0,1.0,1.0,0.07127666559396874,0.2339181738150836,0.07863114860736434,1.4968099774733434,0.07286568427919335,0.07423392305700868,26.98368916008101,1.2849375790514765,0.020275458028613087,14.160590080670781,45.0,0.014336061945999127,0.050633652466694046,0.07863114860736434,real10kg_smc_steady,real10kg_mpc_event,-1.0,-1.0,predictive_alpha,1.0,0.19336994015532744,0.2031417688169821,0.1616914051276676,0.0,transformer,16,True,2.5,1.0,0.75,real_10kg_v1,thruster,real_10kg_x,1.0,0.012857142857142857,0.03190476190476191,0.020275458028613087,0.005312617795823956,0.008718655825614614,0.012500000000000011,0.000825415267538569,0.06693294664020426,0.07423392305700868,,
step_recovery_10_13s,10.0,13.0,300,0.044890422710632996,0.04177511120933668,0.016431376527450987,0.9306018675435994,0.3660330096102873,0.13398016412436467,0.041478428781877505,0.08038641243713156,1.0,0.002777777777777778,0.006666666666666667,0.02497322925775717,0.012956670818120755,predictive_alpha,step_change,3,22002,0.0,1.0,1.0,0.03,0.01,0.04300287747276248,1.0,1.0,1.0,0.07127666559396874,0.2339181738150836,0.07863114860736434,1.4968099774733434,0.07286568427919335,0.07423392305700868,26.98368916008101,1.2849375790514765,0.020275458028613087,14.160590080670781,45.0,0.014336061945999127,0.050633652466694046,0.07863114860736434,real10kg_smc_steady,real10kg_mpc_event,-1.0,-1.0,predictive_alpha,1.0,0.19336994015532744,0.2031417688169821,0.1616914051276676,0.0,transformer,16,True,2.5,1.0,0.75,real_10kg_v1,thruster,real_10kg_x,1.0,0.012857142857142857,0.03190476190476191,0.020275458028613087,0.005312617795823956,0.008718655825614614,0.012500000000000011,0.000825415267538569,0.06693294664020426,0.07423392305700868,,
post_step_13_20p9s,13.0,20.9,790,0.07321630603151418,0.07201903500770782,0.013186586573442552,0.9836474811595791,0.1801045052418611,0.03243763280841557,0.07185501017586848,0.09228987621532496,0.8190117012994859,0.0,0.0,0.017922701035925248,0.002816056169404946,predictive_alpha,step_change,3,22002,0.0,1.0,1.0,0.03,0.01,0.04300287747276248,1.0,1.0,1.0,0.07127666559396874,0.2339181738150836,0.07863114860736434,1.4968099774733434,0.07286568427919335,0.07423392305700868,26.98368916008101,1.2849375790514765,0.020275458028613087,14.160590080670781,45.0,0.014336061945999127,0.050633652466694046,0.07863114860736434,real10kg_smc_steady,real10kg_mpc_event,-1.0,-1.0,predictive_alpha,1.0,0.19336994015532744,0.2031417688169821,0.1616914051276676,0.0,transformer,16,True,2.5,1.0,0.75,real_10kg_v1,thruster,real_10kg_x,1.0,0.012857142857142857,0.03190476190476191,0.020275458028613087,0.005312617795823956,0.008718655825614614,0.012500000000000011,0.000825415267538569,0.06693294664020426,0.07423392305700868,,
startup_0_3s,0.0,3.0,300,0.11809174248735944,0.1147316664248426,0.02796970437955076,0.9715469008099655,0.23684724935398968,0.05609661952655096,0.10406380803843927,0.211404490437919,0.8644223657248095,0.0,0.0,0.03552931840914214,0.004599388737988996,predictive_alpha,step_change,3,22003,0.0,1.0,1.0,0.03,0.01,0.04305816003004165,1.0,1.0,1.0,0.07022138565856327,0.211404490437919,0.07620891731289552,1.4746490988298289,0.07287965518676182,0.07424411064000246,26.932238055900616,1.282487526471458,0.02052582066384887,14.199131191779472,45.0,0.015312579488245822,0.05417266878254823,0.07620891731289552,real10kg_smc_steady,real10kg_mpc_event,-1.0,-1.0,predictive_alpha,1.0,0.1933508305188272,0.20333130906132854,0.16109409481367384,0.0,transformer,16,True,2.5,1.0,0.75,real_10kg_v1,thruster,real_10kg_x,1.0,0.012936507936507937,0.03190476190476191,0.02052582066384887,0.005327548434663873,0.008665903031028805,0.012500000000000011,0.0008111553941180388,0.0667194797920435,0.07424411064000246,,
pre_step_3_10s,3.0,10.0,700,0.0676706985018589,0.0672992257221943,0.00708079465333022,0.9945105815679677,0.10463605090666697,0.010948703149342601,0.0667798740768395,0.08926734862410285,1.0,0.03761904761904762,0.09285714285714286,0.01556072974487387,0.002120235963468401,predictive_alpha,step_change,3,22003,0.0,1.0,1.0,0.03,0.01,0.04305816003004165,1.0,1.0,1.0,0.07022138565856327,0.211404490437919,0.07620891731289552,1.4746490988298289,0.07287965518676182,0.07424411064000246,26.932238055900616,1.282487526471458,0.02052582066384887,14.199131191779472,45.0,0.015312579488245822,0.05417266878254823,0.07620891731289552,real10kg_smc_steady,real10kg_mpc_event,-1.0,-1.0,predictive_alpha,1.0,0.1933508305188272,0.20333130906132854,0.16109409481367384,0.0,transformer,16,True,2.5,1.0,0.75,real_10kg_v1,thruster,real_10kg_x,1.0,0.012936507936507937,0.03190476190476191,0.02052582066384887,0.005327548434663873,0.008665903031028805,0.012500000000000011,0.0008111553941180388,0.0667194797920435,0.07424411064000246,,
step_recovery_10_13s,10.0,13.0,300,0.04549701805991734,0.04234415256595006,0.016641856741841942,0.9307017112678657,0.36577906534281945,0.1337943246430666,0.04212306456058735,0.0801697810748978,1.0,0.002777777777777778,0.006666666666666667,0.02418044750236473,0.013001712426035324,predictive_alpha,step_change,3,22003,0.0,1.0,1.0,0.03,0.01,0.04305816003004165,1.0,1.0,1.0,0.07022138565856327,0.211404490437919,0.07620891731289552,1.4746490988298289,0.07287965518676182,0.07424411064000246,26.932238055900616,1.282487526471458,0.02052582066384887,14.199131191779472,45.0,0.015312579488245822,0.05417266878254823,0.07620891731289552,real10kg_smc_steady,real10kg_mpc_event,-1.0,-1.0,predictive_alpha,1.0,0.1933508305188272,0.20333130906132854,0.16109409481367384,0.0,transformer,16,True,2.5,1.0,0.75,real_10kg_v1,thruster,real_10kg_x,1.0,0.012936507936507937,0.03190476190476191,0.02052582066384887,0.005327548434663873,0.008665903031028805,0.012500000000000011,0.0008111553941180388,0.0667194797920435,0.07424411064000246,,
post_step_13_20p9s,13.0,20.9,790,0.0726243537908821,0.07141410816055896,0.013203102634426405,0.983335540116364,0.18179993273942271,0.033051215544058626,0.07141998178226311,0.09218974358149393,0.818962762883074,0.0,0.0,0.018026170585914356,0.0026717925442677542,predictive_alpha,step_change,3,22003,0.0,1.0,1.0,0.03,0.01,0.04305816003004165,1.0,1.0,1.0,0.07022138565856327,0.211404490437919,0.07620891731289552,1.4746490988298289,0.07287965518676182,0.07424411064000246,26.932238055900616,1.282487526471458,0.02052582066384887,14.199131191779472,45.0,0.015312579488245822,0.05417266878254823,0.07620891731289552,real10kg_smc_steady,real10kg_mpc_event,-1.0,-1.0,predictive_alpha,1.0,0.1933508305188272,0.20333130906132854,0.16109409481367384,0.0,transformer,16,True,2.5,1.0,0.75,real_10kg_v1,thruster,real_10kg_x,1.0,0.012936507936507937,0.03190476190476191,0.02052582066384887,0.005327548434663873,0.008665903031028805,0.012500000000000011,0.0008111553941180388,0.0667194797920435,0.07424411064000246,,
startup_0_3s,0.0,3.0,300,0.13428094637505592,0.1292168608823144,0.03652910378179628,0.9622873860406288,0.27203489972261574,0.07400298666709361,0.11765211681774486,0.23720902390476795,0.9319212624021825,0.0,0.0,0.039000820891399605,0.004925589035547884,predictive_alpha,step_change,3,22004,0.0,1.0,1.0,0.03,0.01,0.043246213596252685,1.0,1.0,1.0,0.0721843701758331,0.23720902390476795,0.07998147807364861,1.5158717736924952,0.07281032718163062,0.07417817731986917,27.053835185467705,1.2882778659746525,0.02099395909805918,14.171086143522505,45.0,0.017704178143649118,0.07617603244183303,0.07998147807364861,real10kg_smc_steady,real10kg_mpc_event,-1.0,-1.0,predictive_alpha,1.0,0.19450914256187152,0.20388739300466296,0.16301254481662042,0.0,transformer,16,True,2.5,1.0,0.75,real_10kg_v1,thruster,real_10kg_x,1.0,0.012936507936507937,0.03190476190476191,0.02099395909805918,0.005375761260031332,0.0086374763272766,0.012500000000000011,0.0007957388667126663,0.06676811275419091,0.07417817731986917,,
pre_step_3_10s,3.0,10.0,700,0.0678381351859964,0.06746196371001087,0.007134145912630339,0.9944548670898137,0.10516423974612758,0.011059517321381,0.06690499996209276,0.09032251278178326,1.0,0.03761904761904762,0.09285714285714286,0.015589725179881057,0.0021177113866688965,predictive_alpha,step_change,3,22004,0.0,1.0,1.0,0.03,0.01,0.043246213596252685,1.0,1.0,1.0,0.0721843701758331,0.23720902390476795,0.07998147807364861,1.5158717736924952,0.07281032718163062,0.07417817731986917,27.053835185467705,1.2882778659746525,0.02099395909805918,14.171086143522505,45.0,0.017704178143649118,0.07617603244183303,0.07998147807364861,real10kg_smc_steady,real10kg_mpc_event,-1.0,-1.0,predictive_alpha,1.0,0.19450914256187152,0.20388739300466296,0.16301254481662042,0.0,transformer,16,True,2.5,1.0,0.75,real_10kg_v1,thruster,real_10kg_x,1.0,0.012936507936507937,0.03190476190476191,0.02099395909805918,0.005375761260031332,0.0086374763272766,0.012500000000000011,0.0007957388667126663,0.06676811275419091,0.07417817731986917,,
step_recovery_10_13s,10.0,13.0,300,0.04550759572292242,0.042339903687733195,0.016681541421416198,0.9303920151159811,0.36656608982340977,0.13437069820842412,0.04214224596313006,0.08008494331896272,1.0,0.002777777777777778,0.006666666666666667,0.024444012221880425,0.013109549599212143,predictive_alpha,step_change,3,22004,0.0,1.0,1.0,0.03,0.01,0.043246213596252685,1.0,1.0,1.0,0.0721843701758331,0.23720902390476795,0.07998147807364861,1.5158717736924952,0.07281032718163062,0.07417817731986917,27.053835185467705,1.2882778659746525,0.02099395909805918,14.171086143522505,45.0,0.017704178143649118,0.07617603244183303,0.07998147807364861,real10kg_smc_steady,real10kg_mpc_event,-1.0,-1.0,predictive_alpha,1.0,0.19450914256187152,0.20388739300466296,0.16301254481662042,0.0,transformer,16,True,2.5,1.0,0.75,real_10kg_v1,thruster,real_10kg_x,1.0,0.012936507936507937,0.03190476190476191,0.02099395909805918,0.005375761260031332,0.0086374763272766,0.012500000000000011,0.0007957388667126663,0.06676811275419091,0.07417817731986917,,
post_step_13_20p9s,13.0,20.9,790,0.07258285771285351,0.07137700780983114,0.013175507196295844,0.9833865744471944,0.18152367668437264,0.032950845197012656,0.07135586351251191,0.091761648813696,0.8156884820996165,0.0,0.0,0.017821381733244247,0.002677816790043304,predictive_alpha,step_change,3,22004,0.0,1.0,1.0,0.03,0.01,0.043246213596252685,1.0,1.0,1.0,0.0721843701758331,0.23720902390476795,0.07998147807364861,1.5158717736924952,0.07281032718163062,0.07417817731986917,27.053835185467705,1.2882778659746525,0.02099395909805918,14.171086143522505,45.0,0.017704178143649118,0.07617603244183303,0.07998147807364861,real10kg_smc_steady,real10kg_mpc_event,-1.0,-1.0,predictive_alpha,1.0,0.19450914256187152,0.20388739300466296,0.16301254481662042,0.0,transformer,16,True,2.5,1.0,0.75,real_10kg_v1,thruster,real_10kg_x,1.0,0.012936507936507937,0.03190476190476191,0.02099395909805918,0.005375761260031332,0.0086374763272766,0.012500000000000011,0.0007957388667126663,0.06676811275419091,0.07417817731986917,,
startup_0_3s,0.0,3.0,300,0.10290100196026683,0.09793036292195731,0.0315952563275022,0.9516949403444211,0.3070451766806127,0.09427674052282867,0.09332961009070281,0.17772833687411574,0.8294282898556475,0.0,0.0,0.035950274525775795,0.00493272496832197,predictive_alpha,step_change,3,22005,0.0,1.0,1.0,0.03,0.01,0.043308320460236645,1.0,1.0,1.0,0.06867524931893719,0.17772833687411574,0.07298872312623217,1.442180235697681,0.07282208815759347,0.07419202761745809,26.921827060698053,1.2819917647951453,0.020551251021658216,14.207564188178358,45.0,0.01629163859900724,0.061770587757097935,0.07298872312623217,real10kg_smc_steady,real10kg_mpc_event,-1.0,-1.0,predictive_alpha,1.0,0.19299366441797947,0.20309483060226644,0.15836502154704205,0.0,transformer,16,True,2.5,1.0,0.75,real_10kg_v1,thruster,real_10kg_x,1.0,0.012936507936507937,0.03190476190476191,0.020551251021658216,0.0053742060498376066,0.008605402135921671,0.012500000000000011,0.0007937998602958337,0.06671189264386276,0.07419202761745809,,
pre_step_3_10s,3.0,10.0,700,0.06768469252275762,0.06731200522362958,0.007093063842537075,0.9944937727388992,0.10479568685566791,0.01098213598355121,0.06677551785352752,0.08960621413154073,1.0,0.03761904761904762,0.09285714285714286,0.015557430300254001,0.0021111983891562614,predictive_alpha,step_change,3,22005,0.0,1.0,1.0,0.03,0.01,0.043308320460236645,1.0,1.0,1.0,0.06867524931893719,0.17772833687411574,0.07298872312623217,1.442180235697681,0.07282208815759347,0.07419202761745809,26.921827060698053,1.2819917647951453,0.020551251021658216,14.207564188178358,45.0,0.01629163859900724,0.061770587757097935,0.07298872312623217,real10kg_smc_steady,real10kg_mpc_event,-1.0,-1.0,predictive_alpha,1.0,0.19299366441797947,0.20309483060226644,0.15836502154704205,0.0,transformer,16,True,2.5,1.0,0.75,real_10kg_v1,thruster,real_10kg_x,1.0,0.012936507936507937,0.03190476190476191,0.020551251021658216,0.0053742060498376066,0.008605402135921671,0.012500000000000011,0.0007937998602958337,0.06671189264386276,0.07419202761745809,,
step_recovery_10_13s,10.0,13.0,300,0.045523793952188016,0.04234477580292579,0.01671334131767856,0.9301679874792282,0.3671341921816089,0.13478751506884254,0.04217935282399658,0.08007940714144915,1.0,0.002777777777777778,0.006666666666666667,0.024291666028660164,0.013087491606471609,predictive_alpha,step_change,3,22005,0.0,1.0,1.0,0.03,0.01,0.043308320460236645,1.0,1.0,1.0,0.06867524931893719,0.17772833687411574,0.07298872312623217,1.442180235697681,0.07282208815759347,0.07419202761745809,26.921827060698053,1.2819917647951453,0.020551251021658216,14.207564188178358,45.0,0.01629163859900724,0.061770587757097935,0.07298872312623217,real10kg_smc_steady,real10kg_mpc_event,-1.0,-1.0,predictive_alpha,1.0,0.19299366441797947,0.20309483060226644,0.15836502154704205,0.0,transformer,16,True,2.5,1.0,0.75,real_10kg_v1,thruster,real_10kg_x,1.0,0.012936507936507937,0.03190476190476191,0.020551251021658216,0.0053742060498376066,0.008605402135921671,0.012500000000000011,0.0007937998602958337,0.06671189264386276,0.07419202761745809,,
post_step_13_20p9s,13.0,20.9,790,0.0725878607768353,0.07138223097483241,0.013174772605737833,0.9833907517166062,0.18150104528142053,0.03294262943824827,0.07136438564560808,0.09193296962820023,0.8156302728056193,0.0,0.0,0.017881274691515917,0.0026814273308602677,predictive_alpha,step_change,3,22005,0.0,1.0,1.0,0.03,0.01,0.043308320460236645,1.0,1.0,1.0,0.06867524931893719,0.17772833687411574,0.07298872312623217,1.442180235697681,0.07282208815759347,0.07419202761745809,26.921827060698053,1.2819917647951453,0.020551251021658216,14.207564188178358,45.0,0.01629163859900724,0.061770587757097935,0.07298872312623217,real10kg_smc_steady,real10kg_mpc_event,-1.0,-1.0,predictive_alpha,1.0,0.19299366441797947,0.20309483060226644,0.15836502154704205,0.0,transformer,16,True,2.5,1.0,0.75,real_10kg_v1,thruster,real_10kg_x,1.0,0.012936507936507937,0.03190476190476191,0.020551251021658216,0.0053742060498376066,0.008605402135921671,0.012500000000000011,0.0007937998602958337,0.06671189264386276,0.07419202761745809,,
startup_0_3s,0.0,3.0,300,0.12434599400510787,0.1213912658950983,0.026945997652784458,0.9762378504136756,0.21670177530349366,0.046959659419685856,0.1088176536894471,0.22393928547528374,0.8635971572323887,0.0,0.0,0.03469784922173213,0.004489678328835647,predictive_alpha,step_change,3,22006,0.0,1.0,1.0,0.03,0.01,0.04294389030845881,1.0,1.0,1.0,0.07098187898548636,0.22393928547528374,0.07777485565808512,1.4906194586952135,0.07286944221404161,0.07424127491235703,26.93378931064216,1.2825613957448647,0.02045787737551948,14.175932820671324,45.0,0.01502167783410139,0.054120405449103515,0.07777485565808512,real10kg_smc_steady,real10kg_mpc_event,-1.0,-1.0,predictive_alpha,1.0,0.19278495883112565,0.20287299839795445,0.16105065996814075,0.0,transformer,16,True,2.5,1.0,0.75,real_10kg_v1,thruster,real_10kg_x,1.0,0.012936507936507937,0.03190476190476191,0.02045787737551948,0.005342341464347598,0.008695477582904903,0.012500000000000011,0.0008395605093765809,0.0669335130102172,0.07424127491235703,,
pre_step_3_10s,3.0,10.0,700,0.06762494899613804,0.06725380249872458,0.007075293364435072,0.9945116927565497,0.10462548910519891,0.010946492970502097,0.06674333710556087,0.08934979687920197,1.0,0.03761904761904762,0.09285714285714286,0.01560996025426806,0.0021128445107643614,predictive_alpha,step_change,3,22006,0.0,1.0,1.0,0.03,0.01,0.04294389030845881,1.0,1.0,1.0,0.07098187898548636,0.22393928547528374,0.07777485565808512,1.4906194586952135,0.07286944221404161,0.07424127491235703,26.93378931064216,1.2825613957448647,0.02045787737551948,14.175932820671324,45.0,0.01502167783410139,0.054120405449103515,0.07777485565808512,real10kg_smc_steady,real10kg_mpc_event,-1.0,-1.0,predictive_alpha,1.0,0.19278495883112565,0.20287299839795445,0.16105065996814075,0.0,transformer,16,True,2.5,1.0,0.75,real_10kg_v1,thruster,real_10kg_x,1.0,0.012936507936507937,0.03190476190476191,0.02045787737551948,0.005342341464347598,0.008695477582904903,0.012500000000000011,0.0008395605093765809,0.0669335130102172,0.07424127491235703,,
step_recovery_10_13s,10.0,13.0,300,0.04495449590242642,0.04181290689283072,0.016510224680868,0.9301162442925729,0.36726526122555986,0.13488377210307873,0.04156705459400862,0.08024087944899785,1.0,0.002777777777777778,0.006666666666666667,0.024863533474964214,0.012972048175192426,predictive_alpha,step_change,3,22006,0.0,1.0,1.0,0.03,0.01,0.04294389030845881,1.0,1.0,1.0,0.07098187898548636,0.22393928547528374,0.07777485565808512,1.4906194586952135,0.07286944221404161,0.07424127491235703,26.93378931064216,1.2825613957448647,0.02045787737551948,14.175932820671324,45.0,0.01502167783410139,0.054120405449103515,0.07777485565808512,real10kg_smc_steady,real10kg_mpc_event,-1.0,-1.0,predictive_alpha,1.0,0.19278495883112565,0.20287299839795445,0.16105065996814075,0.0,transformer,16,True,2.5,1.0,0.75,real_10kg_v1,thruster,real_10kg_x,1.0,0.012936507936507937,0.03190476190476191,0.02045787737551948,0.005342341464347598,0.008695477582904903,0.012500000000000011,0.0008395605093765809,0.0669335130102172,0.07424127491235703,,
post_step_13_20p9s,13.0,20.9,790,0.07323755930899123,0.07204044780113586,0.013187644753701365,0.9836544046640778,0.18006668816013294,0.032424012184958564,0.07188145282749313,0.09231320236639702,0.819108772705679,0.0,0.0,0.01790873140368369,0.002823224165838787,predictive_alpha,step_change,3,22006,0.0,1.0,1.0,0.03,0.01,0.04294389030845881,1.0,1.0,1.0,0.07098187898548636,0.22393928547528374,0.07777485565808512,1.4906194586952135,0.07286944221404161,0.07424127491235703,26.93378931064216,1.2825613957448647,0.02045787737551948,14.175932820671324,45.0,0.01502167783410139,0.054120405449103515,0.07777485565808512,real10kg_smc_steady,real10kg_mpc_event,-1.0,-1.0,predictive_alpha,1.0,0.19278495883112565,0.20287299839795445,0.16105065996814075,0.0,transformer,16,True,2.5,1.0,0.75,real_10kg_v1,thruster,real_10kg_x,1.0,0.012936507936507937,0.03190476190476191,0.02045787737551948,0.005342341464347598,0.008695477582904903,0.012500000000000011,0.0008395605093765809,0.0669335130102172,0.07424127491235703,,
startup_0_3s,0.0,3.0,300,0.10866960072490046,0.10493864998908826,0.028230512927981198,0.9656670245319371,0.2597829819900358,0.06748719773163527,0.09694905285878744,0.19268312581561045,0.8441143592390558,0.0,0.0,0.03528906634160074,0.004591632201902005,predictive_alpha,step_change,3,22007,0.0,1.0,1.0,0.03,0.01,0.04306175575640426,1.0,1.0,1.0,0.06920293673456843,0.19268312581561045,0.07417573299482935,1.453261671425937,0.07288491082756395,0.07424823169030936,26.918005727220834,1.2818097965343254,0.020489219596025884,14.20539313097545,45.0,0.01538529896722753,0.05285470207214649,0.07417573299482935,real10kg_smc_steady,real10kg_mpc_event,-1.0,-1.0,predictive_alpha,1.0,0.19301157593279855,0.20322133042084584,0.159820911162422,0.0,transformer,16,True,2.5,1.0,0.75,real_10kg_v1,thruster,real_10kg_x,1.0,0.012936507936507937,0.03190476190476191,0.020489219596025884,0.005329763060944466,0.008659013003951915,0.012500000000000011,0.0008062423023948546,0.06671480774602219,0.07424823169030936,,
pre_step_3_10s,3.0,10.0,700,0.06768096430772601,0.06730971223485496,0.007079235021151569,0.9945146751872053,0.10459713589428646,0.01094056083728783,0.06678616031339753,0.0892973264652683,1.0,0.03761904761904762,0.09285714285714286,0.015550861762423282,0.0021156689853253662,predictive_alpha,step_change,3,22007,0.0,1.0,1.0,0.03,0.01,0.04306175575640426,1.0,1.0,1.0,0.06920293673456843,0.19268312581561045,0.07417573299482935,1.453261671425937,0.07288491082756395,0.07424823169030936,26.918005727220834,1.2818097965343254,0.020489219596025884,14.20539313097545,45.0,0.01538529896722753,0.05285470207214649,0.07417573299482935,real10kg_smc_steady,real10kg_mpc_event,-1.0,-1.0,predictive_alpha,1.0,0.19301157593279855,0.20322133042084584,0.159820911162422,0.0,transformer,16,True,2.5,1.0,0.75,real_10kg_v1,thruster,real_10kg_x,1.0,0.012936507936507937,0.03190476190476191,0.020489219596025884,0.005329763060944466,0.008659013003951915,0.012500000000000011,0.0008062423023948546,0.06671480774602219,0.07424823169030936,,
step_recovery_10_13s,10.0,13.0,300,0.045495794798536014,0.042328588133659084,0.01667806856208331,0.9303846283178057,0.36658483791605256,0.13438444338993852,0.04213590426305811,0.08011868536584175,1.0,0.002777777777777778,0.006666666666666667,0.024138750791625273,0.01298050497709674,predictive_alpha,step_change,3,22007,0.0,1.0,1.0,0.03,0.01,0.04306175575640426,1.0,1.0,1.0,0.06920293673456843,0.19268312581561045,0.07417573299482935,1.453261671425937,0.07288491082756395,0.07424823169030936,26.918005727220834,1.2818097965343254,0.020489219596025884,14.20539313097545,45.0,0.01538529896722753,0.05285470207214649,0.07417573299482935,real10kg_smc_steady,real10kg_mpc_event,-1.0,-1.0,predictive_alpha,1.0,0.19301157593279855,0.20322133042084584,0.159820911162422,0.0,transformer,16,True,2.5,1.0,0.75,real_10kg_v1,thruster,real_10kg_x,1.0,0.012936507936507937,0.03190476190476191,0.020489219596025884,0.005329763060944466,0.008659013003951915,0.012500000000000011,0.0008062423023948546,0.06671480774602219,0.07424823169030936,,
post_step_13_20p9s,13.0,20.9,790,0.07260644054061141,0.07139670570993066,0.013198697729203967,0.9833384638928264,0.18178411764754474,0.033045465428896394,0.07140415949517609,0.09218483389298883,0.8187938812311244,0.0,0.0,0.018052692143549653,0.0026877555136706876,predictive_alpha,step_change,3,22007,0.0,1.0,1.0,0.03,0.01,0.04306175575640426,1.0,1.0,1.0,0.06920293673456843,0.19268312581561045,0.07417573299482935,1.453261671425937,0.07288491082756395,0.07424823169030936,26.918005727220834,1.2818097965343254,0.020489219596025884,14.20539313097545,45.0,0.01538529896722753,0.05285470207214649,0.07417573299482935,real10kg_smc_steady,real10kg_mpc_event,-1.0,-1.0,predictive_alpha,1.0,0.19301157593279855,0.20322133042084584,0.159820911162422,0.0,transformer,16,True,2.5,1.0,0.75,real_10kg_v1,thruster,real_10kg_x,1.0,0.012936507936507937,0.03190476190476191,0.020489219596025884,0.005329763060944466,0.008659013003951915,0.012500000000000011,0.0008062423023948546,0.06671480774602219,0.07424823169030936,,
startup_0_3s,0.0,3.0,300,0.10956299503445945,0.10703823446903724,0.023385171427047387,0.9769560829856091,0.21344041772217298,0.04555681191741569,0.09655793907614853,0.1978101819648135,0.8753835254830461,0.0,0.0,0.03312875456601058,0.004289919220914984,predictive_alpha,step_change,3,22008,0.0,1.0,1.0,0.03,0.01,0.04367913599983768,1.0,1.0,1.0,0.0692564866672075,0.1978101819648135,0.0745214750619925,1.4543862200113578,0.07285951951904202,0.07423023881510055,26.954434750734812,1.283544511939753,0.020111229369032636,14.14483168905982,45.0,0.014138663040609088,0.048438441955928224,0.0745214750619925,real10kg_smc_steady,real10kg_mpc_event,-1.0,-1.0,predictive_alpha,1.0,0.19232918211674324,0.2028073233889154,0.15953705142038718,0.0,transformer,16,True,2.5,1.0,0.75,real_10kg_v1,thruster,real_10kg_x,1.0,0.012936507936507937,0.03190476190476191,0.020111229369032636,0.005297966633796115,0.008618209657473393,0.012500000000000011,0.0008393602502454425,0.06692047748009722,0.07423023881510055,,
pre_step_3_10s,3.0,10.0,700,0.06768687721125657,0.06732296114383528,0.0070094400230953854,0.9946235358696563,0.10355685343878872,0.010724021894142769,0.06680366680786043,0.08923057119633969,1.0,0.03761904761904762,0.09285714285714286,0.015526387498579148,0.002106462041283988,predictive_alpha,step_change,3,22008,0.0,1.0,1.0,0.03,0.01,0.04367913599983768,1.0,1.0,1.0,0.0692564866672075,0.1978101819648135,0.0745214750619925,1.4543862200113578,0.07285951951904202,0.07423023881510055,26.954434750734812,1.283544511939753,0.020111229369032636,14.14483168905982,45.0,0.014138663040609088,0.048438441955928224,0.0745214750619925,real10kg_smc_steady,real10kg_mpc_event,-1.0,-1.0,predictive_alpha,1.0,0.19232918211674324,0.2028073233889154,0.15953705142038718,0.0,transformer,16,True,2.5,1.0,0.75,real_10kg_v1,thruster,real_10kg_x,1.0,0.012936507936507937,0.03190476190476191,0.020111229369032636,0.005297966633796115,0.008618209657473393,0.012500000000000011,0.0008393602502454425,0.06692047748009722,0.07423023881510055,,
step_recovery_10_13s,10.0,13.0,300,0.04511239913526829,0.041960996479212545,0.016565123911739005,0.9301433149984698,0.3671966960140811,0.1348334135636575,0.04175721544639793,0.0802546755704074,1.0,0.002777777777777778,0.006666666666666667,0.024483119761950667,0.01287770713577564,predictive_alpha,step_change,3,22008,0.0,1.0,1.0,0.03,0.01,0.04367913599983768,1.0,1.0,1.0,0.0692564866672075,0.1978101819648135,0.0745214750619925,1.4543862200113578,0.07285951951904202,0.07423023881510055,26.954434750734812,1.283544511939753,0.020111229369032636,14.14483168905982,45.0,0.014138663040609088,0.048438441955928224,0.0745214750619925,real10kg_smc_steady,real10kg_mpc_event,-1.0,-1.0,predictive_alpha,1.0,0.19232918211674324,0.2028073233889154,0.15953705142038718,0.0,transformer,16,True,2.5,1.0,0.75,real_10kg_v1,thruster,real_10kg_x,1.0,0.012936507936507937,0.03190476190476191,0.020111229369032636,0.005297966633796115,0.008618209657473393,0.012500000000000011,0.0008393602502454425,0.06692047748009722,0.07423023881510055,,
post_step_13_20p9s,13.0,20.9,790,0.07311661331629239,0.0719218930258485,0.013163603094237926,0.983660070724615,0.18003573329215883,0.03241286526204534,0.07181475614875345,0.09225281453225195,0.8184842532845591,0.0,0.0,0.017786592015253504,0.0028140149531453197,predictive_alpha,step_change,3,22008,0.0,1.0,1.0,0.03,0.01,0.04367913599983768,1.0,1.0,1.0,0.0692564866672075,0.1978101819648135,0.0745214750619925,1.4543862200113578,0.07285951951904202,0.07423023881510055,26.954434750734812,1.283544511939753,0.020111229369032636,14.14483168905982,45.0,0.014138663040609088,0.048438441955928224,0.0745214750619925,real10kg_smc_steady,real10kg_mpc_event,-1.0,-1.0,predictive_alpha,1.0,0.19232918211674324,0.2028073233889154,0.15953705142038718,0.0,transformer,16,True,2.5,1.0,0.75,real_10kg_v1,thruster,real_10kg_x,1.0,0.012936507936507937,0.03190476190476191,0.020111229369032636,0.005297966633796115,0.008618209657473393,0.012500000000000011,0.0008393602502454425,0.06692047748009722,0.07423023881510055,,
startup_0_3s,0.0,3.0,300,0.1306783258701349,0.1283410474058483,0.024604885754478948,0.9821142607335718,0.18828589661403158,0.03545157886374979,0.11317716589179108,0.23862673909663287,0.9475104826744223,0.0,0.0,0.03451372269279647,0.0043831154700794735,predictive_alpha,step_change,3,22009,0.0,1.0,1.0,0.03,0.01,0.04303237394691107,1.0,1.0,1.0,0.07162471065247855,0.23862673909663287,0.07927218051469492,1.5041189237020496,0.07284495621283858,0.07421350373354892,27.03396593906755,1.287331711384169,0.020405553325721564,14.146042162352373,45.0,0.014413754810611742,0.052102970338232024,0.07927218051469492,real10kg_smc_steady,real10kg_mpc_event,-1.0,-1.0,predictive_alpha,1.0,0.19407338123063456,0.20376119325375203,0.16272426436580384,0.0,transformer,16,True,2.5,1.0,0.75,real_10kg_v1,thruster,real_10kg_x,1.0,0.012857142857142857,0.03190476190476191,0.020405553325721564,0.005321276993641408,0.00872224007130275,0.012500000000000011,0.0008235550058246077,0.06697228950924337,0.07421350373354892,,
pre_step_3_10s,3.0,10.0,700,0.06776660891751131,0.06740174908622261,0.007022642258923132,0.9946159349402768,0.10362983143322725,0.010739141962879097,0.06687137034600012,0.08932576327246201,1.0,0.03738095238095238,0.09285714285714286,0.015492534176932443,0.0021007355773147505,predictive_alpha,step_change,3,22009,0.0,1.0,1.0,0.03,0.01,0.04303237394691107,1.0,1.0,1.0,0.07162471065247855,0.23862673909663287,0.07927218051469492,1.5041189237020496,0.07284495621283858,0.07421350373354892,27.03396593906755,1.287331711384169,0.020405553325721564,14.146042162352373,45.0,0.014413754810611742,0.052102970338232024,0.07927218051469492,real10kg_smc_steady,real10kg_mpc_event,-1.0,-1.0,predictive_alpha,1.0,0.19407338123063456,0.20376119325375203,0.16272426436580384,0.0,transformer,16,True,2.5,1.0,0.75,real_10kg_v1,thruster,real_10kg_x,1.0,0.012857142857142857,0.03190476190476191,0.020405553325721564,0.005321276993641408,0.00872224007130275,0.012500000000000011,0.0008235550058246077,0.06697228950924337,0.07421350373354892,,
step_recovery_10_13s,10.0,13.0,300,0.044878837143927666,0.041763419651459924,0.016429449242358455,0.9305815905506528,0.36608455762052744,0.13401790332821728,0.041464713902931584,0.08037746847623677,1.0,0.002777777777777778,0.006666666666666667,0.02497313274652318,0.012953669095620676,predictive_alpha,step_change,3,22009,0.0,1.0,1.0,0.03,0.01,0.04303237394691107,1.0,1.0,1.0,0.07162471065247855,0.23862673909663287,0.07927218051469492,1.5041189237020496,0.07284495621283858,0.07421350373354892,27.03396593906755,1.287331711384169,0.020405553325721564,14.146042162352373,45.0,0.014413754810611742,0.052102970338232024,0.07927218051469492,real10kg_smc_steady,real10kg_mpc_event,-1.0,-1.0,predictive_alpha,1.0,0.19407338123063456,0.20376119325375203,0.16272426436580384,0.0,transformer,16,True,2.5,1.0,0.75,real_10kg_v1,thruster,real_10kg_x,1.0,0.012857142857142857,0.03190476190476191,0.020405553325721564,0.005321276993641408,0.00872224007130275,0.012500000000000011,0.0008235550058246077,0.06697228950924337,0.07421350373354892,,
post_step_13_20p9s,13.0,20.9,790,0.07321916158500986,0.07202201833097163,0.01318614798737564,0.9836498639410353,0.1800914911060008,0.03243294516878277,0.07185888391354739,0.0922908400401747,0.8188029919792302,0.0,0.0,0.017894901082664005,0.002815669218946164,predictive_alpha,step_change,3,22009,0.0,1.0,1.0,0.03,0.01,0.04303237394691107,1.0,1.0,1.0,0.07162471065247855,0.23862673909663287,0.07927218051469492,1.5041189237020496,0.07284495621283858,0.07421350373354892,27.03396593906755,1.287331711384169,0.020405553325721564,14.146042162352373,45.0,0.014413754810611742,0.052102970338232024,0.07927218051469492,real10kg_smc_steady,real10kg_mpc_event,-1.0,-1.0,predictive_alpha,1.0,0.19407338123063456,0.20376119325375203,0.16272426436580384,0.0,transformer,16,True,2.5,1.0,0.75,real_10kg_v1,thruster,real_10kg_x,1.0,0.012857142857142857,0.03190476190476191,0.020405553325721564,0.005321276993641408,0.00872224007130275,0.012500000000000011,0.0008235550058246077,0.06697228950924337,0.07421350373354892,,
