window,window_start_s,window_end_s,n_steps,rmse_3d,xy_rmse,z_rmse,xy_share,z_share,z_energy_share,mean_error,max_error,window_action_peak_abs,window_action_saturation_fraction,window_action_saturation_step_fraction,window_action_tv_mean,window_action_jerk_mean,controller,scenario,scenario_id,seed,start_time,mass_scale_xy,damping_scale_xy,initial_position_std,initial_velocity_std,final_error,success_0.5m,success_1.0m,success_2.0m,episode_mean_error,episode_max_error,rmse,iae,steady_state_error,steady_state_rmse,energy,mean_thrust,control_tv,heading_rmse_deg,heading_max_deg,episode_z_rmse,z_max_abs_error,episode_rmse_3d,base_controller,trajectory3d,current_amplitude_scale,current_frequency_scale,vertical_current,vehicle_profile,action_mode,thruster_layout,action_peak_abs,action_saturation_fraction,action_saturation_step_fraction,action_tv_mean,action_jerk_mean,post_startup_rmse,tail_rmse,disturbance_window_rmse,disturbance_recovery_time_s,train_seed,eval_episode,episode_uid
startup_0_3s,0.0,3.0,300,0.2343273314533953,0.2318697584454194,0.0338483882117339,0.9895122221008834,0.1444491686129491,0.0208655623129721,0.2246213256330953,0.3162645072393694,0.9249762086527904,0.0,0.0,0.0260887821666604,0.0008671579182381,real10kg_smc_steady,constant,1,20000,0.0,1.0,1.0,0.03,0.01,0.0422361022213601,1.0,1.0,1.0,0.1346564702034891,0.3162645072393694,0.1473332530881828,2.8277858742732724,0.1197223484766375,0.1284718409061104,29.078029545919787,1.384668073615228,0.0096292042382641,7.196000509589077,45.0,0.0209647820797559,0.0630501943715194,0.1473332530881828,real10kg_smc_steady,True,2.5,1.0,0.75,real_10kg_v1,thruster,real_10kg_x,1.0,0.0387301587301587,0.1176190476190476,0.0096292042382641,0.0002480843774164,0.1271746266574406,0.1284718409061104,,,20,0,train20_eval0_scn1
pre_step_3_10s,3.0,10.0,700,0.1241157417764044,0.1236757424746639,0.0104416512127019,0.9964549275100558,0.0841283391071592,0.0070775774409291,0.1166354704064076,0.2146962121593398,1.0,0.0269047619047619,0.0828571428571428,0.006531033584026,0.0001171658777966,real10kg_smc_steady,constant,1,20000,0.0,1.0,1.0,0.03,0.01,0.0422361022213601,1.0,1.0,1.0,0.1346564702034891,0.3162645072393694,0.1473332530881828,2.8277858742732724,0.1197223484766375,0.1284718409061104,29.078029545919787,1.384668073615228,0.0096292042382641,7.196000509589077,45.0,0.0209647820797559,0.0630501943715194,0.1473332530881828,real10kg_smc_steady,True,2.5,1.0,0.75,real_10kg_v1,thruster,real_10kg_x,1.0,0.0387301587301587,0.1176190476190476,0.0096292042382641,0.0002480843774164,0.1271746266574406,0.1284718409061104,,,20,0,train20_eval0_scn1
step_recovery_10_13s,10.0,13.0,300,0.1388375785507089,0.1367348982259865,0.0240715771181152,0.9848551066168704,0.1733794075738896,0.0300604189706729,0.1335142762174218,0.1921643193821535,1.0,0.2083333333333333,0.63,0.0117238271953805,0.0003704918069996,real10kg_smc_steady,constant,1,20000,0.0,1.0,1.0,0.03,0.01,0.0422361022213601,1.0,1.0,1.0,0.1346564702034891,0.3162645072393694,0.1473332530881828,2.8277858742732724,0.1197223484766375,0.1284718409061104,29.078029545919787,1.384668073615228,0.0096292042382641,7.196000509589077,45.0,0.0209647820797559,0.0630501943715194,0.1473332530881828,real10kg_smc_steady,True,2.5,1.0,0.75,real_10kg_v1,thruster,real_10kg_x,1.0,0.0387301587301587,0.1176190476190476,0.0096292042382641,0.0002480843774164,0.1271746266574406,0.1284718409061104,,,20,0,train20_eval0_scn1
post_step_13_20p9s,13.0,20.9,790,0.1259256968088276,0.1242813847978005,0.0202834540828186,0.9869422043895985,0.1610747813737467,0.0259450851946003,0.1180503849833489,0.1923893261908018,0.6088610684342478,0.0,0.0,0.0054393662232499,8.539765632801744e-05,real10kg_smc_steady,constant,1,20000,0.0,1.0,1.0,0.03,0.01,0.0422361022213601,1.0,1.0,1.0,0.1346564702034891,0.3162645072393694,0.1473332530881828,2.8277858742732724,0.1197223484766375,0.1284718409061104,29.078029545919787,1.384668073615228,0.0096292042382641,7.196000509589077,45.0,0.0209647820797559,0.0630501943715194,0.1473332530881828,real10kg_smc_steady,True,2.5,1.0,0.75,real_10kg_v1,thruster,real_10kg_x,1.0,0.0387301587301587,0.1176190476190476,0.0096292042382641,0.0002480843774164,0.1271746266574406,0.1284718409061104,,,20,0,train20_eval0_scn1
startup_0_3s,0.0,3.0,300,0.2354191555481915,0.2328117853184328,0.0349406842501333,0.9889245621339215,0.1484190365425926,0.0220282104082314,0.2258569332845348,0.3194412411095605,0.8936831471535702,0.0,0.0,0.0265155885564945,0.0008994275394097,real10kg_smc_steady,constant,1,20001,0.0,1.0,1.0,0.03,0.01,0.0422381459659359,1.0,1.0,1.0,0.1348049905071164,0.3194412411095605,0.1475448739598201,2.830904800649445,0.1197162711527812,0.1284698268053001,29.00369972912501,1.3811285585297626,0.0097051479946885,7.206400313881917,45.0,0.0212292292923014,0.0650861930434014,0.1475448739598201,real10kg_smc_steady,True,2.5,1.0,0.75,real_10kg_v1,thruster,real_10kg_x,1.0,0.0387301587301587,0.1176190476190476,0.0097051479946885,0.000253700589833,0.1271247746793879,0.1284698268053001,,,20,1,train20_eval1_scn1
pre_step_3_10s,3.0,10.0,700,0.1239754382950458,0.1235285897658592,0.0105165018379107,0.9963956688894846,0.0848273011375267,0.0071956710182766,0.1165451725683417,0.2133466170070593,1.0,0.0269047619047619,0.0828571428571428,0.0065592864323433,0.0001190322398766,real10kg_smc_steady,constant,1,20001,0.0,1.0,1.0,0.03,0.01,0.0422381459659359,1.0,1.0,1.0,0.1348049905071164,0.3194412411095605,0.1475448739598201,2.830904800649445,0.1197162711527812,0.1284698268053001,29.00369972912501,1.3811285585297626,0.0097051479946885,7.206400313881917,45.0,0.0212292292923014,0.0650861930434014,0.1475448739598201,real10kg_smc_steady,True,2.5,1.0,0.75,real_10kg_v1,thruster,real_10kg_x,1.0,0.0387301587301587,0.1176190476190476,0.0097051479946885,0.000253700589833,0.1271247746793879,0.1284698268053001,,,20,1,train20_eval1_scn1
step_recovery_10_13s,10.0,13.0,300,0.1388490224198798,0.1367465866031088,0.0240711877429164,0.9848581158143616,0.1733623134207246,0.0300544917145855,0.1335293926939545,0.1921472854448481,1.0,0.2083333333333333,0.63,0.0117463032826262,0.0003725477351158,real10kg_smc_steady,constant,1,20001,0.0,1.0,1.0,0.03,0.01,0.0422381459659359,1.0,1.0,1.0,0.1348049905071164,0.3194412411095605,0.1475448739598201,2.830904800649445,0.1197162711527812,0.1284698268053001,29.00369972912501,1.3811285585297626,0.0097051479946885,7.206400313881917,45.0,0.0212292292923014,0.0650861930434014,0.1475448739598201,real10kg_smc_steady,True,2.5,1.0,0.75,real_10kg_v1,thruster,real_10kg_x,1.0,0.0387301587301587,0.1176190476190476,0.0097051479946885,0.000253700589833,0.1271247746793879,0.1284698268053001,,,20,1,train20_eval1_scn1
post_step_13_20p9s,13.0,20.9,790,0.1259288513010093,0.1242854332525215,0.0202782314619574,0.9869496304340976,0.1610292736926991,0.0259304269859982,0.118050737221665,0.1923920332534929,0.6090507228503965,0.0,0.0,0.0054442949445036,8.574421588770821e-05,real10kg_smc_steady,constant,1,20001,0.0,1.0,1.0,0.03,0.01,0.0422381459659359,1.0,1.0,1.0,0.1348049905071164,0.3194412411095605,0.1475448739598201,2.830904800649445,0.1197162711527812,0.1284698268053001,29.00369972912501,1.3811285585297626,0.0097051479946885,7.206400313881917,45.0,0.0212292292923014,0.0650861930434014,0.1475448739598201,real10kg_smc_steady,True,2.5,1.0,0.75,real_10kg_v1,thruster,real_10kg_x,1.0,0.0387301587301587,0.1176190476190476,0.0097051479946885,0.000253700589833,0.1271247746793879,0.1284698268053001,,,20,1,train20_eval1_scn1
startup_0_3s,0.0,3.0,300,0.2320256067849029,0.2295460808387409,0.0338301489130122,0.9893135676681558,0.1458035144559459,0.0212586648277052,0.2222191387923716,0.3132651795746762,0.9151100399126592,0.0,0.0,0.0255768475480651,0.0008449471955232,real10kg_smc_steady,constant,1,20002,0.0,1.0,1.0,0.03,0.01,0.042244675244405,1.0,1.0,1.0,0.1343494842730602,0.3132651795746762,0.146854443224437,2.821339169734265,0.1197219428719318,0.1284714150468907,29.06331486720762,1.3839673746289345,0.0095514592788778,7.190031498623186,45.0,0.0209543828442201,0.0617262052461905,0.146854443224437,real10kg_smc_steady,True,2.5,1.0,0.75,real_10kg_v1,thruster,real_10kg_x,1.0,0.0387301587301587,0.1176190476190476,0.0095514592788778,0.0002445384289505,0.1272318816566911,0.1284714150468907,,,20,2,train20_eval2_scn1
pre_step_3_10s,3.0,10.0,700,0.124271644217846,0.1238345469164402,0.010413767166922,0.9964827269796194,0.0837984178326866,0.0070221748312615,0.1167493635208626,0.2154276129615552,1.0,0.0269047619047619,0.0828571428571428,0.0065235108893395,0.0001164639224209,real10kg_smc_steady,constant,1,20002,0.0,1.0,1.0,0.03,0.01,0.042244675244405,1.0,1.0,1.0,0.1343494842730602,0.3132651795746762,0.146854443224437,2.821339169734265,0.1197219428719318,0.1284714150468907,29.06331486720762,1.3839673746289345,0.0095514592788778,7.190031498623186,45.0,0.0209543828442201,0.0617262052461905,0.146854443224437,real10kg_smc_steady,True,2.5,1.0,0.75,real_10kg_v1,thruster,real_10kg_x,1.0,0.0387301587301587,0.1176190476190476,0.0095514592788778,0.0002445384289505,0.1272318816566911,0.1284714150468907,,,20,2,train20_eval2_scn1
step_recovery_10_13s,10.0,13.0,300,0.138831051939554,0.1367294619038901,0.024064813112007,0.9848622479891674,0.1733388372111786,0.0300463524857235,0.1335061854313756,0.1921436474936514,1.0,0.2083333333333333,0.63,0.0117130260716084,0.0003698179669523,real10kg_smc_steady,constant,1,20002,0.0,1.0,1.0,0.03,0.01,0.042244675244405,1.0,1.0,1.0,0.1343494842730602,0.3132651795746762,0.146854443224437,2.821339169734265,0.1197219428719318,0.1284714150468907,29.06331486720762,1.3839673746289345,0.0095514592788778,7.190031498623186,45.0,0.0209543828442201,0.0617262052461905,0.146854443224437,real10kg_smc_steady,True,2.5,1.0,0.75,real_10kg_v1,thruster,real_10kg_x,1.0,0.0387301587301587,0.1176190476190476,0.0095514592788778,0.0002445384289505,0.1272318816566911,0.1284714150468907,,,20,2,train20_eval2_scn1
post_step_13_20p9s,13.0,20.9,790,0.1259239359437465,0.1242798374591421,0.0202820029753959,0.9869437174729132,0.1610655100906032,0.0259420985407462,0.1180486365672321,0.1923892631343298,0.6088252343507955,0.0,0.0,0.0054373456567832,8.525326297132463e-05,real10kg_smc_steady,constant,1,20002,0.0,1.0,1.0,0.03,0.01,0.042244675244405,1.0,1.0,1.0,0.1343494842730602,0.3132651795746762,0.146854443224437,2.821339169734265,0.1197219428719318,0.1284714150468907,29.06331486720762,1.3839673746289345,0.0095514592788778,7.190031498623186,45.0,0.0209543828442201,0.0617262052461905,0.146854443224437,real10kg_smc_steady,True,2.5,1.0,0.75,real_10kg_v1,thruster,real_10kg_x,1.0,0.0387301587301587,0.1176190476190476,0.0095514592788778,0.0002445384289505,0.1272318816566911,0.1284714150468907,,,20,2,train20_eval2_scn1
startup_0_3s,0.0,3.0,300,0.2426638212243712,0.2392475811118873,0.0405749314641992,0.9859219223729064,0.167206348517371,0.0279579629845125,0.2337129414999162,0.3290514231084456,0.918131855333834,0.0,0.0,0.0283111802775109,0.0009726274950733,real10kg_smc_steady,constant,1,20003,0.0,1.0,1.0,0.03,0.01,0.0422226832218084,1.0,1.0,1.0,0.135801842940544,0.3290514231084456,0.1490698666259862,2.851838701751425,0.1197163516203458,0.1284704041702981,29.04799255241385,1.3832377405911358,0.0099719793020501,7.225517639997898,45.0,0.0226316884995323,0.0694562617245383,0.1490698666259862,real10kg_smc_steady,True,2.5,1.0,0.75,real_10kg_v1,thruster,real_10kg_x,1.0,0.0387301587301587,0.1176190476190476,0.0099719793020501,0.0002649925582518,0.1269298006905206,0.1284704041702981,,,20,3,train20_eval3_scn1
pre_step_3_10s,3.0,10.0,700,0.1234498213988008,0.1229935465894228,0.0106040511480891,0.9963039654151952,0.085897662936531,0.0073784084979579,0.116157919520046,0.2107493218483949,1.0,0.0269047619047619,0.0828571428571428,0.0065770562905782,0.0001206586353866,real10kg_smc_steady,constant,1,20003,0.0,1.0,1.0,0.03,0.01,0.0422226832218084,1.0,1.0,1.0,0.135801842940544,0.3290514231084456,0.1490698666259862,2.851838701751425,0.1197163516203458,0.1284704041702981,29.04799255241385,1.3832377405911358,0.0099719793020501,7.225517639997898,45.0,0.0226316884995323,0.0694562617245383,0.1490698666259862,real10kg_smc_steady,True,2.5,1.0,0.75,real_10kg_v1,thruster,real_10kg_x,1.0,0.0387301587301587,0.1176190476190476,0.0099719793020501,0.0002649925582518,0.1269298006905206,0.1284704041702981,,,20,3,train20_eval3_scn1
step_recovery_10_13s,10.0,13.0,300,0.1388620901102326,0.1367575636372879,0.0240842034905763,0.98484448511992,0.1734397305373815,0.0300813401288795,0.1335460153903822,0.1921817831679716,1.0,0.2083333333333333,0.63,0.0117698064873335,0.0003741075024423,real10kg_smc_steady,constant,1,20003,0.0,1.0,1.0,0.03,0.01,0.0422226832218084,1.0,1.0,1.0,0.135801842940544,0.3290514231084456,0.1490698666259862,2.851838701751425,0.1197163516203458,0.1284704041702981,29.04799255241385,1.3832377405911358,0.0099719793020501,7.225517639997898,45.0,0.0226316884995323,0.0694562617245383,0.1490698666259862,real10kg_smc_steady,True,2.5,1.0,0.75,real_10kg_v1,thruster,real_10kg_x,1.0,0.0387301587301587,0.1176190476190476,0.0099719793020501,0.0002649925582518,0.1269298006905206,0.1284704041702981,,,20,3,train20_eval3_scn1
post_step_13_20p9s,13.0,20.9,790,0.1259328740970969,0.1242891618990946,0.0202803602723398,0.9869477115504016,0.1610410341044333,0.0259342146654252,0.1180543428142894,0.1923924809173805,0.6091392555895544,0.0,0.0,0.0054486480571195,8.605390883867447e-05,real10kg_smc_steady,constant,1,20003,0.0,1.0,1.0,0.03,0.01,0.0422226832218084,1.0,1.0,1.0,0.135801842940544,0.3290514231084456,0.1490698666259862,2.851838701751425,0.1197163516203458,0.1284704041702981,29.04799255241385,1.3832377405911358,0.0099719793020501,7.225517639997898,45.0,0.0226316884995323,0.0694562617245383,0.1490698666259862,real10kg_smc_steady,True,2.5,1.0,0.75,real_10kg_v1,thruster,real_10kg_x,1.0,0.0387301587301587,0.1176190476190476,0.0099719793020501,0.0002649925582518,0.1269298006905206,0.1284704041702981,,,20,3,train20_eval3_scn1
startup_0_3s,0.0,3.0,300,0.233322175020434,0.2308828271062943,0.0336505201099632,0.989545151831685,0.1442234117139367,0.0208003924864077,0.223519975799093,0.3152707662815416,0.9086146575992088,0.0,0.0,0.0259826102045398,0.0008712959884656,real10kg_smc_steady,constant,1,20004,0.0,1.0,1.0,0.03,0.01,0.0422418348131343,1.0,1.0,1.0,0.1345138278041166,0.3152707662815416,0.1471207444700463,2.82479038388645,0.1197189230423486,0.1284704915258054,29.04342083641652,1.383020039829358,0.0096179429397133,7.19814915693647,45.0,0.0209194846354281,0.0631639527992257,0.1471207444700463,real10kg_smc_steady,True,2.5,1.0,0.75,real_10kg_v1,thruster,real_10kg_x,1.0,0.0387301587301587,0.1176190476190476,0.0096179429397133,0.0002489048308615,0.1271956215295156,0.1284704915258054,,,20,4,train20_eval4_scn1
pre_step_3_10s,3.0,10.0,700,0.1241703010199661,0.123729170037808,0.0104573484757946,0.9964473712430864,0.0842177911295641,0.0070926363427428,0.1166802522853896,0.2147310439846378,1.0,0.0269047619047619,0.0828571428571428,0.006539356009354,0.0001176001389323,real10kg_smc_steady,constant,1,20004,0.0,1.0,1.0,0.03,0.01,0.0422418348131343,1.0,1.0,1.0,0.1345138278041166,0.3152707662815416,0.1471207444700463,2.82479038388645,0.1197189230423486,0.1284704915258054,29.04342083641652,1.383020039829358,0.0096179429397133,7.19814915693647,45.0,0.0209194846354281,0.0631639527992257,0.1471207444700463,real10kg_smc_steady,True,2.5,1.0,0.75,real_10kg_v1,thruster,real_10kg_x,1.0,0.0387301587301587,0.1176190476190476,0.0096179429397133,0.0002489048308615,0.1271956215295156,0.1284704915258054,,,20,4,train20_eval4_scn1
step_recovery_10_13s,10.0,13.0,300,0.1388388747558899,0.1367371406962592,0.0240663145847698,0.9848620635731452,0.1733398850075948,0.0300467157344462,0.1335163586068886,0.192142101621755,1.0,0.2083333333333333,0.63,0.0117266678887766,0.0003710079204163,real10kg_smc_steady,constant,1,20004,0.0,1.0,1.0,0.03,0.01,0.0422418348131343,1.0,1.0,1.0,0.1345138278041166,0.3152707662815416,0.1471207444700463,2.82479038388645,0.1197189230423486,0.1284704915258054,29.04342083641652,1.383020039829358,0.0096179429397133,7.19814915693647,45.0,0.0209194846354281,0.0631639527992257,0.1471207444700463,real10kg_smc_steady,True,2.5,1.0,0.75,real_10kg_v1,thruster,real_10kg_x,1.0,0.0387301587301587,0.1176190476190476,0.0096179429397133,0.0002489048308615,0.1271956215295156,0.1284704915258054,,,20,4,train20_eval4_scn1
post_step_13_20p9s,13.0,20.9,790,0.1259258825845164,0.12428216703449,0.02027981414857,0.9869469602571715,0.1610456383735018,0.0259356976391287,0.1180491811268025,0.1923905980711342,0.6089284869695332,0.0,0.0,0.0054403203668106,8.546278332713791e-05,real10kg_smc_steady,constant,1,20004,0.0,1.0,1.0,0.03,0.01,0.0422418348131343,1.0,1.0,1.0,0.1345138278041166,0.3152707662815416,0.1471207444700463,2.82479038388645,0.1197189230423486,0.1284704915258054,29.04342083641652,1.383020039829358,0.0096179429397133,7.19814915693647,45.0,0.0209194846354281,0.0631639527992257,0.1471207444700463,real10kg_smc_steady,True,2.5,1.0,0.75,real_10kg_v1,thruster,real_10kg_x,1.0,0.0387301587301587,0.1176190476190476,0.0096179429397133,0.0002489048308615,0.1271956215295156,0.1284704915258054,,,20,4,train20_eval4_scn1
startup_0_3s,0.0,3.0,300,0.2360605155135563,0.2334144518867109,0.035245717966191,0.988790740285012,0.1493079767682157,0.022292871926618,0.226656892675608,0.3188834695449981,0.9441509903159068,0.0,0.0,0.0276365290303518,0.0009272633515669,real10kg_smc_steady,constant,1,20005,0.0,1.0,1.0,0.03,0.01,0.0422227645438569,1.0,1.0,1.0,0.1349477152638889,0.3188834695449981,0.1477332391513865,2.833902020541668,0.1197217992370714,0.1284720946486164,29.10996872120729,1.3861889867241568,0.0098627944245657,7.2134720811839905,45.0,0.0213037206056368,0.0645512183456084,0.1477332391513865,real10kg_smc_steady,True,2.5,1.0,0.75,real_10kg_v1,thruster,real_10kg_x,1.0,0.0387301587301587,0.1176190476190476,0.0098627944245657,0.000257503034075,0.1271817614457089,0.1284720946486164,,,20,5,train20_eval5_scn1
pre_step_3_10s,3.0,10.0,700,0.1241260863461141,0.123680534207782,0.0105076529101727,0.9964104875014764,0.0846530589941672,0.0071661403970699,0.1166283123996353,0.2154052279730013,1.0,0.0269047619047619,0.0828571428571428,0.0065569852086098,0.0001188793063801,real10kg_smc_steady,constant,1,20005,0.0,1.0,1.0,0.03,0.01,0.0422227645438569,1.0,1.0,1.0,0.1349477152638889,0.3188834695449981,0.1477332391513865,2.833902020541668,0.1197217992370714,0.1284720946486164,29.10996872120729,1.3861889867241568,0.0098627944245657,7.2134720811839905,45.0,0.0213037206056368,0.0645512183456084,0.1477332391513865,real10kg_smc_steady,True,2.5,1.0,0.75,real_10kg_v1,thruster,real_10kg_x,1.0,0.0387301587301587,0.1176190476190476,0.0098627944245657,0.000257503034075,0.1271817614457089,0.1284720946486164,,,20,5,train20_eval5_scn1
step_recovery_10_13s,10.0,13.0,300,0.1388470809591381,0.1367429380908071,0.0240807137179767,0.9848456096174592,0.1734333451710344,0.0300791252172151,0.133527145692927,0.1921873279496866,1.0,0.2083333333333333,0.63,0.0117438501603512,0.0003718622147802,real10kg_smc_steady,constant,1,20005,0.0,1.0,1.0,0.03,0.01,0.0422227645438569,1.0,1.0,1.0,0.1349477152638889,0.3188834695449981,0.1477332391513865,2.833902020541668,0.1197217992370714,0.1284720946486164,29.10996872120729,1.3861889867241568,0.0098627944245657,7.2134720811839905,45.0,0.0213037206056368,0.0645512183456084,0.1477332391513865,real10kg_smc_steady,True,2.5,1.0,0.75,real_10kg_v1,thruster,real_10kg_x,1.0,0.0387301587301587,0.1176190476190476,0.0098627944245657,0.000257503034075,0.1271817614457089,0.1284720946486164,,,20,5,train20_eval5_scn1
post_step_13_20p9s,13.0,20.9,790,0.1259291823054332,0.1242847237812878,0.0202846343502667,0.9869414023497995,0.1610796955789618,0.025946668327811,0.1180532699900637,0.192389889332621,0.6089494707993265,0.0,0.0,0.0054432096085087,8.567359907988565e-05,real10kg_smc_steady,constant,1,20005,0.0,1.0,1.0,0.03,0.01,0.0422227645438569,1.0,1.0,1.0,0.1349477152638889,0.3188834695449981,0.1477332391513865,2.833902020541668,0.1197217992370714,0.1284720946486164,29.10996872120729,1.3861889867241568,0.0098627944245657,7.2134720811839905,45.0,0.0213037206056368,0.0645512183456084,0.1477332391513865,real10kg_smc_steady,True,2.5,1.0,0.75,real_10kg_v1,thruster,real_10kg_x,1.0,0.0387301587301587,0.1176190476190476,0.0098627944245657,0.000257503034075,0.1271817614457089,0.1284720946486164,,,20,5,train20_eval5_scn1
startup_0_3s,0.0,3.0,300,0.2327992915489114,0.2303821810378054,0.0334598387016266,0.9896171912937368,0.143728266864578,0.0206578146958953,0.223121907915674,0.3140340661393016,0.9335670442317476,0.0,0.0,0.0264568448413757,0.0008771829778039,real10kg_smc_steady,constant,1,20006,0.0,1.0,1.0,0.03,0.01,0.0422326009233612,1.0,1.0,1.0,0.1344886541927715,0.3140340661393016,0.1470440934640812,2.8242617380482025,0.11972437439224,0.1284726984361801,29.095414205654016,1.385495914554953,0.0096831968270434,7.199126177193863,45.0,0.0208765066681512,0.0625523017467378,0.1470440934640812,real10kg_smc_steady,True,2.5,1.0,0.75,real_10kg_v1,thruster,real_10kg_x,1.0,0.0387301587301587,0.1176190476190476,0.0096831968270434,0.0002495534689645,0.1272518813305846,0.1284726984361801,,,20,6,train20_eval6_scn1
pre_step_3_10s,3.0,10.0,700,0.1243185150544934,0.123879537935942,0.0104380681225889,0.9964689320946362,0.0839622973135866,0.0070496673701751,0.1167730905143249,0.2161509508520672,1.0,0.0269047619047619,0.0828571428571428,0.0065358085628003,0.0001173255668029,real10kg_smc_steady,constant,1,20006,0.0,1.0,1.0,0.03,0.01,0.0422326009233612,1.0,1.0,1.0,0.1344886541927715,0.3140340661393016,0.1470440934640812,2.8242617380482025,0.11972437439224,0.1284726984361801,29.095414205654016,1.385495914554953,0.0096831968270434,7.199126177193863,45.0,0.0208765066681512,0.0625523017467378,0.1470440934640812,real10kg_smc_steady,True,2.5,1.0,0.75,real_10kg_v1,thruster,real_10kg_x,1.0,0.0387301587301587,0.1176190476190476,0.0096831968270434,0.0002495534689645,0.1272518813305846,0.1284726984361801,,,20,6,train20_eval6_scn1
step_recovery_10_13s,10.0,13.0,300,0.1388378724969971,0.1367344420573593,0.024075863323152,0.98484973586956,0.173409912512688,0.0300709977576581,0.1335144861453938,0.1921796622486842,1.0,0.2083333333333333,0.63,0.0117249559496872,0.0003703771504279,real10kg_smc_steady,constant,1,20006,0.0,1.0,1.0,0.03,0.01,0.0422326009233612,1.0,1.0,1.0,0.1344886541927715,0.3140340661393016,0.1470440934640812,2.8242617380482025,0.11972437439224,0.1284726984361801,29.095414205654016,1.385495914554953,0.0096831968270434,7.199126177193863,45.0,0.0208765066681512,0.0625523017467378,0.1470440934640812,real10kg_smc_steady,True,2.5,1.0,0.75,real_10kg_v1,thruster,real_10kg_x,1.0,0.0387301587301587,0.1176190476190476,0.0096831968270434,0.0002495534689645,0.1272518813305846,0.1284726984361801,,,20,6,train20_eval6_scn1
post_step_13_20p9s,13.0,20.9,790,0.1259261219310951,0.1242814501394738,0.020285692885246,0.9869393913955258,0.1610920162882971,0.0259506377118289,0.1180515542275131,0.1923886971385255,0.6088286065121095,0.0,0.0,0.0054393386190074,8.540072443308417e-05,real10kg_smc_steady,constant,1,20006,0.0,1.0,1.0,0.03,0.01,0.0422326009233612,1.0,1.0,1.0,0.1344886541927715,0.3140340661393016,0.1470440934640812,2.8242617380482025,0.11972437439224,0.1284726984361801,29.095414205654016,1.385495914554953,0.0096831968270434,7.199126177193863,45.0,0.0208765066681512,0.0625523017467378,0.1470440934640812,real10kg_smc_steady,True,2.5,1.0,0.75,real_10kg_v1,thruster,real_10kg_x,1.0,0.0387301587301587,0.1176190476190476,0.0096831968270434,0.0002495534689645,0.1272518813305846,0.1284726984361801,,,20,6,train20_eval6_scn1
startup_0_3s,0.0,3.0,300,0.2376788176812305,0.2343409991191864,0.0396927764986159,0.985956600615034,0.1670017416186031,0.0278895817036466,0.2284869868048971,0.3229468025406479,0.8953462301278996,0.0,0.0,0.0276080847694043,0.0009494227329329,real10kg_smc_steady,constant,1,20007,0.0,1.0,1.0,0.03,0.01,0.0422136304382876,1.0,1.0,1.0,0.1351610451811597,0.3229468025406479,0.148039125555818,2.8383819488043547,0.119719413849675,0.128471622897867,29.00265513893501,1.3810788161397625,0.0098710458650566,7.223711181177967,45.0,0.0224027455123186,0.0675274691380619,0.148039125555818,real10kg_smc_steady,True,2.5,1.0,0.75,real_10kg_v1,thruster,real_10kg_x,1.0,0.0387301587301587,0.1176190476190476,0.0098710458650566,0.0002615155823089,0.1270943602820172,0.128471622897867,,,20,7,train20_eval7_scn1
pre_step_3_10s,3.0,10.0,700,0.123884973889842,0.1234337690362015,0.0105636838841616,0.9963578726339992,0.0852700981602078,0.0072709896402514,0.1164743881072022,0.2129813270977986,1.0,0.0269047619047619,0.0828571428571428,0.0065781414672062,0.0001203972671185,real10kg_smc_steady,constant,1,20007,0.0,1.0,1.0,0.03,0.01,0.0422136304382876,1.0,1.0,1.0,0.1351610451811597,0.3229468025406479,0.148039125555818,2.8383819488043547,0.119719413849675,0.128471622897867,29.00265513893501,1.3810788161397625,0.0098710458650566,7.223711181177967,45.0,0.0224027455123186,0.0675274691380619,0.148039125555818,real10kg_smc_steady,True,2.5,1.0,0.75,real_10kg_v1,thruster,real_10kg_x,1.0,0.0387301587301587,0.1176190476190476,0.0098710458650566,0.0002615155823089,0.1270943602820172,0.128471622897867,,,20,7,train20_eval7_scn1
step_recovery_10_13s,10.0,13.0,300,0.1388614649693522,0.1367561255851913,0.0240887643593855,0.984838562774593,0.1734733560869614,0.0300930052720737,0.133544847216372,0.1922057487510808,1.0,0.2083333333333333,0.63,0.0117666748278434,0.0003735910021074,real10kg_smc_steady,constant,1,20007,0.0,1.0,1.0,0.03,0.01,0.0422136304382876,1.0,1.0,1.0,0.1351610451811597,0.3229468025406479,0.148039125555818,2.8383819488043547,0.119719413849675,0.128471622897867,29.00265513893501,1.3810788161397625,0.0098710458650566,7.223711181177967,45.0,0.0224027455123186,0.0675274691380619,0.148039125555818,real10kg_smc_steady,True,2.5,1.0,0.75,real_10kg_v1,thruster,real_10kg_x,1.0,0.0387301587301587,0.1176190476190476,0.0098710458650566,0.0002615155823089,0.1270943602820172,0.128471622897867,,,20,7,train20_eval7_scn1
post_step_13_20p9s,13.0,20.9,790,0.125932602010273,0.1242883099979536,0.0202838913162733,0.9869430791862364,0.161069421202134,0.0259433584463904,0.1180553783420591,0.1923911849573315,0.6090731385551996,0.0,0.0,0.0054476736761567,8.598452021891166e-05,real10kg_smc_steady,constant,1,20007,0.0,1.0,1.0,0.03,0.01,0.0422136304382876,1.0,1.0,1.0,0.1351610451811597,0.3229468025406479,0.148039125555818,2.8383819488043547,0.119719413849675,0.128471622897867,29.00265513893501,1.3810788161397625,0.0098710458650566,7.223711181177967,45.0,0.0224027455123186,0.0675274691380619,0.148039125555818,real10kg_smc_steady,True,2.5,1.0,0.75,real_10kg_v1,thruster,real_10kg_x,1.0,0.0387301587301587,0.1176190476190476,0.0098710458650566,0.0002615155823089,0.1270943602820172,0.128471622897867,,,20,7,train20_eval7_scn1
startup_0_3s,0.0,3.0,300,0.2234687995877845,0.2209371071283862,0.0335424966713187,0.9886709354322912,0.1500992386104546,0.0225297814314382,0.2130735293997949,0.3018476730843129,0.878431988001072,0.0,0.0,0.02436230186698,0.0008052722914679,real10kg_smc_steady,constant,1,20008,0.0,1.0,1.0,0.03,0.01,0.0422528797923124,1.0,1.0,1.0,0.1332194277550355,0.3018476730843129,0.1451552342184733,2.7976079828557454,0.1197285751926292,0.128473728167883,28.99825538048819,1.3808693038327708,0.0093720271728827,7.188261661660938,45.0,0.0208779739087446,0.0593391759753723,0.1451552342184733,real10kg_smc_steady,True,2.5,1.0,0.75,real_10kg_v1,thruster,real_10kg_x,1.0,0.0387301587301587,0.1176190476190476,0.0093720271728827,0.0002382212345329,0.1275094700783263,0.128473728167883,,,20,8,train20_eval8_scn1
pre_step_3_10s,3.0,10.0,700,0.1250057175544414,0.1245779872637194,0.0103322074418469,0.996578314183623,0.0826538789103559,0.0068316636989277,0.1172812445390026,0.2188935264943136,1.0,0.0269047619047619,0.0828571428571428,0.0065169819196076,0.0001153592125222,real10kg_smc_steady,constant,1,20008,0.0,1.0,1.0,0.03,0.01,0.0422528797923124,1.0,1.0,1.0,0.1332194277550355,0.3018476730843129,0.1451552342184733,2.7976079828557454,0.1197285751926292,0.128473728167883,28.99825538048819,1.3808693038327708,0.0093720271728827,7.188261661660938,45.0,0.0208779739087446,0.0593391759753723,0.1451552342184733,real10kg_smc_steady,True,2.5,1.0,0.75,real_10kg_v1,thruster,real_10kg_x,1.0,0.0387301587301587,0.1176190476190476,0.0093720271728827,0.0002382212345329,0.1275094700783263,0.128473728167883,,,20,8,train20_eval8_scn1
step_recovery_10_13s,10.0,13.0,300,0.1388259728663276,0.1367234083065919,0.0240699057603324,0.9848546744076472,0.173381862654107,0.0300612702974076,0.1334969921468145,0.1921711254600948,1.0,0.2083333333333333,0.63,0.0116980248925996,0.0003682496997582,real10kg_smc_steady,constant,1,20008,0.0,1.0,1.0,0.03,0.01,0.0422528797923124,1.0,1.0,1.0,0.1332194277550355,0.3018476730843129,0.1451552342184733,2.7976079828557454,0.1197285751926292,0.128473728167883,28.99825538048819,1.3808693038327708,0.0093720271728827,7.188261661660938,45.0,0.0208779739087446,0.0593391759753723,0.1451552342184733,real10kg_smc_steady,True,2.5,1.0,0.75,real_10kg_v1,thruster,real_10kg_x,1.0,0.0387301587301587,0.1176190476190476,0.0093720271728827,0.0002382212345329,0.1275094700783263,0.128473728167883,,,20,8,train20_eval8_scn1
post_step_13_20p9s,13.0,20.9,790,0.1259217825676379,0.1242767997924948,0.0202872461992167,0.9869364716604174,0.1611099031918457,0.0259564009064859,0.1180492747837547,0.1923870445070107,0.6086476923547456,0.0,0.0,0.0054336381581134,8.500312565944143e-05,real10kg_smc_steady,constant,1,20008,0.0,1.0,1.0,0.03,0.01,0.0422528797923124,1.0,1.0,1.0,0.1332194277550355,0.3018476730843129,0.1451552342184733,2.7976079828557454,0.1197285751926292,0.128473728167883,28.99825538048819,1.3808693038327708,0.0093720271728827,7.188261661660938,45.0,0.0208779739087446,0.0593391759753723,0.1451552342184733,real10kg_smc_steady,True,2.5,1.0,0.75,real_10kg_v1,thruster,real_10kg_x,1.0,0.0387301587301587,0.1176190476190476,0.0093720271728827,0.0002382212345329,0.1275094700783263,0.128473728167883,,,20,8,train20_eval8_scn1
startup_0_3s,0.0,3.0,300,0.2212114591065643,0.2183825164148148,0.0352645170729485,0.9872115906509767,0.159415417335865,0.025413275284368,0.2115185321552318,0.2993829517514896,0.8759888570343877,0.0,0.0,0.026134640454413,0.0008830433856636,real10kg_smc_steady,constant,1,20009,0.0,1.0,1.0,0.03,0.01,0.0422274752433448,1.0,1.0,1.0,0.1330765864199941,0.2993829517514896,0.1447596370953079,2.794608314819876,0.1197278290183454,0.1284742160330769,28.97724294189912,1.3798687115190058,0.009646980404941,7.20027563568799,45.0,0.0212943190787042,0.0594024228147291,0.1447596370953079,real10kg_smc_steady,True,2.5,1.0,0.75,real_10kg_v1,thruster,real_10kg_x,1.0,0.0386507936507936,0.1171428571428571,0.009646980404941,0.0002506644261274,0.127640744594416,0.1284742160330769,,,20,9,train20_eval9_scn1
pre_step_3_10s,3.0,10.0,700,0.1253362168599252,0.1249035214204749,0.0104056519989451,0.9965477221964196,0.0830219090669889,0.0068926373851273,0.1175052701670599,0.2210572461065423,1.0,0.0266666666666666,0.0814285714285714,0.0065629097015068,0.0001180918198128,real10kg_smc_steady,constant,1,20009,0.0,1.0,1.0,0.03,0.01,0.0422274752433448,1.0,1.0,1.0,0.1330765864199941,0.2993829517514896,0.1447596370953079,2.794608314819876,0.1197278290183454,0.1284742160330769,28.97724294189912,1.3798687115190058,0.009646980404941,7.20027563568799,45.0,0.0212943190787042,0.0594024228147291,0.1447596370953079,real10kg_smc_steady,True,2.5,1.0,0.75,real_10kg_v1,thruster,real_10kg_x,1.0,0.0386507936507936,0.1171428571428571,0.009646980404941,0.0002506644261274,0.127640744594416,0.1284742160330769,,,20,9,train20_eval9_scn1
step_recovery_10_13s,10.0,13.0,300,0.138841760429198,0.136736817039855,0.0240847940594894,0.9848392631810778,0.1734693797099427,0.0300916256969522,0.1335182688983179,0.1922123943610176,1.0,0.2083333333333333,0.63,0.0117300298628659,0.0003704005227593,real10kg_smc_steady,constant,1,20009,0.0,1.0,1.0,0.03,0.01,0.0422274752433448,1.0,1.0,1.0,0.1330765864199941,0.2993829517514896,0.1447596370953079,2.794608314819876,0.1197278290183454,0.1284742160330769,28.97724294189912,1.3798687115190058,0.009646980404941,7.20027563568799,45.0,0.0212943190787042,0.0594024228147291,0.1447596370953079,real10kg_smc_steady,True,2.5,1.0,0.75,real_10kg_v1,thruster,real_10kg_x,1.0,0.0386507936507936,0.1171428571428571,0.009646980404941,0.0002506644261274,0.127640744594416,0.1284742160330769,,,20,9,train20_eval9_scn1
post_step_13_20p9s,13.0,20.9,790,0.1259272458400673,0.1242819603467146,0.0202895435444572,0.9869346344996512,0.1611211569752412,0.0259600272250403,0.1180539005750224,0.1923877823785045,0.6087909170604289,0.0,0.0,0.0054398624721793,8.544650504439215e-05,real10kg_smc_steady,constant,1,20009,0.0,1.0,1.0,0.03,0.01,0.0422274752433448,1.0,1.0,1.0,0.1330765864199941,0.2993829517514896,0.1447596370953079,2.794608314819876,0.1197278290183454,0.1284742160330769,28.97724294189912,1.3798687115190058,0.009646980404941,7.20027563568799,45.0,0.0212943190787042,0.0594024228147291,0.1447596370953079,real10kg_smc_steady,True,2.5,1.0,0.75,real_10kg_v1,thruster,real_10kg_x,1.0,0.0386507936507936,0.1171428571428571,0.009646980404941,0.0002506644261274,0.127640744594416,0.1284742160330769,,,20,9,train20_eval9_scn1
startup_0_3s,0.0,3.0,300,0.2383323365253378,0.2356395156295009,0.0357256393577646,0.9887014035313222,0.1498984144518992,0.0224695346551933,0.2285001058130046,0.3668762621605343,0.8099703764366571,0.0,0.0,0.0286027406254642,0.0010123371407972,real10kg_smc_steady,sinusoidal,2,20000,0.0,1.0,1.0,0.03,0.01,0.3043961298849187,1.0,1.0,1.0,0.1357993869713896,0.3668762621605343,0.1503744160583116,2.8517871263991834,0.1685332576430556,0.1705868712262132,37.97498283557046,1.8083325159795451,0.0109715347585409,7.027964795289169,45.0,0.0210842241945634,0.0689466897753654,0.1503744160583116,real10kg_smc_steady,True,2.5,1.0,0.75,real_10kg_v1,thruster,real_10kg_x,1.0,0.0778571428571428,0.1909523809523809,0.0109715347585409,0.0002639723082731,0.1300544452658965,0.1705868712262132,,,20,0,train20_eval0_scn2
pre_step_3_10s,3.0,10.0,700,0.1065405397019515,0.1059764561903619,0.0109488507760132,0.9947054565973888,0.10276699185721,0.0105610546153798,0.1006213121424201,0.1835164131776663,1.0,0.075,0.2428571428571428,0.009329367409958,0.000146047233537,real10kg_smc_steady,sinusoidal,2,20000,0.0,1.0,1.0,0.03,0.01,0.3043961298849187,1.0,1.0,1.0,0.1357993869713896,0.3668762621605343,0.1503744160583116,2.8517871263991834,0.1685332576430556,0.1705868712262132,37.97498283557046,1.8083325159795451,0.0109715347585409,7.027964795289169,45.0,0.0210842241945634,0.0689466897753654,0.1503744160583116,real10kg_smc_steady,True,2.5,1.0,0.75,real_10kg_v1,thruster,real_10kg_x,1.0,0.0778571428571428,0.1909523809523809,0.0109715347585409,0.0002639723082731,0.1300544452658965,0.1705868712262132,,,20,0,train20_eval0_scn2
step_recovery_10_13s,10.0,13.0,300,0.0617596255559381,0.0569082231078671,0.0239938636220784,0.9214470229636216,0.3885040332756914,0.1509353838714795,0.057888151071264,0.105769262134368,1.0,0.0966666666666666,0.2933333333333333,0.0087573370951697,0.0002074417822575,real10kg_smc_steady,sinusoidal,2,20000,0.0,1.0,1.0,0.03,0.01,0.3043961298849187,1.0,1.0,1.0,0.1357993869713896,0.3668762621605343,0.1503744160583116,2.8517871263991834,0.1685332576430556,0.1705868712262132,37.97498283557046,1.8083325159795451,0.0109715347585409,7.027964795289169,45.0,0.0210842241945634,0.0689466897753654,0.1503744160583116,real10kg_smc_steady,True,2.5,1.0,0.75,real_10kg_v1,thruster,real_10kg_x,1.0,0.0778571428571428,0.1909523809523809,0.0109715347585409,0.0002639723082731,0.1300544452658965,0.1705868712262132,,,20,0,train20_eval0_scn2
post_step_13_20p9s,13.0,20.9,790,0.1612414752114462,0.1600939894516873,0.0192022881398661,0.9928834330109292,0.1190902533897373,0.0141824884524318,0.1594585403674167,0.2638046440643687,1.0,0.0953586497890295,0.1683544303797468,0.0067184957545894,0.0001108000192223,real10kg_smc_steady,sinusoidal,2,20000,0.0,1.0,1.0,0.03,0.01,0.3043961298849187,1.0,1.0,1.0,0.1357993869713896,0.3668762621605343,0.1503744160583116,2.8517871263991834,0.1685332576430556,0.1705868712262132,37.97498283557046,1.8083325159795451,0.0109715347585409,7.027964795289169,45.0,0.0210842241945634,0.0689466897753654,0.1503744160583116,real10kg_smc_steady,True,2.5,1.0,0.75,real_10kg_v1,thruster,real_10kg_x,1.0,0.0778571428571428,0.1909523809523809,0.0109715347585409,0.0002639723082731,0.1300544452658965,0.1705868712262132,,,20,0,train20_eval0_scn2
startup_0_3s,0.0,3.0,300,0.2369434452928366,0.2340222655172212,0.0370914479284195,0.9876714049970656,0.156541354763279,0.0245051957511227,0.2272611764115498,0.3656210581011516,0.8020557964149314,0.0,0.0,0.0290805989791737,0.0010358653724435,real10kg_smc_steady,sinusoidal,2,20001,0.0,1.0,1.0,0.03,0.01,0.304398971116787,1.0,1.0,1.0,0.1355780586220883,0.3656210581011516,0.1500166111333681,2.8471392310638555,0.1685335639941849,0.1705869391593446,37.939322903782895,1.8066344239896617,0.0110502236088603,7.015086584178838,45.0,0.0214274325120692,0.0721638577939866,0.1500166111333681,real10kg_smc_steady,True,2.5,1.0,0.75,real_10kg_v1,thruster,real_10kg_x,1.0,0.0778571428571428,0.1909523809523809,0.0110502236088603,0.0002681272101705,0.1299953134054851,0.1705869391593446,,,20,1,train20_eval1_scn2
pre_step_3_10s,3.0,10.0,700,0.1063501550080586,0.1057804151066369,0.0109936004159542,0.9946427919980136,0.1033717385284599,0.0106857163263962,0.1004874777389666,0.1817783214667639,1.0,0.075,0.2428571428571428,0.0093475641406679,0.0001475323058758,real10kg_smc_steady,sinusoidal,2,20001,0.0,1.0,1.0,0.03,0.01,0.304398971116787,1.0,1.0,1.0,0.1355780586220883,0.3656210581011516,0.1500166111333681,2.8471392310638555,0.1685335639941849,0.1705869391593446,37.939322903782895,1.8066344239896617,0.0110502236088603,7.015086584178838,45.0,0.0214274325120692,0.0721638577939866,0.1500166111333681,real10kg_smc_steady,True,2.5,1.0,0.75,real_10kg_v1,thruster,real_10kg_x,1.0,0.0778571428571428,0.1909523809523809,0.0110502236088603,0.0002681272101705,0.1299953134054851,0.1705869391593446,,,20,1,train20_eval1_scn2
step_recovery_10_13s,10.0,13.0,300,0.0617651019668121,0.0569103398458526,0.0240029381451574,0.9213995935185526,0.3886165064222647,0.1510227890638461,0.0578845176739789,0.105789459621148,1.0,0.0966666666666666,0.2933333333333333,0.0087790170915024,0.0002090651717708,real10kg_smc_steady,sinusoidal,2,20001,0.0,1.0,1.0,0.03,0.01,0.304398971116787,1.0,1.0,1.0,0.1355780586220883,0.3656210581011516,0.1500166111333681,2.8471392310638555,0.1685335639941849,0.1705869391593446,37.939322903782895,1.8066344239896617,0.0110502236088603,7.015086584178838,45.0,0.0214274325120692,0.0721638577939866,0.1500166111333681,real10kg_smc_steady,True,2.5,1.0,0.75,real_10kg_v1,thruster,real_10kg_x,1.0,0.0778571428571428,0.1909523809523809,0.0110502236088603,0.0002681272101705,0.1299953134054851,0.1705869391593446,,,20,1,train20_eval1_scn2
post_step_13_20p9s,13.0,20.9,790,0.1612433804401534,0.1600959714111874,0.0192017622544467,0.99288399296868,0.119085584797533,0.0141813765065704,0.1594606367503088,0.2638027104282607,1.0,0.0953586497890295,0.1683544303797468,0.0067220130851321,0.0001110434127355,real10kg_smc_steady,sinusoidal,2,20001,0.0,1.0,1.0,0.03,0.01,0.304398971116787,1.0,1.0,1.0,0.1355780586220883,0.3656210581011516,0.1500166111333681,2.8471392310638555,0.1685335639941849,0.1705869391593446,37.939322903782895,1.8066344239896617,0.0110502236088603,7.015086584178838,45.0,0.0214274325120692,0.0721638577939866,0.1500166111333681,real10kg_smc_steady,True,2.5,1.0,0.75,real_10kg_v1,thruster,real_10kg_x,1.0,0.0778571428571428,0.1909523809523809,0.0110502236088603,0.0002681272101705,0.1299953134054851,0.1705869391593446,,,20,1,train20_eval1_scn2
startup_0_3s,0.0,3.0,300,0.2362463183028068,0.2335435567731285,0.0356332709891698,0.9885595612702244,0.1508310108075299,0.0227499938212212,0.2262742179695104,0.3644570287616725,0.796791579341643,0.0,0.0,0.0281202132917879,0.0009920509893172,real10kg_smc_steady,sinusoidal,2,20002,0.0,1.0,1.0,0.03,0.01,0.3044012163689713,1.0,1.0,1.0,0.135475050526929,0.3644570287616725,0.1498971939585562,2.844976061065511,0.1685333706062815,0.1705870113090036,37.957714150189474,1.8075101976280703,0.0108981887295571,7.022286164657509,45.0,0.0210579585884041,0.0675676900862585,0.1498971939585562,real10kg_smc_steady,True,2.5,1.0,0.75,real_10kg_v1,thruster,real_10kg_x,1.0,0.0778571428571428,0.1909523809523809,0.0108981887295571,0.0002608164800719,0.1300460549093487,0.1705870113090036,,,20,2,train20_eval2_scn2
pre_step_3_10s,3.0,10.0,700,0.1065161545033965,0.1059536436492759,0.010932363314201,0.9947190089921746,0.1026357303750803,0.0105340931496261,0.1006050262638727,0.1832094018819109,1.0,0.075,0.2428571428571428,0.0093197727494155,0.0001454988870083,real10kg_smc_steady,sinusoidal,2,20002,0.0,1.0,1.0,0.03,0.01,0.3044012163689713,1.0,1.0,1.0,0.135475050526929,0.3644570287616725,0.1498971939585562,2.844976061065511,0.1685333706062815,0.1705870113090036,37.957714150189474,1.8075101976280703,0.0108981887295571,7.022286164657509,45.0,0.0210579585884041,0.0675676900862585,0.1498971939585562,real10kg_smc_steady,True,2.5,1.0,0.75,real_10kg_v1,thruster,real_10kg_x,1.0,0.0778571428571428,0.1909523809523809,0.0108981887295571,0.0002608164800719,0.1300460549093487,0.1705870113090036,,,20,2,train20_eval2_scn2
step_recovery_10_13s,10.0,13.0,300,0.0617563880837289,0.0569064614661882,0.0239897084714542,0.921466802576518,0.3884571170018748,0.1508989317494083,0.0578833788225162,0.1057790658821665,1.0,0.0966666666666666,0.2933333333333333,0.0087495881830835,0.0002070359182666,real10kg_smc_steady,sinusoidal,2,20002,0.0,1.0,1.0,0.03,0.01,0.3044012163689713,1.0,1.0,1.0,0.135475050526929,0.3644570287616725,0.1498971939585562,2.844976061065511,0.1685333706062815,0.1705870113090036,37.957714150189474,1.8075101976280703,0.0108981887295571,7.022286164657509,45.0,0.0210579585884041,0.0675676900862585,0.1498971939585562,real10kg_smc_steady,True,2.5,1.0,0.75,real_10kg_v1,thruster,real_10kg_x,1.0,0.0778571428571428,0.1909523809523809,0.0108981887295571,0.0002608164800719,0.1300460549093487,0.1705870113090036,,,20,2,train20_eval2_scn2
post_step_13_20p9s,13.0,20.9,790,0.1612407128382379,0.1600933731624092,0.0192010246097625,0.9928843053616376,0.1190829801715502,0.0141807561665378,0.1594578467104134,0.2638071854053332,1.0,0.0953586497890295,0.1683544303797468,0.0067176572219119,0.0001107267678507,real10kg_smc_steady,sinusoidal,2,20002,0.0,1.0,1.0,0.03,0.01,0.3044012163689713,1.0,1.0,1.0,0.135475050526929,0.3644570287616725,0.1498971939585562,2.844976061065511,0.1685333706062815,0.1705870113090036,37.957714150189474,1.8075101976280703,0.0108981887295571,7.022286164657509,45.0,0.0210579585884041,0.0675676900862585,0.1498971939585562,real10kg_smc_steady,True,2.5,1.0,0.75,real_10kg_v1,thruster,real_10kg_x,1.0,0.0778571428571428,0.1909523809523809,0.0108981887295571,0.0002608164800719,0.1300460549093487,0.1705870113090036,,,20,2,train20_eval2_scn2
startup_0_3s,0.0,3.0,300,0.2442010674215479,0.2404255037424236,0.0427754424877782,0.984539118854027,0.1751648464907726,0.0306827234461359,0.2353067361871046,0.3728698625124554,0.8309010522456644,0.0,0.0,0.0308508413172857,0.0011098718019217,real10kg_smc_steady,sinusoidal,2,20003,0.0,1.0,1.0,0.03,0.01,0.3043883192561989,1.0,1.0,1.0,0.136743301755118,0.3728698625124554,0.151687107439282,2.8716093368574787,0.1685333337519761,0.1705866089866233,37.9887390493692,1.8089875737794856,0.0113160653280949,7.033194504531897,45.0,0.022901326470123,0.0778243302720575,0.151687107439282,real10kg_smc_steady,True,2.5,1.0,0.75,real_10kg_v1,thruster,real_10kg_x,1.0,0.0778571428571428,0.1909523809523809,0.0113160653280949,0.0002794253458831,0.1300183888361249,0.1705866089866233,,,20,3,train20_eval3_scn2
pre_step_3_10s,3.0,10.0,700,0.1064178119905202,0.1058430543382313,0.0110452957046854,0.9945990465173236,0.1037917947953048,0.0107727366668306,0.100529050019001,0.1828084035637793,1.0,0.075,0.2428571428571428,0.0093778072530566,0.0001491846572808,real10kg_smc_steady,sinusoidal,2,20003,0.0,1.0,1.0,0.03,0.01,0.3043883192561989,1.0,1.0,1.0,0.136743301755118,0.3728698625124554,0.151687107439282,2.8716093368574787,0.1685333337519761,0.1705866089866233,37.9887390493692,1.8089875737794856,0.0113160653280949,7.033194504531897,45.0,0.022901326470123,0.0778243302720575,0.151687107439282,real10kg_smc_steady,True,2.5,1.0,0.75,real_10kg_v1,thruster,real_10kg_x,1.0,0.0778571428571428,0.1909523809523809,0.0113160653280949,0.0002794253458831,0.1300183888361249,0.1705866089866233,,,20,3,train20_eval3_scn2
step_recovery_10_13s,10.0,13.0,300,0.0617728236669676,0.0569143939932488,0.024013194293378,0.9213500470706693,0.3887339588495911,0.1511140907628756,0.0578942158285284,0.1057715139614632,1.0,0.0966666666666666,0.2933333333333333,0.0087981948197517,0.0002101401561651,real10kg_smc_steady,sinusoidal,2,20003,0.0,1.0,1.0,0.03,0.01,0.3043883192561989,1.0,1.0,1.0,0.136743301755118,0.3728698625124554,0.151687107439282,2.8716093368574787,0.1685333337519761,0.1705866089866233,37.9887390493692,1.8089875737794856,0.0113160653280949,7.033194504531897,45.0,0.022901326470123,0.0778243302720575,0.151687107439282,real10kg_smc_steady,True,2.5,1.0,0.75,real_10kg_v1,thruster,real_10kg_x,1.0,0.0778571428571428,0.1909523809523809,0.0113160653280949,0.0002794253458831,0.1300183888361249,0.1705866089866233,,,20,3,train20_eval3_scn2
post_step_13_20p9s,13.0,20.9,790,0.161245288827244,0.1600975821551136,0.0192043577624451,0.992882231285777,0.1191002720272987,0.0141848747969765,0.1594624318743691,0.2637967967281376,1.0,0.0953586497890295,0.1683544303797468,0.006724189023825,0.0001112270007646,real10kg_smc_steady,sinusoidal,2,20003,0.0,1.0,1.0,0.03,0.01,0.3043883192561989,1.0,1.0,1.0,0.136743301755118,0.3728698625124554,0.151687107439282,2.8716093368574787,0.1685333337519761,0.1705866089866233,37.9887390493692,1.8089875737794856,0.0113160653280949,7.033194504531897,45.0,0.022901326470123,0.0778243302720575,0.151687107439282,real10kg_smc_steady,True,2.5,1.0,0.75,real_10kg_v1,thruster,real_10kg_x,1.0,0.0778571428571428,0.1909523809523809,0.0113160653280949,0.0002794253458831,0.1300183888361249,0.1705866089866233,,,20,3,train20_eval3_scn2
startup_0_3s,0.0,3.0,300,0.2361558720606729,0.233453174352651,0.0356259918234938,0.9885554499050204,0.1508579545900125,0.0227581224630822,0.2262464488574264,0.3640950662953065,0.8042016364170096,0.0,0.0,0.0285046872222233,0.0010091298215854,real10kg_smc_steady,sinusoidal,2,20004,0.0,1.0,1.0,0.03,0.01,0.3044010092298076,1.0,1.0,1.0,0.135465133946154,0.3640950662953065,0.1498700606362816,2.8447678128692355,0.1685334863794111,0.1705869960139969,37.9494369432045,1.8071160449145,0.0109601191603398,7.022677974003995,45.0,0.0210619055485101,0.0693788435035298,0.1498700606362816,real10kg_smc_steady,True,2.5,1.0,0.75,real_10kg_v1,thruster,real_10kg_x,1.0,0.0778571428571428,0.1909523809523809,0.0109601191603398,0.000263739428582,0.1300369496317118,0.1705869960139969,,,20,4,train20_eval4_scn2
pre_step_3_10s,3.0,10.0,700,0.1064846192590929,0.1059191331371773,0.0109595334856413,0.9946895042133764,0.1029212816075828,0.0105927902077473,0.1005858799211757,0.1828696602597707,1.0,0.075,0.2428571428571428,0.0093330159025645,0.000146416390841,real10kg_smc_steady,sinusoidal,2,20004,0.0,1.0,1.0,0.03,0.01,0.3044010092298076,1.0,1.0,1.0,0.135465133946154,0.3640950662953065,0.1498700606362816,2.8447678128692355,0.1685334863794111,0.1705869960139969,37.9494369432045,1.8071160449145,0.0109601191603398,7.022677974003995,45.0,0.0210619055485101,0.0693788435035298,0.1498700606362816,real10kg_smc_steady,True,2.5,1.0,0.75,real_10kg_v1,thruster,real_10kg_x,1.0,0.0778571428571428,0.1909523809523809,0.0109601191603398,0.000263739428582,0.1300369496317118,0.1705869960139969,,,20,4,train20_eval4_scn2
step_recovery_10_13s,10.0,13.0,300,0.0617602683173666,0.0569081957618387,0.0239955828803003,0.921436990354468,0.3885278275831729,0.1509538728064998,0.0578831347752448,0.1057861727437268,1.0,0.0966666666666666,0.2933333333333333,0.0087629900075042,0.0002079917436974,real10kg_smc_steady,sinusoidal,2,20004,0.0,1.0,1.0,0.03,0.01,0.3044010092298076,1.0,1.0,1.0,0.135465133946154,0.3640950662953065,0.1498700606362816,2.8447678128692355,0.1685334863794111,0.1705869960139969,37.9494369432045,1.8071160449145,0.0109601191603398,7.022677974003995,45.0,0.0210619055485101,0.0693788435035298,0.1498700606362816,real10kg_smc_steady,True,2.5,1.0,0.75,real_10kg_v1,thruster,real_10kg_x,1.0,0.0778571428571428,0.1909523809523809,0.0109601191603398,0.000263739428582,0.1300369496317118,0.1705869960139969,,,20,4,train20_eval4_scn2
post_step_13_20p9s,13.0,20.9,790,0.1612418930758639,0.1600945451534069,0.0192011638921211,0.9928843063017304,0.1190829723332944,0.0141807542997321,0.1594591009033361,0.263805361018421,1.0,0.0953586497890295,0.1683544303797468,0.0067197052037282,0.0001108741333032,real10kg_smc_steady,sinusoidal,2,20004,0.0,1.0,1.0,0.03,0.01,0.3044010092298076,1.0,1.0,1.0,0.135465133946154,0.3640950662953065,0.1498700606362816,2.8447678128692355,0.1685334863794111,0.1705869960139969,37.9494369432045,1.8071160449145,0.0109601191603398,7.022677974003995,45.0,0.0210619055485101,0.0693788435035298,0.1498700606362816,real10kg_smc_steady,True,2.5,1.0,0.75,real_10kg_v1,thruster,real_10kg_x,1.0,0.0778571428571428,0.1909523809523809,0.0109601191603398,0.000263739428582,0.1300369496317118,0.1705869960139969,,,20,4,train20_eval4_scn2
startup_0_3s,0.0,3.0,300,0.2414848822614069,0.2385532522639113,0.0375139200179916,0.9878599853951844,0.155346867541724,0.0241326492550259,0.232112224668105,0.368403217539692,0.8186771129595626,0.0,0.0,0.03017401391493,0.0010745209822871,real10kg_smc_steady,sinusoidal,2,20005,0.0,1.0,1.0,0.03,0.01,0.3043821734031834,1.0,1.0,1.0,0.1363675693651815,0.368403217539692,0.1511407132799247,2.863718956668813,0.1685330280022174,0.1705866949640524,37.98237153173285,1.8086843586539452,0.0112097422681855,7.056401148774989,45.0,0.0215356706392001,0.0723865144828405,0.1511407132799247,real10kg_smc_steady,True,2.5,1.0,0.75,real_10kg_v1,thruster,real_10kg_x,1.0,0.0778571428571428,0.1909523809523809,0.0112097422681855,0.0002735877391634,0.1301215189188843,0.1705866949640524,,,20,5,train20_eval5_scn2
pre_step_3_10s,3.0,10.0,700,0.1067461445806427,0.1061773402664,0.0110050804987775,0.9946714299005628,0.1030958124249968,0.0106287465395701,0.1007696469268267,0.1855055940846008,1.0,0.075,0.2428571428571428,0.0093641221467084,0.0001478654621222,real10kg_smc_steady,sinusoidal,2,20005,0.0,1.0,1.0,0.03,0.01,0.3043821734031834,1.0,1.0,1.0,0.1363675693651815,0.368403217539692,0.1511407132799247,2.863718956668813,0.1685330280022174,0.1705866949640524,37.98237153173285,1.8086843586539452,0.0112097422681855,7.056401148774989,45.0,0.0215356706392001,0.0723865144828405,0.1511407132799247,real10kg_smc_steady,True,2.5,1.0,0.75,real_10kg_v1,thruster,real_10kg_x,1.0,0.0778571428571428,0.1909523809523809,0.0112097422681855,0.0002735877391634,0.1301215189188843,0.1705866949640524,,,20,5,train20_eval5_scn2
step_recovery_10_13s,10.0,13.0,300,0.0617668274181045,0.056911797848541,0.024003921241012,0.9213974592429778,0.3886215666951396,0.1510267221005848,0.05790303011177,0.1057331163797804,1.0,0.0966666666666666,0.2933333333333333,0.0087733550159408,0.0002081478718601,real10kg_smc_steady,sinusoidal,2,20005,0.0,1.0,1.0,0.03,0.01,0.3043821734031834,1.0,1.0,1.0,0.1363675693651815,0.368403217539692,0.1511407132799247,2.863718956668813,0.1685330280022174,0.1705866949640524,37.98237153173285,1.8086843586539452,0.0112097422681855,7.056401148774989,45.0,0.0215356706392001,0.0723865144828405,0.1511407132799247,real10kg_smc_steady,True,2.5,1.0,0.75,real_10kg_v1,thruster,real_10kg_x,1.0,0.0778571428571428,0.1909523809523809,0.0112097422681855,0.0002735877391634,0.1301215189188843,0.1705866949640524,,,20,5,train20_eval5_scn2
post_step_13_20p9s,13.0,20.9,790,0.161243461176955,0.1600955359848596,0.0192060701353696,0.992880795390297,0.1191122417937438,0.0141877261451312,0.1594602491901106,0.263799478550512,1.0,0.0953586497890295,0.1683544303797468,0.006719850889275,0.0001109469625368,real10kg_smc_steady,sinusoidal,2,20005,0.0,1.0,1.0,0.03,0.01,0.3043821734031834,1.0,1.0,1.0,0.1363675693651815,0.368403217539692,0.1511407132799247,2.863718956668813,0.1685330280022174,0.1705866949640524,37.98237153173285,1.8086843586539452,0.0112097422681855,7.056401148774989,45.0,0.0215356706392001,0.0723865144828405,0.1511407132799247,real10kg_smc_steady,True,2.5,1.0,0.75,real_10kg_v1,thruster,real_10kg_x,1.0,0.0778571428571428,0.1909523809523809,0.0112097422681855,0.0002735877391634,0.1301215189188843,0.1705866949640524,,,20,5,train20_eval5_scn2
startup_0_3s,0.0,3.0,300,0.2382167368182438,0.2355628766722034,0.0354590585640502,0.9888594723381452,0.1488520875470854,0.0221569439671251,0.2284877272218595,0.3654617334759218,0.8056988974758991,0.0,0.0,0.0289787824672578,0.0010252941872363,real10kg_smc_steady,sinusoidal,2,20006,0.0,1.0,1.0,0.03,0.01,0.3043875060092748,1.0,1.0,1.0,0.1358332305563742,0.3654617334759218,0.1503812986752958,2.8524978416838587,0.1685330529031641,0.1705868154492244,37.96718349948485,1.807961119023088,0.0110273548355556,7.042411942296631,45.0,0.0210227020466216,0.0690381519089148,0.1503812986752958,real10kg_smc_steady,True,2.5,1.0,0.75,real_10kg_v1,thruster,real_10kg_x,1.0,0.0778571428571428,0.1909523809523809,0.0110273548355556,0.0002658864983006,0.1300990207742723,0.1705868154492244,,,20,6,train20_eval6_scn2
pre_step_3_10s,3.0,10.0,700,0.1066795174964652,0.1061151125363132,0.0109591215288552,0.9947093408988212,0.1027293878529056,0.0105533271286327,0.1007238010092571,0.1847067672118205,1.0,0.075,0.2428571428571428,0.009337186747184,0.0001463647967436,real10kg_smc_steady,sinusoidal,2,20006,0.0,1.0,1.0,0.03,0.01,0.3043875060092748,1.0,1.0,1.0,0.1358332305563742,0.3654617334759218,0.1503812986752958,2.8524978416838587,0.1685330529031641,0.1705868154492244,37.96718349948485,1.807961119023088,0.0110273548355556,7.042411942296631,45.0,0.0210227020466216,0.0690381519089148,0.1503812986752958,real10kg_smc_steady,True,2.5,1.0,0.75,real_10kg_v1,thruster,real_10kg_x,1.0,0.0778571428571428,0.1909523809523809,0.0110273548355556,0.0002658864983006,0.1300990207742723,0.1705868154492244,,,20,6,train20_eval6_scn2
step_recovery_10_13s,10.0,13.0,300,0.061761428124614,0.0569093012191113,0.023995946298163,0.9214375856770544,0.3885264157063726,0.150952775701641,0.05789813498156,0.1057400783955058,1.0,0.0966666666666666,0.2933333333333333,0.008757258087071,0.0002071684914492,real10kg_smc_steady,sinusoidal,2,20006,0.0,1.0,1.0,0.03,0.01,0.3043875060092748,1.0,1.0,1.0,0.1358332305563742,0.3654617334759218,0.1503812986752958,2.8524978416838587,0.1685330529031641,0.1705868154492244,37.96718349948485,1.807961119023088,0.0110273548355556,7.042411942296631,45.0,0.0210227020466216,0.0690381519089148,0.1503812986752958,real10kg_smc_steady,True,2.5,1.0,0.75,real_10kg_v1,thruster,real_10kg_x,1.0,0.0778571428571428,0.1909523809523809,0.0110273548355556,0.0002658864983006,0.1300990207742723,0.1705868154492244,,,20,6,train20_eval6_scn2
post_step_13_20p9s,13.0,20.9,790,0.1612418515984085,0.1600940852644673,0.0192046497030451,0.9928817095402758,0.1191046214904338,0.0141859108603795,0.1594586707411012,0.2638030165931416,1.0,0.0953586497890295,0.1683544303797468,0.0067177776398176,0.000110782291097,real10kg_smc_steady,sinusoidal,2,20006,0.0,1.0,1.0,0.03,0.01,0.3043875060092748,1.0,1.0,1.0,0.1358332305563742,0.3654617334759218,0.1503812986752958,2.8524978416838587,0.1685330529031641,0.1705868154492244,37.96718349948485,1.807961119023088,0.0110273548355556,7.042411942296631,45.0,0.0210227020466216,0.0690381519089148,0.1503812986752958,real10kg_smc_steady,True,2.5,1.0,0.75,real_10kg_v1,thruster,real_10kg_x,1.0,0.0778571428571428,0.1909523809523809,0.0110273548355556,0.0002658864983006,0.1300990207742723,0.1705868154492244,,,20,6,train20_eval6_scn2
startup_0_3s,0.0,3.0,300,0.2391124166841703,0.2354236958348678,0.0418381554564247,0.9845732777057128,0.1749727430996873,0.0306154608278291,0.2299226115178861,0.3668977410121199,0.805460106801504,0.0,0.0,0.0301668549644207,0.0010818981135128,real10kg_smc_steady,sinusoidal,2,20007,0.0,1.0,1.0,0.03,0.01,0.3043793830681668,1.0,1.0,1.0,0.1359708103761395,0.3668977410121199,0.1505174100797623,2.8553870178989307,0.1685330567303702,0.1705865006057685,37.9402239045488,1.8066773287880376,0.011213642353497,7.029518828422153,45.0,0.0226513971780827,0.0757552145744934,0.1505174100797623,real10kg_smc_steady,True,2.5,1.0,0.75,real_10kg_v1,thruster,real_10kg_x,1.0,0.0778571428571428,0.1909523809523809,0.011213642353497,0.0002752193949869,0.1300087736445064,0.1705865006057685,,,20,7,train20_eval7_scn2
pre_step_3_10s,3.0,10.0,700,0.1063876852104298,0.1058140224612482,0.0110332323008253,0.9946078087135088,0.1037077954934547,0.0107553068461122,0.100515166102142,0.18218280838956,1.0,0.075,0.2428571428571428,0.0093661941220529,0.000148735501713,real10kg_smc_steady,sinusoidal,2,20007,0.0,1.0,1.0,0.03,0.01,0.3043793830681668,1.0,1.0,1.0,0.1359708103761395,0.3668977410121199,0.1505174100797623,2.8553870178989307,0.1685330567303702,0.1705865006057685,37.9402239045488,1.8066773287880376,0.011213642353497,7.029518828422153,45.0,0.0226513971780827,0.0757552145744934,0.1505174100797623,real10kg_smc_steady,True,2.5,1.0,0.75,real_10kg_v1,thruster,real_10kg_x,1.0,0.0778571428571428,0.1909523809523809,0.011213642353497,0.0002752193949869,0.1300087736445064,0.1705865006057685,,,20,7,train20_eval7_scn2
step_recovery_10_13s,10.0,13.0,300,0.0617733746125008,0.0569148220812948,0.0240135969498724,0.9213487596932604,0.388737010087399,0.1511164630116905,0.0579041684813791,0.1057406959524967,1.0,0.0966666666666666,0.2933333333333333,0.0087945864158392,0.0002096161623606,real10kg_smc_steady,sinusoidal,2,20007,0.0,1.0,1.0,0.03,0.01,0.3043793830681668,1.0,1.0,1.0,0.1359708103761395,0.3668977410121199,0.1505174100797623,2.8553870178989307,0.1685330567303702,0.1705865006057685,37.9402239045488,1.8066773287880376,0.011213642353497,7.029518828422153,45.0,0.0226513971780827,0.0757552145744934,0.1505174100797623,real10kg_smc_steady,True,2.5,1.0,0.75,real_10kg_v1,thruster,real_10kg_x,1.0,0.0778571428571428,0.1909523809523809,0.011213642353497,0.0002752193949869,0.1300087736445064,0.1705865006057685,,,20,7,train20_eval7_scn2
post_step_13_20p9s,13.0,20.9,790,0.161245288044258,0.1600973019811323,0.0192066867220211,0.9928804985432466,0.1191147161878578,0.0141883156125139,0.1594621724034005,0.2637952664490257,1.0,0.0953586497890295,0.1683544303797468,0.0067229955080501,0.0001111717248109,real10kg_smc_steady,sinusoidal,2,20007,0.0,1.0,1.0,0.03,0.01,0.3043793830681668,1.0,1.0,1.0,0.1359708103761395,0.3668977410121199,0.1505174100797623,2.8553870178989307,0.1685330567303702,0.1705865006057685,37.9402239045488,1.8066773287880376,0.011213642353497,7.029518828422153,45.0,0.0226513971780827,0.0757552145744934,0.1505174100797623,real10kg_smc_steady,True,2.5,1.0,0.75,real_10kg_v1,thruster,real_10kg_x,1.0,0.0778571428571428,0.1909523809523809,0.011213642353497,0.0002752193949869,0.1300087736445064,0.1705865006057685,,,20,7,train20_eval7_scn2
startup_0_3s,0.0,3.0,300,0.2275466452886821,0.224812007226258,0.035171539474897,0.9879820769980822,0.154568481685484,0.0238914155305558,0.2170632081556602,0.3530755882343997,0.7574083018993332,0.0,0.0,0.0269091381966384,0.0009413681328101,real10kg_smc_steady,sinusoidal,2,20008,0.0,1.0,1.0,0.03,0.01,0.304388549303881,1.0,1.0,1.0,0.1341654513971745,0.3530755882343997,0.1479601513848952,2.8174744793406648,0.1685330621996496,0.1705871039803965,37.87827075485223,1.8037271788024871,0.0107143197578111,7.021030726220623,45.0,0.0209427234232317,0.0648510557737101,0.1479601513848952,real10kg_smc_steady,True,2.5,1.0,0.75,real_10kg_v1,thruster,real_10kg_x,1.0,0.0776984126984127,0.1904761904761904,0.0107143197578111,0.0002530246163043,0.1300435625747224,0.1705871039803965,,,20,8,train20_eval8_scn2
pre_step_3_10s,3.0,10.0,700,0.1065092704082234,0.1059497228124723,0.010903252673048,0.9947464892623294,0.1023690485462774,0.0104794221002701,0.1006176758269812,0.1824303743592248,1.0,0.0745238095238095,0.2414285714285714,0.0092945673886271,0.0001443688549999,real10kg_smc_steady,sinusoidal,2,20008,0.0,1.0,1.0,0.03,0.01,0.304388549303881,1.0,1.0,1.0,0.1341654513971745,0.3530755882343997,0.1479601513848952,2.8174744793406648,0.1685330621996496,0.1705871039803965,37.87827075485223,1.8037271788024871,0.0107143197578111,7.021030726220623,45.0,0.0209427234232317,0.0648510557737101,0.1479601513848952,real10kg_smc_steady,True,2.5,1.0,0.75,real_10kg_v1,thruster,real_10kg_x,1.0,0.0776984126984127,0.1904761904761904,0.0107143197578111,0.0002530246163043,0.1300435625747224,0.1705871039803965,,,20,8,train20_eval8_scn2
step_recovery_10_13s,10.0,13.0,300,0.0617564942016998,0.0569070109915936,0.023988678081279,0.9214741174544718,0.3884397647789194,0.1508854508615022,0.0579002782478938,0.1057252974294978,1.0,0.0966666666666666,0.2933333333333333,0.0087386313706585,0.0002057952886235,real10kg_smc_steady,sinusoidal,2,20008,0.0,1.0,1.0,0.03,0.01,0.304388549303881,1.0,1.0,1.0,0.1341654513971745,0.3530755882343997,0.1479601513848952,2.8174744793406648,0.1685330621996496,0.1705871039803965,37.87827075485223,1.8037271788024871,0.0107143197578111,7.021030726220623,45.0,0.0209427234232317,0.0648510557737101,0.1479601513848952,real10kg_smc_steady,True,2.5,1.0,0.75,real_10kg_v1,thruster,real_10kg_x,1.0,0.0776984126984127,0.1904761904761904,0.0107143197578111,0.0002530246163043,0.1300435625747224,0.1705871039803965,,,20,8,train20_eval8_scn2
post_step_13_20p9s,13.0,20.9,790,0.1612403071696468,0.1600925175583614,0.0192047514430103,0.9928814969939384,0.1191063933089901,0.0141863329270758,0.1594569483424277,0.2638073130502602,1.0,0.0953586497890295,0.1683544303797468,0.0067147277369587,0.0001105673178569,real10kg_smc_steady,sinusoidal,2,20008,0.0,1.0,1.0,0.03,0.01,0.304388549303881,1.0,1.0,1.0,0.1341654513971745,0.3530755882343997,0.1479601513848952,2.8174744793406648,0.1685330621996496,0.1705871039803965,37.87827075485223,1.8037271788024871,0.0107143197578111,7.021030726220623,45.0,0.0209427234232317,0.0648510557737101,0.1479601513848952,real10kg_smc_steady,True,2.5,1.0,0.75,real_10kg_v1,thruster,real_10kg_x,1.0,0.0776984126984127,0.1904761904761904,0.0107143197578111,0.0002530246163043,0.1300435625747224,0.1705871039803965,,,20,8,train20_eval8_scn2
startup_0_3s,0.0,3.0,300,0.2269734457491151,0.2238742506787447,0.0373800074673224,0.9863455609966106,0.1646889015759156,0.0271224343022816,0.2174240801404159,0.3492132284072092,0.7405043387261608,0.0,0.0,0.0287541344999921,0.0010173392409318,real10kg_smc_steady,sinusoidal,2,20009,0.0,1.0,1.0,0.03,0.01,0.304374944736715,1.0,1.0,1.0,0.134276086861915,0.3492132284072092,0.1478880655854587,2.819797824100217,0.1685336342402527,0.1705881277047804,37.82470807829898,1.8011765751570945,0.0109960226097883,7.044291546546722,45.0,0.0214998259229731,0.0676619586694069,0.1478880655854587,real10kg_smc_steady,True,2.5,1.0,0.75,real_10kg_v1,thruster,real_10kg_x,1.0,0.0776984126984127,0.1904761904761904,0.0109960226097883,0.0002649349013171,0.1301148303890554,0.1705881277047804,,,20,9,train20_eval9_scn2
pre_step_3_10s,3.0,10.0,700,0.106723873397717,0.1061577383287699,0.0109781485657799,0.9946953286933534,0.102864974970209,0.0105812030756217,0.1007799025900402,0.1842757392345681,1.0,0.0745238095238095,0.2414285714285714,0.0093388290039159,0.0001469468161814,real10kg_smc_steady,sinusoidal,2,20009,0.0,1.0,1.0,0.03,0.01,0.304374944736715,1.0,1.0,1.0,0.134276086861915,0.3492132284072092,0.1478880655854587,2.819797824100217,0.1685336342402527,0.1705881277047804,37.82470807829898,1.8011765751570945,0.0109960226097883,7.044291546546722,45.0,0.0214998259229731,0.0676619586694069,0.1478880655854587,real10kg_smc_steady,True,2.5,1.0,0.75,real_10kg_v1,thruster,real_10kg_x,1.0,0.0776984126984127,0.1904761904761904,0.0109960226097883,0.0002649349013171,0.1301148303890554,0.1705881277047804,,,20,9,train20_eval9_scn2
step_recovery_10_13s,10.0,13.0,300,0.0617691512857533,0.0569128832681239,0.0240073273954262,0.9213803667924204,0.3886620893391384,0.1510582196894643,0.0579278227657144,0.1056580132074791,1.0,0.0966666666666666,0.2933333333333333,0.00876398549924,0.0002068023525809,real10kg_smc_steady,sinusoidal,2,20009,0.0,1.0,1.0,0.03,0.01,0.304374944736715,1.0,1.0,1.0,0.134276086861915,0.3492132284072092,0.1478880655854587,2.819797824100217,0.1685336342402527,0.1705881277047804,37.82470807829898,1.8011765751570945,0.0109960226097883,7.044291546546722,45.0,0.0214998259229731,0.0676619586694069,0.1478880655854587,real10kg_smc_steady,True,2.5,1.0,0.75,real_10kg_v1,thruster,real_10kg_x,1.0,0.0776984126984127,0.1904761904761904,0.0109960226097883,0.0002649349013171,0.1301148303890554,0.1705881277047804,,,20,9,train20_eval9_scn2
post_step_13_20p9s,13.0,20.9,790,0.1612438955891578,0.1600954070443571,0.0192107914482678,0.9928773207779164,0.119141201458045,0.0141946258848664,0.1594598881752444,0.2638082771974722,1.0,0.0953586497890295,0.1683544303797468,0.0067163950765434,0.0001107831219186,real10kg_smc_steady,sinusoidal,2,20009,0.0,1.0,1.0,0.03,0.01,0.304374944736715,1.0,1.0,1.0,0.134276086861915,0.3492132284072092,0.1478880655854587,2.819797824100217,0.1685336342402527,0.1705881277047804,37.82470807829898,1.8011765751570945,0.0109960226097883,7.044291546546722,45.0,0.0214998259229731,0.0676619586694069,0.1478880655854587,real10kg_smc_steady,True,2.5,1.0,0.75,real_10kg_v1,thruster,real_10kg_x,1.0,0.0776984126984127,0.1904761904761904,0.0109960226097883,0.0002649349013171,0.1301148303890554,0.1705881277047804,,,20,9,train20_eval9_scn2
startup_0_3s,0.0,3.0,300,0.2343273314533953,0.2318697584454194,0.0338483882117339,0.9895122221008834,0.1444491686129491,0.0208655623129721,0.2246213256330953,0.3162645072393694,0.9249762086527904,0.0,0.0,0.0260887821666604,0.0008671579182381,real10kg_smc_steady,step_change,3,20000,0.0,1.0,1.0,0.03,0.01,0.0334429403798215,1.0,1.0,1.0,0.1197878027124682,0.3162645072393694,0.13450071994101,2.515543856961832,0.0941438255384098,0.0968650546405091,26.09627313744285,1.2426796732115644,0.0109601545739029,6.919082398645124,45.0,0.020890756065032,0.0630501943715194,0.13450071994101,real10kg_smc_steady,True,2.5,1.0,0.75,real_10kg_v1,thruster,real_10kg_x,1.0,0.0091269841269841,0.028095238095238,0.0109601545739029,0.0030130005801835,0.109334202780954,0.0968650546405091,,,20,0,train20_eval0_scn3
pre_step_3_10s,3.0,10.0,700,0.1241157417764044,0.1236757424746639,0.0104416512127019,0.9964549275100558,0.0841283391071592,0.0070775774409291,0.1166354704064076,0.2146962121593398,1.0,0.0269047619047619,0.0828571428571428,0.006531033584026,0.0001171658777966,real10kg_smc_steady,step_change,3,20000,0.0,1.0,1.0,0.03,0.01,0.0334429403798215,1.0,1.0,1.0,0.1197878027124682,0.3162645072393694,0.13450071994101,2.515543856961832,0.0941438255384098,0.0968650546405091,26.09627313744285,1.2426796732115644,0.0109601545739029,6.919082398645124,45.0,0.020890756065032,0.0630501943715194,0.13450071994101,real10kg_smc_steady,True,2.5,1.0,0.75,real_10kg_v1,thruster,real_10kg_x,1.0,0.0091269841269841,0.028095238095238,0.0109601545739029,0.0030130005801835,0.109334202780954,0.0968650546405091,,,20,0,train20_eval0_scn3
step_recovery_10_13s,10.0,13.0,300,0.0566086460020381,0.0514438642191698,0.0236234552168746,0.9087633754270978,0.4173117868960183,0.1741491274823478,0.0545062118145719,0.0866107614509976,1.0,0.0011111111111111,0.0033333333333333,0.0142015060616334,0.009967966884982,real10kg_smc_steady,step_change,3,20000,0.0,1.0,1.0,0.03,0.01,0.0334429403798215,1.0,1.0,1.0,0.1197878027124682,0.3162645072393694,0.13450071994101,2.515543856961832,0.0941438255384098,0.0968650546405091,26.09627313744285,1.2426796732115644,0.0109601545739029,6.919082398645124,45.0,0.020890756065032,0.0630501943715194,0.13450071994101,real10kg_smc_steady,True,2.5,1.0,0.75,real_10kg_v1,thruster,real_10kg_x,1.0,0.0091269841269841,0.028095238095238,0.0109601545739029,0.0030130005801835,0.109334202780954,0.0968650546405091,,,20,0,train20_eval0_scn3
post_step_13_20p9s,13.0,20.9,790,0.111151115444688,0.1092846307227308,0.0202839826561435,0.9832076833913012,0.1824901403372545,0.0333026513203108,0.1086326581973715,0.1487217405253652,0.8397349467393488,0.0,0.0,0.0080498754603417,0.0001069929171453,real10kg_smc_steady,step_change,3,20000,0.0,1.0,1.0,0.03,0.01,0.0334429403798215,1.0,1.0,1.0,0.1197878027124682,0.3162645072393694,0.13450071994101,2.515543856961832,0.0941438255384098,0.0968650546405091,26.09627313744285,1.2426796732115644,0.0109601545739029,6.919082398645124,45.0,0.020890756065032,0.0630501943715194,0.13450071994101,real10kg_smc_steady,True,2.5,1.0,0.75,real_10kg_v1,thruster,real_10kg_x,1.0,0.0091269841269841,0.028095238095238,0.0109601545739029,0.0030130005801835,0.109334202780954,0.0968650546405091,,,20,0,train20_eval0_scn3
startup_0_3s,0.0,3.0,300,0.2354191555481915,0.2328117853184328,0.0349406842501333,0.9889245621339215,0.1484190365425926,0.0220282104082314,0.2258569332845348,0.3194412411095605,0.8936831471535702,0.0,0.0,0.0265155885564945,0.0008994275394097,real10kg_smc_steady,step_change,3,20001,0.0,1.0,1.0,0.03,0.01,0.0334553340995144,1.0,1.0,1.0,0.1199329374488797,0.3194412411095605,0.1347306525511526,2.518591686426475,0.0941371891820307,0.0968642381482401,26.02158703726056,1.2391231922505026,0.0110380565939764,6.930117823424324,45.0,0.02115781082077,0.0650861930434014,0.1347306525511526,real10kg_smc_steady,True,2.5,1.0,0.75,real_10kg_v1,thruster,real_10kg_x,1.0,0.0091269841269841,0.028095238095238,0.0110380565939764,0.0030185794343164,0.1092735576119189,0.0968642381482401,,,20,1,train20_eval1_scn3
pre_step_3_10s,3.0,10.0,700,0.1239754382950458,0.1235285897658592,0.0105165018379107,0.9963956688894846,0.0848273011375267,0.0071956710182766,0.1165451725683417,0.2133466170070593,1.0,0.0269047619047619,0.0828571428571428,0.0065592864323433,0.0001190322398766,real10kg_smc_steady,step_change,3,20001,0.0,1.0,1.0,0.03,0.01,0.0334553340995144,1.0,1.0,1.0,0.1199329374488797,0.3194412411095605,0.1347306525511526,2.518591686426475,0.0941371891820307,0.0968642381482401,26.02158703726056,1.2391231922505026,0.0110380565939764,6.930117823424324,45.0,0.02115781082077,0.0650861930434014,0.1347306525511526,real10kg_smc_steady,True,2.5,1.0,0.75,real_10kg_v1,thruster,real_10kg_x,1.0,0.0091269841269841,0.028095238095238,0.0110380565939764,0.0030185794343164,0.1092735576119189,0.0968642381482401,,,20,1,train20_eval1_scn3
step_recovery_10_13s,10.0,13.0,300,0.0566101917426506,0.0514402262888429,0.0236350783474965,0.908674298838091,0.4175057108963944,0.1743110186311036,0.0544990473798643,0.0866673776589352,1.0,0.0011111111111111,0.0033333333333333,0.014236187087822,0.0099699547256217,real10kg_smc_steady,step_change,3,20001,0.0,1.0,1.0,0.03,0.01,0.0334553340995144,1.0,1.0,1.0,0.1199329374488797,0.3194412411095605,0.1347306525511526,2.518591686426475,0.0941371891820307,0.0968642381482401,26.02158703726056,1.2391231922505026,0.0110380565939764,6.930117823424324,45.0,0.02115781082077,0.0650861930434014,0.1347306525511526,real10kg_smc_steady,True,2.5,1.0,0.75,real_10kg_v1,thruster,real_10kg_x,1.0,0.0091269841269841,0.028095238095238,0.0110380565939764,0.0030185794343164,0.1092735576119189,0.0968642381482401,,,20,1,train20_eval1_scn3
post_step_13_20p9s,13.0,20.9,790,0.1111538379346464,0.1092885235932075,0.0202779263835968,0.9832186240610452,0.1824311851068913,0.0332811372995048,0.1086324734181875,0.1487023979803224,0.8397033960803002,0.0,0.0,0.0080555878930768,0.0001074602935838,real10kg_smc_steady,step_change,3,20001,0.0,1.0,1.0,0.03,0.01,0.0334553340995144,1.0,1.0,1.0,0.1199329374488797,0.3194412411095605,0.1347306525511526,2.518591686426475,0.0941371891820307,0.0968642381482401,26.02158703726056,1.2391231922505026,0.0110380565939764,6.930117823424324,45.0,0.02115781082077,0.0650861930434014,0.1347306525511526,real10kg_smc_steady,True,2.5,1.0,0.75,real_10kg_v1,thruster,real_10kg_x,1.0,0.0091269841269841,0.028095238095238,0.0110380565939764,0.0030185794343164,0.1092735576119189,0.0968642381482401,,,20,1,train20_eval1_scn3
startup_0_3s,0.0,3.0,300,0.2320256067849029,0.2295460808387409,0.0338301489130122,0.9893135676681558,0.1458035144559459,0.0212586648277052,0.2222191387923716,0.3132651795746762,0.9151100399126592,0.0,0.0,0.0255768475480651,0.0008449471955232,real10kg_smc_steady,step_change,3,20002,0.0,1.0,1.0,0.03,0.01,0.0334553201928487,1.0,1.0,1.0,0.1194816216248817,0.3132651795746762,0.13397713736707,2.5091140541225165,0.0941433616050543,0.0968646811309187,26.081639724863454,1.241982844041117,0.0108821538336551,6.912815333973189,45.0,0.0208804775015014,0.0617262052461905,0.13397713736707,real10kg_smc_steady,True,2.5,1.0,0.75,real_10kg_v1,thruster,real_10kg_x,1.0,0.0091269841269841,0.028095238095238,0.0108821538336551,0.0030094816225216,0.1094023393683615,0.0968646811309187,,,20,2,train20_eval2_scn3
pre_step_3_10s,3.0,10.0,700,0.124271644217846,0.1238345469164402,0.010413767166922,0.9964827269796194,0.0837984178326866,0.0070221748312615,0.1167493635208626,0.2154276129615552,1.0,0.0269047619047619,0.0828571428571428,0.0065235108893395,0.0001164639224209,real10kg_smc_steady,step_change,3,20002,0.0,1.0,1.0,0.03,0.01,0.0334553201928487,1.0,1.0,1.0,0.1194816216248817,0.3132651795746762,0.13397713736707,2.5091140541225165,0.0941433616050543,0.0968646811309187,26.081639724863454,1.241982844041117,0.0108821538336551,6.912815333973189,45.0,0.0208804775015014,0.0617262052461905,0.13397713736707,real10kg_smc_steady,True,2.5,1.0,0.75,real_10kg_v1,thruster,real_10kg_x,1.0,0.0091269841269841,0.028095238095238,0.0108821538336551,0.0030094816225216,0.1094023393683615,0.0968646811309187,,,20,2,train20_eval2_scn3
step_recovery_10_13s,10.0,13.0,300,0.0566065295202121,0.0514442082170017,0.0236176337775065,0.9088034305058904,0.4172245494943041,0.174076324700725,0.0545025313852589,0.0866146044318638,1.0,0.0011111111111111,0.0033333333333333,0.0141886458757482,0.0099673642600483,real10kg_smc_steady,step_change,3,20002,0.0,1.0,1.0,0.03,0.01,0.0334553201928487,1.0,1.0,1.0,0.1194816216248817,0.3132651795746762,0.13397713736707,2.5091140541225165,0.0941433616050543,0.0968646811309187,26.081639724863454,1.241982844041117,0.0108821538336551,6.912815333973189,45.0,0.0208804775015014,0.0617262052461905,0.13397713736707,real10kg_smc_steady,True,2.5,1.0,0.75,real_10kg_v1,thruster,real_10kg_x,1.0,0.0091269841269841,0.028095238095238,0.0108821538336551,0.0030094816225216,0.1094023393683615,0.0968646811309187,,,20,2,train20_eval2_scn3
post_step_13_20p9s,13.0,20.9,790,0.1111498948030317,0.1092836689615253,0.0202824755153995,0.9832098280901336,0.1824785848996261,0.03329843394697,0.1086313448066638,0.1487221778156114,0.839740005257569,0.0,0.0,0.008047948949195,0.0001068361291015,real10kg_smc_steady,step_change,3,20002,0.0,1.0,1.0,0.03,0.01,0.0334553201928487,1.0,1.0,1.0,0.1194816216248817,0.3132651795746762,0.13397713736707,2.5091140541225165,0.0941433616050543,0.0968646811309187,26.081639724863454,1.241982844041117,0.0108821538336551,6.912815333973189,45.0,0.0208804775015014,0.0617262052461905,0.13397713736707,real10kg_smc_steady,True,2.5,1.0,0.75,real_10kg_v1,thruster,real_10kg_x,1.0,0.0091269841269841,0.028095238095238,0.0108821538336551,0.0030094816225216,0.1094023393683615,0.0968646811309187,,,20,2,train20_eval2_scn3
startup_0_3s,0.0,3.0,300,0.2426638212243712,0.2392475811118873,0.0405749314641992,0.9859219223729064,0.167206348517371,0.0279579629845125,0.2337129414999162,0.3290514231084456,0.918131855333834,0.0,0.0,0.0283111802775109,0.0009726274950733,real10kg_smc_steady,step_change,3,20003,0.0,1.0,1.0,0.03,0.01,0.0334339410791268,1.0,1.0,1.0,0.1209279037827734,0.3290514231084456,0.1363968065870077,2.5394859794382434,0.0941372913110432,0.0968648445067065,26.065669422738623,1.241222353463744,0.011305627555332,6.950151233241548,45.0,0.0225647008185126,0.0694562617245383,0.1363968065870077,real10kg_smc_steady,True,2.5,1.0,0.75,real_10kg_v1,thruster,real_10kg_x,1.0,0.0091269841269841,0.028095238095238,0.011305627555332,0.0030298001572156,0.1090434865842688,0.0968648445067065,,,20,3,train20_eval3_scn3
pre_step_3_10s,3.0,10.0,700,0.1234498213988008,0.1229935465894228,0.0106040511480891,0.9963039654151952,0.085897662936531,0.0073784084979579,0.116157919520046,0.2107493218483949,1.0,0.0269047619047619,0.0828571428571428,0.0065770562905782,0.0001206586353866,real10kg_smc_steady,step_change,3,20003,0.0,1.0,1.0,0.03,0.01,0.0334339410791268,1.0,1.0,1.0,0.1209279037827734,0.3290514231084456,0.1363968065870077,2.5394859794382434,0.0941372913110432,0.0968648445067065,26.065669422738623,1.241222353463744,0.011305627555332,6.950151233241548,45.0,0.0225647008185126,0.0694562617245383,0.1363968065870077,real10kg_smc_steady,True,2.5,1.0,0.75,real_10kg_v1,thruster,real_10kg_x,1.0,0.0091269841269841,0.028095238095238,0.011305627555332,0.0030298001572156,0.1090434865842688,0.0968648445067065,,,20,3,train20_eval3_scn3
step_recovery_10_13s,10.0,13.0,300,0.0566146731018953,0.0514390602428527,0.0236483464911742,0.9085817761461334,0.4177070217929515,0.1744791560551372,0.0545052304911018,0.086667621418968,1.0,0.0011111111111111,0.0033333333333333,0.0142653001184939,0.0099713241288215,real10kg_smc_steady,step_change,3,20003,0.0,1.0,1.0,0.03,0.01,0.0334339410791268,1.0,1.0,1.0,0.1209279037827734,0.3290514231084456,0.1363968065870077,2.5394859794382434,0.0941372913110432,0.0968648445067065,26.065669422738623,1.241222353463744,0.011305627555332,6.950151233241548,45.0,0.0225647008185126,0.0694562617245383,0.1363968065870077,real10kg_smc_steady,True,2.5,1.0,0.75,real_10kg_v1,thruster,real_10kg_x,1.0,0.0091269841269841,0.028095238095238,0.011305627555332,0.0030298001572156,0.1090434865842688,0.0968648445067065,,,20,3,train20_eval3_scn3
post_step_13_20p9s,13.0,20.9,790,0.1111566127991469,0.1092909548754149,0.0202800333185008,0.9832159520090524,0.1824455856274212,0.0332863917149326,0.1086350862721098,0.1486994604215902,0.8396903241615614,0.0,0.0,0.0080598149949246,0.0001078008570338,real10kg_smc_steady,step_change,3,20003,0.0,1.0,1.0,0.03,0.01,0.0334339410791268,1.0,1.0,1.0,0.1209279037827734,0.3290514231084456,0.1363968065870077,2.5394859794382434,0.0941372913110432,0.0968648445067065,26.065669422738623,1.241222353463744,0.011305627555332,6.950151233241548,45.0,0.0225647008185126,0.0694562617245383,0.1363968065870077,real10kg_smc_steady,True,2.5,1.0,0.75,real_10kg_v1,thruster,real_10kg_x,1.0,0.0091269841269841,0.028095238095238,0.011305627555332,0.0030298001572156,0.1090434865842688,0.0968648445067065,,,20,3,train20_eval3_scn3
startup_0_3s,0.0,3.0,300,0.233322175020434,0.2308828271062943,0.0336505201099632,0.989545151831685,0.1442234117139367,0.0208003924864077,0.223519975799093,0.3152707662815416,0.9086146575992088,0.0,0.0,0.0259826102045398,0.0008712959884656,real10kg_smc_steady,step_change,3,20004,0.0,1.0,1.0,0.03,0.01,0.0334562640027408,1.0,1.0,1.0,0.1196440176215383,0.3152707662815416,0.1342677334800761,2.5125243700523057,0.0941400566918305,0.0968643385493616,26.06154870754577,1.241026128930751,0.0109497531251308,6.921380497737993,45.0,0.0208462219958244,0.0631639527992257,0.1342677334800761,real10kg_smc_steady,True,2.5,1.0,0.75,real_10kg_v1,thruster,real_10kg_x,1.0,0.0091269841269841,0.028095238095238,0.0109497531251308,0.0030138246530458,0.1093583805818216,0.0968643385493616,,,20,4,train20_eval4_scn3
pre_step_3_10s,3.0,10.0,700,0.1241703010199661,0.123729170037808,0.0104573484757946,0.9964473712430864,0.0842177911295641,0.0070926363427428,0.1166802522853896,0.2147310439846378,1.0,0.0269047619047619,0.0828571428571428,0.006539356009354,0.0001176001389323,real10kg_smc_steady,step_change,3,20004,0.0,1.0,1.0,0.03,0.01,0.0334562640027408,1.0,1.0,1.0,0.1196440176215383,0.3152707662815416,0.1342677334800761,2.5125243700523057,0.0941400566918305,0.0968643385493616,26.06154870754577,1.241026128930751,0.0109497531251308,6.921380497737993,45.0,0.0208462219958244,0.0631639527992257,0.1342677334800761,real10kg_smc_steady,True,2.5,1.0,0.75,real_10kg_v1,thruster,real_10kg_x,1.0,0.0091269841269841,0.028095238095238,0.0109497531251308,0.0030138246530458,0.1093583805818216,0.0968643385493616,,,20,4,train20_eval4_scn3
step_recovery_10_13s,10.0,13.0,300,0.0566078114128527,0.0514424042147219,0.0236246346334131,0.908750982078102,0.4173387743453576,0.1741716525720853,0.0545000334424203,0.0866417598618705,1.0,0.0011111111111111,0.0033333333333333,0.0142092934684243,0.0099685062425679,real10kg_smc_steady,step_change,3,20004,0.0,1.0,1.0,0.03,0.01,0.0334562640027408,1.0,1.0,1.0,0.1196440176215383,0.3152707662815416,0.1342677334800761,2.5125243700523057,0.0941400566918305,0.0968643385493616,26.06154870754577,1.241026128930751,0.0109497531251308,6.921380497737993,45.0,0.0208462219958244,0.0631639527992257,0.1342677334800761,real10kg_smc_steady,True,2.5,1.0,0.75,real_10kg_v1,thruster,real_10kg_x,1.0,0.0091269841269841,0.028095238095238,0.0109497531251308,0.0030138246530458,0.1093583805818216,0.0968643385493616,,,20,4,train20_eval4_scn3
post_step_13_20p9s,13.0,20.9,790,0.1111515401156202,0.109285825128172,0.0202798741645244,0.9832146726396456,0.1824524801314422,0.0332889075061143,0.1086315382695503,0.1487118827174884,0.8397217826662283,0.0,0.0,0.0080513374646039,0.0001071138459276,real10kg_smc_steady,step_change,3,20004,0.0,1.0,1.0,0.03,0.01,0.0334562640027408,1.0,1.0,1.0,0.1196440176215383,0.3152707662815416,0.1342677334800761,2.5125243700523057,0.0941400566918305,0.0968643385493616,26.06154870754577,1.241026128930751,0.0109497531251308,6.921380497737993,45.0,0.0208462219958244,0.0631639527992257,0.1342677334800761,real10kg_smc_steady,True,2.5,1.0,0.75,real_10kg_v1,thruster,real_10kg_x,1.0,0.0091269841269841,0.028095238095238,0.0109497531251308,0.0030138246530458,0.1093583805818216,0.0968643385493616,,,20,4,train20_eval4_scn3
startup_0_3s,0.0,3.0,300,0.2360605155135563,0.2334144518867109,0.035245717966191,0.988790740285012,0.1493079767682157,0.022292871926618,0.226656892675608,0.3188834695449981,0.9441509903159068,0.0,0.0,0.0276365290303518,0.0009272633515669,real10kg_smc_steady,step_change,3,20005,0.0,1.0,1.0,0.03,0.01,0.0334256117730244,1.0,1.0,1.0,0.1200775258112616,0.3188834695449981,0.1349371114618903,2.521628042036494,0.0941432118238307,0.0968654350080992,26.12801326193812,1.2441911077113392,0.0111945548440799,6.9374014741738,45.0,0.0212310993921032,0.0645512183456084,0.1349371114618903,real10kg_smc_steady,True,2.5,1.0,0.75,real_10kg_v1,thruster,real_10kg_x,1.0,0.0091269841269841,0.028095238095238,0.0111945548440799,0.0030223588455776,0.1093401431033942,0.0968654350080992,,,20,5,train20_eval5_scn3
pre_step_3_10s,3.0,10.0,700,0.1241260863461141,0.123680534207782,0.0105076529101727,0.9964104875014764,0.0846530589941672,0.0071661403970699,0.1166283123996353,0.2154052279730013,1.0,0.0269047619047619,0.0828571428571428,0.0065569852086098,0.0001188793063801,real10kg_smc_steady,step_change,3,20005,0.0,1.0,1.0,0.03,0.01,0.0334256117730244,1.0,1.0,1.0,0.1200775258112616,0.3188834695449981,0.1349371114618903,2.521628042036494,0.0941432118238307,0.0968654350080992,26.12801326193812,1.2441911077113392,0.0111945548440799,6.9374014741738,45.0,0.0212310993921032,0.0645512183456084,0.1349371114618903,real10kg_smc_steady,True,2.5,1.0,0.75,real_10kg_v1,thruster,real_10kg_x,1.0,0.0091269841269841,0.028095238095238,0.0111945548440799,0.0030223588455776,0.1093401431033942,0.0968654350080992,,,20,5,train20_eval5_scn3
step_recovery_10_13s,10.0,13.0,300,0.056612408423546,0.0514430013249098,0.0236343479326108,0.9086877375016232,0.4174764612695922,0.1742865957141813,0.0545108100895862,0.0866153673139598,1.0,0.0011111111111111,0.0033333333333333,0.0142272039655888,0.0099691768500088,real10kg_smc_steady,step_change,3,20005,0.0,1.0,1.0,0.03,0.01,0.0334256117730244,1.0,1.0,1.0,0.1200775258112616,0.3188834695449981,0.1349371114618903,2.521628042036494,0.0941432118238307,0.0968654350080992,26.12801326193812,1.2441911077113392,0.0111945548440799,6.9374014741738,45.0,0.0212310993921032,0.0645512183456084,0.1349371114618903,real10kg_smc_steady,True,2.5,1.0,0.75,real_10kg_v1,thruster,real_10kg_x,1.0,0.0091269841269841,0.028095238095238,0.0111945548440799,0.0030223588455776,0.1093401431033942,0.0968654350080992,,,20,5,train20_eval5_scn3
post_step_13_20p9s,13.0,20.9,790,0.1111535564672007,0.109286910542523,0.0202850757794432,0.9832066018937636,0.1824959670582293,0.0333047779925183,0.1086346889968352,0.1487173764314823,0.8397209633166287,0.0,0.0,0.008053760716751,0.0001073133800799,real10kg_smc_steady,step_change,3,20005,0.0,1.0,1.0,0.03,0.01,0.0334256117730244,1.0,1.0,1.0,0.1200775258112616,0.3188834695449981,0.1349371114618903,2.521628042036494,0.0941432118238307,0.0968654350080992,26.12801326193812,1.2441911077113392,0.0111945548440799,6.9374014741738,45.0,0.0212310993921032,0.0645512183456084,0.1349371114618903,real10kg_smc_steady,True,2.5,1.0,0.75,real_10kg_v1,thruster,real_10kg_x,1.0,0.0091269841269841,0.028095238095238,0.0111945548440799,0.0030223588455776,0.1093401431033942,0.0968654350080992,,,20,5,train20_eval5_scn3
startup_0_3s,0.0,3.0,300,0.2327992915489114,0.2303821810378054,0.0334598387016266,0.9896171912937368,0.143728266864578,0.0206578146958953,0.223121907915674,0.3140340661393016,0.9335670442317476,0.0,0.0,0.0264568448413757,0.0008771829778039,real10kg_smc_steady,step_change,3,20006,0.0,1.0,1.0,0.03,0.01,0.0334348842980183,1.0,1.0,1.0,0.1196205183395895,0.3140340661393016,0.1341838252450332,2.512030885131381,0.0941460735762078,0.0968655687000497,26.113692435292236,1.2435091635853444,0.0110137639200794,6.922319768359023,45.0,0.0208017314377623,0.0625523017467378,0.1341838252450332,real10kg_smc_steady,True,2.5,1.0,0.75,real_10kg_v1,thruster,real_10kg_x,1.0,0.0091269841269841,0.028095238095238,0.0110137639200794,0.0030144552103858,0.1094239329062676,0.0968655687000497,,,20,6,train20_eval6_scn3
pre_step_3_10s,3.0,10.0,700,0.1243185150544934,0.123879537935942,0.0104380681225889,0.9964689320946362,0.0839622973135866,0.0070496673701751,0.1167730905143249,0.2161509508520672,1.0,0.0269047619047619,0.0828571428571428,0.0065358085628003,0.0001173255668029,real10kg_smc_steady,step_change,3,20006,0.0,1.0,1.0,0.03,0.01,0.0334348842980183,1.0,1.0,1.0,0.1196205183395895,0.3140340661393016,0.1341838252450332,2.512030885131381,0.0941460735762078,0.0968655687000497,26.113692435292236,1.2435091635853444,0.0110137639200794,6.922319768359023,45.0,0.0208017314377623,0.0625523017467378,0.1341838252450332,real10kg_smc_steady,True,2.5,1.0,0.75,real_10kg_v1,thruster,real_10kg_x,1.0,0.0091269841269841,0.028095238095238,0.0110137639200794,0.0030144552103858,0.1094239329062676,0.0968655687000497,,,20,6,train20_eval6_scn3
step_recovery_10_13s,10.0,13.0,300,0.0566099368460925,0.0514447542561206,0.0236246102453765,0.9087583756891529,0.4173226744556452,0.1741582146148124,0.054510661086079,0.0865927924436499,1.0,0.0011111111111111,0.0033333333333333,0.0142005317818022,0.0099678096382038,real10kg_smc_steady,step_change,3,20006,0.0,1.0,1.0,0.03,0.01,0.0334348842980183,1.0,1.0,1.0,0.1196205183395895,0.3140340661393016,0.1341838252450332,2.512030885131381,0.0941460735762078,0.0968655687000497,26.113692435292236,1.2435091635853444,0.0110137639200794,6.922319768359023,45.0,0.0208017314377623,0.0625523017467378,0.1341838252450332,real10kg_smc_steady,True,2.5,1.0,0.75,real_10kg_v1,thruster,real_10kg_x,1.0,0.0091269841269841,0.028095238095238,0.0110137639200794,0.0030144552103858,0.1094239329062676,0.0968655687000497,,,20,6,train20_eval6_scn3
post_step_13_20p9s,13.0,20.9,790,0.1111512267973152,0.1092842741837141,0.0202865136158731,0.983203490709054,0.1825127279329604,0.0333108958575308,0.1086336406876785,0.1487275159069081,0.8397420068819488,0.0,0.0,0.008049574634604,0.0001069659823163,real10kg_smc_steady,step_change,3,20006,0.0,1.0,1.0,0.03,0.01,0.0334348842980183,1.0,1.0,1.0,0.1196205183395895,0.3140340661393016,0.1341838252450332,2.512030885131381,0.0941460735762078,0.0968655687000497,26.113692435292236,1.2435091635853444,0.0110137639200794,6.922319768359023,45.0,0.0208017314377623,0.0625523017467378,0.1341838252450332,real10kg_smc_steady,True,2.5,1.0,0.75,real_10kg_v1,thruster,real_10kg_x,1.0,0.0091269841269841,0.028095238095238,0.0110137639200794,0.0030144552103858,0.1094239329062676,0.0968655687000497,,,20,6,train20_eval6_scn3
startup_0_3s,0.0,3.0,300,0.2376788176812305,0.2343409991191864,0.0396927764986159,0.985956600615034,0.1670017416186031,0.0278895817036466,0.2284869868048971,0.3229468025406479,0.8953462301278996,0.0,0.0,0.0276080847694043,0.0009494227329329,real10kg_smc_steady,step_change,3,20007,0.0,1.0,1.0,0.03,0.01,0.0334169142944569,1.0,1.0,1.0,0.1202881411955579,0.3229468025406479,0.1352696227696039,2.526050965106718,0.0941406164178674,0.0968654457088456,26.02044418527543,1.2390687707274013,0.0112039616524354,6.94820243147866,45.0,0.0223342017905247,0.0675274691380619,0.1352696227696039,real10kg_smc_steady,True,2.5,1.0,0.75,real_10kg_v1,thruster,real_10kg_x,1.0,0.0091269841269841,0.028095238095238,0.0112039616524354,0.0030263310216986,0.1092351252537915,0.0968654457088456,,,20,7,train20_eval7_scn3
pre_step_3_10s,3.0,10.0,700,0.123884973889842,0.1234337690362015,0.0105636838841616,0.9963578726339992,0.0852700981602078,0.0072709896402514,0.1164743881072022,0.2129813270977986,1.0,0.0269047619047619,0.0828571428571428,0.0065781414672062,0.0001203972671185,real10kg_smc_steady,step_change,3,20007,0.0,1.0,1.0,0.03,0.01,0.0334169142944569,1.0,1.0,1.0,0.1202881411955579,0.3229468025406479,0.1352696227696039,2.526050965106718,0.0941406164178674,0.0968654457088456,26.02044418527543,1.2390687707274013,0.0112039616524354,6.94820243147866,45.0,0.0223342017905247,0.0675274691380619,0.1352696227696039,real10kg_smc_steady,True,2.5,1.0,0.75,real_10kg_v1,thruster,real_10kg_x,1.0,0.0091269841269841,0.028095238095238,0.0112039616524354,0.0030263310216986,0.1092351252537915,0.0968654457088456,,,20,7,train20_eval7_scn3
step_recovery_10_13s,10.0,13.0,300,0.0566154093028444,0.0514406996233687,0.0236465429352147,0.908598917800004,0.4176697338480022,0.174448006572661,0.0545115331787617,0.0866377196820393,1.0,0.0011111111111111,0.0033333333333333,0.0142578101625291,0.0099708112186082,real10kg_smc_steady,step_change,3,20007,0.0,1.0,1.0,0.03,0.01,0.0334169142944569,1.0,1.0,1.0,0.1202881411955579,0.3229468025406479,0.1352696227696039,2.526050965106718,0.0941406164178674,0.0968654457088456,26.02044418527543,1.2390687707274013,0.0112039616524354,6.94820243147866,45.0,0.0223342017905247,0.0675274691380619,0.1352696227696039,real10kg_smc_steady,True,2.5,1.0,0.75,real_10kg_v1,thruster,real_10kg_x,1.0,0.0091269841269841,0.028095238095238,0.0112039616524354,0.0030263310216986,0.1092351252537915,0.0968654457088456,,,20,7,train20_eval7_scn3
post_step_13_20p9s,13.0,20.9,790,0.1111561761874339,0.1092897801780299,0.0202839703522205,0.9832092460048564,0.1824817211957461,0.033299578570562,0.1086360638560949,0.1487077539765426,0.8397003255179898,0.0,0.0,0.0080584490769416,0.000107692041306,real10kg_smc_steady,step_change,3,20007,0.0,1.0,1.0,0.03,0.01,0.0334169142944569,1.0,1.0,1.0,0.1202881411955579,0.3229468025406479,0.1352696227696039,2.526050965106718,0.0941406164178674,0.0968654457088456,26.02044418527543,1.2390687707274013,0.0112039616524354,6.94820243147866,45.0,0.0223342017905247,0.0675274691380619,0.1352696227696039,real10kg_smc_steady,True,2.5,1.0,0.75,real_10kg_v1,thruster,real_10kg_x,1.0,0.0091269841269841,0.028095238095238,0.0112039616524354,0.0030263310216986,0.1092351252537915,0.0968654457088456,,,20,7,train20_eval7_scn3
startup_0_3s,0.0,3.0,300,0.2234687995877845,0.2209371071283862,0.0335424966713187,0.9886709354322912,0.1500992386104546,0.0225297814314382,0.2130735293997949,0.3018476730843129,0.878431988001072,0.0,0.0,0.02436230186698,0.0008052722914679,real10kg_smc_steady,step_change,3,20008,0.0,1.0,1.0,0.03,0.01,0.0334557185672403,1.0,1.0,1.0,0.1183541922913691,0.3018476730843129,0.1321133219412042,2.485438038118752,0.0941508164287734,0.0968659192289502,26.01686301458952,1.2388982387899772,0.0107007618113905,6.910775229119983,45.0,0.0208023284007857,0.0593391759753723,0.1321133219412042,real10kg_smc_steady,True,2.5,1.0,0.75,real_10kg_v1,thruster,real_10kg_x,1.0,0.0091269841269841,0.028095238095238,0.0107007618113905,0.0030031822437193,0.1097263296047462,0.0968659192289502,,,20,8,train20_eval8_scn3
pre_step_3_10s,3.0,10.0,700,0.1250057175544414,0.1245779872637194,0.0103322074418469,0.996578314183623,0.0826538789103559,0.0068316636989277,0.1172812445390026,0.2188935264943136,1.0,0.0269047619047619,0.0828571428571428,0.0065169819196076,0.0001153592125222,real10kg_smc_steady,step_change,3,20008,0.0,1.0,1.0,0.03,0.01,0.0334557185672403,1.0,1.0,1.0,0.1183541922913691,0.3018476730843129,0.1321133219412042,2.485438038118752,0.0941508164287734,0.0968659192289502,26.01686301458952,1.2388982387899772,0.0107007618113905,6.910775229119983,45.0,0.0208023284007857,0.0593391759753723,0.1321133219412042,real10kg_smc_steady,True,2.5,1.0,0.75,real_10kg_v1,thruster,real_10kg_x,1.0,0.0091269841269841,0.028095238095238,0.0107007618113905,0.0030031822437193,0.1097263296047462,0.0968659192289502,,,20,8,train20_eval8_scn3
step_recovery_10_13s,10.0,13.0,300,0.0566070245745395,0.0514473716851202,0.0236119287199417,0.908851367331185,0.4171201171128471,0.1739891921002353,0.0545107854380472,0.0865586025078093,1.0,0.0011111111111111,0.0033333333333333,0.0141618847990854,0.0099658385261394,real10kg_smc_steady,step_change,3,20008,0.0,1.0,1.0,0.03,0.01,0.0334557185672403,1.0,1.0,1.0,0.1183541922913691,0.3018476730843129,0.1321133219412042,2.485438038118752,0.0941508164287734,0.0968659192289502,26.01686301458952,1.2388982387899772,0.0107007618113905,6.910775229119983,45.0,0.0208023284007857,0.0593391759753723,0.1321133219412042,real10kg_smc_steady,True,2.5,1.0,0.75,real_10kg_v1,thruster,real_10kg_x,1.0,0.0091269841269841,0.028095238095238,0.0107007618113905,0.0030031822437193,0.1097263296047462,0.0968659192289502,,,20,8,train20_eval8_scn3
post_step_13_20p9s,13.0,20.9,790,0.1111478744354503,0.1092804599358432,0.0202886931005717,0.9831988285057888,0.1825378416242637,0.0333200636248447,0.1086322967495972,0.1487446060323634,0.8397775243181543,0.0,0.0,0.0080433143085541,0.0001064389060745,real10kg_smc_steady,step_change,3,20008,0.0,1.0,1.0,0.03,0.01,0.0334557185672403,1.0,1.0,1.0,0.1183541922913691,0.3018476730843129,0.1321133219412042,2.485438038118752,0.0941508164287734,0.0968659192289502,26.01686301458952,1.2388982387899772,0.0107007618113905,6.910775229119983,45.0,0.0208023284007857,0.0593391759753723,0.1321133219412042,real10kg_smc_steady,True,2.5,1.0,0.75,real_10kg_v1,thruster,real_10kg_x,1.0,0.0091269841269841,0.028095238095238,0.0107007618113905,0.0030031822437193,0.1097263296047462,0.0968659192289502,,,20,8,train20_eval8_scn3
startup_0_3s,0.0,3.0,300,0.2212114591065643,0.2183825164148148,0.0352645170729485,0.9872115906509767,0.159415417335865,0.025413275284368,0.2115185321552318,0.2993829517514896,0.8759888570343877,0.0,0.0,0.026134640454413,0.0008830433856636,real10kg_smc_steady,step_change,3,20009,0.0,1.0,1.0,0.03,0.01,0.0334223500943379,1.0,1.0,1.0,0.1182089532334232,0.2993829517514896,0.13167579513577,2.4823880179018887,0.0941499522339193,0.096866550338346,25.995546295795357,1.2378831569426358,0.0109770052714797,6.923493295896503,45.0,0.0212203655008039,0.0594024228147291,0.13167579513577,real10kg_smc_steady,True,2.5,1.0,0.75,real_10kg_v1,thruster,real_10kg_x,1.0,0.009047619047619,0.0276190476190476,0.0109770052714797,0.003015545216968,0.1098750013518436,0.096866550338346,,,20,9,train20_eval9_scn3
pre_step_3_10s,3.0,10.0,700,0.1253362168599252,0.1249035214204749,0.0104056519989451,0.9965477221964196,0.0830219090669889,0.0068926373851273,0.1175052701670599,0.2210572461065423,1.0,0.0266666666666666,0.0814285714285714,0.0065629097015068,0.0001180918198128,real10kg_smc_steady,step_change,3,20009,0.0,1.0,1.0,0.03,0.01,0.0334223500943379,1.0,1.0,1.0,0.1182089532334232,0.2993829517514896,0.13167579513577,2.4823880179018887,0.0941499522339193,0.096866550338346,25.995546295795357,1.2378831569426358,0.0109770052714797,6.923493295896503,45.0,0.0212203655008039,0.0594024228147291,0.13167579513577,real10kg_smc_steady,True,2.5,1.0,0.75,real_10kg_v1,thruster,real_10kg_x,1.0,0.009047619047619,0.0276190476190476,0.0109770052714797,0.003015545216968,0.1098750013518436,0.096866550338346,,,20,9,train20_eval9_scn3
step_recovery_10_13s,10.0,13.0,300,0.0566129666728969,0.051446231643043,0.0236286530559169,0.9087358367967774,0.4173717514653582,0.1741991789212607,0.0545190751130994,0.0865624436825099,1.0,0.0011111111111111,0.0033333333333333,0.0142026575821421,0.0099677763022848,real10kg_smc_steady,step_change,3,20009,0.0,1.0,1.0,0.03,0.01,0.0334223500943379,1.0,1.0,1.0,0.1182089532334232,0.2993829517514896,0.13167579513577,2.4823880179018887,0.0941499522339193,0.096866550338346,25.995546295795357,1.2378831569426358,0.0109770052714797,6.923493295896503,45.0,0.0212203655008039,0.0594024228147291,0.13167579513577,real10kg_smc_steady,True,2.5,1.0,0.75,real_10kg_v1,thruster,real_10kg_x,1.0,0.009047619047619,0.0276190476190476,0.0109770052714797,0.003015545216968,0.1098750013518436,0.096866550338346,,,20,9,train20_eval9_scn3
post_step_13_20p9s,13.0,20.9,790,0.1111517303000258,0.1092839751787293,0.0202908826280316,0.9831963468651816,0.1825512079142765,0.0333249435109614,0.1086355764960204,0.1487374829944418,0.8397538485936493,0.0,0.0,0.0080496966295942,0.0001069644563036,real10kg_smc_steady,step_change,3,20009,0.0,1.0,1.0,0.03,0.01,0.0334223500943379,1.0,1.0,1.0,0.1182089532334232,0.2993829517514896,0.13167579513577,2.4823880179018887,0.0941499522339193,0.096866550338346,25.995546295795357,1.2378831569426358,0.0109770052714797,6.923493295896503,45.0,0.0212203655008039,0.0594024228147291,0.13167579513577,real10kg_smc_steady,True,2.5,1.0,0.75,real_10kg_v1,thruster,real_10kg_x,1.0,0.009047619047619,0.0276190476190476,0.0109770052714797,0.003015545216968,0.1098750013518436,0.096866550338346,,,20,9,train20_eval9_scn3
startup_0_3s,0.0,3.0,300,0.0853973706501325,0.0842536208046521,0.0139297629291382,0.9866067323060076,0.1631170002435735,0.0266071557684619,0.0698754342296383,0.1712843819373782,1.0,0.0355555555555555,0.1066666666666666,0.0252348506386486,0.006417330644946,real10kg_mpc_event,constant,1,20000,0.0,1.0,1.0,0.03,0.01,0.0169227783946253,1.0,1.0,1.0,0.0816851038572356,0.4802691985044938,0.1531084275135827,1.715387181001948,0.0099022704656091,0.0104030423105011,32.37962590862097,1.5418869480295705,0.0091342563545475,86.69138999576566,143.01681311215262,0.0079249870180575,0.0241745940984396,0.1531084275135827,real10kg_mpc_event,True,2.5,1.0,0.75,real_10kg_v1,thruster,real_10kg_x,1.0,0.0882539682539682,0.2233333333333333,0.0091342563545475,0.001096714984797,0.1616594275608539,0.0104030423105011,,,20,0,train20_eval0_scn1
pre_step_3_10s,3.0,10.0,700,0.020104684580207,0.0198033658236595,0.0034677145389909,0.9850125101269092,0.172482911888353,0.0297503548934853,0.0118938707467084,0.1066845207089456,1.0,0.0569047619047619,0.18,0.0059028336293788,9.100334140250607e-05,real10kg_mpc_event,constant,1,20000,0.0,1.0,1.0,0.03,0.01,0.0169227783946253,1.0,1.0,1.0,0.0816851038572356,0.4802691985044938,0.1531084275135827,1.715387181001948,0.0099022704656091,0.0104030423105011,32.37962590862097,1.5418869480295705,0.0091342563545475,86.69138999576566,143.01681311215262,0.0079249870180575,0.0241745940984396,0.1531084275135827,real10kg_mpc_event,True,2.5,1.0,0.75,real_10kg_v1,thruster,real_10kg_x,1.0,0.0882539682539682,0.2233333333333333,0.0091342563545475,0.001096714984797,0.1616594275608539,0.0104030423105011,,,20,0,train20_eval0_scn1
step_recovery_10_13s,10.0,13.0,300,0.3736298013686984,0.3735723228099156,0.0065534800844459,0.9998461617393148,0.0175400357799055,0.0003076528551603,0.3565865282953052,0.4802691985044938,1.0,0.4383333333333333,1.0,0.0049196887399294,0.0007152841330742,real10kg_mpc_event,constant,1,20000,0.0,1.0,1.0,0.03,0.01,0.0169227783946253,1.0,1.0,1.0,0.0816851038572356,0.4802691985044938,0.1531084275135827,1.715387181001948,0.0099022704656091,0.0104030423105011,32.37962590862097,1.5418869480295705,0.0091342563545475,86.69138999576566,143.01681311215262,0.0079249870180575,0.0241745940984396,0.1531084275135827,real10kg_mpc_event,True,2.5,1.0,0.75,real_10kg_v1,thruster,real_10kg_x,1.0,0.0882539682539682,0.2233333333333333,0.0091342563545475,0.001096714984797,0.1616594275608539,0.0104030423105011,,,20,0,train20_eval0_scn1
post_step_13_20p9s,13.0,20.9,790,0.0785575805067596,0.0781406880152551,0.0080824706358006,0.9946931602422684,0.1028859415432881,0.0105855169672488,0.0444409723834637,0.3065257955286992,1.0,0.0042194092827004,0.0139240506329113,0.0075547990113355,0.0001390135300808,real10kg_mpc_event,constant,1,20000,0.0,1.0,1.0,0.03,0.01,0.0169227783946253,1.0,1.0,1.0,0.0816851038572356,0.4802691985044938,0.1531084275135827,1.715387181001948,0.0099022704656091,0.0104030423105011,32.37962590862097,1.5418869480295705,0.0091342563545475,86.69138999576566,143.01681311215262,0.0079249870180575,0.0241745940984396,0.1531084275135827,real10kg_mpc_event,True,2.5,1.0,0.75,real_10kg_v1,thruster,real_10kg_x,1.0,0.0882539682539682,0.2233333333333333,0.0091342563545475,0.001096714984797,0.1616594275608539,0.0104030423105011,,,20,0,train20_eval0_scn1
startup_0_3s,0.0,3.0,300,0.0862820470204632,0.0849994928718703,0.0148215333068573,0.9851353300845,0.1717800378952786,0.0295083814193033,0.0716466740247937,0.1693177847260529,1.0,0.0372222222222222,0.1066666666666666,0.0273747253957857,0.0088221170860223,real10kg_mpc_event,constant,1,20001,0.0,1.0,1.0,0.03,0.01,0.016922144840892,1.0,1.0,1.0,0.082097407657699,0.480868266289821,0.1533754460016041,1.7240455608116798,0.0099052494475938,0.0104061685816356,32.44287302990164,1.544898715709602,0.0094465167428724,86.63252146805756,142.91687565434944,0.0081495174145564,0.0261937664301935,0.1533754460016041,real10kg_mpc_event,True,2.5,1.0,0.75,real_10kg_v1,thruster,real_10kg_x,1.0,0.0885714285714285,0.2233333333333333,0.0094465167428724,0.0014399084461482,0.161876290427441,0.0104061685816356,,,20,1,train20_eval1_scn1
pre_step_3_10s,3.0,10.0,700,0.020209210069801,0.0199124857055844,0.003450374569557,0.9853173694967886,0.1707327776612585,0.0291496813679287,0.0121034373892716,0.1068555943499076,1.0,0.0569047619047619,0.18,0.0059324156908388,9.305393542304851e-05,real10kg_mpc_event,constant,1,20001,0.0,1.0,1.0,0.03,0.01,0.016922144840892,1.0,1.0,1.0,0.082097407657699,0.480868266289821,0.1533754460016041,1.7240455608116798,0.0099052494475938,0.0104061685816356,32.44287302990164,1.544898715709602,0.0094465167428724,86.63252146805756,142.91687565434944,0.0081495174145564,0.0261937664301935,0.1533754460016041,real10kg_mpc_event,True,2.5,1.0,0.75,real_10kg_v1,thruster,real_10kg_x,1.0,0.0885714285714285,0.2233333333333333,0.0094465167428724,0.0014399084461482,0.161876290427441,0.0104061685816356,,,20,1,train20_eval1_scn1
step_recovery_10_13s,10.0,13.0,300,0.3741159094982254,0.3740585830339648,0.006549060872128,0.9998467681731646,0.0175054326903975,0.000306440173678,0.3570541734912252,0.480868266289821,1.0,0.4388888888888889,1.0,0.0048998567958915,0.0007213887254222,real10kg_mpc_event,constant,1,20001,0.0,1.0,1.0,0.03,0.01,0.016922144840892,1.0,1.0,1.0,0.082097407657699,0.480868266289821,0.1533754460016041,1.7240455608116798,0.0099052494475938,0.0104061685816356,32.44287302990164,1.544898715709602,0.0094465167428724,86.63252146805756,142.91687565434944,0.0081495174145564,0.0261937664301935,0.1533754460016041,real10kg_mpc_event,True,2.5,1.0,0.75,real_10kg_v1,thruster,real_10kg_x,1.0,0.0885714285714285,0.2233333333333333,0.0094465167428724,0.0014399084461482,0.161876290427441,0.0104061685816356,,,20,1,train20_eval1_scn1
post_step_13_20p9s,13.0,20.9,790,0.0786726913615871,0.0782565026764101,0.0080815935886783,0.9947098710114772,0.102724254742151,0.0105522725123303,0.0445010764262562,0.3069603192794969,1.0,0.0042194092827004,0.0139240506329113,0.0075547988728136,0.0001392092456632,real10kg_mpc_event,constant,1,20001,0.0,1.0,1.0,0.03,0.01,0.016922144840892,1.0,1.0,1.0,0.082097407657699,0.480868266289821,0.1533754460016041,1.7240455608116798,0.0099052494475938,0.0104061685816356,32.44287302990164,1.544898715709602,0.0094465167428724,86.63252146805756,142.91687565434944,0.0081495174145564,0.0261937664301935,0.1533754460016041,real10kg_mpc_event,True,2.5,1.0,0.75,real_10kg_v1,thruster,real_10kg_x,1.0,0.0885714285714285,0.2233333333333333,0.0094465167428724,0.0014399084461482,0.161876290427441,0.0104061685816356,,,20,1,train20_eval1_scn1
startup_0_3s,0.0,3.0,300,0.0807709882628937,0.0795464736891649,0.0140111051877968,0.9848396732531828,0.1734670515877988,0.030090817986564,0.0659922890025921,0.16268307745328,1.0,0.035,0.1066666666666666,0.0233126874293286,0.0057344156100142,real10kg_mpc_event,constant,1,20002,0.0,1.0,1.0,0.03,0.01,0.0169227126294102,1.0,1.0,1.0,0.0811096598607745,0.4803251621353467,0.1527658403429745,1.7033028570762645,0.0099024949480535,0.0104032623514685,32.364798606788135,1.5411808860375302,0.0088588557349235,86.68621824571586,143.00822884724823,0.0079457232953123,0.0238181285038849,0.1527658403429745,real10kg_mpc_event,True,2.5,1.0,0.75,real_10kg_v1,thruster,real_10kg_x,1.0,0.0881746031746031,0.2233333333333333,0.0088588557349235,0.000999698846362,0.1616775913584923,0.0104032623514685,,,20,2,train20_eval2_scn1
pre_step_3_10s,3.0,10.0,700,0.0200766837384001,0.0197745744120677,0.0034697891511354,0.984952229647639,0.1728268072729018,0.0298691053121447,0.0118068788309219,0.1067033560638257,1.0,0.0569047619047619,0.18,0.0058984251465917,9.066521167795796e-05,real10kg_mpc_event,constant,1,20002,0.0,1.0,1.0,0.03,0.01,0.0169227126294102,1.0,1.0,1.0,0.0811096598607745,0.4803251621353467,0.1527658403429745,1.7033028570762645,0.0099024949480535,0.0104032623514685,32.364798606788135,1.5411808860375302,0.0088588557349235,86.68621824571586,143.00822884724823,0.0079457232953123,0.0238181285038849,0.1527658403429745,real10kg_mpc_event,True,2.5,1.0,0.75,real_10kg_v1,thruster,real_10kg_x,1.0,0.0881746031746031,0.2233333333333333,0.0088588557349235,0.000999698846362,0.1616775913584923,0.0104032623514685,,,20,2,train20_eval2_scn1
step_recovery_10_13s,10.0,13.0,300,0.3736744917561431,0.3736170238377256,0.0065532654342833,0.9998462086128828,0.0175373636115358,0.0003075591224432,0.3566297705336528,0.4803251621353467,1.0,0.4383333333333333,1.0,0.0049184084237094,0.000715875931881,real10kg_mpc_event,constant,1,20002,0.0,1.0,1.0,0.03,0.01,0.0169227126294102,1.0,1.0,1.0,0.0811096598607745,0.4803251621353467,0.1527658403429745,1.7033028570762645,0.0099024949480535,0.0104032623514685,32.364798606788135,1.5411808860375302,0.0088588557349235,86.68621824571586,143.00822884724823,0.0079457232953123,0.0238181285038849,0.1527658403429745,real10kg_mpc_event,True,2.5,1.0,0.75,real_10kg_v1,thruster,real_10kg_x,1.0,0.0881746031746031,0.2233333333333333,0.0088588557349235,0.000999698846362,0.1616775913584923,0.0104032623514685,,,20,2,train20_eval2_scn1
post_step_13_20p9s,13.0,20.9,790,0.0785683745138783,0.0781515392151655,0.0080824743769154,0.9946946172516374,0.102871854317003,0.0105826184106186,0.0444465843820092,0.3065667192155792,1.0,0.0042194092827004,0.0139240506329113,0.0075550709965203,0.0001390535154412,real10kg_mpc_event,constant,1,20002,0.0,1.0,1.0,0.03,0.01,0.0169227126294102,1.0,1.0,1.0,0.0811096598607745,0.4803251621353467,0.1527658403429745,1.7033028570762645,0.0099024949480535,0.0104032623514685,32.364798606788135,1.5411808860375302,0.0088588557349235,86.68621824571586,143.00822884724823,0.0079457232953123,0.0238181285038849,0.1527658403429745,real10kg_mpc_event,True,2.5,1.0,0.75,real_10kg_v1,thruster,real_10kg_x,1.0,0.0881746031746031,0.2233333333333333,0.0088588557349235,0.000999698846362,0.1616775913584923,0.0104032623514685,,,20,2,train20_eval2_scn1
startup_0_3s,0.0,3.0,300,0.0990445318534244,0.0970298307456297,0.0198753927140683,0.9796586336459624,0.2006712772743664,0.0402689615229256,0.0824178825351787,0.191146942016915,1.0,0.0416666666666666,0.11,0.0293839185577815,0.0088479786291809,real10kg_mpc_event,constant,1,20003,0.0,1.0,1.0,0.03,0.01,0.0169221950188643,1.0,1.0,1.0,0.0837054054365896,0.4808368018967928,0.154467587316865,1.7578135141683833,0.0099052195143221,0.0104061745038475,32.54683898608029,1.5498494755276329,0.0097405535509243,86.63498015755165,142.92075528592557,0.0095614628797136,0.0589140738504541,0.154467587316865,real10kg_mpc_event,True,2.5,1.0,0.75,real_10kg_v1,thruster,real_10kg_x,1.0,0.0892063492063492,0.2238095238095238,0.0097405535509243,0.0014442610732361,0.1618702306532351,0.0104061745038475,,,20,3,train20_eval3_scn1
pre_step_3_10s,3.0,10.0,700,0.0202979441701046,0.0200057173666332,0.0034318814342969,0.9856031329566004,0.1690753213988773,0.0285864643061336,0.0123246040728412,0.1068411620971805,1.0,0.0569047619047619,0.18,0.0059558486148765,9.51569304280518e-05,real10kg_mpc_event,constant,1,20003,0.0,1.0,1.0,0.03,0.01,0.0169221950188643,1.0,1.0,1.0,0.0837054054365896,0.4808368018967928,0.154467587316865,1.7578135141683833,0.0099052195143221,0.0104061745038475,32.54683898608029,1.5498494755276329,0.0097405535509243,86.63498015755165,142.92075528592557,0.0095614628797136,0.0589140738504541,0.154467587316865,real10kg_mpc_event,True,2.5,1.0,0.75,real_10kg_v1,thruster,real_10kg_x,1.0,0.0892063492063492,0.2238095238095238,0.0097405535509243,0.0014442610732361,0.1618702306532351,0.0104061745038475,,,20,3,train20_eval3_scn1
step_recovery_10_13s,10.0,13.0,300,0.3740922965436553,0.3740349687658397,0.0065489291982323,0.9998467549897572,0.017506185662575,0.0003064665364525,0.3570310132269392,0.4808368018967928,1.0,0.4388888888888889,1.0,0.0048997036422122,0.0007213390727277,real10kg_mpc_event,constant,1,20003,0.0,1.0,1.0,0.03,0.01,0.0169221950188643,1.0,1.0,1.0,0.0837054054365896,0.4808368018967928,0.154467587316865,1.7578135141683833,0.0099052195143221,0.0104061745038475,32.54683898608029,1.5498494755276329,0.0097405535509243,86.63498015755165,142.92075528592557,0.0095614628797136,0.0589140738504541,0.154467587316865,real10kg_mpc_event,True,2.5,1.0,0.75,real_10kg_v1,thruster,real_10kg_x,1.0,0.0892063492063492,0.2238095238095238,0.0097405535509243,0.0014442610732361,0.1618702306532351,0.0104061745038475,,,20,3,train20_eval3_scn1
post_step_13_20p9s,13.0,20.9,790,0.0786666804548326,0.0782504747076545,0.0080814492394291,0.9947092499038764,0.1027302689360227,0.0105535081556675,0.0444979925568354,0.3069371341075678,1.0,0.0042194092827004,0.0139240506329113,0.0075543641537794,0.0001391636277386,real10kg_mpc_event,constant,1,20003,0.0,1.0,1.0,0.03,0.01,0.0169221950188643,1.0,1.0,1.0,0.0837054054365896,0.4808368018967928,0.154467587316865,1.7578135141683833,0.0099052195143221,0.0104061745038475,32.54683898608029,1.5498494755276329,0.0097405535509243,86.63498015755165,142.92075528592557,0.0095614628797136,0.0589140738504541,0.154467587316865,real10kg_mpc_event,True,2.5,1.0,0.75,real_10kg_v1,thruster,real_10kg_x,1.0,0.0892063492063492,0.2238095238095238,0.0097405535509243,0.0014442610732361,0.1618702306532351,0.0104061745038475,,,20,3,train20_eval3_scn1
startup_0_3s,0.0,3.0,300,0.084089917218854,0.0829590191818525,0.013744646749144,0.9865513241729296,0.1634517811852754,0.0267164847726391,0.0691756438281565,0.1676301232169501,1.0,0.035,0.1066666666666666,0.0271134878893222,0.0070111997848777,real10kg_mpc_event,constant,1,20004,0.0,1.0,1.0,0.03,0.01,0.0169224855838596,1.0,1.0,1.0,0.0816484126446231,0.480537636662644,0.1530921675988066,1.7146166655370865,0.0099035661163677,0.0104043883816213,32.39893440258622,1.5428064001231536,0.0094035747137135,86.66521011965405,142.97223607059863,0.0078777251457904,0.024603707347527,0.1530921675988066,real10kg_mpc_event,True,2.5,1.0,0.75,real_10kg_v1,thruster,real_10kg_x,1.0,0.0882539682539682,0.2233333333333333,0.0094035747137135,0.0011816568035433,0.1617556636220372,0.0104043883816213,,,20,4,train20_eval4_scn1
pre_step_3_10s,3.0,10.0,700,0.0201413385694978,0.0198412793624338,0.0034636906087292,0.9851023204823914,0.1719692361447461,0.0295734181802074,0.01196405696794,0.1067618877067281,1.0,0.0569047619047619,0.18,0.0059113274748267,9.14543915652815e-05,real10kg_mpc_event,constant,1,20004,0.0,1.0,1.0,0.03,0.01,0.0169224855838596,1.0,1.0,1.0,0.0816484126446231,0.480537636662644,0.1530921675988066,1.7146166655370865,0.0099035661163677,0.0104043883816213,32.39893440258622,1.5428064001231536,0.0094035747137135,86.66521011965405,142.97223607059863,0.0078777251457904,0.024603707347527,0.1530921675988066,real10kg_mpc_event,True,2.5,1.0,0.75,real_10kg_v1,thruster,real_10kg_x,1.0,0.0882539682539682,0.2233333333333333,0.0094035747137135,0.0011816568035433,0.1617556636220372,0.0104043883816213,,,20,4,train20_eval4_scn1
step_recovery_10_13s,10.0,13.0,300,0.3738465509835152,0.3737891395015988,0.0065515550004825,0.999846430355542,0.0175247169814638,0.0003071157052804,0.3567950365622086,0.480537636662644,1.0,0.4388888888888889,1.0,0.0049110544763907,0.0007181440166179,real10kg_mpc_event,constant,1,20004,0.0,1.0,1.0,0.03,0.01,0.0169224855838596,1.0,1.0,1.0,0.0816484126446231,0.480537636662644,0.1530921675988066,1.7146166655370865,0.0099035661163677,0.0104043883816213,32.39893440258622,1.5428064001231536,0.0094035747137135,86.66521011965405,142.97223607059863,0.0078777251457904,0.024603707347527,0.1530921675988066,real10kg_mpc_event,True,2.5,1.0,0.75,real_10kg_v1,thruster,real_10kg_x,1.0,0.0882539682539682,0.2233333333333333,0.0094035747137135,0.0011816568035433,0.1617556636220372,0.0104043883816213,,,20,4,train20_eval4_scn1
post_step_13_20p9s,13.0,20.9,790,0.0786090171729271,0.0781924348889573,0.0080821226809379,0.9947005789036458,0.1028141932261868,0.0105707583287516,0.0444678149845238,0.3067202931087659,1.0,0.0042194092827004,0.0139240506329113,0.0075547623942482,0.0001391024034536,real10kg_mpc_event,constant,1,20004,0.0,1.0,1.0,0.03,0.01,0.0169224855838596,1.0,1.0,1.0,0.0816484126446231,0.480537636662644,0.1530921675988066,1.7146166655370865,0.0099035661163677,0.0104043883816213,32.39893440258622,1.5428064001231536,0.0094035747137135,86.66521011965405,142.97223607059863,0.0078777251457904,0.024603707347527,0.1530921675988066,real10kg_mpc_event,True,2.5,1.0,0.75,real_10kg_v1,thruster,real_10kg_x,1.0,0.0882539682539682,0.2233333333333333,0.0094035747137135,0.0011816568035433,0.1617556636220372,0.0104043883816213,,,20,4,train20_eval4_scn1
startup_0_3s,0.0,3.0,300,0.0883667475330275,0.0870608103711606,0.0151359627074934,0.9852213960757268,0.1712857282863817,0.0293388007145961,0.0722990200031798,0.1761279307438622,1.0,0.0405555555555555,0.11,0.0298825038731767,0.0088515782857618,real10kg_mpc_event,constant,1,20005,0.0,1.0,1.0,0.03,0.01,0.016922771286592,1.0,1.0,1.0,0.0820310462004985,0.4803166300038236,0.1533656763007185,1.7226519702104697,0.0099026969629058,0.0104035462432405,32.495675711189286,1.547413129104252,0.0098044057632777,86.68861294078644,143.0092689125487,0.0082310549721308,0.0271012600470081,0.1533656763007185,real10kg_mpc_event,True,2.5,1.0,0.75,real_10kg_v1,thruster,real_10kg_x,1.0,0.0889682539682539,0.2238095238095238,0.0098044057632777,0.0014432958477417,0.1616779373737965,0.0104035462432405,,,20,5,train20_eval5_scn1
pre_step_3_10s,3.0,10.0,700,0.020102045192021,0.019805220833965,0.0034417217522532,0.9852341214428364,0.1712125169044666,0.0293137259447622,0.0118693188428133,0.1066978009826895,1.0,0.0569047619047619,0.18,0.0059284060260716,9.311736164848158e-05,real10kg_mpc_event,constant,1,20005,0.0,1.0,1.0,0.03,0.01,0.016922771286592,1.0,1.0,1.0,0.0820310462004985,0.4803166300038236,0.1533656763007185,1.7226519702104697,0.0099026969629058,0.0104035462432405,32.495675711189286,1.547413129104252,0.0098044057632777,86.68861294078644,143.0092689125487,0.0082310549721308,0.0271012600470081,0.1533656763007185,real10kg_mpc_event,True,2.5,1.0,0.75,real_10kg_v1,thruster,real_10kg_x,1.0,0.0889682539682539,0.2238095238095238,0.0098044057632777,0.0014432958477417,0.1616779373737965,0.0104035462432405,,,20,5,train20_eval5_scn1
step_recovery_10_13s,10.0,13.0,300,0.3736726549718387,0.3736151986188507,0.0065525899230477,0.9998462388076204,0.0175356420542509,0.0003074987422548,0.3566279433782341,0.4803166300038236,1.0,0.4383333333333333,1.0,0.0049167549174465,0.0007161532341864,real10kg_mpc_event,constant,1,20005,0.0,1.0,1.0,0.03,0.01,0.016922771286592,1.0,1.0,1.0,0.0820310462004985,0.4803166300038236,0.1533656763007185,1.7226519702104697,0.0099026969629058,0.0104035462432405,32.495675711189286,1.547413129104252,0.0098044057632777,86.68861294078644,143.0092689125487,0.0082310549721308,0.0271012600470081,0.1533656763007185,real10kg_mpc_event,True,2.5,1.0,0.75,real_10kg_v1,thruster,real_10kg_x,1.0,0.0889682539682539,0.2238095238095238,0.0098044057632777,0.0014432958477417,0.1616779373737965,0.0104035462432405,,,20,5,train20_eval5_scn1
post_step_13_20p9s,13.0,20.9,790,0.0785675681532065,0.078150764094887,0.008082130714983,0.9946949604255696,0.1028685360252329,0.0105819357039746,0.0444462447544102,0.3065628363792216,1.0,0.0042194092827004,0.0139240506329113,0.0075539935960239,0.000138990614472,real10kg_mpc_event,constant,1,20005,0.0,1.0,1.0,0.03,0.01,0.016922771286592,1.0,1.0,1.0,0.0820310462004985,0.4803166300038236,0.1533656763007185,1.7226519702104697,0.0099026969629058,0.0104035462432405,32.495675711189286,1.547413129104252,0.0098044057632777,86.68861294078644,143.0092689125487,0.0082310549721308,0.0271012600470081,0.1533656763007185,real10kg_mpc_event,True,2.5,1.0,0.75,real_10kg_v1,thruster,real_10kg_x,1.0,0.0889682539682539,0.2238095238095238,0.0098044057632777,0.0014432958477417,0.1616779373737965,0.0104035462432405,,,20,5,train20_eval5_scn1
startup_0_3s,0.0,3.0,300,0.0830709435334099,0.0819423064342241,0.0136469804634832,0.9864135755394194,0.1642810335721618,0.0269882579915377,0.0676435136259035,0.1674491439808966,1.0,0.0366666666666666,0.11,0.0282559878485252,0.0071305720891274,real10kg_mpc_event,constant,1,20006,0.0,1.0,1.0,0.03,0.01,0.0169228136095141,1.0,1.0,1.0,0.0813209602244578,0.4802525396083603,0.1529189705800043,1.707740164713614,0.0099022375687507,0.0104030230419561,32.41681409143369,1.543657813877795,0.0095657872667825,86.69470233320976,143.02053867833212,0.0078532162657985,0.0243376027793006,0.1529189705800043,real10kg_mpc_event,True,2.5,1.0,0.75,real_10kg_v1,thruster,real_10kg_x,1.0,0.0884126984126984,0.2238095238095238,0.0095657872667825,0.0011981222216328,0.1616522498468068,0.0104030230419561,,,20,6,train20_eval6_scn1
pre_step_3_10s,3.0,10.0,700,0.0200618126127873,0.019761219539734,0.003459845027313,0.9850166543345336,0.1724592435435164,0.0297421906836019,0.0117642434138407,0.1066826427005425,1.0,0.0569047619047619,0.18,0.0059063013041546,9.132766350041934e-05,real10kg_mpc_event,constant,1,20006,0.0,1.0,1.0,0.03,0.01,0.0169228136095141,1.0,1.0,1.0,0.0813209602244578,0.4802525396083603,0.1529189705800043,1.707740164713614,0.0099022375687507,0.0104030230419561,32.41681409143369,1.543657813877795,0.0095657872667825,86.69470233320976,143.02053867833212,0.0078532162657985,0.0243376027793006,0.1529189705800043,real10kg_mpc_event,True,2.5,1.0,0.75,real_10kg_v1,thruster,real_10kg_x,1.0,0.0884126984126984,0.2238095238095238,0.0095657872667825,0.0011981222216328,0.1616522498468068,0.0104030230419561,,,20,6,train20_eval6_scn1
step_recovery_10_13s,10.0,13.0,300,0.3736180342506328,0.3735605536341858,0.0065534941693489,0.9998461513867704,0.017540625902851,0.0003076735570637,0.356575586489911,0.4802525396083603,1.0,0.4383333333333333,1.0,0.0049200188726027,0.0007152299751645,real10kg_mpc_event,constant,1,20006,0.0,1.0,1.0,0.03,0.01,0.0169228136095141,1.0,1.0,1.0,0.0813209602244578,0.4802525396083603,0.1529189705800043,1.707740164713614,0.0099022375687507,0.0104030230419561,32.41681409143369,1.543657813877795,0.0095657872667825,86.69470233320976,143.02053867833212,0.0078532162657985,0.0243376027793006,0.1529189705800043,real10kg_mpc_event,True,2.5,1.0,0.75,real_10kg_v1,thruster,real_10kg_x,1.0,0.0884126984126984,0.2238095238095238,0.0095657872667825,0.0011981222216328,0.1616522498468068,0.0104030230419561,,,20,6,train20_eval6_scn1
post_step_13_20p9s,13.0,20.9,790,0.0785548906437263,0.0781379878355321,0.0080824316305203,0.9946928471954088,0.1028889680106233,0.010586139738291,0.0444395747943141,0.3065154742029183,1.0,0.0042194092827004,0.0139240506329113,0.0075545978117131,0.000139007577662,real10kg_mpc_event,constant,1,20006,0.0,1.0,1.0,0.03,0.01,0.0169228136095141,1.0,1.0,1.0,0.0813209602244578,0.4802525396083603,0.1529189705800043,1.707740164713614,0.0099022375687507,0.0104030230419561,32.41681409143369,1.543657813877795,0.0095657872667825,86.69470233320976,143.02053867833212,0.0078532162657985,0.0243376027793006,0.1529189705800043,real10kg_mpc_event,True,2.5,1.0,0.75,real_10kg_v1,thruster,real_10kg_x,1.0,0.0884126984126984,0.2238095238095238,0.0095657872667825,0.0011981222216328,0.1616522498468068,0.0104030230419561,,,20,6,train20_eval6_scn1
startup_0_3s,0.0,3.0,300,0.0891733979224279,0.0870759634905787,0.0192268426742163,0.9764791464639072,0.2156118654460359,0.0464884765211195,0.0743590999455459,0.1723728195961251,1.0,0.0411111111111111,0.1066666666666666,0.0284436743456826,0.0086020620537994,real10kg_mpc_event,constant,1,20007,0.0,1.0,1.0,0.03,0.01,0.0169219304482242,1.0,1.0,1.0,0.0825356098448845,0.4810718851658287,0.1536780710356904,1.733247806742575,0.0099062564813256,0.0104072219868747,32.53691514390884,1.5493769116147065,0.0096045164349631,86.61331564652947,142.8833100976954,0.0093700932934381,0.0556673819317605,0.1536780710356904,real10kg_mpc_event,True,2.5,1.0,0.75,real_10kg_v1,thruster,real_10kg_x,1.0,0.0892063492063492,0.2233333333333333,0.0096045164349631,0.001409571993789,0.1619499674404224,0.0104072219868747,,,20,7,train20_eval7_scn1
pre_step_3_10s,3.0,10.0,700,0.0202438659109045,0.0199505843149443,0.003433408293661,0.9855125697210712,0.1696024024646193,0.0287649749217707,0.012164346218734,0.1069153006230441,1.0,0.0569047619047619,0.18,0.0059522716917193,9.478599218638376e-05,real10kg_mpc_event,constant,1,20007,0.0,1.0,1.0,0.03,0.01,0.0169219304482242,1.0,1.0,1.0,0.0825356098448845,0.4810718851658287,0.1536780710356904,1.733247806742575,0.0099062564813256,0.0104072219868747,32.53691514390884,1.5493769116147065,0.0096045164349631,86.61331564652947,142.8833100976954,0.0093700932934381,0.0556673819317605,0.1536780710356904,real10kg_mpc_event,True,2.5,1.0,0.75,real_10kg_v1,thruster,real_10kg_x,1.0,0.0892063492063492,0.2233333333333333,0.0096045164349631,0.001409571993789,0.1619499674404224,0.0104072219868747,,,20,7,train20_eval7_scn1
step_recovery_10_13s,10.0,13.0,300,0.374281155104183,0.3742238804931904,0.0065475441762453,0.999846974366164,0.0174936517293338,0.0003060278508272,0.3572132797500874,0.4810718851658287,1.0,0.4394444444444444,1.0,0.0048930339056019,0.0007236079115704,real10kg_mpc_event,constant,1,20007,0.0,1.0,1.0,0.03,0.01,0.0169219304482242,1.0,1.0,1.0,0.0825356098448845,0.4810718851658287,0.1536780710356904,1.733247806742575,0.0099062564813256,0.0104072219868747,32.53691514390884,1.5493769116147065,0.0096045164349631,86.61331564652947,142.8833100976954,0.0093700932934381,0.0556673819317605,0.1536780710356904,real10kg_mpc_event,True,2.5,1.0,0.75,real_10kg_v1,thruster,real_10kg_x,1.0,0.0892063492063492,0.2233333333333333,0.0096045164349631,0.001409571993789,0.1619499674404224,0.0104072219868747,,,20,7,train20_eval7_scn1
post_step_13_20p9s,13.0,20.9,790,0.0787118063326387,0.0782958575705197,0.0080812835269973,0.994715548003546,0.1026692678458629,0.0105409785600055,0.0445214952948369,0.3071083302227603,1.0,0.0042194092827004,0.0139240506329113,0.0075545748770341,0.0001392742403738,real10kg_mpc_event,constant,1,20007,0.0,1.0,1.0,0.03,0.01,0.0169219304482242,1.0,1.0,1.0,0.0825356098448845,0.4810718851658287,0.1536780710356904,1.733247806742575,0.0099062564813256,0.0104072219868747,32.53691514390884,1.5493769116147065,0.0096045164349631,86.61331564652947,142.8833100976954,0.0093700932934381,0.0556673819317605,0.1536780710356904,real10kg_mpc_event,True,2.5,1.0,0.75,real_10kg_v1,thruster,real_10kg_x,1.0,0.0892063492063492,0.2233333333333333,0.0096045164349631,0.001409571993789,0.1619499674404224,0.0104072219868747,,,20,7,train20_eval7_scn1
startup_0_3s,0.0,3.0,300,0.0653330427937769,0.0637598096244416,0.014251075655839,0.9759197933838596,0.218129679048049,0.0475805568816048,0.053503798513566,0.1327824109764654,1.0,0.0344444444444444,0.1033333333333333,0.0218479958252134,0.0053907945161546,real10kg_mpc_event,constant,1,20008,0.0,1.0,1.0,0.03,0.01,0.0169221756597157,1.0,1.0,1.0,0.079338605076959,0.4807886959556658,0.151853787124203,1.666110706616139,0.0099044830732176,0.0104052531394995,32.369167310622615,1.5413889195534576,0.0086453038412755,86.64348863718297,142.93401930672135,0.0080070409384893,0.0240910751172824,0.151853787124203,real10kg_mpc_event,True,2.5,1.0,0.75,real_10kg_v1,thruster,real_10kg_x,1.0,0.0881746031746031,0.2228571428571428,0.0086453038412755,0.000951372878305,0.1618376769930527,0.0104052531394995,,,20,8,train20_eval8_scn1
pre_step_3_10s,3.0,10.0,700,0.020040371141506,0.0197365452239244,0.0034763857831506,0.9848393068453556,0.1734691318141636,0.0300915396923596,0.0116403900647349,0.1068490249690336,1.0,0.0569047619047619,0.18,0.0058883969950782,8.985056685824593e-05,real10kg_mpc_event,constant,1,20008,0.0,1.0,1.0,0.03,0.01,0.0169221756597157,1.0,1.0,1.0,0.079338605076959,0.4807886959556658,0.151853787124203,1.666110706616139,0.0099044830732176,0.0104052531394995,32.369167310622615,1.5413889195534576,0.0086453038412755,86.64348863718297,142.93401930672135,0.0080070409384893,0.0240910751172824,0.151853787124203,real10kg_mpc_event,True,2.5,1.0,0.75,real_10kg_v1,thruster,real_10kg_x,1.0,0.0881746031746031,0.2228571428571428,0.0086453038412755,0.000951372878305,0.1618376769930527,0.0104052531394995,,,20,8,train20_eval8_scn1
step_recovery_10_13s,10.0,13.0,300,0.3740454990535555,0.373988131119411,0.0065508124712614,0.9998466284602016,0.0175134107691094,0.0003067195567675,0.3569877324456429,0.4807886959556658,1.0,0.4388888888888889,1.0,0.0049055854919623,0.0007205376303002,real10kg_mpc_event,constant,1,20008,0.0,1.0,1.0,0.03,0.01,0.0169221756597157,1.0,1.0,1.0,0.079338605076959,0.4807886959556658,0.151853787124203,1.666110706616139,0.0099044830732176,0.0104052531394995,32.369167310622615,1.5413889195534576,0.0086453038412755,86.64348863718297,142.93401930672135,0.0080070409384893,0.0240910751172824,0.151853787124203,real10kg_mpc_event,True,2.5,1.0,0.75,real_10kg_v1,thruster,real_10kg_x,1.0,0.0881746031746031,0.2228571428571428,0.0086453038412755,0.000951372878305,0.1618376769930527,0.0104052531394995,,,20,8,train20_eval8_scn1
post_step_13_20p9s,13.0,20.9,790,0.0786570908928899,0.0782407514796753,0.0080822494163459,0.9947069055251292,0.1027529663835625,0.0105581721006215,0.0444927753814758,0.3069032005735762,1.0,0.0042194092827004,0.0139240506329113,0.0075561054495025,0.0001392988344925,real10kg_mpc_event,constant,1,20008,0.0,1.0,1.0,0.03,0.01,0.0169221756597157,1.0,1.0,1.0,0.079338605076959,0.4807886959556658,0.151853787124203,1.666110706616139,0.0099044830732176,0.0104052531394995,32.369167310622615,1.5413889195534576,0.0086453038412755,86.64348863718297,142.93401930672135,0.0080070409384893,0.0240910751172824,0.151853787124203,real10kg_mpc_event,True,2.5,1.0,0.75,real_10kg_v1,thruster,real_10kg_x,1.0,0.0881746031746031,0.2228571428571428,0.0086453038412755,0.000951372878305,0.1618376769930527,0.0104052531394995,,,20,8,train20_eval8_scn1
startup_0_3s,0.0,3.0,300,0.0606426690535977,0.058505648578646,0.0159568917504682,0.9647604482404462,0.2631297731365523,0.0692372775108934,0.049780042755241,0.12160000428953,1.0,0.0405555555555555,0.1066666666666666,0.0298715009351756,0.0089938912801618,real10kg_mpc_event,constant,1,20009,0.0,1.0,1.0,0.03,0.01,0.0169218575629696,1.0,1.0,1.0,0.0788082546238143,0.4811445038107762,0.1516918139099957,1.6549733471001016,0.0099064517675685,0.0104073764921708,32.52750157150948,1.5489286462623564,0.0097995929526557,86.61190218345259,142.876824139286,0.0084479588494341,0.0374470138225841,0.1516918139099957,real10kg_mpc_event,True,2.5,1.0,0.75,real_10kg_v1,thruster,real_10kg_x,1.0,0.0891269841269841,0.2233333333333333,0.0097995929526557,0.0014647538707812,0.1619646625765371,0.0104073764921708,,,20,9,train20_eval9_scn1
pre_step_3_10s,3.0,10.0,700,0.0200138859429304,0.0197168774874183,0.0034351670531088,0.9851598806768952,0.1716391840597181,0.0294600095046858,0.0114823792975359,0.1069562953555875,1.0,0.0569047619047619,0.18,0.0059279929958473,9.288212050873555e-05,real10kg_mpc_event,constant,1,20009,0.0,1.0,1.0,0.03,0.01,0.0169218575629696,1.0,1.0,1.0,0.0788082546238143,0.4811445038107762,0.1516918139099957,1.6549733471001016,0.0099064517675685,0.0104073764921708,32.52750157150948,1.5489286462623564,0.0097995929526557,86.61190218345259,142.876824139286,0.0084479588494341,0.0374470138225841,0.1516918139099957,real10kg_mpc_event,True,2.5,1.0,0.75,real_10kg_v1,thruster,real_10kg_x,1.0,0.0891269841269841,0.2233333333333333,0.0097995929526557,0.0014647538707812,0.1619646625765371,0.0104073764921708,,,20,9,train20_eval9_scn1
step_recovery_10_13s,10.0,13.0,300,0.3743398278577878,0.3742825620149439,0.006547556195093,0.9998470217738474,0.0174909419405419,0.0003059330499674,0.3572717012565978,0.4811445038107762,1.0,0.4394444444444444,1.0,0.0048925147970149,0.0007244593616099,real10kg_mpc_event,constant,1,20009,0.0,1.0,1.0,0.03,0.01,0.0169218575629696,1.0,1.0,1.0,0.0788082546238143,0.4811445038107762,0.1516918139099957,1.6549733471001016,0.0099064517675685,0.0104073764921708,32.52750157150948,1.5489286462623564,0.0097995929526557,86.61190218345259,142.876824139286,0.0084479588494341,0.0374470138225841,0.1516918139099957,real10kg_mpc_event,True,2.5,1.0,0.75,real_10kg_v1,thruster,real_10kg_x,1.0,0.0891269841269841,0.2233333333333333,0.0097995929526557,0.0014647538707812,0.1619646625765371,0.0104073764921708,,,20,9,train20_eval9_scn1
post_step_13_20p9s,13.0,20.9,790,0.0787268558291176,0.0783109717805323,0.0080814310321466,0.9947173801848762,0.1026515151283064,0.0105373335581369,0.0445292449722162,0.3071662745127286,1.0,0.0042194092827004,0.0139240506329113,0.0075548407194749,0.0001393751415945,real10kg_mpc_event,constant,1,20009,0.0,1.0,1.0,0.03,0.01,0.0169218575629696,1.0,1.0,1.0,0.0788082546238143,0.4811445038107762,0.1516918139099957,1.6549733471001016,0.0099064517675685,0.0104073764921708,32.52750157150948,1.5489286462623564,0.0097995929526557,86.61190218345259,142.876824139286,0.0084479588494341,0.0374470138225841,0.1516918139099957,real10kg_mpc_event,True,2.5,1.0,0.75,real_10kg_v1,thruster,real_10kg_x,1.0,0.0891269841269841,0.2233333333333333,0.0097995929526557,0.0014647538707812,0.1619646625765371,0.0104073764921708,,,20,9,train20_eval9_scn1
startup_0_3s,0.0,3.0,300,0.0824946841987293,0.0813129174186256,0.0139133885850953,0.985674631140391,0.1686580016668468,0.0284455215262541,0.0671705950697488,0.1680982416780827,1.0,0.0322222222222222,0.0966666666666666,0.0273007523759943,0.0068167147583693,real10kg_mpc_event,sinusoidal,2,20000,0.0,1.0,1.0,0.03,0.01,0.6070887046219742,0.0,1.0,1.0,0.1609188195724893,0.6257627010316983,0.2460213363895277,3.379295211022276,0.0869727753840976,0.1755895965651569,54.79121410666436,2.609105433650684,0.0101984681757788,86.00636476281238,138.5128608853661,0.0080257560087864,0.0241017941048325,0.2460213363895277,real10kg_mpc_event,True,2.5,1.0,0.75,real_10kg_v1,thruster,real_10kg_x,1.0,0.2378571428571428,0.4676190476190476,0.0101984681757788,0.0012572462073142,0.2635906272964374,0.1755895965651569,,,20,0,train20_eval0_scn2
pre_step_3_10s,3.0,10.0,700,0.2051996873594369,0.2051751268372295,0.0031747471926778,0.999880309163608,0.0154715011193795,0.0002393673468869,0.1545044126180154,0.4370207827284983,1.0,0.3980952380952381,0.76,0.0057029603155873,0.000381783336763,real10kg_mpc_event,sinusoidal,2,20000,0.0,1.0,1.0,0.03,0.01,0.6070887046219742,0.0,1.0,1.0,0.1609188195724893,0.6257627010316983,0.2460213363895277,3.379295211022276,0.0869727753840976,0.1755895965651569,54.79121410666436,2.609105433650684,0.0101984681757788,86.00636476281238,138.5128608853661,0.0080257560087864,0.0241017941048325,0.2460213363895277,real10kg_mpc_event,True,2.5,1.0,0.75,real_10kg_v1,thruster,real_10kg_x,1.0,0.2378571428571428,0.4676190476190476,0.0101984681757788,0.0012572462073142,0.2635906272964374,0.1755895965651569,,,20,0,train20_eval0_scn2
step_recovery_10_13s,10.0,13.0,300,0.51706044508202,0.5169907358669986,0.0084901646695326,0.9998651816906816,0.016420062200244,0.0002696184426598,0.5034208325018468,0.6257627010316983,1.0,0.39,0.8233333333333334,0.0075140037216442,0.0008404899053783,real10kg_mpc_event,sinusoidal,2,20000,0.0,1.0,1.0,0.03,0.01,0.6070887046219742,0.0,1.0,1.0,0.1609188195724893,0.6257627010316983,0.2460213363895277,3.379295211022276,0.0869727753840976,0.1755895965651569,54.79121410666436,2.609105433650684,0.0101984681757788,86.00636476281238,138.5128608853661,0.0080257560087864,0.0241017941048325,0.2460213363895277,real10kg_mpc_event,True,2.5,1.0,0.75,real_10kg_v1,thruster,real_10kg_x,1.0,0.2378571428571428,0.4676190476190476,0.0101984681757788,0.0012572462073142,0.2635906272964374,0.1755895965651569,,,20,0,train20_eval0_scn2
post_step_13_20p9s,13.0,20.9,790,0.1234461040371687,0.1231984376258922,0.0078157257177207,0.9979937284112104,0.0633128585035576,0.0040085180518915,0.0668586976452236,0.5428877179121816,1.0,0.110759493670886,0.2075949367088607,0.0088294533385711,0.0001125307838127,real10kg_mpc_event,sinusoidal,2,20000,0.0,1.0,1.0,0.03,0.01,0.6070887046219742,0.0,1.0,1.0,0.1609188195724893,0.6257627010316983,0.2460213363895277,3.379295211022276,0.0869727753840976,0.1755895965651569,54.79121410666436,2.609105433650684,0.0101984681757788,86.00636476281238,138.5128608853661,0.0080257560087864,0.0241017941048325,0.2460213363895277,real10kg_mpc_event,True,2.5,1.0,0.75,real_10kg_v1,thruster,real_10kg_x,1.0,0.2378571428571428,0.4676190476190476,0.0101984681757788,0.0012572462073142,0.2635906272964374,0.1755895965651569,,,20,0,train20_eval0_scn2
startup_0_3s,0.0,3.0,300,0.0831486456032788,0.0818176357007363,0.0148179537724091,0.9839924042913092,0.1782104045700155,0.0317589482970086,0.0688616533637303,0.1651048703136449,1.0,0.0344444444444444,0.0966666666666666,0.0296580266708184,0.0091246942619335,real10kg_mpc_event,sinusoidal,2,20001,0.0,1.0,1.0,0.03,0.01,0.6068348234418248,0.0,1.0,1.0,0.1601348514749808,0.6191222906570356,0.244031455844992,3.3628318809745985,0.0869049626903046,0.1754956621137529,54.85905259132924,2.6123358376823447,0.0105404210889139,85.95809788419325,138.43612793228502,0.0082496883235509,0.0262190350319064,0.244031455844992,real10kg_mpc_event,True,2.5,1.0,0.75,real_10kg_v1,thruster,real_10kg_x,1.0,0.2384920634920635,0.4676190476190476,0.0105404210889139,0.0015915897977013,0.2613891616049157,0.1754956621137529,,,20,1,train20_eval1_scn2
pre_step_3_10s,3.0,10.0,700,0.2049928367320307,0.2049685469421266,0.0031556102228037,0.9998815090795788,0.0153937584996145,0.0002369678007444,0.1546966775845898,0.4309225336088197,1.0,0.3995238095238095,0.76,0.0057176152007813,0.0003909027669741,real10kg_mpc_event,sinusoidal,2,20001,0.0,1.0,1.0,0.03,0.01,0.6068348234418248,0.0,1.0,1.0,0.1601348514749808,0.6191222906570356,0.244031455844992,3.3628318809745985,0.0869049626903046,0.1754956621137529,54.85905259132924,2.6123358376823447,0.0105404210889139,85.95809788419325,138.43612793228502,0.0082496883235509,0.0262190350319064,0.244031455844992,real10kg_mpc_event,True,2.5,1.0,0.75,real_10kg_v1,thruster,real_10kg_x,1.0,0.2384920634920635,0.4676190476190476,0.0105404210889139,0.0015915897977013,0.2613891616049157,0.1754956621137529,,,20,1,train20_eval1_scn2
step_recovery_10_13s,10.0,13.0,300,0.5108275974963469,0.5107571720791539,0.0084820713033622,0.999862134666298,0.0166045674605959,0.0002757116605534,0.4971668633843861,0.6191222906570356,1.0,0.3888888888888889,0.8233333333333334,0.0075541905211277,0.0008649328584671,real10kg_mpc_event,sinusoidal,2,20001,0.0,1.0,1.0,0.03,0.01,0.6068348234418248,0.0,1.0,1.0,0.1601348514749808,0.6191222906570356,0.244031455844992,3.3628318809745985,0.0869049626903046,0.1754956621137529,54.85905259132924,2.6123358376823447,0.0105404210889139,85.95809788419325,138.43612793228502,0.0082496883235509,0.0262190350319064,0.244031455844992,real10kg_mpc_event,True,2.5,1.0,0.75,real_10kg_v1,thruster,real_10kg_x,1.0,0.2384920634920635,0.4676190476190476,0.0105404210889139,0.0015915897977013,0.2613891616049157,0.1754956621137529,,,20,1,train20_eval1_scn2
post_step_13_20p9s,13.0,20.9,790,0.1229527747187922,0.1227042013320597,0.0078143321219043,0.9979783019350232,0.06355555732497,0.0040393088668875,0.0663402752621753,0.5426445215339193,1.0,0.110759493670886,0.2075949367088607,0.0088165548649813,0.0001125906773461,real10kg_mpc_event,sinusoidal,2,20001,0.0,1.0,1.0,0.03,0.01,0.6068348234418248,0.0,1.0,1.0,0.1601348514749808,0.6191222906570356,0.244031455844992,3.3628318809745985,0.0869049626903046,0.1754956621137529,54.85905259132924,2.6123358376823447,0.0105404210889139,85.95809788419325,138.43612793228502,0.0082496883235509,0.0262190350319064,0.244031455844992,real10kg_mpc_event,True,2.5,1.0,0.75,real_10kg_v1,thruster,real_10kg_x,1.0,0.2384920634920635,0.4676190476190476,0.0105404210889139,0.0015915897977013,0.2613891616049157,0.1754956621137529,,,20,1,train20_eval1_scn2
startup_0_3s,0.0,3.0,300,0.0779522235042281,0.0766856667373573,0.0139949157303677,0.9837521406069698,0.1795319633135122,0.0322317258512042,0.0633659872654365,0.1595755912109811,1.0,0.0322222222222222,0.0966666666666666,0.0253807831006992,0.0061523369566803,real10kg_mpc_event,sinusoidal,2,20002,0.0,1.0,1.0,0.03,0.01,0.607088803340113,0.0,1.0,1.0,0.1603796437117788,0.6257381546425439,0.2458252396208053,3.367972517947355,0.0869726992701118,0.175589618741671,54.77303049043365,2.608239547163507,0.0099232483698285,86.00578421345783,138.51633507915383,0.0080462045600371,0.0237392640812589,0.2458252396208053,real10kg_mpc_event,True,2.5,1.0,0.75,real_10kg_v1,thruster,real_10kg_x,1.0,0.2379365079365079,0.4676190476190476,0.0099232483698285,0.001161955167389,0.2636075965942343,0.175589618741671,,,20,2,train20_eval2_scn2
pre_step_3_10s,3.0,10.0,700,0.2052824275416015,0.2052578478771893,0.0031766243399997,0.9998802641574998,0.0154744094662265,0.0002394573483284,0.1545289912961489,0.4369852137868319,1.0,0.3983333333333333,0.76,0.0056981211906547,0.0003788530371764,real10kg_mpc_event,sinusoidal,2,20002,0.0,1.0,1.0,0.03,0.01,0.607088803340113,0.0,1.0,1.0,0.1603796437117788,0.6257381546425439,0.2458252396208053,3.367972517947355,0.0869726992701118,0.175589618741671,54.77303049043365,2.608239547163507,0.0099232483698285,86.00578421345783,138.51633507915383,0.0080462045600371,0.0237392640812589,0.2458252396208053,real10kg_mpc_event,True,2.5,1.0,0.75,real_10kg_v1,thruster,real_10kg_x,1.0,0.2379365079365079,0.4676190476190476,0.0099232483698285,0.001161955167389,0.2636075965942343,0.175589618741671,,,20,2,train20_eval2_scn2
step_recovery_10_13s,10.0,13.0,300,0.5170364112608984,0.5169667019695359,0.0084899719840497,0.9998651752761618,0.0164204527943112,0.0002696312699702,0.5033972125871867,0.6257381546425439,1.0,0.39,0.8233333333333334,0.0075142526908894,0.0008409409454398,real10kg_mpc_event,sinusoidal,2,20002,0.0,1.0,1.0,0.03,0.01,0.607088803340113,0.0,1.0,1.0,0.1603796437117788,0.6257381546425439,0.2458252396208053,3.367972517947355,0.0869726992701118,0.175589618741671,54.77303049043365,2.608239547163507,0.0099232483698285,86.00578421345783,138.51633507915383,0.0080462045600371,0.0237392640812589,0.2458252396208053,real10kg_mpc_event,True,2.5,1.0,0.75,real_10kg_v1,thruster,real_10kg_x,1.0,0.2379365079365079,0.4676190476190476,0.0099232483698285,0.001161955167389,0.2636075965942343,0.175589618741671,,,20,2,train20_eval2_scn2
post_step_13_20p9s,13.0,20.9,790,0.1234449953338572,0.1231973256032051,0.0078157429073565,0.9979936835026624,0.0633135663881624,0.0040086076887882,0.0668574230397513,0.5428877911248691,1.0,0.110759493670886,0.2075949367088607,0.0088291843629423,0.0001125023656787,real10kg_mpc_event,sinusoidal,2,20002,0.0,1.0,1.0,0.03,0.01,0.607088803340113,0.0,1.0,1.0,0.1603796437117788,0.6257381546425439,0.2458252396208053,3.367972517947355,0.0869726992701118,0.175589618741671,54.77303049043365,2.608239547163507,0.0099232483698285,86.00578421345783,138.51633507915383,0.0080462045600371,0.0237392640812589,0.2458252396208053,real10kg_mpc_event,True,2.5,1.0,0.75,real_10kg_v1,thruster,real_10kg_x,1.0,0.2379365079365079,0.4676190476190476,0.0099232483698285,0.001161955167389,0.2636075965942343,0.175589618741671,,,20,2,train20_eval2_scn2
startup_0_3s,0.0,3.0,300,0.0957249620217603,0.0936391464796322,0.0198740685475685,0.978210327817586,0.2076163638806217,0.0431045545510107,0.0794221988691565,0.1869273527481567,1.0,0.0388888888888888,0.1,0.0318062960275438,0.009309490149276,real10kg_mpc_event,sinusoidal,2,20003,0.0,1.0,1.0,0.03,0.01,0.6068308875715542,0.0,1.0,1.0,0.1616031060819599,0.6190816305087071,0.2446073270441923,3.393665227721158,0.0869041884069131,0.1754942514987651,54.9669435134254,2.6174735006393046,0.0108556018060257,85.95827215012999,138.42656962938284,0.0096477050571289,0.0589140756472629,0.2446073270441923,real10kg_mpc_event,True,2.5,1.0,0.75,real_10kg_v1,thruster,real_10kg_x,1.0,0.2391269841269841,0.4680952380952381,0.0108556018060257,0.0016169308752803,0.2612999370939661,0.1754942514987651,,,20,3,train20_eval3_scn2
pre_step_3_10s,3.0,10.0,700,0.2047403822120676,0.204716342744401,0.0031373749696914,0.9998825856071634,0.015323674478842,0.0002348149995335,0.1545963233198234,0.4309250729249099,1.0,0.3995238095238095,0.76,0.0057437086289955,0.0003887490688303,real10kg_mpc_event,sinusoidal,2,20003,0.0,1.0,1.0,0.03,0.01,0.6068308875715542,0.0,1.0,1.0,0.1616031060819599,0.6190816305087071,0.2446073270441923,3.393665227721158,0.0869041884069131,0.1754942514987651,54.9669435134254,2.6174735006393046,0.0108556018060257,85.95827215012999,138.42656962938284,0.0096477050571289,0.0589140756472629,0.2446073270441923,real10kg_mpc_event,True,2.5,1.0,0.75,real_10kg_v1,thruster,real_10kg_x,1.0,0.2391269841269841,0.4680952380952381,0.0108556018060257,0.0016169308752803,0.2612999370939661,0.1754942514987651,,,20,3,train20_eval3_scn2
step_recovery_10_13s,10.0,13.0,300,0.510793127521576,0.5107226875029439,0.0084826642656219,0.9998620967768812,0.0166068488563672,0.0002757874289382,0.497131014584412,0.6190816305087071,1.0,0.3888888888888889,0.8233333333333334,0.0075540293555003,0.0008633084959588,real10kg_mpc_event,sinusoidal,2,20003,0.0,1.0,1.0,0.03,0.01,0.6068308875715542,0.0,1.0,1.0,0.1616031060819599,0.6190816305087071,0.2446073270441923,3.393665227721158,0.0869041884069131,0.1754942514987651,54.9669435134254,2.6174735006393046,0.0108556018060257,85.95827215012999,138.42656962938284,0.0096477050571289,0.0589140756472629,0.2446073270441923,real10kg_mpc_event,True,2.5,1.0,0.75,real_10kg_v1,thruster,real_10kg_x,1.0,0.2391269841269841,0.4680952380952381,0.0108556018060257,0.0016169308752803,0.2612999370939661,0.1754942514987651,,,20,3,train20_eval3_scn2
post_step_13_20p9s,13.0,20.9,790,0.122947988049045,0.1226994098623945,0.0078142552254342,0.9979781841850776,0.063557406261232,0.0040395438906553,0.0663354802561131,0.5426408246805797,1.0,0.110759493670886,0.2075949367088607,0.0088172969606183,0.0001126884082378,real10kg_mpc_event,sinusoidal,2,20003,0.0,1.0,1.0,0.03,0.01,0.6068308875715542,0.0,1.0,1.0,0.1616031060819599,0.6190816305087071,0.2446073270441923,3.393665227721158,0.0869041884069131,0.1754942514987651,54.9669435134254,2.6174735006393046,0.0108556018060257,85.95827215012999,138.42656962938284,0.0096477050571289,0.0589140756472629,0.2446073270441923,real10kg_mpc_event,True,2.5,1.0,0.75,real_10kg_v1,thruster,real_10kg_x,1.0,0.2391269841269841,0.4680952380952381,0.0108556018060257,0.0016169308752803,0.2612999370939661,0.1754942514987651,,,20,3,train20_eval3_scn2
startup_0_3s,0.0,3.0,300,0.0810719517253729,0.0799005992881844,0.0137315545350908,0.9855516931286374,0.1693749100996832,0.0286878601712757,0.0664350033221618,0.163944915967033,1.0,0.0322222222222222,0.0966666666666666,0.0292593627886324,0.0072860803938829,real10kg_mpc_event,sinusoidal,2,20004,0.0,1.0,1.0,0.03,0.01,0.6069731287205994,0.0,1.0,1.0,0.1603530586490749,0.6227599860043482,0.2450444064367065,3.367414231630574,0.0869418998983211,0.1755468255873371,54.80804923658114,2.609907106503864,0.0104785966524683,85.98555266847815,138.48294847386472,0.0079794133564605,0.0245508719705929,0.2450444064367065,real10kg_mpc_event,True,2.5,1.0,0.75,real_10kg_v1,thruster,real_10kg_x,1.0,0.238015873015873,0.4676190476190476,0.0104785966524683,0.0013298313580966,0.2626006684825407,0.1755468255873371,,,20,4,train20_eval4_scn2
pre_step_3_10s,3.0,10.0,700,0.205127558849084,0.2051030689377762,0.0031696232726057,0.9998806113062272,0.0154519621370704,0.0002387631338854,0.1546007227669696,0.4342675713634331,1.0,0.3988095238095238,0.76,0.0057051208092238,0.000380629901379,real10kg_mpc_event,sinusoidal,2,20004,0.0,1.0,1.0,0.03,0.01,0.6069731287205994,0.0,1.0,1.0,0.1603530586490749,0.6227599860043482,0.2450444064367065,3.367414231630574,0.0869418998983211,0.1755468255873371,54.80804923658114,2.609907106503864,0.0104785966524683,85.98555266847815,138.48294847386472,0.0079794133564605,0.0245508719705929,0.2450444064367065,real10kg_mpc_event,True,2.5,1.0,0.75,real_10kg_v1,thruster,real_10kg_x,1.0,0.238015873015873,0.4676190476190476,0.0104785966524683,0.0013298313580966,0.2626006684825407,0.1755468255873371,,,20,4,train20_eval4_scn2
step_recovery_10_13s,10.0,13.0,300,0.5142422153999412,0.5141721870625445,0.0084863508505873,0.999863822270324,0.0165026335770338,0.0002723369149778,0.5005931470334973,0.6227599860043482,1.0,0.3894444444444444,0.8233333333333334,0.007532008939246,0.0008848661844501,real10kg_mpc_event,sinusoidal,2,20004,0.0,1.0,1.0,0.03,0.01,0.6069731287205994,0.0,1.0,1.0,0.1603530586490749,0.6227599860043482,0.2450444064367065,3.367414231630574,0.0869418998983211,0.1755468255873371,54.80804923658114,2.609907106503864,0.0104785966524683,85.98555266847815,138.48294847386472,0.0079794133564605,0.0245508719705929,0.2450444064367065,real10kg_mpc_event,True,2.5,1.0,0.75,real_10kg_v1,thruster,real_10kg_x,1.0,0.238015873015873,0.4676190476190476,0.0104785966524683,0.0013298313580966,0.2626006684825407,0.1755468255873371,,,20,4,train20_eval4_scn2
post_step_13_20p9s,13.0,20.9,790,0.1232220017505195,0.1229739222276099,0.0078151242704638,0.9979867270504832,0.0634231237882882,0.0040224926310645,0.0666240172171774,0.5427769839145932,1.0,0.110759493670886,0.2075949367088607,0.0088233958048204,0.0001125311553655,real10kg_mpc_event,sinusoidal,2,20004,0.0,1.0,1.0,0.03,0.01,0.6069731287205994,0.0,1.0,1.0,0.1603530586490749,0.6227599860043482,0.2450444064367065,3.367414231630574,0.0869418998983211,0.1755468255873371,54.80804923658114,2.609907106503864,0.0104785966524683,85.98555266847815,138.48294847386472,0.0079794133564605,0.0245508719705929,0.2450444064367065,real10kg_mpc_event,True,2.5,1.0,0.75,real_10kg_v1,thruster,real_10kg_x,1.0,0.238015873015873,0.4676190476190476,0.0104785966524683,0.0013298313580966,0.2626006684825407,0.1755468255873371,,,20,4,train20_eval4_scn2
startup_0_3s,0.0,3.0,300,0.0857071165252596,0.0843589234544033,0.0151420558937204,0.9842697651546942,0.1766720957093189,0.0312130294023227,0.0697318988395573,0.1736895174409148,1.0,0.0366666666666666,0.1,0.0322112412551113,0.009268747174279,real10kg_mpc_event,sinusoidal,2,20005,0.0,1.0,1.0,0.03,0.01,0.6070956252445509,0.0,1.0,1.0,0.1612663531100359,0.6260031304351703,0.2462166869601372,3.386593415310755,0.0869750398176101,0.1755922343750717,54.89096778460647,2.613855608790784,0.0109087895710075,86.00852116778206,138.51069412588637,0.008334340834464,0.0271012630931546,0.2462166869601372,real10kg_mpc_event,True,2.5,1.0,0.75,real_10kg_v1,thruster,real_10kg_x,1.0,0.2385714285714285,0.4680952380952381,0.0109087895710075,0.0016073920728287,0.2636326006460218,0.1755922343750717,,,20,5,train20_eval5_scn2
pre_step_3_10s,3.0,10.0,700,0.205079420648791,0.2050552430921413,0.0031489766697419,0.9998821063733592,0.0153549130370069,0.000235773354374,0.1543307561635169,0.437258413587995,1.0,0.3983333333333333,0.76,0.0057333294535855,0.000390869087077,real10kg_mpc_event,sinusoidal,2,20005,0.0,1.0,1.0,0.03,0.01,0.6070956252445509,0.0,1.0,1.0,0.1612663531100359,0.6260031304351703,0.2462166869601372,3.386593415310755,0.0869750398176101,0.1755922343750717,54.89096778460647,2.613855608790784,0.0109087895710075,86.00852116778206,138.51069412588637,0.008334340834464,0.0271012630931546,0.2462166869601372,real10kg_mpc_event,True,2.5,1.0,0.75,real_10kg_v1,thruster,real_10kg_x,1.0,0.2385714285714285,0.4680952380952381,0.0109087895710075,0.0016073920728287,0.2636326006460218,0.1755922343750717,,,20,5,train20_eval5_scn2
step_recovery_10_13s,10.0,13.0,300,0.5172892232643219,0.5172195231913325,0.008491486038154,0.9998652589888696,0.0164153546145211,0.0002694638671204,0.5036497807835895,0.6260031304351703,1.0,0.39,0.8233333333333334,0.0075115716405676,0.0008318516513988,real10kg_mpc_event,sinusoidal,2,20005,0.0,1.0,1.0,0.03,0.01,0.6070956252445509,0.0,1.0,1.0,0.1612663531100359,0.6260031304351703,0.2462166869601372,3.386593415310755,0.0869750398176101,0.1755922343750717,54.89096778460647,2.613855608790784,0.0109087895710075,86.00852116778206,138.51069412588637,0.008334340834464,0.0271012630931546,0.2462166869601372,real10kg_mpc_event,True,2.5,1.0,0.75,real_10kg_v1,thruster,real_10kg_x,1.0,0.2385714285714285,0.4680952380952381,0.0109087895710075,0.0016073920728287,0.2636326006460218,0.1755922343750717,,,20,5,train20_eval5_scn2
post_step_13_20p9s,13.0,20.9,790,0.1234630352984502,0.1232154064911837,0.0078156694095075,0.9979943081209056,0.0633037199402601,0.0040073609582748,0.0668767176369966,0.542894485930872,1.0,0.110759493670886,0.2075949367088607,0.0088314088887513,0.0001126981476022,real10kg_mpc_event,sinusoidal,2,20005,0.0,1.0,1.0,0.03,0.01,0.6070956252445509,0.0,1.0,1.0,0.1612663531100359,0.6260031304351703,0.2462166869601372,3.386593415310755,0.0869750398176101,0.1755922343750717,54.89096778460647,2.613855608790784,0.0109087895710075,86.00852116778206,138.51069412588637,0.008334340834464,0.0271012630931546,0.2462166869601372,real10kg_mpc_event,True,2.5,1.0,0.75,real_10kg_v1,thruster,real_10kg_x,1.0,0.2385714285714285,0.4680952380952381,0.0109087895710075,0.0016073920728287,0.2636326006460218,0.1755922343750717,,,20,5,train20_eval5_scn2
startup_0_3s,0.0,3.0,300,0.0804662113403675,0.0793017182701405,0.0136399650613904,0.9855281732440307,0.1695117097497507,0.0287342197422837,0.0651333038928518,0.165014286315509,1.0,0.0327777777777777,0.1,0.0304159168431005,0.0076215430824225,real10kg_mpc_event,sinusoidal,2,20006,0.0,1.0,1.0,0.03,0.01,0.6071233661222056,0.0,1.0,1.0,0.1607486537994156,0.6267178160385144,0.2462189358880335,3.375721729787729,0.0869823075903648,0.1756024564194096,54.81307710548041,2.6101465288324004,0.0106450991885862,86.01320523677833,138.5248689704749,0.0079576910520979,0.0243091271134962,0.2462189358880335,real10kg_mpc_event,True,2.5,1.0,0.75,real_10kg_v1,thruster,real_10kg_x,1.0,0.238015873015873,0.4680952380952381,0.0106450991885862,0.001372245106045,0.2639101929196674,0.1756024564194096,,,20,6,train20_eval6_scn2
pre_step_3_10s,3.0,10.0,700,0.2052368132792301,0.2052123752546694,0.0031671070948594,0.9998809276748638,0.0154314766647175,0.0002381304720537,0.1543959532040194,0.4378833617369859,1.0,0.3983333333333333,0.76,0.0057113293428923,0.0003816295566895,real10kg_mpc_event,sinusoidal,2,20006,0.0,1.0,1.0,0.03,0.01,0.6071233661222056,0.0,1.0,1.0,0.1607486537994156,0.6267178160385144,0.2462189358880335,3.375721729787729,0.0869823075903648,0.1756024564194096,54.81307710548041,2.6101465288324004,0.0106450991885862,86.01320523677833,138.5248689704749,0.0079576910520979,0.0243091271134962,0.2462189358880335,real10kg_mpc_event,True,2.5,1.0,0.75,real_10kg_v1,thruster,real_10kg_x,1.0,0.238015873015873,0.4680952380952381,0.0106450991885862,0.001372245106045,0.2639101929196674,0.1756024564194096,,,20,6,train20_eval6_scn2
step_recovery_10_13s,10.0,13.0,300,0.5179569927506791,0.5178873804415774,0.0084916146101794,0.999865602144433,0.0163944395558473,0.0002687776483503,0.5043208507447294,0.6267178160385144,1.0,0.39,0.8233333333333334,0.0075079406102897,0.0008455065133541,real10kg_mpc_event,sinusoidal,2,20006,0.0,1.0,1.0,0.03,0.01,0.6071233661222056,0.0,1.0,1.0,0.1607486537994156,0.6267178160385144,0.2462189358880335,3.375721729787729,0.0869823075903648,0.1756024564194096,54.81307710548041,2.6101465288324004,0.0106450991885862,86.01320523677833,138.5248689704749,0.0079576910520979,0.0243091271134962,0.2462189358880335,real10kg_mpc_event,True,2.5,1.0,0.75,real_10kg_v1,thruster,real_10kg_x,1.0,0.238015873015873,0.4680952380952381,0.0106450991885862,0.001372245106045,0.2639101929196674,0.1756024564194096,,,20,6,train20_eval6_scn2
post_step_13_20p9s,13.0,20.9,790,0.1235177853186138,0.1232702524424888,0.0078158910419899,0.9979959738147304,0.0632774545125536,0.0040040362495883,0.0669339064629358,0.5429209696173855,1.0,0.110759493670886,0.2075949367088607,0.0088318353419981,0.0001125821933753,real10kg_mpc_event,sinusoidal,2,20006,0.0,1.0,1.0,0.03,0.01,0.6071233661222056,0.0,1.0,1.0,0.1607486537994156,0.6267178160385144,0.2462189358880335,3.375721729787729,0.0869823075903648,0.1756024564194096,54.81307710548041,2.6101465288324004,0.0106450991885862,86.01320523677833,138.5248689704749,0.0079576910520979,0.0243091271134962,0.2462189358880335,real10kg_mpc_event,True,2.5,1.0,0.75,real_10kg_v1,thruster,real_10kg_x,1.0,0.238015873015873,0.4680952380952381,0.0106450991885862,0.001372245106045,0.2639101929196674,0.1756024564194096,,,20,6,train20_eval6_scn2
startup_0_3s,0.0,3.0,300,0.0861353138577529,0.0839625634056285,0.0192244698166013,0.974775149067053,0.2231891770702704,0.0498134087613045,0.0716348155811794,0.1684860365874431,1.0,0.0383333333333333,0.1,0.0307826683816225,0.0088824572274821,real10kg_mpc_event,sinusoidal,2,20007,0.0,1.0,1.0,0.03,0.01,0.606739827207711,0.0,1.0,1.0,0.1600886250315505,0.6164836057933002,0.2433624253473298,3.361861125662561,0.0868791386804997,0.1754604649208344,54.94899057541088,2.6166185988290893,0.0107074872832927,85.93984464564495,138.4073643527622,0.0094571112332073,0.0556673843122769,0.2433624253473298,real10kg_mpc_event,True,2.5,1.0,0.75,real_10kg_v1,thruster,real_10kg_x,1.0,0.239047619047619,0.4676190476190476,0.0107074872832927,0.0015528294225006,0.2604987518214399,0.1754604649208344,,,20,7,train20_eval7_scn2
pre_step_3_10s,3.0,10.0,700,0.2048482662802068,0.2048242453001931,0.0031369946147252,0.999882737694344,0.015313747446777,0.0002345108608636,0.1546654993934843,0.4285046383724298,1.0,0.3997619047619047,0.76,0.0057366195793503,0.0003734764847605,real10kg_mpc_event,sinusoidal,2,20007,0.0,1.0,1.0,0.03,0.01,0.606739827207711,0.0,1.0,1.0,0.1600886250315505,0.6164836057933002,0.2433624253473298,3.361861125662561,0.0868791386804997,0.1754604649208344,54.94899057541088,2.6166185988290893,0.0107074872832927,85.93984464564495,138.4073643527622,0.0094571112332073,0.0556673843122769,0.2433624253473298,real10kg_mpc_event,True,2.5,1.0,0.75,real_10kg_v1,thruster,real_10kg_x,1.0,0.239047619047619,0.4676190476190476,0.0107074872832927,0.0015528294225006,0.2604987518214399,0.1754604649208344,,,20,7,train20_eval7_scn2
step_recovery_10_13s,10.0,13.0,300,0.5083531638612755,0.5082824521018585,0.0084786846321078,0.9998609003259076,0.0166787289523422,0.0002781799994657,0.4946844835271353,0.6164836057933002,1.0,0.3883333333333333,0.82,0.0075695841780688,0.0008749422324346,real10kg_mpc_event,sinusoidal,2,20007,0.0,1.0,1.0,0.03,0.01,0.606739827207711,0.0,1.0,1.0,0.1600886250315505,0.6164836057933002,0.2433624253473298,3.361861125662561,0.0868791386804997,0.1754604649208344,54.94899057541088,2.6166185988290893,0.0107074872832927,85.93984464564495,138.4073643527622,0.0094571112332073,0.0556673843122769,0.2433624253473298,real10kg_mpc_event,True,2.5,1.0,0.75,real_10kg_v1,thruster,real_10kg_x,1.0,0.239047619047619,0.4676190476190476,0.0107074872832927,0.0015528294225006,0.2604987518214399,0.1754604649208344,,,20,7,train20_eval7_scn2
post_step_13_20p9s,13.0,20.9,790,0.122760477751403,0.1225115461648623,0.0078138309456704,0.9979722171899268,0.0636510307616582,0.0040514537170215,0.0661357775814953,0.5425535085778403,1.0,0.110759493670886,0.2075949367088607,0.0088116879468395,0.0001126440516384,real10kg_mpc_event,sinusoidal,2,20007,0.0,1.0,1.0,0.03,0.01,0.606739827207711,0.0,1.0,1.0,0.1600886250315505,0.6164836057933002,0.2433624253473298,3.361861125662561,0.0868791386804997,0.1754604649208344,54.94899057541088,2.6166185988290893,0.0107074872832927,85.93984464564495,138.4073643527622,0.0094571112332073,0.0556673843122769,0.2433624253473298,real10kg_mpc_event,True,2.5,1.0,0.75,real_10kg_v1,thruster,real_10kg_x,1.0,0.239047619047619,0.4676190476190476,0.0107074872832927,0.0015528294225006,0.2604987518214399,0.1754604649208344,,,20,7,train20_eval7_scn2
startup_0_3s,0.0,3.0,300,0.0629993316519083,0.0613704619359361,0.0142331370525598,0.9741446508516594,0.2259252071308084,0.0510421992170987,0.0513432005837685,0.1302525005231813,1.0,0.0316666666666666,0.0966666666666666,0.0238275671118056,0.0058395455947321,real10kg_mpc_event,sinusoidal,2,20008,0.0,1.0,1.0,0.03,0.01,0.6069155500964429,0.0,1.0,1.0,0.1579834257112585,0.6212286868213749,0.2439066730432082,3.3176519399364293,0.0869261680434941,0.1755254325530719,54.75628729281775,2.60744225203894,0.009695147791584,85.97305132973787,138.47466100463146,0.0081047660224827,0.024091075110876,0.2439066730432082,real10kg_mpc_event,True,2.5,1.0,0.75,real_10kg_v1,thruster,real_10kg_x,1.0,0.2381746031746031,0.4676190476190476,0.009695147791584,0.0011291928716859,0.2621908783998337,0.1755254325530719,,,20,8,train20_eval8_scn2
pre_step_3_10s,3.0,10.0,700,0.2054070887075448,0.2053824751320543,0.0031797798572062,0.9998801717328968,0.0154803803374749,0.0002396421753928,0.1547139793139801,0.4328067308828204,1.0,0.3995238095238095,0.76,0.0056777473637303,0.0003806146096677,real10kg_mpc_event,sinusoidal,2,20008,0.0,1.0,1.0,0.03,0.01,0.6069155500964429,0.0,1.0,1.0,0.1579834257112585,0.6212286868213749,0.2439066730432082,3.3176519399364293,0.0869261680434941,0.1755254325530719,54.75628729281775,2.60744225203894,0.009695147791584,85.97305132973787,138.47466100463146,0.0081047660224827,0.024091075110876,0.2439066730432082,real10kg_mpc_event,True,2.5,1.0,0.75,real_10kg_v1,thruster,real_10kg_x,1.0,0.2381746031746031,0.4676190476190476,0.009695147791584,0.0011291928716859,0.2621908783998337,0.1755254325530719,,,20,8,train20_eval8_scn2
step_recovery_10_13s,10.0,13.0,300,0.5127980093918072,0.5127278387996569,0.0084830275275394,0.9998631613405958,0.0165426295971791,0.0002736585939894,0.4991454365193647,0.6212286868213749,1.0,0.3894444444444444,0.8233333333333334,0.0075430358047001,0.0009194295484234,real10kg_mpc_event,sinusoidal,2,20008,0.0,1.0,1.0,0.03,0.01,0.6069155500964429,0.0,1.0,1.0,0.1579834257112585,0.6212286868213749,0.2439066730432082,3.3176519399364293,0.0869261680434941,0.1755254325530719,54.75628729281775,2.60744225203894,0.009695147791584,85.97305132973787,138.47466100463146,0.0081047660224827,0.024091075110876,0.2439066730432082,real10kg_mpc_event,True,2.5,1.0,0.75,real_10kg_v1,thruster,real_10kg_x,1.0,0.2381746031746031,0.4676190476190476,0.009695147791584,0.0011291928716859,0.2621908783998337,0.1755254325530719,,,20,8,train20_eval8_scn2
post_step_13_20p9s,13.0,20.9,790,0.1231099991987615,0.1228617048865164,0.0078149456234589,0.9979831507281204,0.0634793735222242,0.004029630862774,0.0665061831674432,0.5427216472591624,1.0,0.110759493670886,0.2075949367088607,0.0088185169544412,0.0001123278096776,real10kg_mpc_event,sinusoidal,2,20008,0.0,1.0,1.0,0.03,0.01,0.6069155500964429,0.0,1.0,1.0,0.1579834257112585,0.6212286868213749,0.2439066730432082,3.3176519399364293,0.0869261680434941,0.1755254325530719,54.75628729281775,2.60744225203894,0.009695147791584,85.97305132973787,138.47466100463146,0.0081047660224827,0.024091075110876,0.2439066730432082,real10kg_mpc_event,True,2.5,1.0,0.75,real_10kg_v1,thruster,real_10kg_x,1.0,0.2381746031746031,0.4676190476190476,0.009695147791584,0.0011291928716859,0.2621908783998337,0.1755254325530719,,,20,8,train20_eval8_scn2
startup_0_3s,0.0,3.0,300,0.0587880860958418,0.0565790869260401,0.0159638964362621,0.9624243734317126,0.2715498580824069,0.0737393254245753,0.0479435515560198,0.1202086754647797,1.0,0.0361111111111111,0.0966666666666666,0.0322109553042373,0.0095745800353094,real10kg_mpc_event,sinusoidal,2,20009,0.0,1.0,1.0,0.03,0.01,0.6068203118148482,0.0,1.0,1.0,0.1570248692796913,0.6186072680855641,0.2429595195756698,3.2975222548735186,0.0869006593267189,0.1754902332528147,54.88228882434444,2.6134423249687826,0.0109039964800097,85.95432604771747,138.44583920201356,0.0085472142649135,0.0374470163062657,0.2429595195756698,real10kg_mpc_event,True,2.5,1.0,0.75,real_10kg_v1,thruster,real_10kg_x,1.0,0.2388888888888889,0.4676190476190476,0.0109039964800097,0.0016505160596294,0.2613265065010532,0.1754902332528147,,,20,9,train20_eval9_scn2
pre_step_3_10s,3.0,10.0,700,0.205330073042486,0.2053061038596728,0.0031372939922652,0.9998832651132976,0.0152792717879959,0.0002334561463714,0.1545818770524461,0.4303930909350521,1.0,0.4,0.76,0.0057176005265483,0.0003808371097146,real10kg_mpc_event,sinusoidal,2,20009,0.0,1.0,1.0,0.03,0.01,0.6068203118148482,0.0,1.0,1.0,0.1570248692796913,0.6186072680855641,0.2429595195756698,3.2975222548735186,0.0869006593267189,0.1754902332528147,54.88228882434444,2.6134423249687826,0.0109039964800097,85.95432604771747,138.44583920201356,0.0085472142649135,0.0374470163062657,0.2429595195756698,real10kg_mpc_event,True,2.5,1.0,0.75,real_10kg_v1,thruster,real_10kg_x,1.0,0.2388888888888889,0.4676190476190476,0.0109039964800097,0.0016505160596294,0.2613265065010532,0.1754902332528147,,,20,9,train20_eval9_scn2
step_recovery_10_13s,10.0,13.0,300,0.5103414502854071,0.5102709800473766,0.008480731153762,0.9998619155116812,0.0166177588534484,0.0002761499093113,0.4966812438185615,0.6186072680855641,1.0,0.3888888888888889,0.8233333333333334,0.0075570125924,0.0008535176303381,real10kg_mpc_event,sinusoidal,2,20009,0.0,1.0,1.0,0.03,0.01,0.6068203118148482,0.0,1.0,1.0,0.1570248692796913,0.6186072680855641,0.2429595195756698,3.2975222548735186,0.0869006593267189,0.1754902332528147,54.88228882434444,2.6134423249687826,0.0109039964800097,85.95432604771747,138.44583920201356,0.0085472142649135,0.0374470163062657,0.2429595195756698,real10kg_mpc_event,True,2.5,1.0,0.75,real_10kg_v1,thruster,real_10kg_x,1.0,0.2388888888888889,0.4676190476190476,0.0109039964800097,0.0016505160596294,0.2613265065010532,0.1754902332528147,,,20,9,train20_eval9_scn2
post_step_13_20p9s,13.0,20.9,790,0.1229181878876947,0.1226695443652886,0.0078143329086432,0.9979771624795408,0.0635734470457931,0.0040415831692842,0.0663031319635423,0.5426305725091924,1.0,0.110759493670886,0.2075949367088607,0.0088154507976668,0.0001125636236848,real10kg_mpc_event,sinusoidal,2,20009,0.0,1.0,1.0,0.03,0.01,0.6068203118148482,0.0,1.0,1.0,0.1570248692796913,0.6186072680855641,0.2429595195756698,3.2975222548735186,0.0869006593267189,0.1754902332528147,54.88228882434444,2.6134423249687826,0.0109039964800097,85.95432604771747,138.44583920201356,0.0085472142649135,0.0374470163062657,0.2429595195756698,real10kg_mpc_event,True,2.5,1.0,0.75,real_10kg_v1,thruster,real_10kg_x,1.0,0.2388888888888889,0.4676190476190476,0.0109039964800097,0.0016505160596294,0.2613265065010532,0.1754902332528147,,,20,9,train20_eval9_scn2
startup_0_3s,0.0,3.0,300,0.0853973706501325,0.0842536208046521,0.0139297629291382,0.9866067323060076,0.1631170002435735,0.0266071557684619,0.0698754342296383,0.1712843819373782,1.0,0.0355555555555555,0.1066666666666666,0.0252348506386486,0.006417330644946,real10kg_mpc_event,step_change,3,20000,0.0,1.0,1.0,0.03,0.01,0.0172140814539312,1.0,1.0,1.0,0.0246162052791085,0.1712843819373782,0.0401516080310201,0.5169403108612802,0.008930762174438,0.0095589862368061,26.65825441238285,1.2694406863039451,0.0097275795167009,86.84359050182077,143.01681311215262,0.0080588772121186,0.0241745940984396,0.0401516080310201,real10kg_mpc_event,True,2.5,1.0,0.75,real_10kg_v1,thruster,real_10kg_x,1.0,0.0252380952380952,0.079047619047619,0.0097275795167009,0.0021209226091756,0.0257951884349926,0.0095589862368061,,,20,0,train20_eval0_scn3
pre_step_3_10s,3.0,10.0,700,0.020104684580207,0.0198033658236595,0.0034677145389909,0.9850125101269092,0.172482911888353,0.0297503548934853,0.0118938707467084,0.1066845207089456,1.0,0.0569047619047619,0.18,0.0059028336293788,9.100334140250607e-05,real10kg_mpc_event,step_change,3,20000,0.0,1.0,1.0,0.03,0.01,0.0172140814539312,1.0,1.0,1.0,0.0246162052791085,0.1712843819373782,0.0401516080310201,0.5169403108612802,0.008930762174438,0.0095589862368061,26.65825441238285,1.2694406863039451,0.0097275795167009,86.84359050182077,143.01681311215262,0.0080588772121186,0.0241745940984396,0.0401516080310201,real10kg_mpc_event,True,2.5,1.0,0.75,real_10kg_v1,thruster,real_10kg_x,1.0,0.0252380952380952,0.079047619047619,0.0097275795167009,0.0021209226091756,0.0257951884349926,0.0095589862368061,,,20,0,train20_eval0_scn3
step_recovery_10_13s,10.0,13.0,300,0.0510834146148392,0.0504724480317102,0.0078770069441304,0.9880398249072506,0.1541989117900948,0.0237773043972494,0.0428779167998188,0.1125251997546104,1.0,0.0083333333333333,0.0266666666666666,0.0157047734341998,0.0055608620253463,real10kg_mpc_event,step_change,3,20000,0.0,1.0,1.0,0.03,0.01,0.0172140814539312,1.0,1.0,1.0,0.0246162052791085,0.1712843819373782,0.0401516080310201,0.5169403108612802,0.008930762174438,0.0095589862368061,26.65825441238285,1.2694406863039451,0.0097275795167009,86.84359050182077,143.01681311215262,0.0080588772121186,0.0241745940984396,0.0401516080310201,real10kg_mpc_event,True,2.5,1.0,0.75,real_10kg_v1,thruster,real_10kg_x,1.0,0.0252380952380952,0.079047619047619,0.0097275795167009,0.0021209226091756,0.0257951884349926,0.0095589862368061,,,20,0,train20_eval0_scn3
post_step_13_20p9s,13.0,20.9,790,0.0127806309006846,0.0099822409517303,0.0079811898737677,0.781044459330689,0.6244754218933134,0.3899695525488317,0.011864465517996,0.0210454393091549,0.9309303927642248,0.0,0.0,0.0050529507761702,5.845355397017224e-05,real10kg_mpc_event,step_change,3,20000,0.0,1.0,1.0,0.03,0.01,0.0172140814539312,1.0,1.0,1.0,0.0246162052791085,0.1712843819373782,0.0401516080310201,0.5169403108612802,0.008930762174438,0.0095589862368061,26.65825441238285,1.2694406863039451,0.0097275795167009,86.84359050182077,143.01681311215262,0.0080588772121186,0.0241745940984396,0.0401516080310201,real10kg_mpc_event,True,2.5,1.0,0.75,real_10kg_v1,thruster,real_10kg_x,1.0,0.0252380952380952,0.079047619047619,0.0097275795167009,0.0021209226091756,0.0257951884349926,0.0095589862368061,,,20,0,train20_eval0_scn3
startup_0_3s,0.0,3.0,300,0.0862820470204632,0.0849994928718703,0.0148215333068573,0.9851353300845,0.1717800378952786,0.0295083814193033,0.0716466740247937,0.1693177847260529,1.0,0.0372222222222222,0.1066666666666666,0.0273747253957857,0.0088221170860223,real10kg_mpc_event,step_change,3,20001,0.0,1.0,1.0,0.03,0.01,0.0172128624111557,1.0,1.0,1.0,0.0249425545025395,0.1693177847260529,0.0404496229373755,0.5237936445533298,0.0089329103428759,0.0095607553358979,26.71205362254981,1.272002553454753,0.0100513753331032,86.7861107252564,142.91687565434944,0.008280342799817,0.0261937664301935,0.0404496229373755,real10kg_mpc_event,True,2.5,1.0,0.75,real_10kg_v1,thruster,real_10kg_x,1.0,0.0254761904761904,0.079047619047619,0.0100513753331032,0.0024692023056162,0.0258476702121925,0.0095607553358979,,,20,1,train20_eval1_scn3
pre_step_3_10s,3.0,10.0,700,0.020209210069801,0.0199124857055844,0.003450374569557,0.9853173694967886,0.1707327776612585,0.0291496813679287,0.0121034373892716,0.1068555943499076,1.0,0.0569047619047619,0.18,0.0059324156908388,9.305393542304851e-05,real10kg_mpc_event,step_change,3,20001,0.0,1.0,1.0,0.03,0.01,0.0172128624111557,1.0,1.0,1.0,0.0249425545025395,0.1693177847260529,0.0404496229373755,0.5237936445533298,0.0089329103428759,0.0095607553358979,26.71205362254981,1.272002553454753,0.0100513753331032,86.7861107252564,142.91687565434944,0.008280342799817,0.0261937664301935,0.0404496229373755,real10kg_mpc_event,True,2.5,1.0,0.75,real_10kg_v1,thruster,real_10kg_x,1.0,0.0254761904761904,0.079047619047619,0.0100513753331032,0.0024692023056162,0.0258476702121925,0.0095607553358979,,,20,1,train20_eval1_scn3
step_recovery_10_13s,10.0,13.0,300,0.0511502447664951,0.050540122804279,0.0078767713309931,0.988071963975904,0.1539928375113599,0.0237137940048,0.0429122910564516,0.1127067488707473,1.0,0.0083333333333333,0.0266666666666666,0.0157594383747519,0.0055792747067818,real10kg_mpc_event,step_change,3,20001,0.0,1.0,1.0,0.03,0.01,0.0172128624111557,1.0,1.0,1.0,0.0249425545025395,0.1693177847260529,0.0404496229373755,0.5237936445533298,0.0089329103428759,0.0095607553358979,26.71205362254981,1.272002553454753,0.0100513753331032,86.7861107252564,142.91687565434944,0.008280342799817,0.0261937664301935,0.0404496229373755,real10kg_mpc_event,True,2.5,1.0,0.75,real_10kg_v1,thruster,real_10kg_x,1.0,0.0254761904761904,0.079047619047619,0.0100513753331032,0.0024692023056162,0.0258476702121925,0.0095607553358979,,,20,1,train20_eval1_scn3
post_step_13_20p9s,13.0,20.9,790,0.0127746650825436,0.0099750955472292,0.0079805724603444,0.7808498682959586,0.6247187232524603,0.3902734831821841,0.011860621733064,0.0210330424213412,0.9310483384562068,0.0,0.0,0.0050554423882313,5.878632338098376e-05,real10kg_mpc_event,step_change,3,20001,0.0,1.0,1.0,0.03,0.01,0.0172128624111557,1.0,1.0,1.0,0.0249425545025395,0.1693177847260529,0.0404496229373755,0.5237936445533298,0.0089329103428759,0.0095607553358979,26.71205362254981,1.272002553454753,0.0100513753331032,86.7861107252564,142.91687565434944,0.008280342799817,0.0261937664301935,0.0404496229373755,real10kg_mpc_event,True,2.5,1.0,0.75,real_10kg_v1,thruster,real_10kg_x,1.0,0.0254761904761904,0.079047619047619,0.0100513753331032,0.0024692023056162,0.0258476702121925,0.0095607553358979,,,20,1,train20_eval1_scn3
startup_0_3s,0.0,3.0,300,0.0807709882628937,0.0795464736891649,0.0140111051877968,0.9848396732531828,0.1734670515877988,0.030090817986564,0.0659922890025921,0.16268307745328,1.0,0.035,0.1066666666666666,0.0233126874293286,0.0057344156100142,real10kg_mpc_event,step_change,3,20002,0.0,1.0,1.0,0.03,0.01,0.0172140315229387,1.0,1.0,1.0,0.0240329280411961,0.16268307745328,0.0387563490335991,0.5046914888651192,0.0089308473354595,0.0095590346969983,26.642628503102294,1.2686965953858236,0.0094519575898749,86.83853595809764,143.00822884724823,0.0080791946356715,0.0238181285038849,0.0387563490335991,real10kg_mpc_event,True,2.5,1.0,0.75,real_10kg_v1,thruster,real_10kg_x,1.0,0.0251587301587301,0.079047619047619,0.0094519575898749,0.0020242162557837,0.0257889821045557,0.0095590346969983,,,20,2,train20_eval2_scn3
pre_step_3_10s,3.0,10.0,700,0.0200766837384001,0.0197745744120677,0.0034697891511354,0.984952229647639,0.1728268072729018,0.0298691053121447,0.0118068788309219,0.1067033560638257,1.0,0.0569047619047619,0.18,0.0058984251465917,9.066521167795796e-05,real10kg_mpc_event,step_change,3,20002,0.0,1.0,1.0,0.03,0.01,0.0172140315229387,1.0,1.0,1.0,0.0240329280411961,0.16268307745328,0.0387563490335991,0.5046914888651192,0.0089308473354595,0.0095590346969983,26.642628503102294,1.2686965953858236,0.0094519575898749,86.83853595809764,143.00822884724823,0.0080791946356715,0.0238181285038849,0.0387563490335991,real10kg_mpc_event,True,2.5,1.0,0.75,real_10kg_v1,thruster,real_10kg_x,1.0,0.0251587301587301,0.079047619047619,0.0094519575898749,0.0020242162557837,0.0257889821045557,0.0095590346969983,,,20,2,train20_eval2_scn3
step_recovery_10_13s,10.0,13.0,300,0.051090666868512,0.0504798652476525,0.0078765122768976,0.9880447514527162,0.1541673413104745,0.0237675691267403,0.0428820116184213,0.1125453681518766,1.0,0.0083333333333333,0.0266666666666666,0.0157048430549106,0.0055618752951551,real10kg_mpc_event,step_change,3,20002,0.0,1.0,1.0,0.03,0.01,0.0172140315229387,1.0,1.0,1.0,0.0240329280411961,0.16268307745328,0.0387563490335991,0.5046914888651192,0.0089308473354595,0.0095590346969983,26.642628503102294,1.2686965953858236,0.0094519575898749,86.83853595809764,143.00822884724823,0.0080791946356715,0.0238181285038849,0.0387563490335991,real10kg_mpc_event,True,2.5,1.0,0.75,real_10kg_v1,thruster,real_10kg_x,1.0,0.0251587301587301,0.079047619047619,0.0094519575898749,0.0020242162557837,0.0257889821045557,0.0095590346969983,,,20,2,train20_eval2_scn3
post_step_13_20p9s,13.0,20.9,790,0.0127800876605926,0.0099816107042475,0.007981108216362,0.7810283441971864,0.6244955768943454,0.3899947255606013,0.0118641209071003,0.0210427230165625,0.9309385340126852,0.0,0.0,0.005052133604249,5.840267565676004e-05,real10kg_mpc_event,step_change,3,20002,0.0,1.0,1.0,0.03,0.01,0.0172140315229387,1.0,1.0,1.0,0.0240329280411961,0.16268307745328,0.0387563490335991,0.5046914888651192,0.0089308473354595,0.0095590346969983,26.642628503102294,1.2686965953858236,0.0094519575898749,86.83853595809764,143.00822884724823,0.0080791946356715,0.0238181285038849,0.0387563490335991,real10kg_mpc_event,True,2.5,1.0,0.75,real_10kg_v1,thruster,real_10kg_x,1.0,0.0251587301587301,0.079047619047619,0.0094519575898749,0.0020242162557837,0.0257889821045557,0.0095590346969983,,,20,2,train20_eval2_scn3
startup_0_3s,0.0,3.0,300,0.0990445318534244,0.0970298307456297,0.0198753927140683,0.9796586336459624,0.2006712772743664,0.0402689615229256,0.0824178825351787,0.191146942016915,1.0,0.0416666666666666,0.11,0.0293839185577815,0.0088479786291809,real10kg_mpc_event,step_change,3,20003,0.0,1.0,1.0,0.03,0.01,0.0172127798236362,1.0,1.0,1.0,0.0265545864778454,0.191146942016915,0.0444430492939466,0.5576463160347546,0.0089330571328458,0.0095609270347706,26.816345743768697,1.2769688449413663,0.0103478019847021,86.78852940634448,142.92075528592557,0.0096734439650469,0.0589140738504541,0.0444430492939466,real10kg_mpc_event,True,2.5,1.0,0.75,real_10kg_v1,thruster,real_10kg_x,1.0,0.0261111111111111,0.0795238095238095,0.0103478019847021,0.0024735898778223,0.0258730011264805,0.0095609270347706,,,20,3,train20_eval3_scn3
pre_step_3_10s,3.0,10.0,700,0.0202979441701046,0.0200057173666332,0.0034318814342969,0.9856031329566004,0.1690753213988773,0.0285864643061336,0.0123246040728412,0.1068411620971805,1.0,0.0569047619047619,0.18,0.0059558486148765,9.51569304280518e-05,real10kg_mpc_event,step_change,3,20003,0.0,1.0,1.0,0.03,0.01,0.0172127798236362,1.0,1.0,1.0,0.0265545864778454,0.191146942016915,0.0444430492939466,0.5576463160347546,0.0089330571328458,0.0095609270347706,26.816345743768697,1.2769688449413663,0.0103478019847021,86.78852940634448,142.92075528592557,0.0096734439650469,0.0589140738504541,0.0444430492939466,real10kg_mpc_event,True,2.5,1.0,0.75,real_10kg_v1,thruster,real_10kg_x,1.0,0.0261111111111111,0.0795238095238095,0.0103478019847021,0.0024735898778223,0.0258730011264805,0.0095609270347706,,,20,3,train20_eval3_scn3
step_recovery_10_13s,10.0,13.0,300,0.0511449224938294,0.05053453808078,0.0078780427684803,0.9880655912007104,0.1540337219091662,0.0237263874851903,0.0429088239163307,0.1126909322874892,1.0,0.0083333333333333,0.0266666666666666,0.0157686090481472,0.0055798285603139,real10kg_mpc_event,step_change,3,20003,0.0,1.0,1.0,0.03,0.01,0.0172127798236362,1.0,1.0,1.0,0.0265545864778454,0.191146942016915,0.0444430492939466,0.5576463160347546,0.0089330571328458,0.0095609270347706,26.816345743768697,1.2769688449413663,0.0103478019847021,86.78852940634448,142.92075528592557,0.0096734439650469,0.0589140738504541,0.0444430492939466,real10kg_mpc_event,True,2.5,1.0,0.75,real_10kg_v1,thruster,real_10kg_x,1.0,0.0261111111111111,0.0795238095238095,0.0103478019847021,0.0024735898778223,0.0258730011264805,0.0095609270347706,,,20,3,train20_eval3_scn3
post_step_13_20p9s,13.0,20.9,790,0.0127749393655517,0.0099753748276051,0.0079806624312964,0.780854964721334,0.6247123530634275,0.3902655240700444,0.011860784655085,0.0210372177286599,0.9310485600813768,0.0,0.0,0.0050578115408312,5.8958061640759575e-05,real10kg_mpc_event,step_change,3,20003,0.0,1.0,1.0,0.03,0.01,0.0172127798236362,1.0,1.0,1.0,0.0265545864778454,0.191146942016915,0.0444430492939466,0.5576463160347546,0.0089330571328458,0.0095609270347706,26.816345743768697,1.2769688449413663,0.0103478019847021,86.78852940634448,142.92075528592557,0.0096734439650469,0.0589140738504541,0.0444430492939466,real10kg_mpc_event,True,2.5,1.0,0.75,real_10kg_v1,thruster,real_10kg_x,1.0,0.0261111111111111,0.0795238095238095,0.0103478019847021,0.0024735898778223,0.0258730011264805,0.0095609270347706,,,20,3,train20_eval3_scn3
startup_0_3s,0.0,3.0,300,0.084089917218854,0.0829590191818525,0.013744646749144,0.9865513241729296,0.1634517811852754,0.0267164847726391,0.0691756438281565,0.1676301232169501,1.0,0.035,0.1066666666666666,0.0271134878893222,0.0070111997848777,real10kg_mpc_event,step_change,3,20004,0.0,1.0,1.0,0.03,0.01,0.017213584684318,1.0,1.0,1.0,0.0245411866433214,0.1676301232169501,0.0397667904966965,0.5153649195097499,0.0089316488360474,0.0095596998050672,26.673352124413352,1.2701596249720644,0.0100013713356739,86.81803280323456,142.97223607059863,0.0080125791954822,0.024603707347527,0.0397667904966965,real10kg_mpc_event,True,2.5,1.0,0.75,real_10kg_v1,thruster,real_10kg_x,1.0,0.0251587301587301,0.079047619047619,0.0100013713356739,0.0022080576950718,0.0258155935014199,0.0095596998050672,,,20,4,train20_eval4_scn3
pre_step_3_10s,3.0,10.0,700,0.0201413385694978,0.0198412793624338,0.0034636906087292,0.9851023204823914,0.1719692361447461,0.0295734181802074,0.01196405696794,0.1067618877067281,1.0,0.0569047619047619,0.18,0.0059113274748267,9.14543915652815e-05,real10kg_mpc_event,step_change,3,20004,0.0,1.0,1.0,0.03,0.01,0.017213584684318,1.0,1.0,1.0,0.0245411866433214,0.1676301232169501,0.0397667904966965,0.5153649195097499,0.0089316488360474,0.0095596998050672,26.673352124413352,1.2701596249720644,0.0100013713356739,86.81803280323456,142.97223607059863,0.0080125791954822,0.024603707347527,0.0397667904966965,real10kg_mpc_event,True,2.5,1.0,0.75,real_10kg_v1,thruster,real_10kg_x,1.0,0.0251587301587301,0.079047619047619,0.0100013713356739,0.0022080576950718,0.0258155935014199,0.0095596998050672,,,20,4,train20_eval4_scn3
step_recovery_10_13s,10.0,13.0,300,0.0511133218682428,0.0505028021112867,0.0078764618525584,0.988055564877393,0.1540980230723804,0.0237462007148158,0.0428933339007562,0.1126073968617209,1.0,0.0083333333333333,0.0266666666666666,0.015726179561823,0.005568811247828,real10kg_mpc_event,step_change,3,20004,0.0,1.0,1.0,0.03,0.01,0.017213584684318,1.0,1.0,1.0,0.0245411866433214,0.1676301232169501,0.0397667904966965,0.5153649195097499,0.0089316488360474,0.0095596998050672,26.673352124413352,1.2701596249720644,0.0100013713356739,86.81803280323456,142.97223607059863,0.0080125791954822,0.024603707347527,0.0397667904966965,real10kg_mpc_event,True,2.5,1.0,0.75,real_10kg_v1,thruster,real_10kg_x,1.0,0.0251587301587301,0.079047619047619,0.0100013713356739,0.0022080576950718,0.0258155935014199,0.0095596998050672,,,20,4,train20_eval4_scn3
post_step_13_20p9s,13.0,20.9,790,0.0127779672459137,0.0099790581223315,0.0079809050820551,0.7809581860935478,0.6245833103545722,0.3901043115734758,0.0118627527638776,0.0210388533975269,0.9309809017062732,0.0,0.0,0.0050534531172019,5.855295053744592e-05,real10kg_mpc_event,step_change,3,20004,0.0,1.0,1.0,0.03,0.01,0.017213584684318,1.0,1.0,1.0,0.0245411866433214,0.1676301232169501,0.0397667904966965,0.5153649195097499,0.0089316488360474,0.0095596998050672,26.673352124413352,1.2701596249720644,0.0100013713356739,86.81803280323456,142.97223607059863,0.0080125791954822,0.024603707347527,0.0397667904966965,real10kg_mpc_event,True,2.5,1.0,0.75,real_10kg_v1,thruster,real_10kg_x,1.0,0.0251587301587301,0.079047619047619,0.0100013713356739,0.0022080576950718,0.0258155935014199,0.0095596998050672,,,20,4,train20_eval4_scn3
startup_0_3s,0.0,3.0,300,0.0883667475330275,0.0870608103711606,0.0151359627074934,0.9852213960757268,0.1712857282863817,0.0293388007145961,0.0722990200031798,0.1761279307438622,1.0,0.0405555555555555,0.11,0.0298825038731767,0.0088515782857618,real10kg_mpc_event,step_change,3,20005,0.0,1.0,1.0,0.03,0.01,0.0172137944252361,1.0,1.0,1.0,0.0249546375263807,0.1761279307438622,0.0410599003281731,0.5240473880539962,0.0089312729337937,0.0095594837466134,26.773498012967263,1.274928476807965,0.0104027393790939,86.84095531195838,143.0092689125487,0.0083605214573727,0.0271012600470081,0.0410599003281731,real10kg_mpc_event,True,2.5,1.0,0.75,real_10kg_v1,thruster,real_10kg_x,1.0,0.0259523809523809,0.0795238095238095,0.0104027393790939,0.0024681428806712,0.025796401025307,0.0095594837466134,,,20,5,train20_eval5_scn3
pre_step_3_10s,3.0,10.0,700,0.020102045192021,0.019805220833965,0.0034417217522532,0.9852341214428364,0.1712125169044666,0.0293137259447622,0.0118693188428133,0.1066978009826895,1.0,0.0569047619047619,0.18,0.0059284060260716,9.311736164848158e-05,real10kg_mpc_event,step_change,3,20005,0.0,1.0,1.0,0.03,0.01,0.0172137944252361,1.0,1.0,1.0,0.0249546375263807,0.1761279307438622,0.0410599003281731,0.5240473880539962,0.0089312729337937,0.0095594837466134,26.773498012967263,1.274928476807965,0.0104027393790939,86.84095531195838,143.0092689125487,0.0083605214573727,0.0271012600470081,0.0410599003281731,real10kg_mpc_event,True,2.5,1.0,0.75,real_10kg_v1,thruster,real_10kg_x,1.0,0.0259523809523809,0.0795238095238095,0.0104027393790939,0.0024681428806712,0.025796401025307,0.0095594837466134,,,20,5,train20_eval5_scn3
step_recovery_10_13s,10.0,13.0,300,0.0510897942534851,0.0504786299326451,0.0078787687481296,0.9880374479919088,0.1542141412634917,0.0237820013656361,0.0428814271643753,0.1125378420905802,1.0,0.0083333333333333,0.0266666666666666,0.0157249730494778,0.0055636792529304,real10kg_mpc_event,step_change,3,20005,0.0,1.0,1.0,0.03,0.01,0.0172137944252361,1.0,1.0,1.0,0.0249546375263807,0.1761279307438622,0.0410599003281731,0.5240473880539962,0.0089312729337937,0.0095594837466134,26.773498012967263,1.274928476807965,0.0104027393790939,86.84095531195838,143.0092689125487,0.0083605214573727,0.0271012600470081,0.0410599003281731,real10kg_mpc_event,True,2.5,1.0,0.75,real_10kg_v1,thruster,real_10kg_x,1.0,0.0259523809523809,0.0795238095238095,0.0104027393790939,0.0024681428806712,0.025796401025307,0.0095594837466134,,,20,5,train20_eval5_scn3
post_step_13_20p9s,13.0,20.9,790,0.0127802063005335,0.0099816564403525,0.0079812409931643,0.7810246724996744,0.6245001688925124,0.3900004609467765,0.0118641713989609,0.0210499949710128,0.9309462743228228,0.0,0.0,0.0050566829103946,5.8748651424847686e-05,real10kg_mpc_event,step_change,3,20005,0.0,1.0,1.0,0.03,0.01,0.0172137944252361,1.0,1.0,1.0,0.0249546375263807,0.1761279307438622,0.0410599003281731,0.5240473880539962,0.0089312729337937,0.0095594837466134,26.773498012967263,1.274928476807965,0.0104027393790939,86.84095531195838,143.0092689125487,0.0083605214573727,0.0271012600470081,0.0410599003281731,real10kg_mpc_event,True,2.5,1.0,0.75,real_10kg_v1,thruster,real_10kg_x,1.0,0.0259523809523809,0.0795238095238095,0.0104027393790939,0.0024681428806712,0.025796401025307,0.0095594837466134,,,20,5,train20_eval5_scn3
startup_0_3s,0.0,3.0,300,0.0830709435334099,0.0819423064342241,0.0136469804634832,0.9864135755394194,0.1642810335721618,0.0269882579915377,0.0676435136259035,0.1674491439808966,1.0,0.0366666666666666,0.11,0.0282559878485252,0.0071305720891274,real10kg_mpc_event,step_change,3,20006,0.0,1.0,1.0,0.03,0.01,0.0172140753187493,1.0,1.0,1.0,0.024254254203212,0.1674491439808966,0.0394409291131378,0.509339338267453,0.0089307739787355,0.0095590163152081,26.6957619305266,1.2712267585965047,0.0101597500479681,86.84686471229836,143.02053867833212,0.0079884084506972,0.0243376027793006,0.0394409291131378,real10kg_mpc_event,True,2.5,1.0,0.75,real_10kg_v1,thruster,real_10kg_x,1.0,0.0253968253968253,0.0795238095238095,0.0101597500479681,0.0022221698712911,0.0257821855991753,0.0095590163152081,,,20,6,train20_eval6_scn3
pre_step_3_10s,3.0,10.0,700,0.0200618126127873,0.019761219539734,0.003459845027313,0.9850166543345336,0.1724592435435164,0.0297421906836019,0.0117642434138407,0.1066826427005425,1.0,0.0569047619047619,0.18,0.0059063013041546,9.132766350041934e-05,real10kg_mpc_event,step_change,3,20006,0.0,1.0,1.0,0.03,0.01,0.0172140753187493,1.0,1.0,1.0,0.024254254203212,0.1674491439808966,0.0394409291131378,0.509339338267453,0.0089307739787355,0.0095590163152081,26.6957619305266,1.2712267585965047,0.0101597500479681,86.84686471229836,143.02053867833212,0.0079884084506972,0.0243376027793006,0.0394409291131378,real10kg_mpc_event,True,2.5,1.0,0.75,real_10kg_v1,thruster,real_10kg_x,1.0,0.0253968253968253,0.0795238095238095,0.0101597500479681,0.0022221698712911,0.0257821855991753,0.0095590163152081,,,20,6,train20_eval6_scn3
step_recovery_10_13s,10.0,13.0,300,0.0510832224528927,0.0504721779162612,0.0078774915144982,0.9880382539062617,0.1542089777472947,0.0237804088178656,0.0428783123002241,0.112522578305819,1.0,0.0083333333333333,0.0266666666666666,0.0157068742207801,0.0055603826018293,real10kg_mpc_event,step_change,3,20006,0.0,1.0,1.0,0.03,0.01,0.0172140753187493,1.0,1.0,1.0,0.024254254203212,0.1674491439808966,0.0394409291131378,0.509339338267453,0.0089307739787355,0.0095590163152081,26.6957619305266,1.2712267585965047,0.0101597500479681,86.84686471229836,143.02053867833212,0.0079884084506972,0.0243376027793006,0.0394409291131378,real10kg_mpc_event,True,2.5,1.0,0.75,real_10kg_v1,thruster,real_10kg_x,1.0,0.0253968253968253,0.0795238095238095,0.0101597500479681,0.0022221698712911,0.0257821855991753,0.0095590163152081,,,20,6,train20_eval6_scn3
post_step_13_20p9s,13.0,20.9,790,0.0127808353478786,0.009982464238931,0.0079812379934472,0.7810494359109295,0.6244691975295649,0.3899617786632187,0.0118645913779895,0.0210472562637089,0.9309277979314926,0.0,0.0,0.0050537718004287,5.851090974682503e-05,real10kg_mpc_event,step_change,3,20006,0.0,1.0,1.0,0.03,0.01,0.0172140753187493,1.0,1.0,1.0,0.024254254203212,0.1674491439808966,0.0394409291131378,0.509339338267453,0.0089307739787355,0.0095590163152081,26.6957619305266,1.2712267585965047,0.0101597500479681,86.84686471229836,143.02053867833212,0.0079884084506972,0.0243376027793006,0.0394409291131378,real10kg_mpc_event,True,2.5,1.0,0.75,real_10kg_v1,thruster,real_10kg_x,1.0,0.0253968253968253,0.0795238095238095,0.0101597500479681,0.0022221698712911,0.0257821855991753,0.0095590163152081,,,20,6,train20_eval6_scn3
startup_0_3s,0.0,3.0,300,0.0891733979224279,0.0870759634905787,0.0192268426742163,0.9764791464639072,0.2156118654460359,0.0464884765211195,0.0743590999455459,0.1723728195961251,1.0,0.0411111111111111,0.1066666666666666,0.0284436743456826,0.0086020620537994,real10kg_mpc_event,step_change,3,20007,0.0,1.0,1.0,0.03,0.01,0.0172124700975389,1.0,1.0,1.0,0.0253515665423526,0.1723728195961251,0.0413452553325357,0.5323828973894063,0.0089336259220171,0.0095613413929342,26.80292029591117,1.276329537900532,0.0102136402800596,86.76737104016081,142.8833100976954,0.0094842727374143,0.0556673819317605,0.0413452553325357,real10kg_mpc_event,True,2.5,1.0,0.75,real_10kg_v1,thruster,real_10kg_x,1.0,0.026031746031746,0.079047619047619,0.0102136402800596,0.0024405706946148,0.0258654082787427,0.0095613413929342,,,20,7,train20_eval7_scn3
pre_step_3_10s,3.0,10.0,700,0.0202438659109045,0.0199505843149443,0.003433408293661,0.9855125697210712,0.1696024024646193,0.0287649749217707,0.012164346218734,0.1069153006230441,1.0,0.0569047619047619,0.18,0.0059522716917193,9.478599218638376e-05,real10kg_mpc_event,step_change,3,20007,0.0,1.0,1.0,0.03,0.01,0.0172124700975389,1.0,1.0,1.0,0.0253515665423526,0.1723728195961251,0.0413452553325357,0.5323828973894063,0.0089336259220171,0.0095613413929342,26.80292029591117,1.276329537900532,0.0102136402800596,86.76737104016081,142.8833100976954,0.0094842727374143,0.0556673819317605,0.0413452553325357,real10kg_mpc_event,True,2.5,1.0,0.75,real_10kg_v1,thruster,real_10kg_x,1.0,0.026031746031746,0.079047619047619,0.0102136402800596,0.0024405706946148,0.0258654082787427,0.0095613413929342,,,20,7,train20_eval7_scn3
step_recovery_10_13s,10.0,13.0,300,0.0511733961290993,0.050563572057177,0.0078766523475636,0.9880831815347216,0.1539208444890498,0.0236916263682222,0.0429242775077749,0.1127697503486077,1.0,0.0083333333333333,0.0266666666666666,0.015778979798313,0.005585540408815,real10kg_mpc_event,step_change,3,20007,0.0,1.0,1.0,0.03,0.01,0.0172124700975389,1.0,1.0,1.0,0.0253515665423526,0.1723728195961251,0.0413452553325357,0.5323828973894063,0.0089336259220171,0.0095613413929342,26.80292029591117,1.276329537900532,0.0102136402800596,86.76737104016081,142.8833100976954,0.0094842727374143,0.0556673819317605,0.0413452553325357,real10kg_mpc_event,True,2.5,1.0,0.75,real_10kg_v1,thruster,real_10kg_x,1.0,0.026031746031746,0.079047619047619,0.0102136402800596,0.0024405706946148,0.0258654082787427,0.0095613413929342,,,20,7,train20_eval7_scn3
post_step_13_20p9s,13.0,20.9,790,0.012772643701195,0.00997265593198,0.00798038600445,0.7807824413865795,0.624802992328312,0.3903787792224129,0.0118593164301329,0.0210287917171788,0.9310866917527172,0.0,0.0,0.0050565882738178,5.892225614818268e-05,real10kg_mpc_event,step_change,3,20007,0.0,1.0,1.0,0.03,0.01,0.0172124700975389,1.0,1.0,1.0,0.0253515665423526,0.1723728195961251,0.0413452553325357,0.5323828973894063,0.0089336259220171,0.0095613413929342,26.80292029591117,1.276329537900532,0.0102136402800596,86.76737104016081,142.8833100976954,0.0094842727374143,0.0556673819317605,0.0413452553325357,real10kg_mpc_event,True,2.5,1.0,0.75,real_10kg_v1,thruster,real_10kg_x,1.0,0.026031746031746,0.079047619047619,0.0102136402800596,0.0024405706946148,0.0258654082787427,0.0095613413929342,,,20,7,train20_eval7_scn3
startup_0_3s,0.0,3.0,300,0.0653330427937769,0.0637598096244416,0.014251075655839,0.9759197933838596,0.218129679048049,0.0475805568816048,0.053503798513566,0.1327824109764654,1.0,0.0344444444444444,0.1033333333333333,0.0218479958252134,0.0053907945161546,real10kg_mpc_event,step_change,3,20008,0.0,1.0,1.0,0.03,0.01,0.0172134675652022,1.0,1.0,1.0,0.0221965345482705,0.1327824109764654,0.034352806293506,0.4661272255136821,0.0089318649304646,0.0095597434889093,26.64008232584089,1.268575348849566,0.0092406640111238,86.79680114598412,142.93401930672135,0.0081392284474645,0.0240910751172824,0.034352806293506,real10kg_mpc_event,True,2.5,1.0,0.75,real_10kg_v1,thruster,real_10kg_x,1.0,0.025079365079365,0.0785714285714285,0.0092406640111238,0.0019790583830496,0.0257953504239961,0.0095597434889093,,,20,8,train20_eval8_scn3
pre_step_3_10s,3.0,10.0,700,0.020040371141506,0.0197365452239244,0.0034763857831506,0.9848393068453556,0.1734691318141636,0.0300915396923596,0.0116403900647349,0.1068490249690336,1.0,0.0569047619047619,0.18,0.0058883969950782,8.985056685824593e-05,real10kg_mpc_event,step_change,3,20008,0.0,1.0,1.0,0.03,0.01,0.0172134675652022,1.0,1.0,1.0,0.0221965345482705,0.1327824109764654,0.034352806293506,0.4661272255136821,0.0089318649304646,0.0095597434889093,26.64008232584089,1.268575348849566,0.0092406640111238,86.79680114598412,142.93401930672135,0.0081392284474645,0.0240910751172824,0.034352806293506,real10kg_mpc_event,True,2.5,1.0,0.75,real_10kg_v1,thruster,real_10kg_x,1.0,0.025079365079365,0.0785714285714285,0.0092406640111238,0.0019790583830496,0.0257953504239961,0.0095597434889093,,,20,8,train20_eval8_scn3
step_recovery_10_13s,10.0,13.0,300,0.0511462141365724,0.0505365684682788,0.0078734025652881,0.9880803363731734,0.1539391076779263,0.0236972488726761,0.0429119361721721,0.1127009132212779,1.0,0.0083333333333333,0.0266666666666666,0.0157204162711081,0.0055727118281914,real10kg_mpc_event,step_change,3,20008,0.0,1.0,1.0,0.03,0.01,0.0172134675652022,1.0,1.0,1.0,0.0221965345482705,0.1327824109764654,0.034352806293506,0.4661272255136821,0.0089318649304646,0.0095597434889093,26.64008232584089,1.268575348849566,0.0092406640111238,86.79680114598412,142.93401930672135,0.0081392284474645,0.0240910751172824,0.034352806293506,real10kg_mpc_event,True,2.5,1.0,0.75,real_10kg_v1,thruster,real_10kg_x,1.0,0.025079365079365,0.0785714285714285,0.0092406640111238,0.0019790583830496,0.0257953504239961,0.0095597434889093,,,20,8,train20_eval8_scn3
post_step_13_20p9s,13.0,20.9,790,0.0127755068906871,0.0099762184005088,0.0079805164456532,0.7808863073590571,0.6246731745313997,0.3902165749791365,0.0118611977994004,0.0210241229685582,0.9310127723052408,0.0,0.0,0.0050484904051529,5.822842136306791e-05,real10kg_mpc_event,step_change,3,20008,0.0,1.0,1.0,0.03,0.01,0.0172134675652022,1.0,1.0,1.0,0.0221965345482705,0.1327824109764654,0.034352806293506,0.4661272255136821,0.0089318649304646,0.0095597434889093,26.64008232584089,1.268575348849566,0.0092406640111238,86.79680114598412,142.93401930672135,0.0081392284474645,0.0240910751172824,0.034352806293506,real10kg_mpc_event,True,2.5,1.0,0.75,real_10kg_v1,thruster,real_10kg_x,1.0,0.025079365079365,0.0785714285714285,0.0092406640111238,0.0019790583830496,0.0257953504239961,0.0095597434889093,,,20,8,train20_eval8_scn3
startup_0_3s,0.0,3.0,300,0.0606426690535977,0.058505648578646,0.0159568917504682,0.9647604482404462,0.2631297731365523,0.0692372775108934,0.049780042755241,0.12160000428953,1.0,0.0405555555555555,0.1066666666666666,0.0298715009351756,0.0089938912801618,real10kg_mpc_event,step_change,3,20009,0.0,1.0,1.0,0.03,0.01,0.0172125765784754,1.0,1.0,1.0,0.0216144184934523,0.12160000428953,0.033105198385737,0.4539027883624989,0.0089334673296002,0.0095611430563951,26.792895005460963,1.2758521431171888,0.0104063041572191,86.76605448090132,142.876824139286,0.0085741239393367,0.0374470138225841,0.033105198385737,real10kg_mpc_event,True,2.5,1.0,0.75,real_10kg_v1,thruster,real_10kg_x,1.0,0.0259523809523809,0.079047619047619,0.0104063041572191,0.0024956072540506,0.0258009877432656,0.0095611430563951,,,20,9,train20_eval9_scn3
pre_step_3_10s,3.0,10.0,700,0.0200138859429304,0.0197168774874183,0.0034351670531088,0.9851598806768952,0.1716391840597181,0.0294600095046858,0.0114823792975359,0.1069562953555875,1.0,0.0569047619047619,0.18,0.0059279929958473,9.288212050873555e-05,real10kg_mpc_event,step_change,3,20009,0.0,1.0,1.0,0.03,0.01,0.0172125765784754,1.0,1.0,1.0,0.0216144184934523,0.12160000428953,0.033105198385737,0.4539027883624989,0.0089334673296002,0.0095611430563951,26.792895005460963,1.2758521431171888,0.0104063041572191,86.76605448090132,142.876824139286,0.0085741239393367,0.0374470138225841,0.033105198385737,real10kg_mpc_event,True,2.5,1.0,0.75,real_10kg_v1,thruster,real_10kg_x,1.0,0.0259523809523809,0.079047619047619,0.0104063041572191,0.0024956072540506,0.0258009877432656,0.0095611430563951,,,20,9,train20_eval9_scn3
step_recovery_10_13s,10.0,13.0,300,0.0511897059613281,0.050580335736755,0.0078750005183729,0.9880958444060324,0.1538395341501317,0.0236666022675295,0.0429354463327869,0.1128124376072823,1.0,0.0083333333333333,0.0266666666666666,0.0157693032498061,0.0055845860585229,real10kg_mpc_event,step_change,3,20009,0.0,1.0,1.0,0.03,0.01,0.0172125765784754,1.0,1.0,1.0,0.0216144184934523,0.12160000428953,0.033105198385737,0.4539027883624989,0.0089334673296002,0.0095611430563951,26.792895005460963,1.2758521431171888,0.0104063041572191,86.76605448090132,142.876824139286,0.0085741239393367,0.0374470138225841,0.033105198385737,real10kg_mpc_event,True,2.5,1.0,0.75,real_10kg_v1,thruster,real_10kg_x,1.0,0.0259523809523809,0.079047619047619,0.0104063041572191,0.0024956072540506,0.0258009877432656,0.0095611430563951,,,20,9,train20_eval9_scn3
post_step_13_20p9s,13.0,20.9,790,0.0127720969192015,0.0099720338193311,0.0079802882917594,0.7807671584717784,0.6248220900799725,0.3904026442519052,0.0118589765722666,0.0210229374238081,0.9310863906002654,0.0,0.0,0.0050539363769097,5.8731977866650776e-05,real10kg_mpc_event,step_change,3,20009,0.0,1.0,1.0,0.03,0.01,0.0172125765784754,1.0,1.0,1.0,0.0216144184934523,0.12160000428953,0.033105198385737,0.4539027883624989,0.0089334673296002,0.0095611430563951,26.792895005460963,1.2758521431171888,0.0104063041572191,86.76605448090132,142.876824139286,0.0085741239393367,0.0374470138225841,0.033105198385737,real10kg_mpc_event,True,2.5,1.0,0.75,real_10kg_v1,thruster,real_10kg_x,1.0,0.0259523809523809,0.079047619047619,0.0104063041572191,0.0024956072540506,0.0258009877432656,0.0095611430563951,,,20,9,train20_eval9_scn3
