window,window_start_s,window_end_s,n_steps,rmse_3d,xy_rmse,z_rmse,xy_share,z_share,z_energy_share,mean_error,max_error,window_action_peak_abs,window_action_saturation_fraction,window_action_saturation_step_fraction,window_action_tv_mean,window_action_jerk_mean,method,scenario,scenario_id,seed,start_time,mass_scale_xy,damping_scale_xy,initial_position_std,initial_velocity_std,final_error,success_0.5m,success_1.0m,success_2.0m,episode_mean_error,episode_max_error,rmse,iae,steady_state_error,steady_state_rmse,energy,mean_thrust,control_tv,heading_rmse_deg,heading_max_deg,episode_z_rmse,z_max_abs_error,episode_rmse_3d,primary_controller,authority_controller,authority_until,blend_duration,blend_curve,authority_active_fraction,authority_alpha_mean,authority_alpha_std,alpha_raw_mean,alpha_uncertainty_std,policy_architecture,history_len,trajectory3d,current_amplitude_scale,current_frequency_scale,vertical_current,vehicle_profile,action_mode,thruster_layout,action_peak_abs,action_saturation_fraction,action_saturation_step_fraction,action_tv_mean,action_jerk_mean,alpha_delta_mean,alpha_delta_max,alpha_jerk_mean,post_startup_rmse,tail_rmse,disturbance_window_rmse,disturbance_recovery_time_s
startup_0_3s,0.0,3.0,300,0.13643161908669044,0.13422019445136527,0.02446479282670288,0.9837909668584963,0.17931908299906366,0.03215533352762508,0.11715195856837482,0.2477790318095609,0.9500089709758746,0.0,0.0,0.03496416459285194,0.004440276021223823,predictive_alpha,constant,1,21000,0.0,1.0,1.0,0.03,0.01,0.04493921470337229,1.0,1.0,1.0,0.09136428443549179,0.2477790318095609,0.10027883596681744,1.9186499731453277,0.07953396970708224,0.08142641947145211,30.509900029181065,1.4528523823419555,0.019154881119568434,13.533833638352823,45.0,0.013960249627359854,0.05301960056948185,0.10027883596681744,real10kg_smc_steady,real10kg_mpc_event,-1.0,-1.0,predictive_alpha,1.0,0.250494352987945,0.2900129490955645,0.22471095427482699,0.0,transformer,16,True,2.5,1.0,0.75,real_10kg_v1,thruster,real_10kg_x,1.0,0.04587301587301587,0.1319047619047619,0.019154881119568434,0.0027320459537697865,0.008392133302427565,0.012500000000000011,0.0006937823367513097,0.09289539629192554,0.08142641947145211,,
pre_step_3_10s,3.0,10.0,700,0.07280953588562955,0.07245266194350473,0.007200020359762738,0.9950985274417159,0.09888842542648056,0.009778920683328607,0.07192694807542027,0.09642917253111837,1.0,0.03785714285714286,0.09571428571428571,0.015509539023050968,0.0023706700471301818,predictive_alpha,constant,1,21000,0.0,1.0,1.0,0.03,0.01,0.04493921470337229,1.0,1.0,1.0,0.09136428443549179,0.2477790318095609,0.10027883596681744,1.9186499731453277,0.07953396970708224,0.08142641947145211,30.509900029181065,1.4528523823419555,0.019154881119568434,13.533833638352823,45.0,0.013960249627359854,0.05301960056948185,0.10027883596681744,real10kg_smc_steady,real10kg_mpc_event,-1.0,-1.0,predictive_alpha,1.0,0.250494352987945,0.2900129490955645,0.22471095427482699,0.0,transformer,16,True,2.5,1.0,0.75,real_10kg_v1,thruster,real_10kg_x,1.0,0.04587301587301587,0.1319047619047619,0.019154881119568434,0.0027320459537697865,0.008392133302427565,0.012500000000000011,0.0006937823367513097,0.09289539629192554,0.08142641947145211,,
step_recovery_10_13s,10.0,13.0,300,0.14519460889462407,0.14462801637058714,0.012814496976941142,0.9960977027428881,0.08825738830455714,0.00778936659034138,0.1376522534385797,0.2010246519904506,1.0,0.23277777777777778,0.7,0.0115072731780114,0.0011415769649223634,predictive_alpha,constant,1,21000,0.0,1.0,1.0,0.03,0.01,0.04493921470337229,1.0,1.0,1.0,0.09136428443549179,0.2477790318095609,0.10027883596681744,1.9186499731453277,0.07953396970708224,0.08142641947145211,30.509900029181065,1.4528523823419555,0.019154881119568434,13.533833638352823,45.0,0.013960249627359854,0.05301960056948185,0.10027883596681744,real10kg_smc_steady,real10kg_mpc_event,-1.0,-1.0,predictive_alpha,1.0,0.250494352987945,0.2900129490955645,0.22471095427482699,0.0,transformer,16,True,2.5,1.0,0.75,real_10kg_v1,thruster,real_10kg_x,1.0,0.04587301587301587,0.1319047619047619,0.019154881119568434,0.0027320459537697865,0.008392133302427565,0.012500000000000011,0.0006937823367513097,0.09289539629192554,0.08142641947145211,,
post_step_13_20p9s,13.0,20.9,790,0.08326110178037234,0.08216981253811494,0.013436256068286799,0.9868931683712758,0.16137494917769887,0.02604187422210489,0.08178925125615065,0.10659358529555801,0.772329691649392,0.0,0.0,0.019496093829206713,0.0030359528217017004,predictive_alpha,constant,1,21000,0.0,1.0,1.0,0.03,0.01,0.04493921470337229,1.0,1.0,1.0,0.09136428443549179,0.2477790318095609,0.10027883596681744,1.9186499731453277,0.07953396970708224,0.08142641947145211,30.509900029181065,1.4528523823419555,0.019154881119568434,13.533833638352823,45.0,0.013960249627359854,0.05301960056948185,0.10027883596681744,real10kg_smc_steady,real10kg_mpc_event,-1.0,-1.0,predictive_alpha,1.0,0.250494352987945,0.2900129490955645,0.22471095427482699,0.0,transformer,16,True,2.5,1.0,0.75,real_10kg_v1,thruster,real_10kg_x,1.0,0.04587301587301587,0.1319047619047619,0.019154881119568434,0.0027320459537697865,0.008392133302427565,0.012500000000000011,0.0006937823367513097,0.09289539629192554,0.08142641947145211,,
startup_0_3s,0.0,3.0,300,0.11761811092087257,0.11502895626725615,0.02454300789757352,0.9779867689308641,0.20866691111953667,0.043541879796168616,0.10241236733339754,0.21328087575688864,0.8416966689364255,0.0,0.0,0.03353656898032868,0.0043363826518772325,predictive_alpha,constant,1,21001,0.0,1.0,1.0,0.03,0.01,0.04493996447734038,1.0,1.0,1.0,0.08927941195377936,0.21328087575688864,0.0968791547503305,1.8748676510293667,0.07953757248646513,0.08143101840946662,30.370334291788367,1.4462063948470651,0.01896481696927249,13.581933410065444,45.0,0.013982239583426797,0.052129364374831455,0.0968791547503305,real10kg_smc_steady,real10kg_mpc_event,-1.0,-1.0,predictive_alpha,1.0,0.24989646787234154,0.28983019432547097,0.22264818994530722,0.0,transformer,16,True,2.5,1.0,0.75,real_10kg_v1,thruster,real_10kg_x,1.0,0.04587301587301587,0.1319047619047619,0.01896481696927249,0.002720816224919153,0.00839648194197867,0.012500000000000011,0.0006838661299836025,0.09297398772360536,0.08143101840946662,,
pre_step_3_10s,3.0,10.0,700,0.07267998263432533,0.07232085731717533,0.0072161951632836365,0.9950588139384008,0.09928724391130453,0.009857956803502878,0.07179898435991786,0.09632836574865214,1.0,0.03785714285714286,0.09571428571428571,0.015581881472262148,0.0023628961093578103,predictive_alpha,constant,1,21001,0.0,1.0,1.0,0.03,0.01,0.04493996447734038,1.0,1.0,1.0,0.08927941195377936,0.21328087575688864,0.0968791547503305,1.8748676510293667,0.07953757248646513,0.08143101840946662,30.370334291788367,1.4462063948470651,0.01896481696927249,13.581933410065444,45.0,0.013982239583426797,0.052129364374831455,0.0968791547503305,real10kg_smc_steady,real10kg_mpc_event,-1.0,-1.0,predictive_alpha,1.0,0.24989646787234154,0.28983019432547097,0.22264818994530722,0.0,transformer,16,True,2.5,1.0,0.75,real_10kg_v1,thruster,real_10kg_x,1.0,0.04587301587301587,0.1319047619047619,0.01896481696927249,0.002720816224919153,0.00839648194197867,0.012500000000000011,0.0006838661299836025,0.09297398772360536,0.08143101840946662,,
step_recovery_10_13s,10.0,13.0,300,0.14564182862112315,0.14507703837741545,0.012813866697547905,0.9961220602003222,0.08798205034133612,0.0077408411822654025,0.13808998007181442,0.20155638927038635,1.0,0.23277777777777778,0.7,0.011457505304049192,0.0011724204174009911,predictive_alpha,constant,1,21001,0.0,1.0,1.0,0.03,0.01,0.04493996447734038,1.0,1.0,1.0,0.08927941195377936,0.21328087575688864,0.0968791547503305,1.8748676510293667,0.07953757248646513,0.08143101840946662,30.370334291788367,1.4462063948470651,0.01896481696927249,13.581933410065444,45.0,0.013982239583426797,0.052129364374831455,0.0968791547503305,real10kg_smc_steady,real10kg_mpc_event,-1.0,-1.0,predictive_alpha,1.0,0.24989646787234154,0.28983019432547097,0.22264818994530722,0.0,transformer,16,True,2.5,1.0,0.75,real_10kg_v1,thruster,real_10kg_x,1.0,0.04587301587301587,0.1319047619047619,0.01896481696927249,0.002720816224919153,0.00839648194197867,0.012500000000000011,0.0006838661299836025,0.09297398772360536,0.08143101840946662,,
post_step_13_20p9s,13.0,20.9,790,0.08326466135873954,0.08217352870533257,0.013435587493647537,0.986895609306499,0.16136002085880488,0.026037056331553947,0.08179166708837185,0.1066034654285071,0.7715291326231359,0.0,0.0,0.019500257880769048,0.003032940083331046,predictive_alpha,constant,1,21001,0.0,1.0,1.0,0.03,0.01,0.04493996447734038,1.0,1.0,1.0,0.08927941195377936,0.21328087575688864,0.0968791547503305,1.8748676510293667,0.07953757248646513,0.08143101840946662,30.370334291788367,1.4462063948470651,0.01896481696927249,13.581933410065444,45.0,0.013982239583426797,0.052129364374831455,0.0968791547503305,real10kg_smc_steady,real10kg_mpc_event,-1.0,-1.0,predictive_alpha,1.0,0.24989646787234154,0.28983019432547097,0.22264818994530722,0.0,transformer,16,True,2.5,1.0,0.75,real_10kg_v1,thruster,real_10kg_x,1.0,0.04587301587301587,0.1319047619047619,0.01896481696927249,0.002720816224919153,0.00839648194197867,0.012500000000000011,0.0006838661299836025,0.09297398772360536,0.08143101840946662,,
startup_0_3s,0.0,3.0,300,0.11910963133823976,0.11559200368442565,0.028733133517789427,0.9704673113811848,0.24123266267355783,0.058193197540574546,0.10478619544855879,0.2125934891104206,0.8897704752484134,0.0,0.0,0.035761445990770774,0.00462152949829436,predictive_alpha,constant,1,21002,0.0,1.0,1.0,0.03,0.01,0.04495273645668457,1.0,1.0,1.0,0.08962189415461785,0.2125934891104206,0.09709558392292446,1.8820597772469752,0.07960691124285826,0.08150546902166159,30.44319884562131,1.4496761355057766,0.019275680486555997,13.553013555910503,45.0,0.015085395282009877,0.05525729857009637,0.09709558392292446,real10kg_smc_steady,real10kg_mpc_event,-1.0,-1.0,predictive_alpha,1.0,0.2511433086174975,0.2904568693181801,0.2240153682318106,0.0,transformer,16,True,2.5,1.0,0.75,real_10kg_v1,thruster,real_10kg_x,1.0,0.04587301587301587,0.1319047619047619,0.019275680486555997,0.0027546212444796484,0.008405215855263484,0.012500000000000011,0.0006857972543814797,0.09292090063041458,0.08150546902166159,,
pre_step_3_10s,3.0,10.0,700,0.0728593585111772,0.07249934372718776,0.007234036341305466,0.9950587708793208,0.09928767544934819,0.009858042496135097,0.07196645444657523,0.0965879643289609,1.0,0.03785714285714286,0.09571428571428571,0.015531795958163517,0.002358413484744253,predictive_alpha,constant,1,21002,0.0,1.0,1.0,0.03,0.01,0.04495273645668457,1.0,1.0,1.0,0.08962189415461785,0.2125934891104206,0.09709558392292446,1.8820597772469752,0.07960691124285826,0.08150546902166159,30.44319884562131,1.4496761355057766,0.019275680486555997,13.553013555910503,45.0,0.015085395282009877,0.05525729857009637,0.09709558392292446,real10kg_smc_steady,real10kg_mpc_event,-1.0,-1.0,predictive_alpha,1.0,0.2511433086174975,0.2904568693181801,0.2240153682318106,0.0,transformer,16,True,2.5,1.0,0.75,real_10kg_v1,thruster,real_10kg_x,1.0,0.04587301587301587,0.1319047619047619,0.019275680486555997,0.0027546212444796484,0.008405215855263484,0.012500000000000011,0.0006857972543814797,0.09292090063041458,0.08150546902166159,,
step_recovery_10_13s,10.0,13.0,300,0.14518119457933715,0.14461336168103453,0.01282789471400682,0.9960887985530914,0.088357825895948,0.007807105397058658,0.1376415715228009,0.20101287350240027,1.0,0.23277777777777778,0.7,0.011521796041700007,0.00116108920353599,predictive_alpha,constant,1,21002,0.0,1.0,1.0,0.03,0.01,0.04495273645668457,1.0,1.0,1.0,0.08962189415461785,0.2125934891104206,0.09709558392292446,1.8820597772469752,0.07960691124285826,0.08150546902166159,30.44319884562131,1.4496761355057766,0.019275680486555997,13.553013555910503,45.0,0.015085395282009877,0.05525729857009637,0.09709558392292446,real10kg_smc_steady,real10kg_mpc_event,-1.0,-1.0,predictive_alpha,1.0,0.2511433086174975,0.2904568693181801,0.2240153682318106,0.0,transformer,16,True,2.5,1.0,0.75,real_10kg_v1,thruster,real_10kg_x,1.0,0.04587301587301587,0.1319047619047619,0.019275680486555997,0.0027546212444796484,0.008405215855263484,0.012500000000000011,0.0006857972543814797,0.09292090063041458,0.08150546902166159,,
post_step_13_20p9s,13.0,20.9,790,0.08329608440997949,0.08220484588130697,0.013438786837545853,0.9868992818041543,0.16133755785446965,0.02602980757444434,0.08182227722506855,0.10665107919146877,0.7711809374344849,0.0,0.0,0.019495049198518858,0.003026093994618201,predictive_alpha,constant,1,21002,0.0,1.0,1.0,0.03,0.01,0.04495273645668457,1.0,1.0,1.0,0.08962189415461785,0.2125934891104206,0.09709558392292446,1.8820597772469752,0.07960691124285826,0.08150546902166159,30.44319884562131,1.4496761355057766,0.019275680486555997,13.553013555910503,45.0,0.015085395282009877,0.05525729857009637,0.09709558392292446,real10kg_smc_steady,real10kg_mpc_event,-1.0,-1.0,predictive_alpha,1.0,0.2511433086174975,0.2904568693181801,0.2240153682318106,0.0,transformer,16,True,2.5,1.0,0.75,real_10kg_v1,thruster,real_10kg_x,1.0,0.04587301587301587,0.1319047619047619,0.019275680486555997,0.0027546212444796484,0.008405215855263484,0.012500000000000011,0.0006857972543814797,0.09292090063041458,0.08150546902166159,,
startup_0_3s,0.0,3.0,300,0.1333374472010253,0.13104638079382622,0.02461139790677709,0.9828175320940037,0.1845797892745905,0.03406969860865224,0.11319046174593138,0.2438229769179957,0.881916821693845,0.0,0.0,0.031433143741195164,0.004075274227949081,predictive_alpha,constant,1,21003,0.0,1.0,1.0,0.03,0.01,0.04495197641346181,1.0,1.0,1.0,0.09098206442235343,0.2438229769179957,0.09990609362684504,1.910623352869422,0.07950447242990508,0.0813942417450976,30.462529012989698,1.4505966196661761,0.018668939793422015,13.487173052166327,45.0,0.013968146040327504,0.045217721918049014,0.09990609362684504,real10kg_smc_steady,real10kg_mpc_event,-1.0,-1.0,predictive_alpha,1.0,0.24760249352016822,0.2887419407603417,0.22207711508974345,0.0,transformer,16,True,2.5,1.0,0.75,real_10kg_v1,thruster,real_10kg_x,1.0,0.045714285714285714,0.1319047619047619,0.018668939793422015,0.002689692768928067,0.008409909653879772,0.012500000000000011,0.0006594132045690107,0.09317520948938554,0.0813942417450976,,
pre_step_3_10s,3.0,10.0,700,0.07323295489328187,0.07287961277047567,0.007185243546810197,0.9951750940089594,0.09811489318273221,0.009626532264258952,0.0722735454586229,0.09698113613480887,1.0,0.03761904761904762,0.09571428571428571,0.015717656735808192,0.002374312717681097,predictive_alpha,constant,1,21003,0.0,1.0,1.0,0.03,0.01,0.04495197641346181,1.0,1.0,1.0,0.09098206442235343,0.2438229769179957,0.09990609362684504,1.910623352869422,0.07950447242990508,0.0813942417450976,30.462529012989698,1.4505966196661761,0.018668939793422015,13.487173052166327,45.0,0.013968146040327504,0.045217721918049014,0.09990609362684504,real10kg_smc_steady,real10kg_mpc_event,-1.0,-1.0,predictive_alpha,1.0,0.24760249352016822,0.2887419407603417,0.22207711508974345,0.0,transformer,16,True,2.5,1.0,0.75,real_10kg_v1,thruster,real_10kg_x,1.0,0.045714285714285714,0.1319047619047619,0.018668939793422015,0.002689692768928067,0.008409909653879772,0.012500000000000011,0.0006594132045690107,0.09317520948938554,0.0813942417450976,,
step_recovery_10_13s,10.0,13.0,300,0.14591103113446843,0.14536078102335045,0.012659871524047015,0.996228865584461,0.08676432087153133,0.007528047376298045,0.13834786871672314,0.2017870026324048,1.0,0.23222222222222222,0.7,0.01118577805628206,0.0012092184364693528,predictive_alpha,constant,1,21003,0.0,1.0,1.0,0.03,0.01,0.04495197641346181,1.0,1.0,1.0,0.09098206442235343,0.2438229769179957,0.09990609362684504,1.910623352869422,0.07950447242990508,0.0813942417450976,30.462529012989698,1.4505966196661761,0.018668939793422015,13.487173052166327,45.0,0.013968146040327504,0.045217721918049014,0.09990609362684504,real10kg_smc_steady,real10kg_mpc_event,-1.0,-1.0,predictive_alpha,1.0,0.24760249352016822,0.2887419407603417,0.22207711508974345,0.0,transformer,16,True,2.5,1.0,0.75,real_10kg_v1,thruster,real_10kg_x,1.0,0.045714285714285714,0.1319047619047619,0.018668939793422015,0.002689692768928067,0.008409909653879772,0.012500000000000011,0.0006594132045690107,0.09317520948938554,0.0813942417450976,,
post_step_13_20p9s,13.0,20.9,790,0.08316881433697082,0.08207868920682465,0.013421641341766294,0.9868926214851474,0.1613782936400478,0.02604295365817349,0.08170633763039188,0.10655832889611122,0.7726696061234744,0.0,0.0,0.01949409249294171,0.0030452912554632073,predictive_alpha,constant,1,21003,0.0,1.0,1.0,0.03,0.01,0.04495197641346181,1.0,1.0,1.0,0.09098206442235343,0.2438229769179957,0.09990609362684504,1.910623352869422,0.07950447242990508,0.0813942417450976,30.462529012989698,1.4505966196661761,0.018668939793422015,13.487173052166327,45.0,0.013968146040327504,0.045217721918049014,0.09990609362684504,real10kg_smc_steady,real10kg_mpc_event,-1.0,-1.0,predictive_alpha,1.0,0.24760249352016822,0.2887419407603417,0.22207711508974345,0.0,transformer,16,True,2.5,1.0,0.75,real_10kg_v1,thruster,real_10kg_x,1.0,0.045714285714285714,0.1319047619047619,0.018668939793422015,0.002689692768928067,0.008409909653879772,0.012500000000000011,0.0006594132045690107,0.09317520948938554,0.0813942417450976,,
startup_0_3s,0.0,3.0,300,0.11703730609482178,0.11489672824940744,0.02228167084208058,0.9817102946330627,0.1903809271210354,0.03624489741146499,0.10105556822819989,0.2144420250904397,0.8560864304474631,0.0,0.0,0.03236873335940259,0.004171818194605614,predictive_alpha,constant,1,21004,0.0,1.0,1.0,0.03,0.01,0.04498228404139449,1.0,1.0,1.0,0.08931953546392774,0.2144420250904397,0.09702197516530478,1.8757102447424825,0.07952768056683196,0.08142132950882291,30.438240656679646,1.4494400312704594,0.018752660816570343,13.4923558517601,45.0,0.013415723424853055,0.04555728836890388,0.09702197516530478,real10kg_smc_steady,real10kg_mpc_event,-1.0,-1.0,predictive_alpha,1.0,0.24794550431050053,0.2892946107983919,0.22260235807650522,0.0,transformer,16,True,2.5,1.0,0.75,real_10kg_v1,thruster,real_10kg_x,1.0,0.045714285714285714,0.1319047619047619,0.018752660816570343,0.002686705310871377,0.008386971079679229,0.012500000000000011,0.0006657575936638102,0.09326942571291884,0.08142132950882291,,
pre_step_3_10s,3.0,10.0,700,0.07332402643480108,0.07296800104091143,0.007216902154314929,0.9951444920416881,0.09842479341654974,0.009687439959090494,0.07233460914204311,0.09753918302477624,1.0,0.03761904761904762,0.09571428571428571,0.015580568160899833,0.0023574598934901552,predictive_alpha,constant,1,21004,0.0,1.0,1.0,0.03,0.01,0.04498228404139449,1.0,1.0,1.0,0.08931953546392774,0.2144420250904397,0.09702197516530478,1.8757102447424825,0.07952768056683196,0.08142132950882291,30.438240656679646,1.4494400312704594,0.018752660816570343,13.4923558517601,45.0,0.013415723424853055,0.04555728836890388,0.09702197516530478,real10kg_smc_steady,real10kg_mpc_event,-1.0,-1.0,predictive_alpha,1.0,0.24794550431050053,0.2892946107983919,0.22260235807650522,0.0,transformer,16,True,2.5,1.0,0.75,real_10kg_v1,thruster,real_10kg_x,1.0,0.045714285714285714,0.1319047619047619,0.018752660816570343,0.002686705310871377,0.008386971079679229,0.012500000000000011,0.0006657575936638102,0.09326942571291884,0.08142132950882291,,
step_recovery_10_13s,10.0,13.0,300,0.14597642369317487,0.14542324047637242,0.01269635394908551,0.9962104619170205,0.086975373336805,0.007564715567076608,0.13840930133618107,0.20187632166342148,1.0,0.23222222222222222,0.7,0.01119867129585386,0.0011244736952952877,predictive_alpha,constant,1,21004,0.0,1.0,1.0,0.03,0.01,0.04498228404139449,1.0,1.0,1.0,0.08931953546392774,0.2144420250904397,0.09702197516530478,1.8757102447424825,0.07952768056683196,0.08142132950882291,30.438240656679646,1.4494400312704594,0.018752660816570343,13.4923558517601,45.0,0.013415723424853055,0.04555728836890388,0.09702197516530478,real10kg_smc_steady,real10kg_mpc_event,-1.0,-1.0,predictive_alpha,1.0,0.24794550431050053,0.2892946107983919,0.22260235807650522,0.0,transformer,16,True,2.5,1.0,0.75,real_10kg_v1,thruster,real_10kg_x,1.0,0.045714285714285714,0.1319047619047619,0.018752660816570343,0.002686705310871377,0.008386971079679229,0.012500000000000011,0.0006657575936638102,0.09326942571291884,0.08142132950882291,,
post_step_13_20p9s,13.0,20.9,790,0.08329430136874813,0.08220376406193873,0.013434352033386129,0.9869074199688459,0.16128776894245822,0.026013744410435788,0.08181705936705227,0.10659478790595471,0.771994679894517,0.0,0.0,0.0194844386621852,0.003045705307103089,predictive_alpha,constant,1,21004,0.0,1.0,1.0,0.03,0.01,0.04498228404139449,1.0,1.0,1.0,0.08931953546392774,0.2144420250904397,0.09702197516530478,1.8757102447424825,0.07952768056683196,0.08142132950882291,30.438240656679646,1.4494400312704594,0.018752660816570343,13.4923558517601,45.0,0.013415723424853055,0.04555728836890388,0.09702197516530478,real10kg_smc_steady,real10kg_mpc_event,-1.0,-1.0,predictive_alpha,1.0,0.24794550431050053,0.2892946107983919,0.22260235807650522,0.0,transformer,16,True,2.5,1.0,0.75,real_10kg_v1,thruster,real_10kg_x,1.0,0.045714285714285714,0.1319047619047619,0.018752660816570343,0.002686705310871377,0.008386971079679229,0.012500000000000011,0.0006657575936638102,0.09326942571291884,0.08142132950882291,,
startup_0_3s,0.0,3.0,300,0.11685711085731501,0.11388609860034409,0.02618283604790582,0.9745756827703999,0.22405856054301745,0.05020223855260903,0.10231378012011057,0.21029689558241405,0.8686082752619786,0.0,0.0,0.034604317863151005,0.004527196350700131,predictive_alpha,constant,1,21005,0.0,1.0,1.0,0.03,0.01,0.044952438644877635,1.0,1.0,1.0,0.08930614663007334,0.21029689558241405,0.09678636755866325,1.8754290792315402,0.0795220352907117,0.08141214531813533,30.41236052791031,1.4482076441862053,0.0191033286073978,13.558840927426138,45.0,0.014405959460205826,0.05356760174898523,0.09678636755866325,real10kg_smc_steady,real10kg_mpc_event,-1.0,-1.0,predictive_alpha,1.0,0.2504385592498452,0.2900413654739267,0.22330811102591855,0.0,transformer,16,True,2.5,1.0,0.75,real_10kg_v1,thruster,real_10kg_x,1.0,0.04587301587301587,0.1319047619047619,0.0191033286073978,0.002757413114560173,0.008411875507723305,0.012500000000000011,0.0006830742829255529,0.09302116449002867,0.08141214531813533,,
pre_step_3_10s,3.0,10.0,700,0.07282611292778898,0.07246688605751156,0.007224482631906081,0.9950673342866231,0.09920181568758922,0.009841000235714423,0.07191886982898812,0.0967209886013523,1.0,0.03785714285714286,0.09571428571428571,0.015562546098609112,0.002355643512012067,predictive_alpha,constant,1,21005,0.0,1.0,1.0,0.03,0.01,0.044952438644877635,1.0,1.0,1.0,0.08930614663007334,0.21029689558241405,0.09678636755866325,1.8754290792315402,0.0795220352907117,0.08141214531813533,30.41236052791031,1.4482076441862053,0.0191033286073978,13.558840927426138,45.0,0.014405959460205826,0.05356760174898523,0.09678636755866325,real10kg_smc_steady,real10kg_mpc_event,-1.0,-1.0,predictive_alpha,1.0,0.2504385592498452,0.2900413654739267,0.22330811102591855,0.0,transformer,16,True,2.5,1.0,0.75,real_10kg_v1,thruster,real_10kg_x,1.0,0.04587301587301587,0.1319047619047619,0.0191033286073978,0.002757413114560173,0.008411875507723305,0.012500000000000011,0.0006830742829255529,0.09302116449002867,0.08141214531813533,,
step_recovery_10_13s,10.0,13.0,300,0.1456770351766786,0.1451104296791981,0.012835956379863669,0.9961105365935453,0.08811242186729082,0.0077637988873194294,0.1381331268645319,0.2015948057719461,1.0,0.23277777777777778,0.7,0.01144759699171633,0.001225861470857515,predictive_alpha,constant,1,21005,0.0,1.0,1.0,0.03,0.01,0.044952438644877635,1.0,1.0,1.0,0.08930614663007334,0.21029689558241405,0.09678636755866325,1.8754290792315402,0.0795220352907117,0.08141214531813533,30.41236052791031,1.4482076441862053,0.0191033286073978,13.558840927426138,45.0,0.014405959460205826,0.05356760174898523,0.09678636755866325,real10kg_smc_steady,real10kg_mpc_event,-1.0,-1.0,predictive_alpha,1.0,0.2504385592498452,0.2900413654739267,0.22330811102591855,0.0,transformer,16,True,2.5,1.0,0.75,real_10kg_v1,thruster,real_10kg_x,1.0,0.04587301587301587,0.1319047619047619,0.0191033286073978,0.002757413114560173,0.008411875507723305,0.012500000000000011,0.0006830742829255529,0.09302116449002867,0.08141214531813533,,
post_step_13_20p9s,13.0,20.9,790,0.0832480994487059,0.08215638567424009,0.013437795755522671,0.9868860216425904,0.16141864912847045,0.026055980286460254,0.08177739356477816,0.10652100244686456,0.7723788428155677,0.0,0.0,0.019486210367680754,0.003047376622954616,predictive_alpha,constant,1,21005,0.0,1.0,1.0,0.03,0.01,0.044952438644877635,1.0,1.0,1.0,0.08930614663007334,0.21029689558241405,0.09678636755866325,1.8754290792315402,0.0795220352907117,0.08141214531813533,30.41236052791031,1.4482076441862053,0.0191033286073978,13.558840927426138,45.0,0.014405959460205826,0.05356760174898523,0.09678636755866325,real10kg_smc_steady,real10kg_mpc_event,-1.0,-1.0,predictive_alpha,1.0,0.2504385592498452,0.2900413654739267,0.22330811102591855,0.0,transformer,16,True,2.5,1.0,0.75,real_10kg_v1,thruster,real_10kg_x,1.0,0.04587301587301587,0.1319047619047619,0.0191033286073978,0.002757413114560173,0.008411875507723305,0.012500000000000011,0.0006830742829255529,0.09302116449002867,0.08141214531813533,,
startup_0_3s,0.0,3.0,300,0.12251713148597422,0.11667285174974426,0.03738840959620634,0.952298265023459,0.3051688293933536,0.09312801443330977,0.1085798948274703,0.21416612134697738,0.8693010347201174,0.0,0.0,0.03758081547524747,0.004730255103700672,predictive_alpha,constant,1,21006,0.0,1.0,1.0,0.03,0.01,0.04497884855583887,1.0,1.0,1.0,0.09009778662176998,0.21416612134697738,0.09758441371043776,1.8920535190571695,0.07948439947181739,0.0813809108474922,30.431565654735806,1.4491221740350384,0.01952673052153136,13.575825199826493,45.0,0.017599296466840785,0.0803860378836152,0.09758441371043776,real10kg_smc_steady,real10kg_mpc_event,-1.0,-1.0,predictive_alpha,1.0,0.25227212718916286,0.2904824540173518,0.22432482868036632,0.0,transformer,16,True,2.5,1.0,0.75,real_10kg_v1,thruster,real_10kg_x,1.0,0.045396825396825394,0.13142857142857142,0.01952673052153136,0.0027602441256440596,0.008443615973398603,0.012500000000000011,0.0006551421044817042,0.09277982636949121,0.0813809108474922,,
pre_step_3_10s,3.0,10.0,700,0.07272225344685349,0.07235930636972314,0.007256509359253864,0.9950091332442608,0.09978389028548229,0.009956824760505165,0.0719069556788625,0.09381875535830846,1.0,0.036904761904761905,0.09428571428571429,0.015560154310873885,0.0023512359647432004,predictive_alpha,constant,1,21006,0.0,1.0,1.0,0.03,0.01,0.04497884855583887,1.0,1.0,1.0,0.09009778662176998,0.21416612134697738,0.09758441371043776,1.8920535190571695,0.07948439947181739,0.0813809108474922,30.431565654735806,1.4491221740350384,0.01952673052153136,13.575825199826493,45.0,0.017599296466840785,0.0803860378836152,0.09758441371043776,real10kg_smc_steady,real10kg_mpc_event,-1.0,-1.0,predictive_alpha,1.0,0.25227212718916286,0.2904824540173518,0.22432482868036632,0.0,transformer,16,True,2.5,1.0,0.75,real_10kg_v1,thruster,real_10kg_x,1.0,0.045396825396825394,0.13142857142857142,0.01952673052153136,0.0027602441256440596,0.008443615973398603,0.012500000000000011,0.0006551421044817042,0.09277982636949121,0.0813809108474922,,
step_recovery_10_13s,10.0,13.0,300,0.14475501040626906,0.14418108833022908,0.012877375727598731,0.9960352178869027,0.08895979276611649,0.00791384472899039,0.13726977129285842,0.20037827745569042,1.0,0.23166666666666666,0.7,0.011493049640345563,0.0011378358954072872,predictive_alpha,constant,1,21006,0.0,1.0,1.0,0.03,0.01,0.04497884855583887,1.0,1.0,1.0,0.09009778662176998,0.21416612134697738,0.09758441371043776,1.8920535190571695,0.07948439947181739,0.0813809108474922,30.431565654735806,1.4491221740350384,0.01952673052153136,13.575825199826493,45.0,0.017599296466840785,0.0803860378836152,0.09758441371043776,real10kg_smc_steady,real10kg_mpc_event,-1.0,-1.0,predictive_alpha,1.0,0.25227212718916286,0.2904824540173518,0.22432482868036632,0.0,transformer,16,True,2.5,1.0,0.75,real_10kg_v1,thruster,real_10kg_x,1.0,0.045396825396825394,0.13142857142857142,0.01952673052153136,0.0027602441256440596,0.008443615973398603,0.012500000000000011,0.0006551421044817042,0.09277982636949121,0.0813809108474922,,
post_step_13_20p9s,13.0,20.9,790,0.08332532354853459,0.0822333632579186,0.013445575917720099,0.9868952169147001,0.1613624207518191,0.0260378308308871,0.08184006124127058,0.10672098341046582,0.7708642838434727,0.0,0.0,0.019464430667050454,0.003030882449600552,predictive_alpha,constant,1,21006,0.0,1.0,1.0,0.03,0.01,0.04497884855583887,1.0,1.0,1.0,0.09009778662176998,0.21416612134697738,0.09758441371043776,1.8920535190571695,0.07948439947181739,0.0813809108474922,30.431565654735806,1.4491221740350384,0.01952673052153136,13.575825199826493,45.0,0.017599296466840785,0.0803860378836152,0.09758441371043776,real10kg_smc_steady,real10kg_mpc_event,-1.0,-1.0,predictive_alpha,1.0,0.25227212718916286,0.2904824540173518,0.22432482868036632,0.0,transformer,16,True,2.5,1.0,0.75,real_10kg_v1,thruster,real_10kg_x,1.0,0.045396825396825394,0.13142857142857142,0.01952673052153136,0.0027602441256440596,0.008443615973398603,0.012500000000000011,0.0006551421044817042,0.09277982636949121,0.0813809108474922,,
startup_0_3s,0.0,3.0,300,0.1381097194765851,0.1357353713990038,0.025499089495029544,0.9828082477715564,0.18462921792663997,0.03408794811220272,0.11894254837999327,0.2504392992686608,0.9500257816225478,0.0,0.0,0.035374708900873866,0.004480940953207418,predictive_alpha,constant,1,21007,0.0,1.0,1.0,0.03,0.01,0.0449585433462449,1.0,1.0,1.0,0.09160424214811957,0.2504392992686608,0.10051748336562834,1.923689085110511,0.07960534640099318,0.0815043500033855,30.493991374290218,1.4520948273471532,0.0192407550607252,13.509699692084947,45.0,0.014225666967879183,0.055112901472448295,0.10051748336562834,real10kg_smc_steady,real10kg_mpc_event,-1.0,-1.0,predictive_alpha,1.0,0.2512057862799389,0.2902123071764588,0.22528099686353623,0.0,transformer,16,True,2.5,1.0,0.75,real_10kg_v1,thruster,real_10kg_x,1.0,0.045396825396825394,0.13142857142857142,0.0192407550607252,0.0027327630622643643,0.008427554451755179,0.012500000000000011,0.0006702098050320836,0.09278295157805534,0.0815043500033855,,
pre_step_3_10s,3.0,10.0,700,0.07296629777154941,0.07260946360816997,0.007207385449679664,0.9951096030047099,0.09877691029693336,0.00975687800780842,0.07210561489535826,0.095631757752639,1.0,0.036904761904761905,0.09428571428571429,0.015563921302961664,0.0023623192729723772,predictive_alpha,constant,1,21007,0.0,1.0,1.0,0.03,0.01,0.0449585433462449,1.0,1.0,1.0,0.09160424214811957,0.2504392992686608,0.10051748336562834,1.923689085110511,0.07960534640099318,0.0815043500033855,30.493991374290218,1.4520948273471532,0.0192407550607252,13.509699692084947,45.0,0.014225666967879183,0.055112901472448295,0.10051748336562834,real10kg_smc_steady,real10kg_mpc_event,-1.0,-1.0,predictive_alpha,1.0,0.2512057862799389,0.2902123071764588,0.22528099686353623,0.0,transformer,16,True,2.5,1.0,0.75,real_10kg_v1,thruster,real_10kg_x,1.0,0.045396825396825394,0.13142857142857142,0.0192407550607252,0.0027327630622643643,0.008427554451755179,0.012500000000000011,0.0006702098050320836,0.09278295157805534,0.0815043500033855,,
step_recovery_10_13s,10.0,13.0,300,0.14451445858777923,0.1439456584789881,0.012809221130477768,0.9960640608950168,0.0886362600368969,0.007856386593328407,0.13702103752041003,0.2000956659546536,1.0,0.23166666666666666,0.7,0.011517149769371182,0.0011269367364479315,predictive_alpha,constant,1,21007,0.0,1.0,1.0,0.03,0.01,0.0449585433462449,1.0,1.0,1.0,0.09160424214811957,0.2504392992686608,0.10051748336562834,1.923689085110511,0.07960534640099318,0.0815043500033855,30.493991374290218,1.4520948273471532,0.0192407550607252,13.509699692084947,45.0,0.014225666967879183,0.055112901472448295,0.10051748336562834,real10kg_smc_steady,real10kg_mpc_event,-1.0,-1.0,predictive_alpha,1.0,0.2512057862799389,0.2902123071764588,0.22528099686353623,0.0,transformer,16,True,2.5,1.0,0.75,real_10kg_v1,thruster,real_10kg_x,1.0,0.045396825396825394,0.13142857142857142,0.0192407550607252,0.0027327630622643643,0.008427554451755179,0.012500000000000011,0.0006702098050320836,0.09278295157805534,0.0815043500033855,,
post_step_13_20p9s,13.0,20.9,790,0.083302968210199,0.08221132990914251,0.013441791071116805,0.9868955653740699,0.16136028955413728,0.026037143044995027,0.08182816586204684,0.10666064863779265,0.771837354656127,0.0,0.0,0.019517591171854757,0.003042658474847645,predictive_alpha,constant,1,21007,0.0,1.0,1.0,0.03,0.01,0.0449585433462449,1.0,1.0,1.0,0.09160424214811957,0.2504392992686608,0.10051748336562834,1.923689085110511,0.07960534640099318,0.0815043500033855,30.493991374290218,1.4520948273471532,0.0192407550607252,13.509699692084947,45.0,0.014225666967879183,0.055112901472448295,0.10051748336562834,real10kg_smc_steady,real10kg_mpc_event,-1.0,-1.0,predictive_alpha,1.0,0.2512057862799389,0.2902123071764588,0.22528099686353623,0.0,transformer,16,True,2.5,1.0,0.75,real_10kg_v1,thruster,real_10kg_x,1.0,0.045396825396825394,0.13142857142857142,0.0192407550607252,0.0027327630622643643,0.008427554451755179,0.012500000000000011,0.0006702098050320836,0.09278295157805534,0.0815043500033855,,
startup_0_3s,0.0,3.0,300,0.11442106972873646,0.11224623945869366,0.02220276841409592,0.980992746570201,0.19404440516709984,0.0376532311766536,0.09845692402497942,0.21057166758316145,0.826651776006431,0.0,0.0,0.03199476613737948,0.0042238066426456096,predictive_alpha,constant,1,21008,0.0,1.0,1.0,0.03,0.01,0.04499705332373556,1.0,1.0,1.0,0.08892192859841336,0.21057166758316145,0.09655963836002279,1.8673605005666807,0.07942996048993378,0.08131361459632151,30.387209600132874,1.4470099809587083,0.01870464548283305,13.513889177724113,45.0,0.01340083659728004,0.045982962186673304,0.09655963836002279,real10kg_smc_steady,real10kg_mpc_event,-1.0,-1.0,predictive_alpha,1.0,0.2478367485634032,0.28931506043270283,0.22197510862903158,0.0,transformer,16,True,2.5,1.0,0.75,real_10kg_v1,thruster,real_10kg_x,1.0,0.045714285714285714,0.1319047619047619,0.01870464548283305,0.0026987152195458697,0.008395179801940565,0.012500000000000011,0.0006373847120625406,0.0932507060953252,0.08131361459632151,,
pre_step_3_10s,3.0,10.0,700,0.07322016754704185,0.07286130320981034,0.007240402625887659,0.9950988320669856,0.0988853599827658,0.00977831441892118,0.07224956531535134,0.09717126729369545,1.0,0.03761904761904762,0.09571428571428571,0.015623890141290054,0.0023791659883742548,predictive_alpha,constant,1,21008,0.0,1.0,1.0,0.03,0.01,0.04499705332373556,1.0,1.0,1.0,0.08892192859841336,0.21057166758316145,0.09655963836002279,1.8673605005666807,0.07942996048993378,0.08131361459632151,30.387209600132874,1.4470099809587083,0.01870464548283305,13.513889177724113,45.0,0.01340083659728004,0.045982962186673304,0.09655963836002279,real10kg_smc_steady,real10kg_mpc_event,-1.0,-1.0,predictive_alpha,1.0,0.2478367485634032,0.28931506043270283,0.22197510862903158,0.0,transformer,16,True,2.5,1.0,0.75,real_10kg_v1,thruster,real_10kg_x,1.0,0.045714285714285714,0.1319047619047619,0.01870464548283305,0.0026987152195458697,0.008395179801940565,0.012500000000000011,0.0006373847120625406,0.0932507060953252,0.08131361459632151,,
step_recovery_10_13s,10.0,13.0,300,0.14607707581137513,0.1455241833721411,0.012697406486117306,0.996215063615129,0.08692264967374538,0.007555547026304668,0.13850710143976216,0.20199400687908728,1.0,0.23222222222222222,0.7,0.011198909077182758,0.0011211191622417258,predictive_alpha,constant,1,21008,0.0,1.0,1.0,0.03,0.01,0.04499705332373556,1.0,1.0,1.0,0.08892192859841336,0.21057166758316145,0.09655963836002279,1.8673605005666807,0.07942996048993378,0.08131361459632151,30.387209600132874,1.4470099809587083,0.01870464548283305,13.513889177724113,45.0,0.01340083659728004,0.045982962186673304,0.09655963836002279,real10kg_smc_steady,real10kg_mpc_event,-1.0,-1.0,predictive_alpha,1.0,0.2478367485634032,0.28931506043270283,0.22197510862903158,0.0,transformer,16,True,2.5,1.0,0.75,real_10kg_v1,thruster,real_10kg_x,1.0,0.045714285714285714,0.1319047619047619,0.01870464548283305,0.0026987152195458697,0.008395179801940565,0.012500000000000011,0.0006373847120625406,0.0932507060953252,0.08131361459632151,,
post_step_13_20p9s,13.0,20.9,790,0.08326037094738922,0.08216959894586658,0.013433033141189482,0.9868992656517002,0.16133765665874322,0.026029839456134518,0.08178496901147102,0.10648166043212835,0.7715818536966389,0.0,0.0,0.019464966374633717,0.0030403114793958273,predictive_alpha,constant,1,21008,0.0,1.0,1.0,0.03,0.01,0.04499705332373556,1.0,1.0,1.0,0.08892192859841336,0.21057166758316145,0.09655963836002279,1.8673605005666807,0.07942996048993378,0.08131361459632151,30.387209600132874,1.4470099809587083,0.01870464548283305,13.513889177724113,45.0,0.01340083659728004,0.045982962186673304,0.09655963836002279,real10kg_smc_steady,real10kg_mpc_event,-1.0,-1.0,predictive_alpha,1.0,0.2478367485634032,0.28931506043270283,0.22197510862903158,0.0,transformer,16,True,2.5,1.0,0.75,real_10kg_v1,thruster,real_10kg_x,1.0,0.045714285714285714,0.1319047619047619,0.01870464548283305,0.0026987152195458697,0.008395179801940565,0.012500000000000011,0.0006373847120625406,0.0932507060953252,0.08131361459632151,,
startup_0_3s,0.0,3.0,300,0.11015458502777392,0.10658307723792147,0.02782229769692539,0.9675773115667229,0.25257503071624654,0.06379414614131289,0.09761588010286568,0.19638883699892942,0.8570226967731351,0.0,0.0,0.0349144160812246,0.004499933863336176,predictive_alpha,constant,1,21009,0.0,1.0,1.0,0.03,0.01,0.04496151950813661,1.0,1.0,1.0,0.08865963159934291,0.20155581467282596,0.09567737297301802,1.8618522635862014,0.07962038456365528,0.0815197856612164,30.40588507094275,1.447899289092512,0.01915854073774493,13.572861146378584,45.0,0.014834845981599292,0.053344262545301946,0.09567737297301802,real10kg_smc_steady,real10kg_mpc_event,-1.0,-1.0,predictive_alpha,1.0,0.2507265706371976,0.29036557386168527,0.22281685170601123,0.0,transformer,16,True,2.5,1.0,0.75,real_10kg_v1,thruster,real_10kg_x,1.0,0.04587301587301587,0.1319047619047619,0.01915854073774493,0.0027355962313015863,0.008406909175667162,0.012500000000000011,0.0006792660170782035,0.09304576408994028,0.0815197856612164,,
pre_step_3_10s,3.0,10.0,700,0.07284076131259726,0.07248134933281249,0.007227067696761019,0.9950657849628679,0.09921735531766267,0.009844083596231325,0.07193549288479127,0.09676374941749005,1.0,0.03785714285714286,0.09571428571428571,0.015530352933293499,0.002348753386725128,predictive_alpha,constant,1,21009,0.0,1.0,1.0,0.03,0.01,0.04496151950813661,1.0,1.0,1.0,0.08865963159934291,0.20155581467282596,0.09567737297301802,1.8618522635862014,0.07962038456365528,0.0815197856612164,30.40588507094275,1.447899289092512,0.01915854073774493,13.572861146378584,45.0,0.014834845981599292,0.053344262545301946,0.09567737297301802,real10kg_smc_steady,real10kg_mpc_event,-1.0,-1.0,predictive_alpha,1.0,0.2507265706371976,0.29036557386168527,0.22281685170601123,0.0,transformer,16,True,2.5,1.0,0.75,real_10kg_v1,thruster,real_10kg_x,1.0,0.04587301587301587,0.1319047619047619,0.01915854073774493,0.0027355962313015863,0.008406909175667162,0.012500000000000011,0.0006792660170782035,0.09304576408994028,0.0815197856612164,,
step_recovery_10_13s,10.0,13.0,300,0.14563775261984002,0.1450742682895458,0.012798893249441771,0.9961309185279378,0.08788169975988902,0.0077231931526872775,0.13807960125316768,0.20155581467282596,1.0,0.23277777777777778,0.7,0.011475275025053399,0.00114020007232369,predictive_alpha,constant,1,21009,0.0,1.0,1.0,0.03,0.01,0.04496151950813661,1.0,1.0,1.0,0.08865963159934291,0.20155581467282596,0.09567737297301802,1.8618522635862014,0.07962038456365528,0.0815197856612164,30.40588507094275,1.447899289092512,0.01915854073774493,13.572861146378584,45.0,0.014834845981599292,0.053344262545301946,0.09567737297301802,real10kg_smc_steady,real10kg_mpc_event,-1.0,-1.0,predictive_alpha,1.0,0.2507265706371976,0.29036557386168527,0.22281685170601123,0.0,transformer,16,True,2.5,1.0,0.75,real_10kg_v1,thruster,real_10kg_x,1.0,0.04587301587301587,0.1319047619047619,0.01915854073774493,0.0027355962313015863,0.008406909175667162,0.012500000000000011,0.0006792660170782035,0.09304576408994028,0.0815197856612164,,
post_step_13_20p9s,13.0,20.9,790,0.08332534308285684,0.08223464228320751,0.013437872168937288,0.9869103353278154,0.16126992907277887,0.026007990023139124,0.0818482329766078,0.10660131549155075,0.7729264441480128,0.0,0.0,0.01952193925112286,0.00303877168055351,predictive_alpha,constant,1,21009,0.0,1.0,1.0,0.03,0.01,0.04496151950813661,1.0,1.0,1.0,0.08865963159934291,0.20155581467282596,0.09567737297301802,1.8618522635862014,0.07962038456365528,0.0815197856612164,30.40588507094275,1.447899289092512,0.01915854073774493,13.572861146378584,45.0,0.014834845981599292,0.053344262545301946,0.09567737297301802,real10kg_smc_steady,real10kg_mpc_event,-1.0,-1.0,predictive_alpha,1.0,0.2507265706371976,0.29036557386168527,0.22281685170601123,0.0,transformer,16,True,2.5,1.0,0.75,real_10kg_v1,thruster,real_10kg_x,1.0,0.04587301587301587,0.1319047619047619,0.01915854073774493,0.0027355962313015863,0.008406909175667162,0.012500000000000011,0.0006792660170782035,0.09304576408994028,0.0815197856612164,,
startup_0_3s,0.0,3.0,300,0.1394157375858554,0.13729514759855493,0.02422375554077261,0.9847894504306262,0.17375194479644068,0.03018973832054537,0.12044192359028268,0.24023674490624686,0.8413113493635423,0.0,0.0,0.03574505696410585,0.004860494785585964,predictive_alpha,sinusoidal,2,21000,0.0,1.0,1.0,0.03,0.01,0.4652058004589542,1.0,1.0,1.0,0.08625783559304691,0.4652058004589542,0.10348300452133986,1.8114145474539851,0.11765855159715655,0.14947732186797874,38.64279969590302,1.8401333188525248,0.019775523675988584,13.34963484083594,45.0,0.013742337784401577,0.053242449826011784,0.10348300452133986,real10kg_smc_steady,real10kg_mpc_event,-1.0,-1.0,predictive_alpha,1.0,0.226880424841129,0.24878306492412677,0.2146142825855696,0.0,transformer,16,True,2.5,1.0,0.75,real_10kg_v1,thruster,real_10kg_x,1.0,0.07142857142857142,0.22476190476190477,0.019775523675988584,0.0026442077925174245,0.008222305301622471,0.012500000000000011,0.0006946842716210212,0.09619804024921491,0.14947732186797874,,
pre_step_3_10s,3.0,10.0,700,0.07534329208904231,0.07493807397069882,0.007803635843426949,0.9946217094168835,0.10357439430977407,0.010727655156636559,0.07322724421922548,0.10011624611771408,1.0,0.10214285714285715,0.3514285714285714,0.013222394114762125,0.0018132570716972198,predictive_alpha,sinusoidal,2,21000,0.0,1.0,1.0,0.03,0.01,0.4652058004589542,1.0,1.0,1.0,0.08625783559304691,0.4652058004589542,0.10348300452133986,1.8114145474539851,0.11765855159715655,0.14947732186797874,38.64279969590302,1.8401333188525248,0.019775523675988584,13.34963484083594,45.0,0.013742337784401577,0.053242449826011784,0.10348300452133986,real10kg_smc_steady,real10kg_mpc_event,-1.0,-1.0,predictive_alpha,1.0,0.226880424841129,0.24878306492412677,0.2146142825855696,0.0,transformer,16,True,2.5,1.0,0.75,real_10kg_v1,thruster,real_10kg_x,1.0,0.07142857142857142,0.22476190476190477,0.019775523675988584,0.0026442077925174245,0.008222305301622471,0.012500000000000011,0.0006946842716210212,0.09619804024921491,0.14947732186797874,,
step_recovery_10_13s,10.0,13.0,300,0.05253395711690427,0.05108681099334547,0.012245586669936788,0.9724531293095159,0.2330985012738823,0.054334911296130106,0.04690245786936624,0.08194871387368484,1.0,0.10222222222222223,0.31,0.013739973821700604,0.0011897585953701884,predictive_alpha,sinusoidal,2,21000,0.0,1.0,1.0,0.03,0.01,0.4652058004589542,1.0,1.0,1.0,0.08625783559304691,0.4652058004589542,0.10348300452133986,1.8114145474539851,0.11765855159715655,0.14947732186797874,38.64279969590302,1.8401333188525248,0.019775523675988584,13.34963484083594,45.0,0.013742337784401577,0.053242449826011784,0.10348300452133986,real10kg_smc_steady,real10kg_mpc_event,-1.0,-1.0,predictive_alpha,1.0,0.226880424841129,0.24878306492412677,0.2146142825855696,0.0,transformer,16,True,2.5,1.0,0.75,real_10kg_v1,thruster,real_10kg_x,1.0,0.07142857142857142,0.22476190476190477,0.019775523675988584,0.0026442077925174245,0.008222305301622471,0.012500000000000011,0.0006946842716210212,0.09619804024921491,0.14947732186797874,,
post_step_13_20p9s,13.0,20.9,790,0.11169602284846093,0.11094238745467007,0.012953307918125394,0.9932528001036051,0.11596928509889087,0.013448875086347829,0.09520102069953938,0.4242123002211539,1.0,0.056329113924050635,0.15569620253164557,0.02190578543594252,0.0031265972539008284,predictive_alpha,sinusoidal,2,21000,0.0,1.0,1.0,0.03,0.01,0.4652058004589542,1.0,1.0,1.0,0.08625783559304691,0.4652058004589542,0.10348300452133986,1.8114145474539851,0.11765855159715655,0.14947732186797874,38.64279969590302,1.8401333188525248,0.019775523675988584,13.34963484083594,45.0,0.013742337784401577,0.053242449826011784,0.10348300452133986,real10kg_smc_steady,real10kg_mpc_event,-1.0,-1.0,predictive_alpha,1.0,0.226880424841129,0.24878306492412677,0.2146142825855696,0.0,transformer,16,True,2.5,1.0,0.75,real_10kg_v1,thruster,real_10kg_x,1.0,0.07142857142857142,0.22476190476190477,0.019775523675988584,0.0026442077925174245,0.008222305301622471,0.012500000000000011,0.0006946842716210212,0.09619804024921491,0.14947732186797874,,
startup_0_3s,0.0,3.0,300,0.11471003763119642,0.1119249914756728,0.025123475406899246,0.9757209899583695,0.21901723620450364,0.04796854975465934,0.09990589892820023,0.2006671074173561,0.7501861506546397,0.0,0.0,0.03307801325508509,0.004567027918531633,predictive_alpha,sinusoidal,2,21001,0.0,1.0,1.0,0.03,0.01,0.4662768867123796,1.0,1.0,1.0,0.08316943817942356,0.4662768867123796,0.09904606363169664,1.7465582017678947,0.11785766206516696,0.14986136859279892,38.4970151660144,1.833191198381638,0.019358716228046496,13.300049650085981,45.0,0.01397512429577374,0.05427663660054344,0.09904606363169664,real10kg_smc_steady,real10kg_mpc_event,-1.0,-1.0,predictive_alpha,1.0,0.22193784762873725,0.24891626685288662,0.2071007780198263,0.0,transformer,16,True,2.5,1.0,0.75,real_10kg_v1,thruster,real_10kg_x,1.0,0.0715079365079365,0.22428571428571428,0.019358716228046496,0.0025971767896246787,0.008075389291482075,0.012500000000000011,0.0006988917886405449,0.09618772124790513,0.14986136859279892,,
pre_step_3_10s,3.0,10.0,700,0.07492488961139267,0.07451244181657223,0.007850802367358195,0.9944951831499566,0.10478230142316346,0.010979330691534683,0.07277048382012574,0.10002941291297257,1.0,0.10238095238095238,0.35,0.013052074300555482,0.0017995225840287596,predictive_alpha,sinusoidal,2,21001,0.0,1.0,1.0,0.03,0.01,0.4662768867123796,1.0,1.0,1.0,0.08316943817942356,0.4662768867123796,0.09904606363169664,1.7465582017678947,0.11785766206516696,0.14986136859279892,38.4970151660144,1.833191198381638,0.019358716228046496,13.300049650085981,45.0,0.01397512429577374,0.05427663660054344,0.09904606363169664,real10kg_smc_steady,real10kg_mpc_event,-1.0,-1.0,predictive_alpha,1.0,0.22193784762873725,0.24891626685288662,0.2071007780198263,0.0,transformer,16,True,2.5,1.0,0.75,real_10kg_v1,thruster,real_10kg_x,1.0,0.0715079365079365,0.22428571428571428,0.019358716228046496,0.0025971767896246787,0.008075389291482075,0.012500000000000011,0.0006988917886405449,0.09618772124790513,0.14986136859279892,,
step_recovery_10_13s,10.0,13.0,300,0.05241518589578473,0.05096781740126216,0.012232469163716241,0.9723864664450429,0.2333764338456727,0.05446455987452366,0.0467050431488401,0.08182261155275711,1.0,0.10222222222222223,0.31,0.01369133152269792,0.0012094181105558987,predictive_alpha,sinusoidal,2,21001,0.0,1.0,1.0,0.03,0.01,0.4662768867123796,1.0,1.0,1.0,0.08316943817942356,0.4662768867123796,0.09904606363169664,1.7465582017678947,0.11785766206516696,0.14986136859279892,38.4970151660144,1.833191198381638,0.019358716228046496,13.300049650085981,45.0,0.01397512429577374,0.05427663660054344,0.09904606363169664,real10kg_smc_steady,real10kg_mpc_event,-1.0,-1.0,predictive_alpha,1.0,0.22193784762873725,0.24891626685288662,0.2071007780198263,0.0,transformer,16,True,2.5,1.0,0.75,real_10kg_v1,thruster,real_10kg_x,1.0,0.0715079365079365,0.22428571428571428,0.019358716228046496,0.0025971767896246787,0.008075389291482075,0.012500000000000011,0.0006988917886405449,0.09618772124790513,0.14986136859279892,,
post_step_13_20p9s,13.0,20.9,790,0.11188922811162007,0.11113813688452387,0.012942715992054538,0.9932871891264912,0.11567437018282901,0.013380559917194161,0.09525531608085235,0.42539817584229034,1.0,0.056329113924050635,0.15569620253164557,0.021982867411633248,0.0031179258681614803,predictive_alpha,sinusoidal,2,21001,0.0,1.0,1.0,0.03,0.01,0.4662768867123796,1.0,1.0,1.0,0.08316943817942356,0.4662768867123796,0.09904606363169664,1.7465582017678947,0.11785766206516696,0.14986136859279892,38.4970151660144,1.833191198381638,0.019358716228046496,13.300049650085981,45.0,0.01397512429577374,0.05427663660054344,0.09904606363169664,real10kg_smc_steady,real10kg_mpc_event,-1.0,-1.0,predictive_alpha,1.0,0.22193784762873725,0.24891626685288662,0.2071007780198263,0.0,transformer,16,True,2.5,1.0,0.75,real_10kg_v1,thruster,real_10kg_x,1.0,0.0715079365079365,0.22428571428571428,0.019358716228046496,0.0025971767896246787,0.008075389291482075,0.012500000000000011,0.0006988917886405449,0.09618772124790513,0.14986136859279892,,
startup_0_3s,0.0,3.0,300,0.12114257595830395,0.11746709818722209,0.02961426266660998,0.969659900806906,0.24445792432879182,0.0597596767671413,0.10640311097047857,0.21141261547785795,0.7684372236315098,0.0,0.0,0.03492293205356631,0.004930367429967079,predictive_alpha,sinusoidal,2,21002,0.0,1.0,1.0,0.03,0.01,0.46660848162066937,1.0,1.0,1.0,0.08418871595224373,0.46660848162066937,0.1002260198869816,1.7679630349971183,0.11789429461534644,0.14995011121050594,38.52329115699728,1.8344424360474898,0.019585524888449952,13.245233744206015,45.0,0.015176822394033236,0.05799703492228864,0.1002260198869816,real10kg_smc_steady,real10kg_mpc_event,-1.0,-1.0,predictive_alpha,1.0,0.22317903156812832,0.250310024829604,0.2076229682700276,0.0,transformer,16,True,2.5,1.0,0.75,real_10kg_v1,thruster,real_10kg_x,1.0,0.07087301587301588,0.22238095238095237,0.019585524888449952,0.0026325730535893227,0.00808593737491212,0.012500000000000011,0.0006954009775819092,0.09629923998219125,0.14995011121050594,,
pre_step_3_10s,3.0,10.0,700,0.07519218234495885,0.07478179187821966,0.007845246285501876,0.9945421125715378,0.10433593015707768,0.01088598632174259,0.07302140157771264,0.10001866127054071,1.0,0.10047619047619048,0.3442857142857143,0.012952518184548702,0.0017465218946205036,predictive_alpha,sinusoidal,2,21002,0.0,1.0,1.0,0.03,0.01,0.46660848162066937,1.0,1.0,1.0,0.08418871595224373,0.46660848162066937,0.1002260198869816,1.7679630349971183,0.11789429461534644,0.14995011121050594,38.52329115699728,1.8344424360474898,0.019585524888449952,13.245233744206015,45.0,0.015176822394033236,0.05799703492228864,0.1002260198869816,real10kg_smc_steady,real10kg_mpc_event,-1.0,-1.0,predictive_alpha,1.0,0.22317903156812832,0.250310024829604,0.2076229682700276,0.0,transformer,16,True,2.5,1.0,0.75,real_10kg_v1,thruster,real_10kg_x,1.0,0.07087301587301588,0.22238095238095237,0.019585524888449952,0.0026325730535893227,0.00808593737491212,0.012500000000000011,0.0006954009775819092,0.09629923998219125,0.14995011121050594,,
step_recovery_10_13s,10.0,13.0,300,0.05236163029320769,0.050918370511669635,0.012209007797478764,0.9724366912669395,0.23316706773857857,0.05436688147780688,0.04667943833059354,0.08176431447793894,1.0,0.10222222222222223,0.31,0.01363682147614626,0.001186228334233982,predictive_alpha,sinusoidal,2,21002,0.0,1.0,1.0,0.03,0.01,0.46660848162066937,1.0,1.0,1.0,0.08418871595224373,0.46660848162066937,0.1002260198869816,1.7679630349971183,0.11789429461534644,0.14995011121050594,38.52329115699728,1.8344424360474898,0.019585524888449952,13.245233744206015,45.0,0.015176822394033236,0.05799703492228864,0.1002260198869816,real10kg_smc_steady,real10kg_mpc_event,-1.0,-1.0,predictive_alpha,1.0,0.22317903156812832,0.250310024829604,0.2076229682700276,0.0,transformer,16,True,2.5,1.0,0.75,real_10kg_v1,thruster,real_10kg_x,1.0,0.07087301587301588,0.22238095238095237,0.019585524888449952,0.0026325730535893227,0.00808593737491212,0.012500000000000011,0.0006954009775819092,0.09629923998219125,0.14995011121050594,,
post_step_13_20p9s,13.0,20.9,790,0.1119413740089901,0.1111903049532564,0.012945551337136868,0.9932905142322679,0.11564581417499128,0.013373954336196618,0.09528062874987378,0.4257379998260676,1.0,0.056329113924050635,0.15569620253164557,0.0219929829428597,0.0031276614497297824,predictive_alpha,sinusoidal,2,21002,0.0,1.0,1.0,0.03,0.01,0.46660848162066937,1.0,1.0,1.0,0.08418871595224373,0.46660848162066937,0.1002260198869816,1.7679630349971183,0.11789429461534644,0.14995011121050594,38.52329115699728,1.8344424360474898,0.019585524888449952,13.245233744206015,45.0,0.015176822394033236,0.05799703492228864,0.1002260198869816,real10kg_smc_steady,real10kg_mpc_event,-1.0,-1.0,predictive_alpha,1.0,0.22317903156812832,0.250310024829604,0.2076229682700276,0.0,transformer,16,True,2.5,1.0,0.75,real_10kg_v1,thruster,real_10kg_x,1.0,0.07087301587301588,0.22238095238095237,0.019585524888449952,0.0026325730535893227,0.00808593737491212,0.012500000000000011,0.0006954009775819092,0.09629923998219125,0.14995011121050594,,
startup_0_3s,0.0,3.0,300,0.1470143480485736,0.14521741409505048,0.022915522592639407,0.9877771525203145,0.1558726947186686,0.024296296958859258,0.13017349797621794,0.2316124535720671,0.7835563276984974,0.0,0.0,0.03713196641791594,0.005173410324834767,predictive_alpha,sinusoidal,2,21003,0.0,1.0,1.0,0.03,0.01,0.46585038175781823,1.0,1.0,1.0,0.08786855377537352,0.46585038175781823,0.1051906673491094,1.845239629282844,0.11765880426072976,0.14957738338602872,38.666043021108955,1.8412401438623311,0.019973186738048935,13.600347363541308,45.0,0.013362492125656163,0.038405808982542755,0.1051906673491094,real10kg_smc_steady,real10kg_mpc_event,-1.0,-1.0,predictive_alpha,1.0,0.23525606409852184,0.25456391837991416,0.21540141863085974,0.0,transformer,16,True,2.5,1.0,0.75,real_10kg_v1,thruster,real_10kg_x,1.0,0.07301587301587302,0.23285714285714285,0.019973186738048935,0.0026701197560447844,0.00835041427641644,0.012500000000000011,0.0007045603859729705,0.09647306787329284,0.14957738338602872,,
pre_step_3_10s,3.0,10.0,700,0.07595166647988606,0.0755732698094799,0.007572088970383426,0.9950179280068019,0.09969615311059314,0.00993932294505083,0.07364194877889207,0.10038078768732735,1.0,0.1069047619047619,0.3757142857142857,0.01332148377742655,0.0017768931253256872,predictive_alpha,sinusoidal,2,21003,0.0,1.0,1.0,0.03,0.01,0.46585038175781823,1.0,1.0,1.0,0.08786855377537352,0.46585038175781823,0.1051906673491094,1.845239629282844,0.11765880426072976,0.14957738338602872,38.666043021108955,1.8412401438623311,0.019973186738048935,13.600347363541308,45.0,0.013362492125656163,0.038405808982542755,0.1051906673491094,real10kg_smc_steady,real10kg_mpc_event,-1.0,-1.0,predictive_alpha,1.0,0.23525606409852184,0.25456391837991416,0.21540141863085974,0.0,transformer,16,True,2.5,1.0,0.75,real_10kg_v1,thruster,real_10kg_x,1.0,0.07301587301587302,0.23285714285714285,0.019973186738048935,0.0026701197560447844,0.00835041427641644,0.012500000000000011,0.0007045603859729705,0.09647306787329284,0.14957738338602872,,
step_recovery_10_13s,10.0,13.0,300,0.05294133340623341,0.05153067852120802,0.012139767459629374,0.9733543756028763,0.22930603894083287,0.052581259494734765,0.04734269894774763,0.08278668330072178,1.0,0.10222222222222223,0.31,0.013413483598996618,0.001171046709734076,predictive_alpha,sinusoidal,2,21003,0.0,1.0,1.0,0.03,0.01,0.46585038175781823,1.0,1.0,1.0,0.08786855377537352,0.46585038175781823,0.1051906673491094,1.845239629282844,0.11765880426072976,0.14957738338602872,38.666043021108955,1.8412401438623311,0.019973186738048935,13.600347363541308,45.0,0.013362492125656163,0.038405808982542755,0.1051906673491094,real10kg_smc_steady,real10kg_mpc_event,-1.0,-1.0,predictive_alpha,1.0,0.23525606409852184,0.25456391837991416,0.21540141863085974,0.0,transformer,16,True,2.5,1.0,0.75,real_10kg_v1,thruster,real_10kg_x,1.0,0.07301587301587302,0.23285714285714285,0.019973186738048935,0.0026701197560447844,0.00835041427641644,0.012500000000000011,0.0007045603859729705,0.09647306787329284,0.14957738338602872,,
post_step_13_20p9s,13.0,20.9,790,0.11176622519327,0.11101215188352137,0.012961143010657676,0.9932531199971668,0.1159665452442795,0.013448239615893524,0.09524448667357382,0.42482472857820297,1.0,0.056329113924050635,0.15569620253164557,0.02193715274269063,0.0031178822363593277,predictive_alpha,sinusoidal,2,21003,0.0,1.0,1.0,0.03,0.01,0.46585038175781823,1.0,1.0,1.0,0.08786855377537352,0.46585038175781823,0.1051906673491094,1.845239629282844,0.11765880426072976,0.14957738338602872,38.666043021108955,1.8412401438623311,0.019973186738048935,13.600347363541308,45.0,0.013362492125656163,0.038405808982542755,0.1051906673491094,real10kg_smc_steady,real10kg_mpc_event,-1.0,-1.0,predictive_alpha,1.0,0.23525606409852184,0.25456391837991416,0.21540141863085974,0.0,transformer,16,True,2.5,1.0,0.75,real_10kg_v1,thruster,real_10kg_x,1.0,0.07301587301587302,0.23285714285714285,0.019973186738048935,0.0026701197560447844,0.00835041427641644,0.012500000000000011,0.0007045603859729705,0.09647306787329284,0.14957738338602872,,
startup_0_3s,0.0,3.0,300,0.11512696543183788,0.11301836191686607,0.02193326330421162,0.9816845383958267,0.19051369261702147,0.03629546707457294,0.10043511708596922,0.19420146599299767,0.725679886392801,0.0,0.0,0.033212328925136536,0.004487016319459408,predictive_alpha,sinusoidal,2,21004,0.0,1.0,1.0,0.03,0.01,0.4665298077153378,1.0,1.0,1.0,0.08333645704939652,0.4665298077153378,0.09923343263758647,1.750065598037327,0.11786511439124528,0.14990834903717248,38.50133827244921,1.8333970605928194,0.01939951460946372,13.396922383248627,45.0,0.013165505669947147,0.045260345330458474,0.09923343263758647,real10kg_smc_steady,real10kg_mpc_event,-1.0,-1.0,predictive_alpha,1.0,0.2259936905438155,0.24882265399586095,0.21296678215309622,0.0,transformer,16,True,2.5,1.0,0.75,real_10kg_v1,thruster,real_10kg_x,1.0,0.07293650793650794,0.2319047619047619,0.01939951460946372,0.0025701299836409157,0.008192125233492333,0.012500000000000011,0.0007143947784492624,0.09632990267973673,0.14990834903717248,,
pre_step_3_10s,3.0,10.0,700,0.0752555311535456,0.07485253999910774,0.00777767477362276,0.9946450294315826,0.10335020767780896,0.010681265427046244,0.07293250080841529,0.10049442746666394,1.0,0.10666666666666667,0.37285714285714283,0.013201083538384333,0.0017600333902629522,predictive_alpha,sinusoidal,2,21004,0.0,1.0,1.0,0.03,0.01,0.4665298077153378,1.0,1.0,1.0,0.08333645704939652,0.4665298077153378,0.09923343263758647,1.750065598037327,0.11786511439124528,0.14990834903717248,38.50133827244921,1.8333970605928194,0.01939951460946372,13.396922383248627,45.0,0.013165505669947147,0.045260345330458474,0.09923343263758647,real10kg_smc_steady,real10kg_mpc_event,-1.0,-1.0,predictive_alpha,1.0,0.2259936905438155,0.24882265399586095,0.21296678215309622,0.0,transformer,16,True,2.5,1.0,0.75,real_10kg_v1,thruster,real_10kg_x,1.0,0.07293650793650794,0.2319047619047619,0.01939951460946372,0.0025701299836409157,0.008192125233492333,0.012500000000000011,0.0007143947784492624,0.09632990267973673,0.14990834903717248,,
step_recovery_10_13s,10.0,13.0,300,0.05260954459083551,0.05117943372891884,0.012183174678314113,0.9728165131814163,0.23157726935420767,0.05362803168155125,0.04689927153594565,0.08223761372959319,1.0,0.10222222222222223,0.31,0.013596666709655952,0.0011872760922678619,predictive_alpha,sinusoidal,2,21004,0.0,1.0,1.0,0.03,0.01,0.4665298077153378,1.0,1.0,1.0,0.08333645704939652,0.4665298077153378,0.09923343263758647,1.750065598037327,0.11786511439124528,0.14990834903717248,38.50133827244921,1.8333970605928194,0.01939951460946372,13.396922383248627,45.0,0.013165505669947147,0.045260345330458474,0.09923343263758647,real10kg_smc_steady,real10kg_mpc_event,-1.0,-1.0,predictive_alpha,1.0,0.2259936905438155,0.24882265399586095,0.21296678215309622,0.0,transformer,16,True,2.5,1.0,0.75,real_10kg_v1,thruster,real_10kg_x,1.0,0.07293650793650794,0.2319047619047619,0.01939951460946372,0.0025701299836409157,0.008192125233492333,0.012500000000000011,0.0007143947784492624,0.09632990267973673,0.14990834903717248,,
post_step_13_20p9s,13.0,20.9,790,0.11192399196205531,0.11117280189533889,0.012945582082778531,0.9932883910451381,0.11566404893034343,0.013378172214960883,0.09527784141047979,0.4256417549040395,1.0,0.056329113924050635,0.15569620253164557,0.021943666116630678,0.0031196069659547134,predictive_alpha,sinusoidal,2,21004,0.0,1.0,1.0,0.03,0.01,0.4665298077153378,1.0,1.0,1.0,0.08333645704939652,0.4665298077153378,0.09923343263758647,1.750065598037327,0.11786511439124528,0.14990834903717248,38.50133827244921,1.8333970605928194,0.01939951460946372,13.396922383248627,45.0,0.013165505669947147,0.045260345330458474,0.09923343263758647,real10kg_smc_steady,real10kg_mpc_event,-1.0,-1.0,predictive_alpha,1.0,0.2259936905438155,0.24882265399586095,0.21296678215309622,0.0,transformer,16,True,2.5,1.0,0.75,real_10kg_v1,thruster,real_10kg_x,1.0,0.07293650793650794,0.2319047619047619,0.01939951460946372,0.0025701299836409157,0.008192125233492333,0.012500000000000011,0.0007143947784492624,0.09632990267973673,0.14990834903717248,,
startup_0_3s,0.0,3.0,300,0.11710148673194659,0.11398727259084425,0.026826477259096662,0.9734058530936418,0.22908741816834766,0.05248104516303938,0.10225655489370622,0.20455120235353588,0.7560531583920701,0.0,0.0,0.034156836356056874,0.004782674885555859,predictive_alpha,sinusoidal,2,21005,0.0,1.0,1.0,0.03,0.01,0.4664708700065724,1.0,1.0,1.0,0.08354807984191821,0.4664708700065724,0.09948211350463904,1.7545096766802826,0.11785437253517386,0.14988724114746407,38.508464313525856,1.8337363958821835,0.019478005153885265,13.275952957671583,45.0,0.014405721404139404,0.05586542337236022,0.09948211350463904,real10kg_smc_steady,real10kg_mpc_event,-1.0,-1.0,predictive_alpha,1.0,0.22311914415935205,0.250047717749434,0.2081205392978154,0.0,transformer,16,True,2.5,1.0,0.75,real_10kg_v1,thruster,real_10kg_x,1.0,0.07071428571428572,0.22285714285714286,0.019478005153885265,0.002611917479634747,0.008090223121683268,0.012500000000000011,0.000714361302620818,0.09623242537091897,0.14988724114746407,,
pre_step_3_10s,3.0,10.0,700,0.0750404702653696,0.07463478190131216,0.007792400669330677,0.9945937390501048,0.10384264173417354,0.010783294242331919,0.07288502593976541,0.1000381628723047,1.0,0.1,0.3457142857142857,0.013021106616622214,0.0017584517681498793,predictive_alpha,sinusoidal,2,21005,0.0,1.0,1.0,0.03,0.01,0.4664708700065724,1.0,1.0,1.0,0.08354807984191821,0.4664708700065724,0.09948211350463904,1.7545096766802826,0.11785437253517386,0.14988724114746407,38.508464313525856,1.8337363958821835,0.019478005153885265,13.275952957671583,45.0,0.014405721404139404,0.05586542337236022,0.09948211350463904,real10kg_smc_steady,real10kg_mpc_event,-1.0,-1.0,predictive_alpha,1.0,0.22311914415935205,0.250047717749434,0.2081205392978154,0.0,transformer,16,True,2.5,1.0,0.75,real_10kg_v1,thruster,real_10kg_x,1.0,0.07071428571428572,0.22285714285714286,0.019478005153885265,0.002611917479634747,0.008090223121683268,0.012500000000000011,0.000714361302620818,0.09623242537091897,0.14988724114746407,,
step_recovery_10_13s,10.0,13.0,300,0.05232168764150798,0.05088168250229085,0.012190708896188007,0.9724778537518974,0.23299533034398612,0.054286823962103214,0.04667071787533252,0.08170370746082765,1.0,0.10222222222222223,0.31,0.013614490892883939,0.0011795700904407075,predictive_alpha,sinusoidal,2,21005,0.0,1.0,1.0,0.03,0.01,0.4664708700065724,1.0,1.0,1.0,0.08354807984191821,0.4664708700065724,0.09948211350463904,1.7545096766802826,0.11785437253517386,0.14988724114746407,38.508464313525856,1.8337363958821835,0.019478005153885265,13.275952957671583,45.0,0.014405721404139404,0.05586542337236022,0.09948211350463904,real10kg_smc_steady,real10kg_mpc_event,-1.0,-1.0,predictive_alpha,1.0,0.22311914415935205,0.250047717749434,0.2081205392978154,0.0,transformer,16,True,2.5,1.0,0.75,real_10kg_v1,thruster,real_10kg_x,1.0,0.07071428571428572,0.22285714285714286,0.019478005153885265,0.002611917479634747,0.008090223121683268,0.012500000000000011,0.000714361302620818,0.09623242537091897,0.14988724114746407,,
post_step_13_20p9s,13.0,20.9,790,0.11191525994242069,0.11116391590043764,0.012946397555305442,0.9932864915618335,0.11568035996133358,0.013381945680783712,0.09527834098692123,0.425576212750611,1.0,0.056329113924050635,0.15569620253164557,0.021941254639238336,0.0031177744595710993,predictive_alpha,sinusoidal,2,21005,0.0,1.0,1.0,0.03,0.01,0.4664708700065724,1.0,1.0,1.0,0.08354807984191821,0.4664708700065724,0.09948211350463904,1.7545096766802826,0.11785437253517386,0.14988724114746407,38.508464313525856,1.8337363958821835,0.019478005153885265,13.275952957671583,45.0,0.014405721404139404,0.05586542337236022,0.09948211350463904,real10kg_smc_steady,real10kg_mpc_event,-1.0,-1.0,predictive_alpha,1.0,0.22311914415935205,0.250047717749434,0.2081205392978154,0.0,transformer,16,True,2.5,1.0,0.75,real_10kg_v1,thruster,real_10kg_x,1.0,0.07071428571428572,0.22285714285714286,0.019478005153885265,0.002611917479634747,0.008090223121683268,0.012500000000000011,0.000714361302620818,0.09623242537091897,0.14988724114746407,,
startup_0_3s,0.0,3.0,300,0.12203069151600197,0.1158859902380364,0.03823515317640783,0.9496462635618204,0.31332407201342477,0.0981719741030738,0.10782298010867675,0.2109397302013011,0.7583455993814264,0.0,0.0,0.03653969696100144,0.0049982506633132915,predictive_alpha,sinusoidal,2,21006,0.0,1.0,1.0,0.03,0.01,0.46878660042251,1.0,1.0,1.0,0.0843811734391917,0.46878660042251,0.10053169513716277,1.7720046422230258,0.11818206342151187,0.1505988400218791,38.51110917222553,1.833862341534549,0.01983159570981276,13.26537750627642,45.0,0.017715845309667754,0.08037897355873752,0.10053169513716277,real10kg_smc_steady,real10kg_mpc_event,-1.0,-1.0,predictive_alpha,1.0,0.22287735485223129,0.2508367773928218,0.20496516230915274,0.0,transformer,16,True,2.5,1.0,0.75,real_10kg_v1,thruster,real_10kg_x,1.0,0.07023809523809524,0.22142857142857142,0.01983159570981276,0.0026455367273434996,0.008048785744170131,0.012500000000000011,0.0007209857216295975,0.0964839040273786,0.1505988400218791,,
pre_step_3_10s,3.0,10.0,700,0.07508014879805089,0.0746688443255592,0.007848084519350398,0.9945217946544298,0.1045294214914254,0.010926399957332068,0.07289836230785911,0.10004011960984928,1.0,0.09904761904761905,0.34285714285714286,0.012948022408969563,0.0017447546595458752,predictive_alpha,sinusoidal,2,21006,0.0,1.0,1.0,0.03,0.01,0.46878660042251,1.0,1.0,1.0,0.0843811734391917,0.46878660042251,0.10053169513716277,1.7720046422230258,0.11818206342151187,0.1505988400218791,38.51110917222553,1.833862341534549,0.01983159570981276,13.26537750627642,45.0,0.017715845309667754,0.08037897355873752,0.10053169513716277,real10kg_smc_steady,real10kg_mpc_event,-1.0,-1.0,predictive_alpha,1.0,0.22287735485223129,0.2508367773928218,0.20496516230915274,0.0,transformer,16,True,2.5,1.0,0.75,real_10kg_v1,thruster,real_10kg_x,1.0,0.07023809523809524,0.22142857142857142,0.01983159570981276,0.0026455367273434996,0.008048785744170131,0.012500000000000011,0.0007209857216295975,0.0964839040273786,0.1505988400218791,,
step_recovery_10_13s,10.0,13.0,300,0.052177965988637144,0.050735453994730804,0.012184163601163936,0.972354001031384,0.2335116628313433,0.05452769667825896,0.04649661912384983,0.08153744625133344,1.0,0.10166666666666667,0.30666666666666664,0.01355796565905131,0.0012029722356724133,predictive_alpha,sinusoidal,2,21006,0.0,1.0,1.0,0.03,0.01,0.46878660042251,1.0,1.0,1.0,0.0843811734391917,0.46878660042251,0.10053169513716277,1.7720046422230258,0.11818206342151187,0.1505988400218791,38.51110917222553,1.833862341534549,0.01983159570981276,13.26537750627642,45.0,0.017715845309667754,0.08037897355873752,0.10053169513716277,real10kg_smc_steady,real10kg_mpc_event,-1.0,-1.0,predictive_alpha,1.0,0.22287735485223129,0.2508367773928218,0.20496516230915274,0.0,transformer,16,True,2.5,1.0,0.75,real_10kg_v1,thruster,real_10kg_x,1.0,0.07023809523809524,0.22142857142857142,0.01983159570981276,0.0026455367273434996,0.008048785744170131,0.012500000000000011,0.0007209857216295975,0.0964839040273786,0.1505988400218791,,
post_step_13_20p9s,13.0,20.9,790,0.1122887889428466,0.11153982548157101,0.01294756555464511,0.9933300245881466,0.11530595063444167,0.0132954622517123,0.09540319812700096,0.4280310205893845,1.0,0.056118143459915615,0.15569620253164557,0.022060703561053243,0.003123993044825005,predictive_alpha,sinusoidal,2,21006,0.0,1.0,1.0,0.03,0.01,0.46878660042251,1.0,1.0,1.0,0.0843811734391917,0.46878660042251,0.10053169513716277,1.7720046422230258,0.11818206342151187,0.1505988400218791,38.51110917222553,1.833862341534549,0.01983159570981276,13.26537750627642,45.0,0.017715845309667754,0.08037897355873752,0.10053169513716277,real10kg_smc_steady,real10kg_mpc_event,-1.0,-1.0,predictive_alpha,1.0,0.22287735485223129,0.2508367773928218,0.20496516230915274,0.0,transformer,16,True,2.5,1.0,0.75,real_10kg_v1,thruster,real_10kg_x,1.0,0.07023809523809524,0.22142857142857142,0.01983159570981276,0.0026455367273434996,0.008048785744170131,0.012500000000000011,0.0007209857216295975,0.0964839040273786,0.1505988400218791,,
startup_0_3s,0.0,3.0,300,0.1382407954971072,0.13580133765132613,0.025855642165367367,0.9823535604160198,0.18703337225738417,0.034981482337969244,0.11933989190414178,0.24274975973565024,0.8459475782870102,0.0,0.0,0.035310369393671416,0.004912504028019002,predictive_alpha,sinusoidal,2,21007,0.0,1.0,1.0,0.03,0.01,0.4657413254349218,1.0,1.0,1.0,0.08606137392650824,0.4657413254349218,0.10327285797930769,1.807288852456673,0.11773914884858656,0.14964577873657678,38.63450010965655,1.8397381004598357,0.019681473750199952,13.294298875656956,45.0,0.014161992624285455,0.05718802724512956,0.10327285797930769,real10kg_smc_steady,real10kg_mpc_event,-1.0,-1.0,predictive_alpha,1.0,0.22517253074908314,0.24959895507574045,0.2119466561033845,0.0,transformer,16,True,2.5,1.0,0.75,real_10kg_v1,thruster,real_10kg_x,1.0,0.07119047619047619,0.22333333333333333,0.019681473750199952,0.002650024449876833,0.008163284204150417,0.012500000000000011,0.0006796347309686157,0.09621717174083044,0.14964577873657678,,
pre_step_3_10s,3.0,10.0,700,0.07522420147231276,0.07481678394015873,0.007818524668932658,0.99458395670303,0.10393629331925001,0.010802753068945176,0.07308966159026888,0.10002418039567584,1.0,0.10142857142857142,0.34714285714285714,0.013108720146655465,0.0018069262728654994,predictive_alpha,sinusoidal,2,21007,0.0,1.0,1.0,0.03,0.01,0.4657413254349218,1.0,1.0,1.0,0.08606137392650824,0.4657413254349218,0.10327285797930769,1.807288852456673,0.11773914884858656,0.14964577873657678,38.63450010965655,1.8397381004598357,0.019681473750199952,13.294298875656956,45.0,0.014161992624285455,0.05718802724512956,0.10327285797930769,real10kg_smc_steady,real10kg_mpc_event,-1.0,-1.0,predictive_alpha,1.0,0.22517253074908314,0.24959895507574045,0.2119466561033845,0.0,transformer,16,True,2.5,1.0,0.75,real_10kg_v1,thruster,real_10kg_x,1.0,0.07119047619047619,0.22333333333333333,0.019681473750199952,0.002650024449876833,0.008163284204150417,0.012500000000000011,0.0006796347309686157,0.09621717174083044,0.14964577873657678,,
step_recovery_10_13s,10.0,13.0,300,0.05250332191664336,0.051057580793789956,0.012236104599434161,0.9724638161915026,0.23305391264310385,0.05431412619825948,0.0468623887250304,0.08190706520382453,1.0,0.10222222222222223,0.31,0.013734311133526871,0.0011956386914391617,predictive_alpha,sinusoidal,2,21007,0.0,1.0,1.0,0.03,0.01,0.4657413254349218,1.0,1.0,1.0,0.08606137392650824,0.4657413254349218,0.10327285797930769,1.807288852456673,0.11773914884858656,0.14964577873657678,38.63450010965655,1.8397381004598357,0.019681473750199952,13.294298875656956,45.0,0.014161992624285455,0.05718802724512956,0.10327285797930769,real10kg_smc_steady,real10kg_mpc_event,-1.0,-1.0,predictive_alpha,1.0,0.22517253074908314,0.24959895507574045,0.2119466561033845,0.0,transformer,16,True,2.5,1.0,0.75,real_10kg_v1,thruster,real_10kg_x,1.0,0.07119047619047619,0.22333333333333333,0.019681473750199952,0.002650024449876833,0.008163284204150417,0.012500000000000011,0.0006796347309686157,0.09621717174083044,0.14964577873657678,,
post_step_13_20p9s,13.0,20.9,790,0.11178213943342556,0.11102922581609298,0.01295213152314418,0.9932644551164544,0.11586941875323581,0.013425722202212711,0.09522740587831198,0.42478322815467096,1.0,0.056329113924050635,0.15569620253164557,0.02192286282909326,0.003125322940294347,predictive_alpha,sinusoidal,2,21007,0.0,1.0,1.0,0.03,0.01,0.4657413254349218,1.0,1.0,1.0,0.08606137392650824,0.4657413254349218,0.10327285797930769,1.807288852456673,0.11773914884858656,0.14964577873657678,38.63450010965655,1.8397381004598357,0.019681473750199952,13.294298875656956,45.0,0.014161992624285455,0.05718802724512956,0.10327285797930769,real10kg_smc_steady,real10kg_mpc_event,-1.0,-1.0,predictive_alpha,1.0,0.22517253074908314,0.24959895507574045,0.2119466561033845,0.0,transformer,16,True,2.5,1.0,0.75,real_10kg_v1,thruster,real_10kg_x,1.0,0.07119047619047619,0.22333333333333333,0.019681473750199952,0.002650024449876833,0.008163284204150417,0.012500000000000011,0.0006796347309686157,0.09621717174083044,0.14964577873657678,,
startup_0_3s,0.0,3.0,300,0.11042154366090454,0.1081655086625207,0.02220675663475429,0.9795688873422026,0.2011089131569235,0.040444794951159,0.09613673403738393,0.1871932795825773,0.7136468011160064,0.0,0.0,0.032764490709779284,0.0044435398723987,predictive_alpha,sinusoidal,2,21008,0.0,1.0,1.0,0.03,0.01,0.46675374897164057,1.0,1.0,1.0,0.08269445358056765,0.46675374897164057,0.09846743731019102,1.7365835251919208,0.11791923768544242,0.15000487877046167,38.46691246431227,1.8317577363958224,0.019347850727658784,13.37058383249616,45.0,0.01324066806927326,0.04688793305251182,0.09846743731019102,real10kg_smc_steady,real10kg_mpc_event,-1.0,-1.0,predictive_alpha,1.0,0.22438902456245,0.24830857356090014,0.2107630989371544,0.0,transformer,16,True,2.5,1.0,0.75,real_10kg_v1,thruster,real_10kg_x,1.0,0.07285714285714286,0.23142857142857143,0.019347850727658784,0.0025703812942809417,0.008171015462015114,0.012500000000000011,0.0006882249248615627,0.09633097128182411,0.15000487877046167,,
pre_step_3_10s,3.0,10.0,700,0.075207079228706,0.07479993601982018,0.007815007200487292,0.9945863712158309,0.10391318584147809,0.01079795019172556,0.07290758107653723,0.10054089910467583,1.0,0.10642857142857143,0.37142857142857144,0.013170572170431986,0.0017546571688138175,predictive_alpha,sinusoidal,2,21008,0.0,1.0,1.0,0.03,0.01,0.46675374897164057,1.0,1.0,1.0,0.08269445358056765,0.46675374897164057,0.09846743731019102,1.7365835251919208,0.11791923768544242,0.15000487877046167,38.46691246431227,1.8317577363958224,0.019347850727658784,13.37058383249616,45.0,0.01324066806927326,0.04688793305251182,0.09846743731019102,real10kg_smc_steady,real10kg_mpc_event,-1.0,-1.0,predictive_alpha,1.0,0.22438902456245,0.24830857356090014,0.2107630989371544,0.0,transformer,16,True,2.5,1.0,0.75,real_10kg_v1,thruster,real_10kg_x,1.0,0.07285714285714286,0.23142857142857143,0.019347850727658784,0.0025703812942809417,0.008171015462015114,0.012500000000000011,0.0006882249248615627,0.09633097128182411,0.15000487877046167,,
step_recovery_10_13s,10.0,13.0,300,0.0524982462268271,0.05105818897543267,0.012211764632581652,0.9725694217446345,0.2326128110988463,0.05410871988730755,0.046759139309311165,0.08205892832488902,1.0,0.10222222222222223,0.31,0.013630099420045385,0.001217472300679069,predictive_alpha,sinusoidal,2,21008,0.0,1.0,1.0,0.03,0.01,0.46675374897164057,1.0,1.0,1.0,0.08269445358056765,0.46675374897164057,0.09846743731019102,1.7365835251919208,0.11791923768544242,0.15000487877046167,38.46691246431227,1.8317577363958224,0.019347850727658784,13.37058383249616,45.0,0.01324066806927326,0.04688793305251182,0.09846743731019102,real10kg_smc_steady,real10kg_mpc_event,-1.0,-1.0,predictive_alpha,1.0,0.22438902456245,0.24830857356090014,0.2107630989371544,0.0,transformer,16,True,2.5,1.0,0.75,real_10kg_v1,thruster,real_10kg_x,1.0,0.07285714285714286,0.23142857142857143,0.019347850727658784,0.0025703812942809417,0.008171015462015114,0.012500000000000011,0.0006882249248615627,0.09633097128182411,0.15000487877046167,,
post_step_13_20p9s,13.0,20.9,790,0.11196255680474158,0.11121208571293091,0.012941642771869979,0.9932971243849007,0.115589024949115,0.013360822688687126,0.09527578794995883,0.42590494454356076,1.0,0.056329113924050635,0.15569620253164557,0.02199348313069021,0.0031298145334385124,predictive_alpha,sinusoidal,2,21008,0.0,1.0,1.0,0.03,0.01,0.46675374897164057,1.0,1.0,1.0,0.08269445358056765,0.46675374897164057,0.09846743731019102,1.7365835251919208,0.11791923768544242,0.15000487877046167,38.46691246431227,1.8317577363958224,0.019347850727658784,13.37058383249616,45.0,0.01324066806927326,0.04688793305251182,0.09846743731019102,real10kg_smc_steady,real10kg_mpc_event,-1.0,-1.0,predictive_alpha,1.0,0.22438902456245,0.24830857356090014,0.2107630989371544,0.0,transformer,16,True,2.5,1.0,0.75,real_10kg_v1,thruster,real_10kg_x,1.0,0.07285714285714286,0.23142857142857143,0.019347850727658784,0.0025703812942809417,0.008171015462015114,0.012500000000000011,0.0006882249248615627,0.09633097128182411,0.15000487877046167,,
startup_0_3s,0.0,3.0,300,0.1124274102504459,0.10871210533426931,0.02866357844744457,0.9669537445726065,0.2549518696872312,0.06500045585701493,0.09914153429777484,0.19653613313206988,0.7327912253390678,0.0,0.0,0.03414321209349007,0.004878615063731289,predictive_alpha,sinusoidal,2,21009,0.0,1.0,1.0,0.03,0.01,0.46903270177781886,1.0,1.0,1.0,0.08318583946794553,0.46903270177781886,0.0989986502595119,1.746902628826856,0.11828209586024707,0.15073351947063057,38.46153369481541,1.8315016045150194,0.019521766910145528,13.25946648378637,45.0,0.014932918769928076,0.05581959374118567,0.0989986502595119,real10kg_smc_steady,real10kg_mpc_event,-1.0,-1.0,predictive_alpha,1.0,0.22151241959604115,0.24970503970515423,0.2056416015110777,0.0,transformer,16,True,2.5,1.0,0.75,real_10kg_v1,thruster,real_10kg_x,1.0,0.07182539682539682,0.2257142857142857,0.019521766910145528,0.0026254310208773065,0.008030287970518094,0.012500000000000011,0.0006685343517752814,0.09657916156950733,0.15073351947063057,,
pre_step_3_10s,3.0,10.0,700,0.07524746734692182,0.07482851787967668,0.007929328726756958,0.9944323778325506,0.10537668583846797,0.011104245918299175,0.07301528940487619,0.10040600046717228,1.0,0.10380952380952381,0.3557142857142857,0.012953298705017328,0.0017267479530283464,predictive_alpha,sinusoidal,2,21009,0.0,1.0,1.0,0.03,0.01,0.46903270177781886,1.0,1.0,1.0,0.08318583946794553,0.46903270177781886,0.0989986502595119,1.746902628826856,0.11828209586024707,0.15073351947063057,38.46153369481541,1.8315016045150194,0.019521766910145528,13.25946648378637,45.0,0.014932918769928076,0.05581959374118567,0.0989986502595119,real10kg_smc_steady,real10kg_mpc_event,-1.0,-1.0,predictive_alpha,1.0,0.22151241959604115,0.24970503970515423,0.2056416015110777,0.0,transformer,16,True,2.5,1.0,0.75,real_10kg_v1,thruster,real_10kg_x,1.0,0.07182539682539682,0.2257142857142857,0.019521766910145528,0.0026254310208773065,0.008030287970518094,0.012500000000000011,0.0006685343517752814,0.09657916156950733,0.15073351947063057,,
step_recovery_10_13s,10.0,13.0,300,0.052215211037962776,0.05075942588024425,0.012243730969234045,0.9721195197954844,0.23448590412346143,0.05498363923259715,0.04647097099101534,0.08155396249859984,1.0,0.10166666666666667,0.30666666666666664,0.013710826432689494,0.0012028581840850846,predictive_alpha,sinusoidal,2,21009,0.0,1.0,1.0,0.03,0.01,0.46903270177781886,1.0,1.0,1.0,0.08318583946794553,0.46903270177781886,0.0989986502595119,1.746902628826856,0.11828209586024707,0.15073351947063057,38.46153369481541,1.8315016045150194,0.019521766910145528,13.25946648378637,45.0,0.014932918769928076,0.05581959374118567,0.0989986502595119,real10kg_smc_steady,real10kg_mpc_event,-1.0,-1.0,predictive_alpha,1.0,0.22151241959604115,0.24970503970515423,0.2056416015110777,0.0,transformer,16,True,2.5,1.0,0.75,real_10kg_v1,thruster,real_10kg_x,1.0,0.07182539682539682,0.2257142857142857,0.019521766910145528,0.0026254310208773065,0.008030287970518094,0.012500000000000011,0.0006685343517752814,0.09657916156950733,0.15073351947063057,,
post_step_13_20p9s,13.0,20.9,790,0.11235592109234654,0.11160771388853724,0.012944929705642141,0.9933407407768537,0.11521359604183712,0.013274172712891623,0.09542521667507141,0.42832761995695423,1.0,0.056118143459915615,0.15569620253164557,0.022090475470529364,0.0031392127601603623,predictive_alpha,sinusoidal,2,21009,0.0,1.0,1.0,0.03,0.01,0.46903270177781886,1.0,1.0,1.0,0.08318583946794553,0.46903270177781886,0.0989986502595119,1.746902628826856,0.11828209586024707,0.15073351947063057,38.46153369481541,1.8315016045150194,0.019521766910145528,13.25946648378637,45.0,0.014932918769928076,0.05581959374118567,0.0989986502595119,real10kg_smc_steady,real10kg_mpc_event,-1.0,-1.0,predictive_alpha,1.0,0.22151241959604115,0.24970503970515423,0.2056416015110777,0.0,transformer,16,True,2.5,1.0,0.75,real_10kg_v1,thruster,real_10kg_x,1.0,0.07182539682539682,0.2257142857142857,0.019521766910145528,0.0026254310208773065,0.008030287970518094,0.012500000000000011,0.0006685343517752814,0.09657916156950733,0.15073351947063057,,
startup_0_3s,0.0,3.0,300,0.13643161908669044,0.13422019445136527,0.02446479282670288,0.9837909668584963,0.17931908299906366,0.03215533352762508,0.11715195856837482,0.2477790318095609,0.9500089709758746,0.0,0.0,0.03496416459285194,0.004440276021223823,predictive_alpha,step_change,3,21000,0.0,1.0,1.0,0.03,0.01,0.040007730878590025,1.0,1.0,1.0,0.07305833948207086,0.2477790318095609,0.08167579179404093,1.534225129123488,0.0730885209757935,0.0749796210069126,27.06339105878924,1.2887329075613922,0.02029426601666267,13.407472298904157,45.0,0.014106745144953354,0.05301960056948185,0.08167579179404093,real10kg_smc_steady,real10kg_mpc_event,-1.0,-1.0,predictive_alpha,1.0,0.19626148706194857,0.20342499288030888,0.1668309310948964,0.0,transformer,16,True,2.5,1.0,0.75,real_10kg_v1,thruster,real_10kg_x,1.0,0.012857142857142857,0.03238095238095238,0.02029426601666267,0.005337115848174068,0.008238573180903434,0.012500000000000011,0.0007745168435469948,0.06841412874261776,0.0749796210069126,,
pre_step_3_10s,3.0,10.0,700,0.07280953588562955,0.07245266194350473,0.007200020359762738,0.9950985274417159,0.09888842542648056,0.009778920683328607,0.07192694807542027,0.09642917253111837,1.0,0.03785714285714286,0.09571428571428571,0.015509539023050968,0.0023706700471301818,predictive_alpha,step_change,3,21000,0.0,1.0,1.0,0.03,0.01,0.040007730878590025,1.0,1.0,1.0,0.07305833948207086,0.2477790318095609,0.08167579179404093,1.534225129123488,0.0730885209757935,0.0749796210069126,27.06339105878924,1.2887329075613922,0.02029426601666267,13.407472298904157,45.0,0.014106745144953354,0.05301960056948185,0.08167579179404093,real10kg_smc_steady,real10kg_mpc_event,-1.0,-1.0,predictive_alpha,1.0,0.19626148706194857,0.20342499288030888,0.1668309310948964,0.0,transformer,16,True,2.5,1.0,0.75,real_10kg_v1,thruster,real_10kg_x,1.0,0.012857142857142857,0.03238095238095238,0.02029426601666267,0.005337115848174068,0.008238573180903434,0.012500000000000011,0.0007745168435469948,0.06841412874261776,0.0749796210069126,,
step_recovery_10_13s,10.0,13.0,300,0.041107935471202624,0.03829993271176987,0.014932431582915719,0.9316919537007678,0.36324936807824726,0.13195010340924596,0.03775492388658568,0.07428331736662575,1.0,0.0016666666666666668,0.0033333333333333335,0.025538646278592106,0.011923831787599726,predictive_alpha,step_change,3,21000,0.0,1.0,1.0,0.03,0.01,0.040007730878590025,1.0,1.0,1.0,0.07305833948207086,0.2477790318095609,0.08167579179404093,1.534225129123488,0.0730885209757935,0.0749796210069126,27.06339105878924,1.2887329075613922,0.02029426601666267,13.407472298904157,45.0,0.014106745144953354,0.05301960056948185,0.08167579179404093,real10kg_smc_steady,real10kg_mpc_event,-1.0,-1.0,predictive_alpha,1.0,0.19626148706194857,0.20342499288030888,0.1668309310948964,0.0,transformer,16,True,2.5,1.0,0.75,real_10kg_v1,thruster,real_10kg_x,1.0,0.012857142857142857,0.03238095238095238,0.02029426601666267,0.005337115848174068,0.008238573180903434,0.012500000000000011,0.0007745168435469948,0.06841412874261776,0.0749796210069126,,
post_step_13_20p9s,13.0,20.9,790,0.07282888272342267,0.07165529671653584,0.013021697708335115,0.9838857062884834,0.1787985373575857,0.03196891696121197,0.07112770194599455,0.0955576201503595,0.8166012123785424,0.0,0.0,0.017162515097486248,0.0026832334124292003,predictive_alpha,step_change,3,21000,0.0,1.0,1.0,0.03,0.01,0.040007730878590025,1.0,1.0,1.0,0.07305833948207086,0.2477790318095609,0.08167579179404093,1.534225129123488,0.0730885209757935,0.0749796210069126,27.06339105878924,1.2887329075613922,0.02029426601666267,13.407472298904157,45.0,0.014106745144953354,0.05301960056948185,0.08167579179404093,real10kg_smc_steady,real10kg_mpc_event,-1.0,-1.0,predictive_alpha,1.0,0.19626148706194857,0.20342499288030888,0.1668309310948964,0.0,transformer,16,True,2.5,1.0,0.75,real_10kg_v1,thruster,real_10kg_x,1.0,0.012857142857142857,0.03238095238095238,0.02029426601666267,0.005337115848174068,0.008238573180903434,0.012500000000000011,0.0007745168435469948,0.06841412874261776,0.0749796210069126,,
startup_0_3s,0.0,3.0,300,0.11761811092087257,0.11502895626725615,0.02454300789757352,0.9779867689308641,0.20866691111953667,0.043541879796168616,0.10241236733339754,0.21328087575688864,0.8416966689364255,0.0,0.0,0.03353656898032868,0.0043363826518772325,predictive_alpha,step_change,3,21001,0.0,1.0,1.0,0.03,0.01,0.04001786535019701,1.0,1.0,1.0,0.07092421143686939,0.21328087575688864,0.07735053181875548,1.489408440174257,0.07308904120869308,0.07497992098998262,26.920762483574563,1.2819410706464078,0.020106159856815128,13.458094079735442,45.0,0.014128172077513964,0.052129364374831455,0.07735053181875548,real10kg_smc_steady,real10kg_mpc_event,-1.0,-1.0,predictive_alpha,1.0,0.19558429273901212,0.20302700004432372,0.16475818120949304,0.0,transformer,16,True,2.5,1.0,0.75,real_10kg_v1,thruster,real_10kg_x,1.0,0.012857142857142857,0.03238095238095238,0.020106159856815128,0.005323253185517624,0.008236997120226545,0.012500000000000011,0.0007825811701818685,0.0683711847100266,0.07497992098998262,,
pre_step_3_10s,3.0,10.0,700,0.07267998263432533,0.07232085731717533,0.0072161951632836365,0.9950588139384008,0.09928724391130453,0.009857956803502878,0.07179898435991786,0.09632836574865214,1.0,0.03785714285714286,0.09571428571428571,0.015581881472262148,0.0023628961093578103,predictive_alpha,step_change,3,21001,0.0,1.0,1.0,0.03,0.01,0.04001786535019701,1.0,1.0,1.0,0.07092421143686939,0.21328087575688864,0.07735053181875548,1.489408440174257,0.07308904120869308,0.07497992098998262,26.920762483574563,1.2819410706464078,0.020106159856815128,13.458094079735442,45.0,0.014128172077513964,0.052129364374831455,0.07735053181875548,real10kg_smc_steady,real10kg_mpc_event,-1.0,-1.0,predictive_alpha,1.0,0.19558429273901212,0.20302700004432372,0.16475818120949304,0.0,transformer,16,True,2.5,1.0,0.75,real_10kg_v1,thruster,real_10kg_x,1.0,0.012857142857142857,0.03238095238095238,0.020106159856815128,0.005323253185517624,0.008236997120226545,0.012500000000000011,0.0007825811701818685,0.0683711847100266,0.07497992098998262,,
step_recovery_10_13s,10.0,13.0,300,0.041242026090587226,0.038445226747934096,0.01492880626026779,0.9321856948417127,0.3619804281069263,0.13102983033247365,0.03786939972457406,0.07459854809657458,1.0,0.0016666666666666668,0.0033333333333333335,0.025508830933766647,0.011930651851419711,predictive_alpha,step_change,3,21001,0.0,1.0,1.0,0.03,0.01,0.04001786535019701,1.0,1.0,1.0,0.07092421143686939,0.21328087575688864,0.07735053181875548,1.489408440174257,0.07308904120869308,0.07497992098998262,26.920762483574563,1.2819410706464078,0.020106159856815128,13.458094079735442,45.0,0.014128172077513964,0.052129364374831455,0.07735053181875548,real10kg_smc_steady,real10kg_mpc_event,-1.0,-1.0,predictive_alpha,1.0,0.19558429273901212,0.20302700004432372,0.16475818120949304,0.0,transformer,16,True,2.5,1.0,0.75,real_10kg_v1,thruster,real_10kg_x,1.0,0.012857142857142857,0.03238095238095238,0.020106159856815128,0.005323253185517624,0.008236997120226545,0.012500000000000011,0.0007825811701818685,0.0683711847100266,0.07497992098998262,,
post_step_13_20p9s,13.0,20.9,790,0.07282281412506363,0.07164917579464598,0.013021438670188611,0.9838836449192684,0.17880988020905095,0.031972973260375154,0.07112183387729916,0.09554898948536505,0.816596402227925,0.0,0.0,0.017164503062747003,0.0026920746350161014,predictive_alpha,step_change,3,21001,0.0,1.0,1.0,0.03,0.01,0.04001786535019701,1.0,1.0,1.0,0.07092421143686939,0.21328087575688864,0.07735053181875548,1.489408440174257,0.07308904120869308,0.07497992098998262,26.920762483574563,1.2819410706464078,0.020106159856815128,13.458094079735442,45.0,0.014128172077513964,0.052129364374831455,0.07735053181875548,real10kg_smc_steady,real10kg_mpc_event,-1.0,-1.0,predictive_alpha,1.0,0.19558429273901212,0.20302700004432372,0.16475818120949304,0.0,transformer,16,True,2.5,1.0,0.75,real_10kg_v1,thruster,real_10kg_x,1.0,0.012857142857142857,0.03238095238095238,0.020106159856815128,0.005323253185517624,0.008236997120226545,0.012500000000000011,0.0007825811701818685,0.0683711847100266,0.07497992098998262,,
startup_0_3s,0.0,3.0,300,0.11910963133823976,0.11559200368442565,0.028733133517789427,0.9704673113811848,0.24123266267355783,0.058193197540574546,0.10478619544855879,0.2125934891104206,0.8897704752484134,0.0,0.0,0.035761445990770774,0.00462152949829436,predictive_alpha,step_change,3,21002,0.0,1.0,1.0,0.03,0.01,0.04000703236257487,1.0,1.0,1.0,0.07129627597053793,0.2125934891104206,0.0777166381416366,1.4972217953812967,0.07307533914424516,0.07496364917519506,26.996304633461083,1.2855383158790992,0.020392067168110543,13.434879338461705,45.0,0.0152183409709109,0.05525729857009637,0.0777166381416366,real10kg_smc_steady,real10kg_mpc_event,-1.0,-1.0,predictive_alpha,1.0,0.19709171872232217,0.2043002498622353,0.16613597411867453,0.0,transformer,16,True,2.5,1.0,0.75,real_10kg_v1,thruster,real_10kg_x,1.0,0.012857142857142857,0.03238095238095238,0.020392067168110543,0.005361223131087224,0.008235150486719566,0.012500000000000011,0.0007994032274700154,0.0684251740111479,0.07496364917519506,,
pre_step_3_10s,3.0,10.0,700,0.0728593585111772,0.07249934372718776,0.007234036341305466,0.9950587708793208,0.09928767544934819,0.009858042496135097,0.07196645444657523,0.0965879643289609,1.0,0.03785714285714286,0.09571428571428571,0.015531795958163517,0.002358413484744253,predictive_alpha,step_change,3,21002,0.0,1.0,1.0,0.03,0.01,0.04000703236257487,1.0,1.0,1.0,0.07129627597053793,0.2125934891104206,0.0777166381416366,1.4972217953812967,0.07307533914424516,0.07496364917519506,26.996304633461083,1.2855383158790992,0.020392067168110543,13.434879338461705,45.0,0.0152183409709109,0.05525729857009637,0.0777166381416366,real10kg_smc_steady,real10kg_mpc_event,-1.0,-1.0,predictive_alpha,1.0,0.19709171872232217,0.2043002498622353,0.16613597411867453,0.0,transformer,16,True,2.5,1.0,0.75,real_10kg_v1,thruster,real_10kg_x,1.0,0.012857142857142857,0.03238095238095238,0.020392067168110543,0.005361223131087224,0.008235150486719566,0.012500000000000011,0.0007994032274700154,0.0684251740111479,0.07496364917519506,,
step_recovery_10_13s,10.0,13.0,300,0.04110074980681804,0.038291976097886725,0.014933057329345693,0.9316612538181632,0.36332809984085757,0.13200730813396816,0.03774474986243395,0.07425503704536433,1.0,0.0016666666666666668,0.0033333333333333335,0.025555646655002602,0.0119152711679792,predictive_alpha,step_change,3,21002,0.0,1.0,1.0,0.03,0.01,0.04000703236257487,1.0,1.0,1.0,0.07129627597053793,0.2125934891104206,0.0777166381416366,1.4972217953812967,0.07307533914424516,0.07496364917519506,26.996304633461083,1.2855383158790992,0.020392067168110543,13.434879338461705,45.0,0.0152183409709109,0.05525729857009637,0.0777166381416366,real10kg_smc_steady,real10kg_mpc_event,-1.0,-1.0,predictive_alpha,1.0,0.19709171872232217,0.2043002498622353,0.16613597411867453,0.0,transformer,16,True,2.5,1.0,0.75,real_10kg_v1,thruster,real_10kg_x,1.0,0.012857142857142857,0.03238095238095238,0.020392067168110543,0.005361223131087224,0.008235150486719566,0.012500000000000011,0.0007994032274700154,0.0684251740111479,0.07496364917519506,,
post_step_13_20p9s,13.0,20.9,790,0.07280993010785412,0.07163610207449948,0.01302132104982026,0.9838781876096319,0.17883990591024657,0.03198371194598584,0.07110848279298104,0.09554761863396978,0.8166136266563969,0.0,0.0,0.017100787833901752,0.002688048005921674,predictive_alpha,step_change,3,21002,0.0,1.0,1.0,0.03,0.01,0.04000703236257487,1.0,1.0,1.0,0.07129627597053793,0.2125934891104206,0.0777166381416366,1.4972217953812967,0.07307533914424516,0.07496364917519506,26.996304633461083,1.2855383158790992,0.020392067168110543,13.434879338461705,45.0,0.0152183409709109,0.05525729857009637,0.0777166381416366,real10kg_smc_steady,real10kg_mpc_event,-1.0,-1.0,predictive_alpha,1.0,0.19709171872232217,0.2043002498622353,0.16613597411867453,0.0,transformer,16,True,2.5,1.0,0.75,real_10kg_v1,thruster,real_10kg_x,1.0,0.012857142857142857,0.03238095238095238,0.020392067168110543,0.005361223131087224,0.008235150486719566,0.012500000000000011,0.0007994032274700154,0.0684251740111479,0.07496364917519506,,
startup_0_3s,0.0,3.0,300,0.1333374472010253,0.13104638079382622,0.02461139790677709,0.9828175320940037,0.1845797892745905,0.03406969860865224,0.11319046174593138,0.2438229769179957,0.881916821693845,0.0,0.0,0.031433143741195164,0.004075274227949081,predictive_alpha,step_change,3,21003,0.0,1.0,1.0,0.03,0.01,0.04016016172311683,1.0,1.0,1.0,0.07266778933359593,0.2438229769179957,0.08109140055316015,1.5260235760055145,0.07309938492900406,0.07499463463228148,27.0107432912226,1.2862258710105998,0.019800389196776094,13.358142904097168,45.0,0.014147406395611852,0.045217721918049014,0.08109140055316015,real10kg_smc_steady,real10kg_mpc_event,-1.0,-1.0,predictive_alpha,1.0,0.19171859627730198,0.2001050966027014,0.16476104556388843,0.0,transformer,16,True,2.5,1.0,0.75,real_10kg_v1,thruster,real_10kg_x,1.0,0.012777777777777779,0.03238095238095238,0.019800389196776094,0.005290995866067612,0.008205039729611964,0.012500000000000011,0.0008268893888913166,0.06861952088585437,0.07499463463228148,,
pre_step_3_10s,3.0,10.0,700,0.07323295489328187,0.07287961277047567,0.007185243546810197,0.9951750940089594,0.09811489318273221,0.009626532264258952,0.0722735454586229,0.09698113613480887,1.0,0.03761904761904762,0.09571428571428571,0.015717656735808192,0.002374312717681097,predictive_alpha,step_change,3,21003,0.0,1.0,1.0,0.03,0.01,0.04016016172311683,1.0,1.0,1.0,0.07266778933359593,0.2438229769179957,0.08109140055316015,1.5260235760055145,0.07309938492900406,0.07499463463228148,27.0107432912226,1.2862258710105998,0.019800389196776094,13.358142904097168,45.0,0.014147406395611852,0.045217721918049014,0.08109140055316015,real10kg_smc_steady,real10kg_mpc_event,-1.0,-1.0,predictive_alpha,1.0,0.19171859627730198,0.2001050966027014,0.16476104556388843,0.0,transformer,16,True,2.5,1.0,0.75,real_10kg_v1,thruster,real_10kg_x,1.0,0.012777777777777779,0.03238095238095238,0.019800389196776094,0.005290995866067612,0.008205039729611964,0.012500000000000011,0.0008268893888913166,0.06861952088585437,0.07499463463228148,,
step_recovery_10_13s,10.0,13.0,300,0.041606718151656716,0.038806652454383805,0.015005423040889856,0.9327015967213118,0.36064904196949654,0.13006773147351566,0.03827584460569522,0.075066898650426,1.0,0.0016666666666666668,0.0033333333333333335,0.02517413126826108,0.011965967157415098,predictive_alpha,step_change,3,21003,0.0,1.0,1.0,0.03,0.01,0.04016016172311683,1.0,1.0,1.0,0.07266778933359593,0.2438229769179957,0.08109140055316015,1.5260235760055145,0.07309938492900406,0.07499463463228148,27.0107432912226,1.2862258710105998,0.019800389196776094,13.358142904097168,45.0,0.014147406395611852,0.045217721918049014,0.08109140055316015,real10kg_smc_steady,real10kg_mpc_event,-1.0,-1.0,predictive_alpha,1.0,0.19171859627730198,0.2001050966027014,0.16476104556388843,0.0,transformer,16,True,2.5,1.0,0.75,real_10kg_v1,thruster,real_10kg_x,1.0,0.012777777777777779,0.03238095238095238,0.019800389196776094,0.005290995866067612,0.008205039729611964,0.012500000000000011,0.0008268893888913166,0.06861952088585437,0.07499463463228148,,
post_step_13_20p9s,13.0,20.9,790,0.07278442154833574,0.07161168390867208,0.01301302224274888,0.9838875185827388,0.17878856444722863,0.031965350777100825,0.07108721340938876,0.09547060839084062,0.8165556933166775,0.0,0.0,0.017163656364004538,0.0027159577601361907,predictive_alpha,step_change,3,21003,0.0,1.0,1.0,0.03,0.01,0.04016016172311683,1.0,1.0,1.0,0.07266778933359593,0.2438229769179957,0.08109140055316015,1.5260235760055145,0.07309938492900406,0.07499463463228148,27.0107432912226,1.2862258710105998,0.019800389196776094,13.358142904097168,45.0,0.014147406395611852,0.045217721918049014,0.08109140055316015,real10kg_smc_steady,real10kg_mpc_event,-1.0,-1.0,predictive_alpha,1.0,0.19171859627730198,0.2001050966027014,0.16476104556388843,0.0,transformer,16,True,2.5,1.0,0.75,real_10kg_v1,thruster,real_10kg_x,1.0,0.012777777777777779,0.03238095238095238,0.019800389196776094,0.005290995866067612,0.008205039729611964,0.012500000000000011,0.0008268893888913166,0.06861952088585437,0.07499463463228148,,
startup_0_3s,0.0,3.0,300,0.11703730609482178,0.11489672824940744,0.02228167084208058,0.9817102946330627,0.1903809271210354,0.03624489741146499,0.10105556822819989,0.2144420250904397,0.8560864304474631,0.0,0.0,0.03236873335940259,0.004171818194605614,predictive_alpha,step_change,3,21004,0.0,1.0,1.0,0.03,0.01,0.040009129681727054,1.0,1.0,1.0,0.07088732340650972,0.2144420250904397,0.07738378490325676,1.488633791536704,0.07296773122631157,0.07486907050154736,26.99482448796283,1.2854678327601348,0.01989675076041173,13.376020219441775,45.0,0.013572142851583188,0.04555728836890388,0.07738378490325676,real10kg_smc_steady,real10kg_mpc_event,-1.0,-1.0,predictive_alpha,1.0,0.1929575931131766,0.20099364113969456,0.16446000996431048,0.0,transformer,16,True,2.5,1.0,0.75,real_10kg_v1,thruster,real_10kg_x,1.0,0.012777777777777779,0.03238095238095238,0.01989675076041173,0.005287092498912053,0.008154926597239402,0.012500000000000011,0.0008276040736491033,0.06858087700389659,0.07486907050154736,,
pre_step_3_10s,3.0,10.0,700,0.07332402643480108,0.07296800104091143,0.007216902154314929,0.9951444920416881,0.09842479341654974,0.009687439959090494,0.07233460914204311,0.09753918302477624,1.0,0.03761904761904762,0.09571428571428571,0.015580568160899833,0.0023574598934901552,predictive_alpha,step_change,3,21004,0.0,1.0,1.0,0.03,0.01,0.040009129681727054,1.0,1.0,1.0,0.07088732340650972,0.2144420250904397,0.07738378490325676,1.488633791536704,0.07296773122631157,0.07486907050154736,26.99482448796283,1.2854678327601348,0.01989675076041173,13.376020219441775,45.0,0.013572142851583188,0.04555728836890388,0.07738378490325676,real10kg_smc_steady,real10kg_mpc_event,-1.0,-1.0,predictive_alpha,1.0,0.1929575931131766,0.20099364113969456,0.16446000996431048,0.0,transformer,16,True,2.5,1.0,0.75,real_10kg_v1,thruster,real_10kg_x,1.0,0.012777777777777779,0.03238095238095238,0.01989675076041173,0.005287092498912053,0.008154926597239402,0.012500000000000011,0.0008276040736491033,0.06858087700389659,0.07486907050154736,,
step_recovery_10_13s,10.0,13.0,300,0.04138444852073313,0.0385996974385248,0.01492434042159158,0.9327102043944552,0.3606267802291641,0.13005167461845382,0.03805660502492491,0.07508107604671357,1.0,0.0016666666666666668,0.0033333333333333335,0.02498340528202412,0.011901442523718506,predictive_alpha,step_change,3,21004,0.0,1.0,1.0,0.03,0.01,0.040009129681727054,1.0,1.0,1.0,0.07088732340650972,0.2144420250904397,0.07738378490325676,1.488633791536704,0.07296773122631157,0.07486907050154736,26.99482448796283,1.2854678327601348,0.01989675076041173,13.376020219441775,45.0,0.013572142851583188,0.04555728836890388,0.07738378490325676,real10kg_smc_steady,real10kg_mpc_event,-1.0,-1.0,predictive_alpha,1.0,0.1929575931131766,0.20099364113969456,0.16446000996431048,0.0,transformer,16,True,2.5,1.0,0.75,real_10kg_v1,thruster,real_10kg_x,1.0,0.012777777777777779,0.03238095238095238,0.01989675076041173,0.005287092498912053,0.008154926597239402,0.012500000000000011,0.0008276040736491033,0.06858087700389659,0.07486907050154736,,
post_step_13_20p9s,13.0,20.9,790,0.07266923577719643,0.07149647291728221,0.013002776197031862,0.9838616321284855,0.17893096105893172,0.03201628882547294,0.07099346354761343,0.09553703173890886,0.816269676827766,0.0,0.0,0.017287879551706704,0.002673489094285467,predictive_alpha,step_change,3,21004,0.0,1.0,1.0,0.03,0.01,0.040009129681727054,1.0,1.0,1.0,0.07088732340650972,0.2144420250904397,0.07738378490325676,1.488633791536704,0.07296773122631157,0.07486907050154736,26.99482448796283,1.2854678327601348,0.01989675076041173,13.376020219441775,45.0,0.013572142851583188,0.04555728836890388,0.07738378490325676,real10kg_smc_steady,real10kg_mpc_event,-1.0,-1.0,predictive_alpha,1.0,0.1929575931131766,0.20099364113969456,0.16446000996431048,0.0,transformer,16,True,2.5,1.0,0.75,real_10kg_v1,thruster,real_10kg_x,1.0,0.012777777777777779,0.03238095238095238,0.01989675076041173,0.005287092498912053,0.008154926597239402,0.012500000000000011,0.0008276040736491033,0.06858087700389659,0.07486907050154736,,
startup_0_3s,0.0,3.0,300,0.11685711085731501,0.11388609860034409,0.02618283604790582,0.9745756827703999,0.22405856054301745,0.05020223855260903,0.10231378012011057,0.21029689558241405,0.8686082752619786,0.0,0.0,0.034604317863151005,0.004527196350700131,predictive_alpha,step_change,3,21005,0.0,1.0,1.0,0.03,0.01,0.040031280553353664,1.0,1.0,1.0,0.0709516142218428,0.21029689558241405,0.0772293001089494,1.4899838986586988,0.07308143531162767,0.07497007709565862,26.961185401689374,1.2838659715090177,0.020232923346458598,13.44059009332892,45.0,0.014548554560236866,0.05356760174898523,0.0772293001089494,real10kg_smc_steady,real10kg_mpc_event,-1.0,-1.0,predictive_alpha,1.0,0.19606513213043086,0.20356074606107658,0.16549001179671557,0.0,transformer,16,True,2.5,1.0,0.75,real_10kg_v1,thruster,real_10kg_x,1.0,0.012857142857142857,0.03238095238095238,0.020232923346458598,0.005346381525051063,0.008242833463072996,0.012500000000000011,0.000816795253576506,0.06842875761124168,0.07497007709565862,,
pre_step_3_10s,3.0,10.0,700,0.07282611292778898,0.07246688605751156,0.007224482631906081,0.9950673342866231,0.09920181568758922,0.009841000235714423,0.07191886982898812,0.0967209886013523,1.0,0.03785714285714286,0.09571428571428571,0.015562546098609112,0.002355643512012067,predictive_alpha,step_change,3,21005,0.0,1.0,1.0,0.03,0.01,0.040031280553353664,1.0,1.0,1.0,0.0709516142218428,0.21029689558241405,0.0772293001089494,1.4899838986586988,0.07308143531162767,0.07497007709565862,26.961185401689374,1.2838659715090177,0.020232923346458598,13.44059009332892,45.0,0.014548554560236866,0.05356760174898523,0.0772293001089494,real10kg_smc_steady,real10kg_mpc_event,-1.0,-1.0,predictive_alpha,1.0,0.19606513213043086,0.20356074606107658,0.16549001179671557,0.0,transformer,16,True,2.5,1.0,0.75,real_10kg_v1,thruster,real_10kg_x,1.0,0.012857142857142857,0.03238095238095238,0.020232923346458598,0.005346381525051063,0.008242833463072996,0.012500000000000011,0.000816795253576506,0.06842875761124168,0.07497007709565862,,
step_recovery_10_13s,10.0,13.0,300,0.04129884659160731,0.03849360192466811,0.014961194493164732,0.9320745033225872,0.36226664248306445,0.13123712025595247,0.03792927445449489,0.07462154182509666,1.0,0.0016666666666666668,0.0033333333333333335,0.025494937575954404,0.01193499154213873,predictive_alpha,step_change,3,21005,0.0,1.0,1.0,0.03,0.01,0.040031280553353664,1.0,1.0,1.0,0.0709516142218428,0.21029689558241405,0.0772293001089494,1.4899838986586988,0.07308143531162767,0.07497007709565862,26.961185401689374,1.2838659715090177,0.020232923346458598,13.44059009332892,45.0,0.014548554560236866,0.05356760174898523,0.0772293001089494,real10kg_smc_steady,real10kg_mpc_event,-1.0,-1.0,predictive_alpha,1.0,0.19606513213043086,0.20356074606107658,0.16549001179671557,0.0,transformer,16,True,2.5,1.0,0.75,real_10kg_v1,thruster,real_10kg_x,1.0,0.012857142857142857,0.03238095238095238,0.020232923346458598,0.005346381525051063,0.008242833463072996,0.012500000000000011,0.000816795253576506,0.06842875761124168,0.07497007709565862,,
post_step_13_20p9s,13.0,20.9,790,0.07280436455482649,0.07163045300528152,0.01302127875787284,0.9838758080408636,0.17885299648576644,0.03198839435193758,0.07110302177409335,0.09552542012551749,0.8166029719641101,0.0,0.0,0.017121918348420445,0.00269064272308758,predictive_alpha,step_change,3,21005,0.0,1.0,1.0,0.03,0.01,0.040031280553353664,1.0,1.0,1.0,0.0709516142218428,0.21029689558241405,0.0772293001089494,1.4899838986586988,0.07308143531162767,0.07497007709565862,26.961185401689374,1.2838659715090177,0.020232923346458598,13.44059009332892,45.0,0.014548554560236866,0.05356760174898523,0.0772293001089494,real10kg_smc_steady,real10kg_mpc_event,-1.0,-1.0,predictive_alpha,1.0,0.19606513213043086,0.20356074606107658,0.16549001179671557,0.0,transformer,16,True,2.5,1.0,0.75,real_10kg_v1,thruster,real_10kg_x,1.0,0.012857142857142857,0.03238095238095238,0.020232923346458598,0.005346381525051063,0.008242833463072996,0.012500000000000011,0.000816795253576506,0.06842875761124168,0.07497007709565862,,
startup_0_3s,0.0,3.0,300,0.12251713148597422,0.11667285174974426,0.03738840959620634,0.952298265023459,0.3051688293933536,0.09312801443330977,0.1085798948274703,0.21416612134697738,0.8693010347201174,0.0,0.0,0.03758081547524747,0.004730255103700672,predictive_alpha,step_change,3,21006,0.0,1.0,1.0,0.03,0.01,0.03959455842853784,1.0,1.0,1.0,0.07176135463147432,0.21416612134697738,0.07835780314441057,1.5069884472609607,0.07287560329928107,0.0747630985104587,26.998384147716862,1.2856373403674695,0.020701454543898892,13.466135190949897,45.0,0.017711571823722135,0.0803860378836152,0.07835780314441057,real10kg_smc_steady,real10kg_mpc_event,-1.0,-1.0,predictive_alpha,1.0,0.1983810589358124,0.2046129581396691,0.16533641740713004,0.0,transformer,16,True,2.5,1.0,0.75,real_10kg_v1,thruster,real_10kg_x,1.0,0.01246031746031746,0.03190476190476191,0.020701454543898892,0.005356733077723208,0.0082662634838486,0.012500000000000011,0.0007688754974851533,0.0682753856180687,0.0747630985104587,,
pre_step_3_10s,3.0,10.0,700,0.07272225344685349,0.07235930636972314,0.007256509359253864,0.9950091332442608,0.09978389028548229,0.009956824760505165,0.0719069556788625,0.09381875535830846,1.0,0.036904761904761905,0.09428571428571429,0.015560154310873885,0.0023512359647432004,predictive_alpha,step_change,3,21006,0.0,1.0,1.0,0.03,0.01,0.03959455842853784,1.0,1.0,1.0,0.07176135463147432,0.21416612134697738,0.07835780314441057,1.5069884472609607,0.07287560329928107,0.0747630985104587,26.998384147716862,1.2856373403674695,0.020701454543898892,13.466135190949897,45.0,0.017711571823722135,0.0803860378836152,0.07835780314441057,real10kg_smc_steady,real10kg_mpc_event,-1.0,-1.0,predictive_alpha,1.0,0.1983810589358124,0.2046129581396691,0.16533641740713004,0.0,transformer,16,True,2.5,1.0,0.75,real_10kg_v1,thruster,real_10kg_x,1.0,0.01246031746031746,0.03190476190476191,0.020701454543898892,0.005356733077723208,0.0082662634838486,0.012500000000000011,0.0007688754974851533,0.0682753856180687,0.0747630985104587,,
step_recovery_10_13s,10.0,13.0,300,0.04100856268973369,0.03816786435133816,0.014997211231948018,0.930729141621277,0.36570926285359673,0.1337432649369211,0.037695012530787345,0.07443494555417429,1.0,0.0011111111111111111,0.0033333333333333335,0.025174238943248335,0.011769979333166768,predictive_alpha,step_change,3,21006,0.0,1.0,1.0,0.03,0.01,0.03959455842853784,1.0,1.0,1.0,0.07176135463147432,0.21416612134697738,0.07835780314441057,1.5069884472609607,0.07287560329928107,0.0747630985104587,26.998384147716862,1.2856373403674695,0.020701454543898892,13.466135190949897,45.0,0.017711571823722135,0.0803860378836152,0.07835780314441057,real10kg_smc_steady,real10kg_mpc_event,-1.0,-1.0,predictive_alpha,1.0,0.1983810589358124,0.2046129581396691,0.16533641740713004,0.0,transformer,16,True,2.5,1.0,0.75,real_10kg_v1,thruster,real_10kg_x,1.0,0.01246031746031746,0.03190476190476191,0.020701454543898892,0.005356733077723208,0.0082662634838486,0.012500000000000011,0.0007688754974851533,0.0682753856180687,0.0747630985104587,,
post_step_13_20p9s,13.0,20.9,790,0.07263367276542516,0.07145617943197836,0.013025545684529943,0.9837886026051638,0.17933205342096262,0.03215998538417899,0.07098134001588334,0.09567895387867298,0.8157699317050979,0.0,0.0,0.017372568329009092,0.0026988995433262415,predictive_alpha,step_change,3,21006,0.0,1.0,1.0,0.03,0.01,0.03959455842853784,1.0,1.0,1.0,0.07176135463147432,0.21416612134697738,0.07835780314441057,1.5069884472609607,0.07287560329928107,0.0747630985104587,26.998384147716862,1.2856373403674695,0.020701454543898892,13.466135190949897,45.0,0.017711571823722135,0.0803860378836152,0.07835780314441057,real10kg_smc_steady,real10kg_mpc_event,-1.0,-1.0,predictive_alpha,1.0,0.1983810589358124,0.2046129581396691,0.16533641740713004,0.0,transformer,16,True,2.5,1.0,0.75,real_10kg_v1,thruster,real_10kg_x,1.0,0.01246031746031746,0.03190476190476191,0.020701454543898892,0.005356733077723208,0.0082662634838486,0.012500000000000011,0.0007688754974851533,0.0682753856180687,0.0747630985104587,,
startup_0_3s,0.0,3.0,300,0.1381097194765851,0.1357353713990038,0.025499089495029544,0.9828082477715564,0.18462921792663997,0.03408794811220272,0.11894254837999327,0.2504392992686608,0.9500257816225478,0.0,0.0,0.035374708900873866,0.004480940953207418,predictive_alpha,step_change,3,21007,0.0,1.0,1.0,0.03,0.01,0.040131493698802145,1.0,1.0,1.0,0.07335614861874504,0.2504392992686608,0.08210546918134909,1.5404791209936457,0.07306765343425517,0.07496219447140416,27.05642571345912,1.2884012244504344,0.02035852113916827,13.385311828600866,45.0,0.014371141912219557,0.055112901472448295,0.08210546918134909,real10kg_smc_steady,real10kg_mpc_event,-1.0,-1.0,predictive_alpha,1.0,0.19677555357461565,0.20334397160617493,0.16733631901165824,0.0,transformer,16,True,2.5,1.0,0.75,real_10kg_v1,thruster,real_10kg_x,1.0,0.01246031746031746,0.03190476190476191,0.02035852113916827,0.0053403085108414865,0.00823298920570716,0.012500000000000011,0.0007989288820180431,0.06845297884013184,0.07496219447140416,,
pre_step_3_10s,3.0,10.0,700,0.07296629777154941,0.07260946360816997,0.007207385449679664,0.9951096030047099,0.09877691029693336,0.00975687800780842,0.07210561489535826,0.095631757752639,1.0,0.036904761904761905,0.09428571428571429,0.015563921302961664,0.0023623192729723772,predictive_alpha,step_change,3,21007,0.0,1.0,1.0,0.03,0.01,0.040131493698802145,1.0,1.0,1.0,0.07335614861874504,0.2504392992686608,0.08210546918134909,1.5404791209936457,0.07306765343425517,0.07496219447140416,27.05642571345912,1.2884012244504344,0.02035852113916827,13.385311828600866,45.0,0.014371141912219557,0.055112901472448295,0.08210546918134909,real10kg_smc_steady,real10kg_mpc_event,-1.0,-1.0,predictive_alpha,1.0,0.19677555357461565,0.20334397160617493,0.16733631901165824,0.0,transformer,16,True,2.5,1.0,0.75,real_10kg_v1,thruster,real_10kg_x,1.0,0.01246031746031746,0.03190476190476191,0.02035852113916827,0.0053403085108414865,0.00823298920570716,0.012500000000000011,0.0007989288820180431,0.06845297884013184,0.07496219447140416,,
step_recovery_10_13s,10.0,13.0,300,0.041024635744151335,0.038189328148834134,0.014986525730834472,0.9308876838541725,0.3653055160391283,0.1334481200486138,0.037694053677290465,0.07424084525601786,1.0,0.0011111111111111111,0.0033333333333333335,0.02533383237330223,0.011878988746293135,predictive_alpha,step_change,3,21007,0.0,1.0,1.0,0.03,0.01,0.040131493698802145,1.0,1.0,1.0,0.07335614861874504,0.2504392992686608,0.08210546918134909,1.5404791209936457,0.07306765343425517,0.07496219447140416,27.05642571345912,1.2884012244504344,0.02035852113916827,13.385311828600866,45.0,0.014371141912219557,0.055112901472448295,0.08210546918134909,real10kg_smc_steady,real10kg_mpc_event,-1.0,-1.0,predictive_alpha,1.0,0.19677555357461565,0.20334397160617493,0.16733631901165824,0.0,transformer,16,True,2.5,1.0,0.75,real_10kg_v1,thruster,real_10kg_x,1.0,0.01246031746031746,0.03190476190476191,0.02035852113916827,0.0053403085108414865,0.00823298920570716,0.012500000000000011,0.0007989288820180431,0.06845297884013184,0.07496219447140416,,
post_step_13_20p9s,13.0,20.9,790,0.07279002644305409,0.07161779925517016,0.01301071786746072,0.9838957719186845,0.17874313972999323,0.03194911000053589,0.07110268088241431,0.0953123988978161,0.8165442035475273,0.0,0.0,0.017206741684855354,0.002701314997488616,predictive_alpha,step_change,3,21007,0.0,1.0,1.0,0.03,0.01,0.040131493698802145,1.0,1.0,1.0,0.07335614861874504,0.2504392992686608,0.08210546918134909,1.5404791209936457,0.07306765343425517,0.07496219447140416,27.05642571345912,1.2884012244504344,0.02035852113916827,13.385311828600866,45.0,0.014371141912219557,0.055112901472448295,0.08210546918134909,real10kg_smc_steady,real10kg_mpc_event,-1.0,-1.0,predictive_alpha,1.0,0.19677555357461565,0.20334397160617493,0.16733631901165824,0.0,transformer,16,True,2.5,1.0,0.75,real_10kg_v1,thruster,real_10kg_x,1.0,0.01246031746031746,0.03190476190476191,0.02035852113916827,0.0053403085108414865,0.00823298920570716,0.012500000000000011,0.0007989288820180431,0.06845297884013184,0.07496219447140416,,
startup_0_3s,0.0,3.0,300,0.11442106972873646,0.11224623945869366,0.02220276841409592,0.980992746570201,0.19404440516709984,0.0376532311766536,0.09845692402497942,0.21057166758316145,0.826651776006431,0.0,0.0,0.03199476613737948,0.0042238066426456096,predictive_alpha,step_change,3,21008,0.0,1.0,1.0,0.03,0.01,0.03983031897467677,1.0,1.0,1.0,0.0704671539040004,0.21057166758316145,0.07676704991199365,1.4798102319840087,0.07290109320812069,0.07479045148192424,26.9465306000886,1.283168123813743,0.019872369343270562,13.39997396499745,45.0,0.013559944113638797,0.045982962186673304,0.07676704991199365,real10kg_smc_steady,real10kg_mpc_event,-1.0,-1.0,predictive_alpha,1.0,0.1930838339759395,0.2011940324997174,0.16342009557890594,0.0,transformer,16,True,2.5,1.0,0.75,real_10kg_v1,thruster,real_10kg_x,1.0,0.012777777777777779,0.03238095238095238,0.019872369343270562,0.005299096109721786,0.008186889895358058,0.012500000000000011,0.0007788556325625139,0.06850800253433328,0.07479045148192424,,
pre_step_3_10s,3.0,10.0,700,0.07322016754704185,0.07286130320981034,0.007240402625887659,0.9950988320669856,0.0988853599827658,0.00977831441892118,0.07224956531535134,0.09717126729369545,1.0,0.03761904761904762,0.09571428571428571,0.015623890141290054,0.0023791659883742548,predictive_alpha,step_change,3,21008,0.0,1.0,1.0,0.03,0.01,0.03983031897467677,1.0,1.0,1.0,0.0704671539040004,0.21057166758316145,0.07676704991199365,1.4798102319840087,0.07290109320812069,0.07479045148192424,26.9465306000886,1.283168123813743,0.019872369343270562,13.39997396499745,45.0,0.013559944113638797,0.045982962186673304,0.07676704991199365,real10kg_smc_steady,real10kg_mpc_event,-1.0,-1.0,predictive_alpha,1.0,0.1930838339759395,0.2011940324997174,0.16342009557890594,0.0,transformer,16,True,2.5,1.0,0.75,real_10kg_v1,thruster,real_10kg_x,1.0,0.012777777777777779,0.03238095238095238,0.019872369343270562,0.005299096109721786,0.008186889895358058,0.012500000000000011,0.0007788556325625139,0.06850800253433328,0.07479045148192424,,
step_recovery_10_13s,10.0,13.0,300,0.04136813384302963,0.03859009161325213,0.0149039366254564,0.932845841189774,0.36027577850161246,0.12979863657494292,0.0380337320738164,0.07516079368766573,1.0,0.0016666666666666668,0.0033333333333333335,0.024978461854827865,0.011882587675406333,predictive_alpha,step_change,3,21008,0.0,1.0,1.0,0.03,0.01,0.03983031897467677,1.0,1.0,1.0,0.0704671539040004,0.21057166758316145,0.07676704991199365,1.4798102319840087,0.07290109320812069,0.07479045148192424,26.9465306000886,1.283168123813743,0.019872369343270562,13.39997396499745,45.0,0.013559944113638797,0.045982962186673304,0.07676704991199365,real10kg_smc_steady,real10kg_mpc_event,-1.0,-1.0,predictive_alpha,1.0,0.1930838339759395,0.2011940324997174,0.16342009557890594,0.0,transformer,16,True,2.5,1.0,0.75,real_10kg_v1,thruster,real_10kg_x,1.0,0.012777777777777779,0.03238095238095238,0.019872369343270562,0.005299096109721786,0.008186889895358058,0.012500000000000011,0.0007788556325625139,0.06850800253433328,0.07479045148192424,,
post_step_13_20p9s,13.0,20.9,790,0.07261035500676773,0.07143349496422008,0.01301996357159206,0.9837921183219948,0.17931276565688903,0.03215306792752241,0.07094998338999645,0.09569585048538401,0.815970844169192,0.0,0.0,0.017323097404679574,0.00268247366386904,predictive_alpha,step_change,3,21008,0.0,1.0,1.0,0.03,0.01,0.03983031897467677,1.0,1.0,1.0,0.0704671539040004,0.21057166758316145,0.07676704991199365,1.4798102319840087,0.07290109320812069,0.07479045148192424,26.9465306000886,1.283168123813743,0.019872369343270562,13.39997396499745,45.0,0.013559944113638797,0.045982962186673304,0.07676704991199365,real10kg_smc_steady,real10kg_mpc_event,-1.0,-1.0,predictive_alpha,1.0,0.1930838339759395,0.2011940324997174,0.16342009557890594,0.0,transformer,16,True,2.5,1.0,0.75,real_10kg_v1,thruster,real_10kg_x,1.0,0.012777777777777779,0.03238095238095238,0.019872369343270562,0.005299096109721786,0.008186889895358058,0.012500000000000011,0.0007788556325625139,0.06850800253433328,0.07479045148192424,,
startup_0_3s,0.0,3.0,300,0.11015458502777392,0.10658307723792147,0.02782229769692539,0.9675773115667229,0.25257503071624654,0.06379414614131289,0.09761588010286568,0.19638883699892942,0.8570226967731351,0.0,0.0,0.0349144160812246,0.004499933863336176,predictive_alpha,step_change,3,21009,0.0,1.0,1.0,0.03,0.01,0.04007931951178882,1.0,1.0,1.0,0.07028183482516277,0.19638883699892942,0.07581429327990911,1.4759185313284184,0.0730848771949713,0.07497506093481392,26.958341957336245,1.2837305693969638,0.020275762677312837,13.449850742037274,45.0,0.014970246221510412,0.053344262545301946,0.07581429327990911,real10kg_smc_steady,real10kg_mpc_event,-1.0,-1.0,predictive_alpha,1.0,0.19644246481274036,0.20385200131133457,0.16497244799240782,0.0,transformer,16,True,2.5,1.0,0.75,real_10kg_v1,thruster,real_10kg_x,1.0,0.012857142857142857,0.03238095238095238,0.020275762677312837,0.005341431087392345,0.008228528509385822,0.012500000000000011,0.0008115928261979345,0.06843563503526924,0.07497506093481392,,
pre_step_3_10s,3.0,10.0,700,0.07284076131259726,0.07248134933281249,0.007227067696761019,0.9950657849628679,0.09921735531766267,0.009844083596231325,0.07193549288479127,0.09676374941749005,1.0,0.03785714285714286,0.09571428571428571,0.015530352933293499,0.002348753386725128,predictive_alpha,step_change,3,21009,0.0,1.0,1.0,0.03,0.01,0.04007931951178882,1.0,1.0,1.0,0.07028183482516277,0.19638883699892942,0.07581429327990911,1.4759185313284184,0.0730848771949713,0.07497506093481392,26.958341957336245,1.2837305693969638,0.020275762677312837,13.449850742037274,45.0,0.014970246221510412,0.053344262545301946,0.07581429327990911,real10kg_smc_steady,real10kg_mpc_event,-1.0,-1.0,predictive_alpha,1.0,0.19644246481274036,0.20385200131133457,0.16497244799240782,0.0,transformer,16,True,2.5,1.0,0.75,real_10kg_v1,thruster,real_10kg_x,1.0,0.012857142857142857,0.03238095238095238,0.020275762677312837,0.005341431087392345,0.008228528509385822,0.012500000000000011,0.0008115928261979345,0.06843563503526924,0.07497506093481392,,
step_recovery_10_13s,10.0,13.0,300,0.041218589154498796,0.03842380246102769,0.014919232430768288,0.9321959642287739,0.36195398088097663,0.1310106842755864,0.03784444446577915,0.07458680435058794,1.0,0.0016666666666666668,0.0033333333333333335,0.02551216847395724,0.011923885325693854,predictive_alpha,step_change,3,21009,0.0,1.0,1.0,0.03,0.01,0.04007931951178882,1.0,1.0,1.0,0.07028183482516277,0.19638883699892942,0.07581429327990911,1.4759185313284184,0.0730848771949713,0.07497506093481392,26.958341957336245,1.2837305693969638,0.020275762677312837,13.449850742037274,45.0,0.014970246221510412,0.053344262545301946,0.07581429327990911,real10kg_smc_steady,real10kg_mpc_event,-1.0,-1.0,predictive_alpha,1.0,0.19644246481274036,0.20385200131133457,0.16497244799240782,0.0,transformer,16,True,2.5,1.0,0.75,real_10kg_v1,thruster,real_10kg_x,1.0,0.012857142857142857,0.03238095238095238,0.020275762677312837,0.005341431087392345,0.008228528509385822,0.012500000000000011,0.0008115928261979345,0.06843563503526924,0.07497506093481392,,
post_step_13_20p9s,13.0,20.9,790,0.07282304430254341,0.07165013480004954,0.013017448468303182,0.9838937040640459,0.1787545219096057,0.0319531791031317,0.07112350074940015,0.09548420620675355,0.8165975364013869,0.0,0.0,0.017127819545685635,0.0026976325712762587,predictive_alpha,step_change,3,21009,0.0,1.0,1.0,0.03,0.01,0.04007931951178882,1.0,1.0,1.0,0.07028183482516277,0.19638883699892942,0.07581429327990911,1.4759185313284184,0.0730848771949713,0.07497506093481392,26.958341957336245,1.2837305693969638,0.020275762677312837,13.449850742037274,45.0,0.014970246221510412,0.053344262545301946,0.07581429327990911,real10kg_smc_steady,real10kg_mpc_event,-1.0,-1.0,predictive_alpha,1.0,0.19644246481274036,0.20385200131133457,0.16497244799240782,0.0,transformer,16,True,2.5,1.0,0.75,real_10kg_v1,thruster,real_10kg_x,1.0,0.012857142857142857,0.03238095238095238,0.020275762677312837,0.005341431087392345,0.008228528509385822,0.012500000000000011,0.0008115928261979345,0.06843563503526924,0.07497506093481392,,
