window,window_start_s,window_end_s,n_steps,rmse_3d,xy_rmse,z_rmse,xy_share,z_share,z_energy_share,mean_error,max_error,window_action_peak_abs,window_action_saturation_fraction,window_action_saturation_step_fraction,window_action_tv_mean,window_action_jerk_mean,method,scenario,scenario_id,seed,start_time,mass_scale_xy,damping_scale_xy,initial_position_std,initial_velocity_std,final_error,success_0.5m,success_1.0m,success_2.0m,episode_mean_error,episode_max_error,rmse,iae,steady_state_error,steady_state_rmse,energy,mean_thrust,control_tv,heading_rmse_deg,heading_max_deg,episode_z_rmse,z_max_abs_error,episode_rmse_3d,primary_controller,authority_controller,authority_until,blend_duration,blend_curve,authority_active_fraction,authority_alpha_mean,authority_alpha_std,alpha_raw_mean,alpha_uncertainty_std,policy_architecture,history_len,trajectory3d,current_amplitude_scale,current_frequency_scale,vertical_current,vehicle_profile,action_mode,thruster_layout,action_peak_abs,action_saturation_fraction,action_saturation_step_fraction,action_tv_mean,action_jerk_mean,alpha_delta_mean,alpha_delta_max,alpha_jerk_mean,post_startup_rmse,tail_rmse,disturbance_window_rmse,disturbance_recovery_time_s
startup_0_3s,0.0,3.0,300,0.12300145330807702,0.1206647767055409,0.02386145801289194,0.9810028537086994,0.19399330147040672,0.0376334010153881,0.10656345199397475,0.22421366301788878,0.9257983307259254,0.0,0.0,0.0334733864502536,0.00449864734225582,predictive_alpha,constant,1,20000,0.0,1.0,1.0,0.03,0.01,0.04516824610787943,1.0,1.0,1.0,0.09025071417422688,0.2313652674301271,0.10089587780115189,1.8952649976587645,0.07787076606467447,0.07958630971020356,30.625707426941894,1.4583670203305663,0.018928278142576745,14.728532222322585,45.0,0.013843953678545639,0.049026161975161464,0.10089587780115189,real10kg_smc_steady,real10kg_mpc_event,-1.0,-1.0,predictive_alpha,1.0,0.2534144150222329,0.2866347068337084,0.22498890860931992,0.0,transformer,16,True,2.5,1.0,0.75,real_10kg_v1,thruster,real_10kg_x,1.0,0.046507936507936505,0.13285714285714287,0.018928278142576745,0.0026697128616254644,0.008400637325287282,0.012500000000000011,0.0006791546589013629,0.09672167077492318,0.07958630971020356,,
pre_step_3_10s,3.0,10.0,700,0.06730051054198366,0.06692794194972292,0.0070717257855613365,0.9944641045177759,0.10507685199727906,0.01104114482565809,0.06630483518726625,0.09085026271773941,1.0,0.03619047619047619,0.08714285714285715,0.016053548158484112,0.0024251574668654615,predictive_alpha,constant,1,20000,0.0,1.0,1.0,0.03,0.01,0.04516824610787943,1.0,1.0,1.0,0.09025071417422688,0.2313652674301271,0.10089587780115189,1.8952649976587645,0.07787076606467447,0.07958630971020356,30.625707426941894,1.4583670203305663,0.018928278142576745,14.728532222322585,45.0,0.013843953678545639,0.049026161975161464,0.10089587780115189,real10kg_smc_steady,real10kg_mpc_event,-1.0,-1.0,predictive_alpha,1.0,0.2534144150222329,0.2866347068337084,0.22498890860931992,0.0,transformer,16,True,2.5,1.0,0.75,real_10kg_v1,thruster,real_10kg_x,1.0,0.046507936507936505,0.13285714285714287,0.018928278142576745,0.0026697128616254644,0.008400637325287282,0.012500000000000011,0.0006791546589013629,0.09672167077492318,0.07958630971020356,,
step_recovery_10_13s,10.0,13.0,300,0.1678215294165204,0.16729463114852883,0.013288044422626955,0.9968603654738252,0.07917961699447411,0.006269411747391613,0.1586410825894247,0.2313652674301271,1.0,0.2411111111111111,0.7266666666666667,0.011387129134386642,0.0009474127300924844,predictive_alpha,constant,1,20000,0.0,1.0,1.0,0.03,0.01,0.04516824610787943,1.0,1.0,1.0,0.09025071417422688,0.2313652674301271,0.10089587780115189,1.8952649976587645,0.07787076606467447,0.07958630971020356,30.625707426941894,1.4583670203305663,0.018928278142576745,14.728532222322585,45.0,0.013843953678545639,0.049026161975161464,0.10089587780115189,real10kg_smc_steady,real10kg_mpc_event,-1.0,-1.0,predictive_alpha,1.0,0.2534144150222329,0.2866347068337084,0.22498890860931992,0.0,transformer,16,True,2.5,1.0,0.75,real_10kg_v1,thruster,real_10kg_x,1.0,0.046507936507936505,0.13285714285714287,0.018928278142576745,0.0026697128616254644,0.008400637325287282,0.012500000000000011,0.0006791546589013629,0.09672167077492318,0.07958630971020356,,
post_step_13_20p9s,13.0,20.9,790,0.08111556549291253,0.07999761065158197,0.013420776999595924,0.9862177519870925,0.16545254807806972,0.02737454566552597,0.07985995521171463,0.10341338691090922,0.7914898036069227,0.0,0.0,0.01900809564997281,0.002874837575253942,predictive_alpha,constant,1,20000,0.0,1.0,1.0,0.03,0.01,0.04516824610787943,1.0,1.0,1.0,0.09025071417422688,0.2313652674301271,0.10089587780115189,1.8952649976587645,0.07787076606467447,0.07958630971020356,30.625707426941894,1.4583670203305663,0.018928278142576745,14.728532222322585,45.0,0.013843953678545639,0.049026161975161464,0.10089587780115189,real10kg_smc_steady,real10kg_mpc_event,-1.0,-1.0,predictive_alpha,1.0,0.2534144150222329,0.2866347068337084,0.22498890860931992,0.0,transformer,16,True,2.5,1.0,0.75,real_10kg_v1,thruster,real_10kg_x,1.0,0.046507936507936505,0.13285714285714287,0.018928278142576745,0.0026697128616254644,0.008400637325287282,0.012500000000000011,0.0006791546589013629,0.09672167077492318,0.07958630971020356,,
startup_0_3s,0.0,3.0,300,0.12635199771230815,0.12352566125528598,0.026575145104692555,0.9776312483522621,0.21032627568898207,0.04423714224519769,0.10996617700096001,0.22780240757177725,0.894883449332974,0.0,0.0,0.034825262289274926,0.004789194120309298,predictive_alpha,constant,1,20001,0.0,1.0,1.0,0.03,0.01,0.045161809333434305,1.0,1.0,1.0,0.09073014393692637,0.2313499807951846,0.10148017227525738,1.9053330226754537,0.07787598533083434,0.07959394485523379,30.583498382441466,1.456357065830546,0.019118554215104094,14.73643241538038,45.0,0.014539817629107962,0.053639279473732426,0.10148017227525738,real10kg_smc_steady,real10kg_mpc_event,-1.0,-1.0,predictive_alpha,1.0,0.25341325119074704,0.2864017770964899,0.22472545788398876,0.0,transformer,16,True,2.5,1.0,0.75,real_10kg_v1,thruster,real_10kg_x,1.0,0.04642857142857143,0.13285714285714287,0.019118554215104094,0.0026999532932368113,0.00840679575097274,0.012500000000000011,0.0006611450208490602,0.096715002480846,0.07959394485523379,,
pre_step_3_10s,3.0,10.0,700,0.06726144493281751,0.06688451927725685,0.007110770387285668,0.9943961112352382,0.10571837096851087,0.011176373960235684,0.06627368608933143,0.09064059991416516,1.0,0.03595238095238095,0.08714285714285715,0.016028803456459306,0.002401874172859891,predictive_alpha,constant,1,20001,0.0,1.0,1.0,0.03,0.01,0.045161809333434305,1.0,1.0,1.0,0.09073014393692637,0.2313499807951846,0.10148017227525738,1.9053330226754537,0.07787598533083434,0.07959394485523379,30.583498382441466,1.456357065830546,0.019118554215104094,14.73643241538038,45.0,0.014539817629107962,0.053639279473732426,0.10148017227525738,real10kg_smc_steady,real10kg_mpc_event,-1.0,-1.0,predictive_alpha,1.0,0.25341325119074704,0.2864017770964899,0.22472545788398876,0.0,transformer,16,True,2.5,1.0,0.75,real_10kg_v1,thruster,real_10kg_x,1.0,0.04642857142857143,0.13285714285714287,0.019118554215104094,0.0026999532932368113,0.00840679575097274,0.012500000000000011,0.0006611450208490602,0.096715002480846,0.07959394485523379,,
step_recovery_10_13s,10.0,13.0,300,0.16782934071452477,0.16730214258506537,0.013292128915960188,0.996858724897477,0.07920026891227502,0.006272682595776677,0.1586578162200436,0.2313499807951846,1.0,0.2411111111111111,0.7266666666666667,0.011418755778325865,0.0009482095512208905,predictive_alpha,constant,1,20001,0.0,1.0,1.0,0.03,0.01,0.045161809333434305,1.0,1.0,1.0,0.09073014393692637,0.2313499807951846,0.10148017227525738,1.9053330226754537,0.07787598533083434,0.07959394485523379,30.583498382441466,1.456357065830546,0.019118554215104094,14.73643241538038,45.0,0.014539817629107962,0.053639279473732426,0.10148017227525738,real10kg_smc_steady,real10kg_mpc_event,-1.0,-1.0,predictive_alpha,1.0,0.25341325119074704,0.2864017770964899,0.22472545788398876,0.0,transformer,16,True,2.5,1.0,0.75,real_10kg_v1,thruster,real_10kg_x,1.0,0.04642857142857143,0.13285714285714287,0.019118554215104094,0.0026999532932368113,0.00840679575097274,0.012500000000000011,0.0006611450208490602,0.096715002480846,0.07959394485523379,,
post_step_13_20p9s,13.0,20.9,790,0.08112009579227748,0.08000205204284885,0.013421684331021113,0.9862174256759807,0.16545449311832344,0.02737518929304134,0.07986358707742107,0.10344533948617556,0.7914908606691773,0.0,0.0,0.01900826335226769,0.002868880725897745,predictive_alpha,constant,1,20001,0.0,1.0,1.0,0.03,0.01,0.045161809333434305,1.0,1.0,1.0,0.09073014393692637,0.2313499807951846,0.10148017227525738,1.9053330226754537,0.07787598533083434,0.07959394485523379,30.583498382441466,1.456357065830546,0.019118554215104094,14.73643241538038,45.0,0.014539817629107962,0.053639279473732426,0.10148017227525738,real10kg_smc_steady,real10kg_mpc_event,-1.0,-1.0,predictive_alpha,1.0,0.25341325119074704,0.2864017770964899,0.22472545788398876,0.0,transformer,16,True,2.5,1.0,0.75,real_10kg_v1,thruster,real_10kg_x,1.0,0.04642857142857143,0.13285714285714287,0.019118554215104094,0.0026999532932368113,0.00840679575097274,0.012500000000000011,0.0006611450208490602,0.096715002480846,0.07959394485523379,,
startup_0_3s,0.0,3.0,300,0.11977767505669172,0.11740073908326493,0.02374358660121889,0.9801554340380896,0.1982304848543843,0.03929532512560428,0.10400490737308635,0.21798468254258935,0.9160246497494089,0.0,0.0,0.0329260489600705,0.004553294801691307,predictive_alpha,constant,1,20002,0.0,1.0,1.0,0.03,0.01,0.0451687765447384,1.0,1.0,1.0,0.08987426347683837,0.2313690145533689,0.10033231497678313,1.887359533013606,0.07786826690242453,0.0795834779988108,30.615535620650572,1.4578826486024081,0.01884978116709293,14.736881302216586,45.0,0.013810625979949313,0.047780880070594445,0.10033231497678313,real10kg_smc_steady,real10kg_mpc_event,-1.0,-1.0,predictive_alpha,1.0,0.25336694218300254,0.286613701549643,0.22440770476127953,0.0,transformer,16,True,2.5,1.0,0.75,real_10kg_v1,thruster,real_10kg_x,1.0,0.046507936507936505,0.13285714285714287,0.01884978116709293,0.002669933837364977,0.008403296120359751,0.012500000000000011,0.0006761923737442786,0.09671204902373548,0.0795834779988108,,
pre_step_3_10s,3.0,10.0,700,0.06726782812511756,0.06689670683600844,0.0070562961366072915,0.9944829304074032,0.1048985277699563,0.011003701128304294,0.06627559579486932,0.09078148271380727,1.0,0.03619047619047619,0.08714285714285715,0.01605936962552671,0.00239983972604792,predictive_alpha,constant,1,20002,0.0,1.0,1.0,0.03,0.01,0.0451687765447384,1.0,1.0,1.0,0.08987426347683837,0.2313690145533689,0.10033231497678313,1.887359533013606,0.07786826690242453,0.0795834779988108,30.615535620650572,1.4578826486024081,0.01884978116709293,14.736881302216586,45.0,0.013810625979949313,0.047780880070594445,0.10033231497678313,real10kg_smc_steady,real10kg_mpc_event,-1.0,-1.0,predictive_alpha,1.0,0.25336694218300254,0.286613701549643,0.22440770476127953,0.0,transformer,16,True,2.5,1.0,0.75,real_10kg_v1,thruster,real_10kg_x,1.0,0.046507936507936505,0.13285714285714287,0.01884978116709293,0.002669933837364977,0.008403296120359751,0.012500000000000011,0.0006761923737442786,0.09671204902373548,0.0795834779988108,,
step_recovery_10_13s,10.0,13.0,300,0.16782196776102687,0.16729589634544187,0.013277647726849593,0.9968653006361234,0.07911745943627917,0.006259572387651279,0.15863855856011724,0.2313690145533689,1.0,0.2411111111111111,0.7266666666666667,0.011370505528866405,0.0009464380691725542,predictive_alpha,constant,1,20002,0.0,1.0,1.0,0.03,0.01,0.0451687765447384,1.0,1.0,1.0,0.08987426347683837,0.2313690145533689,0.10033231497678313,1.887359533013606,0.07786826690242453,0.0795834779988108,30.615535620650572,1.4578826486024081,0.01884978116709293,14.736881302216586,45.0,0.013810625979949313,0.047780880070594445,0.10033231497678313,real10kg_smc_steady,real10kg_mpc_event,-1.0,-1.0,predictive_alpha,1.0,0.25336694218300254,0.286613701549643,0.22440770476127953,0.0,transformer,16,True,2.5,1.0,0.75,real_10kg_v1,thruster,real_10kg_x,1.0,0.046507936507936505,0.13285714285714287,0.01884978116709293,0.002669933837364977,0.008403296120359751,0.012500000000000011,0.0006761923737442786,0.09671204902373548,0.0795834779988108,,
post_step_13_20p9s,13.0,20.9,790,0.08111310173009156,0.07999524245724021,0.01342000210445343,0.9862185115720135,0.1654480203347327,0.027373047432682124,0.07985772776680215,0.103406594908031,0.791480652691624,0.0,0.0,0.019008746226156715,0.002874557282210523,predictive_alpha,constant,1,20002,0.0,1.0,1.0,0.03,0.01,0.0451687765447384,1.0,1.0,1.0,0.08987426347683837,0.2313690145533689,0.10033231497678313,1.887359533013606,0.07786826690242453,0.0795834779988108,30.615535620650572,1.4578826486024081,0.01884978116709293,14.736881302216586,45.0,0.013810625979949313,0.047780880070594445,0.10033231497678313,real10kg_smc_steady,real10kg_mpc_event,-1.0,-1.0,predictive_alpha,1.0,0.25336694218300254,0.286613701549643,0.22440770476127953,0.0,transformer,16,True,2.5,1.0,0.75,real_10kg_v1,thruster,real_10kg_x,1.0,0.046507936507936505,0.13285714285714287,0.01884978116709293,0.002669933837364977,0.008403296120359751,0.012500000000000011,0.0006761923737442786,0.09671204902373548,0.0795834779988108,,
startup_0_3s,0.0,3.0,300,0.1375404594855564,0.13340951716652968,0.03345562321780007,0.9699656207745873,0.24324204923361742,0.05916669451536957,0.11911002096800004,0.24577313467300868,0.9190935301744554,0.0,0.0,0.03782968237237126,0.004982688590082678,predictive_alpha,constant,1,20003,0.0,1.0,1.0,0.03,0.01,0.045160367274077226,1.0,1.0,1.0,0.09178242519557532,0.24577313467300868,0.10301765657784694,1.927430929107082,0.07788145148340893,0.07959721711551926,30.639614363656207,1.4590292554122002,0.019555782996740594,14.652100171031755,45.0,0.016453793932200145,0.065126190188,0.10301765657784694,real10kg_smc_steady,real10kg_mpc_event,-1.0,-1.0,predictive_alpha,1.0,0.25386285623419935,0.28719761704008656,0.2255931789542748,0.0,transformer,16,True,2.5,1.0,0.75,real_10kg_v1,thruster,real_10kg_x,1.0,0.04658730158730159,0.13238095238095238,0.019555782996740594,0.002721149742316507,0.008411018127512146,0.012500000000000011,0.0006814847912437358,0.09606515581628307,0.07959721711551926,,
pre_step_3_10s,3.0,10.0,700,0.06756899855118315,0.06718867580989911,0.00715900887847404,0.9943713426358399,0.10595108751021565,0.011225632944597375,0.06659115467198354,0.09090084351163497,1.0,0.036904761904761905,0.08857142857142856,0.01600665551968872,0.0023709386324116165,predictive_alpha,constant,1,20003,0.0,1.0,1.0,0.03,0.01,0.045160367274077226,1.0,1.0,1.0,0.09178242519557532,0.24577313467300868,0.10301765657784694,1.927430929107082,0.07788145148340893,0.07959721711551926,30.639614363656207,1.4590292554122002,0.019555782996740594,14.652100171031755,45.0,0.016453793932200145,0.065126190188,0.10301765657784694,real10kg_smc_steady,real10kg_mpc_event,-1.0,-1.0,predictive_alpha,1.0,0.25386285623419935,0.28719761704008656,0.2255931789542748,0.0,transformer,16,True,2.5,1.0,0.75,real_10kg_v1,thruster,real_10kg_x,1.0,0.04658730158730159,0.13238095238095238,0.019555782996740594,0.002721149742316507,0.008411018127512146,0.012500000000000011,0.0006814847912437358,0.09606515581628307,0.07959721711551926,,
step_recovery_10_13s,10.0,13.0,300,0.1653737729970855,0.1648369071327634,0.01331461010305213,0.996753621480647,0.0805122230795737,0.006482218065215041,0.15631340883413028,0.2282810652128583,1.0,0.24,0.72,0.011487338829246267,0.0009689682262074411,predictive_alpha,constant,1,20003,0.0,1.0,1.0,0.03,0.01,0.045160367274077226,1.0,1.0,1.0,0.09178242519557532,0.24577313467300868,0.10301765657784694,1.927430929107082,0.07788145148340893,0.07959721711551926,30.639614363656207,1.4590292554122002,0.019555782996740594,14.652100171031755,45.0,0.016453793932200145,0.065126190188,0.10301765657784694,real10kg_smc_steady,real10kg_mpc_event,-1.0,-1.0,predictive_alpha,1.0,0.25386285623419935,0.28719761704008656,0.2255931789542748,0.0,transformer,16,True,2.5,1.0,0.75,real_10kg_v1,thruster,real_10kg_x,1.0,0.04658730158730159,0.13238095238095238,0.019555782996740594,0.002721149742316507,0.008411018127512146,0.012500000000000011,0.0006814847912437358,0.09606515581628307,0.07959721711551926,,
post_step_13_20p9s,13.0,20.9,790,0.08104932417055653,0.07993051651279841,0.01342033824093939,0.9861959656146699,0.16558235837597163,0.027417517405348694,0.07979741437629718,0.1034771257697871,0.7891654188169617,0.0,0.0,0.019028017151788194,0.002872791016987378,predictive_alpha,constant,1,20003,0.0,1.0,1.0,0.03,0.01,0.045160367274077226,1.0,1.0,1.0,0.09178242519557532,0.24577313467300868,0.10301765657784694,1.927430929107082,0.07788145148340893,0.07959721711551926,30.639614363656207,1.4590292554122002,0.019555782996740594,14.652100171031755,45.0,0.016453793932200145,0.065126190188,0.10301765657784694,real10kg_smc_steady,real10kg_mpc_event,-1.0,-1.0,predictive_alpha,1.0,0.25386285623419935,0.28719761704008656,0.2255931789542748,0.0,transformer,16,True,2.5,1.0,0.75,real_10kg_v1,thruster,real_10kg_x,1.0,0.04658730158730159,0.13238095238095238,0.019555782996740594,0.002721149742316507,0.008411018127512146,0.012500000000000011,0.0006814847912437358,0.09606515581628307,0.07959721711551926,,
startup_0_3s,0.0,3.0,300,0.12302359200604396,0.12064725662948272,0.02406332599308129,0.9806839051127325,0.19559927978610067,0.0382590782528413,0.1065998332890976,0.22363295555075846,0.9096346394580128,0.0,0.0,0.03371186281416984,0.004684580949168981,predictive_alpha,constant,1,20004,0.0,1.0,1.0,0.03,0.01,0.04516854010026075,1.0,1.0,1.0,0.09025012657730506,0.23138789777988697,0.10089790420179771,1.8952526581234066,0.07786946003826091,0.07958490694787944,30.605901841188935,1.457423897199473,0.018959946087463535,14.739484823643785,45.0,0.013895126386541503,0.050010382868943826,0.10089790420179771,real10kg_smc_steady,real10kg_mpc_event,-1.0,-1.0,predictive_alpha,1.0,0.2531900285389068,0.28638512449429504,0.2250163588519319,0.0,transformer,16,True,2.5,1.0,0.75,real_10kg_v1,thruster,real_10kg_x,1.0,0.046507936507936505,0.13285714285714287,0.018959946087463535,0.0026920724754105263,0.008397844841696752,0.012500000000000011,0.0006669970799779918,0.09671944419827247,0.07958490694787944,,
pre_step_3_10s,3.0,10.0,700,0.0672617059496955,0.06688810886216406,0.007079405349786867,0.9944456198031784,0.10525164727581396,0.011077909254272355,0.06627365853448505,0.09075469778570747,1.0,0.03619047619047619,0.08714285714285715,0.016042463259102333,0.002417105826597529,predictive_alpha,constant,1,20004,0.0,1.0,1.0,0.03,0.01,0.04516854010026075,1.0,1.0,1.0,0.09025012657730506,0.23138789777988697,0.10089790420179771,1.8952526581234066,0.07786946003826091,0.07958490694787944,30.605901841188935,1.457423897199473,0.018959946087463535,14.739484823643785,45.0,0.013895126386541503,0.050010382868943826,0.10089790420179771,real10kg_smc_steady,real10kg_mpc_event,-1.0,-1.0,predictive_alpha,1.0,0.2531900285389068,0.28638512449429504,0.2250163588519319,0.0,transformer,16,True,2.5,1.0,0.75,real_10kg_v1,thruster,real_10kg_x,1.0,0.046507936507936505,0.13285714285714287,0.018959946087463535,0.0026920724754105263,0.008397844841696752,0.012500000000000011,0.0006669970799779918,0.09671944419827247,0.07958490694787944,,
step_recovery_10_13s,10.0,13.0,300,0.167849806234619,0.1673229704765677,0.013288378527751705,0.9968612668082862,0.0791682685005744,0.006267614737379041,0.15867261351345127,0.23138789777988697,1.0,0.2411111111111111,0.7266666666666667,0.011395846024335025,0.0009474790290044241,predictive_alpha,constant,1,20004,0.0,1.0,1.0,0.03,0.01,0.04516854010026075,1.0,1.0,1.0,0.09025012657730506,0.23138789777988697,0.10089790420179771,1.8952526581234066,0.07786946003826091,0.07958490694787944,30.605901841188935,1.457423897199473,0.018959946087463535,14.739484823643785,45.0,0.013895126386541503,0.050010382868943826,0.10089790420179771,real10kg_smc_steady,real10kg_mpc_event,-1.0,-1.0,predictive_alpha,1.0,0.2531900285389068,0.28638512449429504,0.2250163588519319,0.0,transformer,16,True,2.5,1.0,0.75,real_10kg_v1,thruster,real_10kg_x,1.0,0.046507936507936505,0.13285714285714287,0.018959946087463535,0.0026920724754105263,0.008397844841696752,0.012500000000000011,0.0006669970799779918,0.09671944419827247,0.07958490694787944,,
post_step_13_20p9s,13.0,20.9,790,0.08111582351637535,0.07999781485456449,0.01342111929887263,0.9862171323257889,0.1654562416685966,0.02737576790709704,0.07986023840208606,0.10341156060537446,0.7914971530910748,0.0,0.0,0.019007522736604807,0.002872780265344695,predictive_alpha,constant,1,20004,0.0,1.0,1.0,0.03,0.01,0.04516854010026075,1.0,1.0,1.0,0.09025012657730506,0.23138789777988697,0.10089790420179771,1.8952526581234066,0.07786946003826091,0.07958490694787944,30.605901841188935,1.457423897199473,0.018959946087463535,14.739484823643785,45.0,0.013895126386541503,0.050010382868943826,0.10089790420179771,real10kg_smc_steady,real10kg_mpc_event,-1.0,-1.0,predictive_alpha,1.0,0.2531900285389068,0.28638512449429504,0.2250163588519319,0.0,transformer,16,True,2.5,1.0,0.75,real_10kg_v1,thruster,real_10kg_x,1.0,0.046507936507936505,0.13285714285714287,0.018959946087463535,0.0026920724754105263,0.008397844841696752,0.012500000000000011,0.0006669970799779918,0.09671944419827247,0.07958490694787944,,
startup_0_3s,0.0,3.0,300,0.12564900252040037,0.12267778714478375,0.027163070070054886,0.9763530524236815,0.2161821385382243,0.046734717022960004,0.10957010249124385,0.22676384323355786,0.9447887627861332,0.0,0.0,0.03628791809453911,0.004953067789751457,predictive_alpha,constant,1,20005,0.0,1.0,1.0,0.03,0.01,0.04517803467950544,1.0,1.0,1.0,0.09045713063367342,0.2285540879659277,0.10088701352379169,1.8995997433071419,0.07788331535064215,0.07959533415978134,30.667228024126704,1.460344191625081,0.01931570977403802,14.641765127166476,45.0,0.014698015203900808,0.05398458142448309,0.10088701352379169,real10kg_smc_steady,real10kg_mpc_event,-1.0,-1.0,predictive_alpha,1.0,0.2539342712975542,0.28763373209663406,0.2247763168588946,0.0,transformer,16,True,2.5,1.0,0.75,real_10kg_v1,thruster,real_10kg_x,1.0,0.046507936507936505,0.13238095238095238,0.01931570977403802,0.0027153417523767113,0.008417189561927874,0.012500000000000011,0.0006739502590138011,0.09614195637170807,0.07959533415978134,,
pre_step_3_10s,3.0,10.0,700,0.06762817526791065,0.06725193766287388,0.00712369080295927,0.9944366737155587,0.10533613800370328,0.011095701969535224,0.06661605174284226,0.09125274754099066,1.0,0.03666666666666667,0.08857142857142856,0.015967854033474362,0.0023612235652016216,predictive_alpha,constant,1,20005,0.0,1.0,1.0,0.03,0.01,0.04517803467950544,1.0,1.0,1.0,0.09045713063367342,0.2285540879659277,0.10088701352379169,1.8995997433071419,0.07788331535064215,0.07959533415978134,30.667228024126704,1.460344191625081,0.01931570977403802,14.641765127166476,45.0,0.014698015203900808,0.05398458142448309,0.10088701352379169,real10kg_smc_steady,real10kg_mpc_event,-1.0,-1.0,predictive_alpha,1.0,0.2539342712975542,0.28763373209663406,0.2247763168588946,0.0,transformer,16,True,2.5,1.0,0.75,real_10kg_v1,thruster,real_10kg_x,1.0,0.046507936507936505,0.13238095238095238,0.01931570977403802,0.0027153417523767113,0.008417189561927874,0.012500000000000011,0.0006739502590138011,0.09614195637170807,0.07959533415978134,,
step_recovery_10_13s,10.0,13.0,300,0.16557407809959296,0.1650386640535599,0.01330468736747737,0.9967663172147575,0.08035489323077849,0.00645690886612981,0.15649476769570314,0.2285540879659277,1.0,0.24,0.72,0.011455253231131482,0.0009629476204023987,predictive_alpha,constant,1,20005,0.0,1.0,1.0,0.03,0.01,0.04517803467950544,1.0,1.0,1.0,0.09045713063367342,0.2285540879659277,0.10088701352379169,1.8995997433071419,0.07788331535064215,0.07959533415978134,30.667228024126704,1.460344191625081,0.01931570977403802,14.641765127166476,45.0,0.014698015203900808,0.05398458142448309,0.10088701352379169,real10kg_smc_steady,real10kg_mpc_event,-1.0,-1.0,predictive_alpha,1.0,0.2539342712975542,0.28763373209663406,0.2247763168588946,0.0,transformer,16,True,2.5,1.0,0.75,real_10kg_v1,thruster,real_10kg_x,1.0,0.046507936507936505,0.13238095238095238,0.01931570977403802,0.0027153417523767113,0.008417189561927874,0.012500000000000011,0.0006739502590138011,0.09614195637170807,0.07959533415978134,,
post_step_13_20p9s,13.0,20.9,790,0.08105761749912561,0.0799390863296364,0.013419382676468198,0.9862007889696328,0.16555362827698403,0.027408003835673808,0.07980601150990144,0.10343611871380895,0.7893380467570522,0.0,0.0,0.019022012028080855,0.002878778988481906,predictive_alpha,constant,1,20005,0.0,1.0,1.0,0.03,0.01,0.04517803467950544,1.0,1.0,1.0,0.09045713063367342,0.2285540879659277,0.10088701352379169,1.8995997433071419,0.07788331535064215,0.07959533415978134,30.667228024126704,1.460344191625081,0.01931570977403802,14.641765127166476,45.0,0.014698015203900808,0.05398458142448309,0.10088701352379169,real10kg_smc_steady,real10kg_mpc_event,-1.0,-1.0,predictive_alpha,1.0,0.2539342712975542,0.28763373209663406,0.2247763168588946,0.0,transformer,16,True,2.5,1.0,0.75,real_10kg_v1,thruster,real_10kg_x,1.0,0.046507936507936505,0.13238095238095238,0.01931570977403802,0.0027153417523767113,0.008417189561927874,0.012500000000000011,0.0006739502590138011,0.09614195637170807,0.07959533415978134,,
startup_0_3s,0.0,3.0,300,0.12064640639654184,0.11824109272521263,0.02397080239681592,0.9800631138284932,0.19868641854137323,0.03947629291279774,0.10504685426396063,0.2191412726876236,0.9343087300295236,0.0,0.0,0.034254320858943955,0.004764422876836044,predictive_alpha,constant,1,20006,0.0,1.0,1.0,0.03,0.01,0.04516649466578541,1.0,1.0,1.0,0.09001933593620866,0.23091560834232502,0.100431626461971,1.8904060546603818,0.07785214514114205,0.07956281026833718,30.644020873134977,1.4592390891969036,0.019026137896635428,14.709051754275361,45.0,0.013876663017998213,0.049974481349136624,0.100431626461971,real10kg_smc_steady,real10kg_mpc_event,-1.0,-1.0,predictive_alpha,1.0,0.2534015050471352,0.28659117491863284,0.2248223084751572,0.0,transformer,16,True,2.5,1.0,0.75,real_10kg_v1,thruster,real_10kg_x,1.0,0.04642857142857143,0.13285714285714287,0.019026137896635428,0.002705979319394898,0.008397911179636515,0.012500000000000011,0.0006707684678311535,0.0966523200102465,0.07956281026833718,,
pre_step_3_10s,3.0,10.0,700,0.06741243908493953,0.06703891300256226,0.007086683767148895,0.9944590926029745,0.10512427473837117,0.011051113139268544,0.06640236196035636,0.09107672982473566,1.0,0.03595238095238095,0.08714285714285715,0.016011611693006817,0.0024299493319823663,predictive_alpha,constant,1,20006,0.0,1.0,1.0,0.03,0.01,0.04516649466578541,1.0,1.0,1.0,0.09001933593620866,0.23091560834232502,0.100431626461971,1.8904060546603818,0.07785214514114205,0.07956281026833718,30.644020873134977,1.4592390891969036,0.019026137896635428,14.709051754275361,45.0,0.013876663017998213,0.049974481349136624,0.100431626461971,real10kg_smc_steady,real10kg_mpc_event,-1.0,-1.0,predictive_alpha,1.0,0.2534015050471352,0.28659117491863284,0.2248223084751572,0.0,transformer,16,True,2.5,1.0,0.75,real_10kg_v1,thruster,real_10kg_x,1.0,0.04642857142857143,0.13285714285714287,0.019026137896635428,0.002705979319394898,0.008397911179636515,0.012500000000000011,0.0006707684678311535,0.0966523200102465,0.07956281026833718,,
step_recovery_10_13s,10.0,13.0,300,0.16751039264955878,0.1669807129222309,0.013310640765675216,0.9968379291639774,0.07946158178687952,0.006314142980072942,0.15836935693831575,0.23091560834232502,1.0,0.2411111111111111,0.7266666666666667,0.011409370280013945,0.0009508350537279303,predictive_alpha,constant,1,20006,0.0,1.0,1.0,0.03,0.01,0.04516649466578541,1.0,1.0,1.0,0.09001933593620866,0.23091560834232502,0.100431626461971,1.8904060546603818,0.07785214514114205,0.07956281026833718,30.644020873134977,1.4592390891969036,0.019026137896635428,14.709051754275361,45.0,0.013876663017998213,0.049974481349136624,0.100431626461971,real10kg_smc_steady,real10kg_mpc_event,-1.0,-1.0,predictive_alpha,1.0,0.2534015050471352,0.28659117491863284,0.2248223084751572,0.0,transformer,16,True,2.5,1.0,0.75,real_10kg_v1,thruster,real_10kg_x,1.0,0.04642857142857143,0.13285714285714287,0.019026137896635428,0.002705979319394898,0.008397911179636515,0.012500000000000011,0.0006707684678311535,0.0966523200102465,0.07956281026833718,,
post_step_13_20p9s,13.0,20.9,790,0.08108907248492384,0.07997083342776724,0.013420263683457792,0.9862097441382808,0.16550027361520137,0.027390340566706518,0.07983757736477416,0.10329963148050575,0.7913879264685223,0.0,0.0,0.019001476778383614,0.002868012224554762,predictive_alpha,constant,1,20006,0.0,1.0,1.0,0.03,0.01,0.04516649466578541,1.0,1.0,1.0,0.09001933593620866,0.23091560834232502,0.100431626461971,1.8904060546603818,0.07785214514114205,0.07956281026833718,30.644020873134977,1.4592390891969036,0.019026137896635428,14.709051754275361,45.0,0.013876663017998213,0.049974481349136624,0.100431626461971,real10kg_smc_steady,real10kg_mpc_event,-1.0,-1.0,predictive_alpha,1.0,0.2534015050471352,0.28659117491863284,0.2248223084751572,0.0,transformer,16,True,2.5,1.0,0.75,real_10kg_v1,thruster,real_10kg_x,1.0,0.04642857142857143,0.13285714285714287,0.019026137896635428,0.002705979319394898,0.008397911179636515,0.012500000000000011,0.0006707684678311535,0.0966523200102465,0.07956281026833718,,
startup_0_3s,0.0,3.0,300,0.13080747562927744,0.12667305354543026,0.032627184769461366,0.9683930749067845,0.2494290529841761,0.06221485247258292,0.11397243733073713,0.2332564818241251,0.8966105019339503,0.0,0.0,0.037264159432040644,0.005048186955141369,predictive_alpha,constant,1,20007,0.0,1.0,1.0,0.03,0.01,0.045152339882189994,1.0,1.0,1.0,0.09084855455769827,0.2332564818241251,0.10133897555659013,1.9078196457116638,0.0778965129790906,0.07961849552936098,30.60202099062747,1.4572390947917844,0.019492227156469876,14.619597384828998,45.0,0.016212747040560076,0.06255840377069324,0.10133897555659013,real10kg_smc_steady,real10kg_mpc_event,-1.0,-1.0,predictive_alpha,1.0,0.25393429418445057,0.2873381890560628,0.22481547263026835,0.0,transformer,16,True,2.5,1.0,0.75,real_10kg_v1,thruster,real_10kg_x,1.0,0.04658730158730159,0.13285714285714287,0.019492227156469876,0.002735255885614938,0.008444162085814477,0.012500000000000011,0.000661132537821572,0.09554799848549958,0.07961849552936098,,
pre_step_3_10s,3.0,10.0,700,0.06771750339883559,0.06733839531650512,0.007155472225464233,0.9944016234606637,0.1056665096366691,0.011165411258796283,0.06678027784714453,0.09076978645496914,1.0,0.037142857142857144,0.09,0.016018921565875987,0.0023760323328848487,predictive_alpha,constant,1,20007,0.0,1.0,1.0,0.03,0.01,0.045152339882189994,1.0,1.0,1.0,0.09084855455769827,0.2332564818241251,0.10133897555659013,1.9078196457116638,0.0778965129790906,0.07961849552936098,30.60202099062747,1.4572390947917844,0.019492227156469876,14.619597384828998,45.0,0.016212747040560076,0.06255840377069324,0.10133897555659013,real10kg_smc_steady,real10kg_mpc_event,-1.0,-1.0,predictive_alpha,1.0,0.25393429418445057,0.2873381890560628,0.22481547263026835,0.0,transformer,16,True,2.5,1.0,0.75,real_10kg_v1,thruster,real_10kg_x,1.0,0.04658730158730159,0.13285714285714287,0.019492227156469876,0.002735255885614938,0.008444162085814477,0.012500000000000011,0.000661132537821572,0.09554799848549958,0.07961849552936098,,
step_recovery_10_13s,10.0,13.0,300,0.1634666411754915,0.1629234064056805,0.013315645773538663,0.9966767851476939,0.08145787836457408,0.0066353859476577445,0.15457135243212705,0.2256767486805267,1.0,0.23944444444444443,0.72,0.01153839038659781,0.000975649154141585,predictive_alpha,constant,1,20007,0.0,1.0,1.0,0.03,0.01,0.045152339882189994,1.0,1.0,1.0,0.09084855455769827,0.2332564818241251,0.10133897555659013,1.9078196457116638,0.0778965129790906,0.07961849552936098,30.60202099062747,1.4572390947917844,0.019492227156469876,14.619597384828998,45.0,0.016212747040560076,0.06255840377069324,0.10133897555659013,real10kg_smc_steady,real10kg_mpc_event,-1.0,-1.0,predictive_alpha,1.0,0.25393429418445057,0.2873381890560628,0.22481547263026835,0.0,transformer,16,True,2.5,1.0,0.75,real_10kg_v1,thruster,real_10kg_x,1.0,0.04658730158730159,0.13285714285714287,0.019492227156469876,0.002735255885614938,0.008444162085814477,0.012500000000000011,0.000661132537821572,0.09554799848549958,0.07961849552936098,,
post_step_13_20p9s,13.0,20.9,790,0.08101589537510537,0.07989744966988252,0.013415395621397458,0.9861947374642418,0.1655896729806402,0.02741993979783536,0.07976005959552526,0.10357146044845178,0.7884510176727433,0.0,0.0,0.019043030294245297,0.002878448825663234,predictive_alpha,constant,1,20007,0.0,1.0,1.0,0.03,0.01,0.045152339882189994,1.0,1.0,1.0,0.09084855455769827,0.2332564818241251,0.10133897555659013,1.9078196457116638,0.0778965129790906,0.07961849552936098,30.60202099062747,1.4572390947917844,0.019492227156469876,14.619597384828998,45.0,0.016212747040560076,0.06255840377069324,0.10133897555659013,real10kg_smc_steady,real10kg_mpc_event,-1.0,-1.0,predictive_alpha,1.0,0.25393429418445057,0.2873381890560628,0.22481547263026835,0.0,transformer,16,True,2.5,1.0,0.75,real_10kg_v1,thruster,real_10kg_x,1.0,0.04658730158730159,0.13285714285714287,0.019492227156469876,0.002735255885614938,0.008444162085814477,0.012500000000000011,0.000661132537821572,0.09554799848549958,0.07961849552936098,,
startup_0_3s,0.0,3.0,300,0.10934737196166776,0.106787499211244,0.023521857221144006,0.9765895356742443,0.21511131725588892,0.04627287881156369,0.09594191371234875,0.1978350309460695,0.8797727697371507,0.0,0.0,0.03182691082599531,0.004459978922687439,predictive_alpha,constant,1,20008,0.0,1.0,1.0,0.03,0.01,0.04516682734243814,1.0,1.0,1.0,0.08868258915557582,0.23109277606266176,0.09855042788953668,1.8623343722670922,0.07783586315297206,0.07954311947931905,30.57661167025195,1.4560291271548549,0.01868648533474605,14.751063989465061,45.0,0.013756349223365763,0.04536181265141065,0.09855042788953668,real10kg_smc_steady,real10kg_mpc_event,-1.0,-1.0,predictive_alpha,1.0,0.2532625892173125,0.2867523439712518,0.22254546188871333,0.0,transformer,16,True,2.5,1.0,0.75,real_10kg_v1,thruster,real_10kg_x,1.0,0.046507936507936505,0.13285714285714287,0.01868648533474605,0.0026561742321643098,0.008414371247582533,0.012500000000000011,0.0006794239426050385,0.09663372436297109,0.07954311947931905,,
pre_step_3_10s,3.0,10.0,700,0.0672466929032744,0.06687709155001162,0.007040762191599756,0.9945037988143982,0.1047004973423299,0.010962194143731232,0.06626900582715282,0.09073882850016593,1.0,0.03619047619047619,0.08714285714285715,0.01605962876486355,0.0024073144531177987,predictive_alpha,constant,1,20008,0.0,1.0,1.0,0.03,0.01,0.04516682734243814,1.0,1.0,1.0,0.08868258915557582,0.23109277606266176,0.09855042788953668,1.8623343722670922,0.07783586315297206,0.07954311947931905,30.57661167025195,1.4560291271548549,0.01868648533474605,14.751063989465061,45.0,0.013756349223365763,0.04536181265141065,0.09855042788953668,real10kg_smc_steady,real10kg_mpc_event,-1.0,-1.0,predictive_alpha,1.0,0.2532625892173125,0.2867523439712518,0.22254546188871333,0.0,transformer,16,True,2.5,1.0,0.75,real_10kg_v1,thruster,real_10kg_x,1.0,0.046507936507936505,0.13285714285714287,0.01868648533474605,0.0026561742321643098,0.008414371247582533,0.012500000000000011,0.0006794239426050385,0.09663372436297109,0.07954311947931905,,
step_recovery_10_13s,10.0,13.0,300,0.16760805922058056,0.16707992993168463,0.013295056589311325,0.9968490221093672,0.07932229900600643,0.00629202711959829,0.15844064393304153,0.23109277606266176,1.0,0.2411111111111111,0.7266666666666667,0.011355531733775851,0.0009484870972233993,predictive_alpha,constant,1,20008,0.0,1.0,1.0,0.03,0.01,0.04516682734243814,1.0,1.0,1.0,0.08868258915557582,0.23109277606266176,0.09855042788953668,1.8623343722670922,0.07783586315297206,0.07954311947931905,30.57661167025195,1.4560291271548549,0.01868648533474605,14.751063989465061,45.0,0.013756349223365763,0.04536181265141065,0.09855042788953668,real10kg_smc_steady,real10kg_mpc_event,-1.0,-1.0,predictive_alpha,1.0,0.2532625892173125,0.2867523439712518,0.22254546188871333,0.0,transformer,16,True,2.5,1.0,0.75,real_10kg_v1,thruster,real_10kg_x,1.0,0.046507936507936505,0.13285714285714287,0.01868648533474605,0.0026561742321643098,0.008414371247582533,0.012500000000000011,0.0006794239426050385,0.09663372436297109,0.07954311947931905,,
post_step_13_20p9s,13.0,20.9,790,0.08108384982409679,0.07996580881292614,0.013418648336968379,0.9862112983831414,0.16549101166358995,0.02738727494143847,0.07983281189468404,0.10323539963094207,0.791419491799473,0.0,0.0,0.018998220295224806,0.0028653180299839285,predictive_alpha,constant,1,20008,0.0,1.0,1.0,0.03,0.01,0.04516682734243814,1.0,1.0,1.0,0.08868258915557582,0.23109277606266176,0.09855042788953668,1.8623343722670922,0.07783586315297206,0.07954311947931905,30.57661167025195,1.4560291271548549,0.01868648533474605,14.751063989465061,45.0,0.013756349223365763,0.04536181265141065,0.09855042788953668,real10kg_smc_steady,real10kg_mpc_event,-1.0,-1.0,predictive_alpha,1.0,0.2532625892173125,0.2867523439712518,0.22254546188871333,0.0,transformer,16,True,2.5,1.0,0.75,real_10kg_v1,thruster,real_10kg_x,1.0,0.046507936507936505,0.13285714285714287,0.01868648533474605,0.0026561742321643098,0.008414371247582533,0.012500000000000011,0.0006794239426050385,0.09663372436297109,0.07954311947931905,,
startup_0_3s,0.0,3.0,300,0.10722088668628134,0.10341774977085494,0.028303490493669075,0.9645298874784161,0.2639736656579099,0.06968209616087401,0.096025107996888,0.18858351109765037,0.877531980084256,0.0,0.0,0.03582792003685715,0.004933780186343011,predictive_alpha,constant,1,20009,0.0,1.0,1.0,0.03,0.01,0.04514755914311075,1.0,1.0,1.0,0.08805205343781024,0.22183723288331356,0.09671801861454837,1.849093122194015,0.07795097699278394,0.0796800969941275,30.571353183196518,1.455778723009358,0.019299292081865697,14.533995207746607,45.0,0.015002923223147363,0.05218380053214006,0.09671801861454837,real10kg_smc_steady,real10kg_mpc_event,-1.0,-1.0,predictive_alpha,1.0,0.25349875669595673,0.287547256222239,0.22237619956337204,0.0,transformer,16,True,2.5,1.0,0.75,real_10kg_v1,thruster,real_10kg_x,1.0,0.04634920634920635,0.1319047619047619,0.019299292081865697,0.002720039851378798,0.00844080973212718,0.012500000000000011,0.0006765471669065317,0.09485454419906698,0.0796800969941275,,
pre_step_3_10s,3.0,10.0,700,0.06818577625996237,0.06781054500387658,0.007143533470970565,0.9944969277073975,0.10476574239963793,0.010975860780547292,0.06726128861148034,0.09119156416371814,1.0,0.037142857142857144,0.09,0.016003568084151994,0.002393328096613538,predictive_alpha,constant,1,20009,0.0,1.0,1.0,0.03,0.01,0.04514755914311075,1.0,1.0,1.0,0.08805205343781024,0.22183723288331356,0.09671801861454837,1.849093122194015,0.07795097699278394,0.0796800969941275,30.571353183196518,1.455778723009358,0.019299292081865697,14.533995207746607,45.0,0.015002923223147363,0.05218380053214006,0.09671801861454837,real10kg_smc_steady,real10kg_mpc_event,-1.0,-1.0,predictive_alpha,1.0,0.25349875669595673,0.287547256222239,0.22237619956337204,0.0,transformer,16,True,2.5,1.0,0.75,real_10kg_v1,thruster,real_10kg_x,1.0,0.04634920634920635,0.1319047619047619,0.019299292081865697,0.002720039851378798,0.00844080973212718,0.012500000000000011,0.0006765471669065317,0.09485454419906698,0.0796800969941275,,
step_recovery_10_13s,10.0,13.0,300,0.16063646948782986,0.16008513109043454,0.013297598778459204,0.9965677881295997,0.08278069619468732,0.006852643662477121,0.15196858534587018,0.22183723288331356,1.0,0.23777777777777778,0.7133333333333334,0.011571327605815885,0.0009849732317316984,predictive_alpha,constant,1,20009,0.0,1.0,1.0,0.03,0.01,0.04514755914311075,1.0,1.0,1.0,0.08805205343781024,0.22183723288331356,0.09671801861454837,1.849093122194015,0.07795097699278394,0.0796800969941275,30.571353183196518,1.455778723009358,0.019299292081865697,14.533995207746607,45.0,0.015002923223147363,0.05218380053214006,0.09671801861454837,real10kg_smc_steady,real10kg_mpc_event,-1.0,-1.0,predictive_alpha,1.0,0.25349875669595673,0.287547256222239,0.22237619956337204,0.0,transformer,16,True,2.5,1.0,0.75,real_10kg_v1,thruster,real_10kg_x,1.0,0.04634920634920635,0.1319047619047619,0.019299292081865697,0.002720039851378798,0.00844080973212718,0.012500000000000011,0.0006765471669065317,0.09485454419906698,0.0796800969941275,,
post_step_13_20p9s,13.0,20.9,790,0.08096095092783279,0.07984232277505636,0.013411900276346561,0.9861831149466913,0.16565887780025831,0.027442863794040914,0.07970395431920939,0.10383876022077933,0.7872293078179998,0.0,0.0,0.019076593078009865,0.0028612156981429513,predictive_alpha,constant,1,20009,0.0,1.0,1.0,0.03,0.01,0.04514755914311075,1.0,1.0,1.0,0.08805205343781024,0.22183723288331356,0.09671801861454837,1.849093122194015,0.07795097699278394,0.0796800969941275,30.571353183196518,1.455778723009358,0.019299292081865697,14.533995207746607,45.0,0.015002923223147363,0.05218380053214006,0.09671801861454837,real10kg_smc_steady,real10kg_mpc_event,-1.0,-1.0,predictive_alpha,1.0,0.25349875669595673,0.287547256222239,0.22237619956337204,0.0,transformer,16,True,2.5,1.0,0.75,real_10kg_v1,thruster,real_10kg_x,1.0,0.04634920634920635,0.1319047619047619,0.019299292081865697,0.002720039851378798,0.00844080973212718,0.012500000000000011,0.0006765471669065317,0.09485454419906698,0.0796800969941275,,
startup_0_3s,0.0,3.0,300,0.12642860958975816,0.12400635013864926,0.024629625415142083,0.9808408914804271,0.19481053770235643,0.037951145599881234,0.10995563025546268,0.22551944735749402,0.812345746731199,0.0,0.0,0.03253638630660223,0.004716327696411414,predictive_alpha,sinusoidal,2,20000,0.0,1.0,1.0,0.03,0.01,0.36650864884383694,1.0,1.0,1.0,0.08021098358792843,0.36650864884383694,0.09204447640064864,1.684430655346497,0.10524981405088897,0.12298961975042755,39.621028571208385,1.8867156462480181,0.018251917446253013,13.89208150241067,45.0,0.013776172596641413,0.05354655236072903,0.09204447640064864,real10kg_smc_steady,real10kg_mpc_event,-1.0,-1.0,predictive_alpha,1.0,0.25466062604872763,0.2817587384827249,0.23186321619759492,0.0,transformer,16,True,2.5,1.0,0.75,real_10kg_v1,thruster,real_10kg_x,1.0,0.07785714285714286,0.22047619047619046,0.018251917446253013,0.0025083457035773556,0.008087652282192166,0.012500000000000011,0.0006703753424098989,0.08497166795299817,0.12298961975042755,,
pre_step_3_10s,3.0,10.0,700,0.07027743945519915,0.06986273766174925,0.007623410180803912,0.9940990765078419,0.10847592399355593,0.011767026086255723,0.06798355639640964,0.09567832801642868,1.0,0.1019047619047619,0.3485714285714286,0.01311299452620903,0.0018027494556829124,predictive_alpha,sinusoidal,2,20000,0.0,1.0,1.0,0.03,0.01,0.36650864884383694,1.0,1.0,1.0,0.08021098358792843,0.36650864884383694,0.09204447640064864,1.684430655346497,0.10524981405088897,0.12298961975042755,39.621028571208385,1.8867156462480181,0.018251917446253013,13.89208150241067,45.0,0.013776172596641413,0.05354655236072903,0.09204447640064864,real10kg_smc_steady,real10kg_mpc_event,-1.0,-1.0,predictive_alpha,1.0,0.25466062604872763,0.2817587384827249,0.23186321619759492,0.0,transformer,16,True,2.5,1.0,0.75,real_10kg_v1,thruster,real_10kg_x,1.0,0.07785714285714286,0.22047619047619046,0.018251917446253013,0.0025083457035773556,0.008087652282192166,0.012500000000000011,0.0006703753424098989,0.08497166795299817,0.12298961975042755,,
step_recovery_10_13s,10.0,13.0,300,0.052261027541432234,0.05061549717383072,0.013011012471451701,0.9685132412236452,0.24896204846214795,0.061982101574468915,0.04674596125332653,0.07963870556053908,1.0,0.10444444444444445,0.31666666666666665,0.01367825870199685,0.0013991770118825632,predictive_alpha,sinusoidal,2,20000,0.0,1.0,1.0,0.03,0.01,0.36650864884383694,1.0,1.0,1.0,0.08021098358792843,0.36650864884383694,0.09204447640064864,1.684430655346497,0.10524981405088897,0.12298961975042755,39.621028571208385,1.8867156462480181,0.018251917446253013,13.89208150241067,45.0,0.013776172596641413,0.05354655236072903,0.09204447640064864,real10kg_smc_steady,real10kg_mpc_event,-1.0,-1.0,predictive_alpha,1.0,0.25466062604872763,0.2817587384827249,0.23186321619759492,0.0,transformer,16,True,2.5,1.0,0.75,real_10kg_v1,thruster,real_10kg_x,1.0,0.07785714285714286,0.22047619047619046,0.018251917446253013,0.0025083457035773556,0.008087652282192166,0.012500000000000011,0.0006703753424098989,0.08497166795299817,0.12298961975042755,,
post_step_13_20p9s,13.0,20.9,790,0.09753986689638798,0.09672782995036269,0.012559958091442959,0.9916748200314044,0.1287674311139343,0.016581051315681813,0.08908484315155295,0.32274779814422794,1.0,0.07067510548523206,0.14430379746835442,0.019364024760013865,0.002761884418123443,predictive_alpha,sinusoidal,2,20000,0.0,1.0,1.0,0.03,0.01,0.36650864884383694,1.0,1.0,1.0,0.08021098358792843,0.36650864884383694,0.09204447640064864,1.684430655346497,0.10524981405088897,0.12298961975042755,39.621028571208385,1.8867156462480181,0.018251917446253013,13.89208150241067,45.0,0.013776172596641413,0.05354655236072903,0.09204447640064864,real10kg_smc_steady,real10kg_mpc_event,-1.0,-1.0,predictive_alpha,1.0,0.25466062604872763,0.2817587384827249,0.23186321619759492,0.0,transformer,16,True,2.5,1.0,0.75,real_10kg_v1,thruster,real_10kg_x,1.0,0.07785714285714286,0.22047619047619046,0.018251917446253013,0.0025083457035773556,0.008087652282192166,0.012500000000000011,0.0006703753424098989,0.08497166795299817,0.12298961975042755,,
startup_0_3s,0.0,3.0,300,0.12870166181497064,0.12575138145647877,0.02739904771560935,0.9770765946850525,0.21288806476329647,0.045321328118661505,0.11226576603872464,0.22330476917094694,0.8045300989597448,0.0,0.0,0.03457012981618512,0.004931536791759711,predictive_alpha,sinusoidal,2,20001,0.0,1.0,1.0,0.03,0.01,0.36648865254252677,1.0,1.0,1.0,0.08048580870127142,0.36648865254252677,0.09242991478779526,1.6902019827266999,0.10523753644321403,0.12297941069187612,39.64742514098692,1.8879726257612817,0.01862233125039527,13.990228310741948,45.0,0.014497881755351622,0.05719388714101159,0.09242991478779526,real10kg_smc_steady,real10kg_mpc_event,-1.0,-1.0,predictive_alpha,1.0,0.2567638782995859,0.2813447361331778,0.2367298437523312,0.0,transformer,16,True,2.5,1.0,0.75,real_10kg_v1,thruster,real_10kg_x,1.0,0.07793650793650794,0.22142857142857142,0.01862233125039527,0.002541997599150477,0.008223980352449135,0.012500000000000011,0.0006730416221697729,0.08489101471869542,0.12297941069187612,,
pre_step_3_10s,3.0,10.0,700,0.07001876036065734,0.06960552981101908,0.007595855591735024,0.9940982881229294,0.10848314869628913,0.011768593551061177,0.06779707174178319,0.0946636191347239,1.0,0.10238095238095238,0.35285714285714287,0.01335243234034197,0.0018116406064330494,predictive_alpha,sinusoidal,2,20001,0.0,1.0,1.0,0.03,0.01,0.36648865254252677,1.0,1.0,1.0,0.08048580870127142,0.36648865254252677,0.09242991478779526,1.6902019827266999,0.10523753644321403,0.12297941069187612,39.64742514098692,1.8879726257612817,0.01862233125039527,13.990228310741948,45.0,0.014497881755351622,0.05719388714101159,0.09242991478779526,real10kg_smc_steady,real10kg_mpc_event,-1.0,-1.0,predictive_alpha,1.0,0.2567638782995859,0.2813447361331778,0.2367298437523312,0.0,transformer,16,True,2.5,1.0,0.75,real_10kg_v1,thruster,real_10kg_x,1.0,0.07793650793650794,0.22142857142857142,0.01862233125039527,0.002541997599150477,0.008223980352449135,0.012500000000000011,0.0006730416221697729,0.08489101471869542,0.12297941069187612,,
step_recovery_10_13s,10.0,13.0,300,0.052336941251220834,0.05069720262988051,0.012998040815391266,0.968669574833014,0.24835308492714156,0.06167925479282797,0.04681863447381617,0.07963097156108868,1.0,0.10444444444444445,0.31666666666666665,0.013681856736277712,0.0013974133284144837,predictive_alpha,sinusoidal,2,20001,0.0,1.0,1.0,0.03,0.01,0.36648865254252677,1.0,1.0,1.0,0.08048580870127142,0.36648865254252677,0.09242991478779526,1.6902019827266999,0.10523753644321403,0.12297941069187612,39.64742514098692,1.8879726257612817,0.01862233125039527,13.990228310741948,45.0,0.014497881755351622,0.05719388714101159,0.09242991478779526,real10kg_smc_steady,real10kg_mpc_event,-1.0,-1.0,predictive_alpha,1.0,0.2567638782995859,0.2813447361331778,0.2367298437523312,0.0,transformer,16,True,2.5,1.0,0.75,real_10kg_v1,thruster,real_10kg_x,1.0,0.07793650793650794,0.22142857142857142,0.01862233125039527,0.002541997599150477,0.008223980352449135,0.012500000000000011,0.0006730416221697729,0.08489101471869542,0.12297941069187612,,
post_step_13_20p9s,13.0,20.9,790,0.09753008525129915,0.09671778583464001,0.012561346757827607,0.9916712938928932,0.12879458400412178,0.016588044868794782,0.08907600413200913,0.32273092595283376,1.0,0.07046413502109705,0.14303797468354432,0.019364056165812542,0.002763350168269518,predictive_alpha,sinusoidal,2,20001,0.0,1.0,1.0,0.03,0.01,0.36648865254252677,1.0,1.0,1.0,0.08048580870127142,0.36648865254252677,0.09242991478779526,1.6902019827266999,0.10523753644321403,0.12297941069187612,39.64742514098692,1.8879726257612817,0.01862233125039527,13.990228310741948,45.0,0.014497881755351622,0.05719388714101159,0.09242991478779526,real10kg_smc_steady,real10kg_mpc_event,-1.0,-1.0,predictive_alpha,1.0,0.2567638782995859,0.2813447361331778,0.2367298437523312,0.0,transformer,16,True,2.5,1.0,0.75,real_10kg_v1,thruster,real_10kg_x,1.0,0.07793650793650794,0.22142857142857142,0.01862233125039527,0.002541997599150477,0.008223980352449135,0.012500000000000011,0.0006730416221697729,0.08489101471869542,0.12297941069187612,,
startup_0_3s,0.0,3.0,300,0.12333630980369226,0.12089048743020137,0.024440445267643544,0.9801694863630688,0.19816099011348792,0.03926777800275786,0.10733873691895987,0.22015454647002353,0.7993316845998725,0.0,0.0,0.03197656641224347,0.004637415013839653,predictive_alpha,sinusoidal,2,20002,0.0,1.0,1.0,0.03,0.01,0.36649000488731764,1.0,1.0,1.0,0.07974650318523605,0.36649000488731764,0.09136633418526642,1.674676566889957,0.10523646904465661,0.12297871024412224,39.636778333896174,1.8874656349474368,0.018134698974201,13.947674017810597,45.0,0.013723613459335655,0.05243148300795791,0.09136633418526642,real10kg_smc_steady,real10kg_mpc_event,-1.0,-1.0,predictive_alpha,1.0,0.2550304092521579,0.28241188070646384,0.23141532609865645,0.0,transformer,16,True,2.5,1.0,0.75,real_10kg_v1,thruster,real_10kg_x,1.0,0.0776984126984127,0.2195238095238095,0.018134698974201,0.0024917822601427425,0.00806549349422255,0.012500000000000011,0.0006694557187331066,0.08487520627484423,0.12297871024412224,,
pre_step_3_10s,3.0,10.0,700,0.06996519551841482,0.06954936181375328,0.007616748337030044,0.9940565633872617,0.10886481886590767,0.011851548786706885,0.06768030121569323,0.095063174237445,1.0,0.10142857142857142,0.3457142857142857,0.013003067571868669,0.0017935883476347377,predictive_alpha,sinusoidal,2,20002,0.0,1.0,1.0,0.03,0.01,0.36649000488731764,1.0,1.0,1.0,0.07974650318523605,0.36649000488731764,0.09136633418526642,1.674676566889957,0.10523646904465661,0.12297871024412224,39.636778333896174,1.8874656349474368,0.018134698974201,13.947674017810597,45.0,0.013723613459335655,0.05243148300795791,0.09136633418526642,real10kg_smc_steady,real10kg_mpc_event,-1.0,-1.0,predictive_alpha,1.0,0.2550304092521579,0.28241188070646384,0.23141532609865645,0.0,transformer,16,True,2.5,1.0,0.75,real_10kg_v1,thruster,real_10kg_x,1.0,0.0776984126984127,0.2195238095238095,0.018134698974201,0.0024917822601427425,0.00806549349422255,0.012500000000000011,0.0006694557187331066,0.08487520627484423,0.12297871024412224,,
step_recovery_10_13s,10.0,13.0,300,0.052377279888614625,0.0507416365509221,0.012987138586478575,0.9687718922943138,0.24795366643890226,0.06148102070049441,0.04686369174392939,0.07961577279550025,1.0,0.10444444444444445,0.31666666666666665,0.01367356644053687,0.0013804172328643358,predictive_alpha,sinusoidal,2,20002,0.0,1.0,1.0,0.03,0.01,0.36649000488731764,1.0,1.0,1.0,0.07974650318523605,0.36649000488731764,0.09136633418526642,1.674676566889957,0.10523646904465661,0.12297871024412224,39.636778333896174,1.8874656349474368,0.018134698974201,13.947674017810597,45.0,0.013723613459335655,0.05243148300795791,0.09136633418526642,real10kg_smc_steady,real10kg_mpc_event,-1.0,-1.0,predictive_alpha,1.0,0.2550304092521579,0.28241188070646384,0.23141532609865645,0.0,transformer,16,True,2.5,1.0,0.75,real_10kg_v1,thruster,real_10kg_x,1.0,0.0776984126984127,0.2195238095238095,0.018134698974201,0.0024917822601427425,0.00806549349422255,0.012500000000000011,0.0006694557187331066,0.08487520627484423,0.12297871024412224,,
post_step_13_20p9s,13.0,20.9,790,0.09752451030865751,0.09671226501918481,0.012560569485592848,0.9916713727974433,0.1287939764664249,0.01658788837403401,0.08906812450470762,0.3227322916546028,1.0,0.07067510548523206,0.14430379746835442,0.01936299936462573,0.0027632145796984914,predictive_alpha,sinusoidal,2,20002,0.0,1.0,1.0,0.03,0.01,0.36649000488731764,1.0,1.0,1.0,0.07974650318523605,0.36649000488731764,0.09136633418526642,1.674676566889957,0.10523646904465661,0.12297871024412224,39.636778333896174,1.8874656349474368,0.018134698974201,13.947674017810597,45.0,0.013723613459335655,0.05243148300795791,0.09136633418526642,real10kg_smc_steady,real10kg_mpc_event,-1.0,-1.0,predictive_alpha,1.0,0.2550304092521579,0.28241188070646384,0.23141532609865645,0.0,transformer,16,True,2.5,1.0,0.75,real_10kg_v1,thruster,real_10kg_x,1.0,0.0776984126984127,0.2195238095238095,0.018134698974201,0.0024917822601427425,0.00806549349422255,0.012500000000000011,0.0006694557187331066,0.08487520627484423,0.12297871024412224,,
startup_0_3s,0.0,3.0,300,0.1475377581510629,0.14357693545405084,0.03395664420794333,0.9731538370472147,0.2301556200493121,0.0529716094402833,0.12920415954143363,0.2400563610257897,0.8330147890925935,0.0,0.0,0.0411997251328324,0.005785142577467653,predictive_alpha,sinusoidal,2,20003,0.0,1.0,1.0,0.03,0.01,0.3666306529980879,1.0,1.0,1.0,0.08314179255336768,0.3666306529980879,0.09655909149930796,1.7459776436207213,0.10545731120718561,0.12317746593410368,39.79270910745961,1.894890909879029,0.019589157175119134,14.214721011535474,45.0,0.016331623059741365,0.06505459555142026,0.09655909149930796,real10kg_smc_steady,real10kg_mpc_event,-1.0,-1.0,predictive_alpha,1.0,0.26247789219840406,0.28145999640937397,0.24790795600626594,0.0,transformer,16,True,2.5,1.0,0.75,real_10kg_v1,thruster,real_10kg_x,1.0,0.07825396825396826,0.22380952380952382,0.019589157175119134,0.002639607233980318,0.00835973375430777,0.012500000000000011,0.0006520520212317168,0.08514518676742737,0.12317746593410368,,
pre_step_3_10s,3.0,10.0,700,0.07055946859232395,0.0701650955629365,0.007449696146497481,0.9944107709814816,0.10558038906925557,0.01114721855601538,0.06831822530196077,0.09576292666969054,1.0,0.1030952380952381,0.36142857142857143,0.01341606875454773,0.001746210291488176,predictive_alpha,sinusoidal,2,20003,0.0,1.0,1.0,0.03,0.01,0.3666306529980879,1.0,1.0,1.0,0.08314179255336768,0.3666306529980879,0.09655909149930796,1.7459776436207213,0.10545731120718561,0.12317746593410368,39.79270910745961,1.894890909879029,0.019589157175119134,14.214721011535474,45.0,0.016331623059741365,0.06505459555142026,0.09655909149930796,real10kg_smc_steady,real10kg_mpc_event,-1.0,-1.0,predictive_alpha,1.0,0.26247789219840406,0.28145999640937397,0.24790795600626594,0.0,transformer,16,True,2.5,1.0,0.75,real_10kg_v1,thruster,real_10kg_x,1.0,0.07825396825396826,0.22380952380952382,0.019589157175119134,0.002639607233980318,0.00835973375430777,0.012500000000000011,0.0006520520212317168,0.08514518676742737,0.12317746593410368,,
step_recovery_10_13s,10.0,13.0,300,0.05224883722199499,0.05062117308499619,0.01293977691265914,0.9688478399991338,0.24765674416218264,0.06133386292901279,0.04679041239928464,0.07942877238118191,1.0,0.10444444444444445,0.31666666666666665,0.013560720027323139,0.0013613068263551881,predictive_alpha,sinusoidal,2,20003,0.0,1.0,1.0,0.03,0.01,0.3666306529980879,1.0,1.0,1.0,0.08314179255336768,0.3666306529980879,0.09655909149930796,1.7459776436207213,0.10545731120718561,0.12317746593410368,39.79270910745961,1.894890909879029,0.019589157175119134,14.214721011535474,45.0,0.016331623059741365,0.06505459555142026,0.09655909149930796,real10kg_smc_steady,real10kg_mpc_event,-1.0,-1.0,predictive_alpha,1.0,0.26247789219840406,0.28145999640937397,0.24790795600626594,0.0,transformer,16,True,2.5,1.0,0.75,real_10kg_v1,thruster,real_10kg_x,1.0,0.07825396825396826,0.22380952380952382,0.019589157175119134,0.002639607233980318,0.00835973375430777,0.012500000000000011,0.0006520520212317168,0.08514518676742737,0.12317746593410368,,
post_step_13_20p9s,13.0,20.9,790,0.0976999664159253,0.09688887269572134,0.012563032493201358,0.9916981166938074,0.12858788957734543,0.01653484534595558,0.08925074572793765,0.3229286243797268,1.0,0.07067510548523206,0.14177215189873418,0.01941390929719074,0.0027718762363118233,predictive_alpha,sinusoidal,2,20003,0.0,1.0,1.0,0.03,0.01,0.3666306529980879,1.0,1.0,1.0,0.08314179255336768,0.3666306529980879,0.09655909149930796,1.7459776436207213,0.10545731120718561,0.12317746593410368,39.79270910745961,1.894890909879029,0.019589157175119134,14.214721011535474,45.0,0.016331623059741365,0.06505459555142026,0.09655909149930796,real10kg_smc_steady,real10kg_mpc_event,-1.0,-1.0,predictive_alpha,1.0,0.26247789219840406,0.28145999640937397,0.24790795600626594,0.0,transformer,16,True,2.5,1.0,0.75,real_10kg_v1,thruster,real_10kg_x,1.0,0.07825396825396826,0.22380952380952382,0.019589157175119134,0.002639607233980318,0.00835973375430777,0.012500000000000011,0.0006520520212317168,0.08514518676742737,0.12317746593410368,,
startup_0_3s,0.0,3.0,300,0.1255985474092564,0.12313531220163305,0.02475257563005483,0.9803880278997413,0.19707692597271714,0.03883931475085583,0.1090975006539665,0.2222993737488647,0.806649115961797,0.0,0.0,0.03309376351749274,0.004817285175334396,predictive_alpha,sinusoidal,2,20004,0.0,1.0,1.0,0.03,0.01,0.36649017598542166,1.0,1.0,1.0,0.0799702614198034,0.36649017598542166,0.0917703222888864,1.6793754898158717,0.10524371087462392,0.12298396491787163,39.65497019043154,1.8883319138300734,0.01837411342549546,13.985196432303148,45.0,0.013800136696671385,0.05429838370911527,0.0917703222888864,real10kg_smc_steady,real10kg_mpc_event,-1.0,-1.0,predictive_alpha,1.0,0.25593954158945764,0.2821886860411565,0.2340334685637416,0.0,transformer,16,True,2.5,1.0,0.75,real_10kg_v1,thruster,real_10kg_x,1.0,0.07793650793650794,0.22142857142857142,0.01837411342549546,0.0025182918851971263,0.008160634280180119,0.012500000000000011,0.0006517155976978287,0.08483076216770985,0.12298396491787163,,
pre_step_3_10s,3.0,10.0,700,0.06980447015132749,0.06938989112233102,0.007596516513417051,0.994060852720496,0.10882564536266431,0.01184302108860038,0.06757660812742819,0.09430997736019495,1.0,0.10214285714285715,0.3514285714285714,0.01323315267193322,0.0017968979715213208,predictive_alpha,sinusoidal,2,20004,0.0,1.0,1.0,0.03,0.01,0.36649017598542166,1.0,1.0,1.0,0.0799702614198034,0.36649017598542166,0.0917703222888864,1.6793754898158717,0.10524371087462392,0.12298396491787163,39.65497019043154,1.8883319138300734,0.01837411342549546,13.985196432303148,45.0,0.013800136696671385,0.05429838370911527,0.0917703222888864,real10kg_smc_steady,real10kg_mpc_event,-1.0,-1.0,predictive_alpha,1.0,0.25593954158945764,0.2821886860411565,0.2340334685637416,0.0,transformer,16,True,2.5,1.0,0.75,real_10kg_v1,thruster,real_10kg_x,1.0,0.07793650793650794,0.22142857142857142,0.01837411342549546,0.0025182918851971263,0.008160634280180119,0.012500000000000011,0.0006517155976978287,0.08483076216770985,0.12298396491787163,,
step_recovery_10_13s,10.0,13.0,300,0.05242443081382819,0.050789219341299235,0.012991387333739748,0.9688082169487736,0.24781170023333776,0.06141063877253766,0.04690012154733567,0.07963209702116245,1.0,0.105,0.32,0.013696934705983127,0.0013806374289390259,predictive_alpha,sinusoidal,2,20004,0.0,1.0,1.0,0.03,0.01,0.36649017598542166,1.0,1.0,1.0,0.0799702614198034,0.36649017598542166,0.0917703222888864,1.6793754898158717,0.10524371087462392,0.12298396491787163,39.65497019043154,1.8883319138300734,0.01837411342549546,13.985196432303148,45.0,0.013800136696671385,0.05429838370911527,0.0917703222888864,real10kg_smc_steady,real10kg_mpc_event,-1.0,-1.0,predictive_alpha,1.0,0.25593954158945764,0.2821886860411565,0.2340334685637416,0.0,transformer,16,True,2.5,1.0,0.75,real_10kg_v1,thruster,real_10kg_x,1.0,0.07793650793650794,0.22142857142857142,0.01837411342549546,0.0025182918851971263,0.008160634280180119,0.012500000000000011,0.0006517155976978287,0.08483076216770985,0.12298396491787163,,
post_step_13_20p9s,13.0,20.9,790,0.09752878347500434,0.09671658524938355,0.012560483422742965,0.9916722202750643,0.12878745099862846,0.01658620753472412,0.08907307107644985,0.3227346219989213,1.0,0.07046413502109705,0.14303797468354432,0.019363866104984123,0.0027627534304596824,predictive_alpha,sinusoidal,2,20004,0.0,1.0,1.0,0.03,0.01,0.36649017598542166,1.0,1.0,1.0,0.0799702614198034,0.36649017598542166,0.0917703222888864,1.6793754898158717,0.10524371087462392,0.12298396491787163,39.65497019043154,1.8883319138300734,0.01837411342549546,13.985196432303148,45.0,0.013800136696671385,0.05429838370911527,0.0917703222888864,real10kg_smc_steady,real10kg_mpc_event,-1.0,-1.0,predictive_alpha,1.0,0.25593954158945764,0.2821886860411565,0.2340334685637416,0.0,transformer,16,True,2.5,1.0,0.75,real_10kg_v1,thruster,real_10kg_x,1.0,0.07793650793650794,0.22142857142857142,0.01837411342549546,0.0025182918851971263,0.008160634280180119,0.012500000000000011,0.0006517155976978287,0.08483076216770985,0.12298396491787163,,
startup_0_3s,0.0,3.0,300,0.13150288495841908,0.12841024859469635,0.0283516632357871,0.9764823686970775,0.2155972718374341,0.04648218362374445,0.11509032161631254,0.23166404140791794,0.820943649047568,0.0,0.0,0.03539636249381508,0.005141919594976184,predictive_alpha,sinusoidal,2,20005,0.0,1.0,1.0,0.03,0.01,0.3664876257802821,1.0,1.0,1.0,0.08097918989682501,0.3664876257802821,0.093095047559896,1.7005629878333253,0.10523955922851172,0.12297985911553254,39.65520681677309,1.8883431817510992,0.018667260973417157,13.948042172486547,45.0,0.014749774548756102,0.05826881077582635,0.093095047559896,real10kg_smc_steady,real10kg_mpc_event,-1.0,-1.0,predictive_alpha,1.0,0.2564557054010232,0.282119575284542,0.2357449249117746,0.0,transformer,16,True,2.5,1.0,0.75,real_10kg_v1,thruster,real_10kg_x,1.0,0.07825396825396826,0.22523809523809524,0.018667260973417157,0.0025413118371066467,0.008139097962904481,0.012500000000000011,0.0006479896590047118,0.08502333641307729,0.12297985911553254,,
pre_step_3_10s,3.0,10.0,700,0.07046513853842919,0.07005661508892687,0.007576703209309726,0.9942024743302034,0.10752413699119688,0.011561440035701672,0.06809588989580255,0.09614321181418507,1.0,0.1030952380952381,0.3628571428571429,0.013197314201013298,0.0017178340756218058,predictive_alpha,sinusoidal,2,20005,0.0,1.0,1.0,0.03,0.01,0.3664876257802821,1.0,1.0,1.0,0.08097918989682501,0.3664876257802821,0.093095047559896,1.7005629878333253,0.10523955922851172,0.12297985911553254,39.65520681677309,1.8883431817510992,0.018667260973417157,13.948042172486547,45.0,0.014749774548756102,0.05826881077582635,0.093095047559896,real10kg_smc_steady,real10kg_mpc_event,-1.0,-1.0,predictive_alpha,1.0,0.2564557054010232,0.282119575284542,0.2357449249117746,0.0,transformer,16,True,2.5,1.0,0.75,real_10kg_v1,thruster,real_10kg_x,1.0,0.07825396825396826,0.22523809523809524,0.018667260973417157,0.0025413118371066467,0.008139097962904481,0.012500000000000011,0.0006479896590047118,0.08502333641307729,0.12297985911553254,,
step_recovery_10_13s,10.0,13.0,300,0.052257570399364746,0.0506220429968107,0.01297160078300326,0.9687025747646714,0.24822433733277705,0.06161532164429629,0.04677172334327923,0.07962727226525257,1.0,0.10444444444444445,0.31666666666666665,0.013553447766438555,0.001395711372417411,predictive_alpha,sinusoidal,2,20005,0.0,1.0,1.0,0.03,0.01,0.3664876257802821,1.0,1.0,1.0,0.08097918989682501,0.3664876257802821,0.093095047559896,1.7005629878333253,0.10523955922851172,0.12297985911553254,39.65520681677309,1.8883431817510992,0.018667260973417157,13.948042172486547,45.0,0.014749774548756102,0.05826881077582635,0.093095047559896,real10kg_smc_steady,real10kg_mpc_event,-1.0,-1.0,predictive_alpha,1.0,0.2564557054010232,0.282119575284542,0.2357449249117746,0.0,transformer,16,True,2.5,1.0,0.75,real_10kg_v1,thruster,real_10kg_x,1.0,0.07825396825396826,0.22523809523809524,0.018667260973417157,0.0025413118371066467,0.008139097962904481,0.012500000000000011,0.0006479896590047118,0.08502333641307729,0.12297985911553254,,
post_step_13_20p9s,13.0,20.9,790,0.09752406598360672,0.0967120971076057,0.012558412281173216,0.9916741691621276,0.12877244354520884,0.016582342216603995,0.08906796149369725,0.3227292130404069,1.0,0.07067510548523206,0.14430379746835442,0.019358458440269562,0.0027642055900444617,predictive_alpha,sinusoidal,2,20005,0.0,1.0,1.0,0.03,0.01,0.3664876257802821,1.0,1.0,1.0,0.08097918989682501,0.3664876257802821,0.093095047559896,1.7005629878333253,0.10523955922851172,0.12297985911553254,39.65520681677309,1.8883431817510992,0.018667260973417157,13.948042172486547,45.0,0.014749774548756102,0.05826881077582635,0.093095047559896,real10kg_smc_steady,real10kg_mpc_event,-1.0,-1.0,predictive_alpha,1.0,0.2564557054010232,0.282119575284542,0.2357449249117746,0.0,transformer,16,True,2.5,1.0,0.75,real_10kg_v1,thruster,real_10kg_x,1.0,0.07825396825396826,0.22523809523809524,0.018667260973417157,0.0025413118371066467,0.008139097962904481,0.012500000000000011,0.0006479896590047118,0.08502333641307729,0.12297985911553254,,
startup_0_3s,0.0,3.0,300,0.12531103166077118,0.12279995749013584,0.024960470674801536,0.9799612680754791,0.19918813486726286,0.039675913071898904,0.10943783446113746,0.22439391418463034,0.8081276612574503,0.0,0.0,0.03307751373294469,0.004841291305533125,predictive_alpha,sinusoidal,2,20006,0.0,1.0,1.0,0.03,0.01,0.36647721646117865,1.0,1.0,1.0,0.08014411762996847,0.36647721646117865,0.09182521637582054,1.6830264702293378,0.10526981485851172,0.12299708560994067,39.61722038718896,1.886534304151855,0.01834836568809952,13.866183727911075,45.0,0.013863446964920036,0.054479334348779496,0.09182521637582054,real10kg_smc_steady,real10kg_mpc_event,-1.0,-1.0,predictive_alpha,1.0,0.2546302264721334,0.28220723479764237,0.2314343553158133,0.0,transformer,16,True,2.5,1.0,0.75,real_10kg_v1,thruster,real_10kg_x,1.0,0.07793650793650794,0.2219047619047619,0.01834836568809952,0.0025070007492823247,0.008131241940251296,0.012500000000000011,0.0006692945387174604,0.08497081644244789,0.12299708560994067,,
pre_step_3_10s,3.0,10.0,700,0.07026631101855456,0.06984988005522558,0.007638633413565534,0.9940735331442259,0.10870975440205581,0.011817810702155292,0.06799137618882115,0.0949062196944111,1.0,0.10214285714285715,0.35285714285714287,0.013185474142244906,0.0017680778477956953,predictive_alpha,sinusoidal,2,20006,0.0,1.0,1.0,0.03,0.01,0.36647721646117865,1.0,1.0,1.0,0.08014411762996847,0.36647721646117865,0.09182521637582054,1.6830264702293378,0.10526981485851172,0.12299708560994067,39.61722038718896,1.886534304151855,0.01834836568809952,13.866183727911075,45.0,0.013863446964920036,0.054479334348779496,0.09182521637582054,real10kg_smc_steady,real10kg_mpc_event,-1.0,-1.0,predictive_alpha,1.0,0.2546302264721334,0.28220723479764237,0.2314343553158133,0.0,transformer,16,True,2.5,1.0,0.75,real_10kg_v1,thruster,real_10kg_x,1.0,0.07793650793650794,0.2219047619047619,0.01834836568809952,0.0025070007492823247,0.008131241940251296,0.012500000000000011,0.0006692945387174604,0.08497081644244789,0.12299708560994067,,
step_recovery_10_13s,10.0,13.0,300,0.052317804692056005,0.050672439880383294,0.013017546787511772,0.9685505762071369,0.2488167625559482,0.06190978132882311,0.0467925485410393,0.07969546529915403,1.0,0.10444444444444445,0.31666666666666665,0.013676072650391441,0.0013990246499727664,predictive_alpha,sinusoidal,2,20006,0.0,1.0,1.0,0.03,0.01,0.36647721646117865,1.0,1.0,1.0,0.08014411762996847,0.36647721646117865,0.09182521637582054,1.6830264702293378,0.10526981485851172,0.12299708560994067,39.61722038718896,1.886534304151855,0.01834836568809952,13.866183727911075,45.0,0.013863446964920036,0.054479334348779496,0.09182521637582054,real10kg_smc_steady,real10kg_mpc_event,-1.0,-1.0,predictive_alpha,1.0,0.2546302264721334,0.28220723479764237,0.2314343553158133,0.0,transformer,16,True,2.5,1.0,0.75,real_10kg_v1,thruster,real_10kg_x,1.0,0.07793650793650794,0.2219047619047619,0.01834836568809952,0.0025070007492823247,0.008131241940251296,0.012500000000000011,0.0006692945387174604,0.08497081644244789,0.12299708560994067,,
post_step_13_20p9s,13.0,20.9,790,0.09753509484254339,0.09672357553005813,0.012555662572125597,0.9916797198608835,0.12872969050160804,0.016571333216639797,0.08907949519341753,0.32271761118477904,1.0,0.07067510548523206,0.14430379746835442,0.0193535022399256,0.002740877133986827,predictive_alpha,sinusoidal,2,20006,0.0,1.0,1.0,0.03,0.01,0.36647721646117865,1.0,1.0,1.0,0.08014411762996847,0.36647721646117865,0.09182521637582054,1.6830264702293378,0.10526981485851172,0.12299708560994067,39.61722038718896,1.886534304151855,0.01834836568809952,13.866183727911075,45.0,0.013863446964920036,0.054479334348779496,0.09182521637582054,real10kg_smc_steady,real10kg_mpc_event,-1.0,-1.0,predictive_alpha,1.0,0.2546302264721334,0.28220723479764237,0.2314343553158133,0.0,transformer,16,True,2.5,1.0,0.75,real_10kg_v1,thruster,real_10kg_x,1.0,0.07793650793650794,0.2219047619047619,0.01834836568809952,0.0025070007492823247,0.008131241940251296,0.012500000000000011,0.0006692945387174604,0.08497081644244789,0.12299708560994067,,
startup_0_3s,0.0,3.0,300,0.13731077121733015,0.1331861281704745,0.03340214297400567,0.9699612564237418,0.24325945210181696,0.05917516103687618,0.12012119540514139,0.22901218478678886,0.8078918554664852,0.0,0.0,0.038507148050121585,0.005434522043158452,predictive_alpha,sinusoidal,2,20007,0.0,1.0,1.0,0.03,0.01,0.36647879870511924,1.0,1.0,1.0,0.0817111262728673,0.36647879870511924,0.09427421416622088,1.715933651730213,0.10525213465093779,0.12298847178945779,39.709404133081264,1.8909240063372033,0.019159284747917272,14.140123740255271,45.0,0.01617374012538264,0.062484307117608516,0.09427421416622088,real10kg_smc_steady,real10kg_mpc_event,-1.0,-1.0,predictive_alpha,1.0,0.25985758167050854,0.28060312185467784,0.24318220593024134,0.0,transformer,16,True,2.5,1.0,0.75,real_10kg_v1,thruster,real_10kg_x,1.0,0.07833333333333334,0.22523809523809524,0.019159284747917272,0.0025761120898382182,0.008282059399679591,0.012500000000000011,0.0006468063768399913,0.08500896453150436,0.12298847178945779,,
pre_step_3_10s,3.0,10.0,700,0.07039701686940221,0.06999869665755662,0.007478131474791667,0.994341802684842,0.10622795975381746,0.011284379433458662,0.06810906767816176,0.0960700704441609,1.0,0.10357142857142858,0.36428571428571427,0.01333108130183678,0.001710199403130427,predictive_alpha,sinusoidal,2,20007,0.0,1.0,1.0,0.03,0.01,0.36647879870511924,1.0,1.0,1.0,0.0817111262728673,0.36647879870511924,0.09427421416622088,1.715933651730213,0.10525213465093779,0.12298847178945779,39.709404133081264,1.8909240063372033,0.019159284747917272,14.140123740255271,45.0,0.01617374012538264,0.062484307117608516,0.09427421416622088,real10kg_smc_steady,real10kg_mpc_event,-1.0,-1.0,predictive_alpha,1.0,0.25985758167050854,0.28060312185467784,0.24318220593024134,0.0,transformer,16,True,2.5,1.0,0.75,real_10kg_v1,thruster,real_10kg_x,1.0,0.07833333333333334,0.22523809523809524,0.019159284747917272,0.0025761120898382182,0.008282059399679591,0.012500000000000011,0.0006468063768399913,0.08500896453150436,0.12298847178945779,,
step_recovery_10_13s,10.0,13.0,300,0.05222318795506293,0.050591016198613954,0.012954166904182225,0.9687462251853827,0.24805392798557305,0.06153075118907186,0.04675626587081255,0.07946935187581791,1.0,0.10444444444444445,0.31666666666666665,0.013566936893638611,0.001363701288077448,predictive_alpha,sinusoidal,2,20007,0.0,1.0,1.0,0.03,0.01,0.36647879870511924,1.0,1.0,1.0,0.0817111262728673,0.36647879870511924,0.09427421416622088,1.715933651730213,0.10525213465093779,0.12298847178945779,39.709404133081264,1.8909240063372033,0.019159284747917272,14.140123740255271,45.0,0.01617374012538264,0.062484307117608516,0.09427421416622088,real10kg_smc_steady,real10kg_mpc_event,-1.0,-1.0,predictive_alpha,1.0,0.25985758167050854,0.28060312185467784,0.24318220593024134,0.0,transformer,16,True,2.5,1.0,0.75,real_10kg_v1,thruster,real_10kg_x,1.0,0.07833333333333334,0.22523809523809524,0.019159284747917272,0.0025761120898382182,0.008282059399679591,0.012500000000000011,0.0006468063768399913,0.08500896453150436,0.12298847178945779,,
post_step_13_20p9s,13.0,20.9,790,0.0975464999216815,0.09673410189641007,0.012563167485374177,0.9916716845204729,0.12879157627860496,0.01658727012032772,0.08909746162424632,0.32272133572578166,1.0,0.07046413502109705,0.14303797468354432,0.019366029768981493,0.002765965211443892,predictive_alpha,sinusoidal,2,20007,0.0,1.0,1.0,0.03,0.01,0.36647879870511924,1.0,1.0,1.0,0.0817111262728673,0.36647879870511924,0.09427421416622088,1.715933651730213,0.10525213465093779,0.12298847178945779,39.709404133081264,1.8909240063372033,0.019159284747917272,14.140123740255271,45.0,0.01617374012538264,0.062484307117608516,0.09427421416622088,real10kg_smc_steady,real10kg_mpc_event,-1.0,-1.0,predictive_alpha,1.0,0.25985758167050854,0.28060312185467784,0.24318220593024134,0.0,transformer,16,True,2.5,1.0,0.75,real_10kg_v1,thruster,real_10kg_x,1.0,0.07833333333333334,0.22523809523809524,0.019159284747917272,0.0025761120898382182,0.008282059399679591,0.012500000000000011,0.0006468063768399913,0.08500896453150436,0.12298847178945779,,
startup_0_3s,0.0,3.0,300,0.11357275632554806,0.11100967680488175,0.023992136942298754,0.9774322680580242,0.21124905055158683,0.044626161358946884,0.09930956374416794,0.20289280979130103,0.7604406981255915,0.0,0.0,0.03085423717061849,0.004507647632826527,predictive_alpha,sinusoidal,2,20008,0.0,1.0,1.0,0.03,0.01,0.3665012684973373,1.0,1.0,1.0,0.0785113989979347,0.3665012684973373,0.08946163966216213,1.648739378956629,0.10525637848539984,0.12299085461979366,39.60987743908806,1.8861846399565743,0.01802103738364448,13.965955397845834,45.0,0.01360787944011762,0.04973224584058883,0.08946163966216213,real10kg_smc_steady,real10kg_mpc_event,-1.0,-1.0,predictive_alpha,1.0,0.25471187859245775,0.2829283059405825,0.2293748679751852,0.0,transformer,16,True,2.5,1.0,0.75,real_10kg_v1,thruster,real_10kg_x,1.0,0.07817460317460317,0.22142857142857142,0.01802103738364448,0.0024622397672703464,0.00807454629684288,0.012500000000000011,0.0006725438733141272,0.08477904990612899,0.12299085461979366,,
pre_step_3_10s,3.0,10.0,700,0.06962526647424765,0.06920894868292937,0.007602575472406895,0.9940205932070327,0.10919276661179984,0.01192306028033899,0.067378804424022,0.09424812388953055,1.0,0.10261904761904762,0.35,0.013130548829770316,0.0017608182870432183,predictive_alpha,sinusoidal,2,20008,0.0,1.0,1.0,0.03,0.01,0.3665012684973373,1.0,1.0,1.0,0.0785113989979347,0.3665012684973373,0.08946163966216213,1.648739378956629,0.10525637848539984,0.12299085461979366,39.60987743908806,1.8861846399565743,0.01802103738364448,13.965955397845834,45.0,0.01360787944011762,0.04973224584058883,0.08946163966216213,real10kg_smc_steady,real10kg_mpc_event,-1.0,-1.0,predictive_alpha,1.0,0.25471187859245775,0.2829283059405825,0.2293748679751852,0.0,transformer,16,True,2.5,1.0,0.75,real_10kg_v1,thruster,real_10kg_x,1.0,0.07817460317460317,0.22142857142857142,0.01802103738364448,0.0024622397672703464,0.00807454629684288,0.012500000000000011,0.0006725438733141272,0.08477904990612899,0.12299085461979366,,
step_recovery_10_13s,10.0,13.0,300,0.05247210294785353,0.05083763533376932,0.01299447657433067,0.968850731679107,0.24764543146373424,0.06132825972485909,0.04693991227154788,0.07964367328268156,1.0,0.105,0.32,0.013707346896894866,0.0013703373830714872,predictive_alpha,sinusoidal,2,20008,0.0,1.0,1.0,0.03,0.01,0.3665012684973373,1.0,1.0,1.0,0.0785113989979347,0.3665012684973373,0.08946163966216213,1.648739378956629,0.10525637848539984,0.12299085461979366,39.60987743908806,1.8861846399565743,0.01802103738364448,13.965955397845834,45.0,0.01360787944011762,0.04973224584058883,0.08946163966216213,real10kg_smc_steady,real10kg_mpc_event,-1.0,-1.0,predictive_alpha,1.0,0.25471187859245775,0.2829283059405825,0.2293748679751852,0.0,transformer,16,True,2.5,1.0,0.75,real_10kg_v1,thruster,real_10kg_x,1.0,0.07817460317460317,0.22142857142857142,0.01802103738364448,0.0024622397672703464,0.00807454629684288,0.012500000000000011,0.0006725438733141272,0.08477904990612899,0.12299085461979366,,
post_step_13_20p9s,13.0,20.9,790,0.09752966823593026,0.09671783106473351,0.012557760164308483,0.991675997818091,0.12875836031688828,0.01657871535149363,0.08907205873502916,0.32274106884821013,1.0,0.07067510548523206,0.14430379746835442,0.019363124019498724,0.0027660556428595108,predictive_alpha,sinusoidal,2,20008,0.0,1.0,1.0,0.03,0.01,0.3665012684973373,1.0,1.0,1.0,0.0785113989979347,0.3665012684973373,0.08946163966216213,1.648739378956629,0.10525637848539984,0.12299085461979366,39.60987743908806,1.8861846399565743,0.01802103738364448,13.965955397845834,45.0,0.01360787944011762,0.04973224584058883,0.08946163966216213,real10kg_smc_steady,real10kg_mpc_event,-1.0,-1.0,predictive_alpha,1.0,0.25471187859245775,0.2829283059405825,0.2293748679751852,0.0,transformer,16,True,2.5,1.0,0.75,real_10kg_v1,thruster,real_10kg_x,1.0,0.07817460317460317,0.22142857142857142,0.01802103738364448,0.0024622397672703464,0.00807454629684288,0.012500000000000011,0.0006725438733141272,0.08477904990612899,0.12299085461979366,,
startup_0_3s,0.0,3.0,300,0.11403977008387917,0.11013797841579959,0.029575240848806094,0.9657856933137474,0.2593414633075176,0.06725799459048451,0.1018451835326133,0.1987589265062607,0.7440942178919595,0.0,0.0,0.03442197431640228,0.005190623468920973,predictive_alpha,sinusoidal,2,20009,0.0,1.0,1.0,0.03,0.01,0.3664889977152724,1.0,1.0,1.0,0.07909573140699883,0.3664889977152724,0.08976616241064328,1.6610103595469752,0.10527169876181063,0.12299892045136658,39.53590710188399,1.882662242946857,0.01851769445314703,13.872897340330224,45.0,0.015106624213308457,0.05626966431960606,0.08976616241064328,real10kg_smc_steady,real10kg_mpc_event,-1.0,-1.0,predictive_alpha,1.0,0.254386925765637,0.2823542061829098,0.23192128659494865,0.0,transformer,16,True,2.5,1.0,0.75,real_10kg_v1,thruster,real_10kg_x,1.0,0.07857142857142857,0.2261904761904762,0.01851769445314703,0.002536496951182316,0.008084157523697733,0.012500000000000011,0.0006511895104613717,0.0850496700334123,0.12299892045136658,,
pre_step_3_10s,3.0,10.0,700,0.07053754843110102,0.07011962151664397,0.007667099649314701,0.9940751142653438,0.10869529519875072,0.01181466719834356,0.06812357527035348,0.09642932114864633,1.0,0.10404761904761904,0.3657142857142857,0.013145671704534963,0.0016957507977732773,predictive_alpha,sinusoidal,2,20009,0.0,1.0,1.0,0.03,0.01,0.3664889977152724,1.0,1.0,1.0,0.07909573140699883,0.3664889977152724,0.08976616241064328,1.6610103595469752,0.10527169876181063,0.12299892045136658,39.53590710188399,1.882662242946857,0.01851769445314703,13.872897340330224,45.0,0.015106624213308457,0.05626966431960606,0.08976616241064328,real10kg_smc_steady,real10kg_mpc_event,-1.0,-1.0,predictive_alpha,1.0,0.254386925765637,0.2823542061829098,0.23192128659494865,0.0,transformer,16,True,2.5,1.0,0.75,real_10kg_v1,thruster,real_10kg_x,1.0,0.07857142857142857,0.2261904761904762,0.01851769445314703,0.002536496951182316,0.008084157523697733,0.012500000000000011,0.0006511895104613717,0.0850496700334123,0.12299892045136658,,
step_recovery_10_13s,10.0,13.0,300,0.05225912994057423,0.05061558321323367,0.013003053415642018,0.9685500556704734,0.24881878880165562,0.061910789660722915,0.04675839871892627,0.07969643543227284,1.0,0.10444444444444445,0.31666666666666665,0.013590344183523938,0.0013959991604089708,predictive_alpha,sinusoidal,2,20009,0.0,1.0,1.0,0.03,0.01,0.3664889977152724,1.0,1.0,1.0,0.07909573140699883,0.3664889977152724,0.08976616241064328,1.6610103595469752,0.10527169876181063,0.12299892045136658,39.53590710188399,1.882662242946857,0.01851769445314703,13.872897340330224,45.0,0.015106624213308457,0.05626966431960606,0.08976616241064328,real10kg_smc_steady,real10kg_mpc_event,-1.0,-1.0,predictive_alpha,1.0,0.254386925765637,0.2823542061829098,0.23192128659494865,0.0,transformer,16,True,2.5,1.0,0.75,real_10kg_v1,thruster,real_10kg_x,1.0,0.07857142857142857,0.2261904761904762,0.01851769445314703,0.002536496951182316,0.008084157523697733,0.012500000000000011,0.0006511895104613717,0.0850496700334123,0.12299892045136658,,
post_step_13_20p9s,13.0,20.9,790,0.09752960606552762,0.0967185434030054,0.012551789565554503,0.9916839337792743,0.12869722407287568,0.016562975484063974,0.0890716058031623,0.32272958503518206,1.0,0.07067510548523206,0.14430379746835442,0.01936521270667324,0.0027523749293348566,predictive_alpha,sinusoidal,2,20009,0.0,1.0,1.0,0.03,0.01,0.3664889977152724,1.0,1.0,1.0,0.07909573140699883,0.3664889977152724,0.08976616241064328,1.6610103595469752,0.10527169876181063,0.12299892045136658,39.53590710188399,1.882662242946857,0.01851769445314703,13.872897340330224,45.0,0.015106624213308457,0.05626966431960606,0.08976616241064328,real10kg_smc_steady,real10kg_mpc_event,-1.0,-1.0,predictive_alpha,1.0,0.254386925765637,0.2823542061829098,0.23192128659494865,0.0,transformer,16,True,2.5,1.0,0.75,real_10kg_v1,thruster,real_10kg_x,1.0,0.07857142857142857,0.2261904761904762,0.01851769445314703,0.002536496951182316,0.008084157523697733,0.012500000000000011,0.0006511895104613717,0.0850496700334123,0.12299892045136658,,
startup_0_3s,0.0,3.0,300,0.12300145330807702,0.1206647767055409,0.02386145801289194,0.9810028537086994,0.19399330147040672,0.0376334010153881,0.10656345199397475,0.22421366301788878,0.9257983307259254,0.0,0.0,0.0334733864502536,0.00449864734225582,predictive_alpha,step_change,3,20000,0.0,1.0,1.0,0.03,0.01,0.04079750735586836,1.0,1.0,1.0,0.06912345133320455,0.22421366301788878,0.07636247288277129,1.4515924779972955,0.07276909936175617,0.0745648813634029,27.01017767210757,1.2861989367670272,0.020296088251654555,14.752499032531844,45.0,0.013761077138399979,0.049026161975161464,0.07636247288277129,real10kg_smc_steady,real10kg_mpc_event,-1.0,-1.0,predictive_alpha,1.0,0.20613148449724497,0.204841544296611,0.17490483685540745,0.0,transformer,16,True,2.5,1.0,0.75,real_10kg_v1,thruster,real_10kg_x,1.0,0.01246031746031746,0.03,0.020296088251654555,0.005302862792375694,0.00864671250836304,0.012500000000000011,0.0008156559252706393,0.06543346918499839,0.0745648813634029,,
pre_step_3_10s,3.0,10.0,700,0.06730051054198366,0.06692794194972292,0.0070717257855613365,0.9944641045177759,0.10507685199727906,0.01104114482565809,0.06630483518726625,0.09085026271773941,1.0,0.03619047619047619,0.08714285714285715,0.016053548158484112,0.0024251574668654615,predictive_alpha,step_change,3,20000,0.0,1.0,1.0,0.03,0.01,0.04079750735586836,1.0,1.0,1.0,0.06912345133320455,0.22421366301788878,0.07636247288277129,1.4515924779972955,0.07276909936175617,0.0745648813634029,27.01017767210757,1.2861989367670272,0.020296088251654555,14.752499032531844,45.0,0.013761077138399979,0.049026161975161464,0.07636247288277129,real10kg_smc_steady,real10kg_mpc_event,-1.0,-1.0,predictive_alpha,1.0,0.20613148449724497,0.204841544296611,0.17490483685540745,0.0,transformer,16,True,2.5,1.0,0.75,real_10kg_v1,thruster,real_10kg_x,1.0,0.01246031746031746,0.03,0.020296088251654555,0.005302862792375694,0.00864671250836304,0.012500000000000011,0.0008156559252706393,0.06543346918499839,0.0745648813634029,,
step_recovery_10_13s,10.0,13.0,300,0.041341974801574324,0.03893506338173952,0.013900349634233403,0.9417804439341115,0.3362284869300455,0.11304959542326777,0.03794335470554825,0.07428154257792112,1.0,0.002777777777777778,0.006666666666666667,0.0251379703632804,0.012533019665399688,predictive_alpha,step_change,3,20000,0.0,1.0,1.0,0.03,0.01,0.04079750735586836,1.0,1.0,1.0,0.06912345133320455,0.22421366301788878,0.07636247288277129,1.4515924779972955,0.07276909936175617,0.0745648813634029,27.01017767210757,1.2861989367670272,0.020296088251654555,14.752499032531844,45.0,0.013761077138399979,0.049026161975161464,0.07636247288277129,real10kg_smc_steady,real10kg_mpc_event,-1.0,-1.0,predictive_alpha,1.0,0.20613148449724497,0.204841544296611,0.17490483685540745,0.0,transformer,16,True,2.5,1.0,0.75,real_10kg_v1,thruster,real_10kg_x,1.0,0.01246031746031746,0.03,0.020296088251654555,0.005302862792375694,0.00864671250836304,0.012500000000000011,0.0008156559252706393,0.06543346918499839,0.0745648813634029,,
post_step_13_20p9s,13.0,20.9,790,0.07120918150765813,0.0700199933594245,0.012959477649070194,0.9833000727847752,0.18199166701103672,0.033120966861456075,0.06958808802075164,0.0952912957367486,0.8184429914615788,0.0,0.0,0.017468564844861714,0.002631871317722693,predictive_alpha,step_change,3,20000,0.0,1.0,1.0,0.03,0.01,0.04079750735586836,1.0,1.0,1.0,0.06912345133320455,0.22421366301788878,0.07636247288277129,1.4515924779972955,0.07276909936175617,0.0745648813634029,27.01017767210757,1.2861989367670272,0.020296088251654555,14.752499032531844,45.0,0.013761077138399979,0.049026161975161464,0.07636247288277129,real10kg_smc_steady,real10kg_mpc_event,-1.0,-1.0,predictive_alpha,1.0,0.20613148449724497,0.204841544296611,0.17490483685540745,0.0,transformer,16,True,2.5,1.0,0.75,real_10kg_v1,thruster,real_10kg_x,1.0,0.01246031746031746,0.03,0.020296088251654555,0.005302862792375694,0.00864671250836304,0.012500000000000011,0.0008156559252706393,0.06543346918499839,0.0745648813634029,,
startup_0_3s,0.0,3.0,300,0.12635199771230815,0.12352566125528598,0.026575145104692555,0.9776312483522621,0.21032627568898207,0.04423714224519769,0.10996617700096001,0.22780240757177725,0.894883449332974,0.0,0.0,0.034825262289274926,0.004789194120309298,predictive_alpha,step_change,3,20001,0.0,1.0,1.0,0.03,0.01,0.040724486676744436,1.0,1.0,1.0,0.06959247220205159,0.22780240757177725,0.0771207069462043,1.4614419162430832,0.07271746883966193,0.07450835455363884,26.96866114426008,1.2842219592504798,0.02046773183231224,14.763244433445635,45.0,0.014459697557139738,0.053639279473732426,0.0771207069462043,real10kg_smc_steady,real10kg_mpc_event,-1.0,-1.0,predictive_alpha,1.0,0.20625293870643485,0.20452416676409174,0.17476704140182672,0.0,transformer,16,True,2.5,1.0,0.75,real_10kg_v1,thruster,real_10kg_x,1.0,0.012380952380952381,0.03,0.02046773183231224,0.0053222316371002954,0.008638435878913166,0.012500000000000011,0.00078135986545602,0.06540692719848201,0.07450835455363884,,
pre_step_3_10s,3.0,10.0,700,0.06726144493281751,0.06688451927725685,0.007110770387285668,0.9943961112352382,0.10571837096851087,0.011176373960235684,0.06627368608933143,0.09064059991416516,1.0,0.03595238095238095,0.08714285714285715,0.016028803456459306,0.002401874172859891,predictive_alpha,step_change,3,20001,0.0,1.0,1.0,0.03,0.01,0.040724486676744436,1.0,1.0,1.0,0.06959247220205159,0.22780240757177725,0.0771207069462043,1.4614419162430832,0.07271746883966193,0.07450835455363884,26.96866114426008,1.2842219592504798,0.02046773183231224,14.763244433445635,45.0,0.014459697557139738,0.053639279473732426,0.0771207069462043,real10kg_smc_steady,real10kg_mpc_event,-1.0,-1.0,predictive_alpha,1.0,0.20625293870643485,0.20452416676409174,0.17476704140182672,0.0,transformer,16,True,2.5,1.0,0.75,real_10kg_v1,thruster,real_10kg_x,1.0,0.012380952380952381,0.03,0.02046773183231224,0.0053222316371002954,0.008638435878913166,0.012500000000000011,0.00078135986545602,0.06540692719848201,0.07450835455363884,,
step_recovery_10_13s,10.0,13.0,300,0.04138547477934157,0.03898246150512048,0.013896949942822588,0.9419358292484638,0.3357929325909182,0.11275689357800892,0.03796919168920895,0.07440664435287654,1.0,0.002777777777777778,0.006666666666666667,0.0251675999990192,0.012535697423472476,predictive_alpha,step_change,3,20001,0.0,1.0,1.0,0.03,0.01,0.040724486676744436,1.0,1.0,1.0,0.06959247220205159,0.22780240757177725,0.0771207069462043,1.4614419162430832,0.07271746883966193,0.07450835455363884,26.96866114426008,1.2842219592504798,0.02046773183231224,14.763244433445635,45.0,0.014459697557139738,0.053639279473732426,0.0771207069462043,real10kg_smc_steady,real10kg_mpc_event,-1.0,-1.0,predictive_alpha,1.0,0.20625293870643485,0.20452416676409174,0.17476704140182672,0.0,transformer,16,True,2.5,1.0,0.75,real_10kg_v1,thruster,real_10kg_x,1.0,0.012380952380952381,0.03,0.02046773183231224,0.0053222316371002954,0.008638435878913166,0.012500000000000011,0.00078135986545602,0.06540692719848201,0.07450835455363884,,
post_step_13_20p9s,13.0,20.9,790,0.07117729864067138,0.0699874589426223,0.012960070699578632,0.9832834383887507,0.18208151962897234,0.03315367979039584,0.06956144126298379,0.09518523472608681,0.8180472113527433,0.0,0.0,0.017422805975280887,0.0025978002977767468,predictive_alpha,step_change,3,20001,0.0,1.0,1.0,0.03,0.01,0.040724486676744436,1.0,1.0,1.0,0.06959247220205159,0.22780240757177725,0.0771207069462043,1.4614419162430832,0.07271746883966193,0.07450835455363884,26.96866114426008,1.2842219592504798,0.02046773183231224,14.763244433445635,45.0,0.014459697557139738,0.053639279473732426,0.0771207069462043,real10kg_smc_steady,real10kg_mpc_event,-1.0,-1.0,predictive_alpha,1.0,0.20625293870643485,0.20452416676409174,0.17476704140182672,0.0,transformer,16,True,2.5,1.0,0.75,real_10kg_v1,thruster,real_10kg_x,1.0,0.012380952380952381,0.03,0.02046773183231224,0.0053222316371002954,0.008638435878913166,0.012500000000000011,0.00078135986545602,0.06540692719848201,0.07450835455363884,,
startup_0_3s,0.0,3.0,300,0.11977767505669172,0.11740073908326493,0.02374358660121889,0.9801554340380896,0.1982304848543843,0.03929532512560428,0.10400490737308635,0.21798468254258935,0.9160246497494089,0.0,0.0,0.0329260489600705,0.004553294801691307,predictive_alpha,step_change,3,20002,0.0,1.0,1.0,0.03,0.01,0.04082124377999469,1.0,1.0,1.0,0.06874342804227473,0.21798468254258935,0.07561152798793089,1.4436119888877696,0.0727551998701749,0.07454722207297543,26.99987185709687,1.2857081836712794,0.02021417663837162,14.76220830200246,45.0,0.013727400717098446,0.047780880070594445,0.07561152798793089,real10kg_smc_steady,real10kg_mpc_event,-1.0,-1.0,predictive_alpha,1.0,0.20605105795964523,0.20475057285416265,0.17425439255974542,0.0,transformer,16,True,2.5,1.0,0.75,real_10kg_v1,thruster,real_10kg_x,1.0,0.01246031746031746,0.03,0.02021417663837162,0.005299902653941001,0.008634848306648329,0.012500000000000011,0.0008238353442421175,0.06541283094151733,0.07454722207297543,,
pre_step_3_10s,3.0,10.0,700,0.06726782812511756,0.06689670683600844,0.0070562961366072915,0.9944829304074032,0.1048985277699563,0.011003701128304294,0.06627559579486932,0.09078148271380727,1.0,0.03619047619047619,0.08714285714285715,0.01605936962552671,0.00239983972604792,predictive_alpha,step_change,3,20002,0.0,1.0,1.0,0.03,0.01,0.04082124377999469,1.0,1.0,1.0,0.06874342804227473,0.21798468254258935,0.07561152798793089,1.4436119888877696,0.0727551998701749,0.07454722207297543,26.99987185709687,1.2857081836712794,0.02021417663837162,14.76220830200246,45.0,0.013727400717098446,0.047780880070594445,0.07561152798793089,real10kg_smc_steady,real10kg_mpc_event,-1.0,-1.0,predictive_alpha,1.0,0.20605105795964523,0.20475057285416265,0.17425439255974542,0.0,transformer,16,True,2.5,1.0,0.75,real_10kg_v1,thruster,real_10kg_x,1.0,0.01246031746031746,0.03,0.02021417663837162,0.005299902653941001,0.008634848306648329,0.012500000000000011,0.0008238353442421175,0.06541283094151733,0.07454722207297543,,
step_recovery_10_13s,10.0,13.0,300,0.04133740987299327,0.038933435645812,0.013891329807518674,0.9418450687992466,0.33604741686039247,0.11292786637854241,0.037942656775721194,0.07426263531811536,1.0,0.002777777777777778,0.006666666666666667,0.025114133873042132,0.012518262849352804,predictive_alpha,step_change,3,20002,0.0,1.0,1.0,0.03,0.01,0.04082124377999469,1.0,1.0,1.0,0.06874342804227473,0.21798468254258935,0.07561152798793089,1.4436119888877696,0.0727551998701749,0.07454722207297543,26.99987185709687,1.2857081836712794,0.02021417663837162,14.76220830200246,45.0,0.013727400717098446,0.047780880070594445,0.07561152798793089,real10kg_smc_steady,real10kg_mpc_event,-1.0,-1.0,predictive_alpha,1.0,0.20605105795964523,0.20475057285416265,0.17425439255974542,0.0,transformer,16,True,2.5,1.0,0.75,real_10kg_v1,thruster,real_10kg_x,1.0,0.01246031746031746,0.03,0.02021417663837162,0.005299902653941001,0.008634848306648329,0.012500000000000011,0.0008238353442421175,0.06541283094151733,0.07454722207297543,,
post_step_13_20p9s,13.0,20.9,790,0.07119414791259088,0.07000497657739098,0.012958007231006092,0.9832967825296552,0.18200944334519428,0.03312743746682749,0.06957533595639756,0.09525515045754084,0.8184501380776816,0.0,0.0,0.01746301205724461,0.002629770151049238,predictive_alpha,step_change,3,20002,0.0,1.0,1.0,0.03,0.01,0.04082124377999469,1.0,1.0,1.0,0.06874342804227473,0.21798468254258935,0.07561152798793089,1.4436119888877696,0.0727551998701749,0.07454722207297543,26.99987185709687,1.2857081836712794,0.02021417663837162,14.76220830200246,45.0,0.013727400717098446,0.047780880070594445,0.07561152798793089,real10kg_smc_steady,real10kg_mpc_event,-1.0,-1.0,predictive_alpha,1.0,0.20605105795964523,0.20475057285416265,0.17425439255974542,0.0,transformer,16,True,2.5,1.0,0.75,real_10kg_v1,thruster,real_10kg_x,1.0,0.01246031746031746,0.03,0.02021417663837162,0.005299902653941001,0.008634848306648329,0.012500000000000011,0.0008238353442421175,0.06541283094151733,0.07454722207297543,,
startup_0_3s,0.0,3.0,300,0.1375404594855564,0.13340951716652968,0.03345562321780007,0.9699656207745873,0.24324204923361742,0.05916669451536957,0.11911002096800004,0.24577313467300868,0.9190935301744554,0.0,0.0,0.03782968237237126,0.004982688590082678,predictive_alpha,step_change,3,20003,0.0,1.0,1.0,0.03,0.01,0.04079802104773096,1.0,1.0,1.0,0.0709954259238329,0.24577313467300868,0.0798974812968432,1.490903944400491,0.07278338342568046,0.07457812503843818,27.036820459169196,1.2874676409128187,0.020938019990929414,14.677123093940779,45.0,0.016393047034797267,0.065126190188,0.0798974812968432,real10kg_smc_steady,real10kg_mpc_event,-1.0,-1.0,predictive_alpha,1.0,0.20627466430333802,0.20548439371208657,0.1751636413993713,0.0,transformer,16,True,2.5,1.0,0.75,real_10kg_v1,thruster,real_10kg_x,1.0,0.012698412698412698,0.030476190476190476,0.020938019990929414,0.005377576192190987,0.008689239050449904,0.012500000000000011,0.0007921709598057247,0.06553354691499344,0.07457812503843818,,
pre_step_3_10s,3.0,10.0,700,0.06756899855118315,0.06718867580989911,0.00715900887847404,0.9943713426358399,0.10595108751021565,0.011225632944597375,0.06659115467198354,0.09090084351163497,1.0,0.036904761904761905,0.08857142857142856,0.01600665551968872,0.0023709386324116165,predictive_alpha,step_change,3,20003,0.0,1.0,1.0,0.03,0.01,0.04079802104773096,1.0,1.0,1.0,0.0709954259238329,0.24577313467300868,0.0798974812968432,1.490903944400491,0.07278338342568046,0.07457812503843818,27.036820459169196,1.2874676409128187,0.020938019990929414,14.677123093940779,45.0,0.016393047034797267,0.065126190188,0.0798974812968432,real10kg_smc_steady,real10kg_mpc_event,-1.0,-1.0,predictive_alpha,1.0,0.20627466430333802,0.20548439371208657,0.1751636413993713,0.0,transformer,16,True,2.5,1.0,0.75,real_10kg_v1,thruster,real_10kg_x,1.0,0.012698412698412698,0.030476190476190476,0.020938019990929414,0.005377576192190987,0.008689239050449904,0.012500000000000011,0.0007921709598057247,0.06553354691499344,0.07457812503843818,,
step_recovery_10_13s,10.0,13.0,300,0.041015928403171684,0.038554516747120356,0.013994842663285708,0.9399888835416196,0.3412050685704706,0.11642089881817956,0.03768289266061346,0.07348087093360177,1.0,0.002777777777777778,0.006666666666666667,0.025268155186116293,0.01266464493231644,predictive_alpha,step_change,3,20003,0.0,1.0,1.0,0.03,0.01,0.04079802104773096,1.0,1.0,1.0,0.0709954259238329,0.24577313467300868,0.0798974812968432,1.490903944400491,0.07278338342568046,0.07457812503843818,27.036820459169196,1.2874676409128187,0.020938019990929414,14.677123093940779,45.0,0.016393047034797267,0.065126190188,0.0798974812968432,real10kg_smc_steady,real10kg_mpc_event,-1.0,-1.0,predictive_alpha,1.0,0.20627466430333802,0.20548439371208657,0.1751636413993713,0.0,transformer,16,True,2.5,1.0,0.75,real_10kg_v1,thruster,real_10kg_x,1.0,0.012698412698412698,0.030476190476190476,0.020938019990929414,0.005377576192190987,0.008689239050449904,0.012500000000000011,0.0007921709598057247,0.06553354691499344,0.07457812503843818,,
post_step_13_20p9s,13.0,20.9,790,0.07126518175773142,0.07007689571540827,0.012959738340502382,0.9833258540424024,0.18185231582737674,0.03307026477177998,0.06964494976354653,0.09528804199917704,0.8182674286380283,0.0,0.0,0.01751967846016862,0.0026477770936194716,predictive_alpha,step_change,3,20003,0.0,1.0,1.0,0.03,0.01,0.04079802104773096,1.0,1.0,1.0,0.0709954259238329,0.24577313467300868,0.0798974812968432,1.490903944400491,0.07278338342568046,0.07457812503843818,27.036820459169196,1.2874676409128187,0.020938019990929414,14.677123093940779,45.0,0.016393047034797267,0.065126190188,0.0798974812968432,real10kg_smc_steady,real10kg_mpc_event,-1.0,-1.0,predictive_alpha,1.0,0.20627466430333802,0.20548439371208657,0.1751636413993713,0.0,transformer,16,True,2.5,1.0,0.75,real_10kg_v1,thruster,real_10kg_x,1.0,0.012698412698412698,0.030476190476190476,0.020938019990929414,0.005377576192190987,0.008689239050449904,0.012500000000000011,0.0007921709598057247,0.06553354691499344,0.07457812503843818,,
startup_0_3s,0.0,3.0,300,0.12302359200604396,0.12064725662948272,0.02406332599308129,0.9806839051127325,0.19559927978610067,0.0382590782528413,0.1065998332890976,0.22363295555075846,0.9096346394580128,0.0,0.0,0.03371186281416984,0.004684580949168981,predictive_alpha,step_change,3,20004,0.0,1.0,1.0,0.03,0.01,0.04079141519481559,1.0,1.0,1.0,0.06911830866366103,0.22363295555075846,0.07635525088864444,1.451484481936882,0.07276383123916742,0.07455673195293841,26.99021892466029,1.2852485202219186,0.02032987438198377,14.763857095368646,45.0,0.013812394407894779,0.050010382868943826,0.07635525088864444,real10kg_smc_steady,real10kg_mpc_event,-1.0,-1.0,predictive_alpha,1.0,0.205914522709465,0.20442475617783018,0.17498194887147595,0.0,transformer,16,True,2.5,1.0,0.75,real_10kg_v1,thruster,real_10kg_x,1.0,0.01246031746031746,0.03,0.02032987438198377,0.005322047727422255,0.0086443436933199,0.012500000000000011,0.0007935717046151382,0.06541669789103964,0.07455673195293841,,
pre_step_3_10s,3.0,10.0,700,0.0672617059496955,0.06688810886216406,0.007079405349786867,0.9944456198031784,0.10525164727581396,0.011077909254272355,0.06627365853448505,0.09075469778570747,1.0,0.03619047619047619,0.08714285714285715,0.016042463259102333,0.002417105826597529,predictive_alpha,step_change,3,20004,0.0,1.0,1.0,0.03,0.01,0.04079141519481559,1.0,1.0,1.0,0.06911830866366103,0.22363295555075846,0.07635525088864444,1.451484481936882,0.07276383123916742,0.07455673195293841,26.99021892466029,1.2852485202219186,0.02032987438198377,14.763857095368646,45.0,0.013812394407894779,0.050010382868943826,0.07635525088864444,real10kg_smc_steady,real10kg_mpc_event,-1.0,-1.0,predictive_alpha,1.0,0.205914522709465,0.20442475617783018,0.17498194887147595,0.0,transformer,16,True,2.5,1.0,0.75,real_10kg_v1,thruster,real_10kg_x,1.0,0.01246031746031746,0.03,0.02032987438198377,0.005322047727422255,0.0086443436933199,0.012500000000000011,0.0007935717046151382,0.06541669789103964,0.07455673195293841,,
step_recovery_10_13s,10.0,13.0,300,0.04136820270021824,0.03896325592989671,0.013899384230523018,0.9418648475557572,0.33599197749168086,0.11289060893877018,0.03796108685026582,0.07435516067074345,1.0,0.002777777777777778,0.006666666666666667,0.025147643440386485,0.01253460540341614,predictive_alpha,step_change,3,20004,0.0,1.0,1.0,0.03,0.01,0.04079141519481559,1.0,1.0,1.0,0.06911830866366103,0.22363295555075846,0.07635525088864444,1.451484481936882,0.07276383123916742,0.07455673195293841,26.99021892466029,1.2852485202219186,0.02032987438198377,14.763857095368646,45.0,0.013812394407894779,0.050010382868943826,0.07635525088864444,real10kg_smc_steady,real10kg_mpc_event,-1.0,-1.0,predictive_alpha,1.0,0.205914522709465,0.20442475617783018,0.17498194887147595,0.0,transformer,16,True,2.5,1.0,0.75,real_10kg_v1,thruster,real_10kg_x,1.0,0.01246031746031746,0.03,0.02032987438198377,0.005322047727422255,0.0086443436933199,0.012500000000000011,0.0007935717046151382,0.06541669789103964,0.07455673195293841,,
post_step_13_20p9s,13.0,20.9,790,0.07120082041549541,0.07001143538611232,0.012959774034135242,0.9832953465642336,0.18201720090453916,0.03313026142512337,0.06958157078937234,0.09523160783856187,0.8184660625934099,0.0,0.0,0.017473878175815423,0.002620697104623488,predictive_alpha,step_change,3,20004,0.0,1.0,1.0,0.03,0.01,0.04079141519481559,1.0,1.0,1.0,0.06911830866366103,0.22363295555075846,0.07635525088864444,1.451484481936882,0.07276383123916742,0.07455673195293841,26.99021892466029,1.2852485202219186,0.02032987438198377,14.763857095368646,45.0,0.013812394407894779,0.050010382868943826,0.07635525088864444,real10kg_smc_steady,real10kg_mpc_event,-1.0,-1.0,predictive_alpha,1.0,0.205914522709465,0.20442475617783018,0.17498194887147595,0.0,transformer,16,True,2.5,1.0,0.75,real_10kg_v1,thruster,real_10kg_x,1.0,0.01246031746031746,0.03,0.02032987438198377,0.005322047727422255,0.0086443436933199,0.012500000000000011,0.0007935717046151382,0.06541669789103964,0.07455673195293841,,
startup_0_3s,0.0,3.0,300,0.12564900252040037,0.12267778714478375,0.027163070070054886,0.9763530524236815,0.2161821385382243,0.046734717022960004,0.10957010249124385,0.22676384323355786,0.9447887627861332,0.0,0.0,0.03628791809453911,0.004953067789751457,predictive_alpha,step_change,3,20005,0.0,1.0,1.0,0.03,0.01,0.040918056207137295,1.0,1.0,1.0,0.069642240656271,0.22676384323355786,0.07706685736219349,1.4624870537816912,0.07280498096743343,0.07459660780459318,27.06403040559424,1.2887633526473448,0.020694013167721726,14.666644462686468,45.0,0.01462870499954408,0.05398458142448309,0.07706685736219349,real10kg_smc_steady,real10kg_mpc_event,-1.0,-1.0,predictive_alpha,1.0,0.20625214969515213,0.2060555418434636,0.17429053885124934,0.0,transformer,16,True,2.5,1.0,0.75,real_10kg_v1,thruster,real_10kg_x,1.0,0.012619047619047618,0.030476190476190476,0.020694013167721726,0.00536853782865451,0.008681050602195818,0.012500000000000011,0.0007803339602924629,0.06555841122162377,0.07459660780459318,,
pre_step_3_10s,3.0,10.0,700,0.06762817526791065,0.06725193766287388,0.00712369080295927,0.9944366737155587,0.10533613800370328,0.011095701969535224,0.06661605174284226,0.09125274754099066,1.0,0.03666666666666667,0.08857142857142856,0.015967854033474362,0.0023612235652016216,predictive_alpha,step_change,3,20005,0.0,1.0,1.0,0.03,0.01,0.040918056207137295,1.0,1.0,1.0,0.069642240656271,0.22676384323355786,0.07706685736219349,1.4624870537816912,0.07280498096743343,0.07459660780459318,27.06403040559424,1.2887633526473448,0.020694013167721726,14.666644462686468,45.0,0.01462870499954408,0.05398458142448309,0.07706685736219349,real10kg_smc_steady,real10kg_mpc_event,-1.0,-1.0,predictive_alpha,1.0,0.20625214969515213,0.2060555418434636,0.17429053885124934,0.0,transformer,16,True,2.5,1.0,0.75,real_10kg_v1,thruster,real_10kg_x,1.0,0.012619047619047618,0.030476190476190476,0.020694013167721726,0.00536853782865451,0.008681050602195818,0.012500000000000011,0.0007803339602924629,0.06555841122162377,0.07459660780459318,,
step_recovery_10_13s,10.0,13.0,300,0.040998639557768765,0.03854180800195651,0.01397918028813431,0.9400752907337211,0.340966930584052,0.11625844775190973,0.03767419819425041,0.07342767734180343,1.0,0.002777777777777778,0.006666666666666667,0.02523240881422173,0.012645666318943321,predictive_alpha,step_change,3,20005,0.0,1.0,1.0,0.03,0.01,0.040918056207137295,1.0,1.0,1.0,0.069642240656271,0.22676384323355786,0.07706685736219349,1.4624870537816912,0.07280498096743343,0.07459660780459318,27.06403040559424,1.2887633526473448,0.020694013167721726,14.666644462686468,45.0,0.01462870499954408,0.05398458142448309,0.07706685736219349,real10kg_smc_steady,real10kg_mpc_event,-1.0,-1.0,predictive_alpha,1.0,0.20625214969515213,0.2060555418434636,0.17429053885124934,0.0,transformer,16,True,2.5,1.0,0.75,real_10kg_v1,thruster,real_10kg_x,1.0,0.012619047619047618,0.030476190476190476,0.020694013167721726,0.00536853782865451,0.008681050602195818,0.012500000000000011,0.0007803339602924629,0.06555841122162377,0.07459660780459318,,
post_step_13_20p9s,13.0,20.9,790,0.0712703394178553,0.07008245629953948,0.012958032248741966,0.9833327141694765,0.18181521730617156,0.033056773244090384,0.06965019326151389,0.09527962216032151,0.8181573265613936,0.0,0.0,0.01750100702179732,0.0026489406880264507,predictive_alpha,step_change,3,20005,0.0,1.0,1.0,0.03,0.01,0.040918056207137295,1.0,1.0,1.0,0.069642240656271,0.22676384323355786,0.07706685736219349,1.4624870537816912,0.07280498096743343,0.07459660780459318,27.06403040559424,1.2887633526473448,0.020694013167721726,14.666644462686468,45.0,0.01462870499954408,0.05398458142448309,0.07706685736219349,real10kg_smc_steady,real10kg_mpc_event,-1.0,-1.0,predictive_alpha,1.0,0.20625214969515213,0.2060555418434636,0.17429053885124934,0.0,transformer,16,True,2.5,1.0,0.75,real_10kg_v1,thruster,real_10kg_x,1.0,0.012619047619047618,0.030476190476190476,0.020694013167721726,0.00536853782865451,0.008681050602195818,0.012500000000000011,0.0007803339602924629,0.06555841122162377,0.07459660780459318,,
startup_0_3s,0.0,3.0,300,0.12064640639654184,0.11824109272521263,0.02397080239681592,0.9800631138284932,0.19868641854137323,0.03947629291279774,0.10504685426396063,0.2191412726876236,0.9343087300295236,0.0,0.0,0.034254320858943955,0.004764422876836044,predictive_alpha,step_change,3,20006,0.0,1.0,1.0,0.03,0.01,0.040840389160755254,1.0,1.0,1.0,0.06894677559421536,0.2191412726876236,0.07586254955871742,1.4478822874785227,0.07277136455795664,0.07456131558557648,27.03093913025014,1.2871875776309591,0.020407324925630715,14.730716046380957,45.0,0.013795335421060437,0.049974481349136624,0.07586254955871742,real10kg_smc_steady,real10kg_mpc_event,-1.0,-1.0,predictive_alpha,1.0,0.2060008381073423,0.20471755468563846,0.17463471842447428,0.0,transformer,16,True,2.5,1.0,0.75,real_10kg_v1,thruster,real_10kg_x,1.0,0.012380952380952381,0.03,0.020407324925630715,0.005337398577357872,0.008649057552475843,0.012500000000000011,0.0008070231356469757,0.06548578675616369,0.07456131558557648,,
pre_step_3_10s,3.0,10.0,700,0.06741243908493953,0.06703891300256226,0.007086683767148895,0.9944590926029745,0.10512427473837117,0.011051113139268544,0.06640236196035636,0.09107672982473566,1.0,0.03595238095238095,0.08714285714285715,0.016011611693006817,0.0024299493319823663,predictive_alpha,step_change,3,20006,0.0,1.0,1.0,0.03,0.01,0.040840389160755254,1.0,1.0,1.0,0.06894677559421536,0.2191412726876236,0.07586254955871742,1.4478822874785227,0.07277136455795664,0.07456131558557648,27.03093913025014,1.2871875776309591,0.020407324925630715,14.730716046380957,45.0,0.013795335421060437,0.049974481349136624,0.07586254955871742,real10kg_smc_steady,real10kg_mpc_event,-1.0,-1.0,predictive_alpha,1.0,0.2060008381073423,0.20471755468563846,0.17463471842447428,0.0,transformer,16,True,2.5,1.0,0.75,real_10kg_v1,thruster,real_10kg_x,1.0,0.012380952380952381,0.03,0.020407324925630715,0.005337398577357872,0.008649057552475843,0.012500000000000011,0.0008070231356469757,0.06548578675616369,0.07456131558557648,,
step_recovery_10_13s,10.0,13.0,300,0.04138210810716008,0.038965336882305766,0.013934898386465026,0.9415986440662709,0.3367372766602473,0.11339199349255992,0.03796503385529283,0.07446075981207859,1.0,0.002777777777777778,0.006666666666666667,0.0251915367175642,0.012551081882842815,predictive_alpha,step_change,3,20006,0.0,1.0,1.0,0.03,0.01,0.040840389160755254,1.0,1.0,1.0,0.06894677559421536,0.2191412726876236,0.07586254955871742,1.4478822874785227,0.07277136455795664,0.07456131558557648,27.03093913025014,1.2871875776309591,0.020407324925630715,14.730716046380957,45.0,0.013795335421060437,0.049974481349136624,0.07586254955871742,real10kg_smc_steady,real10kg_mpc_event,-1.0,-1.0,predictive_alpha,1.0,0.2060008381073423,0.20471755468563846,0.17463471842447428,0.0,transformer,16,True,2.5,1.0,0.75,real_10kg_v1,thruster,real_10kg_x,1.0,0.012380952380952381,0.03,0.020407324925630715,0.005337398577357872,0.008649057552475843,0.012500000000000011,0.0008070231356469757,0.06548578675616369,0.07456131558557648,,
post_step_13_20p9s,13.0,20.9,790,0.07121576804747627,0.07002714029708672,0.01295705369303055,0.9833094863261581,0.18194079834107355,0.03310245410098719,0.06959915936018468,0.09522962238919479,0.8181673991553639,0.0,0.0,0.01748633180954884,0.002612853232513927,predictive_alpha,step_change,3,20006,0.0,1.0,1.0,0.03,0.01,0.040840389160755254,1.0,1.0,1.0,0.06894677559421536,0.2191412726876236,0.07586254955871742,1.4478822874785227,0.07277136455795664,0.07456131558557648,27.03093913025014,1.2871875776309591,0.020407324925630715,14.730716046380957,45.0,0.013795335421060437,0.049974481349136624,0.07586254955871742,real10kg_smc_steady,real10kg_mpc_event,-1.0,-1.0,predictive_alpha,1.0,0.2060008381073423,0.20471755468563846,0.17463471842447428,0.0,transformer,16,True,2.5,1.0,0.75,real_10kg_v1,thruster,real_10kg_x,1.0,0.012380952380952381,0.03,0.020407324925630715,0.005337398577357872,0.008649057552475843,0.012500000000000011,0.0008070231356469757,0.06548578675616369,0.07456131558557648,,
startup_0_3s,0.0,3.0,300,0.13080747562927744,0.12667305354543026,0.032627184769461366,0.9683930749067845,0.2494290529841761,0.06221485247258292,0.11397243733073713,0.2332564818241251,0.8966105019339503,0.0,0.0,0.037264159432040644,0.005048186955141369,predictive_alpha,step_change,3,20007,0.0,1.0,1.0,0.03,0.01,0.040828217815583434,1.0,1.0,1.0,0.07035030073186933,0.2332564818241251,0.07832780761561793,1.4773563153692562,0.07280922000722,0.07460351777751907,27.009119459354043,1.2861485456835258,0.020870344800741014,14.645950442106075,45.0,0.01616414952512591,0.06255840377069324,0.07832780761561793,real10kg_smc_steady,real10kg_mpc_event,-1.0,-1.0,predictive_alpha,1.0,0.20568231030920897,0.20513318757832313,0.1739431020070333,0.0,transformer,16,True,2.5,1.0,0.75,real_10kg_v1,thruster,real_10kg_x,1.0,0.012698412698412698,0.030952380952380953,0.020870344800741014,0.0054005242946383435,0.008696894302237034,0.012500000000000011,0.0008005012009387303,0.06562027435757535,0.07460351777751907,,
pre_step_3_10s,3.0,10.0,700,0.06771750339883559,0.06733839531650512,0.007155472225464233,0.9944016234606637,0.1056665096366691,0.011165411258796283,0.06678027784714453,0.09076978645496914,1.0,0.037142857142857144,0.09,0.016018921565875987,0.0023760323328848487,predictive_alpha,step_change,3,20007,0.0,1.0,1.0,0.03,0.01,0.040828217815583434,1.0,1.0,1.0,0.07035030073186933,0.2332564818241251,0.07832780761561793,1.4773563153692562,0.07280922000722,0.07460351777751907,27.009119459354043,1.2861485456835258,0.020870344800741014,14.645950442106075,45.0,0.01616414952512591,0.06255840377069324,0.07832780761561793,real10kg_smc_steady,real10kg_mpc_event,-1.0,-1.0,predictive_alpha,1.0,0.20568231030920897,0.20513318757832313,0.1739431020070333,0.0,transformer,16,True,2.5,1.0,0.75,real_10kg_v1,thruster,real_10kg_x,1.0,0.012698412698412698,0.030952380952380953,0.020870344800741014,0.0054005242946383435,0.008696894302237034,0.012500000000000011,0.0008005012009387303,0.06562027435757535,0.07460351777751907,,
step_recovery_10_13s,10.0,13.0,300,0.04115102228446837,0.03866322146113397,0.014091200846773918,0.939544616750059,0.34242650764212873,0.11725591313598485,0.03778624184085748,0.07388888153664018,1.0,0.0022222222222222222,0.006666666666666667,0.02533446803392244,0.012672530666924187,predictive_alpha,step_change,3,20007,0.0,1.0,1.0,0.03,0.01,0.040828217815583434,1.0,1.0,1.0,0.07035030073186933,0.2332564818241251,0.07832780761561793,1.4773563153692562,0.07280922000722,0.07460351777751907,27.009119459354043,1.2861485456835258,0.020870344800741014,14.645950442106075,45.0,0.01616414952512591,0.06255840377069324,0.07832780761561793,real10kg_smc_steady,real10kg_mpc_event,-1.0,-1.0,predictive_alpha,1.0,0.20568231030920897,0.20513318757832313,0.1739431020070333,0.0,transformer,16,True,2.5,1.0,0.75,real_10kg_v1,thruster,real_10kg_x,1.0,0.012698412698412698,0.030952380952380953,0.020870344800741014,0.0054005242946383435,0.008696894302237034,0.012500000000000011,0.0008005012009387303,0.06562027435757535,0.07460351777751907,,
post_step_13_20p9s,13.0,20.9,790,0.0712923220494734,0.07010477834084783,0.012958211180036589,0.9833426142607408,0.18176166531711818,0.03303730297885208,0.06967385116299196,0.09529462636807755,0.818665047762758,0.0,0.0,0.017518828915709526,0.002664769318269962,predictive_alpha,step_change,3,20007,0.0,1.0,1.0,0.03,0.01,0.040828217815583434,1.0,1.0,1.0,0.07035030073186933,0.2332564818241251,0.07832780761561793,1.4773563153692562,0.07280922000722,0.07460351777751907,27.009119459354043,1.2861485456835258,0.020870344800741014,14.645950442106075,45.0,0.01616414952512591,0.06255840377069324,0.07832780761561793,real10kg_smc_steady,real10kg_mpc_event,-1.0,-1.0,predictive_alpha,1.0,0.20568231030920897,0.20513318757832313,0.1739431020070333,0.0,transformer,16,True,2.5,1.0,0.75,real_10kg_v1,thruster,real_10kg_x,1.0,0.012698412698412698,0.030952380952380953,0.020870344800741014,0.0054005242946383435,0.008696894302237034,0.012500000000000011,0.0008005012009387303,0.06562027435757535,0.07460351777751907,,
startup_0_3s,0.0,3.0,300,0.10934737196166776,0.106787499211244,0.023521857221144006,0.9765895356742443,0.21511131725588892,0.04627287881156369,0.09594191371234875,0.1978350309460695,0.8797727697371507,0.0,0.0,0.03182691082599531,0.004459978922687439,predictive_alpha,step_change,3,20008,0.0,1.0,1.0,0.03,0.01,0.04092414238842822,1.0,1.0,1.0,0.06760108960701697,0.1978350309460695,0.07332639777023114,1.4196228817473562,0.07281948090755862,0.07461278753190978,26.962207658286935,1.283914650394616,0.020073527466735845,14.770384351439745,45.0,0.013673601755626574,0.04536181265141065,0.07332639777023114,real10kg_smc_steady,real10kg_mpc_event,-1.0,-1.0,predictive_alpha,1.0,0.20575787396422335,0.20491064209419538,0.17221477519141487,0.0,transformer,16,True,2.5,1.0,0.75,real_10kg_v1,thruster,real_10kg_x,1.0,0.01246031746031746,0.03,0.020073527466735845,0.005304587598534586,0.008675861565125238,0.012500000000000011,0.0008130596759148061,0.06542231591078561,0.07461278753190978,,
pre_step_3_10s,3.0,10.0,700,0.0672466929032744,0.06687709155001162,0.007040762191599756,0.9945037988143982,0.1047004973423299,0.010962194143731232,0.06626900582715282,0.09073882850016593,1.0,0.03619047619047619,0.08714285714285715,0.01605962876486355,0.0024073144531177987,predictive_alpha,step_change,3,20008,0.0,1.0,1.0,0.03,0.01,0.04092414238842822,1.0,1.0,1.0,0.06760108960701697,0.1978350309460695,0.07332639777023114,1.4196228817473562,0.07281948090755862,0.07461278753190978,26.962207658286935,1.283914650394616,0.020073527466735845,14.770384351439745,45.0,0.013673601755626574,0.04536181265141065,0.07332639777023114,real10kg_smc_steady,real10kg_mpc_event,-1.0,-1.0,predictive_alpha,1.0,0.20575787396422335,0.20491064209419538,0.17221477519141487,0.0,transformer,16,True,2.5,1.0,0.75,real_10kg_v1,thruster,real_10kg_x,1.0,0.01246031746031746,0.03,0.020073527466735845,0.005304587598534586,0.008675861565125238,0.012500000000000011,0.0008130596759148061,0.06542231591078561,0.07461278753190978,,
step_recovery_10_13s,10.0,13.0,300,0.04129691868592753,0.038882195433597264,0.013914394389108648,0.9415277621389918,0.3369354138726617,0.11352547312154182,0.037907858512002644,0.0742218254617841,1.0,0.002777777777777778,0.006666666666666667,0.025135189792943602,0.01253970699152763,predictive_alpha,step_change,3,20008,0.0,1.0,1.0,0.03,0.01,0.04092414238842822,1.0,1.0,1.0,0.06760108960701697,0.1978350309460695,0.07332639777023114,1.4196228817473562,0.07281948090755862,0.07461278753190978,26.962207658286935,1.283914650394616,0.020073527466735845,14.770384351439745,45.0,0.013673601755626574,0.04536181265141065,0.07332639777023114,real10kg_smc_steady,real10kg_mpc_event,-1.0,-1.0,predictive_alpha,1.0,0.20575787396422335,0.20491064209419538,0.17221477519141487,0.0,transformer,16,True,2.5,1.0,0.75,real_10kg_v1,thruster,real_10kg_x,1.0,0.01246031746031746,0.03,0.020073527466735845,0.005304587598534586,0.008675861565125238,0.012500000000000011,0.0008130596759148061,0.06542231591078561,0.07461278753190978,,
post_step_13_20p9s,13.0,20.9,790,0.07123979239688849,0.07005176741232626,0.012955998732676546,0.983323575987651,0.18186463346912307,0.03307474490685848,0.06961831110806788,0.09529784219333863,0.8182756789525666,0.0,0.0,0.017497895565947663,0.002659627668111047,predictive_alpha,step_change,3,20008,0.0,1.0,1.0,0.03,0.01,0.04092414238842822,1.0,1.0,1.0,0.06760108960701697,0.1978350309460695,0.07332639777023114,1.4196228817473562,0.07281948090755862,0.07461278753190978,26.962207658286935,1.283914650394616,0.020073527466735845,14.770384351439745,45.0,0.013673601755626574,0.04536181265141065,0.07332639777023114,real10kg_smc_steady,real10kg_mpc_event,-1.0,-1.0,predictive_alpha,1.0,0.20575787396422335,0.20491064209419538,0.17221477519141487,0.0,transformer,16,True,2.5,1.0,0.75,real_10kg_v1,thruster,real_10kg_x,1.0,0.01246031746031746,0.03,0.020073527466735845,0.005304587598534586,0.008675861565125238,0.012500000000000011,0.0008130596759148061,0.06542231591078561,0.07461278753190978,,
startup_0_3s,0.0,3.0,300,0.10722088668628134,0.10341774977085494,0.028303490493669075,0.9645298874784161,0.2639736656579099,0.06968209616087401,0.096025107996888,0.18858351109765037,0.877531980084256,0.0,0.0,0.03582792003685715,0.004933780186343011,predictive_alpha,step_change,3,20009,0.0,1.0,1.0,0.03,0.01,0.04096347835470392,1.0,1.0,1.0,0.06797665312182134,0.18858351109765037,0.07319748525870691,1.4275097155582483,0.07284848814483487,0.07463919296583951,26.992514928611207,1.285357853743391,0.020671205620154783,14.560428450162147,45.0,0.014982522296051678,0.05218380053214006,0.07319748525870691,real10kg_smc_steady,real10kg_mpc_event,-1.0,-1.0,predictive_alpha,1.0,0.20400276975651488,0.20411754683642092,0.1704715988158326,0.0,transformer,16,True,2.5,1.0,0.75,real_10kg_v1,thruster,real_10kg_x,1.0,0.012698412698412698,0.030952380952380953,0.020671205620154783,0.00538721822344604,0.008674755118204114,0.012500000000000011,0.000820499151552907,0.06583917830035792,0.07463919296583951,,
pre_step_3_10s,3.0,10.0,700,0.06818577625996237,0.06781054500387658,0.007143533470970565,0.9944969277073975,0.10476574239963793,0.010975860780547292,0.06726128861148034,0.09119156416371814,1.0,0.037142857142857144,0.09,0.016003568084151994,0.002393328096613538,predictive_alpha,step_change,3,20009,0.0,1.0,1.0,0.03,0.01,0.04096347835470392,1.0,1.0,1.0,0.06797665312182134,0.18858351109765037,0.07319748525870691,1.4275097155582483,0.07284848814483487,0.07463919296583951,26.992514928611207,1.285357853743391,0.020671205620154783,14.560428450162147,45.0,0.014982522296051678,0.05218380053214006,0.07319748525870691,real10kg_smc_steady,real10kg_mpc_event,-1.0,-1.0,predictive_alpha,1.0,0.20400276975651488,0.20411754683642092,0.1704715988158326,0.0,transformer,16,True,2.5,1.0,0.75,real_10kg_v1,thruster,real_10kg_x,1.0,0.012698412698412698,0.030952380952380953,0.020671205620154783,0.00538721822344604,0.008674755118204114,0.012500000000000011,0.000820499151552907,0.06583917830035792,0.07463919296583951,,
step_recovery_10_13s,10.0,13.0,300,0.041304943416675656,0.03874251101308817,0.014321878056160081,0.93796305740603,0.3467352058005252,0.12022530294153255,0.03789723853501144,0.07437464739068157,1.0,0.0022222222222222222,0.006666666666666667,0.02532875473760341,0.012559574408693068,predictive_alpha,step_change,3,20009,0.0,1.0,1.0,0.03,0.01,0.04096347835470392,1.0,1.0,1.0,0.06797665312182134,0.18858351109765037,0.07319748525870691,1.4275097155582483,0.07284848814483487,0.07463919296583951,26.992514928611207,1.285357853743391,0.020671205620154783,14.560428450162147,45.0,0.014982522296051678,0.05218380053214006,0.07319748525870691,real10kg_smc_steady,real10kg_mpc_event,-1.0,-1.0,predictive_alpha,1.0,0.20400276975651488,0.20411754683642092,0.1704715988158326,0.0,transformer,16,True,2.5,1.0,0.75,real_10kg_v1,thruster,real_10kg_x,1.0,0.012698412698412698,0.030952380952380953,0.020671205620154783,0.00538721822344604,0.008674755118204114,0.012500000000000011,0.000820499151552907,0.06583917830035792,0.07463919296583951,,
post_step_13_20p9s,13.0,20.9,790,0.07132185492498204,0.07013639588039842,0.012949631764965917,0.9833787406983384,0.18156611011570908,0.032966252342549796,0.06970948857060456,0.0952047798324668,0.8186304970381212,0.0,0.0,0.017551022667957095,0.002664280534409358,predictive_alpha,step_change,3,20009,0.0,1.0,1.0,0.03,0.01,0.04096347835470392,1.0,1.0,1.0,0.06797665312182134,0.18858351109765037,0.07319748525870691,1.4275097155582483,0.07284848814483487,0.07463919296583951,26.992514928611207,1.285357853743391,0.020671205620154783,14.560428450162147,45.0,0.014982522296051678,0.05218380053214006,0.07319748525870691,real10kg_smc_steady,real10kg_mpc_event,-1.0,-1.0,predictive_alpha,1.0,0.20400276975651488,0.20411754683642092,0.1704715988158326,0.0,transformer,16,True,2.5,1.0,0.75,real_10kg_v1,thruster,real_10kg_x,1.0,0.012698412698412698,0.030952380952380953,0.020671205620154783,0.00538721822344604,0.008674755118204114,0.012500000000000011,0.000820499151552907,0.06583917830035792,0.07463919296583951,,
