window,window_start_s,window_end_s,n_steps,rmse_3d,xy_rmse,z_rmse,xy_share,z_share,z_energy_share,mean_error,max_error,window_action_peak_abs,window_action_saturation_fraction,window_action_saturation_step_fraction,window_action_tv_mean,window_action_jerk_mean,method,scenario,scenario_id,seed,start_time,mass_scale_xy,damping_scale_xy,initial_position_std,initial_velocity_std,final_error,success_0.5m,success_1.0m,success_2.0m,episode_mean_error,episode_max_error,rmse,iae,steady_state_error,steady_state_rmse,energy,mean_thrust,control_tv,heading_rmse_deg,heading_max_deg,episode_z_rmse,z_max_abs_error,episode_rmse_3d,primary_controller,authority_controller,authority_until,blend_duration,blend_curve,authority_active_fraction,authority_alpha_mean,authority_alpha_std,alpha_raw_mean,alpha_uncertainty_std,policy_architecture,history_len,trajectory3d,current_amplitude_scale,current_frequency_scale,vertical_current,vehicle_profile,action_mode,thruster_layout,action_peak_abs,action_saturation_fraction,action_saturation_step_fraction,action_tv_mean,action_jerk_mean,alpha_delta_mean,alpha_delta_max,alpha_jerk_mean,post_startup_rmse,tail_rmse,disturbance_window_rmse,disturbance_recovery_time_s
startup_0_3s,0.0,3.0,300,0.12274158237939635,0.12051408937912905,0.02327767828022012,0.981852173020044,0.18964785876939744,0.03596631033581733,0.10649965436506381,0.221130284517568,0.9290927392599552,0.0,0.0,0.03278300025802865,0.004572433076523998,predictive_alpha,constant,1,23000,0.0,1.0,1.0,0.03,0.01,0.045046010191213605,1.0,1.0,1.0,0.08950172384459909,0.22161333406384792,0.0992516302952197,1.879536200736581,0.0770547322797053,0.07856721975742297,30.64466962724175,1.4592699822496071,0.018745928274919575,14.191615465543716,45.0,0.013658863619089301,0.0457027781888078,0.0992516302952197,real10kg_smc_steady,real10kg_mpc_event,-1.0,-1.0,predictive_alpha,1.0,0.25332433236850227,0.29139030421214984,0.22110130337366302,0.0,transformer,16,True,2.5,1.0,0.75,real_10kg_v1,thruster,real_10kg_x,1.0,0.04642857142857143,0.13047619047619047,0.018745928274919575,0.0026514132067179627,0.008093063536000028,0.012500000000000011,0.0006755160363900248,0.09477227686126947,0.07856721975742297,,
pre_step_3_10s,3.0,10.0,700,0.07133272780753155,0.07095822737782033,0.007299864646754401,0.9947499494100143,0.1023354198153019,0.010472538148774085,0.06962070428430946,0.10374084279551464,1.0,0.03738095238095238,0.08571428571428572,0.015643058031886762,0.0023915782592507247,predictive_alpha,constant,1,23000,0.0,1.0,1.0,0.03,0.01,0.045046010191213605,1.0,1.0,1.0,0.08950172384459909,0.22161333406384792,0.0992516302952197,1.879536200736581,0.0770547322797053,0.07856721975742297,30.64466962724175,1.4592699822496071,0.018745928274919575,14.191615465543716,45.0,0.013658863619089301,0.0457027781888078,0.0992516302952197,real10kg_smc_steady,real10kg_mpc_event,-1.0,-1.0,predictive_alpha,1.0,0.25332433236850227,0.29139030421214984,0.22110130337366302,0.0,transformer,16,True,2.5,1.0,0.75,real_10kg_v1,thruster,real_10kg_x,1.0,0.04642857142857143,0.13047619047619047,0.018745928274919575,0.0026514132067179627,0.008093063536000028,0.012500000000000011,0.0006755160363900248,0.09477227686126947,0.07856721975742297,,
step_recovery_10_13s,10.0,13.0,300,0.15910203184098845,0.1586026169689266,0.012596286220107012,0.9968610402627606,0.0791711210369465,0.006268066406246832,0.14960301551499874,0.22161333406384792,1.0,0.23777777777777778,0.7133333333333334,0.011088098633085556,0.0011669830272793683,predictive_alpha,constant,1,23000,0.0,1.0,1.0,0.03,0.01,0.045046010191213605,1.0,1.0,1.0,0.08950172384459909,0.22161333406384792,0.0992516302952197,1.879536200736581,0.0770547322797053,0.07856721975742297,30.64466962724175,1.4592699822496071,0.018745928274919575,14.191615465543716,45.0,0.013658863619089301,0.0457027781888078,0.0992516302952197,real10kg_smc_steady,real10kg_mpc_event,-1.0,-1.0,predictive_alpha,1.0,0.25332433236850227,0.29139030421214984,0.22110130337366302,0.0,transformer,16,True,2.5,1.0,0.75,real_10kg_v1,thruster,real_10kg_x,1.0,0.04642857142857143,0.13047619047619047,0.018745928274919575,0.0026514132067179627,0.008093063536000028,0.012500000000000011,0.0006755160363900248,0.09477227686126947,0.07856721975742297,,
post_step_13_20p9s,13.0,20.9,790,0.07947460796427816,0.0783304256554197,0.01343717707394202,0.9856031714006976,0.16907509729373807,0.028586388524886996,0.0783855129368928,0.10013786979840014,0.7442728435549701,0.0,0.0,0.01917891135785818,0.002709290640560102,predictive_alpha,constant,1,23000,0.0,1.0,1.0,0.03,0.01,0.045046010191213605,1.0,1.0,1.0,0.08950172384459909,0.22161333406384792,0.0992516302952197,1.879536200736581,0.0770547322797053,0.07856721975742297,30.64466962724175,1.4592699822496071,0.018745928274919575,14.191615465543716,45.0,0.013658863619089301,0.0457027781888078,0.0992516302952197,real10kg_smc_steady,real10kg_mpc_event,-1.0,-1.0,predictive_alpha,1.0,0.25332433236850227,0.29139030421214984,0.22110130337366302,0.0,transformer,16,True,2.5,1.0,0.75,real_10kg_v1,thruster,real_10kg_x,1.0,0.04642857142857143,0.13047619047619047,0.018745928274919575,0.0026514132067179627,0.008093063536000028,0.012500000000000011,0.0006755160363900248,0.09477227686126947,0.07856721975742297,,
startup_0_3s,0.0,3.0,300,0.11804023795841707,0.11578791816158003,0.02294898222333557,0.9809190506915915,0.19441660420423737,0.037797815990307085,0.10246814476227985,0.21394269436753577,0.9046500102047675,0.0,0.0,0.03324115361343049,0.004655157651824266,predictive_alpha,constant,1,23001,0.0,1.0,1.0,0.03,0.01,0.04504823512705526,1.0,1.0,1.0,0.08896778794646752,0.22364453167873663,0.09866954492495088,1.868323546875818,0.0770233949824661,0.07853075838477476,30.584268206630718,1.4563937241252722,0.018824215276489763,14.332250201076691,45.0,0.013588561101702219,0.048102202548074235,0.09866954492495088,real10kg_smc_steady,real10kg_mpc_event,-1.0,-1.0,predictive_alpha,1.0,0.2547186234272866,0.29188640030941826,0.22254216225856605,0.0,transformer,16,True,2.5,1.0,0.75,real_10kg_v1,thruster,real_10kg_x,1.0,0.04658730158730159,0.13095238095238096,0.018824215276489763,0.0026852547974255646,0.008079552068446285,0.012500000000000011,0.0006846982558719295,0.09505810143678668,0.07853075838477476,,
pre_step_3_10s,3.0,10.0,700,0.07057542080706145,0.07019067370601255,0.007359303417435642,0.9945484263976163,0.10427572847995409,0.010873427550025109,0.06893839700771304,0.10093529363289562,1.0,0.03738095238095238,0.08571428571428572,0.01571267906418902,0.002481086885882954,predictive_alpha,constant,1,23001,0.0,1.0,1.0,0.03,0.01,0.04504823512705526,1.0,1.0,1.0,0.08896778794646752,0.22364453167873663,0.09866954492495088,1.868323546875818,0.0770233949824661,0.07853075838477476,30.584268206630718,1.4563937241252722,0.018824215276489763,14.332250201076691,45.0,0.013588561101702219,0.048102202548074235,0.09866954492495088,real10kg_smc_steady,real10kg_mpc_event,-1.0,-1.0,predictive_alpha,1.0,0.2547186234272866,0.29188640030941826,0.22254216225856605,0.0,transformer,16,True,2.5,1.0,0.75,real_10kg_v1,thruster,real_10kg_x,1.0,0.04658730158730159,0.13095238095238096,0.018824215276489763,0.0026852547974255646,0.008079552068446285,0.012500000000000011,0.0006846982558719295,0.09505810143678668,0.07853075838477476,,
step_recovery_10_13s,10.0,13.0,300,0.16073015999843432,0.16023643024257406,0.01258851684031898,0.9969282071525029,0.07832081322162315,0.0061341497836963806,0.15115567797725513,0.22364453167873663,1.0,0.2388888888888889,0.7166666666666667,0.011034143979287845,0.0010101325289483462,predictive_alpha,constant,1,23001,0.0,1.0,1.0,0.03,0.01,0.04504823512705526,1.0,1.0,1.0,0.08896778794646752,0.22364453167873663,0.09866954492495088,1.868323546875818,0.0770233949824661,0.07853075838477476,30.584268206630718,1.4563937241252722,0.018824215276489763,14.332250201076691,45.0,0.013588561101702219,0.048102202548074235,0.09866954492495088,real10kg_smc_steady,real10kg_mpc_event,-1.0,-1.0,predictive_alpha,1.0,0.2547186234272866,0.29188640030941826,0.22254216225856605,0.0,transformer,16,True,2.5,1.0,0.75,real_10kg_v1,thruster,real_10kg_x,1.0,0.04658730158730159,0.13095238095238096,0.018824215276489763,0.0026852547974255646,0.008079552068446285,0.012500000000000011,0.0006846982558719295,0.09505810143678668,0.07853075838477476,,
post_step_13_20p9s,13.0,20.9,790,0.07960685344240227,0.07846592844081124,0.01342941506252617,0.9856680053003662,0.16869671996573407,0.0284585833271973,0.07851137043327416,0.10031307089135674,0.7708506827620494,0.0,0.0,0.01922831986758264,0.002750703287363067,predictive_alpha,constant,1,23001,0.0,1.0,1.0,0.03,0.01,0.04504823512705526,1.0,1.0,1.0,0.08896778794646752,0.22364453167873663,0.09866954492495088,1.868323546875818,0.0770233949824661,0.07853075838477476,30.584268206630718,1.4563937241252722,0.018824215276489763,14.332250201076691,45.0,0.013588561101702219,0.048102202548074235,0.09866954492495088,real10kg_smc_steady,real10kg_mpc_event,-1.0,-1.0,predictive_alpha,1.0,0.2547186234272866,0.29188640030941826,0.22254216225856605,0.0,transformer,16,True,2.5,1.0,0.75,real_10kg_v1,thruster,real_10kg_x,1.0,0.04658730158730159,0.13095238095238096,0.018824215276489763,0.0026852547974255646,0.008079552068446285,0.012500000000000011,0.0006846982558719295,0.09505810143678668,0.07853075838477476,,
startup_0_3s,0.0,3.0,300,0.12690747990550466,0.12438565761239843,0.02517372909001078,0.9801286551826262,0.19836284755441635,0.03934781928989663,0.10980990731610454,0.22998231144084844,0.9184377027656909,0.0,0.0,0.034295252478229656,0.004948397239421375,predictive_alpha,constant,1,23002,0.0,1.0,1.0,0.03,0.01,0.04501372601864111,1.0,1.0,1.0,0.08989677062562307,0.22998231144084844,0.09998535491898572,1.8878321831380844,0.07700666625264348,0.0785106073519518,30.580924504965253,1.4562345002364405,0.018989396349577376,14.295020637785067,45.0,0.01414734210611999,0.05290641038807081,0.09998535491898572,real10kg_smc_steady,real10kg_mpc_event,-1.0,-1.0,predictive_alpha,1.0,0.2546075408861251,0.2915393656572192,0.2252772839864095,0.0,transformer,16,True,2.5,1.0,0.75,real_10kg_v1,thruster,real_10kg_x,1.0,0.046507936507936505,0.13095238095238096,0.018989396349577376,0.0027403214293095176,0.008106056333563691,0.012500000000000011,0.0006881942894662867,0.09475757659413725,0.0785106073519518,,
pre_step_3_10s,3.0,10.0,700,0.07065066757496055,0.07026443991634419,0.0073773512882362195,0.9945332765864304,0.10442012144342203,0.010903561762259003,0.0690718527379113,0.10090421509125977,1.0,0.03738095238095238,0.08571428571428572,0.01572897938792242,0.0024996573560816587,predictive_alpha,constant,1,23002,0.0,1.0,1.0,0.03,0.01,0.04501372601864111,1.0,1.0,1.0,0.08989677062562307,0.22998231144084844,0.09998535491898572,1.8878321831380844,0.07700666625264348,0.0785106073519518,30.580924504965253,1.4562345002364405,0.018989396349577376,14.295020637785067,45.0,0.01414734210611999,0.05290641038807081,0.09998535491898572,real10kg_smc_steady,real10kg_mpc_event,-1.0,-1.0,predictive_alpha,1.0,0.2546075408861251,0.2915393656572192,0.2252772839864095,0.0,transformer,16,True,2.5,1.0,0.75,real_10kg_v1,thruster,real_10kg_x,1.0,0.046507936507936505,0.13095238095238096,0.018989396349577376,0.0027403214293095176,0.008106056333563691,0.012500000000000011,0.0006881942894662867,0.09475757659413725,0.0785106073519518,,
step_recovery_10_13s,10.0,13.0,300,0.15966932062072778,0.15917054100705325,0.012610742365410021,0.9968761712535916,0.07898037216156936,0.006237899186780001,0.1501641398484505,0.22228184957142916,1.0,0.23833333333333334,0.7166666666666667,0.011016892933504179,0.0010525234354765796,predictive_alpha,constant,1,23002,0.0,1.0,1.0,0.03,0.01,0.04501372601864111,1.0,1.0,1.0,0.08989677062562307,0.22998231144084844,0.09998535491898572,1.8878321831380844,0.07700666625264348,0.0785106073519518,30.580924504965253,1.4562345002364405,0.018989396349577376,14.295020637785067,45.0,0.01414734210611999,0.05290641038807081,0.09998535491898572,real10kg_smc_steady,real10kg_mpc_event,-1.0,-1.0,predictive_alpha,1.0,0.2546075408861251,0.2915393656572192,0.2252772839864095,0.0,transformer,16,True,2.5,1.0,0.75,real_10kg_v1,thruster,real_10kg_x,1.0,0.046507936507936505,0.13095238095238096,0.018989396349577376,0.0027403214293095176,0.008106056333563691,0.012500000000000011,0.0006881942894662867,0.09475757659413725,0.0785106073519518,,
post_step_13_20p9s,13.0,20.9,790,0.079542234116631,0.07839958546329774,0.01343398702723842,0.9856346924872915,0.1688912459705427,0.028524252965482357,0.0784514496010188,0.10013113413375212,0.7686039355202108,0.0,0.0,0.019239308538183102,0.0027343343697768226,predictive_alpha,constant,1,23002,0.0,1.0,1.0,0.03,0.01,0.04501372601864111,1.0,1.0,1.0,0.08989677062562307,0.22998231144084844,0.09998535491898572,1.8878321831380844,0.07700666625264348,0.0785106073519518,30.580924504965253,1.4562345002364405,0.018989396349577376,14.295020637785067,45.0,0.01414734210611999,0.05290641038807081,0.09998535491898572,real10kg_smc_steady,real10kg_mpc_event,-1.0,-1.0,predictive_alpha,1.0,0.2546075408861251,0.2915393656572192,0.2252772839864095,0.0,transformer,16,True,2.5,1.0,0.75,real_10kg_v1,thruster,real_10kg_x,1.0,0.046507936507936505,0.13095238095238096,0.018989396349577376,0.0027403214293095176,0.008106056333563691,0.012500000000000011,0.0006881942894662867,0.09475757659413725,0.0785106073519518,,
startup_0_3s,0.0,3.0,300,0.11378260621882388,0.11041066194701465,0.027494857816871752,0.9703650286817619,0.2416437690308686,0.05839171111144377,0.10068061911833633,0.20273436992212174,0.8817852953515681,0.0,0.0,0.03463797680192955,0.005105709605966027,predictive_alpha,constant,1,23003,0.0,1.0,1.0,0.03,0.01,0.04503954380788174,1.0,1.0,1.0,0.08866878844173086,0.22224345676886725,0.09777356093708792,1.8620445572763482,0.07702114375390949,0.07852808538163358,30.547725054858784,1.4546535740408943,0.01903689630716029,14.27381617789543,45.0,0.014758975458126641,0.05258377477195203,0.09777356093708792,real10kg_smc_steady,real10kg_mpc_event,-1.0,-1.0,predictive_alpha,1.0,0.2549990220341249,0.2921774373144208,0.2239131461499658,0.0,transformer,16,True,2.5,1.0,0.75,real_10kg_v1,thruster,real_10kg_x,1.0,0.04642857142857143,0.13095238095238096,0.01903689630716029,0.0027754657044010067,0.008087015623618616,0.012500000000000011,0.0006729097372451687,0.0948430308898877,0.07852808538163358,,
pre_step_3_10s,3.0,10.0,700,0.07088649676443884,0.07049671552582128,0.007423511541462397,0.9945013330266153,0.10472391612370525,0.010967098608284855,0.0692488110967133,0.10173349026772371,1.0,0.037142857142857144,0.08571428571428572,0.015773609302644872,0.0024943619183194097,predictive_alpha,constant,1,23003,0.0,1.0,1.0,0.03,0.01,0.04503954380788174,1.0,1.0,1.0,0.08866878844173086,0.22224345676886725,0.09777356093708792,1.8620445572763482,0.07702114375390949,0.07852808538163358,30.547725054858784,1.4546535740408943,0.01903689630716029,14.27381617789543,45.0,0.014758975458126641,0.05258377477195203,0.09777356093708792,real10kg_smc_steady,real10kg_mpc_event,-1.0,-1.0,predictive_alpha,1.0,0.2549990220341249,0.2921774373144208,0.2239131461499658,0.0,transformer,16,True,2.5,1.0,0.75,real_10kg_v1,thruster,real_10kg_x,1.0,0.04642857142857143,0.13095238095238096,0.01903689630716029,0.0027754657044010067,0.008087015623618616,0.012500000000000011,0.0006729097372451687,0.0948430308898877,0.07852808538163358,,
step_recovery_10_13s,10.0,13.0,300,0.1596654793906327,0.15916671133371604,0.012610444569881899,0.9968761684816266,0.07898040714880873,0.0062379047133915965,0.15016937533346972,0.22224345676886725,1.0,0.23833333333333334,0.7166666666666667,0.011055363831891256,0.001031764870289483,predictive_alpha,constant,1,23003,0.0,1.0,1.0,0.03,0.01,0.04503954380788174,1.0,1.0,1.0,0.08866878844173086,0.22224345676886725,0.09777356093708792,1.8620445572763482,0.07702114375390949,0.07852808538163358,30.547725054858784,1.4546535740408943,0.01903689630716029,14.27381617789543,45.0,0.014758975458126641,0.05258377477195203,0.09777356093708792,real10kg_smc_steady,real10kg_mpc_event,-1.0,-1.0,predictive_alpha,1.0,0.2549990220341249,0.2921774373144208,0.2239131461499658,0.0,transformer,16,True,2.5,1.0,0.75,real_10kg_v1,thruster,real_10kg_x,1.0,0.04642857142857143,0.13095238095238096,0.01903689630716029,0.0027754657044010067,0.008087015623618616,0.012500000000000011,0.0006729097372451687,0.0948430308898877,0.07852808538163358,,
post_step_13_20p9s,13.0,20.9,790,0.07959098848326891,0.07844968139665413,0.013430299196492333,0.9856603478815357,0.16874145493639095,0.02847367861405006,0.07849471226694893,0.1003115983398407,0.7696324245448142,0.0,0.0,0.019233155532265917,0.002751092245845189,predictive_alpha,constant,1,23003,0.0,1.0,1.0,0.03,0.01,0.04503954380788174,1.0,1.0,1.0,0.08866878844173086,0.22224345676886725,0.09777356093708792,1.8620445572763482,0.07702114375390949,0.07852808538163358,30.547725054858784,1.4546535740408943,0.01903689630716029,14.27381617789543,45.0,0.014758975458126641,0.05258377477195203,0.09777356093708792,real10kg_smc_steady,real10kg_mpc_event,-1.0,-1.0,predictive_alpha,1.0,0.2549990220341249,0.2921774373144208,0.2239131461499658,0.0,transformer,16,True,2.5,1.0,0.75,real_10kg_v1,thruster,real_10kg_x,1.0,0.04642857142857143,0.13095238095238096,0.01903689630716029,0.0027754657044010067,0.008087015623618616,0.012500000000000011,0.0006729097372451687,0.0948430308898877,0.07852808538163358,,
startup_0_3s,0.0,3.0,300,0.12575597864458812,0.12358370620879779,0.023273025685450924,0.9827262889669077,0.1850649641972507,0.03424904097332968,0.10728781696241853,0.22986704323940635,0.893100174407246,0.0,0.0,0.03253675194053174,0.004615262453719822,predictive_alpha,constant,1,23004,0.0,1.0,1.0,0.03,0.01,0.045063035499595595,1.0,1.0,1.0,0.08956120425623319,0.22986704323940635,0.09994754464312852,1.8807852893808972,0.07702315053099473,0.07853086379951102,30.572447424670028,1.4558308297461917,0.018721616686442958,14.356410770231236,45.0,0.013663545801653935,0.045798948013229424,0.09994754464312852,real10kg_smc_steady,real10kg_mpc_event,-1.0,-1.0,predictive_alpha,1.0,0.25449364761981685,0.2911151250416904,0.2233481937730297,0.0,transformer,16,True,2.5,1.0,0.75,real_10kg_v1,thruster,real_10kg_x,1.0,0.046507936507936505,0.13095238095238096,0.018721616686442958,0.0026954018098045663,0.008116602959036016,0.012500000000000011,0.0006940120662642353,0.09496667450257931,0.07853086379951102,,
pre_step_3_10s,3.0,10.0,700,0.07021872213743778,0.06983656984132477,0.007315904005142628,0.9945576865473993,0.10418737029738803,0.010855008129485052,0.06865797411997414,0.0997675899507525,1.0,0.03738095238095238,0.08571428571428572,0.0157184682447585,0.0025168086736727445,predictive_alpha,constant,1,23004,0.0,1.0,1.0,0.03,0.01,0.045063035499595595,1.0,1.0,1.0,0.08956120425623319,0.22986704323940635,0.09994754464312852,1.8807852893808972,0.07702315053099473,0.07853086379951102,30.572447424670028,1.4558308297461917,0.018721616686442958,14.356410770231236,45.0,0.013663545801653935,0.045798948013229424,0.09994754464312852,real10kg_smc_steady,real10kg_mpc_event,-1.0,-1.0,predictive_alpha,1.0,0.25449364761981685,0.2911151250416904,0.2233481937730297,0.0,transformer,16,True,2.5,1.0,0.75,real_10kg_v1,thruster,real_10kg_x,1.0,0.046507936507936505,0.13095238095238096,0.018721616686442958,0.0026954018098045663,0.008116602959036016,0.012500000000000011,0.0006940120662642353,0.09496667450257931,0.07853086379951102,,
step_recovery_10_13s,10.0,13.0,300,0.16081122471216225,0.16031507956060442,0.012622410978200943,0.9969147355699461,0.07849210153578479,0.006161010003503948,0.15122493744447665,0.22379497313434213,1.0,0.23833333333333334,0.7166666666666667,0.01100767419997203,0.0010465268039687948,predictive_alpha,constant,1,23004,0.0,1.0,1.0,0.03,0.01,0.045063035499595595,1.0,1.0,1.0,0.08956120425623319,0.22986704323940635,0.09994754464312852,1.8807852893808972,0.07702315053099473,0.07853086379951102,30.572447424670028,1.4558308297461917,0.018721616686442958,14.356410770231236,45.0,0.013663545801653935,0.045798948013229424,0.09994754464312852,real10kg_smc_steady,real10kg_mpc_event,-1.0,-1.0,predictive_alpha,1.0,0.25449364761981685,0.2911151250416904,0.2233481937730297,0.0,transformer,16,True,2.5,1.0,0.75,real_10kg_v1,thruster,real_10kg_x,1.0,0.046507936507936505,0.13095238095238096,0.018721616686442958,0.0026954018098045663,0.008116602959036016,0.012500000000000011,0.0006940120662642353,0.09496667450257931,0.07853086379951102,,
post_step_13_20p9s,13.0,20.9,790,0.07957556369266805,0.0784340500144822,0.01343019491040904,0.9856549721395058,0.16877285296122224,0.028484275896670342,0.07848075325413835,0.1003101298938353,0.7704145593643255,0.0,0.0,0.019217260079237825,0.00272617676595901,predictive_alpha,constant,1,23004,0.0,1.0,1.0,0.03,0.01,0.045063035499595595,1.0,1.0,1.0,0.08956120425623319,0.22986704323940635,0.09994754464312852,1.8807852893808972,0.07702315053099473,0.07853086379951102,30.572447424670028,1.4558308297461917,0.018721616686442958,14.356410770231236,45.0,0.013663545801653935,0.045798948013229424,0.09994754464312852,real10kg_smc_steady,real10kg_mpc_event,-1.0,-1.0,predictive_alpha,1.0,0.25449364761981685,0.2911151250416904,0.2233481937730297,0.0,transformer,16,True,2.5,1.0,0.75,real_10kg_v1,thruster,real_10kg_x,1.0,0.046507936507936505,0.13095238095238096,0.018721616686442958,0.0026954018098045663,0.008116602959036016,0.012500000000000011,0.0006940120662642353,0.09496667450257931,0.07853086379951102,,
startup_0_3s,0.0,3.0,300,0.13263057637978573,0.13047059662060803,0.0238389011553965,0.9837143152194964,0.179739105461882,0.032306146032237526,0.11344332735839383,0.24245278183896907,0.939257833736791,0.0,0.0,0.033191329697280614,0.004543077681167543,predictive_alpha,constant,1,23005,0.0,1.0,1.0,0.03,0.01,0.04503591434724064,1.0,1.0,1.0,0.09042675801898772,0.24245278183896907,0.10113642420502492,1.8989619183987423,0.07700598309272022,0.07850946743252919,30.606939566343463,1.457473312683022,0.01881777651283504,14.338558873099718,45.0,0.013804737465420852,0.04960049816230838,0.10113642420502492,real10kg_smc_steady,real10kg_mpc_event,-1.0,-1.0,predictive_alpha,1.0,0.25472220971041937,0.2913248465935183,0.22377358754683796,0.0,transformer,16,True,2.5,1.0,0.75,real_10kg_v1,thruster,real_10kg_x,1.0,0.046507936507936505,0.13095238095238096,0.01881777651283504,0.0026855428292208374,0.008119241439518143,0.012500000000000011,0.0006709370336516119,0.0948763794945973,0.07850946743252919,,
pre_step_3_10s,3.0,10.0,700,0.0704100987091358,0.07002752149445648,0.0073299545410377915,0.9945664439946358,0.10410373902922423,0.010837588479864825,0.06884028244341577,0.10034890907046656,1.0,0.03738095238095238,0.08571428571428572,0.015703495076034465,0.0024952588428184164,predictive_alpha,constant,1,23005,0.0,1.0,1.0,0.03,0.01,0.04503591434724064,1.0,1.0,1.0,0.09042675801898772,0.24245278183896907,0.10113642420502492,1.8989619183987423,0.07700598309272022,0.07850946743252919,30.606939566343463,1.457473312683022,0.01881777651283504,14.338558873099718,45.0,0.013804737465420852,0.04960049816230838,0.10113642420502492,real10kg_smc_steady,real10kg_mpc_event,-1.0,-1.0,predictive_alpha,1.0,0.25472220971041937,0.2913248465935183,0.22377358754683796,0.0,transformer,16,True,2.5,1.0,0.75,real_10kg_v1,thruster,real_10kg_x,1.0,0.046507936507936505,0.13095238095238096,0.01881777651283504,0.0026855428292208374,0.008119241439518143,0.012500000000000011,0.0006709370336516119,0.0948763794945973,0.07850946743252919,,
step_recovery_10_13s,10.0,13.0,300,0.16034253106296473,0.15984577200307867,0.012611758022480343,0.9969018883723934,0.07865510129391587,0.006186624959556166,0.15078499194577757,0.22318267230860775,1.0,0.23833333333333334,0.7166666666666667,0.01098432401846127,0.0010770827330911484,predictive_alpha,constant,1,23005,0.0,1.0,1.0,0.03,0.01,0.04503591434724064,1.0,1.0,1.0,0.09042675801898772,0.24245278183896907,0.10113642420502492,1.8989619183987423,0.07700598309272022,0.07850946743252919,30.606939566343463,1.457473312683022,0.01881777651283504,14.338558873099718,45.0,0.013804737465420852,0.04960049816230838,0.10113642420502492,real10kg_smc_steady,real10kg_mpc_event,-1.0,-1.0,predictive_alpha,1.0,0.25472220971041937,0.2913248465935183,0.22377358754683796,0.0,transformer,16,True,2.5,1.0,0.75,real_10kg_v1,thruster,real_10kg_x,1.0,0.046507936507936505,0.13095238095238096,0.01881777651283504,0.0026855428292208374,0.008119241439518143,0.012500000000000011,0.0006709370336516119,0.0948763794945973,0.07850946743252919,,
post_step_13_20p9s,13.0,20.9,790,0.07953959435469121,0.07839680932381735,0.013434558346066024,0.9856325011443,0.16890403396020914,0.028528572688031485,0.07844981006142468,0.10012273014790074,0.7691307776353422,0.0,0.0,0.019236900938441402,0.002734424375978641,predictive_alpha,constant,1,23005,0.0,1.0,1.0,0.03,0.01,0.04503591434724064,1.0,1.0,1.0,0.09042675801898772,0.24245278183896907,0.10113642420502492,1.8989619183987423,0.07700598309272022,0.07850946743252919,30.606939566343463,1.457473312683022,0.01881777651283504,14.338558873099718,45.0,0.013804737465420852,0.04960049816230838,0.10113642420502492,real10kg_smc_steady,real10kg_mpc_event,-1.0,-1.0,predictive_alpha,1.0,0.25472220971041937,0.2913248465935183,0.22377358754683796,0.0,transformer,16,True,2.5,1.0,0.75,real_10kg_v1,thruster,real_10kg_x,1.0,0.046507936507936505,0.13095238095238096,0.01881777651283504,0.0026855428292208374,0.008119241439518143,0.012500000000000011,0.0006709370336516119,0.0948763794945973,0.07850946743252919,,
startup_0_3s,0.0,3.0,300,0.11510042609072202,0.11252135785696388,0.024229158307519358,0.9775928871738031,0.21050450576457436,0.04431214694718772,0.0997737481915367,0.20916444845995846,0.8437509336903836,0.0,0.0,0.03310248380239675,0.004707745156353911,predictive_alpha,constant,1,23006,0.0,1.0,1.0,0.03,0.01,0.045046798459796346,1.0,1.0,1.0,0.08839818491286865,0.2223587231630379,0.09786922957563922,1.8563618831702418,0.07700030020150422,0.07850504669030153,30.485858312774102,1.4517075387035288,0.018843394508958892,14.362235678644884,45.0,0.013898082161651205,0.05028641478951745,0.09786922957563922,real10kg_smc_steady,real10kg_mpc_event,-1.0,-1.0,predictive_alpha,1.0,0.2546295585286747,0.29139377372222164,0.22390457174956932,0.0,transformer,16,True,2.5,1.0,0.75,real_10kg_v1,thruster,real_10kg_x,1.0,0.046507936507936505,0.13095238095238096,0.018843394508958892,0.0027032916918911156,0.00810230169797177,0.012500000000000011,0.0007115517673625169,0.09469300801171335,0.07850504669030153,,
pre_step_3_10s,3.0,10.0,700,0.07031667938679678,0.06993143897992239,0.007350458637592887,0.9945213509762703,0.10453364268183955,0.010927282452334507,0.06882071555609354,0.0996494758458514,1.0,0.03738095238095238,0.08571428571428572,0.015831191832558364,0.0024886391795038835,predictive_alpha,constant,1,23006,0.0,1.0,1.0,0.03,0.01,0.045046798459796346,1.0,1.0,1.0,0.08839818491286865,0.2223587231630379,0.09786922957563922,1.8563618831702418,0.07700030020150422,0.07850504669030153,30.485858312774102,1.4517075387035288,0.018843394508958892,14.362235678644884,45.0,0.013898082161651205,0.05028641478951745,0.09786922957563922,real10kg_smc_steady,real10kg_mpc_event,-1.0,-1.0,predictive_alpha,1.0,0.2546295585286747,0.29139377372222164,0.22390457174956932,0.0,transformer,16,True,2.5,1.0,0.75,real_10kg_v1,thruster,real_10kg_x,1.0,0.046507936507936505,0.13095238095238096,0.018843394508958892,0.0027032916918911156,0.00810230169797177,0.012500000000000011,0.0007115517673625169,0.09469300801171335,0.07850504669030153,,
step_recovery_10_13s,10.0,13.0,300,0.15975383779109611,0.15925855522053156,0.012569855928082458,0.996899714101315,0.07868265389980533,0.006190960024716551,0.15024363754066003,0.2223587231630379,1.0,0.23833333333333334,0.7166666666666667,0.010999416542023677,0.001021757380291853,predictive_alpha,constant,1,23006,0.0,1.0,1.0,0.03,0.01,0.045046798459796346,1.0,1.0,1.0,0.08839818491286865,0.2223587231630379,0.09786922957563922,1.8563618831702418,0.07700030020150422,0.07850504669030153,30.485858312774102,1.4517075387035288,0.018843394508958892,14.362235678644884,45.0,0.013898082161651205,0.05028641478951745,0.09786922957563922,real10kg_smc_steady,real10kg_mpc_event,-1.0,-1.0,predictive_alpha,1.0,0.2546295585286747,0.29139377372222164,0.22390457174956932,0.0,transformer,16,True,2.5,1.0,0.75,real_10kg_v1,thruster,real_10kg_x,1.0,0.046507936507936505,0.13095238095238096,0.018843394508958892,0.0027032916918911156,0.00810230169797177,0.012500000000000011,0.0007115517673625169,0.09469300801171335,0.07850504669030153,,
post_step_13_20p9s,13.0,20.9,790,0.07956458564125579,0.07842321121070553,0.013428448594897236,0.9856547429820531,0.16877419126449048,0.02848472763698281,0.07847099640164339,0.10033082127392845,0.7692844292563419,0.0,0.0,0.019244187597181193,0.002721970756599546,predictive_alpha,constant,1,23006,0.0,1.0,1.0,0.03,0.01,0.045046798459796346,1.0,1.0,1.0,0.08839818491286865,0.2223587231630379,0.09786922957563922,1.8563618831702418,0.07700030020150422,0.07850504669030153,30.485858312774102,1.4517075387035288,0.018843394508958892,14.362235678644884,45.0,0.013898082161651205,0.05028641478951745,0.09786922957563922,real10kg_smc_steady,real10kg_mpc_event,-1.0,-1.0,predictive_alpha,1.0,0.2546295585286747,0.29139377372222164,0.22390457174956932,0.0,transformer,16,True,2.5,1.0,0.75,real_10kg_v1,thruster,real_10kg_x,1.0,0.046507936507936505,0.13095238095238096,0.018843394508958892,0.0027032916918911156,0.00810230169797177,0.012500000000000011,0.0007115517673625169,0.09469300801171335,0.07850504669030153,,
startup_0_3s,0.0,3.0,300,0.13201122756997907,0.1297215675239291,0.02448017817883485,0.9826555658318061,0.1854401222491316,0.03438803893977287,0.11192537088208576,0.24125191455668035,0.9006966592958984,0.0,0.0,0.03208556629656422,0.00453694520506463,predictive_alpha,constant,1,23007,0.0,1.0,1.0,0.03,0.01,0.04505969574773347,1.0,1.0,1.0,0.09016265721256053,0.24125191455668035,0.10103270434108266,1.8934158014637712,0.07700350579266199,0.07850622426706434,30.58563320852639,1.4564587242155422,0.018636108457572166,14.361307372789277,45.0,0.013948877690095268,0.0438177750039786,0.10103270434108266,real10kg_smc_steady,real10kg_mpc_event,-1.0,-1.0,predictive_alpha,1.0,0.2543750121869496,0.2908834113199994,0.22306521544371555,0.0,transformer,16,True,2.5,1.0,0.75,real_10kg_v1,thruster,real_10kg_x,1.0,0.046507936507936505,0.13095238095238096,0.018636108457572166,0.002674957925930573,0.008128674653800846,0.012500000000000011,0.0006964494177847648,0.09489141796528594,0.07850622426706434,,
pre_step_3_10s,3.0,10.0,700,0.07006334483452702,0.06968521221044599,0.007269352693806547,0.9946029892667259,0.10375400590672672,0.010764893741693081,0.06853921016347517,0.09914413650167947,1.0,0.03738095238095238,0.08571428571428572,0.01566423278055478,0.00246675677709514,predictive_alpha,constant,1,23007,0.0,1.0,1.0,0.03,0.01,0.04505969574773347,1.0,1.0,1.0,0.09016265721256053,0.24125191455668035,0.10103270434108266,1.8934158014637712,0.07700350579266199,0.07850622426706434,30.58563320852639,1.4564587242155422,0.018636108457572166,14.361307372789277,45.0,0.013948877690095268,0.0438177750039786,0.10103270434108266,real10kg_smc_steady,real10kg_mpc_event,-1.0,-1.0,predictive_alpha,1.0,0.2543750121869496,0.2908834113199994,0.22306521544371555,0.0,transformer,16,True,2.5,1.0,0.75,real_10kg_v1,thruster,real_10kg_x,1.0,0.046507936507936505,0.13095238095238096,0.018636108457572166,0.002674957925930573,0.008128674653800846,0.012500000000000011,0.0006964494177847648,0.09489141796528594,0.07850622426706434,,
step_recovery_10_13s,10.0,13.0,300,0.16075004007926202,0.16025679111102994,0.012583174809246919,0.9969315779455553,0.07827789531525127,0.006127428894985437,0.15115661438739053,0.22372110775167045,1.0,0.23833333333333334,0.7166666666666667,0.010971073504440636,0.0010746890320832445,predictive_alpha,constant,1,23007,0.0,1.0,1.0,0.03,0.01,0.04505969574773347,1.0,1.0,1.0,0.09016265721256053,0.24125191455668035,0.10103270434108266,1.8934158014637712,0.07700350579266199,0.07850622426706434,30.58563320852639,1.4564587242155422,0.018636108457572166,14.361307372789277,45.0,0.013948877690095268,0.0438177750039786,0.10103270434108266,real10kg_smc_steady,real10kg_mpc_event,-1.0,-1.0,predictive_alpha,1.0,0.2543750121869496,0.2908834113199994,0.22306521544371555,0.0,transformer,16,True,2.5,1.0,0.75,real_10kg_v1,thruster,real_10kg_x,1.0,0.046507936507936505,0.13095238095238096,0.018636108457572166,0.002674957925930573,0.008128674653800846,0.012500000000000011,0.0006964494177847648,0.09489141796528594,0.07850622426706434,,
post_step_13_20p9s,13.0,20.9,790,0.07953941476919407,0.07839684620647684,0.013433279819310901,0.9856351902257174,0.1688883411864587,0.028523271788713684,0.07844983139258646,0.10010590185370176,0.7689823794871467,0.0,0.0,0.01922853203264907,0.002730607159546256,predictive_alpha,constant,1,23007,0.0,1.0,1.0,0.03,0.01,0.04505969574773347,1.0,1.0,1.0,0.09016265721256053,0.24125191455668035,0.10103270434108266,1.8934158014637712,0.07700350579266199,0.07850622426706434,30.58563320852639,1.4564587242155422,0.018636108457572166,14.361307372789277,45.0,0.013948877690095268,0.0438177750039786,0.10103270434108266,real10kg_smc_steady,real10kg_mpc_event,-1.0,-1.0,predictive_alpha,1.0,0.2543750121869496,0.2908834113199994,0.22306521544371555,0.0,transformer,16,True,2.5,1.0,0.75,real_10kg_v1,thruster,real_10kg_x,1.0,0.046507936507936505,0.13095238095238096,0.018636108457572166,0.002674957925930573,0.008128674653800846,0.012500000000000011,0.0006964494177847648,0.09489141796528594,0.07850622426706434,,
startup_0_3s,0.0,3.0,300,0.12467268276119921,0.1219731824677226,0.025803499483021,0.9783472992343696,0.2069699545364367,0.04283656208081468,0.10856480529916113,0.22507130529144395,0.9197223159004595,0.0,0.0,0.03448738909773348,0.005081712379607933,predictive_alpha,constant,1,23008,0.0,1.0,1.0,0.03,0.01,0.04501546120086209,1.0,1.0,1.0,0.08975244501736206,0.22507130529144395,0.09964834419684,1.8848013453646033,0.07700981228969818,0.07851400628793044,30.57830026430542,1.4561095363954961,0.019013302269497826,14.299036537900609,45.0,0.014309661778035544,0.05337902494419006,0.09964834419684,real10kg_smc_steady,real10kg_mpc_event,-1.0,-1.0,predictive_alpha,1.0,0.255064006842971,0.29188224959327846,0.22483410461384448,0.0,transformer,16,True,2.5,1.0,0.75,real_10kg_v1,thruster,real_10kg_x,1.0,0.046507936507936505,0.13095238095238096,0.019013302269497826,0.0027466137927278727,0.008101482532876434,0.012500000000000011,0.000693344868486515,0.0948378174229815,0.07851400628793044,,
pre_step_3_10s,3.0,10.0,700,0.07065480061101317,0.0702668193695899,0.007394250811505768,0.9945087773503276,0.10465319762509108,0.010952291773156368,0.0690534787531852,0.1011353128342977,1.0,0.03738095238095238,0.08571428571428572,0.015722695984772397,0.0024660828544754623,predictive_alpha,constant,1,23008,0.0,1.0,1.0,0.03,0.01,0.04501546120086209,1.0,1.0,1.0,0.08975244501736206,0.22507130529144395,0.09964834419684,1.8848013453646033,0.07700981228969818,0.07851400628793044,30.57830026430542,1.4561095363954961,0.019013302269497826,14.299036537900609,45.0,0.014309661778035544,0.05337902494419006,0.09964834419684,real10kg_smc_steady,real10kg_mpc_event,-1.0,-1.0,predictive_alpha,1.0,0.255064006842971,0.29188224959327846,0.22483410461384448,0.0,transformer,16,True,2.5,1.0,0.75,real_10kg_v1,thruster,real_10kg_x,1.0,0.046507936507936505,0.13095238095238096,0.019013302269497826,0.0027466137927278727,0.008101482532876434,0.012500000000000011,0.000693344868486515,0.0948378174229815,0.07851400628793044,,
step_recovery_10_13s,10.0,13.0,300,0.15993369295333731,0.15943686298723386,0.012596541687399283,0.9968935253295976,0.0787610256149996,0.006203299155926625,0.1504086896583149,0.22262089846412883,1.0,0.23833333333333334,0.7166666666666667,0.011009938103023191,0.001047313268717458,predictive_alpha,constant,1,23008,0.0,1.0,1.0,0.03,0.01,0.04501546120086209,1.0,1.0,1.0,0.08975244501736206,0.22507130529144395,0.09964834419684,1.8848013453646033,0.07700981228969818,0.07851400628793044,30.57830026430542,1.4561095363954961,0.019013302269497826,14.299036537900609,45.0,0.014309661778035544,0.05337902494419006,0.09964834419684,real10kg_smc_steady,real10kg_mpc_event,-1.0,-1.0,predictive_alpha,1.0,0.255064006842971,0.29188224959327846,0.22483410461384448,0.0,transformer,16,True,2.5,1.0,0.75,real_10kg_v1,thruster,real_10kg_x,1.0,0.046507936507936505,0.13095238095238096,0.019013302269497826,0.0027466137927278727,0.008101482532876434,0.012500000000000011,0.000693344868486515,0.0948378174229815,0.07851400628793044,,
post_step_13_20p9s,13.0,20.9,790,0.07955515258519241,0.07841272712617516,0.013433783066926448,0.9856398307099734,0.16886125700709015,0.02851412411801455,0.07846399354351939,0.10013732908502973,0.7692622923234655,0.0,0.0,0.01924310827462816,0.0027368632539420466,predictive_alpha,constant,1,23008,0.0,1.0,1.0,0.03,0.01,0.04501546120086209,1.0,1.0,1.0,0.08975244501736206,0.22507130529144395,0.09964834419684,1.8848013453646033,0.07700981228969818,0.07851400628793044,30.57830026430542,1.4561095363954961,0.019013302269497826,14.299036537900609,45.0,0.014309661778035544,0.05337902494419006,0.09964834419684,real10kg_smc_steady,real10kg_mpc_event,-1.0,-1.0,predictive_alpha,1.0,0.255064006842971,0.29188224959327846,0.22483410461384448,0.0,transformer,16,True,2.5,1.0,0.75,real_10kg_v1,thruster,real_10kg_x,1.0,0.046507936507936505,0.13095238095238096,0.019013302269497826,0.0027466137927278727,0.008101482532876434,0.012500000000000011,0.000693344868486515,0.0948378174229815,0.07851400628793044,,
startup_0_3s,0.0,3.0,300,0.11867780703588149,0.1155179206427664,0.027203527220149997,0.973374243491374,0.22922168769031248,0.05254258210759516,0.10373500300833462,0.21336413927404071,0.8662169914454235,0.0,0.0,0.03440503959752654,0.005013127441808816,predictive_alpha,constant,1,23009,0.0,1.0,1.0,0.03,0.01,0.045008748084352505,1.0,1.0,1.0,0.08898337786339272,0.2216629658985896,0.09842965582058585,1.8686509351312472,0.07700876987647963,0.07851301498404052,30.512887481103117,1.4529946419572912,0.01901439956724746,14.291023968358582,45.0,0.014675274564025727,0.05328535780942878,0.09842965582058585,real10kg_smc_steady,real10kg_mpc_event,-1.0,-1.0,predictive_alpha,1.0,0.2550075291735638,0.29184363147413894,0.2243174576471072,0.0,transformer,16,True,2.5,1.0,0.75,real_10kg_v1,thruster,real_10kg_x,1.0,0.04634920634920635,0.13047619047619047,0.01901439956724746,0.0027646267325671346,0.008103392323322387,0.012500000000000011,0.0006967709424986449,0.09463469953093935,0.07851301498404052,,
pre_step_3_10s,3.0,10.0,700,0.07063902021911743,0.07024990492469298,0.00740419040736257,0.9944914964389732,0.10481728631562662,0.010986663510572047,0.06909610083714304,0.1005887907248363,1.0,0.037142857142857144,0.08571428571428572,0.01578722640530613,0.00249122552389958,predictive_alpha,constant,1,23009,0.0,1.0,1.0,0.03,0.01,0.045008748084352505,1.0,1.0,1.0,0.08898337786339272,0.2216629658985896,0.09842965582058585,1.8686509351312472,0.07700876987647963,0.07851301498404052,30.512887481103117,1.4529946419572912,0.01901439956724746,14.291023968358582,45.0,0.014675274564025727,0.05328535780942878,0.09842965582058585,real10kg_smc_steady,real10kg_mpc_event,-1.0,-1.0,predictive_alpha,1.0,0.2550075291735638,0.29184363147413894,0.2243174576471072,0.0,transformer,16,True,2.5,1.0,0.75,real_10kg_v1,thruster,real_10kg_x,1.0,0.04634920634920635,0.13047619047619047,0.01901439956724746,0.0027646267325671346,0.008103392323322387,0.012500000000000011,0.0006967709424986449,0.09463469953093935,0.07851301498404052,,
step_recovery_10_13s,10.0,13.0,300,0.15922308229466048,0.15872532125618627,0.01258023559130312,0.9968738135746358,0.07901012472564724,0.006242599809162334,0.14975078017251098,0.2216629658985896,1.0,0.23777777777777778,0.7133333333333334,0.011026032957664213,0.0010284348000483292,predictive_alpha,constant,1,23009,0.0,1.0,1.0,0.03,0.01,0.045008748084352505,1.0,1.0,1.0,0.08898337786339272,0.2216629658985896,0.09842965582058585,1.8686509351312472,0.07700876987647963,0.07851301498404052,30.512887481103117,1.4529946419572912,0.01901439956724746,14.291023968358582,45.0,0.014675274564025727,0.05328535780942878,0.09842965582058585,real10kg_smc_steady,real10kg_mpc_event,-1.0,-1.0,predictive_alpha,1.0,0.2550075291735638,0.29184363147413894,0.2243174576471072,0.0,transformer,16,True,2.5,1.0,0.75,real_10kg_v1,thruster,real_10kg_x,1.0,0.04634920634920635,0.13047619047619047,0.01901439956724746,0.0027646267325671346,0.008103392323322387,0.012500000000000011,0.0006967709424986449,0.09463469953093935,0.07851301498404052,,
post_step_13_20p9s,13.0,20.9,790,0.07955768129147762,0.07841541040762424,0.013433095811471911,0.9856422300736944,0.16884725137044548,0.028509394295354408,0.07846570169814755,0.1001456157428018,0.7685594704805984,0.0,0.0,0.019252755614189442,0.002754056303677959,predictive_alpha,constant,1,23009,0.0,1.0,1.0,0.03,0.01,0.045008748084352505,1.0,1.0,1.0,0.08898337786339272,0.2216629658985896,0.09842965582058585,1.8686509351312472,0.07700876987647963,0.07851301498404052,30.512887481103117,1.4529946419572912,0.01901439956724746,14.291023968358582,45.0,0.014675274564025727,0.05328535780942878,0.09842965582058585,real10kg_smc_steady,real10kg_mpc_event,-1.0,-1.0,predictive_alpha,1.0,0.2550075291735638,0.29184363147413894,0.2243174576471072,0.0,transformer,16,True,2.5,1.0,0.75,real_10kg_v1,thruster,real_10kg_x,1.0,0.04634920634920635,0.13047619047619047,0.01901439956724746,0.0027646267325671346,0.008103392323322387,0.012500000000000011,0.0006967709424986449,0.09463469953093935,0.07851301498404052,,
startup_0_3s,0.0,3.0,300,0.12213455654382364,0.11968370821306104,0.024344607011149638,0.9799332113685352,0.199326117849492,0.03973090125694958,0.1079637902197923,0.21657922158853363,0.7832180454593116,0.0,0.0,0.0306181572584841,0.004466424385741595,predictive_alpha,sinusoidal,2,23000,0.0,1.0,1.0,0.03,0.01,0.3770772321178753,1.0,1.0,1.0,0.08265940968629817,0.3770772321178753,0.09440844075406797,1.7358476034122619,0.10903686952999467,0.12830550553001382,39.20288310595275,1.8668039574263215,0.01750308086544682,13.220921481520923,45.0,0.013811787628300131,0.04950225573626954,0.09440844075406797,real10kg_smc_steady,real10kg_mpc_event,-1.0,-1.0,predictive_alpha,1.0,0.2336670287802405,0.2680473089202193,0.2120043666431004,0.0,transformer,16,True,2.5,1.0,0.75,real_10kg_v1,thruster,real_10kg_x,1.0,0.07587301587301587,0.22476190476190477,0.01750308086544682,0.002328128662614044,0.0074945957256277755,0.012500000000000011,0.0006857344158945684,0.08895113442891373,0.12830550553001382,,
pre_step_3_10s,3.0,10.0,700,0.0758781803483403,0.07544199402914083,0.008124271652421322,0.9942514920996123,0.10706993255669219,0.011463970457694612,0.0728828730163039,0.09630258686341335,1.0,0.10523809523809524,0.3628571428571429,0.011444939471346541,0.0013423011028364056,predictive_alpha,sinusoidal,2,23000,0.0,1.0,1.0,0.03,0.01,0.3770772321178753,1.0,1.0,1.0,0.08265940968629817,0.3770772321178753,0.09440844075406797,1.7358476034122619,0.10903686952999467,0.12830550553001382,39.20288310595275,1.8668039574263215,0.01750308086544682,13.220921481520923,45.0,0.013811787628300131,0.04950225573626954,0.09440844075406797,real10kg_smc_steady,real10kg_mpc_event,-1.0,-1.0,predictive_alpha,1.0,0.2336670287802405,0.2680473089202193,0.2120043666431004,0.0,transformer,16,True,2.5,1.0,0.75,real_10kg_v1,thruster,real_10kg_x,1.0,0.07587301587301587,0.22476190476190477,0.01750308086544682,0.002328128662614044,0.0074945957256277755,0.012500000000000011,0.0006857344158945684,0.08895113442891373,0.12830550553001382,,
step_recovery_10_13s,10.0,13.0,300,0.056698476812038226,0.055240435077853235,0.012775429746772435,0.974284287406546,0.2253222743377112,0.050770127312718794,0.04990315010778716,0.08903390993396838,1.0,0.10555555555555556,0.32,0.013415390857707286,0.0013774861233084652,predictive_alpha,sinusoidal,2,23000,0.0,1.0,1.0,0.03,0.01,0.3770772321178753,1.0,1.0,1.0,0.08265940968629817,0.3770772321178753,0.09440844075406797,1.7358476034122619,0.10903686952999467,0.12830550553001382,39.20288310595275,1.8668039574263215,0.01750308086544682,13.220921481520923,45.0,0.013811787628300131,0.04950225573626954,0.09440844075406797,real10kg_smc_steady,real10kg_mpc_event,-1.0,-1.0,predictive_alpha,1.0,0.2336670287802405,0.2680473089202193,0.2120043666431004,0.0,transformer,16,True,2.5,1.0,0.75,real_10kg_v1,thruster,real_10kg_x,1.0,0.07587301587301587,0.22476190476190477,0.01750308086544682,0.002328128662614044,0.0074945957256277755,0.012500000000000011,0.0006857344158945684,0.08895113442891373,0.12830550553001382,,
post_step_13_20p9s,13.0,20.9,790,0.10041105208006469,0.09960593062636743,0.012690073438745165,0.991981744668353,0.126381241664777,0.015972218244730767,0.09066794060802774,0.3347468060589348,1.0,0.0620253164556962,0.14177215189873418,0.019679977248013424,0.0027825490286937076,predictive_alpha,sinusoidal,2,23000,0.0,1.0,1.0,0.03,0.01,0.3770772321178753,1.0,1.0,1.0,0.08265940968629817,0.3770772321178753,0.09440844075406797,1.7358476034122619,0.10903686952999467,0.12830550553001382,39.20288310595275,1.8668039574263215,0.01750308086544682,13.220921481520923,45.0,0.013811787628300131,0.04950225573626954,0.09440844075406797,real10kg_smc_steady,real10kg_mpc_event,-1.0,-1.0,predictive_alpha,1.0,0.2336670287802405,0.2680473089202193,0.2120043666431004,0.0,transformer,16,True,2.5,1.0,0.75,real_10kg_v1,thruster,real_10kg_x,1.0,0.07587301587301587,0.22476190476190477,0.01750308086544682,0.002328128662614044,0.0074945957256277755,0.012500000000000011,0.0006857344158945684,0.08895113442891373,0.12830550553001382,,
startup_0_3s,0.0,3.0,300,0.11801628291995553,0.11548008535561222,0.024335014290184954,0.9785097657578024,0.20620048088355877,0.04251863831661089,0.1043659246613893,0.20959021152011212,0.7716283840025058,0.0,0.0,0.03144775045241208,0.004745156312900354,predictive_alpha,sinusoidal,2,23001,0.0,1.0,1.0,0.03,0.01,0.37709387827677965,1.0,1.0,1.0,0.08203414371788975,0.37709387827677965,0.09356230707406048,1.722717018075685,0.10903988029534908,0.12831120413051353,39.1840542872451,1.8659073470116714,0.017646414857645495,13.261735891222642,45.0,0.01380148663333701,0.05200506596821053,0.09356230707406048,real10kg_smc_steady,real10kg_mpc_event,-1.0,-1.0,predictive_alpha,1.0,0.23378171015565544,0.2680307837130737,0.21337444130181601,0.0,transformer,16,True,2.5,1.0,0.75,real_10kg_v1,thruster,real_10kg_x,1.0,0.07539682539682539,0.22333333333333333,0.017646414857645495,0.0023648879997369356,0.007509507319444239,0.012500000000000011,0.0006653707305175281,0.08883457857248167,0.12831120413051353,,
pre_step_3_10s,3.0,10.0,700,0.07548086073067647,0.07504687244038168,0.008082528908754874,0.9942503531876337,0.10708050796604153,0.011466235186265482,0.07250611202620856,0.09606830318055604,1.0,0.10380952380952381,0.3585714285714286,0.011507228196087453,0.0013361288987189805,predictive_alpha,sinusoidal,2,23001,0.0,1.0,1.0,0.03,0.01,0.37709387827677965,1.0,1.0,1.0,0.08203414371788975,0.37709387827677965,0.09356230707406048,1.722717018075685,0.10903988029534908,0.12831120413051353,39.1840542872451,1.8659073470116714,0.017646414857645495,13.261735891222642,45.0,0.01380148663333701,0.05200506596821053,0.09356230707406048,real10kg_smc_steady,real10kg_mpc_event,-1.0,-1.0,predictive_alpha,1.0,0.23378171015565544,0.2680307837130737,0.21337444130181601,0.0,transformer,16,True,2.5,1.0,0.75,real_10kg_v1,thruster,real_10kg_x,1.0,0.07539682539682539,0.22333333333333333,0.017646414857645495,0.0023648879997369356,0.007509507319444239,0.012500000000000011,0.0006653707305175281,0.08883457857248167,0.12831120413051353,,
step_recovery_10_13s,10.0,13.0,300,0.0568233928608996,0.05536835276432734,0.012776677517615447,0.9743936427707842,0.22484890243868436,0.05055702892788099,0.050001512169649195,0.08920433914455381,1.0,0.10555555555555556,0.32,0.01344021847676012,0.001372344146468465,predictive_alpha,sinusoidal,2,23001,0.0,1.0,1.0,0.03,0.01,0.37709387827677965,1.0,1.0,1.0,0.08203414371788975,0.37709387827677965,0.09356230707406048,1.722717018075685,0.10903988029534908,0.12831120413051353,39.1840542872451,1.8659073470116714,0.017646414857645495,13.261735891222642,45.0,0.01380148663333701,0.05200506596821053,0.09356230707406048,real10kg_smc_steady,real10kg_mpc_event,-1.0,-1.0,predictive_alpha,1.0,0.23378171015565544,0.2680307837130737,0.21337444130181601,0.0,transformer,16,True,2.5,1.0,0.75,real_10kg_v1,thruster,real_10kg_x,1.0,0.07539682539682539,0.22333333333333333,0.017646414857645495,0.0023648879997369356,0.007509507319444239,0.012500000000000011,0.0006653707305175281,0.08883457857248167,0.12831120413051353,,
post_step_13_20p9s,13.0,20.9,790,0.10041367182799106,0.09960852698982492,0.012690423196127383,0.9919817209797351,0.12638142759948184,0.015972265242083075,0.09066838023829397,0.3347660151028701,1.0,0.0620253164556962,0.14177215189873418,0.019681440359310503,0.0027823743316318385,predictive_alpha,sinusoidal,2,23001,0.0,1.0,1.0,0.03,0.01,0.37709387827677965,1.0,1.0,1.0,0.08203414371788975,0.37709387827677965,0.09356230707406048,1.722717018075685,0.10903988029534908,0.12831120413051353,39.1840542872451,1.8659073470116714,0.017646414857645495,13.261735891222642,45.0,0.01380148663333701,0.05200506596821053,0.09356230707406048,real10kg_smc_steady,real10kg_mpc_event,-1.0,-1.0,predictive_alpha,1.0,0.23378171015565544,0.2680307837130737,0.21337444130181601,0.0,transformer,16,True,2.5,1.0,0.75,real_10kg_v1,thruster,real_10kg_x,1.0,0.07539682539682539,0.22333333333333333,0.017646414857645495,0.0023648879997369356,0.007509507319444239,0.012500000000000011,0.0006653707305175281,0.08883457857248167,0.12831120413051353,,
startup_0_3s,0.0,3.0,300,0.12272186496835544,0.11980105421145194,0.026615100058726436,0.9761997525244858,0.21687333439391016,0.047034043171132765,0.10695528607601006,0.22253190138932097,0.8059375617534271,0.0,0.0,0.03329723095477837,0.004447334341340888,predictive_alpha,sinusoidal,2,23002,0.0,1.0,1.0,0.03,0.01,0.3799193020571783,1.0,1.0,1.0,0.08182158370883158,0.3799193020571783,0.09410180255887174,1.718253257885463,0.1094518084592454,0.1291930918384641,39.26819672277709,1.869914129656052,0.018120804715772577,13.653411978912056,45.0,0.014266701584354955,0.05567733420620319,0.09410180255887174,real10kg_smc_steady,real10kg_mpc_event,-1.0,-1.0,predictive_alpha,1.0,0.23857355814452294,0.26769649921967303,0.21477618839383858,0.0,transformer,16,True,2.5,1.0,0.75,real_10kg_v1,thruster,real_10kg_x,1.0,0.07436507936507937,0.22095238095238096,0.018120804715772577,0.0023520090446344957,0.007685600422909658,0.012500000000000011,0.0006714024017971799,0.08843584168997969,0.1291930918384641,,
pre_step_3_10s,3.0,10.0,700,0.07307568877565637,0.07268780347973265,0.007519276250302193,0.9946920062961769,0.10289709719174185,0.01058781261048677,0.07019827437458456,0.09591841794166131,1.0,0.10261904761904762,0.3514285714285714,0.01204760289722603,0.001430807775371766,predictive_alpha,sinusoidal,2,23002,0.0,1.0,1.0,0.03,0.01,0.3799193020571783,1.0,1.0,1.0,0.08182158370883158,0.3799193020571783,0.09410180255887174,1.718253257885463,0.1094518084592454,0.1291930918384641,39.26819672277709,1.869914129656052,0.018120804715772577,13.653411978912056,45.0,0.014266701584354955,0.05567733420620319,0.09410180255887174,real10kg_smc_steady,real10kg_mpc_event,-1.0,-1.0,predictive_alpha,1.0,0.23857355814452294,0.26769649921967303,0.21477618839383858,0.0,transformer,16,True,2.5,1.0,0.75,real_10kg_v1,thruster,real_10kg_x,1.0,0.07436507936507937,0.22095238095238096,0.018120804715772577,0.0023520090446344957,0.007685600422909658,0.012500000000000011,0.0006714024017971799,0.08843584168997969,0.1291930918384641,,
step_recovery_10_13s,10.0,13.0,300,0.057675765639603256,0.05629921624781233,0.012525661339685966,0.976132967173899,0.21717373320979685,0.047164430396280016,0.05080025356255242,0.09049175613091859,1.0,0.10611111111111111,0.32,0.013410477162379695,0.001323697692905623,predictive_alpha,sinusoidal,2,23002,0.0,1.0,1.0,0.03,0.01,0.3799193020571783,1.0,1.0,1.0,0.08182158370883158,0.3799193020571783,0.09410180255887174,1.718253257885463,0.1094518084592454,0.1291930918384641,39.26819672277709,1.869914129656052,0.018120804715772577,13.653411978912056,45.0,0.014266701584354955,0.05567733420620319,0.09410180255887174,real10kg_smc_steady,real10kg_mpc_event,-1.0,-1.0,predictive_alpha,1.0,0.23857355814452294,0.26769649921967303,0.21477618839383858,0.0,transformer,16,True,2.5,1.0,0.75,real_10kg_v1,thruster,real_10kg_x,1.0,0.07436507936507937,0.22095238095238096,0.018120804715772577,0.0023520090446344957,0.007685600422909658,0.012500000000000011,0.0006714024017971799,0.08843584168997969,0.1291930918384641,,
post_step_13_20p9s,13.0,20.9,790,0.10086784496666672,0.10006204317842567,0.012724372800982774,0.992011311548221,0.12614895069075516,0.015913557760378574,0.09082394813537556,0.33792733207313164,1.0,0.060126582278481014,0.14177215189873418,0.019755490893383854,0.0027910857082543467,predictive_alpha,sinusoidal,2,23002,0.0,1.0,1.0,0.03,0.01,0.3799193020571783,1.0,1.0,1.0,0.08182158370883158,0.3799193020571783,0.09410180255887174,1.718253257885463,0.1094518084592454,0.1291930918384641,39.26819672277709,1.869914129656052,0.018120804715772577,13.653411978912056,45.0,0.014266701584354955,0.05567733420620319,0.09410180255887174,real10kg_smc_steady,real10kg_mpc_event,-1.0,-1.0,predictive_alpha,1.0,0.23857355814452294,0.26769649921967303,0.21477618839383858,0.0,transformer,16,True,2.5,1.0,0.75,real_10kg_v1,thruster,real_10kg_x,1.0,0.07436507936507937,0.22095238095238096,0.018120804715772577,0.0023520090446344957,0.007685600422909658,0.012500000000000011,0.0006714024017971799,0.08843584168997969,0.1291930918384641,,
startup_0_3s,0.0,3.0,300,0.11212828398666054,0.1083830025711775,0.02873807271633446,0.9665982454888135,0.256296374960606,0.06568783181794753,0.09954023388721334,0.19989074130441695,0.7467102753106385,0.0,0.0,0.033714612441627136,0.005140238962587009,predictive_alpha,sinusoidal,2,23003,0.0,1.0,1.0,0.03,0.01,0.3798326975451166,1.0,1.0,1.0,0.08080954510790855,0.3798326975451166,0.09223095519754865,1.6970004472660796,0.10938581343079434,0.12912703590032099,39.2187139674416,1.8675578079734094,0.0181418363446966,13.615467369475803,45.0,0.014867671781961649,0.05516477087727506,0.09223095519754865,real10kg_smc_steady,real10kg_mpc_event,-1.0,-1.0,predictive_alpha,1.0,0.2372163381371487,0.2667037096507654,0.21511757844488047,0.0,transformer,16,True,2.5,1.0,0.75,real_10kg_v1,thruster,real_10kg_x,1.0,0.07436507936507937,0.22,0.0181418363446966,0.0024523177611095377,0.007658018389113945,0.012500000000000011,0.000679328879304697,0.0884807809703821,0.12912703590032099,,
pre_step_3_10s,3.0,10.0,700,0.073264060250529,0.07286754259175234,0.007612079941271293,0.9945878285011673,0.10389923675048203,0.010795051397332715,0.0703859479900976,0.09561683575046519,1.0,0.10261904761904762,0.3485714285714286,0.011953173385417579,0.001438944584450696,predictive_alpha,sinusoidal,2,23003,0.0,1.0,1.0,0.03,0.01,0.3798326975451166,1.0,1.0,1.0,0.08080954510790855,0.3798326975451166,0.09223095519754865,1.6970004472660796,0.10938581343079434,0.12912703590032099,39.2187139674416,1.8675578079734094,0.0181418363446966,13.615467369475803,45.0,0.014867671781961649,0.05516477087727506,0.09223095519754865,real10kg_smc_steady,real10kg_mpc_event,-1.0,-1.0,predictive_alpha,1.0,0.2372163381371487,0.2667037096507654,0.21511757844488047,0.0,transformer,16,True,2.5,1.0,0.75,real_10kg_v1,thruster,real_10kg_x,1.0,0.07436507936507937,0.22,0.0181418363446966,0.0024523177611095377,0.007658018389113945,0.012500000000000011,0.000679328879304697,0.0884807809703821,0.12912703590032099,,
step_recovery_10_13s,10.0,13.0,300,0.05767692635546091,0.056275478854532546,0.012637179808261094,0.9757017651687733,0.21910286498934756,0.04800606544654027,0.050734793967110274,0.09049314889395202,1.0,0.10611111111111111,0.32,0.013447657682412044,0.0013351744013846548,predictive_alpha,sinusoidal,2,23003,0.0,1.0,1.0,0.03,0.01,0.3798326975451166,1.0,1.0,1.0,0.08080954510790855,0.3798326975451166,0.09223095519754865,1.6970004472660796,0.10938581343079434,0.12912703590032099,39.2187139674416,1.8675578079734094,0.0181418363446966,13.615467369475803,45.0,0.014867671781961649,0.05516477087727506,0.09223095519754865,real10kg_smc_steady,real10kg_mpc_event,-1.0,-1.0,predictive_alpha,1.0,0.2372163381371487,0.2667037096507654,0.21511757844488047,0.0,transformer,16,True,2.5,1.0,0.75,real_10kg_v1,thruster,real_10kg_x,1.0,0.07436507936507937,0.22,0.0181418363446966,0.0024523177611095377,0.007658018389113945,0.012500000000000011,0.000679328879304697,0.0884807809703821,0.12912703590032099,,
post_step_13_20p9s,13.0,20.9,790,0.10084020677566524,0.1000363427093499,0.012707377380735178,0.9920283377829275,0.12601498734532268,0.015879777035641834,0.09080921667628665,0.33783939869311685,1.0,0.060126582278481014,0.14177215189873418,0.019738176889645343,0.0027808743151627505,predictive_alpha,sinusoidal,2,23003,0.0,1.0,1.0,0.03,0.01,0.3798326975451166,1.0,1.0,1.0,0.08080954510790855,0.3798326975451166,0.09223095519754865,1.6970004472660796,0.10938581343079434,0.12912703590032099,39.2187139674416,1.8675578079734094,0.0181418363446966,13.615467369475803,45.0,0.014867671781961649,0.05516477087727506,0.09223095519754865,real10kg_smc_steady,real10kg_mpc_event,-1.0,-1.0,predictive_alpha,1.0,0.2372163381371487,0.2667037096507654,0.21511757844488047,0.0,transformer,16,True,2.5,1.0,0.75,real_10kg_v1,thruster,real_10kg_x,1.0,0.07436507936507937,0.22,0.0181418363446966,0.0024523177611095377,0.007658018389113945,0.012500000000000011,0.000679328879304697,0.0884807809703821,0.12912703590032099,,
startup_0_3s,0.0,3.0,300,0.11869777987943166,0.11611083736820058,0.024646224740541643,0.978205636922116,0.2076384643889403,0.043113731893797226,0.10402410319911619,0.21144237118019668,0.7790215838157512,0.0,0.0,0.030226380230228448,0.004442618998399819,predictive_alpha,sinusoidal,2,23004,0.0,1.0,1.0,0.03,0.01,0.37700983145994965,1.0,1.0,1.0,0.08198796996594124,0.37700983145994965,0.09367896839816227,1.721747369284766,0.10903275993193584,0.1282890984905076,39.18371682034421,1.865891277159248,0.01746772529609079,13.25533897789369,45.0,0.013875968017720256,0.050042905604358145,0.09367896839816227,real10kg_smc_steady,real10kg_mpc_event,-1.0,-1.0,predictive_alpha,1.0,0.2332251037891318,0.2679704121149424,0.2103944118983955,0.0,transformer,16,True,2.5,1.0,0.75,real_10kg_v1,thruster,real_10kg_x,1.0,0.07452380952380952,0.21761904761904763,0.01746772529609079,0.0023254482695604915,0.0074849939838021505,0.012500000000000011,0.0006833345896941348,0.08882668601711724,0.1282890984905076,,
pre_step_3_10s,3.0,10.0,700,0.07552275249426016,0.07509015573859563,0.008071843374516793,0.9942719678325098,0.10687962379456793,0.011423253982468372,0.0725609683980298,0.09627448981635207,1.0,0.10119047619047619,0.3414285714285714,0.011504197253673382,0.00134828795480773,predictive_alpha,sinusoidal,2,23004,0.0,1.0,1.0,0.03,0.01,0.37700983145994965,1.0,1.0,1.0,0.08198796996594124,0.37700983145994965,0.09367896839816227,1.721747369284766,0.10903275993193584,0.1282890984905076,39.18371682034421,1.865891277159248,0.01746772529609079,13.25533897789369,45.0,0.013875968017720256,0.050042905604358145,0.09367896839816227,real10kg_smc_steady,real10kg_mpc_event,-1.0,-1.0,predictive_alpha,1.0,0.2332251037891318,0.2679704121149424,0.2103944118983955,0.0,transformer,16,True,2.5,1.0,0.75,real_10kg_v1,thruster,real_10kg_x,1.0,0.07452380952380952,0.21761904761904763,0.01746772529609079,0.0023254482695604915,0.0074849939838021505,0.012500000000000011,0.0006833345896941348,0.08882668601711724,0.1282890984905076,,
step_recovery_10_13s,10.0,13.0,300,0.0566833049831092,0.05522909087657004,0.012757138580251473,0.9743449308932763,0.22505989345633454,0.05065195564257665,0.04989667303986104,0.08900735211032386,1.0,0.10555555555555556,0.32,0.01340889439468667,0.0013753828234422606,predictive_alpha,sinusoidal,2,23004,0.0,1.0,1.0,0.03,0.01,0.37700983145994965,1.0,1.0,1.0,0.08198796996594124,0.37700983145994965,0.09367896839816227,1.721747369284766,0.10903275993193584,0.1282890984905076,39.18371682034421,1.865891277159248,0.01746772529609079,13.25533897789369,45.0,0.013875968017720256,0.050042905604358145,0.09367896839816227,real10kg_smc_steady,real10kg_mpc_event,-1.0,-1.0,predictive_alpha,1.0,0.2332251037891318,0.2679704121149424,0.2103944118983955,0.0,transformer,16,True,2.5,1.0,0.75,real_10kg_v1,thruster,real_10kg_x,1.0,0.07452380952380952,0.21761904761904763,0.01746772529609079,0.0023254482695604915,0.0074849939838021505,0.012500000000000011,0.0006833345896941348,0.08882668601711724,0.1282890984905076,,
post_step_13_20p9s,13.0,20.9,790,0.10040392669977612,0.09959850158837222,0.012692004494366924,0.9919781512747778,0.12640944345053415,0.015979347393473786,0.09066777655004532,0.3346714452838365,1.0,0.0620253164556962,0.14177215189873418,0.019683786083247782,0.0027796147508558824,predictive_alpha,sinusoidal,2,23004,0.0,1.0,1.0,0.03,0.01,0.37700983145994965,1.0,1.0,1.0,0.08198796996594124,0.37700983145994965,0.09367896839816227,1.721747369284766,0.10903275993193584,0.1282890984905076,39.18371682034421,1.865891277159248,0.01746772529609079,13.25533897789369,45.0,0.013875968017720256,0.050042905604358145,0.09367896839816227,real10kg_smc_steady,real10kg_mpc_event,-1.0,-1.0,predictive_alpha,1.0,0.2332251037891318,0.2679704121149424,0.2103944118983955,0.0,transformer,16,True,2.5,1.0,0.75,real_10kg_v1,thruster,real_10kg_x,1.0,0.07452380952380952,0.21761904761904763,0.01746772529609079,0.0023254482695604915,0.0074849939838021505,0.012500000000000011,0.0006833345896941348,0.08882668601711724,0.1282890984905076,,
startup_0_3s,0.0,3.0,300,0.128203913501875,0.1256829373269363,0.025299065241025084,0.9803361995271556,0.19733457856304118,0.03894093589665307,0.11113222580853233,0.2334999355786664,0.83158691310715,0.0,0.0,0.03184459273209178,0.004062998464437964,predictive_alpha,sinusoidal,2,23005,0.0,1.0,1.0,0.03,0.01,0.3799562379193547,1.0,1.0,1.0,0.0826088001508973,0.3799562379193547,0.0953045110838572,1.7347848031688435,0.10945553581331662,0.1292032098951564,39.280522498384165,1.8705010713516268,0.017843401163166028,13.535630743177556,45.0,0.013943347356178313,0.053033159211191894,0.0953045110838572,real10kg_smc_steady,real10kg_mpc_event,-1.0,-1.0,predictive_alpha,1.0,0.23768026672948372,0.26829299106922305,0.2132647684104519,0.0,transformer,16,True,2.5,1.0,0.75,real_10kg_v1,thruster,real_10kg_x,1.0,0.07436507936507937,0.2195238095238095,0.017843401163166028,0.0022884126266875873,0.007605570540820596,0.012500000000000011,0.0006684285048935757,0.08864198158259547,0.1292032098951564,,
pre_step_3_10s,3.0,10.0,700,0.07368007936921703,0.07328276739911832,0.007641341386225378,0.9946076066489051,0.10370973337221827,0.010755708796136604,0.07074390789030131,0.09554240450709882,1.0,0.10238095238095238,0.3457142857142857,0.01182641507762296,0.0014067594580890106,predictive_alpha,sinusoidal,2,23005,0.0,1.0,1.0,0.03,0.01,0.3799562379193547,1.0,1.0,1.0,0.0826088001508973,0.3799562379193547,0.0953045110838572,1.7347848031688435,0.10945553581331662,0.1292032098951564,39.280522498384165,1.8705010713516268,0.017843401163166028,13.535630743177556,45.0,0.013943347356178313,0.053033159211191894,0.0953045110838572,real10kg_smc_steady,real10kg_mpc_event,-1.0,-1.0,predictive_alpha,1.0,0.23768026672948372,0.26829299106922305,0.2132647684104519,0.0,transformer,16,True,2.5,1.0,0.75,real_10kg_v1,thruster,real_10kg_x,1.0,0.07436507936507937,0.2195238095238095,0.017843401163166028,0.0022884126266875873,0.007605570540820596,0.012500000000000011,0.0006684285048935757,0.08864198158259547,0.1292032098951564,,
step_recovery_10_13s,10.0,13.0,300,0.05774566822567565,0.05636948356846144,0.012531700644954867,0.9761681750423955,0.2170154234942744,0.047095694034399276,0.05085440286776639,0.09056050449914728,1.0,0.10666666666666667,0.3233333333333333,0.013433278444677035,0.0013259510236060185,predictive_alpha,sinusoidal,2,23005,0.0,1.0,1.0,0.03,0.01,0.3799562379193547,1.0,1.0,1.0,0.0826088001508973,0.3799562379193547,0.0953045110838572,1.7347848031688435,0.10945553581331662,0.1292032098951564,39.280522498384165,1.8705010713516268,0.017843401163166028,13.535630743177556,45.0,0.013943347356178313,0.053033159211191894,0.0953045110838572,real10kg_smc_steady,real10kg_mpc_event,-1.0,-1.0,predictive_alpha,1.0,0.23768026672948372,0.26829299106922305,0.2132647684104519,0.0,transformer,16,True,2.5,1.0,0.75,real_10kg_v1,thruster,real_10kg_x,1.0,0.07436507936507937,0.2195238095238095,0.017843401163166028,0.0022884126266875873,0.007605570540820596,0.012500000000000011,0.0006684285048935757,0.08864198158259547,0.1292032098951564,,
post_step_13_20p9s,13.0,20.9,790,0.10087357020399139,0.10006782012833575,0.01272432868416354,0.9920122776062529,0.1261413535620063,0.015911641078455073,0.09082583536576011,0.33796928630402046,1.0,0.060126582278481014,0.14177215189873418,0.019757871534175627,0.0027912886453110284,predictive_alpha,sinusoidal,2,23005,0.0,1.0,1.0,0.03,0.01,0.3799562379193547,1.0,1.0,1.0,0.0826088001508973,0.3799562379193547,0.0953045110838572,1.7347848031688435,0.10945553581331662,0.1292032098951564,39.280522498384165,1.8705010713516268,0.017843401163166028,13.535630743177556,45.0,0.013943347356178313,0.053033159211191894,0.0953045110838572,real10kg_smc_steady,real10kg_mpc_event,-1.0,-1.0,predictive_alpha,1.0,0.23768026672948372,0.26829299106922305,0.2132647684104519,0.0,transformer,16,True,2.5,1.0,0.75,real_10kg_v1,thruster,real_10kg_x,1.0,0.07436507936507937,0.2195238095238095,0.017843401163166028,0.0022884126266875873,0.007605570540820596,0.012500000000000011,0.0006684285048935757,0.08864198158259547,0.1292032098951564,,
startup_0_3s,0.0,3.0,300,0.10911978637969644,0.10609350616089872,0.025520496273347244,0.9722664393030666,0.23387597355208678,0.0546979710049364,0.09594067457802569,0.1949178751255752,0.7442129899553879,0.0,0.0,0.03193333165857023,0.004592106300245986,predictive_alpha,sinusoidal,2,23006,0.0,1.0,1.0,0.03,0.01,0.3786302978550666,1.0,1.0,1.0,0.08037930250670902,0.3786302978550666,0.09170710758156576,1.6879653526408895,0.10924375689991556,0.12877566246401326,39.17185845967803,1.8653265933180014,0.017846121334733997,13.57537670400151,45.0,0.014022389764496136,0.053069964920629376,0.09170710758156576,real10kg_smc_steady,real10kg_mpc_event,-1.0,-1.0,predictive_alpha,1.0,0.23524966109860052,0.26679182074620433,0.21286974294701524,0.0,transformer,16,True,2.5,1.0,0.75,real_10kg_v1,thruster,real_10kg_x,1.0,0.07563492063492064,0.22857142857142856,0.017846121334733997,0.0023614329639805153,0.007636898225939214,0.012500000000000011,0.0006642177383347814,0.08847243194661221,0.12877566246401326,,
pre_step_3_10s,3.0,10.0,700,0.07371789230224662,0.07331310484709748,0.007714681015059901,0.9945089659713886,0.10465140516266211,0.01095191660251966,0.0708393346477384,0.09634701673614651,1.0,0.10571428571428572,0.3742857142857143,0.011926829374322845,0.0014016034984876337,predictive_alpha,sinusoidal,2,23006,0.0,1.0,1.0,0.03,0.01,0.3786302978550666,1.0,1.0,1.0,0.08037930250670902,0.3786302978550666,0.09170710758156576,1.6879653526408895,0.10924375689991556,0.12877566246401326,39.17185845967803,1.8653265933180014,0.017846121334733997,13.57537670400151,45.0,0.014022389764496136,0.053069964920629376,0.09170710758156576,real10kg_smc_steady,real10kg_mpc_event,-1.0,-1.0,predictive_alpha,1.0,0.23524966109860052,0.26679182074620433,0.21286974294701524,0.0,transformer,16,True,2.5,1.0,0.75,real_10kg_v1,thruster,real_10kg_x,1.0,0.07563492063492064,0.22857142857142856,0.017846121334733997,0.0023614329639805153,0.007636898225939214,0.012500000000000011,0.0006642177383347814,0.08847243194661221,0.12877566246401326,,
step_recovery_10_13s,10.0,13.0,300,0.057338616549002894,0.055922843148776,0.01266303920514292,0.9753085531978795,0.2208466120615379,0.04877322605905942,0.05045205542642477,0.09005610872618384,1.0,0.10611111111111111,0.32,0.013328587305048255,0.0013377062379214537,predictive_alpha,sinusoidal,2,23006,0.0,1.0,1.0,0.03,0.01,0.3786302978550666,1.0,1.0,1.0,0.08037930250670902,0.3786302978550666,0.09170710758156576,1.6879653526408895,0.10924375689991556,0.12877566246401326,39.17185845967803,1.8653265933180014,0.017846121334733997,13.57537670400151,45.0,0.014022389764496136,0.053069964920629376,0.09170710758156576,real10kg_smc_steady,real10kg_mpc_event,-1.0,-1.0,predictive_alpha,1.0,0.23524966109860052,0.26679182074620433,0.21286974294701524,0.0,transformer,16,True,2.5,1.0,0.75,real_10kg_v1,thruster,real_10kg_x,1.0,0.07563492063492064,0.22857142857142856,0.017846121334733997,0.0023614329639805153,0.007636898225939214,0.012500000000000011,0.0006642177383347814,0.08847243194661221,0.12877566246401326,,
post_step_13_20p9s,13.0,20.9,790,0.10066079359340722,0.09985691383975209,0.012696146078825039,0.992013973614174,0.12612801494599554,0.015908276154217273,0.09075413174464189,0.33649688235046676,1.0,0.060759493670886074,0.14177215189873418,0.019699451434617602,0.002780835698620792,predictive_alpha,sinusoidal,2,23006,0.0,1.0,1.0,0.03,0.01,0.3786302978550666,1.0,1.0,1.0,0.08037930250670902,0.3786302978550666,0.09170710758156576,1.6879653526408895,0.10924375689991556,0.12877566246401326,39.17185845967803,1.8653265933180014,0.017846121334733997,13.57537670400151,45.0,0.014022389764496136,0.053069964920629376,0.09170710758156576,real10kg_smc_steady,real10kg_mpc_event,-1.0,-1.0,predictive_alpha,1.0,0.23524966109860052,0.26679182074620433,0.21286974294701524,0.0,transformer,16,True,2.5,1.0,0.75,real_10kg_v1,thruster,real_10kg_x,1.0,0.07563492063492064,0.22857142857142856,0.017846121334733997,0.0023614329639805153,0.007636898225939214,0.012500000000000011,0.0006642177383347814,0.08847243194661221,0.12877566246401326,,
startup_0_3s,0.0,3.0,300,0.12560063020664708,0.12297250852024473,0.02555935164563551,0.9790755692700078,0.2034970015961182,0.04141102965861053,0.10953179081737538,0.22064395723684985,0.7965368551380725,0.0,0.0,0.02971728446100129,0.004196124252220698,predictive_alpha,sinusoidal,2,23007,0.0,1.0,1.0,0.03,0.01,0.37871430827534114,1.0,1.0,1.0,0.08284238086535947,0.37871430827534114,0.09511447276546628,1.7396899981725489,0.1092352709780338,0.12879464895632106,39.206170090011085,1.8669604804767181,0.017445674229218146,13.255811795193567,45.0,0.014101688959379664,0.04877848556356473,0.09511447276546628,real10kg_smc_steady,real10kg_mpc_event,-1.0,-1.0,predictive_alpha,1.0,0.23404362365121967,0.26759064827403917,0.21044199072988704,0.0,transformer,16,True,2.5,1.0,0.75,real_10kg_v1,thruster,real_10kg_x,1.0,0.07388888888888889,0.21666666666666667,0.017445674229218146,0.002291600361605171,0.0075406152346176696,0.012500000000000011,0.0006673933767808395,0.08902417480462022,0.12879464895632106,,
pre_step_3_10s,3.0,10.0,700,0.0755941266441137,0.07516522524437057,0.008041199975708752,0.994326260269368,0.10637334317738159,0.011315288138732995,0.07263108852526494,0.09628969364928827,1.0,0.10071428571428571,0.3385714285714286,0.011585168127465288,0.0013670041052041041,predictive_alpha,sinusoidal,2,23007,0.0,1.0,1.0,0.03,0.01,0.37871430827534114,1.0,1.0,1.0,0.08284238086535947,0.37871430827534114,0.09511447276546628,1.7396899981725489,0.1092352709780338,0.12879464895632106,39.206170090011085,1.8669604804767181,0.017445674229218146,13.255811795193567,45.0,0.014101688959379664,0.04877848556356473,0.09511447276546628,real10kg_smc_steady,real10kg_mpc_event,-1.0,-1.0,predictive_alpha,1.0,0.23404362365121967,0.26759064827403917,0.21044199072988704,0.0,transformer,16,True,2.5,1.0,0.75,real_10kg_v1,thruster,real_10kg_x,1.0,0.07388888888888889,0.21666666666666667,0.017445674229218146,0.002291600361605171,0.0075406152346176696,0.012500000000000011,0.0006673933767808395,0.08902417480462022,0.12879464895632106,,
step_recovery_10_13s,10.0,13.0,300,0.05668225427545591,0.05523863066437735,0.012711083040872274,0.974531295031721,0.22425154403882494,0.050288755003797043,0.04990454017622312,0.08901224474176975,1.0,0.10555555555555556,0.32,0.01342085972724492,0.0013404815300614061,predictive_alpha,sinusoidal,2,23007,0.0,1.0,1.0,0.03,0.01,0.37871430827534114,1.0,1.0,1.0,0.08284238086535947,0.37871430827534114,0.09511447276546628,1.7396899981725489,0.1092352709780338,0.12879464895632106,39.206170090011085,1.8669604804767181,0.017445674229218146,13.255811795193567,45.0,0.014101688959379664,0.04877848556356473,0.09511447276546628,real10kg_smc_steady,real10kg_mpc_event,-1.0,-1.0,predictive_alpha,1.0,0.23404362365121967,0.26759064827403917,0.21044199072988704,0.0,transformer,16,True,2.5,1.0,0.75,real_10kg_v1,thruster,real_10kg_x,1.0,0.07388888888888889,0.21666666666666667,0.017445674229218146,0.002291600361605171,0.0075406152346176696,0.012500000000000011,0.0006673933767808395,0.08902417480462022,0.12879464895632106,,
post_step_13_20p9s,13.0,20.9,790,0.10067346611825818,0.09986879534950134,0.012703168726876702,0.9920071216400593,0.12618189495884308,0.01592187061540451,0.09075957865846658,0.3365852940577068,1.0,0.060759493670886074,0.14177215189873418,0.019740251807693406,0.0027776502268597137,predictive_alpha,sinusoidal,2,23007,0.0,1.0,1.0,0.03,0.01,0.37871430827534114,1.0,1.0,1.0,0.08284238086535947,0.37871430827534114,0.09511447276546628,1.7396899981725489,0.1092352709780338,0.12879464895632106,39.206170090011085,1.8669604804767181,0.017445674229218146,13.255811795193567,45.0,0.014101688959379664,0.04877848556356473,0.09511447276546628,real10kg_smc_steady,real10kg_mpc_event,-1.0,-1.0,predictive_alpha,1.0,0.23404362365121967,0.26759064827403917,0.21044199072988704,0.0,transformer,16,True,2.5,1.0,0.75,real_10kg_v1,thruster,real_10kg_x,1.0,0.07388888888888889,0.21666666666666667,0.017445674229218146,0.002291600361605171,0.0075406152346176696,0.012500000000000011,0.0006673933767808395,0.08902417480462022,0.12879464895632106,,
startup_0_3s,0.0,3.0,300,0.1217253100359418,0.11865698911816515,0.02715824067861892,0.9747930737093982,0.22311087702795676,0.04977846344818405,0.10631717314269695,0.2206956881611832,0.7989086785022423,0.0,0.0,0.033542331617004144,0.004497836126403668,predictive_alpha,sinusoidal,2,23008,0.0,1.0,1.0,0.03,0.01,0.3799663168065138,1.0,1.0,1.0,0.0817059166596314,0.3799663168065138,0.09389974299164773,1.7158242498522593,0.10946216629479923,0.12920937636246718,39.27047858360401,1.870022789695429,0.018165129547109096,13.674545342078526,45.0,0.01440982843487124,0.055939024440302965,0.09389974299164773,real10kg_smc_steady,real10kg_mpc_event,-1.0,-1.0,predictive_alpha,1.0,0.23913893553713303,0.2677877126221375,0.21512212519140336,0.0,transformer,16,True,2.5,1.0,0.75,real_10kg_v1,thruster,real_10kg_x,1.0,0.07452380952380952,0.2219047619047619,0.018165129547109096,0.0023610501806950552,0.007699280442929784,0.012500000000000011,0.0006687367720296302,0.08841481873714792,0.12920937636246718,,
pre_step_3_10s,3.0,10.0,700,0.07298530299660576,0.07259856455969066,0.007503524330524805,0.9947011463810312,0.10280870288191805,0.010569629388262506,0.07011164238506788,0.09590703824974561,1.0,0.10285714285714286,0.35285714285714287,0.012068537220680058,0.0014274230175376247,predictive_alpha,sinusoidal,2,23008,0.0,1.0,1.0,0.03,0.01,0.3799663168065138,1.0,1.0,1.0,0.0817059166596314,0.3799663168065138,0.09389974299164773,1.7158242498522593,0.10946216629479923,0.12920937636246718,39.27047858360401,1.870022789695429,0.018165129547109096,13.674545342078526,45.0,0.01440982843487124,0.055939024440302965,0.09389974299164773,real10kg_smc_steady,real10kg_mpc_event,-1.0,-1.0,predictive_alpha,1.0,0.23913893553713303,0.2677877126221375,0.21512212519140336,0.0,transformer,16,True,2.5,1.0,0.75,real_10kg_v1,thruster,real_10kg_x,1.0,0.07452380952380952,0.2219047619047619,0.018165129547109096,0.0023610501806950552,0.007699280442929784,0.012500000000000011,0.0006687367720296302,0.08841481873714792,0.12920937636246718,,
step_recovery_10_13s,10.0,13.0,300,0.05770241932444591,0.056325571812071366,0.012529930404331105,0.9761388252261507,0.2171474012879515,0.04715299388611065,0.05081794702521319,0.09053440308120264,1.0,0.10666666666666667,0.3233333333333333,0.013414251965904182,0.0013231111973641863,predictive_alpha,sinusoidal,2,23008,0.0,1.0,1.0,0.03,0.01,0.3799663168065138,1.0,1.0,1.0,0.0817059166596314,0.3799663168065138,0.09389974299164773,1.7158242498522593,0.10946216629479923,0.12920937636246718,39.27047858360401,1.870022789695429,0.018165129547109096,13.674545342078526,45.0,0.01440982843487124,0.055939024440302965,0.09389974299164773,real10kg_smc_steady,real10kg_mpc_event,-1.0,-1.0,predictive_alpha,1.0,0.23913893553713303,0.2677877126221375,0.21512212519140336,0.0,transformer,16,True,2.5,1.0,0.75,real_10kg_v1,thruster,real_10kg_x,1.0,0.07452380952380952,0.2219047619047619,0.018165129547109096,0.0023610501806950552,0.007699280442929784,0.012500000000000011,0.0006687367720296302,0.08841481873714792,0.12920937636246718,,
post_step_13_20p9s,13.0,20.9,790,0.10087579080163965,0.10007011907060624,0.012723853152675579,0.9920132300859216,0.12613386275896005,0.015909751334496167,0.0908282114528565,0.3379804071664939,1.0,0.060126582278481014,0.14177215189873418,0.019756024063693433,0.0027917106712562543,predictive_alpha,sinusoidal,2,23008,0.0,1.0,1.0,0.03,0.01,0.3799663168065138,1.0,1.0,1.0,0.0817059166596314,0.3799663168065138,0.09389974299164773,1.7158242498522593,0.10946216629479923,0.12920937636246718,39.27047858360401,1.870022789695429,0.018165129547109096,13.674545342078526,45.0,0.01440982843487124,0.055939024440302965,0.09389974299164773,real10kg_smc_steady,real10kg_mpc_event,-1.0,-1.0,predictive_alpha,1.0,0.23913893553713303,0.2677877126221375,0.21512212519140336,0.0,transformer,16,True,2.5,1.0,0.75,real_10kg_v1,thruster,real_10kg_x,1.0,0.07452380952380952,0.2219047619047619,0.018165129547109096,0.0023610501806950552,0.007699280442929784,0.012500000000000011,0.0006687367720296302,0.08841481873714792,0.12920937636246718,,
startup_0_3s,0.0,3.0,300,0.11235568412077888,0.10871722477789883,0.028361325618526185,0.967616597492577,0.2524244842658662,0.06371812025688854,0.09889860719514028,0.2015041117671574,0.7574978383738163,0.0,0.0,0.033341608786914466,0.004635732392871223,predictive_alpha,sinusoidal,2,23009,0.0,1.0,1.0,0.03,0.01,0.3794443161249361,1.0,1.0,1.0,0.0806392352192768,0.3794443161249361,0.09217658857605782,1.6934239396048127,0.10932252325294368,0.1290024212190699,39.21771749081754,1.867510356705597,0.01811774829154984,13.728070686029332,45.0,0.014753465718495689,0.05524617819072031,0.09217658857605782,real10kg_smc_steady,real10kg_mpc_event,-1.0,-1.0,predictive_alpha,1.0,0.23775770008885308,0.2668911635244571,0.2140325234893022,0.0,transformer,16,True,2.5,1.0,0.75,real_10kg_v1,thruster,real_10kg_x,1.0,0.07563492063492064,0.22857142857142856,0.01811774829154984,0.0023774344855322857,0.00770856396626611,0.012500000000000011,0.0006686858334752915,0.08836653270742133,0.1290024212190699,,
pre_step_3_10s,3.0,10.0,700,0.0730308377814263,0.07263733225524019,0.007571078516225279,0.994611789510565,0.10366961062236105,0.010747388166591956,0.07017594171579221,0.09617917973961781,1.0,0.1061904761904762,0.3742857142857143,0.012089148630913087,0.0014243873154507628,predictive_alpha,sinusoidal,2,23009,0.0,1.0,1.0,0.03,0.01,0.3794443161249361,1.0,1.0,1.0,0.0806392352192768,0.3794443161249361,0.09217658857605782,1.6934239396048127,0.10932252325294368,0.1290024212190699,39.21771749081754,1.867510356705597,0.01811774829154984,13.728070686029332,45.0,0.014753465718495689,0.05524617819072031,0.09217658857605782,real10kg_smc_steady,real10kg_mpc_event,-1.0,-1.0,predictive_alpha,1.0,0.23775770008885308,0.2668911635244571,0.2140325234893022,0.0,transformer,16,True,2.5,1.0,0.75,real_10kg_v1,thruster,real_10kg_x,1.0,0.07563492063492064,0.22857142857142856,0.01811774829154984,0.0023774344855322857,0.00770856396626611,0.012500000000000011,0.0006686858334752915,0.08836653270742133,0.1290024212190699,,
step_recovery_10_13s,10.0,13.0,300,0.057702055579519365,0.05630478986878026,0.012621325442854292,0.975784819159284,0.21873268319636913,0.04784398669828318,0.05076042441659517,0.09060239777764373,1.0,0.10611111111111111,0.32,0.013369365135670913,0.0013277269042799031,predictive_alpha,sinusoidal,2,23009,0.0,1.0,1.0,0.03,0.01,0.3794443161249361,1.0,1.0,1.0,0.0806392352192768,0.3794443161249361,0.09217658857605782,1.6934239396048127,0.10932252325294368,0.1290024212190699,39.21771749081754,1.867510356705597,0.01811774829154984,13.728070686029332,45.0,0.014753465718495689,0.05524617819072031,0.09217658857605782,real10kg_smc_steady,real10kg_mpc_event,-1.0,-1.0,predictive_alpha,1.0,0.23775770008885308,0.2668911635244571,0.2140325234893022,0.0,transformer,16,True,2.5,1.0,0.75,real_10kg_v1,thruster,real_10kg_x,1.0,0.07563492063492064,0.22857142857142856,0.01811774829154984,0.0023774344855322857,0.00770856396626611,0.012500000000000011,0.0006686858334752915,0.08836653270742133,0.1290024212190699,,
post_step_13_20p9s,13.0,20.9,790,0.10077489629178304,0.09997116186579892,0.012702224916205065,0.9920244579199864,0.126045527047005,0.01588747488855727,0.09078168526828735,0.33740519399304814,1.0,0.060337552742616034,0.14177215189873418,0.019721441276211497,0.002780422927653386,predictive_alpha,sinusoidal,2,23009,0.0,1.0,1.0,0.03,0.01,0.3794443161249361,1.0,1.0,1.0,0.0806392352192768,0.3794443161249361,0.09217658857605782,1.6934239396048127,0.10932252325294368,0.1290024212190699,39.21771749081754,1.867510356705597,0.01811774829154984,13.728070686029332,45.0,0.014753465718495689,0.05524617819072031,0.09217658857605782,real10kg_smc_steady,real10kg_mpc_event,-1.0,-1.0,predictive_alpha,1.0,0.23775770008885308,0.2668911635244571,0.2140325234893022,0.0,transformer,16,True,2.5,1.0,0.75,real_10kg_v1,thruster,real_10kg_x,1.0,0.07563492063492064,0.22857142857142856,0.01811774829154984,0.0023774344855322857,0.00770856396626611,0.012500000000000011,0.0006686858334752915,0.08836653270742133,0.1290024212190699,,
startup_0_3s,0.0,3.0,300,0.12274158237939635,0.12051408937912905,0.02327767828022012,0.981852173020044,0.18964785876939744,0.03596631033581733,0.10649965436506381,0.221130284517568,0.9290927392599552,0.0,0.0,0.03278300025802865,0.004572433076523998,predictive_alpha,step_change,3,23000,0.0,1.0,1.0,0.03,0.01,0.04081009666992184,1.0,1.0,1.0,0.06951481158445504,0.221130284517568,0.07679962983007428,1.4598110432735558,0.07256054024035843,0.07406515556939634,27.07858584806872,1.2894564689556534,0.019939181581091227,14.209971263575769,45.0,0.013695674962432116,0.0457027781888078,0.07679962983007428,real10kg_smc_steady,real10kg_mpc_event,-1.0,-1.0,predictive_alpha,1.0,0.20532206951468202,0.2127637118101539,0.17149425525625703,0.0,transformer,16,True,2.5,1.0,0.75,real_10kg_v1,thruster,real_10kg_x,1.0,0.012777777777777779,0.029523809523809525,0.019939181581091227,0.005238502899777244,0.008136455500534125,0.012500000000000011,0.0007970724714978158,0.0661082268572489,0.07406515556939634,,
pre_step_3_10s,3.0,10.0,700,0.07133272780753155,0.07095822737782033,0.007299864646754401,0.9947499494100143,0.1023354198153019,0.010472538148774085,0.06962070428430946,0.10374084279551464,1.0,0.03738095238095238,0.08571428571428572,0.015643058031886762,0.0023915782592507247,predictive_alpha,step_change,3,23000,0.0,1.0,1.0,0.03,0.01,0.04081009666992184,1.0,1.0,1.0,0.06951481158445504,0.221130284517568,0.07679962983007428,1.4598110432735558,0.07256054024035843,0.07406515556939634,27.07858584806872,1.2894564689556534,0.019939181581091227,14.209971263575769,45.0,0.013695674962432116,0.0457027781888078,0.07679962983007428,real10kg_smc_steady,real10kg_mpc_event,-1.0,-1.0,predictive_alpha,1.0,0.20532206951468202,0.2127637118101539,0.17149425525625703,0.0,transformer,16,True,2.5,1.0,0.75,real_10kg_v1,thruster,real_10kg_x,1.0,0.012777777777777779,0.029523809523809525,0.019939181581091227,0.005238502899777244,0.008136455500534125,0.012500000000000011,0.0007970724714978158,0.0661082268572489,0.07406515556939634,,
step_recovery_10_13s,10.0,13.0,300,0.03830136786673313,0.03545988161954222,0.014477277920619917,0.9258124081344129,0.3779833130501388,0.14287138494435925,0.035825180892601,0.06535330321691808,1.0,0.0022222222222222222,0.006666666666666667,0.025405481358326595,0.012737725923219022,predictive_alpha,step_change,3,23000,0.0,1.0,1.0,0.03,0.01,0.04081009666992184,1.0,1.0,1.0,0.06951481158445504,0.221130284517568,0.07679962983007428,1.4598110432735558,0.07256054024035843,0.07406515556939634,27.07858584806872,1.2894564689556534,0.019939181581091227,14.209971263575769,45.0,0.013695674962432116,0.0457027781888078,0.07679962983007428,real10kg_smc_steady,real10kg_mpc_event,-1.0,-1.0,predictive_alpha,1.0,0.20532206951468202,0.2127637118101539,0.17149425525625703,0.0,transformer,16,True,2.5,1.0,0.75,real_10kg_v1,thruster,real_10kg_x,1.0,0.012777777777777779,0.029523809523809525,0.019939181581091227,0.005238502899777244,0.008136455500534125,0.012500000000000011,0.0007970724714978158,0.0661082268572489,0.07406515556939634,,
post_step_13_20p9s,13.0,20.9,790,0.06978230897818671,0.06859353157150207,0.012825680211063582,0.9829644873594503,0.1837955837069359,0.03378081659017329,0.06851822254497515,0.09239658018538872,0.8140143834421373,0.0,0.0,0.017006803574474965,0.0023536440517051608,predictive_alpha,step_change,3,23000,0.0,1.0,1.0,0.03,0.01,0.04081009666992184,1.0,1.0,1.0,0.06951481158445504,0.221130284517568,0.07679962983007428,1.4598110432735558,0.07256054024035843,0.07406515556939634,27.07858584806872,1.2894564689556534,0.019939181581091227,14.209971263575769,45.0,0.013695674962432116,0.0457027781888078,0.07679962983007428,real10kg_smc_steady,real10kg_mpc_event,-1.0,-1.0,predictive_alpha,1.0,0.20532206951468202,0.2127637118101539,0.17149425525625703,0.0,transformer,16,True,2.5,1.0,0.75,real_10kg_v1,thruster,real_10kg_x,1.0,0.012777777777777779,0.029523809523809525,0.019939181581091227,0.005238502899777244,0.008136455500534125,0.012500000000000011,0.0007970724714978158,0.0661082268572489,0.07406515556939634,,
startup_0_3s,0.0,3.0,300,0.11804023795841707,0.11578791816158003,0.02294898222333557,0.9809190506915915,0.19441660420423737,0.037797815990307085,0.10246814476227985,0.21394269436753577,0.9046500102047675,0.0,0.0,0.03324115361343049,0.004655157651824266,predictive_alpha,step_change,3,23001,0.0,1.0,1.0,0.03,0.01,0.041010344254392116,1.0,1.0,1.0,0.06870499552596086,0.21394269436753577,0.07549663352089236,1.4428049060451782,0.07265224377525378,0.07414735910793906,27.017815251015946,1.2865626310007594,0.020035811964732555,14.342679466663006,45.0,0.013626669674100403,0.048102202548074235,0.07549663352089236,real10kg_smc_steady,real10kg_mpc_event,-1.0,-1.0,predictive_alpha,1.0,0.20653214502400713,0.21336694624235497,0.17273152105496375,0.0,transformer,16,True,2.5,1.0,0.75,real_10kg_v1,thruster,real_10kg_x,1.0,0.012777777777777779,0.029523809523809525,0.020035811964732555,0.005281451076544581,0.008137904988507897,0.012500000000000011,0.0007912991469224709,0.06578334887294274,0.07414735910793906,,
pre_step_3_10s,3.0,10.0,700,0.07057542080706145,0.07019067370601255,0.007359303417435642,0.9945484263976163,0.10427572847995409,0.010873427550025109,0.06893839700771304,0.10093529363289562,1.0,0.03738095238095238,0.08571428571428572,0.01571267906418902,0.002481086885882954,predictive_alpha,step_change,3,23001,0.0,1.0,1.0,0.03,0.01,0.041010344254392116,1.0,1.0,1.0,0.06870499552596086,0.21394269436753577,0.07549663352089236,1.4428049060451782,0.07265224377525378,0.07414735910793906,27.017815251015946,1.2865626310007594,0.020035811964732555,14.342679466663006,45.0,0.013626669674100403,0.048102202548074235,0.07549663352089236,real10kg_smc_steady,real10kg_mpc_event,-1.0,-1.0,predictive_alpha,1.0,0.20653214502400713,0.21336694624235497,0.17273152105496375,0.0,transformer,16,True,2.5,1.0,0.75,real_10kg_v1,thruster,real_10kg_x,1.0,0.012777777777777779,0.029523809523809525,0.020035811964732555,0.005281451076544581,0.008137904988507897,0.012500000000000011,0.0007912991469224709,0.06578334887294274,0.07414735910793906,,
step_recovery_10_13s,10.0,13.0,300,0.03839293868933678,0.035552904464754884,0.014491677795313594,0.9260271726641576,0.37745685248466015,0.14247367548762652,0.035878172054924044,0.06540663964858513,1.0,0.0022222222222222222,0.006666666666666667,0.025591113616841334,0.01282322692317435,predictive_alpha,step_change,3,23001,0.0,1.0,1.0,0.03,0.01,0.041010344254392116,1.0,1.0,1.0,0.06870499552596086,0.21394269436753577,0.07549663352089236,1.4428049060451782,0.07265224377525378,0.07414735910793906,27.017815251015946,1.2865626310007594,0.020035811964732555,14.342679466663006,45.0,0.013626669674100403,0.048102202548074235,0.07549663352089236,real10kg_smc_steady,real10kg_mpc_event,-1.0,-1.0,predictive_alpha,1.0,0.20653214502400713,0.21336694624235497,0.17273152105496375,0.0,transformer,16,True,2.5,1.0,0.75,real_10kg_v1,thruster,real_10kg_x,1.0,0.012777777777777779,0.029523809523809525,0.020035811964732555,0.005281451076544581,0.008137904988507897,0.012500000000000011,0.0007912991469224709,0.06578334887294274,0.07414735910793906,,
post_step_13_20p9s,13.0,20.9,790,0.06974403736508351,0.06855846369050686,0.012804991385378512,0.9830010747962492,0.18359980106040108,0.03370888694941885,0.0684777774237895,0.09243481533149352,0.8146014735661941,0.0,0.0,0.016942189390736898,0.002343959672320806,predictive_alpha,step_change,3,23001,0.0,1.0,1.0,0.03,0.01,0.041010344254392116,1.0,1.0,1.0,0.06870499552596086,0.21394269436753577,0.07549663352089236,1.4428049060451782,0.07265224377525378,0.07414735910793906,27.017815251015946,1.2865626310007594,0.020035811964732555,14.342679466663006,45.0,0.013626669674100403,0.048102202548074235,0.07549663352089236,real10kg_smc_steady,real10kg_mpc_event,-1.0,-1.0,predictive_alpha,1.0,0.20653214502400713,0.21336694624235497,0.17273152105496375,0.0,transformer,16,True,2.5,1.0,0.75,real_10kg_v1,thruster,real_10kg_x,1.0,0.012777777777777779,0.029523809523809525,0.020035811964732555,0.005281451076544581,0.008137904988507897,0.012500000000000011,0.0007912991469224709,0.06578334887294274,0.07414735910793906,,
startup_0_3s,0.0,3.0,300,0.12690747990550466,0.12438565761239843,0.02517372909001078,0.9801286551826262,0.19836284755441635,0.03934781928989663,0.10980990731610454,0.22998231144084844,0.9184377027656909,0.0,0.0,0.034295252478229656,0.004948397239421375,predictive_alpha,step_change,3,23002,0.0,1.0,1.0,0.03,0.01,0.040993176814978174,1.0,1.0,1.0,0.06978891569270589,0.22998231144084844,0.07753810507470563,1.4655672295468236,0.07262167639266882,0.07411547206172937,27.015057498265488,1.2864313094412136,0.020181158978339584,14.31406088407654,45.0,0.014181005750622387,0.05290641038807081,0.07753810507470563,real10kg_smc_steady,real10kg_mpc_event,-1.0,-1.0,predictive_alpha,1.0,0.20654450862383636,0.21308749808078825,0.1752050599649582,0.0,transformer,16,True,2.5,1.0,0.75,real_10kg_v1,thruster,real_10kg_x,1.0,0.012777777777777779,0.029523809523809525,0.020181158978339584,0.0053206894325557455,0.008145771797481566,0.012500000000000011,0.0007967435124718255,0.06580222351114812,0.07411547206172937,,
pre_step_3_10s,3.0,10.0,700,0.07065066757496055,0.07026443991634419,0.0073773512882362195,0.9945332765864304,0.10442012144342203,0.010903561762259003,0.0690718527379113,0.10090421509125977,1.0,0.03738095238095238,0.08571428571428572,0.01572897938792242,0.0024996573560816587,predictive_alpha,step_change,3,23002,0.0,1.0,1.0,0.03,0.01,0.040993176814978174,1.0,1.0,1.0,0.06978891569270589,0.22998231144084844,0.07753810507470563,1.4655672295468236,0.07262167639266882,0.07411547206172937,27.015057498265488,1.2864313094412136,0.020181158978339584,14.31406088407654,45.0,0.014181005750622387,0.05290641038807081,0.07753810507470563,real10kg_smc_steady,real10kg_mpc_event,-1.0,-1.0,predictive_alpha,1.0,0.20654450862383636,0.21308749808078825,0.1752050599649582,0.0,transformer,16,True,2.5,1.0,0.75,real_10kg_v1,thruster,real_10kg_x,1.0,0.012777777777777779,0.029523809523809525,0.020181158978339584,0.0053206894325557455,0.008145771797481566,0.012500000000000011,0.0007967435124718255,0.06580222351114812,0.07411547206172937,,
step_recovery_10_13s,10.0,13.0,300,0.03837541636651828,0.03553192551371517,0.014496718614618827,0.9259033224383725,0.37776055577254664,0.1427030374975833,0.03586882413692538,0.06542460292107208,1.0,0.0022222222222222222,0.006666666666666667,0.025531924878064344,0.012771598255614572,predictive_alpha,step_change,3,23002,0.0,1.0,1.0,0.03,0.01,0.040993176814978174,1.0,1.0,1.0,0.06978891569270589,0.22998231144084844,0.07753810507470563,1.4655672295468236,0.07262167639266882,0.07411547206172937,27.015057498265488,1.2864313094412136,0.020181158978339584,14.31406088407654,45.0,0.014181005750622387,0.05290641038807081,0.07753810507470563,real10kg_smc_steady,real10kg_mpc_event,-1.0,-1.0,predictive_alpha,1.0,0.20654450862383636,0.21308749808078825,0.1752050599649582,0.0,transformer,16,True,2.5,1.0,0.75,real_10kg_v1,thruster,real_10kg_x,1.0,0.012777777777777779,0.029523809523809525,0.020181158978339584,0.0053206894325557455,0.008145771797481566,0.012500000000000011,0.0007967435124718255,0.06580222351114812,0.07411547206172937,,
post_step_13_20p9s,13.0,20.9,790,0.06972106043718375,0.06853448164539871,0.01280824320825992,0.9829810564505957,0.1837069477708203,0.03374824265927089,0.06845686455351985,0.0923886682809064,0.8141960199627859,0.0,0.0,0.016936342311385688,0.002330815641025486,predictive_alpha,step_change,3,23002,0.0,1.0,1.0,0.03,0.01,0.040993176814978174,1.0,1.0,1.0,0.06978891569270589,0.22998231144084844,0.07753810507470563,1.4655672295468236,0.07262167639266882,0.07411547206172937,27.015057498265488,1.2864313094412136,0.020181158978339584,14.31406088407654,45.0,0.014181005750622387,0.05290641038807081,0.07753810507470563,real10kg_smc_steady,real10kg_mpc_event,-1.0,-1.0,predictive_alpha,1.0,0.20654450862383636,0.21308749808078825,0.1752050599649582,0.0,transformer,16,True,2.5,1.0,0.75,real_10kg_v1,thruster,real_10kg_x,1.0,0.012777777777777779,0.029523809523809525,0.020181158978339584,0.0053206894325557455,0.008145771797481566,0.012500000000000011,0.0007967435124718255,0.06580222351114812,0.07411547206172937,,
startup_0_3s,0.0,3.0,300,0.11378260621882388,0.11041066194701465,0.027494857816871752,0.9703650286817619,0.2416437690308686,0.05839171111144377,0.10068061911833633,0.20273436992212174,0.8817852953515681,0.0,0.0,0.03463797680192955,0.005105709605966027,predictive_alpha,step_change,3,23003,0.0,1.0,1.0,0.03,0.01,0.0410049115140338,1.0,1.0,1.0,0.06854698534768415,0.20273436992212174,0.07464578293288619,1.4394866923013672,0.07265123429233,0.07413967012735113,26.983184745643047,1.2849135593163357,0.02022424721726109,14.281794123427575,45.0,0.014793318268353443,0.05258377477195203,0.07464578293288619,real10kg_smc_steady,real10kg_mpc_event,-1.0,-1.0,predictive_alpha,1.0,0.20675996910933708,0.21376519067284339,0.17348096362567353,0.0,transformer,16,True,2.5,1.0,0.75,real_10kg_v1,thruster,real_10kg_x,1.0,0.012698412698412698,0.029523809523809525,0.02022424721726109,0.005354206386366784,0.008121010355252613,0.012500000000000011,0.0007900123590616749,0.0659007699622407,0.07413967012735113,,
pre_step_3_10s,3.0,10.0,700,0.07088649676443884,0.07049671552582128,0.007423511541462397,0.9945013330266153,0.10472391612370525,0.010967098608284855,0.0692488110967133,0.10173349026772371,1.0,0.037142857142857144,0.08571428571428572,0.015773609302644872,0.0024943619183194097,predictive_alpha,step_change,3,23003,0.0,1.0,1.0,0.03,0.01,0.0410049115140338,1.0,1.0,1.0,0.06854698534768415,0.20273436992212174,0.07464578293288619,1.4394866923013672,0.07265123429233,0.07413967012735113,26.983184745643047,1.2849135593163357,0.02022424721726109,14.281794123427575,45.0,0.014793318268353443,0.05258377477195203,0.07464578293288619,real10kg_smc_steady,real10kg_mpc_event,-1.0,-1.0,predictive_alpha,1.0,0.20675996910933708,0.21376519067284339,0.17348096362567353,0.0,transformer,16,True,2.5,1.0,0.75,real_10kg_v1,thruster,real_10kg_x,1.0,0.012698412698412698,0.029523809523809525,0.02022424721726109,0.005354206386366784,0.008121010355252613,0.012500000000000011,0.0007900123590616749,0.0659007699622407,0.07413967012735113,,
step_recovery_10_13s,10.0,13.0,300,0.038441338978321644,0.03558876789851787,0.014531900836148528,0.9257941800255076,0.3780279569435277,0.14290513623089762,0.03590659552951311,0.06541489168471971,1.0,0.0022222222222222222,0.006666666666666667,0.025652466108131756,0.01277252600658551,predictive_alpha,step_change,3,23003,0.0,1.0,1.0,0.03,0.01,0.0410049115140338,1.0,1.0,1.0,0.06854698534768415,0.20273436992212174,0.07464578293288619,1.4394866923013672,0.07265123429233,0.07413967012735113,26.983184745643047,1.2849135593163357,0.02022424721726109,14.281794123427575,45.0,0.014793318268353443,0.05258377477195203,0.07464578293288619,real10kg_smc_steady,real10kg_mpc_event,-1.0,-1.0,predictive_alpha,1.0,0.20675996910933708,0.21376519067284339,0.17348096362567353,0.0,transformer,16,True,2.5,1.0,0.75,real_10kg_v1,thruster,real_10kg_x,1.0,0.012698412698412698,0.029523809523809525,0.02022424721726109,0.005354206386366784,0.008121010355252613,0.012500000000000011,0.0007900123590616749,0.0659007699622407,0.07413967012735113,,
post_step_13_20p9s,13.0,20.9,790,0.06970675893409192,0.06852257646438188,0.012794090658524422,0.9830119419147045,0.1835416085063042,0.03368752205308144,0.06845042056310231,0.09223972384126386,0.8156706905785744,0.0,0.0,0.01686703517121709,0.00231449488203381,predictive_alpha,step_change,3,23003,0.0,1.0,1.0,0.03,0.01,0.0410049115140338,1.0,1.0,1.0,0.06854698534768415,0.20273436992212174,0.07464578293288619,1.4394866923013672,0.07265123429233,0.07413967012735113,26.983184745643047,1.2849135593163357,0.02022424721726109,14.281794123427575,45.0,0.014793318268353443,0.05258377477195203,0.07464578293288619,real10kg_smc_steady,real10kg_mpc_event,-1.0,-1.0,predictive_alpha,1.0,0.20675996910933708,0.21376519067284339,0.17348096362567353,0.0,transformer,16,True,2.5,1.0,0.75,real_10kg_v1,thruster,real_10kg_x,1.0,0.012698412698412698,0.029523809523809525,0.02022424721726109,0.005354206386366784,0.008121010355252613,0.012500000000000011,0.0007900123590616749,0.0659007699622407,0.07413967012735113,,
startup_0_3s,0.0,3.0,300,0.12575597864458812,0.12358370620879779,0.023273025685450924,0.9827262889669077,0.1850649641972507,0.03424904097332968,0.10728781696241853,0.22986704323940635,0.893100174407246,0.0,0.0,0.03253675194053174,0.004615262453719822,predictive_alpha,step_change,3,23004,0.0,1.0,1.0,0.03,0.01,0.0409290648562235,1.0,1.0,1.0,0.06929603566437519,0.22986704323940635,0.07714410554448332,1.4552167489518788,0.0725947389987775,0.07409354769234516,27.00395496658486,1.2859026174564219,0.0199326084715131,14.375946021104564,45.0,0.013694778378273237,0.045798948013229424,0.07714410554448332,real10kg_smc_steady,real10kg_mpc_event,-1.0,-1.0,predictive_alpha,1.0,0.20663013877705566,0.21275857745771456,0.17367856694005673,0.0,transformer,16,True,2.5,1.0,0.75,real_10kg_v1,thruster,real_10kg_x,1.0,0.012777777777777779,0.029523809523809525,0.0199326084715131,0.005284954858903119,0.008166682168159434,0.012500000000000011,0.0008269217694938225,0.06563018230579405,0.07409354769234516,,
pre_step_3_10s,3.0,10.0,700,0.07021872213743778,0.06983656984132477,0.007315904005142628,0.9945576865473993,0.10418737029738803,0.010855008129485052,0.06865797411997414,0.0997675899507525,1.0,0.03738095238095238,0.08571428571428572,0.0157184682447585,0.0025168086736727445,predictive_alpha,step_change,3,23004,0.0,1.0,1.0,0.03,0.01,0.0409290648562235,1.0,1.0,1.0,0.06929603566437519,0.22986704323940635,0.07714410554448332,1.4552167489518788,0.0725947389987775,0.07409354769234516,27.00395496658486,1.2859026174564219,0.0199326084715131,14.375946021104564,45.0,0.013694778378273237,0.045798948013229424,0.07714410554448332,real10kg_smc_steady,real10kg_mpc_event,-1.0,-1.0,predictive_alpha,1.0,0.20663013877705566,0.21275857745771456,0.17367856694005673,0.0,transformer,16,True,2.5,1.0,0.75,real_10kg_v1,thruster,real_10kg_x,1.0,0.012777777777777779,0.029523809523809525,0.0199326084715131,0.005284954858903119,0.008166682168159434,0.012500000000000011,0.0008269217694938225,0.06563018230579405,0.07409354769234516,,
step_recovery_10_13s,10.0,13.0,300,0.03835937083257654,0.0355256180792532,0.01446968523355506,0.9261261931095913,0.37721383118376745,0.14229027443633582,0.03586061030141508,0.06540445079435464,1.0,0.0022222222222222222,0.006666666666666667,0.02553185498753211,0.012817315080803212,predictive_alpha,step_change,3,23004,0.0,1.0,1.0,0.03,0.01,0.0409290648562235,1.0,1.0,1.0,0.06929603566437519,0.22986704323940635,0.07714410554448332,1.4552167489518788,0.0725947389987775,0.07409354769234516,27.00395496658486,1.2859026174564219,0.0199326084715131,14.375946021104564,45.0,0.013694778378273237,0.045798948013229424,0.07714410554448332,real10kg_smc_steady,real10kg_mpc_event,-1.0,-1.0,predictive_alpha,1.0,0.20663013877705566,0.21275857745771456,0.17367856694005673,0.0,transformer,16,True,2.5,1.0,0.75,real_10kg_v1,thruster,real_10kg_x,1.0,0.012777777777777779,0.029523809523809525,0.0199326084715131,0.005284954858903119,0.008166682168159434,0.012500000000000011,0.0008269217694938225,0.06563018230579405,0.07409354769234516,,
post_step_13_20p9s,13.0,20.9,790,0.0697422627056366,0.06855523280428993,0.01281262121705153,0.9829797621227633,0.18371387333861203,0.03375078725707559,0.06847539243985844,0.09241544762900121,0.813648021591679,0.0,0.0,0.01695985441264491,0.002340031619948343,predictive_alpha,step_change,3,23004,0.0,1.0,1.0,0.03,0.01,0.0409290648562235,1.0,1.0,1.0,0.06929603566437519,0.22986704323940635,0.07714410554448332,1.4552167489518788,0.0725947389987775,0.07409354769234516,27.00395496658486,1.2859026174564219,0.0199326084715131,14.375946021104564,45.0,0.013694778378273237,0.045798948013229424,0.07714410554448332,real10kg_smc_steady,real10kg_mpc_event,-1.0,-1.0,predictive_alpha,1.0,0.20663013877705566,0.21275857745771456,0.17367856694005673,0.0,transformer,16,True,2.5,1.0,0.75,real_10kg_v1,thruster,real_10kg_x,1.0,0.012777777777777779,0.029523809523809525,0.0199326084715131,0.005284954858903119,0.008166682168159434,0.012500000000000011,0.0008269217694938225,0.06563018230579405,0.07409354769234516,,
startup_0_3s,0.0,3.0,300,0.13263057637978573,0.13047059662060803,0.0238389011553965,0.9837143152194964,0.179739105461882,0.032306146032237526,0.11344332735839383,0.24245278183896907,0.939257833736791,0.0,0.0,0.033191329697280614,0.004543077681167543,predictive_alpha,step_change,3,23005,0.0,1.0,1.0,0.03,0.01,0.04085329810948332,1.0,1.0,1.0,0.07024359167539486,0.24245278183896907,0.07883621851005035,1.475115425183292,0.07258989447629333,0.07409614593497264,27.03983271847843,1.287611081832306,0.020018808151857533,14.35279082277559,45.0,0.013836357780261514,0.04960049816230838,0.07883621851005035,real10kg_smc_steady,real10kg_mpc_event,-1.0,-1.0,predictive_alpha,1.0,0.2067454089449874,0.21303079874523226,0.17397933823389133,0.0,transformer,16,True,2.5,1.0,0.75,real_10kg_v1,thruster,real_10kg_x,1.0,0.012777777777777779,0.029523809523809525,0.020018808151857533,0.00525757806317692,0.008159112010308391,0.012500000000000011,0.0007974851091342946,0.06572058993942544,0.07409614593497264,,
pre_step_3_10s,3.0,10.0,700,0.0704100987091358,0.07002752149445648,0.0073299545410377915,0.9945664439946358,0.10410373902922423,0.010837588479864825,0.06884028244341577,0.10034890907046656,1.0,0.03738095238095238,0.08571428571428572,0.015703495076034465,0.0024952588428184164,predictive_alpha,step_change,3,23005,0.0,1.0,1.0,0.03,0.01,0.04085329810948332,1.0,1.0,1.0,0.07024359167539486,0.24245278183896907,0.07883621851005035,1.475115425183292,0.07258989447629333,0.07409614593497264,27.03983271847843,1.287611081832306,0.020018808151857533,14.35279082277559,45.0,0.013836357780261514,0.04960049816230838,0.07883621851005035,real10kg_smc_steady,real10kg_mpc_event,-1.0,-1.0,predictive_alpha,1.0,0.2067454089449874,0.21303079874523226,0.17397933823389133,0.0,transformer,16,True,2.5,1.0,0.75,real_10kg_v1,thruster,real_10kg_x,1.0,0.012777777777777779,0.029523809523809525,0.020018808151857533,0.00525757806317692,0.008159112010308391,0.012500000000000011,0.0007974851091342946,0.06572058993942544,0.07409614593497264,,
step_recovery_10_13s,10.0,13.0,300,0.038355700865519496,0.03552047366723013,0.014472585786265837,0.9260806833323142,0.3773255463903206,0.14237456795875397,0.035860563571359305,0.06541487038471941,1.0,0.0022222222222222222,0.006666666666666667,0.025502754895146317,0.012797577866237024,predictive_alpha,step_change,3,23005,0.0,1.0,1.0,0.03,0.01,0.04085329810948332,1.0,1.0,1.0,0.07024359167539486,0.24245278183896907,0.07883621851005035,1.475115425183292,0.07258989447629333,0.07409614593497264,27.03983271847843,1.287611081832306,0.020018808151857533,14.35279082277559,45.0,0.013836357780261514,0.04960049816230838,0.07883621851005035,real10kg_smc_steady,real10kg_mpc_event,-1.0,-1.0,predictive_alpha,1.0,0.2067454089449874,0.21303079874523226,0.17397933823389133,0.0,transformer,16,True,2.5,1.0,0.75,real_10kg_v1,thruster,real_10kg_x,1.0,0.012777777777777779,0.029523809523809525,0.020018808151857533,0.00525757806317692,0.008159112010308391,0.012500000000000011,0.0007974851091342946,0.06572058993942544,0.07409614593497264,,
post_step_13_20p9s,13.0,20.9,790,0.06976687542280309,0.06857956747263563,0.012816389176641876,0.9829817812110389,0.18370306967270142,0.03374681780717339,0.06849653701345355,0.09243015680797917,0.8139316468775188,0.0,0.0,0.016959484165562876,0.0023190797192617924,predictive_alpha,step_change,3,23005,0.0,1.0,1.0,0.03,0.01,0.04085329810948332,1.0,1.0,1.0,0.07024359167539486,0.24245278183896907,0.07883621851005035,1.475115425183292,0.07258989447629333,0.07409614593497264,27.03983271847843,1.287611081832306,0.020018808151857533,14.35279082277559,45.0,0.013836357780261514,0.04960049816230838,0.07883621851005035,real10kg_smc_steady,real10kg_mpc_event,-1.0,-1.0,predictive_alpha,1.0,0.2067454089449874,0.21303079874523226,0.17397933823389133,0.0,transformer,16,True,2.5,1.0,0.75,real_10kg_v1,thruster,real_10kg_x,1.0,0.012777777777777779,0.029523809523809525,0.020018808151857533,0.00525757806317692,0.008159112010308391,0.012500000000000011,0.0007974851091342946,0.06572058993942544,0.07409614593497264,,
startup_0_3s,0.0,3.0,300,0.11510042609072202,0.11252135785696388,0.024229158307519358,0.9775928871738031,0.21050450576457436,0.04431214694718772,0.0997737481915367,0.20916444845995846,0.8437509336903836,0.0,0.0,0.03310248380239675,0.004707745156353911,predictive_alpha,step_change,3,23006,0.0,1.0,1.0,0.03,0.01,0.041041661235469346,1.0,1.0,1.0,0.06827898183341842,0.20916444845995846,0.07475860697311928,1.433858618501787,0.07263040973323952,0.07411604812040408,26.92328948326305,1.2820614039649072,0.020044261035961623,14.370986382348828,45.0,0.01393890275370881,0.05028641478951745,0.07475860697311928,real10kg_smc_steady,real10kg_mpc_event,-1.0,-1.0,predictive_alpha,1.0,0.20622486075929136,0.2123719332762412,0.17382987797459853,0.0,transformer,16,True,2.5,1.0,0.75,real_10kg_v1,thruster,real_10kg_x,1.0,0.012777777777777779,0.029523809523809525,0.020044261035961623,0.005290097404827349,0.008151457726084952,0.012500000000000011,0.000795646021500278,0.06566815200900086,0.07411604812040408,,
pre_step_3_10s,3.0,10.0,700,0.07031667938679678,0.06993143897992239,0.007350458637592887,0.9945213509762703,0.10453364268183955,0.010927282452334507,0.06882071555609354,0.0996494758458514,1.0,0.03738095238095238,0.08571428571428572,0.015831191832558364,0.0024886391795038835,predictive_alpha,step_change,3,23006,0.0,1.0,1.0,0.03,0.01,0.041041661235469346,1.0,1.0,1.0,0.06827898183341842,0.20916444845995846,0.07475860697311928,1.433858618501787,0.07263040973323952,0.07411604812040408,26.92328948326305,1.2820614039649072,0.020044261035961623,14.370986382348828,45.0,0.01393890275370881,0.05028641478951745,0.07475860697311928,real10kg_smc_steady,real10kg_mpc_event,-1.0,-1.0,predictive_alpha,1.0,0.20622486075929136,0.2123719332762412,0.17382987797459853,0.0,transformer,16,True,2.5,1.0,0.75,real_10kg_v1,thruster,real_10kg_x,1.0,0.012777777777777779,0.029523809523809525,0.020044261035961623,0.005290097404827349,0.008151457726084952,0.012500000000000011,0.000795646021500278,0.06566815200900086,0.07411604812040408,,
step_recovery_10_13s,10.0,13.0,300,0.03840582211138317,0.03556087776884285,0.014506245012429194,0.9259241389420197,0.37770952983010514,0.1426644889244791,0.035891849118710406,0.06542919652820764,1.0,0.0022222222222222222,0.006666666666666667,0.025561501738388427,0.012748309424831065,predictive_alpha,step_change,3,23006,0.0,1.0,1.0,0.03,0.01,0.041041661235469346,1.0,1.0,1.0,0.06827898183341842,0.20916444845995846,0.07475860697311928,1.433858618501787,0.07263040973323952,0.07411604812040408,26.92328948326305,1.2820614039649072,0.020044261035961623,14.370986382348828,45.0,0.01393890275370881,0.05028641478951745,0.07475860697311928,real10kg_smc_steady,real10kg_mpc_event,-1.0,-1.0,predictive_alpha,1.0,0.20622486075929136,0.2123719332762412,0.17382987797459853,0.0,transformer,16,True,2.5,1.0,0.75,real_10kg_v1,thruster,real_10kg_x,1.0,0.012777777777777779,0.029523809523809525,0.020044261035961623,0.005290097404827349,0.008151457726084952,0.012500000000000011,0.000795646021500278,0.06566815200900086,0.07411604812040408,,
post_step_13_20p9s,13.0,20.9,790,0.06972521785518569,0.06854027407408363,0.012799876358879567,0.9830055205626879,0.18357599664247728,0.03370014654327884,0.06846703970978656,0.09227505509952792,0.8148890910636972,0.0,0.0,0.016934931712569344,0.0023190205496982116,predictive_alpha,step_change,3,23006,0.0,1.0,1.0,0.03,0.01,0.041041661235469346,1.0,1.0,1.0,0.06827898183341842,0.20916444845995846,0.07475860697311928,1.433858618501787,0.07263040973323952,0.07411604812040408,26.92328948326305,1.2820614039649072,0.020044261035961623,14.370986382348828,45.0,0.01393890275370881,0.05028641478951745,0.07475860697311928,real10kg_smc_steady,real10kg_mpc_event,-1.0,-1.0,predictive_alpha,1.0,0.20622486075929136,0.2123719332762412,0.17382987797459853,0.0,transformer,16,True,2.5,1.0,0.75,real_10kg_v1,thruster,real_10kg_x,1.0,0.012777777777777779,0.029523809523809525,0.020044261035961623,0.005290097404827349,0.008151457726084952,0.012500000000000011,0.000795646021500278,0.06566815200900086,0.07411604812040408,,
startup_0_3s,0.0,3.0,300,0.13201122756997907,0.1297215675239291,0.02448017817883485,0.9826555658318061,0.1854401222491316,0.03438803893977287,0.11192537088208576,0.24125191455668035,0.9006966592958984,0.0,0.0,0.03208556629656422,0.00453694520506463,predictive_alpha,step_change,3,23007,0.0,1.0,1.0,0.03,0.01,0.04075927875501535,1.0,1.0,1.0,0.06991635923752783,0.24125191455668035,0.07857412678678478,1.4682435439880845,0.07253337794239666,0.0740373454303219,27.01663892993852,1.286506615711358,0.019835790271944032,14.380233124490365,45.0,0.01397893070403052,0.0438177750039786,0.07857412678678478,real10kg_smc_steady,real10kg_mpc_event,-1.0,-1.0,predictive_alpha,1.0,0.2064705389367857,0.2123807783921534,0.17347789072609018,0.0,transformer,16,True,2.5,1.0,0.75,real_10kg_v1,thruster,real_10kg_x,1.0,0.012777777777777779,0.029523809523809525,0.019835790271944032,0.005262018549941035,0.008178950709896557,0.012500000000000011,0.0008129150973303647,0.06556204389432363,0.0740373454303219,,
pre_step_3_10s,3.0,10.0,700,0.07006334483452702,0.06968521221044599,0.007269352693806547,0.9946029892667259,0.10375400590672672,0.010764893741693081,0.06853921016347517,0.09914413650167947,1.0,0.03738095238095238,0.08571428571428572,0.01566423278055478,0.00246675677709514,predictive_alpha,step_change,3,23007,0.0,1.0,1.0,0.03,0.01,0.04075927875501535,1.0,1.0,1.0,0.06991635923752783,0.24125191455668035,0.07857412678678478,1.4682435439880845,0.07253337794239666,0.0740373454303219,27.01663892993852,1.286506615711358,0.019835790271944032,14.380233124490365,45.0,0.01397893070403052,0.0438177750039786,0.07857412678678478,real10kg_smc_steady,real10kg_mpc_event,-1.0,-1.0,predictive_alpha,1.0,0.2064705389367857,0.2123807783921534,0.17347789072609018,0.0,transformer,16,True,2.5,1.0,0.75,real_10kg_v1,thruster,real_10kg_x,1.0,0.012777777777777779,0.029523809523809525,0.019835790271944032,0.005262018549941035,0.008178950709896557,0.012500000000000011,0.0008129150973303647,0.06556204389432363,0.0740373454303219,,
step_recovery_10_13s,10.0,13.0,300,0.03832646342250175,0.0355002029195984,0.014444839602560542,0.9262582495090317,0.37688944694228876,0.14204565521646428,0.03584447889550992,0.06540937802646982,1.0,0.0022222222222222222,0.006666666666666667,0.025466641747683483,0.012826522769321542,predictive_alpha,step_change,3,23007,0.0,1.0,1.0,0.03,0.01,0.04075927875501535,1.0,1.0,1.0,0.06991635923752783,0.24125191455668035,0.07857412678678478,1.4682435439880845,0.07253337794239666,0.0740373454303219,27.01663892993852,1.286506615711358,0.019835790271944032,14.380233124490365,45.0,0.01397893070403052,0.0438177750039786,0.07857412678678478,real10kg_smc_steady,real10kg_mpc_event,-1.0,-1.0,predictive_alpha,1.0,0.2064705389367857,0.2123807783921534,0.17347789072609018,0.0,transformer,16,True,2.5,1.0,0.75,real_10kg_v1,thruster,real_10kg_x,1.0,0.012777777777777779,0.029523809523809525,0.019835790271944032,0.005262018549941035,0.008178950709896557,0.012500000000000011,0.0008129150973303647,0.06556204389432363,0.0740373454303219,,
post_step_13_20p9s,13.0,20.9,790,0.0697432181590568,0.06855519122242623,0.012818043362321884,0.9829656994903626,0.1837891009429616,0.033778433625422134,0.06847734202290669,0.09228843119568597,0.8146669330260242,0.0,0.0,0.016966271908207674,0.002347049752543169,predictive_alpha,step_change,3,23007,0.0,1.0,1.0,0.03,0.01,0.04075927875501535,1.0,1.0,1.0,0.06991635923752783,0.24125191455668035,0.07857412678678478,1.4682435439880845,0.07253337794239666,0.0740373454303219,27.01663892993852,1.286506615711358,0.019835790271944032,14.380233124490365,45.0,0.01397893070403052,0.0438177750039786,0.07857412678678478,real10kg_smc_steady,real10kg_mpc_event,-1.0,-1.0,predictive_alpha,1.0,0.2064705389367857,0.2123807783921534,0.17347789072609018,0.0,transformer,16,True,2.5,1.0,0.75,real_10kg_v1,thruster,real_10kg_x,1.0,0.012777777777777779,0.029523809523809525,0.019835790271944032,0.005262018549941035,0.008178950709896557,0.012500000000000011,0.0008129150973303647,0.06556204389432363,0.0740373454303219,,
startup_0_3s,0.0,3.0,300,0.12467268276119921,0.1219731824677226,0.025803499483021,0.9783472992343696,0.2069699545364367,0.04283656208081468,0.10856480529916113,0.22507130529144395,0.9197223159004595,0.0,0.0,0.03448738909773348,0.005081712379607933,predictive_alpha,step_change,3,23008,0.0,1.0,1.0,0.03,0.01,0.04099796090128459,1.0,1.0,1.0,0.06960948009975988,0.22507130529144395,0.07702441597412092,1.4617990820949576,0.0726503136677396,0.0741463693035883,27.012617236937285,1.2863151065208231,0.020211009785566385,14.312308949497083,45.0,0.014343834066487577,0.05337902494419006,0.07702441597412092,real10kg_smc_steady,real10kg_mpc_event,-1.0,-1.0,predictive_alpha,1.0,0.2069185204739735,0.2135325991069258,0.17484877595068177,0.0,transformer,16,True,2.5,1.0,0.75,real_10kg_v1,thruster,real_10kg_x,1.0,0.012777777777777779,0.029523809523809525,0.020211009785566385,0.0053307331292231,0.00814096543416981,0.012500000000000011,0.000801727940523934,0.06581039275348322,0.0741463693035883,,
pre_step_3_10s,3.0,10.0,700,0.07065480061101317,0.0702668193695899,0.007394250811505768,0.9945087773503276,0.10465319762509108,0.010952291773156368,0.0690534787531852,0.1011353128342977,1.0,0.03738095238095238,0.08571428571428572,0.015722695984772397,0.0024660828544754623,predictive_alpha,step_change,3,23008,0.0,1.0,1.0,0.03,0.01,0.04099796090128459,1.0,1.0,1.0,0.06960948009975988,0.22507130529144395,0.07702441597412092,1.4617990820949576,0.0726503136677396,0.0741463693035883,27.012617236937285,1.2863151065208231,0.020211009785566385,14.312308949497083,45.0,0.014343834066487577,0.05337902494419006,0.07702441597412092,real10kg_smc_steady,real10kg_mpc_event,-1.0,-1.0,predictive_alpha,1.0,0.2069185204739735,0.2135325991069258,0.17484877595068177,0.0,transformer,16,True,2.5,1.0,0.75,real_10kg_v1,thruster,real_10kg_x,1.0,0.012777777777777779,0.029523809523809525,0.020211009785566385,0.0053307331292231,0.00814096543416981,0.012500000000000011,0.000801727940523934,0.06581039275348322,0.0741463693035883,,
step_recovery_10_13s,10.0,13.0,300,0.038379969874688884,0.03553692370848919,0.014496521683460644,0.9259236999017384,0.37771060609979584,0.14266530196027513,0.03587050820668518,0.06541775120485536,1.0,0.0022222222222222222,0.006666666666666667,0.02554895581858307,0.012786004506872598,predictive_alpha,step_change,3,23008,0.0,1.0,1.0,0.03,0.01,0.04099796090128459,1.0,1.0,1.0,0.06960948009975988,0.22507130529144395,0.07702441597412092,1.4617990820949576,0.0726503136677396,0.0741463693035883,27.012617236937285,1.2863151065208231,0.020211009785566385,14.312308949497083,45.0,0.014343834066487577,0.05337902494419006,0.07702441597412092,real10kg_smc_steady,real10kg_mpc_event,-1.0,-1.0,predictive_alpha,1.0,0.2069185204739735,0.2135325991069258,0.17484877595068177,0.0,transformer,16,True,2.5,1.0,0.75,real_10kg_v1,thruster,real_10kg_x,1.0,0.012777777777777779,0.029523809523809525,0.020211009785566385,0.0053307331292231,0.00814096543416981,0.012500000000000011,0.000801727940523934,0.06581039275348322,0.0741463693035883,,
post_step_13_20p9s,13.0,20.9,790,0.06973373702167904,0.06854809980420656,0.012804377854516241,0.9829976526698422,0.18361812232342542,0.03371561484558042,0.06846797661520526,0.09244470850047058,0.814655654309304,0.0,0.0,0.016942056675499965,0.0023335337350276182,predictive_alpha,step_change,3,23008,0.0,1.0,1.0,0.03,0.01,0.04099796090128459,1.0,1.0,1.0,0.06960948009975988,0.22507130529144395,0.07702441597412092,1.4617990820949576,0.0726503136677396,0.0741463693035883,27.012617236937285,1.2863151065208231,0.020211009785566385,14.312308949497083,45.0,0.014343834066487577,0.05337902494419006,0.07702441597412092,real10kg_smc_steady,real10kg_mpc_event,-1.0,-1.0,predictive_alpha,1.0,0.2069185204739735,0.2135325991069258,0.17484877595068177,0.0,transformer,16,True,2.5,1.0,0.75,real_10kg_v1,thruster,real_10kg_x,1.0,0.012777777777777779,0.029523809523809525,0.020211009785566385,0.0053307331292231,0.00814096543416981,0.012500000000000011,0.000801727940523934,0.06581039275348322,0.0741463693035883,,
startup_0_3s,0.0,3.0,300,0.11867780703588149,0.1155179206427664,0.027203527220149997,0.973374243491374,0.22922168769031248,0.05254258210759516,0.10373500300833462,0.21336413927404071,0.8662169914454235,0.0,0.0,0.03440503959752654,0.005013127441808816,predictive_alpha,step_change,3,23009,0.0,1.0,1.0,0.03,0.01,0.040988210182656575,1.0,1.0,1.0,0.06892594008622267,0.21336413927404071,0.0756439259950596,1.447444741810676,0.0726567242773946,0.07414479702420015,26.949548005452588,1.2833118097834566,0.020191422669487424,14.301741566121905,45.0,0.01471262365526879,0.05328535780942878,0.0756439259950596,real10kg_smc_steady,real10kg_mpc_event,-1.0,-1.0,predictive_alpha,1.0,0.20654359677798045,0.2128266697505034,0.17393541903265508,0.0,transformer,16,True,2.5,1.0,0.75,real_10kg_v1,thruster,real_10kg_x,1.0,0.012698412698412698,0.029523809523809525,0.020191422669487424,0.005336732077101575,0.008132600787810517,0.012500000000000011,0.0007876452249073265,0.06578956717795569,0.07414479702420015,,
pre_step_3_10s,3.0,10.0,700,0.07063902021911743,0.07024990492469298,0.00740419040736257,0.9944914964389732,0.10481728631562662,0.010986663510572047,0.06909610083714304,0.1005887907248363,1.0,0.037142857142857144,0.08571428571428572,0.01578722640530613,0.00249122552389958,predictive_alpha,step_change,3,23009,0.0,1.0,1.0,0.03,0.01,0.040988210182656575,1.0,1.0,1.0,0.06892594008622267,0.21336413927404071,0.0756439259950596,1.447444741810676,0.0726567242773946,0.07414479702420015,26.949548005452588,1.2833118097834566,0.020191422669487424,14.301741566121905,45.0,0.01471262365526879,0.05328535780942878,0.0756439259950596,real10kg_smc_steady,real10kg_mpc_event,-1.0,-1.0,predictive_alpha,1.0,0.20654359677798045,0.2128266697505034,0.17393541903265508,0.0,transformer,16,True,2.5,1.0,0.75,real_10kg_v1,thruster,real_10kg_x,1.0,0.012698412698412698,0.029523809523809525,0.020191422669487424,0.005336732077101575,0.008132600787810517,0.012500000000000011,0.0007876452249073265,0.06578956717795569,0.07414479702420015,,
step_recovery_10_13s,10.0,13.0,300,0.03843923967379125,0.03558598038885924,0.014533173998232212,0.9257722236666032,0.37808172382091265,0.14294578988739287,0.03591000198515965,0.06542731523167335,1.0,0.0022222222222222222,0.006666666666666667,0.025609927823496494,0.012732382288943151,predictive_alpha,step_change,3,23009,0.0,1.0,1.0,0.03,0.01,0.040988210182656575,1.0,1.0,1.0,0.06892594008622267,0.21336413927404071,0.0756439259950596,1.447444741810676,0.0726567242773946,0.07414479702420015,26.949548005452588,1.2833118097834566,0.020191422669487424,14.301741566121905,45.0,0.01471262365526879,0.05328535780942878,0.0756439259950596,real10kg_smc_steady,real10kg_mpc_event,-1.0,-1.0,predictive_alpha,1.0,0.20654359677798045,0.2128266697505034,0.17393541903265508,0.0,transformer,16,True,2.5,1.0,0.75,real_10kg_v1,thruster,real_10kg_x,1.0,0.012698412698412698,0.029523809523809525,0.020191422669487424,0.005336732077101575,0.008132600787810517,0.012500000000000011,0.0007876452249073265,0.06578956717795569,0.07414479702420015,,
post_step_13_20p9s,13.0,20.9,790,0.0696905876094947,0.0685062340832197,0.012793509803481089,0.983005545412941,0.18357586357527125,0.0337000976874066,0.06843209878621352,0.0922511355756598,0.8157319118177478,0.0,0.0,0.016869954712303042,0.0023142993786145023,predictive_alpha,step_change,3,23009,0.0,1.0,1.0,0.03,0.01,0.040988210182656575,1.0,1.0,1.0,0.06892594008622267,0.21336413927404071,0.0756439259950596,1.447444741810676,0.0726567242773946,0.07414479702420015,26.949548005452588,1.2833118097834566,0.020191422669487424,14.301741566121905,45.0,0.01471262365526879,0.05328535780942878,0.0756439259950596,real10kg_smc_steady,real10kg_mpc_event,-1.0,-1.0,predictive_alpha,1.0,0.20654359677798045,0.2128266697505034,0.17393541903265508,0.0,transformer,16,True,2.5,1.0,0.75,real_10kg_v1,thruster,real_10kg_x,1.0,0.012698412698412698,0.029523809523809525,0.020191422669487424,0.005336732077101575,0.008132600787810517,0.012500000000000011,0.0007876452249073265,0.06578956717795569,0.07414479702420015,,
