window,window_start_s,window_end_s,n_steps,rmse_3d,xy_rmse,z_rmse,xy_share,z_share,z_energy_share,mean_error,max_error,window_action_peak_abs,window_action_saturation_fraction,window_action_saturation_step_fraction,window_action_tv_mean,window_action_jerk_mean,method,scenario,scenario_id,seed,start_time,mass_scale_xy,damping_scale_xy,initial_position_std,initial_velocity_std,final_error,success_0.5m,success_1.0m,success_2.0m,episode_mean_error,episode_max_error,rmse,iae,steady_state_error,steady_state_rmse,energy,mean_thrust,control_tv,heading_rmse_deg,heading_max_deg,episode_z_rmse,z_max_abs_error,episode_rmse_3d,primary_controller,authority_controller,authority_until,blend_duration,blend_curve,alpha_bias_schedule_json,alpha_bias_abs_mean,authority_active_fraction,authority_alpha_mean,authority_alpha_std,alpha_raw_mean,alpha_uncertainty_std,policy_architecture,history_len,trajectory3d,current_amplitude_scale,current_frequency_scale,vertical_current,vehicle_profile,action_mode,thruster_layout,action_peak_abs,action_saturation_fraction,action_saturation_step_fraction,action_tv_mean,action_jerk_mean,alpha_delta_mean,alpha_delta_max,alpha_jerk_mean,post_startup_rmse,tail_rmse,disturbance_window_rmse,disturbance_recovery_time_s
startup_0_3s,0.0,3.0,300,0.10840337926905388,0.10699402227273722,0.01742331297002257,0.9869989569899045,0.1607266589612344,0.025833058900840943,0.08930329784272345,0.20846587775532127,0.9259140060446306,0.0,0.0,0.01991923821365037,0.0025267178990575163,predictive_alpha_sspo,constant,1,20000,0.0,1.0,1.0,0.03,0.01,0.06622969003272135,1.0,1.0,1.0,0.07194855533043774,0.2829701799390419,0.09527813719715987,1.5109196619391927,0.04640378451433696,0.04807192522428398,30.850616134353743,1.4690769587787496,0.010940209395855787,33.94698217228184,62.589153502897176,0.01023301913665246,0.03301545688320831,0.09527813719715987,real10kg_smc_steady,real10kg_mpc_event,-1.0,-1.0,predictive_alpha_sspo,"{""post_step_13_20p9s"": 0.3, ""pre_step_3_10s"": 0.1, ""startup_0_3s"": 0.3, ""step_recovery_10_13s"": 0.1}",0.2,1.0,0.41103466693955215,0.2321887551298294,0.16807048323985543,0.0,transformer,16,True,2.5,1.0,0.75,real_10kg_v1,thruster,real_10kg_x,1.0,0.05126984126984127,0.1461904761904762,0.010940209395855787,0.0013635528408515996,0.004289412877365018,0.012500000000000011,0.00036937259681503346,0.09291050474997915,0.04807192522428398,,
pre_step_3_10s,3.0,10.0,700,0.046321640261166856,0.046020435368401426,0.005273887085228548,0.9934975339589185,0.11385363418682395,0.012962650017547131,0.04533733974795964,0.059720965968082206,1.0,0.040952380952380955,0.11571428571428571,0.01372955691052157,0.0023013799060656393,predictive_alpha_sspo,constant,1,20000,0.0,1.0,1.0,0.03,0.01,0.06622969003272135,1.0,1.0,1.0,0.07194855533043774,0.2829701799390419,0.09527813719715987,1.5109196619391927,0.04640378451433696,0.04807192522428398,30.850616134353743,1.4690769587787496,0.010940209395855787,33.94698217228184,62.589153502897176,0.01023301913665246,0.03301545688320831,0.09527813719715987,real10kg_smc_steady,real10kg_mpc_event,-1.0,-1.0,predictive_alpha_sspo,"{""post_step_13_20p9s"": 0.3, ""pre_step_3_10s"": 0.1, ""startup_0_3s"": 0.3, ""step_recovery_10_13s"": 0.1}",0.2,1.0,0.41103466693955215,0.2321887551298294,0.16807048323985543,0.0,transformer,16,True,2.5,1.0,0.75,real_10kg_v1,thruster,real_10kg_x,1.0,0.05126984126984127,0.1461904761904762,0.010940209395855787,0.0013635528408515996,0.004289412877365018,0.012500000000000011,0.00036937259681503346,0.09291050474997915,0.04807192522428398,,
step_recovery_10_13s,10.0,13.0,300,0.20206332973736113,0.20175878183969984,0.01108977795584446,0.9984928096648851,0.054882684405224764,0.003012109047523502,0.18584383111778546,0.2829701799390419,1.0,0.2633333333333333,0.7533333333333333,0.009744588362729586,0.0012029610981971433,predictive_alpha_sspo,constant,1,20000,0.0,1.0,1.0,0.03,0.01,0.06622969003272135,1.0,1.0,1.0,0.07194855533043774,0.2829701799390419,0.09527813719715987,1.5109196619391927,0.04640378451433696,0.04807192522428398,30.850616134353743,1.4690769587787496,0.010940209395855787,33.94698217228184,62.589153502897176,0.01023301913665246,0.03301545688320831,0.09527813719715987,real10kg_smc_steady,real10kg_mpc_event,-1.0,-1.0,predictive_alpha_sspo,"{""post_step_13_20p9s"": 0.3, ""pre_step_3_10s"": 0.1, ""startup_0_3s"": 0.3, ""step_recovery_10_13s"": 0.1}",0.2,1.0,0.41103466693955215,0.2321887551298294,0.16807048323985543,0.0,transformer,16,True,2.5,1.0,0.75,real_10kg_v1,thruster,real_10kg_x,1.0,0.05126984126984127,0.1461904761904762,0.010940209395855787,0.0013635528408515996,0.004289412877365018,0.012500000000000011,0.00036937259681503346,0.09291050474997915,0.04807192522428398,,
post_step_13_20p9s,13.0,20.9,790,0.04697184067092413,0.04600199081448038,0.009495823140683741,0.9793525260541026,0.2021599112372387,0.04086862971144823,0.04575391426417863,0.0790963044284288,0.6738115446108548,0.0,0.0,0.005592445825599073,0.0001272606735164911,predictive_alpha_sspo,constant,1,20000,0.0,1.0,1.0,0.03,0.01,0.06622969003272135,1.0,1.0,1.0,0.07194855533043774,0.2829701799390419,0.09527813719715987,1.5109196619391927,0.04640378451433696,0.04807192522428398,30.850616134353743,1.4690769587787496,0.010940209395855787,33.94698217228184,62.589153502897176,0.01023301913665246,0.03301545688320831,0.09527813719715987,real10kg_smc_steady,real10kg_mpc_event,-1.0,-1.0,predictive_alpha_sspo,"{""post_step_13_20p9s"": 0.3, ""pre_step_3_10s"": 0.1, ""startup_0_3s"": 0.3, ""step_recovery_10_13s"": 0.1}",0.2,1.0,0.41103466693955215,0.2321887551298294,0.16807048323985543,0.0,transformer,16,True,2.5,1.0,0.75,real_10kg_v1,thruster,real_10kg_x,1.0,0.05126984126984127,0.1461904761904762,0.010940209395855787,0.0013635528408515996,0.004289412877365018,0.012500000000000011,0.00036937259681503346,0.09291050474997915,0.04807192522428398,,
startup_0_3s,0.0,3.0,300,0.11233476664977393,0.11051508259805409,0.020137435700814586,0.9838012388685236,0.1792627189372019,0.03213512240075824,0.09335237314229615,0.211656564979486,0.8950121078141506,0.0,0.0,0.02208158108437829,0.0027892715479282152,predictive_alpha_sspo,constant,1,20001,0.0,1.0,1.0,0.03,0.01,0.06625232043564473,1.0,1.0,1.0,0.0725349274494566,0.2828785852431067,0.09592384954532247,1.5232334764385886,0.04640760666595034,0.04807490496510124,30.82476205766314,1.4678458122696731,0.0112910655000523,33.921001340270706,62.59234716716758,0.010920758773040223,0.03710594302975917,0.09592384954532247,real10kg_smc_steady,real10kg_mpc_event,-1.0,-1.0,predictive_alpha_sspo,"{""post_step_13_20p9s"": 0.3, ""pre_step_3_10s"": 0.1, ""startup_0_3s"": 0.3, ""step_recovery_10_13s"": 0.1}",0.2,1.0,0.41076797066182874,0.23201437305764872,0.16804606823785606,0.0,transformer,16,True,2.5,1.0,0.75,real_10kg_v1,thruster,real_10kg_x,1.0,0.05119047619047619,0.1461904761904762,0.0112910655000523,0.0014051689991588165,0.004292431317767586,0.012500000000000011,0.0003683105570994971,0.09290729661235483,0.04807490496510124,,
pre_step_3_10s,3.0,10.0,700,0.04635996036792457,0.04605727024917451,0.0052890247220108,0.9934708719259501,0.11408604925534317,0.013015626634692587,0.04536647928839174,0.05985228598757039,1.0,0.04071428571428572,0.11571428571428571,0.013808099449889803,0.002317222418236069,predictive_alpha_sspo,constant,1,20001,0.0,1.0,1.0,0.03,0.01,0.06625232043564473,1.0,1.0,1.0,0.0725349274494566,0.2828785852431067,0.09592384954532247,1.5232334764385886,0.04640760666595034,0.04807490496510124,30.82476205766314,1.4678458122696731,0.0112910655000523,33.921001340270706,62.59234716716758,0.010920758773040223,0.03710594302975917,0.09592384954532247,real10kg_smc_steady,real10kg_mpc_event,-1.0,-1.0,predictive_alpha_sspo,"{""post_step_13_20p9s"": 0.3, ""pre_step_3_10s"": 0.1, ""startup_0_3s"": 0.3, ""step_recovery_10_13s"": 0.1}",0.2,1.0,0.41076797066182874,0.23201437305764872,0.16804606823785606,0.0,transformer,16,True,2.5,1.0,0.75,real_10kg_v1,thruster,real_10kg_x,1.0,0.05119047619047619,0.1461904761904762,0.0112910655000523,0.0014051689991588165,0.004292431317767586,0.012500000000000011,0.0003683105570994971,0.09290729661235483,0.04807490496510124,,
step_recovery_10_13s,10.0,13.0,300,0.2020345544785858,0.2017317587985152,0.011057065407165506,0.9985012678605794,0.0547285855912211,0.0029952180808156146,0.1858364421733649,0.2828785852431067,1.0,0.2633333333333333,0.7533333333333333,0.00983371860912587,0.0011907683362249173,predictive_alpha_sspo,constant,1,20001,0.0,1.0,1.0,0.03,0.01,0.06625232043564473,1.0,1.0,1.0,0.0725349274494566,0.2828785852431067,0.09592384954532247,1.5232334764385886,0.04640760666595034,0.04807490496510124,30.82476205766314,1.4678458122696731,0.0112910655000523,33.921001340270706,62.59234716716758,0.010920758773040223,0.03710594302975917,0.09592384954532247,real10kg_smc_steady,real10kg_mpc_event,-1.0,-1.0,predictive_alpha_sspo,"{""post_step_13_20p9s"": 0.3, ""pre_step_3_10s"": 0.1, ""startup_0_3s"": 0.3, ""step_recovery_10_13s"": 0.1}",0.2,1.0,0.41076797066182874,0.23201437305764872,0.16804606823785606,0.0,transformer,16,True,2.5,1.0,0.75,real_10kg_v1,thruster,real_10kg_x,1.0,0.05119047619047619,0.1461904761904762,0.0112910655000523,0.0014051689991588165,0.004292431317767586,0.012500000000000011,0.0003683105570994971,0.09290729661235483,0.04807490496510124,,
post_step_13_20p9s,13.0,20.9,790,0.04697061385875866,0.04600004683671766,0.009499171400095503,0.9793367183797191,0.2022364755261588,0.04089959203324263,0.045751794230835856,0.07918346786407093,0.6744831421364842,0.0,0.0,0.005604234968901593,0.00012868358806690077,predictive_alpha_sspo,constant,1,20001,0.0,1.0,1.0,0.03,0.01,0.06625232043564473,1.0,1.0,1.0,0.0725349274494566,0.2828785852431067,0.09592384954532247,1.5232334764385886,0.04640760666595034,0.04807490496510124,30.82476205766314,1.4678458122696731,0.0112910655000523,33.921001340270706,62.59234716716758,0.010920758773040223,0.03710594302975917,0.09592384954532247,real10kg_smc_steady,real10kg_mpc_event,-1.0,-1.0,predictive_alpha_sspo,"{""post_step_13_20p9s"": 0.3, ""pre_step_3_10s"": 0.1, ""startup_0_3s"": 0.3, ""step_recovery_10_13s"": 0.1}",0.2,1.0,0.41076797066182874,0.23201437305764872,0.16804606823785606,0.0,transformer,16,True,2.5,1.0,0.75,real_10kg_v1,thruster,real_10kg_x,1.0,0.05119047619047619,0.1461904761904762,0.0112910655000523,0.0014051689991588165,0.004292431317767586,0.012500000000000011,0.0003683105570994971,0.09290729661235483,0.04807490496510124,,
startup_0_3s,0.0,3.0,300,0.10466741453515147,0.10321276830321334,0.017389425656427964,0.9861022053673677,0.16613982234736396,0.027602440569613654,0.0862104259475985,0.20161562561898483,0.916171164413751,0.0,0.0,0.01927703834595301,0.002498142507413016,predictive_alpha_sspo,constant,1,20002,0.0,1.0,1.0,0.03,0.01,0.06622567372246185,1.0,1.0,1.0,0.07148344999953747,0.2828753045438799,0.09465214301307635,1.501152449990287,0.04640279136332232,0.04807115170205638,30.842529596594996,1.4686918855521427,0.010841482643865563,33.94718823205221,62.588424528556764,0.010225151550841229,0.032325764797467765,0.09465214301307635,real10kg_smc_steady,real10kg_mpc_event,-1.0,-1.0,predictive_alpha_sspo,"{""post_step_13_20p9s"": 0.3, ""pre_step_3_10s"": 0.1, ""startup_0_3s"": 0.3, ""step_recovery_10_13s"": 0.1}",0.2,1.0,0.4109014917077946,0.23217632310416997,0.16750225182633757,0.0,transformer,16,True,2.5,1.0,0.75,real_10kg_v1,thruster,real_10kg_x,1.0,0.05119047619047619,0.1461904761904762,0.010841482643865563,0.0013599152224313324,0.004286747404335387,0.012500000000000011,0.00036023481781265556,0.09287799306375163,0.04807115170205638,,
pre_step_3_10s,3.0,10.0,700,0.04627814873969488,0.04597699566290418,0.0052709506340519905,0.9934925427012082,0.11389717993474652,0.012972567597088024,0.04529231909810644,0.05962920043179398,1.0,0.04071428571428572,0.11571428571428571,0.013719928156874311,0.0023068215773385248,predictive_alpha_sspo,constant,1,20002,0.0,1.0,1.0,0.03,0.01,0.06622567372246185,1.0,1.0,1.0,0.07148344999953747,0.2828753045438799,0.09465214301307635,1.501152449990287,0.04640279136332232,0.04807115170205638,30.842529596594996,1.4686918855521427,0.010841482643865563,33.94718823205221,62.588424528556764,0.010225151550841229,0.032325764797467765,0.09465214301307635,real10kg_smc_steady,real10kg_mpc_event,-1.0,-1.0,predictive_alpha_sspo,"{""post_step_13_20p9s"": 0.3, ""pre_step_3_10s"": 0.1, ""startup_0_3s"": 0.3, ""step_recovery_10_13s"": 0.1}",0.2,1.0,0.4109014917077946,0.23217632310416997,0.16750225182633757,0.0,transformer,16,True,2.5,1.0,0.75,real_10kg_v1,thruster,real_10kg_x,1.0,0.05119047619047619,0.1461904761904762,0.010841482643865563,0.0013599152224313324,0.004286747404335387,0.012500000000000011,0.00036023481781265556,0.09287799306375163,0.04807115170205638,,
step_recovery_10_13s,10.0,13.0,300,0.20200191922765126,0.2016968173360681,0.011098164179508763,0.9984896089465402,0.05494088482892779,0.0030185008257855085,0.1858055441637175,0.2828753045438799,1.0,0.2633333333333333,0.7533333333333333,0.0097225744299239,0.001193829556059335,predictive_alpha_sspo,constant,1,20002,0.0,1.0,1.0,0.03,0.01,0.06622567372246185,1.0,1.0,1.0,0.07148344999953747,0.2828753045438799,0.09465214301307635,1.501152449990287,0.04640279136332232,0.04807115170205638,30.842529596594996,1.4686918855521427,0.010841482643865563,33.94718823205221,62.588424528556764,0.010225151550841229,0.032325764797467765,0.09465214301307635,real10kg_smc_steady,real10kg_mpc_event,-1.0,-1.0,predictive_alpha_sspo,"{""post_step_13_20p9s"": 0.3, ""pre_step_3_10s"": 0.1, ""startup_0_3s"": 0.3, ""step_recovery_10_13s"": 0.1}",0.2,1.0,0.4109014917077946,0.23217632310416997,0.16750225182633757,0.0,transformer,16,True,2.5,1.0,0.75,real_10kg_v1,thruster,real_10kg_x,1.0,0.05119047619047619,0.1461904761904762,0.010841482643865563,0.0013599152224313324,0.004286747404335387,0.012500000000000011,0.00036023481781265556,0.09287799306375163,0.04807115170205638,,
post_step_13_20p9s,13.0,20.9,790,0.04696367434547214,0.04599384526409121,0.009494888406421216,0.9793493781119699,0.20217516066940014,0.040874795591697766,0.04574652862435461,0.07901214137563832,0.6737126782379836,0.0,0.0,0.005589854029301913,0.0001270703653384198,predictive_alpha_sspo,constant,1,20002,0.0,1.0,1.0,0.03,0.01,0.06622567372246185,1.0,1.0,1.0,0.07148344999953747,0.2828753045438799,0.09465214301307635,1.501152449990287,0.04640279136332232,0.04807115170205638,30.842529596594996,1.4686918855521427,0.010841482643865563,33.94718823205221,62.588424528556764,0.010225151550841229,0.032325764797467765,0.09465214301307635,real10kg_smc_steady,real10kg_mpc_event,-1.0,-1.0,predictive_alpha_sspo,"{""post_step_13_20p9s"": 0.3, ""pre_step_3_10s"": 0.1, ""startup_0_3s"": 0.3, ""step_recovery_10_13s"": 0.1}",0.2,1.0,0.4109014917077946,0.23217632310416997,0.16750225182633757,0.0,transformer,16,True,2.5,1.0,0.75,real_10kg_v1,thruster,real_10kg_x,1.0,0.05119047619047619,0.1461904761904762,0.010841482643865563,0.0013599152224313324,0.004286747404335387,0.012500000000000011,0.00036023481781265556,0.09287799306375163,0.04807115170205638,,
startup_0_3s,0.0,3.0,300,0.1237570885633707,0.1206544876074882,0.0275374579410746,0.9749299131718521,0.22251216686447703,0.049511664402724864,0.10319234936421319,0.22942832732512866,0.9191552071421611,0.0,0.0,0.02483725983527464,0.003192639605284972,predictive_alpha_sspo,constant,1,20003,0.0,1.0,1.0,0.03,0.01,0.06625295928865506,1.0,1.0,1.0,0.07401277552338652,0.28294832720086865,0.09795631587372167,1.5542682859911168,0.04640764319331473,0.04807481025656037,30.884908369484013,1.4707099223563815,0.011710919503628186,33.90280203234907,62.592185748944,0.013028973243778498,0.06435344514039605,0.09795631587372167,real10kg_smc_steady,real10kg_mpc_event,-1.0,-1.0,predictive_alpha_sspo,"{""post_step_13_20p9s"": 0.3, ""pre_step_3_10s"": 0.1, ""startup_0_3s"": 0.3, ""step_recovery_10_13s"": 0.1}",0.2,1.0,0.4111628044038392,0.2320552437679512,0.16805814807868696,0.0,transformer,16,True,2.5,1.0,0.75,real_10kg_v1,thruster,real_10kg_x,1.0,0.05119047619047619,0.1461904761904762,0.011710919503628186,0.0014617487944223733,0.0042872683740805785,0.012500000000000011,0.0003959323018320218,0.09296259262662623,0.04807481025656037,,
pre_step_3_10s,3.0,10.0,700,0.04653918499977146,0.04623531811369075,0.00530952910989029,0.9934707303945653,0.11408728171574908,0.013015907849288693,0.04555927025531121,0.06022543893367993,1.0,0.04071428571428572,0.11571428571428571,0.013860124991816342,0.0023121295737422156,predictive_alpha_sspo,constant,1,20003,0.0,1.0,1.0,0.03,0.01,0.06625295928865506,1.0,1.0,1.0,0.07401277552338652,0.28294832720086865,0.09795631587372167,1.5542682859911168,0.04640764319331473,0.04807481025656037,30.884908369484013,1.4707099223563815,0.011710919503628186,33.90280203234907,62.592185748944,0.013028973243778498,0.06435344514039605,0.09795631587372167,real10kg_smc_steady,real10kg_mpc_event,-1.0,-1.0,predictive_alpha_sspo,"{""post_step_13_20p9s"": 0.3, ""pre_step_3_10s"": 0.1, ""startup_0_3s"": 0.3, ""step_recovery_10_13s"": 0.1}",0.2,1.0,0.4111628044038392,0.2320552437679512,0.16805814807868696,0.0,transformer,16,True,2.5,1.0,0.75,real_10kg_v1,thruster,real_10kg_x,1.0,0.05119047619047619,0.1461904761904762,0.011710919503628186,0.0014617487944223733,0.0042872683740805785,0.012500000000000011,0.0003959323018320218,0.09296259262662623,0.04807481025656037,,
step_recovery_10_13s,10.0,13.0,300,0.2020880905537152,0.20178531617625567,0.011058142669324532,0.9985017703090274,0.054719417849045715,0.002994214689738463,0.1858805882565756,0.28294832720086865,1.0,0.2633333333333333,0.7533333333333333,0.009877290066388312,0.0011948707198632294,predictive_alpha_sspo,constant,1,20003,0.0,1.0,1.0,0.03,0.01,0.06625295928865506,1.0,1.0,1.0,0.07401277552338652,0.28294832720086865,0.09795631587372167,1.5542682859911168,0.04640764319331473,0.04807481025656037,30.884908369484013,1.4707099223563815,0.011710919503628186,33.90280203234907,62.592185748944,0.013028973243778498,0.06435344514039605,0.09795631587372167,real10kg_smc_steady,real10kg_mpc_event,-1.0,-1.0,predictive_alpha_sspo,"{""post_step_13_20p9s"": 0.3, ""pre_step_3_10s"": 0.1, ""startup_0_3s"": 0.3, ""step_recovery_10_13s"": 0.1}",0.2,1.0,0.4111628044038392,0.2320552437679512,0.16805814807868696,0.0,transformer,16,True,2.5,1.0,0.75,real_10kg_v1,thruster,real_10kg_x,1.0,0.05119047619047619,0.1461904761904762,0.011710919503628186,0.0014617487944223733,0.0042872683740805785,0.012500000000000011,0.0003959323018320218,0.09296259262662623,0.04807481025656037,,
post_step_13_20p9s,13.0,20.9,790,0.046975404221145364,0.04600449861353456,0.009501300387699488,0.979331617817697,0.2022611735914047,0.04090958234257235,0.045755966961115474,0.07922868132713945,0.6745919271144646,0.0,0.0,0.005614327374727738,0.00012951937234804381,predictive_alpha_sspo,constant,1,20003,0.0,1.0,1.0,0.03,0.01,0.06625295928865506,1.0,1.0,1.0,0.07401277552338652,0.28294832720086865,0.09795631587372167,1.5542682859911168,0.04640764319331473,0.04807481025656037,30.884908369484013,1.4707099223563815,0.011710919503628186,33.90280203234907,62.592185748944,0.013028973243778498,0.06435344514039605,0.09795631587372167,real10kg_smc_steady,real10kg_mpc_event,-1.0,-1.0,predictive_alpha_sspo,"{""post_step_13_20p9s"": 0.3, ""pre_step_3_10s"": 0.1, ""startup_0_3s"": 0.3, ""step_recovery_10_13s"": 0.1}",0.2,1.0,0.4111628044038392,0.2320552437679512,0.16805814807868696,0.0,transformer,16,True,2.5,1.0,0.75,real_10kg_v1,thruster,real_10kg_x,1.0,0.05119047619047619,0.1461904761904762,0.011710919503628186,0.0014617487944223733,0.0042872683740805785,0.012500000000000011,0.0003959323018320218,0.09296259262662623,0.04807481025656037,,
startup_0_3s,0.0,3.0,300,0.10837322508331083,0.10693636693652692,0.01758889824219888,0.9867415761994778,0.16229929697743692,0.026341061799370263,0.08947926562380558,0.20731058657002682,0.9097569743792187,0.0,0.0,0.020365660649068328,0.0026468536186753096,predictive_alpha_sspo,constant,1,20004,0.0,1.0,1.0,0.03,0.01,0.0662385244545788,1.0,1.0,1.0,0.0719686269390096,0.2829695411475725,0.09527454783035322,1.5113411657192017,0.04640567662884332,0.048073456436413885,30.836361697921323,1.4683981760914915,0.011015890741542748,33.94494352750429,62.59077507106879,0.010271787037149857,0.03392053804494438,0.09527454783035322,real10kg_smc_steady,real10kg_mpc_event,-1.0,-1.0,predictive_alpha_sspo,"{""post_step_13_20p9s"": 0.3, ""pre_step_3_10s"": 0.1, ""startup_0_3s"": 0.3, ""step_recovery_10_13s"": 0.1}",0.2,1.0,0.41091568546683177,0.2321176289347535,0.1678545251096754,0.0,transformer,16,True,2.5,1.0,0.75,real_10kg_v1,thruster,real_10kg_x,1.0,0.05126984126984127,0.1461904761904762,0.011015890741542748,0.0013823453091630386,0.0042982027790504545,0.012500000000000011,0.00037217969212282426,0.09291207343055576,0.048073456436413885,,
pre_step_3_10s,3.0,10.0,700,0.046298890491534433,0.04599726287412047,0.005276274143385303,0.9934852085177048,0.11396113572851273,0.012987140456532499,0.04531137637930717,0.059701201326300433,1.0,0.040952380952380955,0.11571428571428571,0.013754332031971735,0.0023065890258376982,predictive_alpha_sspo,constant,1,20004,0.0,1.0,1.0,0.03,0.01,0.0662385244545788,1.0,1.0,1.0,0.0719686269390096,0.2829695411475725,0.09527454783035322,1.5113411657192017,0.04640567662884332,0.048073456436413885,30.836361697921323,1.4683981760914915,0.011015890741542748,33.94494352750429,62.59077507106879,0.010271787037149857,0.03392053804494438,0.09527454783035322,real10kg_smc_steady,real10kg_mpc_event,-1.0,-1.0,predictive_alpha_sspo,"{""post_step_13_20p9s"": 0.3, ""pre_step_3_10s"": 0.1, ""startup_0_3s"": 0.3, ""step_recovery_10_13s"": 0.1}",0.2,1.0,0.41091568546683177,0.2321176289347535,0.1678545251096754,0.0,transformer,16,True,2.5,1.0,0.75,real_10kg_v1,thruster,real_10kg_x,1.0,0.05126984126984127,0.1461904761904762,0.011015890741542748,0.0013823453091630386,0.0042982027790504545,0.012500000000000011,0.00037217969212282426,0.09291207343055576,0.048073456436413885,,
step_recovery_10_13s,10.0,13.0,300,0.20207790536393122,0.20177429304065003,0.011073143375745961,0.9984975481474118,0.054796408126874814,0.0030026463436070325,0.18586209006476664,0.2829695411475725,1.0,0.2633333333333333,0.7533333333333333,0.00976653051517526,0.0012015674676130077,predictive_alpha_sspo,constant,1,20004,0.0,1.0,1.0,0.03,0.01,0.0662385244545788,1.0,1.0,1.0,0.0719686269390096,0.2829695411475725,0.09527454783035322,1.5113411657192017,0.04640567662884332,0.048073456436413885,30.836361697921323,1.4683981760914915,0.011015890741542748,33.94494352750429,62.59077507106879,0.010271787037149857,0.03392053804494438,0.09527454783035322,real10kg_smc_steady,real10kg_mpc_event,-1.0,-1.0,predictive_alpha_sspo,"{""post_step_13_20p9s"": 0.3, ""pre_step_3_10s"": 0.1, ""startup_0_3s"": 0.3, ""step_recovery_10_13s"": 0.1}",0.2,1.0,0.41091568546683177,0.2321176289347535,0.1678545251096754,0.0,transformer,16,True,2.5,1.0,0.75,real_10kg_v1,thruster,real_10kg_x,1.0,0.05126984126984127,0.1461904761904762,0.011015890741542748,0.0013823453091630386,0.0042982027790504545,0.012500000000000011,0.00037217969212282426,0.09291207343055576,0.048073456436413885,,
post_step_13_20p9s,13.0,20.9,790,0.04697486412437346,0.046004880375294925,0.009496780568074225,0.9793510046881594,0.20216728127046796,0.04087160961629251,0.04575644083606311,0.07915480156464869,0.6740179751851949,0.0,0.0,0.005594764541706789,0.0001275904475278752,predictive_alpha_sspo,constant,1,20004,0.0,1.0,1.0,0.03,0.01,0.0662385244545788,1.0,1.0,1.0,0.0719686269390096,0.2829695411475725,0.09527454783035322,1.5113411657192017,0.04640567662884332,0.048073456436413885,30.836361697921323,1.4683981760914915,0.011015890741542748,33.94494352750429,62.59077507106879,0.010271787037149857,0.03392053804494438,0.09527454783035322,real10kg_smc_steady,real10kg_mpc_event,-1.0,-1.0,predictive_alpha_sspo,"{""post_step_13_20p9s"": 0.3, ""pre_step_3_10s"": 0.1, ""startup_0_3s"": 0.3, ""step_recovery_10_13s"": 0.1}",0.2,1.0,0.41091568546683177,0.2321176289347535,0.1678545251096754,0.0,transformer,16,True,2.5,1.0,0.75,real_10kg_v1,thruster,real_10kg_x,1.0,0.05126984126984127,0.1461904761904762,0.011015890741542748,0.0013823453091630386,0.0042982027790504545,0.012500000000000011,0.00037217969212282426,0.09291207343055576,0.048073456436413885,,
startup_0_3s,0.0,3.0,300,0.11082652848947075,0.10888248274644047,0.02066698739532607,0.9824586606697242,0.1864805085660476,0.034774980075051753,0.0916542131928665,0.21116697491778616,0.9448491029369578,0.0,0.0,0.023348305329212077,0.0030564214023317752,predictive_alpha_sspo,constant,1,20005,0.0,1.0,1.0,0.03,0.01,0.06624981921965474,1.0,1.0,1.0,0.07232232612851104,0.28279729512595864,0.09567201632723323,1.5187688486987319,0.04640981744487901,0.0480769398238636,30.898261316760024,1.4713457769885725,0.011472130974021178,33.93421176256567,62.59445912500058,0.011060579191937434,0.03670905142212058,0.09567201632723323,real10kg_smc_steady,real10kg_mpc_event,-1.0,-1.0,predictive_alpha_sspo,"{""post_step_13_20p9s"": 0.3, ""pre_step_3_10s"": 0.1, ""startup_0_3s"": 0.3, ""step_recovery_10_13s"": 0.1}",0.2,1.0,0.41151928816044775,0.23232575881487688,0.16890462614623608,0.0,transformer,16,True,2.5,1.0,0.75,real_10kg_v1,thruster,real_10kg_x,1.0,0.051111111111111114,0.1461904761904762,0.011472130974021178,0.0014432215253796451,0.004320383943749237,0.012500000000000011,0.0003810130388136291,0.09290624623762855,0.0480769398238636,,
pre_step_3_10s,3.0,10.0,700,0.046442074545601335,0.04614052825383657,0.00528374304410235,0.9935070451801485,0.11377060770431903,0.012943751177410055,0.045468672435634946,0.059860904407286246,1.0,0.04071428571428572,0.11571428571428571,0.013806635743263056,0.0023130168493497097,predictive_alpha_sspo,constant,1,20005,0.0,1.0,1.0,0.03,0.01,0.06624981921965474,1.0,1.0,1.0,0.07232232612851104,0.28279729512595864,0.09567201632723323,1.5187688486987319,0.04640981744487901,0.0480769398238636,30.898261316760024,1.4713457769885725,0.011472130974021178,33.93421176256567,62.59445912500058,0.011060579191937434,0.03670905142212058,0.09567201632723323,real10kg_smc_steady,real10kg_mpc_event,-1.0,-1.0,predictive_alpha_sspo,"{""post_step_13_20p9s"": 0.3, ""pre_step_3_10s"": 0.1, ""startup_0_3s"": 0.3, ""step_recovery_10_13s"": 0.1}",0.2,1.0,0.41151928816044775,0.23232575881487688,0.16890462614623608,0.0,transformer,16,True,2.5,1.0,0.75,real_10kg_v1,thruster,real_10kg_x,1.0,0.051111111111111114,0.1461904761904762,0.011472130974021178,0.0014432215253796451,0.004320383943749237,0.012500000000000011,0.0003810130388136291,0.09290624623762855,0.0480769398238636,,
step_recovery_10_13s,10.0,13.0,300,0.2019900065335436,0.20168698821557174,0.01105990614575057,0.9984998350999036,0.05475471948120314,0.0029980793054652467,0.1858167213239156,0.28279729512595864,1.0,0.2627777777777778,0.7533333333333333,0.009830428140881555,0.0011985053928367608,predictive_alpha_sspo,constant,1,20005,0.0,1.0,1.0,0.03,0.01,0.06624981921965474,1.0,1.0,1.0,0.07232232612851104,0.28279729512595864,0.09567201632723323,1.5187688486987319,0.04640981744487901,0.0480769398238636,30.898261316760024,1.4713457769885725,0.011472130974021178,33.93421176256567,62.59445912500058,0.011060579191937434,0.03670905142212058,0.09567201632723323,real10kg_smc_steady,real10kg_mpc_event,-1.0,-1.0,predictive_alpha_sspo,"{""post_step_13_20p9s"": 0.3, ""pre_step_3_10s"": 0.1, ""startup_0_3s"": 0.3, ""step_recovery_10_13s"": 0.1}",0.2,1.0,0.41151928816044775,0.23232575881487688,0.16890462614623608,0.0,transformer,16,True,2.5,1.0,0.75,real_10kg_v1,thruster,real_10kg_x,1.0,0.051111111111111114,0.1461904761904762,0.011472130974021178,0.0014432215253796451,0.004320383943749237,0.012500000000000011,0.0003810130388136291,0.09290624623762855,0.0480769398238636,,
post_step_13_20p9s,13.0,20.9,790,0.04696678579626916,0.04599618488716059,0.00949894435496758,0.9793343126924033,0.20224812479550466,0.04090430398329803,0.04574847889213535,0.07913479473213937,0.6753397356358761,0.0,0.0,0.005607871788524084,0.0001297483463234951,predictive_alpha_sspo,constant,1,20005,0.0,1.0,1.0,0.03,0.01,0.06624981921965474,1.0,1.0,1.0,0.07232232612851104,0.28279729512595864,0.09567201632723323,1.5187688486987319,0.04640981744487901,0.0480769398238636,30.898261316760024,1.4713457769885725,0.011472130974021178,33.93421176256567,62.59445912500058,0.011060579191937434,0.03670905142212058,0.09567201632723323,real10kg_smc_steady,real10kg_mpc_event,-1.0,-1.0,predictive_alpha_sspo,"{""post_step_13_20p9s"": 0.3, ""pre_step_3_10s"": 0.1, ""startup_0_3s"": 0.3, ""step_recovery_10_13s"": 0.1}",0.2,1.0,0.41151928816044775,0.23232575881487688,0.16890462614623608,0.0,transformer,16,True,2.5,1.0,0.75,real_10kg_v1,thruster,real_10kg_x,1.0,0.051111111111111114,0.1461904761904762,0.011472130974021178,0.0014432215253796451,0.004320383943749237,0.012500000000000011,0.0003810130388136291,0.09290624623762855,0.0480769398238636,,
startup_0_3s,0.0,3.0,300,0.10564377073736607,0.10419417017144483,0.01744079120605365,0.9862784094527921,0.16509057831163598,0.02725489904727041,0.08701105353983503,0.20349485625250457,0.9343974561788507,0.0,0.0,0.020838052896189965,0.0026978105755864146,predictive_alpha_sspo,constant,1,20006,0.0,1.0,1.0,0.03,0.01,0.06623388733816168,1.0,1.0,1.0,0.07162258542303344,0.282916974773122,0.09482808856103266,1.5040742938837024,0.04640460587207835,0.0480725769182679,30.86921879977132,1.4699627999891105,0.011076617263958964,33.94896458952441,62.589919031775224,0.010236091500247646,0.03346521427416657,0.09482808856103266,real10kg_smc_steady,real10kg_mpc_event,-1.0,-1.0,predictive_alpha_sspo,"{""post_step_13_20p9s"": 0.3, ""pre_step_3_10s"": 0.1, ""startup_0_3s"": 0.3, ""step_recovery_10_13s"": 0.1}",0.2,1.0,0.411249170641133,0.2322676012791192,0.16843847804154002,0.0,transformer,16,True,2.5,1.0,0.75,real_10kg_v1,thruster,real_10kg_x,1.0,0.05126984126984127,0.1461904761904762,0.011076617263958964,0.001391577577089832,0.004307725959717957,0.012500000000000011,0.00036718051427415174,0.09290313805730155,0.0480725769182679,,
pre_step_3_10s,3.0,10.0,700,0.04632598474501853,0.04602494932657331,0.005272656074697814,0.9935018020641734,0.11381638412478187,0.012954169295239898,0.045346310801302324,0.059708937182479035,1.0,0.040952380952380955,0.11571428571428571,0.013739493682111584,0.0023150036695362393,predictive_alpha_sspo,constant,1,20006,0.0,1.0,1.0,0.03,0.01,0.06623388733816168,1.0,1.0,1.0,0.07162258542303344,0.282916974773122,0.09482808856103266,1.5040742938837024,0.04640460587207835,0.0480725769182679,30.86921879977132,1.4699627999891105,0.011076617263958964,33.94896458952441,62.589919031775224,0.010236091500247646,0.03346521427416657,0.09482808856103266,real10kg_smc_steady,real10kg_mpc_event,-1.0,-1.0,predictive_alpha_sspo,"{""post_step_13_20p9s"": 0.3, ""pre_step_3_10s"": 0.1, ""startup_0_3s"": 0.3, ""step_recovery_10_13s"": 0.1}",0.2,1.0,0.411249170641133,0.2322676012791192,0.16843847804154002,0.0,transformer,16,True,2.5,1.0,0.75,real_10kg_v1,thruster,real_10kg_x,1.0,0.05126984126984127,0.1461904761904762,0.011076617263958964,0.001391577577089832,0.004307725959717957,0.012500000000000011,0.00036718051427415174,0.09290313805730155,0.0480725769182679,,
step_recovery_10_13s,10.0,13.0,300,0.20204193185211233,0.20173779996262534,0.01108161959161937,0.9984947090601489,0.054848117368679346,0.0030083159788884244,0.18583872916981098,0.282916974773122,1.0,0.2633333333333333,0.7533333333333333,0.009755862987611988,0.0011963943404638528,predictive_alpha_sspo,constant,1,20006,0.0,1.0,1.0,0.03,0.01,0.06623388733816168,1.0,1.0,1.0,0.07162258542303344,0.282916974773122,0.09482808856103266,1.5040742938837024,0.04640460587207835,0.0480725769182679,30.86921879977132,1.4699627999891105,0.011076617263958964,33.94896458952441,62.589919031775224,0.010236091500247646,0.03346521427416657,0.09482808856103266,real10kg_smc_steady,real10kg_mpc_event,-1.0,-1.0,predictive_alpha_sspo,"{""post_step_13_20p9s"": 0.3, ""pre_step_3_10s"": 0.1, ""startup_0_3s"": 0.3, ""step_recovery_10_13s"": 0.1}",0.2,1.0,0.411249170641133,0.2322676012791192,0.16843847804154002,0.0,transformer,16,True,2.5,1.0,0.75,real_10kg_v1,thruster,real_10kg_x,1.0,0.05126984126984127,0.1461904761904762,0.011076617263958964,0.001391577577089832,0.004307725959717957,0.012500000000000011,0.00036718051427415174,0.09290313805730155,0.0480725769182679,,
post_step_13_20p9s,13.0,20.9,790,0.04696974878642692,0.04599973936656286,0.00949638243060697,0.9793482093277798,0.20218082225194242,0.04087708488647153,0.04575183777262404,0.07909381028525084,0.6739186752073046,0.0,0.0,0.005594343772675896,0.00012753141202009725,predictive_alpha_sspo,constant,1,20006,0.0,1.0,1.0,0.03,0.01,0.06623388733816168,1.0,1.0,1.0,0.07162258542303344,0.282916974773122,0.09482808856103266,1.5040742938837024,0.04640460587207835,0.0480725769182679,30.86921879977132,1.4699627999891105,0.011076617263958964,33.94896458952441,62.589919031775224,0.010236091500247646,0.03346521427416657,0.09482808856103266,real10kg_smc_steady,real10kg_mpc_event,-1.0,-1.0,predictive_alpha_sspo,"{""post_step_13_20p9s"": 0.3, ""pre_step_3_10s"": 0.1, ""startup_0_3s"": 0.3, ""step_recovery_10_13s"": 0.1}",0.2,1.0,0.411249170641133,0.2322676012791192,0.16843847804154002,0.0,transformer,16,True,2.5,1.0,0.75,real_10kg_v1,thruster,real_10kg_x,1.0,0.05126984126984127,0.1461904761904762,0.011076617263958964,0.001391577577089832,0.004307725959717957,0.012500000000000011,0.00036718051427415174,0.09290313805730155,0.0480725769182679,,
startup_0_3s,0.0,3.0,300,0.11638129399144508,0.11325687898810635,0.026785909598081643,0.9731536323735291,0.2301564854576253,0.05297200779820609,0.09722121491869312,0.21565694004108688,0.8966544022513009,0.0,0.0,0.024183930171546127,0.003176345737926714,predictive_alpha_sspo,constant,1,20007,0.0,1.0,1.0,0.03,0.01,0.06624856734135699,1.0,1.0,1.0,0.07311871566139592,0.28279431052550363,0.09661245060784114,1.5354930288893145,0.046409550555548684,0.04807660690571042,30.859196393697175,1.4694855425570084,0.011615505594682109,33.90307292238384,62.59415011168047,0.01280332657243714,0.06168431376327027,0.09661245060784114,real10kg_smc_steady,real10kg_mpc_event,-1.0,-1.0,predictive_alpha_sspo,"{""post_step_13_20p9s"": 0.3, ""pre_step_3_10s"": 0.1, ""startup_0_3s"": 0.3, ""step_recovery_10_13s"": 0.1}",0.2,1.0,0.4109276494492726,0.23205971513402998,0.16768859467078334,0.0,transformer,16,True,2.5,1.0,0.75,real_10kg_v1,thruster,real_10kg_x,1.0,0.051111111111111114,0.1461904761904762,0.011615505594682109,0.0014605783556690302,0.004292817623182469,0.012500000000000011,0.000380187932739153,0.09290959198421929,0.04807660690571042,,
pre_step_3_10s,3.0,10.0,700,0.04645738809943776,0.04615314024536527,0.005308159239644724,0.9934510340223761,0.11425866706675585,0.013055042999871758,0.045471429585663886,0.06002766391137825,1.0,0.04071428571428572,0.11571428571428571,0.013852699773628331,0.0023132196353860663,predictive_alpha_sspo,constant,1,20007,0.0,1.0,1.0,0.03,0.01,0.06624856734135699,1.0,1.0,1.0,0.07311871566139592,0.28279431052550363,0.09661245060784114,1.5354930288893145,0.046409550555548684,0.04807660690571042,30.859196393697175,1.4694855425570084,0.011615505594682109,33.90307292238384,62.59415011168047,0.01280332657243714,0.06168431376327027,0.09661245060784114,real10kg_smc_steady,real10kg_mpc_event,-1.0,-1.0,predictive_alpha_sspo,"{""post_step_13_20p9s"": 0.3, ""pre_step_3_10s"": 0.1, ""startup_0_3s"": 0.3, ""step_recovery_10_13s"": 0.1}",0.2,1.0,0.4109276494492726,0.23205971513402998,0.16768859467078334,0.0,transformer,16,True,2.5,1.0,0.75,real_10kg_v1,thruster,real_10kg_x,1.0,0.051111111111111114,0.1461904761904762,0.011615505594682109,0.0014605783556690302,0.004292817623182469,0.012500000000000011,0.000380187932739153,0.09290959198421929,0.04807660690571042,,
step_recovery_10_13s,10.0,13.0,300,0.20199080908485012,0.20168763316610336,0.011062801752164751,0.998499060823013,0.054768837266836276,0.0029996255355611945,0.1858175502524402,0.28279431052550363,1.0,0.2627777777777778,0.7533333333333333,0.009867218014588149,0.001197442067448462,predictive_alpha_sspo,constant,1,20007,0.0,1.0,1.0,0.03,0.01,0.06624856734135699,1.0,1.0,1.0,0.07311871566139592,0.28279431052550363,0.09661245060784114,1.5354930288893145,0.046409550555548684,0.04807660690571042,30.859196393697175,1.4694855425570084,0.011615505594682109,33.90307292238384,62.59415011168047,0.01280332657243714,0.06168431376327027,0.09661245060784114,real10kg_smc_steady,real10kg_mpc_event,-1.0,-1.0,predictive_alpha_sspo,"{""post_step_13_20p9s"": 0.3, ""pre_step_3_10s"": 0.1, ""startup_0_3s"": 0.3, ""step_recovery_10_13s"": 0.1}",0.2,1.0,0.4109276494492726,0.23205971513402998,0.16768859467078334,0.0,transformer,16,True,2.5,1.0,0.75,real_10kg_v1,thruster,real_10kg_x,1.0,0.051111111111111114,0.1461904761904762,0.011615505594682109,0.0014605783556690302,0.004292817623182469,0.012500000000000011,0.000380187932739153,0.09290959198421929,0.04807660690571042,,
post_step_13_20p9s,13.0,20.9,790,0.046967170729276024,0.045996188849748224,0.009500828259223526,0.9793263706446222,0.20228657829928381,0.04091985976003228,0.045748679459152904,0.07913195020844485,0.6754025555168696,0.0,0.0,0.00561752714910313,0.00013056159516900844,predictive_alpha_sspo,constant,1,20007,0.0,1.0,1.0,0.03,0.01,0.06624856734135699,1.0,1.0,1.0,0.07311871566139592,0.28279431052550363,0.09661245060784114,1.5354930288893145,0.046409550555548684,0.04807660690571042,30.859196393697175,1.4694855425570084,0.011615505594682109,33.90307292238384,62.59415011168047,0.01280332657243714,0.06168431376327027,0.09661245060784114,real10kg_smc_steady,real10kg_mpc_event,-1.0,-1.0,predictive_alpha_sspo,"{""post_step_13_20p9s"": 0.3, ""pre_step_3_10s"": 0.1, ""startup_0_3s"": 0.3, ""step_recovery_10_13s"": 0.1}",0.2,1.0,0.4109276494492726,0.23205971513402998,0.16768859467078334,0.0,transformer,16,True,2.5,1.0,0.75,real_10kg_v1,thruster,real_10kg_x,1.0,0.051111111111111114,0.1461904761904762,0.011615505594682109,0.0014605783556690302,0.004292817623182469,0.012500000000000011,0.000380187932739153,0.09290959198421929,0.04807660690571042,,
startup_0_3s,0.0,3.0,300,0.09269640302115834,0.09103769601037295,0.01745740639911713,0.9821060261593239,0.18832884373229028,0.03546775338154142,0.07652349190873954,0.17891542271682717,0.8799515881510587,0.0,0.0,0.01828661914442501,0.0024333301749851865,predictive_alpha_sspo,constant,1,20008,0.0,1.0,1.0,0.03,0.01,0.06620709006623218,1.0,1.0,1.0,0.07003591407285992,0.28295140709512207,0.09282930653351824,1.4707541955300583,0.046399007615930896,0.048068205358614724,30.814060588334232,1.4673362184921064,0.010685549755154906,33.95632098840852,62.585110535248575,0.010246270832003187,0.031231978584363357,0.09282930653351824,real10kg_smc_steady,real10kg_mpc_event,-1.0,-1.0,predictive_alpha_sspo,"{""post_step_13_20p9s"": 0.3, ""pre_step_3_10s"": 0.1, ""startup_0_3s"": 0.3, ""step_recovery_10_13s"": 0.1}",0.2,1.0,0.4106887773353712,0.2321781186382303,0.16540097072775964,0.0,transformer,16,True,2.5,1.0,0.75,real_10kg_v1,thruster,real_10kg_x,1.0,0.051349206349206346,0.14666666666666667,0.010685549755154906,0.001354101900830722,0.004279653206862323,0.012500000000000011,0.0003714135167848874,0.09285143862410554,0.048068205358614724,,
pre_step_3_10s,3.0,10.0,700,0.04609033971278879,0.04578769301073917,0.00527319481856894,0.9934336196275498,0.1144099794323229,0.013089643393704546,0.04509456150056769,0.059332700163415485,1.0,0.040952380952380955,0.11571428571428571,0.01370234495834867,0.002316368085406642,predictive_alpha_sspo,constant,1,20008,0.0,1.0,1.0,0.03,0.01,0.06620709006623218,1.0,1.0,1.0,0.07003591407285992,0.28295140709512207,0.09282930653351824,1.4707541955300583,0.046399007615930896,0.048068205358614724,30.814060588334232,1.4673362184921064,0.010685549755154906,33.95632098840852,62.585110535248575,0.010246270832003187,0.031231978584363357,0.09282930653351824,real10kg_smc_steady,real10kg_mpc_event,-1.0,-1.0,predictive_alpha_sspo,"{""post_step_13_20p9s"": 0.3, ""pre_step_3_10s"": 0.1, ""startup_0_3s"": 0.3, ""step_recovery_10_13s"": 0.1}",0.2,1.0,0.4106887773353712,0.2321781186382303,0.16540097072775964,0.0,transformer,16,True,2.5,1.0,0.75,real_10kg_v1,thruster,real_10kg_x,1.0,0.051349206349206346,0.14666666666666667,0.010685549755154906,0.001354101900830722,0.004279653206862323,0.012500000000000011,0.0003714135167848874,0.09285143862410554,0.048068205358614724,,
step_recovery_10_13s,10.0,13.0,300,0.20202848779420007,0.20172153570443813,0.011132471129733099,0.9984806494712042,0.05510347204634521,0.0030363926315623486,0.18581722326018602,0.28295140709512207,1.0,0.2638888888888889,0.7566666666666667,0.009657107065964987,0.0011953258655949756,predictive_alpha_sspo,constant,1,20008,0.0,1.0,1.0,0.03,0.01,0.06620709006623218,1.0,1.0,1.0,0.07003591407285992,0.28295140709512207,0.09282930653351824,1.4707541955300583,0.046399007615930896,0.048068205358614724,30.814060588334232,1.4673362184921064,0.010685549755154906,33.95632098840852,62.585110535248575,0.010246270832003187,0.031231978584363357,0.09282930653351824,real10kg_smc_steady,real10kg_mpc_event,-1.0,-1.0,predictive_alpha_sspo,"{""post_step_13_20p9s"": 0.3, ""pre_step_3_10s"": 0.1, ""startup_0_3s"": 0.3, ""step_recovery_10_13s"": 0.1}",0.2,1.0,0.4106887773353712,0.2321781186382303,0.16540097072775964,0.0,transformer,16,True,2.5,1.0,0.75,real_10kg_v1,thruster,real_10kg_x,1.0,0.051349206349206346,0.14666666666666667,0.010685549755154906,0.001354101900830722,0.004279653206862323,0.012500000000000011,0.0003714135167848874,0.09285143862410554,0.048068205358614724,,
post_step_13_20p9s,13.0,20.9,790,0.046964498974199374,0.04599508682974068,0.00949295272411009,0.9793586184110843,0.20213039490371612,0.04085669654393224,0.045748173309069655,0.07894005685931516,0.673132419470214,0.0,0.0,0.0055897721288499114,0.00012713797690564726,predictive_alpha_sspo,constant,1,20008,0.0,1.0,1.0,0.03,0.01,0.06620709006623218,1.0,1.0,1.0,0.07003591407285992,0.28295140709512207,0.09282930653351824,1.4707541955300583,0.046399007615930896,0.048068205358614724,30.814060588334232,1.4673362184921064,0.010685549755154906,33.95632098840852,62.585110535248575,0.010246270832003187,0.031231978584363357,0.09282930653351824,real10kg_smc_steady,real10kg_mpc_event,-1.0,-1.0,predictive_alpha_sspo,"{""post_step_13_20p9s"": 0.3, ""pre_step_3_10s"": 0.1, ""startup_0_3s"": 0.3, ""step_recovery_10_13s"": 0.1}",0.2,1.0,0.4106887773353712,0.2321781186382303,0.16540097072775964,0.0,transformer,16,True,2.5,1.0,0.75,real_10kg_v1,thruster,real_10kg_x,1.0,0.051349206349206346,0.14666666666666667,0.010685549755154906,0.001354101900830722,0.004279653206862323,0.012500000000000011,0.0003714135167848874,0.09285143862410554,0.048068205358614724,,
startup_0_3s,0.0,3.0,300,0.08974466085073574,0.08693436174368487,0.0222827489199991,0.968685612264723,0.24829052457014686,0.06164818459131871,0.07498891308377187,0.1692945904554458,0.8775389963214578,0.0,0.0,0.022886898375770685,0.0030451438223280474,predictive_alpha_sspo,constant,1,20009,0.0,1.0,1.0,0.03,0.01,0.06623570072343937,1.0,1.0,1.0,0.06983742926772031,0.2829122581877242,0.09242886653062506,1.4665860146221266,0.04640512814595294,0.048072902095964425,30.840831854908267,1.4686110407099173,0.011396927880787092,33.94068062191165,62.59032227921723,0.011501916846733299,0.045048408556656316,0.09242886653062506,real10kg_smc_steady,real10kg_mpc_event,-1.0,-1.0,predictive_alpha_sspo,"{""post_step_13_20p9s"": 0.3, ""pre_step_3_10s"": 0.1, ""startup_0_3s"": 0.3, ""step_recovery_10_13s"": 0.1}",0.2,1.0,0.41120771835248643,0.2322543675444055,0.1666182451219287,0.0,transformer,16,True,2.5,1.0,0.75,real_10kg_v1,thruster,real_10kg_x,1.0,0.05119047619047619,0.1461904761904762,0.011396927880787092,0.0014437055632245805,0.004296442799146609,0.012500000000000011,0.0003936045325028873,0.09286869173348924,0.048072902095964425,,
pre_step_3_10s,3.0,10.0,700,0.046130500748246935,0.045826933916029836,0.005283486267593155,0.9934193900501148,0.11453346878732808,0.013117915472457855,0.04513621296121131,0.059399517661360916,1.0,0.04071428571428572,0.11571428571428571,0.013796118692962645,0.002322822057223674,predictive_alpha_sspo,constant,1,20009,0.0,1.0,1.0,0.03,0.01,0.06623570072343937,1.0,1.0,1.0,0.06983742926772031,0.2829122581877242,0.09242886653062506,1.4665860146221266,0.04640512814595294,0.048072902095964425,30.840831854908267,1.4686110407099173,0.011396927880787092,33.94068062191165,62.59032227921723,0.011501916846733299,0.045048408556656316,0.09242886653062506,real10kg_smc_steady,real10kg_mpc_event,-1.0,-1.0,predictive_alpha_sspo,"{""post_step_13_20p9s"": 0.3, ""pre_step_3_10s"": 0.1, ""startup_0_3s"": 0.3, ""step_recovery_10_13s"": 0.1}",0.2,1.0,0.41120771835248643,0.2322543675444055,0.1666182451219287,0.0,transformer,16,True,2.5,1.0,0.75,real_10kg_v1,thruster,real_10kg_x,1.0,0.05119047619047619,0.1461904761904762,0.011396927880787092,0.0014437055632245805,0.004296442799146609,0.012500000000000011,0.0003936045325028873,0.09286869173348924,0.048072902095964425,,
step_recovery_10_13s,10.0,13.0,300,0.20205017817735196,0.20174630857260425,0.011077069956772123,0.9984960686128127,0.054823361487209836,0.003005600964757283,0.18585111199947518,0.2829122581877242,1.0,0.2633333333333333,0.7533333333333333,0.009796791064182181,0.0011944599605908754,predictive_alpha_sspo,constant,1,20009,0.0,1.0,1.0,0.03,0.01,0.06623570072343937,1.0,1.0,1.0,0.06983742926772031,0.2829122581877242,0.09242886653062506,1.4665860146221266,0.04640512814595294,0.048072902095964425,30.840831854908267,1.4686110407099173,0.011396927880787092,33.94068062191165,62.59032227921723,0.011501916846733299,0.045048408556656316,0.09242886653062506,real10kg_smc_steady,real10kg_mpc_event,-1.0,-1.0,predictive_alpha_sspo,"{""post_step_13_20p9s"": 0.3, ""pre_step_3_10s"": 0.1, ""startup_0_3s"": 0.3, ""step_recovery_10_13s"": 0.1}",0.2,1.0,0.41120771835248643,0.2322543675444055,0.1666182451219287,0.0,transformer,16,True,2.5,1.0,0.75,real_10kg_v1,thruster,real_10kg_x,1.0,0.05119047619047619,0.1461904761904762,0.011396927880787092,0.0014437055632245805,0.004296442799146609,0.012500000000000011,0.0003936045325028873,0.09286869173348924,0.048072902095964425,,
post_step_13_20p9s,13.0,20.9,790,0.04697154351751212,0.04600115306254005,0.009498411305807766,0.9793408863685673,0.20221629085419623,0.04089142828682888,0.045753313395803435,0.07911119276527516,0.6740144947773176,0.0,0.0,0.005604389798726129,0.0001284462567682121,predictive_alpha_sspo,constant,1,20009,0.0,1.0,1.0,0.03,0.01,0.06623570072343937,1.0,1.0,1.0,0.06983742926772031,0.2829122581877242,0.09242886653062506,1.4665860146221266,0.04640512814595294,0.048072902095964425,30.840831854908267,1.4686110407099173,0.011396927880787092,33.94068062191165,62.59032227921723,0.011501916846733299,0.045048408556656316,0.09242886653062506,real10kg_smc_steady,real10kg_mpc_event,-1.0,-1.0,predictive_alpha_sspo,"{""post_step_13_20p9s"": 0.3, ""pre_step_3_10s"": 0.1, ""startup_0_3s"": 0.3, ""step_recovery_10_13s"": 0.1}",0.2,1.0,0.41120771835248643,0.2322543675444055,0.1666182451219287,0.0,transformer,16,True,2.5,1.0,0.75,real_10kg_v1,thruster,real_10kg_x,1.0,0.05119047619047619,0.1461904761904762,0.011396927880787092,0.0014437055632245805,0.004296442799146609,0.012500000000000011,0.0003936045325028873,0.09286869173348924,0.048072902095964425,,
startup_0_3s,0.0,3.0,300,0.10864811258775486,0.10723261780098584,0.01748079084106767,0.9869717498716258,0.16089364485690877,0.025886764955341087,0.08871499919653573,0.21424552936962035,0.812345746731199,0.0,0.0,0.02293295896346357,0.002808461984914735,predictive_alpha_sspo,sinusoidal,2,20000,0.0,1.0,1.0,0.03,0.01,0.32536241272824984,1.0,1.0,1.0,0.05713906836454038,0.32536241272824984,0.07281913953363577,1.1999204356553481,0.07444968085998994,0.10363423715245475,40.607114467575464,1.9336721175035936,0.01257997916333566,32.21163837232659,62.761941159341795,0.01016315409900778,0.03311366065360352,0.07281913953363577,real10kg_smc_steady,real10kg_mpc_event,-1.0,-1.0,predictive_alpha_sspo,"{""post_step_13_20p9s"": 0.3, ""pre_step_3_10s"": 0.1, ""startup_0_3s"": 0.3, ""step_recovery_10_13s"": 0.1}",0.2,1.0,0.4142576365552174,0.24850171400140292,0.18114082650317523,0.0,transformer,16,True,2.5,1.0,0.75,real_10kg_v1,thruster,real_10kg_x,1.0,0.08666666666666667,0.27714285714285714,0.01257997916333566,0.0011571528383199328,0.004079446902654281,0.012500000000000011,0.0003844614700043117,0.06495380051499727,0.10363423715245475,,
pre_step_3_10s,3.0,10.0,700,0.05397779296341728,0.053716528204688335,0.00530440673746479,0.9951597732255186,0.09827016716040576,0.00965702575373409,0.052798817255354645,0.0738901732385014,1.0,0.12785714285714286,0.42428571428571427,0.012575103127249857,0.00154087494614787,predictive_alpha_sspo,sinusoidal,2,20000,0.0,1.0,1.0,0.03,0.01,0.32536241272824984,1.0,1.0,1.0,0.05713906836454038,0.32536241272824984,0.07281913953363577,1.1999204356553481,0.07444968085998994,0.10363423715245475,40.607114467575464,1.9336721175035936,0.01257997916333566,32.21163837232659,62.761941159341795,0.01016315409900778,0.03311366065360352,0.07281913953363577,real10kg_smc_steady,real10kg_mpc_event,-1.0,-1.0,predictive_alpha_sspo,"{""post_step_13_20p9s"": 0.3, ""pre_step_3_10s"": 0.1, ""startup_0_3s"": 0.3, ""step_recovery_10_13s"": 0.1}",0.2,1.0,0.4142576365552174,0.24850171400140292,0.18114082650317523,0.0,transformer,16,True,2.5,1.0,0.75,real_10kg_v1,thruster,real_10kg_x,1.0,0.08666666666666667,0.27714285714285714,0.01257997916333566,0.0011571528383199328,0.004079446902654281,0.012500000000000011,0.0003844614700043117,0.06495380051499727,0.10363423715245475,,
step_recovery_10_13s,10.0,13.0,300,0.0438948580024378,0.04233671735152385,0.011591415916589203,0.9645028889072288,0.26407229557378786,0.06973417728960998,0.04027022996349258,0.06385074796158668,1.0,0.115,0.35,0.011199446707897935,0.000861179888550936,predictive_alpha_sspo,sinusoidal,2,20000,0.0,1.0,1.0,0.03,0.01,0.32536241272824984,1.0,1.0,1.0,0.05713906836454038,0.32536241272824984,0.07281913953363577,1.1999204356553481,0.07444968085998994,0.10363423715245475,40.607114467575464,1.9336721175035936,0.01257997916333566,32.21163837232659,62.761941159341795,0.01016315409900778,0.03311366065360352,0.07281913953363577,real10kg_smc_steady,real10kg_mpc_event,-1.0,-1.0,predictive_alpha_sspo,"{""post_step_13_20p9s"": 0.3, ""pre_step_3_10s"": 0.1, ""startup_0_3s"": 0.3, ""step_recovery_10_13s"": 0.1}",0.2,1.0,0.4142576365552174,0.24850171400140292,0.18114082650317523,0.0,transformer,16,True,2.5,1.0,0.75,real_10kg_v1,thruster,real_10kg_x,1.0,0.08666666666666667,0.27714285714285714,0.01257997916333566,0.0011571528383199328,0.004079446902654281,0.012500000000000011,0.0003844614700043117,0.06495380051499727,0.10363423715245475,,
post_step_13_20p9s,13.0,20.9,790,0.07131150041295624,0.0707345238779653,0.009053022860051305,0.9919090675185667,0.126950390997614,0.016116401774447068,0.05220478146595692,0.2905400761044259,1.0,0.06919831223628692,0.21518987341772153,0.009229926726031672,0.0002779259336286634,predictive_alpha_sspo,sinusoidal,2,20000,0.0,1.0,1.0,0.03,0.01,0.32536241272824984,1.0,1.0,1.0,0.05713906836454038,0.32536241272824984,0.07281913953363577,1.1999204356553481,0.07444968085998994,0.10363423715245475,40.607114467575464,1.9336721175035936,0.01257997916333566,32.21163837232659,62.761941159341795,0.01016315409900778,0.03311366065360352,0.07281913953363577,real10kg_smc_steady,real10kg_mpc_event,-1.0,-1.0,predictive_alpha_sspo,"{""post_step_13_20p9s"": 0.3, ""pre_step_3_10s"": 0.1, ""startup_0_3s"": 0.3, ""step_recovery_10_13s"": 0.1}",0.2,1.0,0.4142576365552174,0.24850171400140292,0.18114082650317523,0.0,transformer,16,True,2.5,1.0,0.75,real_10kg_v1,thruster,real_10kg_x,1.0,0.08666666666666667,0.27714285714285714,0.01257997916333566,0.0011571528383199328,0.004079446902654281,0.012500000000000011,0.0003844614700043117,0.06495380051499727,0.10363423715245475,,
startup_0_3s,0.0,3.0,300,0.11003480167047101,0.10814656318160457,0.020297252293527343,0.9828396247350789,0.18446211548881558,0.034026272050609145,0.09095624291489157,0.21121949861134942,0.8045599414473206,0.0,0.0,0.02552359712816969,0.002915491722816393,predictive_alpha_sspo,sinusoidal,2,20001,0.0,1.0,1.0,0.03,0.01,0.32543248812902936,1.0,1.0,1.0,0.05747545813028126,0.32543248812902936,0.07314123150468282,1.2069846207359065,0.07446894202946572,0.10365839283454792,40.60106419178259,1.9333840091325043,0.013002606949595027,32.17708534120459,62.76885526847194,0.010896678458120028,0.03770957090045504,0.07314123150468282,real10kg_smc_steady,real10kg_mpc_event,-1.0,-1.0,predictive_alpha_sspo,"{""post_step_13_20p9s"": 0.3, ""pre_step_3_10s"": 0.1, ""startup_0_3s"": 0.3, ""step_recovery_10_13s"": 0.1}",0.2,1.0,0.4142780262298089,0.24858827490015728,0.18060032370977014,0.0,transformer,16,True,2.5,1.0,0.75,real_10kg_v1,thruster,real_10kg_x,1.0,0.08658730158730159,0.27666666666666667,0.013002606949595027,0.0011768180903735492,0.004127663442706743,0.012500000000000011,0.00035077472679592725,0.06498694823256355,0.10365839283454792,,
pre_step_3_10s,3.0,10.0,700,0.05403708455138098,0.05377392223486593,0.005326518026974932,0.995129968267166,0.09857152863068011,0.009716346256588989,0.05284196695272654,0.07426264386268182,1.0,0.12761904761904763,0.4228571428571429,0.01267967449493746,0.0015473915335705289,predictive_alpha_sspo,sinusoidal,2,20001,0.0,1.0,1.0,0.03,0.01,0.32543248812902936,1.0,1.0,1.0,0.05747545813028126,0.32543248812902936,0.07314123150468282,1.2069846207359065,0.07446894202946572,0.10365839283454792,40.60106419178259,1.9333840091325043,0.013002606949595027,32.17708534120459,62.76885526847194,0.010896678458120028,0.03770957090045504,0.07314123150468282,real10kg_smc_steady,real10kg_mpc_event,-1.0,-1.0,predictive_alpha_sspo,"{""post_step_13_20p9s"": 0.3, ""pre_step_3_10s"": 0.1, ""startup_0_3s"": 0.3, ""step_recovery_10_13s"": 0.1}",0.2,1.0,0.4142780262298089,0.24858827490015728,0.18060032370977014,0.0,transformer,16,True,2.5,1.0,0.75,real_10kg_v1,thruster,real_10kg_x,1.0,0.08658730158730159,0.27666666666666667,0.013002606949595027,0.0011768180903735492,0.004127663442706743,0.012500000000000011,0.00035077472679592725,0.06498694823256355,0.10365839283454792,,
step_recovery_10_13s,10.0,13.0,300,0.043950575990772824,0.04238636130458147,0.01162108021133039,0.9644096885892973,0.26441246671648105,0.0699139525550942,0.04027498699765799,0.06388562163112294,1.0,0.115,0.35,0.011293229439564323,0.0008707308106020782,predictive_alpha_sspo,sinusoidal,2,20001,0.0,1.0,1.0,0.03,0.01,0.32543248812902936,1.0,1.0,1.0,0.05747545813028126,0.32543248812902936,0.07314123150468282,1.2069846207359065,0.07446894202946572,0.10365839283454792,40.60106419178259,1.9333840091325043,0.013002606949595027,32.17708534120459,62.76885526847194,0.010896678458120028,0.03770957090045504,0.07314123150468282,real10kg_smc_steady,real10kg_mpc_event,-1.0,-1.0,predictive_alpha_sspo,"{""post_step_13_20p9s"": 0.3, ""pre_step_3_10s"": 0.1, ""startup_0_3s"": 0.3, ""step_recovery_10_13s"": 0.1}",0.2,1.0,0.4142780262298089,0.24858827490015728,0.18060032370977014,0.0,transformer,16,True,2.5,1.0,0.75,real_10kg_v1,thruster,real_10kg_x,1.0,0.08658730158730159,0.27666666666666667,0.013002606949595027,0.0011768180903735492,0.004127663442706743,0.012500000000000011,0.00035077472679592725,0.06498694823256355,0.10365839283454792,,
post_step_13_20p9s,13.0,20.9,790,0.07132370974934826,0.07074555160734337,0.009063029304928466,0.9918938857213583,0.12706895556580722,0.016146519468585092,0.05220696637747562,0.290606532957583,1.0,0.06919831223628692,0.21518987341772153,0.009245823921990878,0.00027967683801687293,predictive_alpha_sspo,sinusoidal,2,20001,0.0,1.0,1.0,0.03,0.01,0.32543248812902936,1.0,1.0,1.0,0.05747545813028126,0.32543248812902936,0.07314123150468282,1.2069846207359065,0.07446894202946572,0.10365839283454792,40.60106419178259,1.9333840091325043,0.013002606949595027,32.17708534120459,62.76885526847194,0.010896678458120028,0.03770957090045504,0.07314123150468282,real10kg_smc_steady,real10kg_mpc_event,-1.0,-1.0,predictive_alpha_sspo,"{""post_step_13_20p9s"": 0.3, ""pre_step_3_10s"": 0.1, ""startup_0_3s"": 0.3, ""step_recovery_10_13s"": 0.1}",0.2,1.0,0.4142780262298089,0.24858827490015728,0.18060032370977014,0.0,transformer,16,True,2.5,1.0,0.75,real_10kg_v1,thruster,real_10kg_x,1.0,0.08658730158730159,0.27666666666666667,0.013002606949595027,0.0011768180903735492,0.004127663442706743,0.012500000000000011,0.00035077472679592725,0.06498694823256355,0.10365839283454792,,
startup_0_3s,0.0,3.0,300,0.10528408795624519,0.10382958041733646,0.017440109149263798,0.9861849253088159,0.1656481001812135,0.027439293093645345,0.0859073660422709,0.20816977446074153,0.7995928789490971,0.0,0.0,0.022270881362172625,0.0027424873722967282,predictive_alpha_sspo,sinusoidal,2,20002,0.0,1.0,1.0,0.03,0.01,0.32534815802085876,1.0,1.0,1.0,0.056721871417372186,0.32534815802085876,0.0720995065171274,1.191159299764816,0.07444549423808902,0.10362918116183341,40.59883003499642,1.9332776207141151,0.012474567870011404,32.21500054354209,62.76037599953531,0.010150883195949912,0.03238304234032499,0.0720995065171274,real10kg_smc_steady,real10kg_mpc_event,-1.0,-1.0,predictive_alpha_sspo,"{""post_step_13_20p9s"": 0.3, ""pre_step_3_10s"": 0.1, ""startup_0_3s"": 0.3, ""step_recovery_10_13s"": 0.1}",0.2,1.0,0.4141092985311726,0.2484846366854855,0.18083716700463334,0.0,transformer,16,True,2.5,1.0,0.75,real_10kg_v1,thruster,real_10kg_x,1.0,0.08674603174603175,0.27714285714285714,0.012474567870011404,0.0011484444192499798,0.004070371628849875,0.012500000000000011,0.0003906579314363576,0.06494052754035125,0.10362918116183341,,
pre_step_3_10s,3.0,10.0,700,0.05394966469604853,0.053688601641295,0.005300978647231295,0.9951609883726923,0.0982578608615441,0.009654607221086561,0.05275532516965268,0.07388139733929075,1.0,0.1280952380952381,0.42428571428571427,0.012555589561768464,0.0015435192442687193,predictive_alpha_sspo,sinusoidal,2,20002,0.0,1.0,1.0,0.03,0.01,0.32534815802085876,1.0,1.0,1.0,0.056721871417372186,0.32534815802085876,0.0720995065171274,1.191159299764816,0.07444549423808902,0.10362918116183341,40.59883003499642,1.9332776207141151,0.012474567870011404,32.21500054354209,62.76037599953531,0.010150883195949912,0.03238304234032499,0.0720995065171274,real10kg_smc_steady,real10kg_mpc_event,-1.0,-1.0,predictive_alpha_sspo,"{""post_step_13_20p9s"": 0.3, ""pre_step_3_10s"": 0.1, ""startup_0_3s"": 0.3, ""step_recovery_10_13s"": 0.1}",0.2,1.0,0.4141092985311726,0.2484846366854855,0.18083716700463334,0.0,transformer,16,True,2.5,1.0,0.75,real_10kg_v1,thruster,real_10kg_x,1.0,0.08674603174603175,0.27714285714285714,0.012474567870011404,0.0011484444192499798,0.004070371628849875,0.012500000000000011,0.0003906579314363576,0.06494052754035125,0.10362918116183341,,
step_recovery_10_13s,10.0,13.0,300,0.043870791098774196,0.0423133174681704,0.011585744536718873,0.9644986198881809,0.2640878873288107,0.06974241223379463,0.040259048705117075,0.06382003525086723,1.0,0.115,0.35,0.011176686374478386,0.0008609973132261738,predictive_alpha_sspo,sinusoidal,2,20002,0.0,1.0,1.0,0.03,0.01,0.32534815802085876,1.0,1.0,1.0,0.056721871417372186,0.32534815802085876,0.0720995065171274,1.191159299764816,0.07444549423808902,0.10362918116183341,40.59883003499642,1.9332776207141151,0.012474567870011404,32.21500054354209,62.76037599953531,0.010150883195949912,0.03238304234032499,0.0720995065171274,real10kg_smc_steady,real10kg_mpc_event,-1.0,-1.0,predictive_alpha_sspo,"{""post_step_13_20p9s"": 0.3, ""pre_step_3_10s"": 0.1, ""startup_0_3s"": 0.3, ""step_recovery_10_13s"": 0.1}",0.2,1.0,0.4141092985311726,0.2484846366854855,0.18083716700463334,0.0,transformer,16,True,2.5,1.0,0.75,real_10kg_v1,thruster,real_10kg_x,1.0,0.08674603174603175,0.27714285714285714,0.012474567870011404,0.0011484444192499798,0.004070371628849875,0.012500000000000011,0.0003906579314363576,0.06494052754035125,0.10362918116183341,,
post_step_13_20p9s,13.0,20.9,790,0.0713092086102447,0.07073249270665855,0.009050840188727944,0.9919124624319096,0.1269238625013663,0.016109666872265737,0.052204926612994085,0.29052662935059714,1.0,0.06919831223628692,0.21518987341772153,0.009226043305402578,0.0002775040372635361,predictive_alpha_sspo,sinusoidal,2,20002,0.0,1.0,1.0,0.03,0.01,0.32534815802085876,1.0,1.0,1.0,0.056721871417372186,0.32534815802085876,0.0720995065171274,1.191159299764816,0.07444549423808902,0.10362918116183341,40.59883003499642,1.9332776207141151,0.012474567870011404,32.21500054354209,62.76037599953531,0.010150883195949912,0.03238304234032499,0.0720995065171274,real10kg_smc_steady,real10kg_mpc_event,-1.0,-1.0,predictive_alpha_sspo,"{""post_step_13_20p9s"": 0.3, ""pre_step_3_10s"": 0.1, ""startup_0_3s"": 0.3, ""step_recovery_10_13s"": 0.1}",0.2,1.0,0.4141092985311726,0.2484846366854855,0.18083716700463334,0.0,transformer,16,True,2.5,1.0,0.75,real_10kg_v1,thruster,real_10kg_x,1.0,0.08674603174603175,0.27714285714285714,0.012474567870011404,0.0011484444192499798,0.004070371628849875,0.012500000000000011,0.0003906579314363576,0.06494052754035125,0.10362918116183341,,
startup_0_3s,0.0,3.0,300,0.12113393395874476,0.11791668755690331,0.027732377321989236,0.9734405851713098,0.22893978933627468,0.052413427141337836,0.1005690989971021,0.22805345455545944,0.8330147890925935,0.0,0.0,0.028137002813812855,0.00321179960766157,predictive_alpha_sspo,sinusoidal,2,20003,0.0,1.0,1.0,0.03,0.01,0.32543823841699665,1.0,1.0,1.0,0.058885944025610926,0.32543823841699665,0.07561886071661365,1.2366048245378296,0.07447178374038657,0.10366124185501836,40.655292231294034,1.9359662967282874,0.013402855141571402,32.15132418981605,62.770167023848956,0.013033801918994538,0.06435456977841003,0.07561886071661365,real10kg_smc_steady,real10kg_mpc_event,-1.0,-1.0,predictive_alpha_sspo,"{""post_step_13_20p9s"": 0.3, ""pre_step_3_10s"": 0.1, ""startup_0_3s"": 0.3, ""step_recovery_10_13s"": 0.1}",0.2,1.0,0.41529012002625376,0.24903531252781078,0.17996434209228027,0.0,transformer,16,True,2.5,1.0,0.75,real_10kg_v1,thruster,real_10kg_x,1.0,0.08658730158730159,0.27666666666666667,0.013402855141571402,0.0012201548113802804,0.004153225698857697,0.012500000000000011,0.0003698366726343958,0.0650051981462877,0.10366124185501836,,
pre_step_3_10s,3.0,10.0,700,0.05408912443047549,0.05382402237862026,0.00534864437416127,0.9950987919540834,0.09888576364433953,0.009778394251524181,0.052951494244880895,0.07426978462604449,1.0,0.12761904761904763,0.4228571428571429,0.012732566376450594,0.001548188800273896,predictive_alpha_sspo,sinusoidal,2,20003,0.0,1.0,1.0,0.03,0.01,0.32543823841699665,1.0,1.0,1.0,0.058885944025610926,0.32543823841699665,0.07561886071661365,1.2366048245378296,0.07447178374038657,0.10366124185501836,40.655292231294034,1.9359662967282874,0.013402855141571402,32.15132418981605,62.770167023848956,0.013033801918994538,0.06435456977841003,0.07561886071661365,real10kg_smc_steady,real10kg_mpc_event,-1.0,-1.0,predictive_alpha_sspo,"{""post_step_13_20p9s"": 0.3, ""pre_step_3_10s"": 0.1, ""startup_0_3s"": 0.3, ""step_recovery_10_13s"": 0.1}",0.2,1.0,0.41529012002625376,0.24903531252781078,0.17996434209228027,0.0,transformer,16,True,2.5,1.0,0.75,real_10kg_v1,thruster,real_10kg_x,1.0,0.08658730158730159,0.27666666666666667,0.013402855141571402,0.0012201548113802804,0.004153225698857697,0.012500000000000011,0.0003698366726343958,0.0650051981462877,0.10366124185501836,,
step_recovery_10_13s,10.0,13.0,300,0.0439519602627365,0.0423848854133428,0.011631693747471547,0.9643457347516239,0.2646456193976215,0.07003730386635074,0.04027420019410377,0.06387134877239432,1.0,0.115,0.35,0.011347718458307475,0.0008757750670136055,predictive_alpha_sspo,sinusoidal,2,20003,0.0,1.0,1.0,0.03,0.01,0.32543823841699665,1.0,1.0,1.0,0.058885944025610926,0.32543823841699665,0.07561886071661365,1.2366048245378296,0.07447178374038657,0.10366124185501836,40.655292231294034,1.9359662967282874,0.013402855141571402,32.15132418981605,62.770167023848956,0.013033801918994538,0.06435456977841003,0.07561886071661365,real10kg_smc_steady,real10kg_mpc_event,-1.0,-1.0,predictive_alpha_sspo,"{""post_step_13_20p9s"": 0.3, ""pre_step_3_10s"": 0.1, ""startup_0_3s"": 0.3, ""step_recovery_10_13s"": 0.1}",0.2,1.0,0.41529012002625376,0.24903531252781078,0.17996434209228027,0.0,transformer,16,True,2.5,1.0,0.75,real_10kg_v1,thruster,real_10kg_x,1.0,0.08658730158730159,0.27666666666666667,0.013402855141571402,0.0012201548113802804,0.004153225698857697,0.012500000000000011,0.0003698366726343958,0.0650051981462877,0.10366124185501836,,
post_step_13_20p9s,13.0,20.9,790,0.07132601957743889,0.07074763208559086,0.009064966797681599,0.9918909327160745,0.1270920044520322,0.016152377595635366,0.05220908618455497,0.29061191392132757,1.0,0.06919831223628692,0.21518987341772153,0.009252828061227528,0.0002802702677137011,predictive_alpha_sspo,sinusoidal,2,20003,0.0,1.0,1.0,0.03,0.01,0.32543823841699665,1.0,1.0,1.0,0.058885944025610926,0.32543823841699665,0.07561886071661365,1.2366048245378296,0.07447178374038657,0.10366124185501836,40.655292231294034,1.9359662967282874,0.013402855141571402,32.15132418981605,62.770167023848956,0.013033801918994538,0.06435456977841003,0.07561886071661365,real10kg_smc_steady,real10kg_mpc_event,-1.0,-1.0,predictive_alpha_sspo,"{""post_step_13_20p9s"": 0.3, ""pre_step_3_10s"": 0.1, ""startup_0_3s"": 0.3, ""step_recovery_10_13s"": 0.1}",0.2,1.0,0.41529012002625376,0.24903531252781078,0.17996434209228027,0.0,transformer,16,True,2.5,1.0,0.75,real_10kg_v1,thruster,real_10kg_x,1.0,0.08658730158730159,0.27666666666666667,0.013402855141571402,0.0012201548113802804,0.004153225698857697,0.012500000000000011,0.0003698366726343958,0.0650051981462877,0.10366124185501836,,
startup_0_3s,0.0,3.0,300,0.10751136889299921,0.10604914986513306,0.017671226729605086,0.9863994008919984,0.16436612156982572,0.027016221919906727,0.08809573293498107,0.21049737303293067,0.806649115961797,0.0,0.0,0.023544149971707826,0.0028435714969013283,predictive_alpha_sspo,sinusoidal,2,20004,0.0,1.0,1.0,0.03,0.01,0.3253893301613268,1.0,1.0,1.0,0.05704261952045322,0.3253893301613268,0.07257776531223245,1.1978950099295176,0.07445712482774475,0.10364352270032931,40.59761009620909,1.9332195283909088,0.012683982456346537,32.2018633135728,62.76461840344049,0.010213981049821134,0.03412321882974717,0.07257776531223245,real10kg_smc_steady,real10kg_mpc_event,-1.0,-1.0,predictive_alpha_sspo,"{""post_step_13_20p9s"": 0.3, ""pre_step_3_10s"": 0.1, ""startup_0_3s"": 0.3, ""step_recovery_10_13s"": 0.1}",0.2,1.0,0.4140745220669138,0.2484554742024343,0.18065717447967644,0.0,transformer,16,True,2.5,1.0,0.75,real_10kg_v1,thruster,real_10kg_x,1.0,0.08666666666666667,0.27714285714285714,0.012683982456346537,0.0011641790506721355,0.004091518660012541,0.012500000000000011,0.00036965054892657717,0.06495386783809963,0.10364352270032931,,
pre_step_3_10s,3.0,10.0,700,0.05395789934905794,0.05369592417325988,0.005310614780097867,0.9951448225568731,0.09842145161625138,0.009686782138250109,0.05277001027340346,0.07392079991490413,1.0,0.12785714285714286,0.42428571428571427,0.01260706068160296,0.0015436075723707107,predictive_alpha_sspo,sinusoidal,2,20004,0.0,1.0,1.0,0.03,0.01,0.3253893301613268,1.0,1.0,1.0,0.05704261952045322,0.3253893301613268,0.07257776531223245,1.1978950099295176,0.07445712482774475,0.10364352270032931,40.59761009620909,1.9332195283909088,0.012683982456346537,32.2018633135728,62.76461840344049,0.010213981049821134,0.03412321882974717,0.07257776531223245,real10kg_smc_steady,real10kg_mpc_event,-1.0,-1.0,predictive_alpha_sspo,"{""post_step_13_20p9s"": 0.3, ""pre_step_3_10s"": 0.1, ""startup_0_3s"": 0.3, ""step_recovery_10_13s"": 0.1}",0.2,1.0,0.4140745220669138,0.2484554742024343,0.18065717447967644,0.0,transformer,16,True,2.5,1.0,0.75,real_10kg_v1,thruster,real_10kg_x,1.0,0.08666666666666667,0.27714285714285714,0.012683982456346537,0.0011641790506721355,0.004091518660012541,0.012500000000000011,0.00036965054892657717,0.06495386783809963,0.10364352270032931,,
step_recovery_10_13s,10.0,13.0,300,0.043928056895795146,0.0423685664131865,0.011600808710241717,0.9644989878266634,0.2640865435446147,0.06974170248134166,0.040281017613505554,0.06389276965554272,1.0,0.115,0.35,0.011230602504178169,0.0008667357804694021,predictive_alpha_sspo,sinusoidal,2,20004,0.0,1.0,1.0,0.03,0.01,0.3253893301613268,1.0,1.0,1.0,0.05704261952045322,0.3253893301613268,0.07257776531223245,1.1978950099295176,0.07445712482774475,0.10364352270032931,40.59761009620909,1.9332195283909088,0.012683982456346537,32.2018633135728,62.76461840344049,0.010213981049821134,0.03412321882974717,0.07257776531223245,real10kg_smc_steady,real10kg_mpc_event,-1.0,-1.0,predictive_alpha_sspo,"{""post_step_13_20p9s"": 0.3, ""pre_step_3_10s"": 0.1, ""startup_0_3s"": 0.3, ""step_recovery_10_13s"": 0.1}",0.2,1.0,0.4140745220669138,0.2484554742024343,0.18065717447967644,0.0,transformer,16,True,2.5,1.0,0.75,real_10kg_v1,thruster,real_10kg_x,1.0,0.08666666666666667,0.27714285714285714,0.012683982456346537,0.0011641790506721355,0.004091518660012541,0.012500000000000011,0.00036965054892657717,0.06495386783809963,0.10364352270032931,,
post_step_13_20p9s,13.0,20.9,790,0.07131576608068918,0.07073835122066126,0.009056718956550911,0.9919034052109232,0.12699462481134705,0.0161276347309748,0.05220465738485033,0.29056557513990217,1.0,0.06919831223628692,0.21518987341772153,0.009235408444705924,0.0002785537813550115,predictive_alpha_sspo,sinusoidal,2,20004,0.0,1.0,1.0,0.03,0.01,0.3253893301613268,1.0,1.0,1.0,0.05704261952045322,0.3253893301613268,0.07257776531223245,1.1978950099295176,0.07445712482774475,0.10364352270032931,40.59761009620909,1.9332195283909088,0.012683982456346537,32.2018633135728,62.76461840344049,0.010213981049821134,0.03412321882974717,0.07257776531223245,real10kg_smc_steady,real10kg_mpc_event,-1.0,-1.0,predictive_alpha_sspo,"{""post_step_13_20p9s"": 0.3, ""pre_step_3_10s"": 0.1, ""startup_0_3s"": 0.3, ""step_recovery_10_13s"": 0.1}",0.2,1.0,0.4140745220669138,0.2484554742024343,0.18065717447967644,0.0,transformer,16,True,2.5,1.0,0.75,real_10kg_v1,thruster,real_10kg_x,1.0,0.08666666666666667,0.27714285714285714,0.012683982456346537,0.0011641790506721355,0.004091518660012541,0.012500000000000011,0.00036965054892657717,0.06495386783809963,0.10364352270032931,,
startup_0_3s,0.0,3.0,300,0.11278912169973686,0.11084956643295296,0.020826895962298336,0.9828037027192453,0.18465341026187745,0.03409688192134123,0.09243721546315804,0.2204221522321566,0.820943649047568,0.0,0.0,0.026348533912514984,0.003186115756688497,predictive_alpha_sspo,sinusoidal,2,20005,0.0,1.0,1.0,0.03,0.01,0.3254097174912453,1.0,1.0,1.0,0.05769400591391484,0.3254097174912453,0.07372765505191359,1.2115741241922116,0.07446350346986542,0.10365103996906441,40.622499886321414,1.9344047564914957,0.01311008075144877,32.19742980295189,62.76706999587671,0.011035649045099936,0.03735212908844518,0.07372765505191359,real10kg_smc_steady,real10kg_mpc_event,-1.0,-1.0,predictive_alpha_sspo,"{""post_step_13_20p9s"": 0.3, ""pre_step_3_10s"": 0.1, ""startup_0_3s"": 0.3, ""step_recovery_10_13s"": 0.1}",0.2,1.0,0.41530166578766986,0.2488447174166315,0.18254468751164885,0.0,transformer,16,True,2.5,1.0,0.75,real_10kg_v1,thruster,real_10kg_x,1.0,0.08658730158730159,0.27666666666666667,0.01311008075144877,0.001212890864535171,0.00414716229231596,0.012500000000000011,0.000370318917849545,0.06497305064714609,0.10365103996906441,,
pre_step_3_10s,3.0,10.0,700,0.05399482095479185,0.05373209719614002,0.005320001959077703,0.9951342785473482,0.09852800444568512,0.009707767660048947,0.05285178146550791,0.07394450150607083,1.0,0.12761904761904763,0.4228571428571429,0.012653669915930869,0.0015408005094911512,predictive_alpha_sspo,sinusoidal,2,20005,0.0,1.0,1.0,0.03,0.01,0.3254097174912453,1.0,1.0,1.0,0.05769400591391484,0.3254097174912453,0.07372765505191359,1.2115741241922116,0.07446350346986542,0.10365103996906441,40.622499886321414,1.9344047564914957,0.01311008075144877,32.19742980295189,62.76706999587671,0.011035649045099936,0.03735212908844518,0.07372765505191359,real10kg_smc_steady,real10kg_mpc_event,-1.0,-1.0,predictive_alpha_sspo,"{""post_step_13_20p9s"": 0.3, ""pre_step_3_10s"": 0.1, ""startup_0_3s"": 0.3, ""step_recovery_10_13s"": 0.1}",0.2,1.0,0.41530166578766986,0.2488447174166315,0.18254468751164885,0.0,transformer,16,True,2.5,1.0,0.75,real_10kg_v1,thruster,real_10kg_x,1.0,0.08658730158730159,0.27666666666666667,0.01311008075144877,0.001212890864535171,0.00414716229231596,0.012500000000000011,0.000370318917849545,0.06497305064714609,0.10365103996906441,,
step_recovery_10_13s,10.0,13.0,300,0.04397048762542581,0.04240882296392461,0.011614452928667132,0.9644837993427626,0.264142008785709,0.06977100080534955,0.04030477899184261,0.06394075333745101,1.0,0.115,0.35,0.011287416062176273,0.0008710464500624384,predictive_alpha_sspo,sinusoidal,2,20005,0.0,1.0,1.0,0.03,0.01,0.3254097174912453,1.0,1.0,1.0,0.05769400591391484,0.3254097174912453,0.07372765505191359,1.2115741241922116,0.07446350346986542,0.10365103996906441,40.622499886321414,1.9344047564914957,0.01311008075144877,32.19742980295189,62.76706999587671,0.011035649045099936,0.03735212908844518,0.07372765505191359,real10kg_smc_steady,real10kg_mpc_event,-1.0,-1.0,predictive_alpha_sspo,"{""post_step_13_20p9s"": 0.3, ""pre_step_3_10s"": 0.1, ""startup_0_3s"": 0.3, ""step_recovery_10_13s"": 0.1}",0.2,1.0,0.41530166578766986,0.2488447174166315,0.18254468751164885,0.0,transformer,16,True,2.5,1.0,0.75,real_10kg_v1,thruster,real_10kg_x,1.0,0.08658730158730159,0.27666666666666667,0.01311008075144877,0.001212890864535171,0.00414716229231596,0.012500000000000011,0.000370318917849545,0.06497305064714609,0.10365103996906441,,
post_step_13_20p9s,13.0,20.9,790,0.07131979294514892,0.07074193052447744,0.009060470816073552,0.991897586955757,0.12704006057675793,0.016139176991346323,0.052205795303683744,0.290584821751819,1.0,0.06919831223628692,0.21518987341772153,0.00924396869823937,0.00027938140570211783,predictive_alpha_sspo,sinusoidal,2,20005,0.0,1.0,1.0,0.03,0.01,0.3254097174912453,1.0,1.0,1.0,0.05769400591391484,0.3254097174912453,0.07372765505191359,1.2115741241922116,0.07446350346986542,0.10365103996906441,40.622499886321414,1.9344047564914957,0.01311008075144877,32.19742980295189,62.76706999587671,0.011035649045099936,0.03735212908844518,0.07372765505191359,real10kg_smc_steady,real10kg_mpc_event,-1.0,-1.0,predictive_alpha_sspo,"{""post_step_13_20p9s"": 0.3, ""pre_step_3_10s"": 0.1, ""startup_0_3s"": 0.3, ""step_recovery_10_13s"": 0.1}",0.2,1.0,0.41530166578766986,0.2488447174166315,0.18254468751164885,0.0,transformer,16,True,2.5,1.0,0.75,real_10kg_v1,thruster,real_10kg_x,1.0,0.08658730158730159,0.27666666666666667,0.01311008075144877,0.001212890864535171,0.00414716229231596,0.012500000000000011,0.000370318917849545,0.06497305064714609,0.10365103996906441,,
startup_0_3s,0.0,3.0,300,0.1077291071618274,0.10629614035947875,0.017512597596087455,0.9866984249651666,0.1625614289161476,0.026426218171259716,0.08782102299346631,0.21321946850830784,0.8082484327795827,0.0,0.0,0.023731281374502845,0.002944988007091395,predictive_alpha_sspo,sinusoidal,2,20006,0.0,1.0,1.0,0.03,0.01,0.32536861546125123,1.0,1.0,1.0,0.057011503755878025,0.32536861546125123,0.07262291333897314,1.1972415788734385,0.07445165646618702,0.10363653357367872,40.60396203404999,1.933522001621428,0.012702341744859636,32.2149735543833,62.762709345541204,0.010172018234219062,0.033654508529596255,0.07262291333897314,real10kg_smc_steady,real10kg_mpc_event,-1.0,-1.0,predictive_alpha_sspo,"{""post_step_13_20p9s"": 0.3, ""pre_step_3_10s"": 0.1, ""startup_0_3s"": 0.3, ""step_recovery_10_13s"": 0.1}",0.2,1.0,0.41464852315085593,0.24861901425557126,0.18205504350793836,0.0,transformer,16,True,2.5,1.0,0.75,real_10kg_v1,thruster,real_10kg_x,1.0,0.08666666666666667,0.27714285714285714,0.012702341744859636,0.0011776938892711323,0.004101742794228377,0.012500000000000011,0.0003799961544082691,0.06495261383372179,0.10363653357367872,,
pre_step_3_10s,3.0,10.0,700,0.053966319585458854,0.05370497402877991,0.005304659665610545,0.995157246988743,0.0982957464277382,0.009662053765786206,0.052794846264755425,0.07389065667480037,1.0,0.12785714285714286,0.42428571428571427,0.012591077994428261,0.001543537111232736,predictive_alpha_sspo,sinusoidal,2,20006,0.0,1.0,1.0,0.03,0.01,0.32536861546125123,1.0,1.0,1.0,0.057011503755878025,0.32536861546125123,0.07262291333897314,1.1972415788734385,0.07445165646618702,0.10363653357367872,40.60396203404999,1.933522001621428,0.012702341744859636,32.2149735543833,62.762709345541204,0.010172018234219062,0.033654508529596255,0.07262291333897314,real10kg_smc_steady,real10kg_mpc_event,-1.0,-1.0,predictive_alpha_sspo,"{""post_step_13_20p9s"": 0.3, ""pre_step_3_10s"": 0.1, ""startup_0_3s"": 0.3, ""step_recovery_10_13s"": 0.1}",0.2,1.0,0.41464852315085593,0.24861901425557126,0.18205504350793836,0.0,transformer,16,True,2.5,1.0,0.75,real_10kg_v1,thruster,real_10kg_x,1.0,0.08666666666666667,0.27714285714285714,0.012702341744859636,0.0011776938892711323,0.004101742794228377,0.012500000000000011,0.0003799961544082691,0.06495261383372179,0.10363653357367872,,
step_recovery_10_13s,10.0,13.0,300,0.043911022892248304,0.04235245953444456,0.011595132721396112,0.9645063299566433,0.2640597270951532,0.06972753947356679,0.040280053339734015,0.06387116430382331,1.0,0.115,0.35,0.011216306326177925,0.0008622354981914448,predictive_alpha_sspo,sinusoidal,2,20006,0.0,1.0,1.0,0.03,0.01,0.32536861546125123,1.0,1.0,1.0,0.057011503755878025,0.32536861546125123,0.07262291333897314,1.1972415788734385,0.07445165646618702,0.10363653357367872,40.60396203404999,1.933522001621428,0.012702341744859636,32.2149735543833,62.762709345541204,0.010172018234219062,0.033654508529596255,0.07262291333897314,real10kg_smc_steady,real10kg_mpc_event,-1.0,-1.0,predictive_alpha_sspo,"{""post_step_13_20p9s"": 0.3, ""pre_step_3_10s"": 0.1, ""startup_0_3s"": 0.3, ""step_recovery_10_13s"": 0.1}",0.2,1.0,0.41464852315085593,0.24861901425557126,0.18205504350793836,0.0,transformer,16,True,2.5,1.0,0.75,real_10kg_v1,thruster,real_10kg_x,1.0,0.08666666666666667,0.27714285714285714,0.012702341744859636,0.0011776938892711323,0.004101742794228377,0.012500000000000011,0.0003799961544082691,0.06495261383372179,0.10363653357367872,,
post_step_13_20p9s,13.0,20.9,790,0.07131261973967183,0.07073550528861042,0.009054171729098186,0.9919072605498412,0.12696450869636572,0.016119986468509526,0.0522048818267649,0.2905459085030387,1.0,0.06919831223628692,0.21518987341772153,0.00923256566684331,0.0002781810734361944,predictive_alpha_sspo,sinusoidal,2,20006,0.0,1.0,1.0,0.03,0.01,0.32536861546125123,1.0,1.0,1.0,0.057011503755878025,0.32536861546125123,0.07262291333897314,1.1972415788734385,0.07445165646618702,0.10363653357367872,40.60396203404999,1.933522001621428,0.012702341744859636,32.2149735543833,62.762709345541204,0.010172018234219062,0.033654508529596255,0.07262291333897314,real10kg_smc_steady,real10kg_mpc_event,-1.0,-1.0,predictive_alpha_sspo,"{""post_step_13_20p9s"": 0.3, ""pre_step_3_10s"": 0.1, ""startup_0_3s"": 0.3, ""step_recovery_10_13s"": 0.1}",0.2,1.0,0.41464852315085593,0.24861901425557126,0.18205504350793836,0.0,transformer,16,True,2.5,1.0,0.75,real_10kg_v1,thruster,real_10kg_x,1.0,0.08666666666666667,0.27714285714285714,0.012702341744859636,0.0011776938892711323,0.004101742794228377,0.012500000000000011,0.0003799961544082691,0.06495261383372179,0.10363653357367872,,
startup_0_3s,0.0,3.0,300,0.11433043957901223,0.11110387307973933,0.026969961086574484,0.9717785874771953,0.2358948429296986,0.05564637692082717,0.09506362530885729,0.21546901354200004,0.8078951091917849,0.0,0.0,0.027613794411892732,0.0032728541179272122,predictive_alpha_sspo,sinusoidal,2,20007,0.0,1.0,1.0,0.03,0.01,0.32541969465222426,1.0,1.0,1.0,0.058065453110949336,0.32541969465222426,0.07406977253683343,1.219374515329936,0.07446729282967421,0.1036552361825572,40.63272780458168,1.934891800218175,0.013324094058095648,32.15786128394707,62.76869744983941,0.012801499872398092,0.0616864322185353,0.07406977253683343,real10kg_smc_steady,real10kg_mpc_event,-1.0,-1.0,predictive_alpha_sspo,"{""post_step_13_20p9s"": 0.3, ""pre_step_3_10s"": 0.1, ""startup_0_3s"": 0.3, ""step_recovery_10_13s"": 0.1}",0.2,1.0,0.41508661182645723,0.24894644272854696,0.17978828012242004,0.0,transformer,16,True,2.5,1.0,0.75,real_10kg_v1,thruster,real_10kg_x,1.0,0.08658730158730159,0.27666666666666667,0.013324094058095648,0.0012331874272336052,0.004167152354519522,0.012500000000000011,0.00035979362089241335,0.06497803348219244,0.1036552361825572,,
pre_step_3_10s,3.0,10.0,700,0.05401571149144175,0.0537504023311144,0.005347086792825044,0.995088296478898,0.09899132391641711,0.009799282210725015,0.052850382957340784,0.07423985101990414,1.0,0.12761904761904763,0.4228571428571429,0.012725879139216667,0.0015623956168244683,predictive_alpha_sspo,sinusoidal,2,20007,0.0,1.0,1.0,0.03,0.01,0.32541969465222426,1.0,1.0,1.0,0.058065453110949336,0.32541969465222426,0.07406977253683343,1.219374515329936,0.07446729282967421,0.1036552361825572,40.63272780458168,1.934891800218175,0.013324094058095648,32.15786128394707,62.76869744983941,0.012801499872398092,0.0616864322185353,0.07406977253683343,real10kg_smc_steady,real10kg_mpc_event,-1.0,-1.0,predictive_alpha_sspo,"{""post_step_13_20p9s"": 0.3, ""pre_step_3_10s"": 0.1, ""startup_0_3s"": 0.3, ""step_recovery_10_13s"": 0.1}",0.2,1.0,0.41508661182645723,0.24894644272854696,0.17978828012242004,0.0,transformer,16,True,2.5,1.0,0.75,real_10kg_v1,thruster,real_10kg_x,1.0,0.08658730158730159,0.27666666666666667,0.013324094058095648,0.0012331874272336052,0.004167152354519522,0.012500000000000011,0.00035979362089241335,0.06497803348219244,0.1036552361825572,,
step_recovery_10_13s,10.0,13.0,300,0.04393911653329658,0.04237334842841262,0.011625201275287987,0.9643650526360166,0.2645752166290949,0.07000004525433247,0.04027466740011516,0.06385745049920792,1.0,0.115,0.35,0.01133772142469995,0.0008742787781532711,predictive_alpha_sspo,sinusoidal,2,20007,0.0,1.0,1.0,0.03,0.01,0.32541969465222426,1.0,1.0,1.0,0.058065453110949336,0.32541969465222426,0.07406977253683343,1.219374515329936,0.07446729282967421,0.1036552361825572,40.63272780458168,1.934891800218175,0.013324094058095648,32.15786128394707,62.76869744983941,0.012801499872398092,0.0616864322185353,0.07406977253683343,real10kg_smc_steady,real10kg_mpc_event,-1.0,-1.0,predictive_alpha_sspo,"{""post_step_13_20p9s"": 0.3, ""pre_step_3_10s"": 0.1, ""startup_0_3s"": 0.3, ""step_recovery_10_13s"": 0.1}",0.2,1.0,0.41508661182645723,0.24894644272854696,0.17978828012242004,0.0,transformer,16,True,2.5,1.0,0.75,real_10kg_v1,thruster,real_10kg_x,1.0,0.08658730158730159,0.27666666666666667,0.013324094058095648,0.0012331874272336052,0.004167152354519522,0.012500000000000011,0.00035979362089241335,0.06497803348219244,0.1036552361825572,,
post_step_13_20p9s,13.0,20.9,790,0.07132292547218969,0.07074480577863322,0.0090626791433321,0.9918943356609526,0.12706544331059205,0.016145626883717283,0.05220836628523201,0.2905942519489816,1.0,0.06919831223628692,0.21518987341772153,0.00925072482719022,0.0002799787877350443,predictive_alpha_sspo,sinusoidal,2,20007,0.0,1.0,1.0,0.03,0.01,0.32541969465222426,1.0,1.0,1.0,0.058065453110949336,0.32541969465222426,0.07406977253683343,1.219374515329936,0.07446729282967421,0.1036552361825572,40.63272780458168,1.934891800218175,0.013324094058095648,32.15786128394707,62.76869744983941,0.012801499872398092,0.0616864322185353,0.07406977253683343,real10kg_smc_steady,real10kg_mpc_event,-1.0,-1.0,predictive_alpha_sspo,"{""post_step_13_20p9s"": 0.3, ""pre_step_3_10s"": 0.1, ""startup_0_3s"": 0.3, ""step_recovery_10_13s"": 0.1}",0.2,1.0,0.41508661182645723,0.24894644272854696,0.17978828012242004,0.0,transformer,16,True,2.5,1.0,0.75,real_10kg_v1,thruster,real_10kg_x,1.0,0.08658730158730159,0.27666666666666667,0.013324094058095648,0.0012331874272336052,0.004167152354519522,0.012500000000000011,0.00035979362089241335,0.06497803348219244,0.1036552361825572,,
startup_0_3s,0.0,3.0,300,0.0945193964175152,0.09288484748636919,0.017502040068669657,0.9827067354098855,0.1851687667508887,0.03428747218004503,0.07719854906857299,0.1879333936864397,0.7622003769953201,0.0,0.0,0.021272517435626418,0.002593966514684216,predictive_alpha_sspo,sinusoidal,2,20008,0.0,1.0,1.0,0.03,0.01,0.32528053802964674,1.0,1.0,1.0,0.055402293249410886,0.32528053802964674,0.06987338021408546,1.1634481582376286,0.07442700128405638,0.10360628432493556,40.585400016238225,1.932638096011344,0.012305521825451998,32.23365886989267,62.753524142638796,0.01016022813271177,0.03127585804305577,0.06987338021408546,real10kg_smc_steady,real10kg_mpc_event,-1.0,-1.0,predictive_alpha_sspo,"{""post_step_13_20p9s"": 0.3, ""pre_step_3_10s"": 0.1, ""startup_0_3s"": 0.3, ""step_recovery_10_13s"": 0.1}",0.2,1.0,0.41386001465643313,0.24839199204481707,0.1790748050266744,0.0,transformer,16,True,2.5,1.0,0.75,real_10kg_v1,thruster,real_10kg_x,1.0,0.0869047619047619,0.2776190476190476,0.012305521825451998,0.0011250820246309105,0.004060048634421287,0.012500000000000011,0.00037387895932665833,0.06486153012207835,0.10360628432493556,,
pre_step_3_10s,3.0,10.0,700,0.05371788075387599,0.053455603701790616,0.00530180587769395,0.9951175093208335,0.09869722712974675,0.009741142643100819,0.05250398165195863,0.07323143119669188,1.0,0.12857142857142856,0.4257142857142857,0.012503685628473678,0.0015443752209923947,predictive_alpha_sspo,sinusoidal,2,20008,0.0,1.0,1.0,0.03,0.01,0.32528053802964674,1.0,1.0,1.0,0.055402293249410886,0.32528053802964674,0.06987338021408546,1.1634481582376286,0.07442700128405638,0.10360628432493556,40.585400016238225,1.932638096011344,0.012305521825451998,32.23365886989267,62.753524142638796,0.01016022813271177,0.03127585804305577,0.06987338021408546,real10kg_smc_steady,real10kg_mpc_event,-1.0,-1.0,predictive_alpha_sspo,"{""post_step_13_20p9s"": 0.3, ""pre_step_3_10s"": 0.1, ""startup_0_3s"": 0.3, ""step_recovery_10_13s"": 0.1}",0.2,1.0,0.41386001465643313,0.24839199204481707,0.1790748050266744,0.0,transformer,16,True,2.5,1.0,0.75,real_10kg_v1,thruster,real_10kg_x,1.0,0.0869047619047619,0.2776190476190476,0.012305521825451998,0.0011250820246309105,0.004060048634421287,0.012500000000000011,0.00037387895932665833,0.06486153012207835,0.10360628432493556,,
step_recovery_10_13s,10.0,13.0,300,0.043895172160737225,0.04234305747964298,0.011569426186998681,0.9646404238850996,0.2635694455106192,0.0694688526067753,0.04032114904284232,0.06391735990028496,1.0,0.115,0.35,0.011135962879264218,0.0008477680212185169,predictive_alpha_sspo,sinusoidal,2,20008,0.0,1.0,1.0,0.03,0.01,0.32528053802964674,1.0,1.0,1.0,0.055402293249410886,0.32528053802964674,0.06987338021408546,1.1634481582376286,0.07442700128405638,0.10360628432493556,40.585400016238225,1.932638096011344,0.012305521825451998,32.23365886989267,62.753524142638796,0.01016022813271177,0.03127585804305577,0.06987338021408546,real10kg_smc_steady,real10kg_mpc_event,-1.0,-1.0,predictive_alpha_sspo,"{""post_step_13_20p9s"": 0.3, ""pre_step_3_10s"": 0.1, ""startup_0_3s"": 0.3, ""step_recovery_10_13s"": 0.1}",0.2,1.0,0.41386001465643313,0.24839199204481707,0.1790748050266744,0.0,transformer,16,True,2.5,1.0,0.75,real_10kg_v1,thruster,real_10kg_x,1.0,0.0869047619047619,0.2776190476190476,0.012305521825451998,0.0011250820246309105,0.004060048634421287,0.012500000000000011,0.00037387895932665833,0.06486153012207835,0.10360628432493556,,
post_step_13_20p9s,13.0,20.9,790,0.07129836800274797,0.07072279154774862,0.009041240819100687,0.9919272141688128,0.12680852412711918,0.016080401791298164,0.05220429573715855,0.2904631884558363,1.0,0.06919831223628692,0.21518987341772153,0.009214633597430131,0.00027598984706844287,predictive_alpha_sspo,sinusoidal,2,20008,0.0,1.0,1.0,0.03,0.01,0.32528053802964674,1.0,1.0,1.0,0.055402293249410886,0.32528053802964674,0.06987338021408546,1.1634481582376286,0.07442700128405638,0.10360628432493556,40.585400016238225,1.932638096011344,0.012305521825451998,32.23365886989267,62.753524142638796,0.01016022813271177,0.03127585804305577,0.06987338021408546,real10kg_smc_steady,real10kg_mpc_event,-1.0,-1.0,predictive_alpha_sspo,"{""post_step_13_20p9s"": 0.3, ""pre_step_3_10s"": 0.1, ""startup_0_3s"": 0.3, ""step_recovery_10_13s"": 0.1}",0.2,1.0,0.41386001465643313,0.24839199204481707,0.1790748050266744,0.0,transformer,16,True,2.5,1.0,0.75,real_10kg_v1,thruster,real_10kg_x,1.0,0.0869047619047619,0.2776190476190476,0.012305521825451998,0.0011250820246309105,0.004060048634421287,0.012500000000000011,0.00037387895932665833,0.06486153012207835,0.10360628432493556,,
startup_0_3s,0.0,3.0,300,0.09399971764754671,0.09127888210051435,0.022452451988566928,0.9710548540450498,0.23885658968415968,0.05705247043554701,0.0775848121649549,0.1833251018018474,0.7484546560380956,0.0,0.0,0.0260911487668334,0.003198951034107738,predictive_alpha_sspo,sinusoidal,2,20009,0.0,1.0,1.0,0.03,0.01,0.32536343942970086,1.0,1.0,1.0,0.05548757669406358,0.32536343942970086,0.06980829550044294,1.1652391105753352,0.07445167580568347,0.10363564291317917,40.567832094509455,1.931801528309974,0.013067625148732555,32.20732201524345,62.76303247145809,0.011478503665118588,0.04505275215256921,0.06980829550044294,real10kg_smc_steady,real10kg_mpc_event,-1.0,-1.0,predictive_alpha_sspo,"{""post_step_13_20p9s"": 0.3, ""pre_step_3_10s"": 0.1, ""startup_0_3s"": 0.3, ""step_recovery_10_13s"": 0.1}",0.2,1.0,0.41499500550946616,0.2487393751864447,0.18166975889094394,0.0,transformer,16,True,2.5,1.0,0.75,real_10kg_v1,thruster,real_10kg_x,1.0,0.08666666666666667,0.27714285714285714,0.013067625148732555,0.0012188652345089684,0.004140036348138885,0.012500000000000011,0.000378538470909968,0.06490562369949367,0.10363564291317917,,
pre_step_3_10s,3.0,10.0,700,0.05380683004291281,0.05354336124690516,0.005318216397470025,0.9951034321145191,0.09883905803833014,0.009769159393904393,0.052592108416844315,0.07385545084066095,1.0,0.12785714285714286,0.42428571428571427,0.01264711068172625,0.001557515103641453,predictive_alpha_sspo,sinusoidal,2,20009,0.0,1.0,1.0,0.03,0.01,0.32536343942970086,1.0,1.0,1.0,0.05548757669406358,0.32536343942970086,0.06980829550044294,1.1652391105753352,0.07445167580568347,0.10363564291317917,40.567832094509455,1.931801528309974,0.013067625148732555,32.20732201524345,62.76303247145809,0.011478503665118588,0.04505275215256921,0.06980829550044294,real10kg_smc_steady,real10kg_mpc_event,-1.0,-1.0,predictive_alpha_sspo,"{""post_step_13_20p9s"": 0.3, ""pre_step_3_10s"": 0.1, ""startup_0_3s"": 0.3, ""step_recovery_10_13s"": 0.1}",0.2,1.0,0.41499500550946616,0.2487393751864447,0.18166975889094394,0.0,transformer,16,True,2.5,1.0,0.75,real_10kg_v1,thruster,real_10kg_x,1.0,0.08666666666666667,0.27714285714285714,0.013067625148732555,0.0012188652345089684,0.004140036348138885,0.012500000000000011,0.000378538470909968,0.06490562369949367,0.10363564291317917,,
step_recovery_10_13s,10.0,13.0,300,0.04395114284885046,0.04239170376702895,0.011603723947445611,0.9645188047285943,0.2640141574327482,0.06970347532492395,0.04031855521214301,0.06391922089334251,1.0,0.115,0.35,0.011270428115723412,0.0008636177927876048,predictive_alpha_sspo,sinusoidal,2,20009,0.0,1.0,1.0,0.03,0.01,0.32536343942970086,1.0,1.0,1.0,0.05548757669406358,0.32536343942970086,0.06980829550044294,1.1652391105753352,0.07445167580568347,0.10363564291317917,40.567832094509455,1.931801528309974,0.013067625148732555,32.20732201524345,62.76303247145809,0.011478503665118588,0.04505275215256921,0.06980829550044294,real10kg_smc_steady,real10kg_mpc_event,-1.0,-1.0,predictive_alpha_sspo,"{""post_step_13_20p9s"": 0.3, ""pre_step_3_10s"": 0.1, ""startup_0_3s"": 0.3, ""step_recovery_10_13s"": 0.1}",0.2,1.0,0.41499500550946616,0.2487393751864447,0.18166975889094394,0.0,transformer,16,True,2.5,1.0,0.75,real_10kg_v1,thruster,real_10kg_x,1.0,0.08666666666666667,0.27714285714285714,0.013067625148732555,0.0012188652345089684,0.004140036348138885,0.012500000000000011,0.000378538470909968,0.06490562369949367,0.10363564291317917,,
post_step_13_20p9s,13.0,20.9,790,0.0713128241542403,0.07073557996560456,0.009055198274094452,0.9919054644731607,0.12697853971551099,0.0161235495482836,0.05220619105342987,0.2905407958140345,1.0,0.06919831223628692,0.21518987341772153,0.009239613714324807,0.0002786998724385847,predictive_alpha_sspo,sinusoidal,2,20009,0.0,1.0,1.0,0.03,0.01,0.32536343942970086,1.0,1.0,1.0,0.05548757669406358,0.32536343942970086,0.06980829550044294,1.1652391105753352,0.07445167580568347,0.10363564291317917,40.567832094509455,1.931801528309974,0.013067625148732555,32.20732201524345,62.76303247145809,0.011478503665118588,0.04505275215256921,0.06980829550044294,real10kg_smc_steady,real10kg_mpc_event,-1.0,-1.0,predictive_alpha_sspo,"{""post_step_13_20p9s"": 0.3, ""pre_step_3_10s"": 0.1, ""startup_0_3s"": 0.3, ""step_recovery_10_13s"": 0.1}",0.2,1.0,0.41499500550946616,0.2487393751864447,0.18166975889094394,0.0,transformer,16,True,2.5,1.0,0.75,real_10kg_v1,thruster,real_10kg_x,1.0,0.08666666666666667,0.27714285714285714,0.013067625148732555,0.0012188652345089684,0.004140036348138885,0.012500000000000011,0.000378538470909968,0.06490562369949367,0.10363564291317917,,
startup_0_3s,0.0,3.0,300,0.10840337926905388,0.10699402227273722,0.01742331297002257,0.9869989569899045,0.1607266589612344,0.025833058900840943,0.08930329784272345,0.20846587775532127,0.9259140060446306,0.0,0.0,0.01991923821365037,0.0025267178990575163,predictive_alpha_sspo,step_change,3,20000,0.0,1.0,1.0,0.03,0.01,0.05556970469853298,1.0,1.0,1.0,0.045203294463685116,0.20846587775532127,0.05498597740071481,0.9492691837373874,0.04175013615247712,0.042838776510610826,26.715401179438864,1.2721619609256603,0.012957441709514515,33.660341937473135,61.47251359619804,0.01036717255290414,0.03301545688320831,0.05498597740071481,real10kg_smc_steady,real10kg_mpc_event,-1.0,-1.0,predictive_alpha_sspo,"{""post_step_13_20p9s"": 0.3, ""pre_step_3_10s"": 0.1, ""startup_0_3s"": 0.3, ""step_recovery_10_13s"": 0.1}",0.2,1.0,0.3822999816554378,0.20505818848161603,0.13003287013872372,0.0,transformer,16,True,2.5,1.0,0.75,real_10kg_v1,thruster,real_10kg_x,1.0,0.013968253968253968,0.039047619047619046,0.012957441709514515,0.0037150256232002512,0.004707331860022566,0.012500000000000011,0.0004514936504800825,0.039608314232479645,0.042838776510610826,,
pre_step_3_10s,3.0,10.0,700,0.046321640261166856,0.046020435368401426,0.005273887085228548,0.9934975339589185,0.11385363418682395,0.012962650017547131,0.04533733974795964,0.059720965968082206,1.0,0.040952380952380955,0.11571428571428571,0.01372955691052157,0.0023013799060656393,predictive_alpha_sspo,step_change,3,20000,0.0,1.0,1.0,0.03,0.01,0.05556970469853298,1.0,1.0,1.0,0.045203294463685116,0.20846587775532127,0.05498597740071481,0.9492691837373874,0.04175013615247712,0.042838776510610826,26.715401179438864,1.2721619609256603,0.012957441709514515,33.660341937473135,61.47251359619804,0.01036717255290414,0.03301545688320831,0.05498597740071481,real10kg_smc_steady,real10kg_mpc_event,-1.0,-1.0,predictive_alpha_sspo,"{""post_step_13_20p9s"": 0.3, ""pre_step_3_10s"": 0.1, ""startup_0_3s"": 0.3, ""step_recovery_10_13s"": 0.1}",0.2,1.0,0.3822999816554378,0.20505818848161603,0.13003287013872372,0.0,transformer,16,True,2.5,1.0,0.75,real_10kg_v1,thruster,real_10kg_x,1.0,0.013968253968253968,0.039047619047619046,0.012957441709514515,0.0037150256232002512,0.004707331860022566,0.012500000000000011,0.0004514936504800825,0.039608314232479645,0.042838776510610826,,
step_recovery_10_13s,10.0,13.0,300,0.023782319744537525,0.020481274805640347,0.012087849881896342,0.8611975209165463,0.5082704299555453,0.25833882996719487,0.02361248347690003,0.027443947362635848,1.0,0.0022222222222222222,0.0033333333333333335,0.01749382102360704,0.009508421009607285,predictive_alpha_sspo,step_change,3,20000,0.0,1.0,1.0,0.03,0.01,0.05556970469853298,1.0,1.0,1.0,0.045203294463685116,0.20846587775532127,0.05498597740071481,0.9492691837373874,0.04175013615247712,0.042838776510610826,26.715401179438864,1.2721619609256603,0.012957441709514515,33.660341937473135,61.47251359619804,0.01036717255290414,0.03301545688320831,0.05498597740071481,real10kg_smc_steady,real10kg_mpc_event,-1.0,-1.0,predictive_alpha_sspo,"{""post_step_13_20p9s"": 0.3, ""pre_step_3_10s"": 0.1, ""startup_0_3s"": 0.3, ""step_recovery_10_13s"": 0.1}",0.2,1.0,0.3822999816554378,0.20505818848161603,0.13003287013872372,0.0,transformer,16,True,2.5,1.0,0.75,real_10kg_v1,thruster,real_10kg_x,1.0,0.013968253968253968,0.039047619047619046,0.012957441709514515,0.0037150256232002512,0.004707331860022566,0.012500000000000011,0.0004514936504800825,0.039608314232479645,0.042838776510610826,,
post_step_13_20p9s,13.0,20.9,790,0.03766890420038326,0.036468664151005574,0.009433073661262949,0.968137112696645,0.2504207080482838,0.0627105310194038,0.036401419017969824,0.05704273032407232,0.9369441993497366,0.0,0.0,0.00800895170496887,0.00020395337468529916,predictive_alpha_sspo,step_change,3,20000,0.0,1.0,1.0,0.03,0.01,0.05556970469853298,1.0,1.0,1.0,0.045203294463685116,0.20846587775532127,0.05498597740071481,0.9492691837373874,0.04175013615247712,0.042838776510610826,26.715401179438864,1.2721619609256603,0.012957441709514515,33.660341937473135,61.47251359619804,0.01036717255290414,0.03301545688320831,0.05498597740071481,real10kg_smc_steady,real10kg_mpc_event,-1.0,-1.0,predictive_alpha_sspo,"{""post_step_13_20p9s"": 0.3, ""pre_step_3_10s"": 0.1, ""startup_0_3s"": 0.3, ""step_recovery_10_13s"": 0.1}",0.2,1.0,0.3822999816554378,0.20505818848161603,0.13003287013872372,0.0,transformer,16,True,2.5,1.0,0.75,real_10kg_v1,thruster,real_10kg_x,1.0,0.013968253968253968,0.039047619047619046,0.012957441709514515,0.0037150256232002512,0.004707331860022566,0.012500000000000011,0.0004514936504800825,0.039608314232479645,0.042838776510610826,,
startup_0_3s,0.0,3.0,300,0.11233476664977393,0.11051508259805409,0.020137435700814586,0.9838012388685236,0.1792627189372019,0.03213512240075824,0.09335237314229615,0.211656564979486,0.8950121078141506,0.0,0.0,0.02208158108437829,0.0027892715479282152,predictive_alpha_sspo,step_change,3,20001,0.0,1.0,1.0,0.03,0.01,0.05558608372817365,1.0,1.0,1.0,0.04579807200368682,0.211656564979486,0.05611627024861011,0.9617595120774232,0.04175255071202318,0.042840918984103527,26.68999725525171,1.2709522502500814,0.013297625289136064,33.63139154232432,61.47543130088713,0.011052572109594778,0.03710594302975917,0.05611627024861011,real10kg_smc_steady,real10kg_mpc_event,-1.0,-1.0,predictive_alpha_sspo,"{""post_step_13_20p9s"": 0.3, ""pre_step_3_10s"": 0.1, ""startup_0_3s"": 0.3, ""step_recovery_10_13s"": 0.1}",0.2,1.0,0.382082679161637,0.20499519650306858,0.12984580730004902,0.0,transformer,16,True,2.5,1.0,0.75,real_10kg_v1,thruster,real_10kg_x,1.0,0.013888888888888888,0.039047619047619046,0.013297625289136064,0.0037502122500333726,0.004698453416498594,0.012500000000000011,0.00045554592589001935,0.03963195408599427,0.042840918984103527,,
pre_step_3_10s,3.0,10.0,700,0.04635996036792457,0.04605727024917451,0.0052890247220108,0.9934708719259501,0.11408604925534317,0.013015626634692587,0.04536647928839174,0.05985228598757039,1.0,0.04071428571428572,0.11571428571428571,0.013808099449889803,0.002317222418236069,predictive_alpha_sspo,step_change,3,20001,0.0,1.0,1.0,0.03,0.01,0.05558608372817365,1.0,1.0,1.0,0.04579807200368682,0.211656564979486,0.05611627024861011,0.9617595120774232,0.04175255071202318,0.042840918984103527,26.68999725525171,1.2709522502500814,0.013297625289136064,33.63139154232432,61.47543130088713,0.011052572109594778,0.03710594302975917,0.05611627024861011,real10kg_smc_steady,real10kg_mpc_event,-1.0,-1.0,predictive_alpha_sspo,"{""post_step_13_20p9s"": 0.3, ""pre_step_3_10s"": 0.1, ""startup_0_3s"": 0.3, ""step_recovery_10_13s"": 0.1}",0.2,1.0,0.382082679161637,0.20499519650306858,0.12984580730004902,0.0,transformer,16,True,2.5,1.0,0.75,real_10kg_v1,thruster,real_10kg_x,1.0,0.013888888888888888,0.039047619047619046,0.013297625289136064,0.0037502122500333726,0.004698453416498594,0.012500000000000011,0.00045554592589001935,0.03963195408599427,0.042840918984103527,,
step_recovery_10_13s,10.0,13.0,300,0.02382008435363282,0.020524925029508284,0.012088170711370983,0.8616646660354086,0.5074780816016466,0.2575340033060876,0.02363957309809889,0.027553351478018538,1.0,0.0022222222222222222,0.0033333333333333335,0.017523664597642444,0.009476489737835091,predictive_alpha_sspo,step_change,3,20001,0.0,1.0,1.0,0.03,0.01,0.05558608372817365,1.0,1.0,1.0,0.04579807200368682,0.211656564979486,0.05611627024861011,0.9617595120774232,0.04175255071202318,0.042840918984103527,26.68999725525171,1.2709522502500814,0.013297625289136064,33.63139154232432,61.47543130088713,0.011052572109594778,0.03710594302975917,0.05611627024861011,real10kg_smc_steady,real10kg_mpc_event,-1.0,-1.0,predictive_alpha_sspo,"{""post_step_13_20p9s"": 0.3, ""pre_step_3_10s"": 0.1, ""startup_0_3s"": 0.3, ""step_recovery_10_13s"": 0.1}",0.2,1.0,0.382082679161637,0.20499519650306858,0.12984580730004902,0.0,transformer,16,True,2.5,1.0,0.75,real_10kg_v1,thruster,real_10kg_x,1.0,0.013888888888888888,0.039047619047619046,0.013297625289136064,0.0037502122500333726,0.004698453416498594,0.012500000000000011,0.00045554592589001935,0.03963195408599427,0.042840918984103527,,
post_step_13_20p9s,13.0,20.9,790,0.03767450722442303,0.03647240786052575,0.009440972378868737,0.9680924993461361,0.2505931218324866,0.06279691270975148,0.0364085963731883,0.05702966337674107,0.9369072645592783,0.0,0.0,0.008015089302203045,0.00020513166742727447,predictive_alpha_sspo,step_change,3,20001,0.0,1.0,1.0,0.03,0.01,0.05558608372817365,1.0,1.0,1.0,0.04579807200368682,0.211656564979486,0.05611627024861011,0.9617595120774232,0.04175255071202318,0.042840918984103527,26.68999725525171,1.2709522502500814,0.013297625289136064,33.63139154232432,61.47543130088713,0.011052572109594778,0.03710594302975917,0.05611627024861011,real10kg_smc_steady,real10kg_mpc_event,-1.0,-1.0,predictive_alpha_sspo,"{""post_step_13_20p9s"": 0.3, ""pre_step_3_10s"": 0.1, ""startup_0_3s"": 0.3, ""step_recovery_10_13s"": 0.1}",0.2,1.0,0.382082679161637,0.20499519650306858,0.12984580730004902,0.0,transformer,16,True,2.5,1.0,0.75,real_10kg_v1,thruster,real_10kg_x,1.0,0.013888888888888888,0.039047619047619046,0.013297625289136064,0.0037502122500333726,0.004698453416498594,0.012500000000000011,0.00045554592589001935,0.03963195408599427,0.042840918984103527,,
startup_0_3s,0.0,3.0,300,0.10466741453515147,0.10321276830321334,0.017389425656427964,0.9861022053673677,0.16613982234736396,0.027602440569613654,0.0862104259475985,0.20161562561898483,0.916171164413751,0.0,0.0,0.01927703834595301,0.002498142507413016,predictive_alpha_sspo,step_change,3,20002,0.0,1.0,1.0,0.03,0.01,0.05556714747320458,1.0,1.0,1.0,0.04475245726480795,0.20161562561898483,0.05393228848692806,0.939801602560967,0.04175003047143067,0.04283870959706686,26.707822068195487,1.2718010508664517,0.012865574668645043,33.66019488663894,61.4723900524457,0.010358114866781946,0.032325764797467765,0.05393228848692806,real10kg_smc_steady,real10kg_mpc_event,-1.0,-1.0,predictive_alpha_sspo,"{""post_step_13_20p9s"": 0.3, ""pre_step_3_10s"": 0.1, ""startup_0_3s"": 0.3, ""step_recovery_10_13s"": 0.1}",0.2,1.0,0.3820920844646942,0.20490184743615358,0.12931052798308276,0.0,transformer,16,True,2.5,1.0,0.75,real_10kg_v1,thruster,real_10kg_x,1.0,0.013888888888888888,0.039047619047619046,0.012865574668645043,0.0037082365493044537,0.004706272625089556,0.012500000000000011,0.00044934432984155464,0.03959287504208175,0.04283870959706686,,
pre_step_3_10s,3.0,10.0,700,0.04627814873969488,0.04597699566290418,0.0052709506340519905,0.9934925427012082,0.11389717993474652,0.012972567597088024,0.04529231909810644,0.05962920043179398,1.0,0.04071428571428572,0.11571428571428571,0.013719928156874311,0.0023068215773385248,predictive_alpha_sspo,step_change,3,20002,0.0,1.0,1.0,0.03,0.01,0.05556714747320458,1.0,1.0,1.0,0.04475245726480795,0.20161562561898483,0.05393228848692806,0.939801602560967,0.04175003047143067,0.04283870959706686,26.707822068195487,1.2718010508664517,0.012865574668645043,33.66019488663894,61.4723900524457,0.010358114866781946,0.032325764797467765,0.05393228848692806,real10kg_smc_steady,real10kg_mpc_event,-1.0,-1.0,predictive_alpha_sspo,"{""post_step_13_20p9s"": 0.3, ""pre_step_3_10s"": 0.1, ""startup_0_3s"": 0.3, ""step_recovery_10_13s"": 0.1}",0.2,1.0,0.3820920844646942,0.20490184743615358,0.12931052798308276,0.0,transformer,16,True,2.5,1.0,0.75,real_10kg_v1,thruster,real_10kg_x,1.0,0.013888888888888888,0.039047619047619046,0.012865574668645043,0.0037082365493044537,0.004706272625089556,0.012500000000000011,0.00044934432984155464,0.03959287504208175,0.04283870959706686,,
step_recovery_10_13s,10.0,13.0,300,0.023819750431623,0.020523749691342574,0.012089508229531898,0.8616274024473125,0.5075413474308244,0.2575982193518968,0.023649554674797353,0.027455021556526106,1.0,0.0022222222222222222,0.0033333333333333335,0.01751891563973756,0.009495841408841396,predictive_alpha_sspo,step_change,3,20002,0.0,1.0,1.0,0.03,0.01,0.05556714747320458,1.0,1.0,1.0,0.04475245726480795,0.20161562561898483,0.05393228848692806,0.939801602560967,0.04175003047143067,0.04283870959706686,26.707822068195487,1.2718010508664517,0.012865574668645043,33.66019488663894,61.4723900524457,0.010358114866781946,0.032325764797467765,0.05393228848692806,real10kg_smc_steady,real10kg_mpc_event,-1.0,-1.0,predictive_alpha_sspo,"{""post_step_13_20p9s"": 0.3, ""pre_step_3_10s"": 0.1, ""startup_0_3s"": 0.3, ""step_recovery_10_13s"": 0.1}",0.2,1.0,0.3820920844646942,0.20490184743615358,0.12931052798308276,0.0,transformer,16,True,2.5,1.0,0.75,real_10kg_v1,thruster,real_10kg_x,1.0,0.013888888888888888,0.039047619047619046,0.012865574668645043,0.0037082365493044537,0.004706272625089556,0.012500000000000011,0.00044934432984155464,0.03959287504208175,0.04283870959706686,,
post_step_13_20p9s,13.0,20.9,790,0.037670336577032386,0.03647063253723457,0.009431183391330658,0.9681525532073617,0.25036100678433687,0.06268063371806677,0.036403332838475945,0.057045439818842913,0.9369522467403774,0.0,0.0,0.008006745484478106,0.00020363792497671474,predictive_alpha_sspo,step_change,3,20002,0.0,1.0,1.0,0.03,0.01,0.05556714747320458,1.0,1.0,1.0,0.04475245726480795,0.20161562561898483,0.05393228848692806,0.939801602560967,0.04175003047143067,0.04283870959706686,26.707822068195487,1.2718010508664517,0.012865574668645043,33.66019488663894,61.4723900524457,0.010358114866781946,0.032325764797467765,0.05393228848692806,real10kg_smc_steady,real10kg_mpc_event,-1.0,-1.0,predictive_alpha_sspo,"{""post_step_13_20p9s"": 0.3, ""pre_step_3_10s"": 0.1, ""startup_0_3s"": 0.3, ""step_recovery_10_13s"": 0.1}",0.2,1.0,0.3820920844646942,0.20490184743615358,0.12931052798308276,0.0,transformer,16,True,2.5,1.0,0.75,real_10kg_v1,thruster,real_10kg_x,1.0,0.013888888888888888,0.039047619047619046,0.012865574668645043,0.0037082365493044537,0.004706272625089556,0.012500000000000011,0.00044934432984155464,0.03959287504208175,0.04283870959706686,,
startup_0_3s,0.0,3.0,300,0.1237570885633707,0.1206544876074882,0.0275374579410746,0.9749299131718521,0.22251216686447703,0.049511664402724864,0.10319234936421319,0.22942832732512866,0.9191552071421611,0.0,0.0,0.02483725983527464,0.003192639605284972,predictive_alpha_sspo,step_change,3,20003,0.0,1.0,1.0,0.03,0.01,0.055588030497882614,1.0,1.0,1.0,0.04726864428592509,0.22942832732512866,0.059496869301188346,0.9926415300044269,0.041753129411841526,0.04284139526147042,26.74970218111147,1.273795341957689,0.013716129515510754,33.6143279886795,61.476145372126055,0.013141111277988803,0.06435344514039605,0.059496869301188346,real10kg_smc_steady,real10kg_mpc_event,-1.0,-1.0,predictive_alpha_sspo,"{""post_step_13_20p9s"": 0.3, ""pre_step_3_10s"": 0.1, ""startup_0_3s"": 0.3, ""step_recovery_10_13s"": 0.1}",0.2,1.0,0.382459779591061,0.20495455365421122,0.13037999618648818,0.0,transformer,16,True,2.5,1.0,0.75,real_10kg_v1,thruster,real_10kg_x,1.0,0.013888888888888888,0.039047619047619046,0.013716129515510754,0.003806941597768784,0.004690405654495379,0.012500000000000011,0.0004794206207595061,0.03971424015559329,0.04284139526147042,,
pre_step_3_10s,3.0,10.0,700,0.04653918499977146,0.04623531811369075,0.00530952910989029,0.9934707303945653,0.11408728171574908,0.013015907849288693,0.04555927025531121,0.06022543893367993,1.0,0.04071428571428572,0.11571428571428571,0.013860124991816342,0.0023121295737422156,predictive_alpha_sspo,step_change,3,20003,0.0,1.0,1.0,0.03,0.01,0.055588030497882614,1.0,1.0,1.0,0.04726864428592509,0.22942832732512866,0.059496869301188346,0.9926415300044269,0.041753129411841526,0.04284139526147042,26.74970218111147,1.273795341957689,0.013716129515510754,33.6143279886795,61.476145372126055,0.013141111277988803,0.06435344514039605,0.059496869301188346,real10kg_smc_steady,real10kg_mpc_event,-1.0,-1.0,predictive_alpha_sspo,"{""post_step_13_20p9s"": 0.3, ""pre_step_3_10s"": 0.1, ""startup_0_3s"": 0.3, ""step_recovery_10_13s"": 0.1}",0.2,1.0,0.382459779591061,0.20495455365421122,0.13037999618648818,0.0,transformer,16,True,2.5,1.0,0.75,real_10kg_v1,thruster,real_10kg_x,1.0,0.013888888888888888,0.039047619047619046,0.013716129515510754,0.003806941597768784,0.004690405654495379,0.012500000000000011,0.0004794206207595061,0.03971424015559329,0.04284139526147042,,
step_recovery_10_13s,10.0,13.0,300,0.02381920272375765,0.020517451008234412,0.012099116600816957,0.8613827778446163,0.5079564056419532,0.2580197100326925,0.023637838040880287,0.027553733235999547,1.0,0.0022222222222222222,0.0033333333333333335,0.017559166179239607,0.009477580508709896,predictive_alpha_sspo,step_change,3,20003,0.0,1.0,1.0,0.03,0.01,0.055588030497882614,1.0,1.0,1.0,0.04726864428592509,0.22942832732512866,0.059496869301188346,0.9926415300044269,0.041753129411841526,0.04284139526147042,26.74970218111147,1.273795341957689,0.013716129515510754,33.6143279886795,61.476145372126055,0.013141111277988803,0.06435344514039605,0.059496869301188346,real10kg_smc_steady,real10kg_mpc_event,-1.0,-1.0,predictive_alpha_sspo,"{""post_step_13_20p9s"": 0.3, ""pre_step_3_10s"": 0.1, ""startup_0_3s"": 0.3, ""step_recovery_10_13s"": 0.1}",0.2,1.0,0.382459779591061,0.20495455365421122,0.13037999618648818,0.0,transformer,16,True,2.5,1.0,0.75,real_10kg_v1,thruster,real_10kg_x,1.0,0.013888888888888888,0.039047619047619046,0.013716129515510754,0.003806941597768784,0.004690405654495379,0.012500000000000011,0.0004794206207595061,0.03971424015559329,0.04284139526147042,,
post_step_13_20p9s,13.0,20.9,790,0.037676340504764705,0.036473601006896623,0.009443678489904399,0.9680770615788448,0.2506527535154353,0.06282680284486956,0.036410833335450137,0.05702784192366356,0.9369046145726387,0.0,0.0,0.00802466885596682,0.00020600494202034034,predictive_alpha_sspo,step_change,3,20003,0.0,1.0,1.0,0.03,0.01,0.055588030497882614,1.0,1.0,1.0,0.04726864428592509,0.22942832732512866,0.059496869301188346,0.9926415300044269,0.041753129411841526,0.04284139526147042,26.74970218111147,1.273795341957689,0.013716129515510754,33.6143279886795,61.476145372126055,0.013141111277988803,0.06435344514039605,0.059496869301188346,real10kg_smc_steady,real10kg_mpc_event,-1.0,-1.0,predictive_alpha_sspo,"{""post_step_13_20p9s"": 0.3, ""pre_step_3_10s"": 0.1, ""startup_0_3s"": 0.3, ""step_recovery_10_13s"": 0.1}",0.2,1.0,0.382459779591061,0.20495455365421122,0.13037999618648818,0.0,transformer,16,True,2.5,1.0,0.75,real_10kg_v1,thruster,real_10kg_x,1.0,0.013888888888888888,0.039047619047619046,0.013716129515510754,0.003806941597768784,0.004690405654495379,0.012500000000000011,0.0004794206207595061,0.03971424015559329,0.04284139526147042,,
startup_0_3s,0.0,3.0,300,0.10837322508331083,0.10693636693652692,0.01758889824219888,0.9867415761994778,0.16229929697743692,0.026341061799370263,0.08947926562380558,0.20731058657002682,0.9097569743792187,0.0,0.0,0.020365660649068328,0.0026468536186753096,predictive_alpha_sspo,step_change,3,20004,0.0,1.0,1.0,0.03,0.01,0.055575563713499344,1.0,1.0,1.0,0.045222029197199407,0.20731058657002682,0.05497238851762101,0.9496626131411876,0.04175092937134963,0.04283946810761412,26.701509404736353,1.2715004478445882,0.013030833556402364,33.65670554893706,61.473514528069984,0.010408577939279007,0.03392053804494438,0.05497238851762101,real10kg_smc_steady,real10kg_mpc_event,-1.0,-1.0,predictive_alpha_sspo,"{""post_step_13_20p9s"": 0.3, ""pre_step_3_10s"": 0.1, ""startup_0_3s"": 0.3, ""step_recovery_10_13s"": 0.1}",0.2,1.0,0.38209468644552813,0.20477452295344736,0.12996122643612104,0.0,transformer,16,True,2.5,1.0,0.75,real_10kg_v1,thruster,real_10kg_x,1.0,0.013968253968253968,0.039047619047619046,0.013030833556402364,0.003733129391471903,0.004714679913481473,0.012500000000000011,0.0004498573779338757,0.03960006014382627,0.04283946810761412,,
pre_step_3_10s,3.0,10.0,700,0.046298890491534433,0.04599726287412047,0.005276274143385303,0.9934852085177048,0.11396113572851273,0.012987140456532499,0.04531137637930717,0.059701201326300433,1.0,0.040952380952380955,0.11571428571428571,0.013754332031971735,0.0023065890258376982,predictive_alpha_sspo,step_change,3,20004,0.0,1.0,1.0,0.03,0.01,0.055575563713499344,1.0,1.0,1.0,0.045222029197199407,0.20731058657002682,0.05497238851762101,0.9496626131411876,0.04175092937134963,0.04283946810761412,26.701509404736353,1.2715004478445882,0.013030833556402364,33.65670554893706,61.473514528069984,0.010408577939279007,0.03392053804494438,0.05497238851762101,real10kg_smc_steady,real10kg_mpc_event,-1.0,-1.0,predictive_alpha_sspo,"{""post_step_13_20p9s"": 0.3, ""pre_step_3_10s"": 0.1, ""startup_0_3s"": 0.3, ""step_recovery_10_13s"": 0.1}",0.2,1.0,0.38209468644552813,0.20477452295344736,0.12996122643612104,0.0,transformer,16,True,2.5,1.0,0.75,real_10kg_v1,thruster,real_10kg_x,1.0,0.013968253968253968,0.039047619047619046,0.013030833556402364,0.003733129391471903,0.004714679913481473,0.012500000000000011,0.0004498573779338757,0.03960006014382627,0.04283946810761412,,
step_recovery_10_13s,10.0,13.0,300,0.023794619990445333,0.02049569177240192,0.012087620082563682,0.861358230584557,0.5079980301184652,0.25806199860424106,0.02362134513794045,0.027483544686371247,1.0,0.0022222222222222222,0.0033333333333333335,0.017498641111168885,0.009505107510275525,predictive_alpha_sspo,step_change,3,20004,0.0,1.0,1.0,0.03,0.01,0.055575563713499344,1.0,1.0,1.0,0.045222029197199407,0.20731058657002682,0.05497238851762101,0.9496626131411876,0.04175092937134963,0.04283946810761412,26.701509404736353,1.2715004478445882,0.013030833556402364,33.65670554893706,61.473514528069984,0.010408577939279007,0.03392053804494438,0.05497238851762101,real10kg_smc_steady,real10kg_mpc_event,-1.0,-1.0,predictive_alpha_sspo,"{""post_step_13_20p9s"": 0.3, ""pre_step_3_10s"": 0.1, ""startup_0_3s"": 0.3, ""step_recovery_10_13s"": 0.1}",0.2,1.0,0.38209468644552813,0.20477452295344736,0.12996122643612104,0.0,transformer,16,True,2.5,1.0,0.75,real_10kg_v1,thruster,real_10kg_x,1.0,0.013968253968253968,0.039047619047619046,0.013030833556402364,0.003733129391471903,0.004714679913481473,0.012500000000000011,0.0004498573779338757,0.03960006014382627,0.04283946810761412,,
post_step_13_20p9s,13.0,20.9,790,0.03767088901649705,0.036469917079326036,0.009436155335745636,0.9681193630273742,0.2504893189967803,0.06274489893147074,0.036403986951598105,0.05703778767608381,0.9369301677167817,0.0,0.0,0.008011722750869707,0.00020442571998237287,predictive_alpha_sspo,step_change,3,20004,0.0,1.0,1.0,0.03,0.01,0.055575563713499344,1.0,1.0,1.0,0.045222029197199407,0.20731058657002682,0.05497238851762101,0.9496626131411876,0.04175092937134963,0.04283946810761412,26.701509404736353,1.2715004478445882,0.013030833556402364,33.65670554893706,61.473514528069984,0.010408577939279007,0.03392053804494438,0.05497238851762101,real10kg_smc_steady,real10kg_mpc_event,-1.0,-1.0,predictive_alpha_sspo,"{""post_step_13_20p9s"": 0.3, ""pre_step_3_10s"": 0.1, ""startup_0_3s"": 0.3, ""step_recovery_10_13s"": 0.1}",0.2,1.0,0.38209468644552813,0.20477452295344736,0.12996122643612104,0.0,transformer,16,True,2.5,1.0,0.75,real_10kg_v1,thruster,real_10kg_x,1.0,0.013968253968253968,0.039047619047619046,0.013030833556402364,0.003733129391471903,0.004714679913481473,0.012500000000000011,0.0004498573779338757,0.03960006014382627,0.04283946810761412,,
startup_0_3s,0.0,3.0,300,0.11082652848947075,0.10888248274644047,0.02066698739532607,0.9824586606697242,0.1864805085660476,0.034774980075051753,0.0916542131928665,0.21116697491778616,0.9448491029369578,0.0,0.0,0.023348305329212077,0.0030564214023317752,predictive_alpha_sspo,step_change,3,20005,0.0,1.0,1.0,0.03,0.01,0.05558354477807877,1.0,1.0,1.0,0.045596288378808955,0.21116697491778616,0.055711973095921415,0.9575220559549881,0.04175248296425478,0.042840855436847625,26.764992270184926,1.2745234414373774,0.013483322883083015,33.6404419299729,61.47544571266909,0.011191080884164683,0.03670905142212058,0.055711973095921415,real10kg_smc_steady,real10kg_mpc_event,-1.0,-1.0,predictive_alpha_sspo,"{""post_step_13_20p9s"": 0.3, ""pre_step_3_10s"": 0.1, ""startup_0_3s"": 0.3, ""step_recovery_10_13s"": 0.1}",0.2,1.0,0.3826942457934165,0.2051864883259669,0.13075563145892893,0.0,transformer,16,True,2.5,1.0,0.75,real_10kg_v1,thruster,real_10kg_x,1.0,0.013888888888888888,0.039047619047619046,0.013483322883083015,0.0037805636203401692,0.004723413561828541,0.012500000000000011,0.0004659304655324007,0.039674190196854746,0.042840855436847625,,
pre_step_3_10s,3.0,10.0,700,0.046442074545601335,0.04614052825383657,0.00528374304410235,0.9935070451801485,0.11377060770431903,0.012943751177410055,0.045468672435634946,0.059860904407286246,1.0,0.04071428571428572,0.11571428571428571,0.013806635743263056,0.0023130168493497097,predictive_alpha_sspo,step_change,3,20005,0.0,1.0,1.0,0.03,0.01,0.05558354477807877,1.0,1.0,1.0,0.045596288378808955,0.21116697491778616,0.055711973095921415,0.9575220559549881,0.04175248296425478,0.042840855436847625,26.764992270184926,1.2745234414373774,0.013483322883083015,33.6404419299729,61.47544571266909,0.011191080884164683,0.03670905142212058,0.055711973095921415,real10kg_smc_steady,real10kg_mpc_event,-1.0,-1.0,predictive_alpha_sspo,"{""post_step_13_20p9s"": 0.3, ""pre_step_3_10s"": 0.1, ""startup_0_3s"": 0.3, ""step_recovery_10_13s"": 0.1}",0.2,1.0,0.3826942457934165,0.2051864883259669,0.13075563145892893,0.0,transformer,16,True,2.5,1.0,0.75,real_10kg_v1,thruster,real_10kg_x,1.0,0.013888888888888888,0.039047619047619046,0.013483322883083015,0.0037805636203401692,0.004723413561828541,0.012500000000000011,0.0004659304655324007,0.039674190196854746,0.042840855436847625,,
step_recovery_10_13s,10.0,13.0,300,0.02385868252827175,0.02056615668264014,0.012094210651793516,0.8619988408106746,0.5069102469284411,0.2569579984410532,0.023678347526736292,0.027567582317969932,1.0,0.0022222222222222222,0.0033333333333333335,0.017559359791723312,0.009451661675795435,predictive_alpha_sspo,step_change,3,20005,0.0,1.0,1.0,0.03,0.01,0.05558354477807877,1.0,1.0,1.0,0.045596288378808955,0.21116697491778616,0.055711973095921415,0.9575220559549881,0.04175248296425478,0.042840855436847625,26.764992270184926,1.2745234414373774,0.013483322883083015,33.6404419299729,61.47544571266909,0.011191080884164683,0.03670905142212058,0.055711973095921415,real10kg_smc_steady,real10kg_mpc_event,-1.0,-1.0,predictive_alpha_sspo,"{""post_step_13_20p9s"": 0.3, ""pre_step_3_10s"": 0.1, ""startup_0_3s"": 0.3, ""step_recovery_10_13s"": 0.1}",0.2,1.0,0.3826942457934165,0.2051864883259669,0.13075563145892893,0.0,transformer,16,True,2.5,1.0,0.75,real_10kg_v1,thruster,real_10kg_x,1.0,0.013888888888888888,0.039047619047619046,0.013483322883083015,0.0037805636203401692,0.004723413561828541,0.012500000000000011,0.0004659304655324007,0.039674190196854746,0.042840855436847625,,
post_step_13_20p9s,13.0,20.9,790,0.037676944253765075,0.03647517678864365,0.009440000346319487,0.9681033722632287,0.2505511137723475,0.06277586061256382,0.03641182960703602,0.05703190760753945,0.9369148475864235,0.0,0.0,0.008016715215270701,0.00020512247906648287,predictive_alpha_sspo,step_change,3,20005,0.0,1.0,1.0,0.03,0.01,0.05558354477807877,1.0,1.0,1.0,0.045596288378808955,0.21116697491778616,0.055711973095921415,0.9575220559549881,0.04175248296425478,0.042840855436847625,26.764992270184926,1.2745234414373774,0.013483322883083015,33.6404419299729,61.47544571266909,0.011191080884164683,0.03670905142212058,0.055711973095921415,real10kg_smc_steady,real10kg_mpc_event,-1.0,-1.0,predictive_alpha_sspo,"{""post_step_13_20p9s"": 0.3, ""pre_step_3_10s"": 0.1, ""startup_0_3s"": 0.3, ""step_recovery_10_13s"": 0.1}",0.2,1.0,0.3826942457934165,0.2051864883259669,0.13075563145892893,0.0,transformer,16,True,2.5,1.0,0.75,real_10kg_v1,thruster,real_10kg_x,1.0,0.013888888888888888,0.039047619047619046,0.013483322883083015,0.0037805636203401692,0.004723413561828541,0.012500000000000011,0.0004659304655324007,0.039674190196854746,0.042840855436847625,,
startup_0_3s,0.0,3.0,300,0.10564377073736607,0.10419417017144483,0.01744079120605365,0.9862784094527921,0.16509057831163598,0.02725489904727041,0.08701105353983503,0.20349485625250457,0.9343974561788507,0.0,0.0,0.020838052896189965,0.0026978105755864146,predictive_alpha_sspo,step_change,3,20006,0.0,1.0,1.0,0.03,0.01,0.05557274097124514,1.0,1.0,1.0,0.04488453141551769,0.20349485625250457,0.05421728377888335,0.9425751597258715,0.04175071761027735,0.04283928986694104,26.734602283961824,1.2730762992362772,0.013095794136077319,33.66106951223016,61.47327044464892,0.010372186196922765,0.03346521427416657,0.05421728377888335,real10kg_smc_steady,real10kg_mpc_event,-1.0,-1.0,predictive_alpha_sspo,"{""post_step_13_20p9s"": 0.3, ""pre_step_3_10s"": 0.1, ""startup_0_3s"": 0.3, ""step_recovery_10_13s"": 0.1}",0.2,1.0,0.38240944884462186,0.20500351368195027,0.13044934361760083,0.0,transformer,16,True,2.5,1.0,0.75,real_10kg_v1,thruster,real_10kg_x,1.0,0.013968253968253968,0.039047619047619046,0.013095794136077319,0.0037407640267841605,0.004726321785608354,0.012500000000000011,0.0004472418657307971,0.03961479253786942,0.04283928986694104,,
pre_step_3_10s,3.0,10.0,700,0.04632598474501853,0.04602494932657331,0.005272656074697814,0.9935018020641734,0.11381638412478187,0.012954169295239898,0.045346310801302324,0.059708937182479035,1.0,0.040952380952380955,0.11571428571428571,0.013739493682111584,0.0023150036695362393,predictive_alpha_sspo,step_change,3,20006,0.0,1.0,1.0,0.03,0.01,0.05557274097124514,1.0,1.0,1.0,0.04488453141551769,0.20349485625250457,0.05421728377888335,0.9425751597258715,0.04175071761027735,0.04283928986694104,26.734602283961824,1.2730762992362772,0.013095794136077319,33.66106951223016,61.47327044464892,0.010372186196922765,0.03346521427416657,0.05421728377888335,real10kg_smc_steady,real10kg_mpc_event,-1.0,-1.0,predictive_alpha_sspo,"{""post_step_13_20p9s"": 0.3, ""pre_step_3_10s"": 0.1, ""startup_0_3s"": 0.3, ""step_recovery_10_13s"": 0.1}",0.2,1.0,0.38240944884462186,0.20500351368195027,0.13044934361760083,0.0,transformer,16,True,2.5,1.0,0.75,real_10kg_v1,thruster,real_10kg_x,1.0,0.013968253968253968,0.039047619047619046,0.013095794136077319,0.0037407640267841605,0.004726321785608354,0.012500000000000011,0.0004472418657307971,0.03961479253786942,0.04283928986694104,,
step_recovery_10_13s,10.0,13.0,300,0.02381579205879518,0.020518563905704234,0.01209051225694358,0.8615528660583314,0.5076678628657472,0.257726658986675,0.023643023427230018,0.027480940536783207,1.0,0.0022222222222222222,0.0033333333333333335,0.017518582567603594,0.009499715076754458,predictive_alpha_sspo,step_change,3,20006,0.0,1.0,1.0,0.03,0.01,0.05557274097124514,1.0,1.0,1.0,0.04488453141551769,0.20349485625250457,0.05421728377888335,0.9425751597258715,0.04175071761027735,0.04283928986694104,26.734602283961824,1.2730762992362772,0.013095794136077319,33.66106951223016,61.47327044464892,0.010372186196922765,0.03346521427416657,0.05421728377888335,real10kg_smc_steady,real10kg_mpc_event,-1.0,-1.0,predictive_alpha_sspo,"{""post_step_13_20p9s"": 0.3, ""pre_step_3_10s"": 0.1, ""startup_0_3s"": 0.3, ""step_recovery_10_13s"": 0.1}",0.2,1.0,0.38240944884462186,0.20500351368195027,0.13044934361760083,0.0,transformer,16,True,2.5,1.0,0.75,real_10kg_v1,thruster,real_10kg_x,1.0,0.013968253968253968,0.039047619047619046,0.013095794136077319,0.0037407640267841605,0.004726321785608354,0.012500000000000011,0.0004472418657307971,0.03961479253786942,0.04283928986694104,,
post_step_13_20p9s,13.0,20.9,790,0.03767162260584549,0.03647107761265033,0.00943459842967812,0.9681313171520022,0.25044311280115017,0.06272175274952962,0.036404974171128986,0.05704037627041501,0.9369380796231692,0.0,0.0,0.008010958286816324,0.00020422818753909036,predictive_alpha_sspo,step_change,3,20006,0.0,1.0,1.0,0.03,0.01,0.05557274097124514,1.0,1.0,1.0,0.04488453141551769,0.20349485625250457,0.05421728377888335,0.9425751597258715,0.04175071761027735,0.04283928986694104,26.734602283961824,1.2730762992362772,0.013095794136077319,33.66106951223016,61.47327044464892,0.010372186196922765,0.03346521427416657,0.05421728377888335,real10kg_smc_steady,real10kg_mpc_event,-1.0,-1.0,predictive_alpha_sspo,"{""post_step_13_20p9s"": 0.3, ""pre_step_3_10s"": 0.1, ""startup_0_3s"": 0.3, ""step_recovery_10_13s"": 0.1}",0.2,1.0,0.38240944884462186,0.20500351368195027,0.13044934361760083,0.0,transformer,16,True,2.5,1.0,0.75,real_10kg_v1,thruster,real_10kg_x,1.0,0.013968253968253968,0.039047619047619046,0.013095794136077319,0.0037407640267841605,0.004726321785608354,0.012500000000000011,0.0004472418657307971,0.03961479253786942,0.04283928986694104,,
startup_0_3s,0.0,3.0,300,0.11638129399144508,0.11325687898810635,0.026785909598081643,0.9731536323735291,0.2301564854576253,0.05297200779820609,0.09722121491869312,0.21565694004108688,0.8966544022513009,0.0,0.0,0.024183930171546127,0.003176345737926714,predictive_alpha_sspo,step_change,3,20007,0.0,1.0,1.0,0.03,0.01,0.05558385767935552,1.0,1.0,1.0,0.04639336361765709,0.21565694004108688,0.05731184899440453,0.9742606359707989,0.04175277624770774,0.04284109104482051,26.725888723571675,1.2726613677891274,0.013624930944465074,33.60991369234771,61.47581541837808,0.012916890898657217,0.06168431376327027,0.05731184899440453,real10kg_smc_steady,real10kg_mpc_event,-1.0,-1.0,predictive_alpha_sspo,"{""post_step_13_20p9s"": 0.3, ""pre_step_3_10s"": 0.1, ""startup_0_3s"": 0.3, ""step_recovery_10_13s"": 0.1}",0.2,1.0,0.38218113751373095,0.20502525777567898,0.12959108908544295,0.0,transformer,16,True,2.5,1.0,0.75,real_10kg_v1,thruster,real_10kg_x,1.0,0.013888888888888888,0.039047619047619046,0.013624930944465074,0.003796512250300545,0.004690410474866666,0.012500000000000011,0.0004779451915838244,0.03968192421195244,0.04284109104482051,,
pre_step_3_10s,3.0,10.0,700,0.04645738809943776,0.04615314024536527,0.005308159239644724,0.9934510340223761,0.11425866706675585,0.013055042999871758,0.045471429585663886,0.06002766391137825,1.0,0.04071428571428572,0.11571428571428571,0.013852699773628331,0.0023132196353860663,predictive_alpha_sspo,step_change,3,20007,0.0,1.0,1.0,0.03,0.01,0.05558385767935552,1.0,1.0,1.0,0.04639336361765709,0.21565694004108688,0.05731184899440453,0.9742606359707989,0.04175277624770774,0.04284109104482051,26.725888723571675,1.2726613677891274,0.013624930944465074,33.60991369234771,61.47581541837808,0.012916890898657217,0.06168431376327027,0.05731184899440453,real10kg_smc_steady,real10kg_mpc_event,-1.0,-1.0,predictive_alpha_sspo,"{""post_step_13_20p9s"": 0.3, ""pre_step_3_10s"": 0.1, ""startup_0_3s"": 0.3, ""step_recovery_10_13s"": 0.1}",0.2,1.0,0.38218113751373095,0.20502525777567898,0.12959108908544295,0.0,transformer,16,True,2.5,1.0,0.75,real_10kg_v1,thruster,real_10kg_x,1.0,0.013888888888888888,0.039047619047619046,0.013624930944465074,0.003796512250300545,0.004690410474866666,0.012500000000000011,0.0004779451915838244,0.03968192421195244,0.04284109104482051,,
step_recovery_10_13s,10.0,13.0,300,0.02386086878276006,0.020563478199260018,0.012103074957078117,0.8618076058537119,0.507235300913386,0.25728765049269325,0.023680191439128098,0.027562990464301607,1.0,0.0022222222222222222,0.0033333333333333335,0.017594043908079157,0.009445637200018338,predictive_alpha_sspo,step_change,3,20007,0.0,1.0,1.0,0.03,0.01,0.05558385767935552,1.0,1.0,1.0,0.04639336361765709,0.21565694004108688,0.05731184899440453,0.9742606359707989,0.04175277624770774,0.04284109104482051,26.725888723571675,1.2726613677891274,0.013624930944465074,33.60991369234771,61.47581541837808,0.012916890898657217,0.06168431376327027,0.05731184899440453,real10kg_smc_steady,real10kg_mpc_event,-1.0,-1.0,predictive_alpha_sspo,"{""post_step_13_20p9s"": 0.3, ""pre_step_3_10s"": 0.1, ""startup_0_3s"": 0.3, ""step_recovery_10_13s"": 0.1}",0.2,1.0,0.38218113751373095,0.20502525777567898,0.12959108908544295,0.0,transformer,16,True,2.5,1.0,0.75,real_10kg_v1,thruster,real_10kg_x,1.0,0.013888888888888888,0.039047619047619046,0.013624930944465074,0.003796512250300545,0.004690410474866666,0.012500000000000011,0.0004779451915838244,0.03968192421195244,0.04284109104482051,,
post_step_13_20p9s,13.0,20.9,790,0.03767825028980844,0.03647620276384421,0.00944124869031496,0.9680970449339212,0.25057556064031766,0.06278811159020951,0.036413444308244246,0.0570315171868926,0.9369156371261746,0.0,0.0,0.008022541020033294,0.00020564937667263435,predictive_alpha_sspo,step_change,3,20007,0.0,1.0,1.0,0.03,0.01,0.05558385767935552,1.0,1.0,1.0,0.04639336361765709,0.21565694004108688,0.05731184899440453,0.9742606359707989,0.04175277624770774,0.04284109104482051,26.725888723571675,1.2726613677891274,0.013624930944465074,33.60991369234771,61.47581541837808,0.012916890898657217,0.06168431376327027,0.05731184899440453,real10kg_smc_steady,real10kg_mpc_event,-1.0,-1.0,predictive_alpha_sspo,"{""post_step_13_20p9s"": 0.3, ""pre_step_3_10s"": 0.1, ""startup_0_3s"": 0.3, ""step_recovery_10_13s"": 0.1}",0.2,1.0,0.38218113751373095,0.20502525777567898,0.12959108908544295,0.0,transformer,16,True,2.5,1.0,0.75,real_10kg_v1,thruster,real_10kg_x,1.0,0.013888888888888888,0.039047619047619046,0.013624930944465074,0.003796512250300545,0.004690410474866666,0.012500000000000011,0.0004779451915838244,0.03968192421195244,0.04284109104482051,,
startup_0_3s,0.0,3.0,300,0.09269640302115834,0.09103769601037295,0.01745740639911713,0.9821060261593239,0.18832884373229028,0.03546775338154142,0.07652349190873954,0.17891542271682717,0.8799515881510587,0.0,0.0,0.01828661914442501,0.0024333301749851865,predictive_alpha_sspo,step_change,3,20008,0.0,1.0,1.0,0.03,0.01,0.055554919664586914,1.0,1.0,1.0,0.04329823808899152,0.17891542271682717,0.050646904073668175,0.9092629998688219,0.041748763003845994,0.042837638140111205,26.67906332582658,1.2704315869441227,0.012720349148443647,33.673097287657434,61.47063618452399,0.010373207945750593,0.031231978584363357,0.050646904073668175,real10kg_smc_steady,real10kg_mpc_event,-1.0,-1.0,predictive_alpha_sspo,"{""post_step_13_20p9s"": 0.3, ""pre_step_3_10s"": 0.1, ""startup_0_3s"": 0.3, ""step_recovery_10_13s"": 0.1}",0.2,1.0,0.3817845235577,0.204519023391596,0.12752773567499215,0.0,transformer,16,True,2.5,1.0,0.75,real_10kg_v1,thruster,real_10kg_x,1.0,0.013968253968253968,0.039047619047619046,0.012720349148443647,0.0037065260362569605,0.004707306405379551,0.012500000000000011,0.00045123545851522695,0.0395034578922538,0.042837638140111205,,
pre_step_3_10s,3.0,10.0,700,0.04609033971278879,0.04578769301073917,0.00527319481856894,0.9934336196275498,0.1144099794323229,0.013089643393704546,0.04509456150056769,0.059332700163415485,1.0,0.040952380952380955,0.11571428571428571,0.01370234495834867,0.002316368085406642,predictive_alpha_sspo,step_change,3,20008,0.0,1.0,1.0,0.03,0.01,0.055554919664586914,1.0,1.0,1.0,0.04329823808899152,0.17891542271682717,0.050646904073668175,0.9092629998688219,0.041748763003845994,0.042837638140111205,26.67906332582658,1.2704315869441227,0.012720349148443647,33.673097287657434,61.47063618452399,0.010373207945750593,0.031231978584363357,0.050646904073668175,real10kg_smc_steady,real10kg_mpc_event,-1.0,-1.0,predictive_alpha_sspo,"{""post_step_13_20p9s"": 0.3, ""pre_step_3_10s"": 0.1, ""startup_0_3s"": 0.3, ""step_recovery_10_13s"": 0.1}",0.2,1.0,0.3817845235577,0.204519023391596,0.12752773567499215,0.0,transformer,16,True,2.5,1.0,0.75,real_10kg_v1,thruster,real_10kg_x,1.0,0.013968253968253968,0.039047619047619046,0.012720349148443647,0.0037065260362569605,0.004707306405379551,0.012500000000000011,0.00045123545851522695,0.0395034578922538,0.042837638140111205,,
step_recovery_10_13s,10.0,13.0,300,0.023794869286534872,0.020492103754007753,0.01209419232930674,0.8611984166521099,0.5082689122461642,0.25833728715589893,0.023631903404273576,0.027364538624959626,1.0,0.0022222222222222222,0.0033333333333333335,0.017530388744349392,0.009511039628918815,predictive_alpha_sspo,step_change,3,20008,0.0,1.0,1.0,0.03,0.01,0.055554919664586914,1.0,1.0,1.0,0.04329823808899152,0.17891542271682717,0.050646904073668175,0.9092629998688219,0.041748763003845994,0.042837638140111205,26.67906332582658,1.2704315869441227,0.012720349148443647,33.673097287657434,61.47063618452399,0.010373207945750593,0.031231978584363357,0.050646904073668175,real10kg_smc_steady,real10kg_mpc_event,-1.0,-1.0,predictive_alpha_sspo,"{""post_step_13_20p9s"": 0.3, ""pre_step_3_10s"": 0.1, ""startup_0_3s"": 0.3, ""step_recovery_10_13s"": 0.1}",0.2,1.0,0.3817845235577,0.204519023391596,0.12752773567499215,0.0,transformer,16,True,2.5,1.0,0.75,real_10kg_v1,thruster,real_10kg_x,1.0,0.013968253968253968,0.039047619047619046,0.012720349148443647,0.0037065260362569605,0.004707306405379551,0.012500000000000011,0.00045123545851522695,0.0395034578922538,0.042837638140111205,,
post_step_13_20p9s,13.0,20.9,790,0.03766659081952826,0.03646837408403625,0.009424953879598777,0.9681888721696896,0.25022051835687786,0.06261030780678466,0.03639830203381305,0.05705677203809803,0.9369863840808816,0.0,0.0,0.008005850808533825,0.00020294780697716283,predictive_alpha_sspo,step_change,3,20008,0.0,1.0,1.0,0.03,0.01,0.055554919664586914,1.0,1.0,1.0,0.04329823808899152,0.17891542271682717,0.050646904073668175,0.9092629998688219,0.041748763003845994,0.042837638140111205,26.67906332582658,1.2704315869441227,0.012720349148443647,33.673097287657434,61.47063618452399,0.010373207945750593,0.031231978584363357,0.050646904073668175,real10kg_smc_steady,real10kg_mpc_event,-1.0,-1.0,predictive_alpha_sspo,"{""post_step_13_20p9s"": 0.3, ""pre_step_3_10s"": 0.1, ""startup_0_3s"": 0.3, ""step_recovery_10_13s"": 0.1}",0.2,1.0,0.3817845235577,0.204519023391596,0.12752773567499215,0.0,transformer,16,True,2.5,1.0,0.75,real_10kg_v1,thruster,real_10kg_x,1.0,0.013968253968253968,0.039047619047619046,0.012720349148443647,0.0037065260362569605,0.004707306405379551,0.012500000000000011,0.00045123545851522695,0.0395034578922538,0.042837638140111205,,
startup_0_3s,0.0,3.0,300,0.08974466085073574,0.08693436174368487,0.0222827489199991,0.968685612264723,0.24829052457014686,0.06164818459131871,0.07498891308377187,0.1692945904554458,0.8775389963214578,0.0,0.0,0.022886898375770685,0.0030451438223280474,predictive_alpha_sspo,step_change,3,20009,0.0,1.0,1.0,0.03,0.01,0.05557474197040277,1.0,1.0,1.0,0.043097989978317944,0.1692945904554458,0.04989752074182273,0.9050577895446769,0.041751156362858345,0.042839645072477124,26.706430909472264,1.271734805212965,0.013413632200618274,33.6525484403822,61.47385023674688,0.011624924164314519,0.045048408556656316,0.04989752074182273,real10kg_smc_steady,real10kg_mpc_event,-1.0,-1.0,predictive_alpha_sspo,"{""post_step_13_20p9s"": 0.3, ""pre_step_3_10s"": 0.1, ""startup_0_3s"": 0.3, ""step_recovery_10_13s"": 0.1}",0.2,1.0,0.3824259529974965,0.20508824173232076,0.12863914255263462,0.0,transformer,16,True,2.5,1.0,0.75,real_10kg_v1,thruster,real_10kg_x,1.0,0.013888888888888888,0.039047619047619046,0.013413632200618274,0.003790838493926571,0.004710644223876258,0.012500000000000011,0.0004761419256495405,0.03952685560065634,0.042839645072477124,,
pre_step_3_10s,3.0,10.0,700,0.046130500748246935,0.045826933916029836,0.005283486267593155,0.9934193900501148,0.11453346878732808,0.013117915472457855,0.04513621296121131,0.059399517661360916,1.0,0.04071428571428572,0.11571428571428571,0.013796118692962645,0.002322822057223674,predictive_alpha_sspo,step_change,3,20009,0.0,1.0,1.0,0.03,0.01,0.05557474197040277,1.0,1.0,1.0,0.043097989978317944,0.1692945904554458,0.04989752074182273,0.9050577895446769,0.041751156362858345,0.042839645072477124,26.706430909472264,1.271734805212965,0.013413632200618274,33.6525484403822,61.47385023674688,0.011624924164314519,0.045048408556656316,0.04989752074182273,real10kg_smc_steady,real10kg_mpc_event,-1.0,-1.0,predictive_alpha_sspo,"{""post_step_13_20p9s"": 0.3, ""pre_step_3_10s"": 0.1, ""startup_0_3s"": 0.3, ""step_recovery_10_13s"": 0.1}",0.2,1.0,0.3824259529974965,0.20508824173232076,0.12863914255263462,0.0,transformer,16,True,2.5,1.0,0.75,real_10kg_v1,thruster,real_10kg_x,1.0,0.013888888888888888,0.039047619047619046,0.013413632200618274,0.003790838493926571,0.004710644223876258,0.012500000000000011,0.0004761419256495405,0.03952685560065634,0.042839645072477124,,
step_recovery_10_13s,10.0,13.0,300,0.023818278428899355,0.020517252666402558,0.012097633253639715,0.8614078774689452,0.5079138397744706,0.2579764686344465,0.02364471814062966,0.027486286539250063,1.0,0.0022222222222222222,0.0033333333333333335,0.017550374107638593,0.009490439682645117,predictive_alpha_sspo,step_change,3,20009,0.0,1.0,1.0,0.03,0.01,0.05557474197040277,1.0,1.0,1.0,0.043097989978317944,0.1692945904554458,0.04989752074182273,0.9050577895446769,0.041751156362858345,0.042839645072477124,26.706430909472264,1.271734805212965,0.013413632200618274,33.6525484403822,61.47385023674688,0.011624924164314519,0.045048408556656316,0.04989752074182273,real10kg_smc_steady,real10kg_mpc_event,-1.0,-1.0,predictive_alpha_sspo,"{""post_step_13_20p9s"": 0.3, ""pre_step_3_10s"": 0.1, ""startup_0_3s"": 0.3, ""step_recovery_10_13s"": 0.1}",0.2,1.0,0.3824259529974965,0.20508824173232076,0.12863914255263462,0.0,transformer,16,True,2.5,1.0,0.75,real_10kg_v1,thruster,real_10kg_x,1.0,0.013888888888888888,0.039047619047619046,0.013413632200618274,0.003790838493926571,0.004710644223876258,0.012500000000000011,0.0004761419256495405,0.03952685560065634,0.042839645072477124,,
post_step_13_20p9s,13.0,20.9,790,0.03767310091434897,0.03647201894536457,0.009436862113631279,0.9681183141330707,0.2504933728467506,0.06274692984014123,0.03640681683906865,0.057038401877584806,0.9369342672239639,0.0,0.0,0.008017959969017616,0.00020490250647996297,predictive_alpha_sspo,step_change,3,20009,0.0,1.0,1.0,0.03,0.01,0.05557474197040277,1.0,1.0,1.0,0.043097989978317944,0.1692945904554458,0.04989752074182273,0.9050577895446769,0.041751156362858345,0.042839645072477124,26.706430909472264,1.271734805212965,0.013413632200618274,33.6525484403822,61.47385023674688,0.011624924164314519,0.045048408556656316,0.04989752074182273,real10kg_smc_steady,real10kg_mpc_event,-1.0,-1.0,predictive_alpha_sspo,"{""post_step_13_20p9s"": 0.3, ""pre_step_3_10s"": 0.1, ""startup_0_3s"": 0.3, ""step_recovery_10_13s"": 0.1}",0.2,1.0,0.3824259529974965,0.20508824173232076,0.12863914255263462,0.0,transformer,16,True,2.5,1.0,0.75,real_10kg_v1,thruster,real_10kg_x,1.0,0.013888888888888888,0.039047619047619046,0.013413632200618274,0.003790838493926571,0.004710644223876258,0.012500000000000011,0.0004761419256495405,0.03952685560065634,0.042839645072477124,,
